date,open,high,low,close,adj_close,volume
2015-01-02,15.0333,15.12,14.4,14.62,13.5682,136050
2015-01-05,14.5333,14.62,14.0733,14.1267,13.1104,218700
2015-01-06,14.14,14.16,13.66,13.9,12.9,188850
2015-01-07,14.0333,14.0933,13.7933,14.0267,13.0176,198900
2015-01-08,14.0933,14.38,13.9733,14.3733,13.3393,246450
2015-01-09,14.3333,14.3333,14.1267,14.2733,13.2465,165900
2015-01-12,14.2267,14.2933,13.9933,14.2467,13.2217,216150
2015-01-13,14.3,14.66,14.2467,14.5267,13.4816,214050
2015-01-14,14.3067,14.6467,14.3067,14.54,13.494,145500
2015-01-15,14.54,14.54,14.0,14.2,13.1784,136350
2015-01-16,14.1533,14.6333,14.1533,14.62,13.5682,191850
2015-01-20,14.62,14.66,14.2733,14.4133,13.3764,169650
2015-01-21,14.3333,14.54,14.2933,14.4,13.364,131250
2015-01-22,14.5333,15.0667,14.4,15.02,13.9394,176550
2015-01-23,15.0467,15.1133,14.82,14.98,13.9023,129450
2015-01-26,15.0133,15.2333,14.9,15.1933,14.1003,116400
2015-01-27,15.02,15.26,14.8267,15.22,14.125,125850
2015-01-28,15.3067,15.3067,14.7067,14.82,13.7538,167850
2015-01-29,14.86,15.0467,14.6733,15.0333,13.9518,170100
2015-01-30,14.8733,15.0333,14.52,14.54,13.494,206700
2015-02-02,14.6267,15.06,14.5533,15.04,13.958,142800
2015-02-03,15.0067,15.58,14.9867,15.52,14.4035,380400
2015-02-04,15.4533,15.9667,15.4533,15.7267,14.5953,271350
2015-02-05,15.84,15.8533,15.5267,15.7867,14.6509,176400
2015-02-06,15.5067,15.9267,15.1667,15.4733,14.3602,321300
2015-02-09,15.3933,15.5533,15.0333,15.1067,14.0199,197700
2015-02-10,15.28,15.3067,14.9467,15.2333,14.1374,125850
2015-02-11,15.18,15.2867,15.0067,15.2667,14.1684,129900
2015-02-12,15.4,15.66,15.3867,15.6,14.4777,131100
2015-02-13,15.6,15.6667,15.4867,15.58,14.4591,130800
2015-02-17,15.56,15.6667,15.4,15.4267,14.3168,139200
2015-02-18,15.3867,15.58,15.3733,15.5,14.3849,167700
2015-02-19,15.44,15.6667,15.44,15.6267,14.5025,113850
2015-02-20,15.58,15.8267,15.46,15.8267,14.6881,146700
2015-02-23,15.8067,15.9,15.6467,15.7333,14.6014,361800
2015-02-24,15.78,15.9333,15.7533,15.9133,14.7685,182850
2015-02-25,15.9467,15.9533,15.6067,15.74,14.6076,132450
2015-02-26,15.7667,15.8667,15.62,15.7133,14.5829,259500
2015-02-27,15.8333,15.9,14.9733,15.0067,13.9271,486750
2015-03-02,14.9267,15.4533,14.82,15.38,14.2735,356400
2015-03-03,15.3,15.4267,14.8667,15.0067,13.9271,601800
2015-03-04,14.8867,15.0867,14.7267,14.86,13.7909,178350
2015-03-05,14.8533,14.9333,14.6,14.82,13.7538,129150
2015-03-06,14.66,14.86,14.46,14.6133,13.562,117450
2015-03-09,14.6267,14.7,14.5133,14.6133,13.562,94650
2015-03-10,14.4533,14.6067,14.34,14.5267,13.4816,131850
2015-03-11,14.56,14.6267,14.4,14.5867,13.5373,158250
2015-03-12,14.7,15.0067,14.6333,14.9533,13.8776,170400
2015-03-13,14.9533,14.9533,14.52,14.7667,13.7043,157200
2015-03-16,14.8933,15.0067,14.8067,14.9667,13.8899,99450
2015-03-17,14.88,14.9933,14.76,14.84,13.7724,178050
2015-03-18,14.82,15.0067,14.66,15.0067,13.9271,117150
2015-03-19,14.9333,15.0,14.7533,14.9667,13.8899,123000
2015-03-20,15.0067,15.7533,14.9267,15.62,14.4963,943050
2015-03-23,15.5467,15.76,15.4867,15.68,14.552,129600
2015-03-24,15.6667,15.7333,15.5867,15.6733,14.5458,163050
2015-03-25,15.7133,15.9267,15.5867,15.6667,14.5396,375600
2015-03-26,15.5667,15.7,15.5133,15.68,14.552,112500
2015-03-27,15.6467,15.8933,15.4067,15.84,14.7004,159300
2015-03-30,15.9467,16.5,15.9333,16.4733,15.2882,269100
2015-03-31,16.3333,16.4133,16.0533,16.3533,15.1768,248550
2015-04-01,16.22,16.32,15.8267,15.8933,14.7499,287550
2015-04-02,15.9,16.0,15.8333,15.9,14.7561,164100
2015-04-06,15.7933,16.02,15.7933,15.8733,14.7314,136050
2015-04-07,15.8667,15.98,15.6733,15.6933,14.5643,151500
2015-04-08,15.7333,15.9133,15.68,15.7867,14.6509,218550
2015-04-09,15.88,16.0,15.38,15.6467,14.521,102300
2015-04-10,15.7533,15.9667,15.7533,15.9,14.7561,86250
2015-04-13,15.9,16.2,15.7933,15.8933,14.7499,150300
2015-04-14,15.8933,16.2467,15.7733,16.12,14.9603,109650
2015-04-15,16.2133,16.56,16.1067,16.3733,15.1954,154200
2015-04-16,16.3333,16.3667,16.16,16.18,15.016,172200
2015-04-17,16.0,16.0,15.62,15.7267,14.5953,136500
2015-04-20,15.8267,16.2933,15.8,16.1467,14.985,173400
2015-04-21,16.26,16.3467,16.0733,16.24,15.0717,129900
2015-04-22,16.24,16.38,15.9667,16.3467,15.1707,104100
2015-04-23,16.2933,16.78,16.2933,16.6,15.4058,241200
2015-04-24,16.6667,16.6667,16.4067,16.44,15.2573,160650
2015-04-27,16.5133,16.74,16.1,16.3867,15.2078,234750
2015-04-28,16.4467,16.6867,16.3267,16.6333,15.4367,148500
2015-04-29,16.5467,16.5467,16.2467,16.3533,15.1768,111600
2015-04-30,16.2333,16.4,15.8467,15.98,14.8304,309750
2015-05-01,16.0133,16.2067,15.7067,16.1,14.9417,148050
2015-05-04,16.12,16.2467,16.0333,16.1467,14.985,139350
2015-05-05,16.0333,16.1667,15.7867,15.8933,14.7499,143100
2015-05-06,15.9933,16.1133,15.7867,16.0933,14.9355,224250
2015-05-07,15.8467,15.8467,14.28,15.18,14.0879,1059000
2015-05-08,15.4067,15.4067,15.0667,15.1733,14.0817,196050
2015-05-11,15.1133,15.42,15.1,15.1733,14.0817,219300
2015-05-12,15.06,15.2067,14.88,15.2,14.1065,275100
2015-05-13,15.2,15.4733,15.0,15.4667,14.354,240900
2015-05-14,15.5533,15.66,15.34,15.6067,14.4839,208500
2015-05-15,15.5267,15.5733,15.2733,15.4267,14.3168,98850
2015-05-18,15.3467,15.7733,15.28,15.7733,14.6386,168300
2015-05-19,15.7133,15.8667,15.5933,15.7467,14.6138,147150
2015-05-20,15.7933,16.2333,15.5933,16.1933,15.0284,339600
2015-05-21,16.1933,16.2333,15.86,16.12,14.9603,364500
2015-05-22,16.0733,16.2333,15.92,16.2067,15.0407,212550
2015-05-26,16.0533,16.1933,15.98,16.16,14.9974,441750
2015-05-27,16.0933,16.3733,16.0267,16.2733,15.1026,357300
2015-05-28,16.2867,16.2867,16.0667,16.2067,15.0407,230700
2015-05-29,16.1933,16.2867,15.6667,15.78,14.6448,651000
2015-06-01,15.9467,16.0533,15.5533,15.8867,14.7437,170400
2015-06-02,15.8133,16.0667,15.6933,15.94,14.7932,166950
2015-06-03,15.9533,16.1533,15.8133,16.0733,14.917,248100
2015-06-04,15.9333,16.0467,15.7067,15.7867,14.6509,101250
2015-06-05,15.74,15.96,15.5667,15.8933,14.7499,102150
2015-06-08,15.8467,16.0533,15.7267,15.94,14.7932,219600
2015-06-09,15.9133,15.9867,15.6733,15.8,14.6633,121650
2015-06-10,15.78,16.1667,15.7,16.0333,14.9492,237150
2015-06-11,16.0867,16.1467,15.94,16.0,14.9182,90750
2015-06-12,15.88,16.12,15.86,16.0,14.9182,77100
2015-06-15,15.8933,15.8933,15.5667,15.7,14.6385,207900
2015-06-16,15.6867,15.88,15.64,15.7067,14.6447,164400
2015-06-17,15.8133,15.82,15.4533,15.56,14.5079,161400
2015-06-18,15.62,15.8067,15.5867,15.68,14.6198,173850
2015-06-19,15.7267,15.7267,15.56,15.5667,14.5141,343050
2015-06-22,15.7133,15.8133,15.54,15.58,14.5266,173100
2015-06-23,15.5533,15.5733,15.3133,15.4,14.3587,198150
2015-06-24,15.3667,15.5733,15.2867,15.36,14.3214,168450
2015-06-25,15.4533,15.5067,15.14,15.2867,14.2531,183300
2015-06-26,15.34,15.5067,15.0067,15.1933,14.166,793350
2015-06-29,15.1067,15.5533,14.9133,14.9267,13.9174,313950
2015-06-30,15.1133,15.3133,14.9667,15.0133,13.9982,428850
2015-07-01,15.1667,15.5267,15.1,15.2333,14.2033,199650
2015-07-02,15.2733,15.32,14.98,15.1667,14.1412,173250
2015-07-06,15.0133,15.2467,14.98,15.1867,14.1598,186150
2015-07-07,15.1733,15.1733,14.8667,15.08,14.0604,168300
2015-07-08,14.86,15.0933,14.6,14.74,13.7434,711000
2015-07-09,14.98,15.08,14.7933,14.8267,13.8242,170250
2015-07-10,14.9667,15.1067,14.8533,15.0867,14.0666,129000
2015-07-13,15.16,15.52,15.08,15.4533,14.4085,213900
2015-07-14,15.4533,15.5333,15.2733,15.2933,14.2593,93000
2015-07-15,15.26,15.4333,14.9533,15.0133,13.9982,125400
2015-07-16,15.12,15.26,14.9733,15.02,14.0044,210900
2015-07-17,15.08,15.32,14.9867,15.2733,14.2406,188700
2015-07-20,15.28,15.4,15.14,15.3467,14.309,129150
2015-07-21,15.3333,15.4933,15.0,15.0867,14.0666,193200
2015-07-22,15.04,15.3467,15.0067,15.34,14.3028,148950
2015-07-23,15.3333,15.3667,15.0533,15.0667,14.0479,169650
2015-07-24,15.0533,15.0933,14.6667,14.7667,13.7682,166650
2015-07-27,14.7,14.8,14.6133,14.7467,13.7496,232050
2015-07-28,14.84,15.0333,14.48,14.9133,13.905,205650
2015-07-29,14.8733,15.0,14.8533,14.8867,13.8801,213450
2015-07-30,14.8067,15.02,14.7467,14.9067,13.8988,187350
2015-07-31,14.9533,15.1067,14.6667,14.7933,13.7931,303150
2015-08-03,14.8267,14.8267,14.42,14.5867,13.6004,200100
2015-08-04,14.5533,14.8133,14.5267,14.5467,13.5631,176250
2015-08-05,14.6867,14.82,14.54,14.64,13.6501,212250
2015-08-06,14.3133,15.3267,14.3133,15.2067,14.1785,485550
2015-08-07,15.0733,15.4267,14.98,15.1333,14.1101,222900
2015-08-10,15.2333,15.4533,15.1,15.28,14.2469,257400
2015-08-11,15.1333,15.3467,15.0933,15.34,14.3028,189900
2015-08-12,15.14,15.3933,15.0733,15.28,14.2469,137100
2015-08-13,15.3067,15.46,15.12,15.2533,14.222,150000
2015-08-14,15.1933,15.4867,15.1933,15.4867,14.4395,108150
2015-08-17,15.4267,15.46,15.1467,15.3333,14.2966,233700
2015-08-18,15.3333,15.4133,15.22,15.36,14.3214,203400
2015-08-19,15.3333,15.34,15.1,15.12,14.0977,196050
2015-08-20,14.96,15.14,14.8267,14.8533,13.849,192900
2015-08-21,14.66,14.84,14.3333,14.4467,13.4699,301800
2015-08-24,13.66,14.2067,13.4267,13.6,12.6804,295500
2015-08-25,14.0667,14.0667,13.1267,13.2267,12.3324,258900
2015-08-26,13.54,13.5733,13.24,13.42,12.5126,424650
2015-08-27,13.5533,13.8333,13.2733,13.82,12.8856,218550
2015-08-28,13.7067,13.8533,13.58,13.6733,12.7488,194250
2015-08-31,13.62,13.88,13.6067,13.7867,12.8545,189450
2015-09-01,13.46,13.7333,13.1867,13.2067,12.3137,223050
2015-09-02,13.3733,13.5333,13.2,13.42,12.5126,223500
2015-09-03,13.4067,13.5267,13.28,13.3067,12.4069,174150
2015-09-04,13.1133,13.3267,13.0,13.1267,12.2391,222150
2015-09-08,13.3333,13.3467,13.1133,13.24,12.3448,233250
2015-09-09,13.3333,13.5533,13.1267,13.3333,12.4318,353550
2015-09-10,13.32,13.42,13.1333,13.2533,12.3572,108300
2015-09-11,13.18,13.4467,13.06,13.4267,12.5188,200550
2015-09-14,13.4267,13.46,13.1267,13.2867,12.3883,196650
2015-09-15,13.3267,13.66,13.2933,13.5467,12.6307,177300
2015-09-16,13.5933,13.7733,13.52,13.7267,12.7985,118800
2015-09-17,13.6867,13.8867,13.6,13.68,12.755,122550
2015-09-18,13.44,13.5867,13.2333,13.3,12.4007,517350
2015-09-21,13.4133,13.5467,13.2667,13.3933,12.4878,166500
2015-09-22,13.2533,13.2733,13.0267,13.1667,12.2764,158550
2015-09-23,13.1667,13.22,12.94,13.0867,12.2018,203850
2015-09-24,12.9533,13.06,12.8267,13.0333,12.1521,256500
2015-09-25,13.16,13.3,12.9533,13.0933,12.208,276750
2015-09-28,13.06,13.2133,12.9667,13.1667,12.2764,322350
2015-09-29,13.1933,13.1933,12.6667,12.7467,11.8848,337950
2015-09-30,12.8867,12.9933,12.7733,12.92,12.0464,152700
2015-10-01,12.9133,12.9667,12.6667,12.7933,11.9283,201300
2015-10-02,12.6867,13.0667,12.5667,13.0467,12.1645,164700
2015-10-05,13.08,13.54,13.08,13.5267,12.6121,143550
2015-10-06,13.52,13.68,13.3267,13.3533,12.4505,159000
2015-10-07,13.4067,13.7667,13.4067,13.7533,12.8234,108000
2015-10-08,13.7,14.2533,13.7,14.2267,13.2647,196650
2015-10-09,14.24,14.2667,13.9267,13.9333,12.9912,169650
2015-10-12,13.9467,14.28,13.8133,14.0667,13.1156,117450
2015-10-13,13.9667,14.0933,13.76,13.7667,12.8358,76950
2015-10-14,13.7467,13.8267,13.5133,13.5467,12.6307,129750
2015-10-15,13.62,14.0467,13.5333,14.0467,13.0969,131550
2015-10-16,14.0933,14.3067,13.74,14.1467,13.1902,193650
2015-10-19,14.0333,14.1867,13.9533,14.16,13.2026,104100
2015-10-20,14.1267,14.4,14.0133,14.08,13.128,121650
2015-10-21,14.1533,14.1533,13.6333,13.64,12.7177,164400
2015-10-22,13.76,14.18,13.62,14.0733,13.1218,191700
2015-10-23,14.2467,14.3467,14.0467,14.3333,13.3642,89250
2015-10-26,14.3333,14.3733,14.1133,14.1267,13.1715,117150
2015-10-27,14.0667,14.0667,13.72,13.86,12.9229,145500
2015-10-28,13.92,14.3067,13.76,14.18,13.2212,265200
2015-10-29,14.1267,14.18,13.8267,13.9267,12.985,328650
2015-10-30,13.8933,14.0,13.6333,13.6467,12.724,280500
2015-11-02,13.6133,14.82,13.08,14.46,13.4823,465900
2015-11-03,14.3,15.32,14.16,15.1467,14.1225,400050
2015-11-04,15.16,16.3867,15.16,16.32,15.2165,454650
2015-11-05,16.28,16.28,15.8867,16.2667,15.1668,317550
2015-11-06,16.1867,16.3333,15.6,16.1533,15.0611,361050
2015-11-09,16.14,16.3733,15.9733,16.2333,15.1357,265350
2015-11-10,16.1467,16.3733,15.5733,16.2933,15.1917,263100
2015-11-11,16.2933,16.6867,16.16,16.4267,15.316,381900
2015-11-12,16.3533,16.3733,15.76,16.02,14.9368,339750
2015-11-13,15.9933,16.1667,15.6067,15.6533,14.5949,334500
2015-11-16,15.5933,15.8067,15.5933,15.6667,14.6074,344550
2015-11-17,15.7333,16.0333,15.5867,15.76,14.6944,239850
2015-11-18,15.8467,16.1333,15.7467,16.0733,14.9865,282600
2015-11-19,16.08,16.1867,15.8667,15.9733,14.8933,218100
2015-11-20,16.04,16.26,15.8667,16.0867,14.999,250950
2015-11-23,16.02,16.48,16.02,16.3067,15.2041,223500
2015-11-24,16.1867,16.5733,16.1867,16.5133,15.3968,205950
2015-11-25,16.4933,16.8,16.4,16.6533,15.5273,219300
2015-11-27,16.6267,16.8933,16.5067,16.7667,15.633,153150
2015-11-30,16.7467,16.7533,16.4267,16.4733,15.427,214350
2015-12-01,16.5533,16.6,16.1533,16.2067,15.1772,279900
2015-12-02,16.18,16.3467,16.0333,16.0667,15.0461,183300
2015-12-03,16.14,16.1733,15.74,15.8267,14.8214,277050
2015-12-04,15.8333,16.4067,15.8,16.3533,15.3146,247050
2015-12-07,16.3067,16.3067,15.8933,16.04,15.0212,194250
2015-12-08,15.9067,16.3867,15.7467,16.2267,15.196,411900
2015-12-09,16.18,16.4867,15.5933,15.6133,14.6216,310350
2015-12-10,15.6267,15.6867,15.3467,15.5533,14.5654,545250
2015-12-11,15.24,15.6667,15.0867,15.16,14.1971,520350
2015-12-14,15.0933,15.6933,15.0933,15.6733,14.6778,474300
2015-12-15,15.7733,15.84,15.2333,15.5867,14.5966,254400
2015-12-16,15.6667,15.86,15.44,15.5933,14.6029,197400
2015-12-17,15.7267,15.74,15.3133,15.3867,14.4093,219150
2015-12-18,15.2933,15.36,15.0933,15.1733,14.2095,583950
2015-12-21,15.2533,15.4467,15.1267,15.2333,14.2657,155850
2015-12-22,15.2667,15.4267,15.04,15.4,14.4218,180300
2015-12-23,15.4867,15.6467,15.3933,15.4733,14.4905,170250
2015-12-24,15.5933,15.8667,15.3333,15.7867,14.7839,153000
2015-12-28,15.76,15.8467,15.5867,15.68,14.684,208050
2015-12-29,15.7467,15.8067,15.5267,15.68,14.684,331350
2015-12-30,15.6667,15.8933,15.6667,15.78,14.7777,197250
2015-12-31,15.7133,15.8933,15.46,15.48,14.4967,316650
2016-01-04,15.2133,15.3067,14.74,14.7667,13.8287,264750
2016-01-05,14.8667,14.8867,14.5933,14.7333,13.7975,185550
2016-01-06,14.5733,14.6733,14.4,14.46,13.5415,143550
2016-01-07,14.1733,14.3133,14.06,14.14,13.2418,237450
2016-01-08,14.1667,14.2467,13.6667,13.68,12.8111,287100
2016-01-11,13.7333,13.84,13.4533,13.7733,12.8985,211050
2016-01-12,13.8067,13.9733,13.3933,13.6933,12.8236,252000
2016-01-13,13.7067,13.76,13.24,13.32,12.4739,320850
2016-01-14,13.34,13.5,13.1667,13.32,12.4739,189900
2016-01-15,12.9267,13.2733,12.7667,13.22,12.3803,331800
2016-01-19,13.36,13.3667,12.8533,12.9933,12.168,210600
2016-01-20,12.8533,13.4867,12.7067,13.2867,12.4427,227100
2016-01-21,13.2867,13.58,13.2,13.3,12.4552,208500
2016-01-22,13.6733,13.98,13.3333,13.8533,12.9734,244650
2016-01-25,13.6867,13.9467,13.52,13.5467,12.6862,297450
2016-01-26,13.6333,13.9933,13.6333,13.9467,13.0608,175650
2016-01-27,13.8533,13.9333,13.54,13.6267,12.7611,220650
2016-01-28,13.78,13.8067,13.52,13.6267,12.7611,121650
2016-01-29,13.68,14.38,13.68,14.3533,13.4416,403650
2016-02-01,14.2667,14.3267,13.9933,14.1267,13.2294,164250
2016-02-02,13.9867,14.1933,13.8733,13.92,13.0358,124800
2016-02-03,14.0467,14.2067,13.7,14.0267,13.1357,139050
2016-02-04,13.9667,14.28,13.9133,13.96,13.0733,143250
2016-02-05,13.9,13.9933,13.44,13.4733,12.6175,202950
2016-02-08,13.36,13.7133,13.1667,13.6467,12.7799,177000
2016-02-09,13.4933,13.74,13.3,13.4,12.5489,186600
2016-02-10,13.52,14.0,13.52,13.5933,12.7299,164550
2016-02-11,13.3267,13.7267,13.3267,13.64,12.7736,102000
2016-02-12,13.8133,13.9267,13.5667,13.76,12.886,122100
2016-02-16,13.9133,14.0667,13.7467,13.96,13.0733,147300
2016-02-17,14.0667,14.2733,13.7933,13.9733,13.0858,270300
2016-02-18,13.9467,14.0,13.3333,13.9,13.0171,197550
2016-02-19,13.8667,14.0267,13.7,13.98,13.092,224550
2016-02-22,14.0933,14.3267,13.9733,14.26,13.3542,181800
2016-02-23,14.28,14.52,14.2333,14.2333,13.3293,147150
2016-02-24,14.0533,15.2067,14.0533,14.9467,13.9973,369450
2016-02-25,15.2133,16.5067,15.2,16.28,15.2459,514950
2016-02-26,16.22,16.6667,16.2,16.6333,15.5768,404550
2016-02-29,16.6467,17.2333,16.5067,16.5333,15.4832,563700
2016-03-01,16.7733,17.42,16.7733,17.0067,15.9264,306150
2016-03-02,16.8867,17.0133,16.6867,16.84,15.7703,249300
2016-03-03,16.84,17.2,16.84,16.92,15.8453,291300
2016-03-04,16.84,17.0667,16.48,16.8667,15.7953,247650
2016-03-07,16.8133,17.26,16.8,17.2267,16.1325,325950
2016-03-08,17.1667,17.1667,16.56,16.9267,15.8515,335100
2016-03-09,16.9867,17.0867,16.8333,16.9,15.8265,247350
2016-03-10,17.0133,17.0133,16.6733,16.7933,15.7266,181350
2016-03-11,16.92,16.9867,16.72,16.8467,15.7766,400650
2016-03-14,16.9,17.6533,16.78,17.4067,16.301,418500
2016-03-15,17.26,17.3533,16.9533,16.98,15.9015,172050
2016-03-16,16.9,17.4867,16.9,17.36,16.2573,141000
2016-03-17,17.3133,17.9333,17.3133,17.7533,16.6257,231150
2016-03-18,17.88,18.3267,17.78,18.1067,16.9566,571650
2016-03-21,18.0,18.34,17.74,18.0733,16.9253,331800
2016-03-22,18.02,18.5933,17.9467,18.2467,17.0877,248400
2016-03-23,18.2533,18.2533,17.7067,17.7933,16.6631,331500
2016-03-24,17.7333,18.0133,17.7333,17.9533,16.813,129900
2016-03-28,17.9333,18.0333,17.7533,17.8467,16.7131,182850
2016-03-29,17.8,18.68,17.8,18.68,17.4935,285450
2016-03-30,18.7667,18.8533,18.3533,18.5333,17.3561,201750
2016-03-31,18.5467,18.7733,18.46,18.6667,17.481,310800
2016-04-01,18.5533,18.8533,18.44,18.8,17.6058,198150
2016-04-04,18.8333,18.8467,18.0933,18.1267,16.9753,388500
2016-04-05,18.0,18.4533,17.8867,17.9467,16.8067,330900
2016-04-06,17.8867,17.9933,17.7333,17.94,16.8005,449850
2016-04-07,17.7333,18.1267,17.5067,17.5667,16.4509,655800
2016-04-08,17.6467,18.1733,17.5867,17.84,16.7068,490500
2016-04-11,17.96,18.2067,17.6867,17.7,16.5757,280650
2016-04-12,17.7,18.04,17.7,17.7533,16.6257,276150
2016-04-13,17.7733,18.2667,17.7733,18.24,17.0814,393600
2016-04-14,18.2133,18.5467,17.8067,18.3933,17.225,294450
2016-04-15,18.3,18.4,18.0933,18.18,17.0252,157650
2016-04-18,18.16,18.2533,18.0867,18.1667,17.0127,178350
2016-04-19,18.2733,18.3533,17.9267,17.9267,16.788,242400
2016-04-20,17.98,18.2,17.8333,18.0933,16.9441,182850
2016-04-21,18.0933,18.28,17.9533,18.0,16.8567,304200
2016-04-22,18.0267,18.5,18.0267,18.36,17.1938,237450
2016-04-25,18.26,18.26,17.6,17.7133,16.5882,219450
2016-04-26,17.8,18.0467,17.7533,18.0333,16.8879,411900
2016-04-27,17.9867,18.2933,17.8933,18.14,16.9878,334650
2016-04-28,18.0067,18.1933,17.62,17.6667,16.5445,172500
2016-04-29,17.72,17.9533,17.4667,17.68,16.557,450750
2016-05-02,17.76,17.9733,17.58,17.88,16.7443,242250
2016-05-03,17.7533,17.86,17.4133,17.4667,16.3572,161850
2016-05-04,17.42,17.6467,16.98,17.1,16.0138,430350
2016-05-05,17.2867,18.76,17.28,18.6533,17.4685,351450
2016-05-06,18.5533,18.7733,18.42,18.6667,17.481,413700
2016-05-09,18.6667,18.7867,18.4,18.5267,17.3499,407550
2016-05-10,18.5,19.0733,18.4133,18.8333,17.6371,238650
2016-05-11,18.8267,18.86,18.3933,18.3933,17.225,181800
2016-05-12,18.4467,18.5933,18.18,18.2267,17.0689,191700
2016-05-13,18.16,18.9667,18.16,18.5667,17.3873,234750
2016-05-16,18.4667,19.0467,18.4267,18.8467,17.6496,305250
2016-05-17,18.8467,18.8467,18.0,18.16,17.0065,321000
2016-05-18,18.04,18.3667,17.9067,18.2,17.044,276300
2016-05-19,18.0133,18.2533,17.72,17.96,16.8192,165900
2016-05-20,18.0867,18.3733,17.9733,18.2467,17.0877,184200
2016-05-23,18.24,18.3867,18.0,18.18,17.0252,143850
2016-05-24,18.3333,18.8133,18.3333,18.76,17.5684,181950
2016-05-25,18.8267,18.96,18.6867,18.78,17.5871,172800
2016-05-26,18.7,18.92,18.5,18.5333,17.3561,225300
2016-05-27,18.5867,18.74,18.4733,18.6267,17.4435,295650
2016-05-31,18.6267,18.6267,18.0867,18.2933,17.1314,438150
2016-06-01,18.2733,18.78,18.1533,18.6933,17.506,197550
2016-06-02,18.5667,18.6067,18.24,18.6,17.4186,151200
2016-06-03,18.5933,18.5933,18.2667,18.4467,17.275,118800
2016-06-06,18.4133,18.5667,18.26,18.34,17.1751,258300
2016-06-07,18.32,18.5067,18.2333,18.32,17.1563,142950
2016-06-08,18.2933,18.54,18.2067,18.5,17.3945,162450
2016-06-09,18.3733,18.5067,18.1933,18.4533,17.3507,93900
2016-06-10,18.2467,18.34,18.06,18.0933,17.0122,95250
2016-06-13,18.0267,18.0733,17.72,17.7733,16.7113,129300
2016-06-14,17.7733,17.7733,17.2867,17.52,16.4731,225300
2016-06-15,17.66,17.7133,17.3333,17.3467,16.3101,180000
2016-06-16,17.1867,17.3733,17.0467,17.3133,16.2788,183000
2016-06-17,17.3733,17.4333,17.1533,17.2333,16.2036,382650
2016-06-20,17.4733,17.7,17.4267,17.48,16.4355,187200
2016-06-21,17.5067,17.6733,17.2733,17.3533,16.3164,139950
2016-06-22,17.4267,17.6,17.3133,17.44,16.3979,168300
2016-06-23,17.6333,17.92,17.6333,17.9067,16.8367,155400
2016-06-24,17.06,17.9,17.06,17.5133,16.4668,407700
2016-06-27,17.36,17.6933,17.2,17.46,16.4167,566400
2016-06-28,17.64,17.7733,17.26,17.2867,16.2537,266100
2016-06-29,17.4733,17.7667,17.4533,17.7,16.6423,164700
2016-06-30,17.7,18.3467,17.6467,18.34,17.2441,263700
2016-07-01,18.4,18.56,18.1067,18.16,17.0749,168750
2016-07-05,18.1067,18.1067,17.8267,17.9933,16.9181,155100
2016-07-06,17.9733,18.06,17.6667,18.04,16.962,138750
2016-07-07,18.02,18.1333,17.8267,17.8933,16.8241,177300
2016-07-08,18.0,18.32,17.92,18.28,17.1877,363000
2016-07-11,18.2867,18.7733,18.18,18.5867,17.476,191100
2016-07-12,18.6733,18.9333,18.0067,18.7867,17.6641,162150
2016-07-13,18.9133,19.1333,18.7733,18.9467,17.8145,243300
2016-07-14,19.1333,19.1333,18.6067,18.66,17.545,114300
2016-07-15,18.8067,18.96,18.64,18.74,17.6202,165300
2016-07-18,18.68,18.7667,18.4867,18.56,17.4509,150900
2016-07-19,18.62,18.64,18.3533,18.3667,17.2692,184650
2016-07-20,18.36,18.36,18.1133,18.14,17.056,285000
2016-07-21,18.0733,18.1133,17.5667,17.68,16.6235,208200
2016-07-22,17.66,17.9067,17.5067,17.6933,16.6361,129000
2016-07-25,17.6867,17.7667,17.6467,17.7,16.6423,89100
2016-07-26,17.6933,17.8667,17.6067,17.7267,16.6674,118650
2016-07-27,17.82,17.8267,17.6467,17.7,16.6423,352200
2016-07-28,17.6467,17.86,17.6267,17.7333,16.6737,148500
2016-07-29,17.7267,17.8067,17.5867,17.6533,16.5985,181500
2016-08-01,17.58,17.7733,17.4133,17.6467,16.5922,191100
2016-08-02,17.66,17.86,17.42,17.5467,16.4982,172050
2016-08-03,17.5,17.5667,17.3933,17.5333,16.4856,143400
2016-08-04,17.6333,17.6467,16.8867,17.1667,16.1409,295500
2016-08-05,17.1667,17.86,17.1667,17.7533,16.6925,277650
2016-08-08,17.8,18.1933,17.7267,18.1667,17.0811,225300
2016-08-09,18.1933,18.2867,18.02,18.1533,17.0686,178200
2016-08-10,18.18,18.2533,18.0733,18.2333,17.1438,151200
2016-08-11,18.3067,18.5267,18.1333,18.38,17.2817,144150
2016-08-12,18.2867,18.2867,18.04,18.1467,17.0623,76800
2016-08-15,18.0267,18.36,18.0267,18.2133,17.125,123900
2016-08-16,18.1933,18.2933,18.0133,18.0267,16.9495,124800
2016-08-17,18.0733,18.3267,17.8933,18.1533,17.0686,145200
2016-08-18,18.2067,18.4267,18.14,18.3733,17.2754,119700
2016-08-19,18.3667,18.5133,18.04,18.44,17.3381,183900
2016-08-22,18.3467,18.4867,18.18,18.46,17.3569,104700
2016-08-23,18.4667,18.6667,18.0733,18.58,17.4698,90000
2016-08-24,18.5667,18.7333,18.48,18.6533,17.5387,128850
2016-08-25,18.52,18.7067,18.4467,18.6133,17.5011,110850
2016-08-26,18.6333,18.72,18.3333,18.4533,17.3507,69150
2016-08-29,18.4867,18.7,18.4533,18.6467,17.5324,71100
2016-08-30,18.6733,18.78,18.56,18.78,17.6578,87300
2016-08-31,18.7533,19.04,18.4733,18.8667,17.7393,325650
2016-09-01,18.8067,19.1067,18.6667,19.08,17.9399,167250
2016-09-02,19.1,19.3333,19.1,19.3267,18.1718,221700
2016-09-06,19.3733,19.4333,19.04,19.36,18.2031,149400
2016-09-07,19.3267,19.4867,19.14,19.2067,18.059,134850
2016-09-08,19.2,19.2,18.6,18.6867,17.57,142500
2016-09-09,18.5,18.5,17.9067,17.9133,16.8429,241500
2016-09-12,17.8933,18.3933,17.6733,18.3933,17.2942,317700
2016-09-13,18.2,18.3,18.08,18.16,17.0749,198000
2016-09-14,18.2267,18.24,18.0733,18.2,17.1125,139050
2016-09-15,18.2333,18.5067,18.1733,18.3733,17.2754,98700
2016-09-16,18.4667,18.7733,18.1667,18.7733,17.6515,381000
2016-09-19,18.92,19.1,18.7667,18.9,17.7706,150750
2016-09-20,18.9333,19.1467,18.8733,18.94,17.8082,256800
2016-09-21,18.9733,19.2067,18.8333,19.0333,17.896,157050
2016-09-22,19.0733,19.3067,19.0733,19.1933,18.0464,196950
2016-09-23,19.1467,19.2333,18.9067,18.94,17.8082,163950
2016-09-26,18.8,18.9467,18.58,18.6867,17.57,147300
2016-09-27,18.7133,18.9333,18.64,18.88,17.7518,116550
2016-09-28,18.92,18.9933,18.76,18.9067,17.7769,138600
2016-09-29,18.8933,19.0133,18.8,18.8133,17.6891,99150
2016-09-30,18.94,19.3467,18.86,19.2133,18.0652,258750
2016-10-03,19.1467,19.48,18.9067,19.4467,18.2846,196650
2016-10-04,19.4067,19.9867,19.4067,19.9333,18.7422,316350
2016-10-05,20.0333,20.5333,19.9067,20.32,19.1058,238200
2016-10-06,20.34,20.5,20.14,20.4867,19.2625,200550
2016-10-07,20.4267,20.4267,19.6867,19.7267,18.5479,410550
2016-10-10,19.7333,20.0667,19.7333,19.9667,18.7736,78300
2016-10-11,19.9667,20.06,19.5667,19.6667,18.4915,177750
2016-10-12,19.6333,20.2333,19.6,19.7333,18.5542,99450
2016-10-13,19.6667,19.6667,19.3667,19.5333,18.3661,115200
2016-10-14,19.6667,19.8,19.5,19.5667,18.3975,103050
2016-10-17,19.5,19.5667,19.2667,19.5333,18.3661,107250
2016-10-18,19.7333,19.9,19.4,19.4667,18.3034,172650
2016-10-19,19.5333,19.5333,19.1067,19.2333,18.084,178200
2016-10-20,19.0333,19.4333,19.0,19.2667,18.1154,120750
2016-10-21,19.0667,19.7333,19.0667,19.7,18.5228,168600
2016-10-24,19.8333,20.0667,19.5,19.8667,18.6795,183150
2016-10-25,19.8667,19.8667,19.4333,19.7,18.5228,202050
2016-10-26,19.5333,19.7,19.2667,19.4333,18.2721,222600
2016-10-27,19.5,19.7,19.3667,19.6667,18.4915,169500
2016-10-28,19.6,19.7333,19.5,19.6333,18.4601,144150
2016-10-31,19.7333,20.0,19.4333,19.9667,18.7736,231600
2016-11-01,20.0667,20.1267,19.0333,19.3667,18.2094,222450
2016-11-02,19.3667,19.52,19.0333,19.0333,17.896,171900
2016-11-03,19.1667,19.1667,18.3,18.3667,17.2692,281250
2016-11-04,18.3333,19.2067,18.3333,18.3667,17.2692,233250
2016-11-07,18.7333,19.0,18.6,18.9,17.7706,151800
2016-11-08,18.8333,19.1333,18.72,18.9,17.7706,121050
2016-11-09,18.9,20.0667,18.7667,19.8667,18.6795,232200
2016-11-10,19.9667,20.4,19.5333,20.2533,19.0431,403650
2016-11-11,20.2667,21.4667,20.2667,21.4667,20.1839,439500
2016-11-14,21.5,22.0667,21.4667,22.0333,20.7167,309450
2016-11-15,22.3333,22.3333,21.4667,21.5333,20.2466,244650
2016-11-16,21.5,21.6,21.3,21.6,20.3093,202500
2016-11-17,21.7333,22.0,21.7333,21.9,20.5914,180750
2016-11-18,22.0,22.0333,21.8,21.8667,20.56,231000
2016-11-21,21.9333,22.1,21.7333,21.9333,20.6227,235350
2016-11-22,21.9667,22.0667,21.7533,22.0333,20.7167,254850
2016-11-23,21.9333,22.3667,21.9,22.2667,20.9361,175800
2016-11-25,22.3,22.6,22.1,22.6,21.2495,76050
2016-11-28,22.4667,22.52,22.1533,22.3333,20.9988,175950
2016-11-29,22.3333,22.3333,21.3333,22.1333,20.8108,222900
2016-11-30,22.2333,22.3333,21.7,21.9333,20.7038,183450
2016-12-01,22.0333,22.3333,21.5667,21.8,20.5779,202200
2016-12-02,21.7333,21.8,21.4333,21.6667,20.4521,141900
2016-12-05,21.8333,22.2667,21.5667,21.9,20.6723,230400
2016-12-06,21.8667,21.9667,21.6,21.8333,20.6094,254100
2016-12-07,21.7333,21.8667,21.6267,21.8,20.5779,272550
2016-12-08,21.7667,22.0,21.7,21.9667,20.7352,361500
2016-12-09,21.9667,22.2667,21.8333,22.0333,20.7982,398100
2016-12-12,22.0667,22.2667,21.8667,22.0333,20.7982,353250
2016-12-13,22.0333,22.3333,21.7333,21.8,20.5779,252750
2016-12-14,21.7333,22.1667,21.7,21.7333,20.515,205050
2016-12-15,21.8,22.0,21.5,21.8333,20.6094,266700
2016-12-16,21.9,22.2,21.7,21.8,20.5779,591600
2016-12-19,21.7667,22.1333,21.5,21.8333,20.6094,238950
2016-12-20,22.0667,22.3333,21.9667,22.3333,21.0814,299250
2016-12-21,22.2333,22.4333,22.0333,22.0667,20.8296,145200
2016-12-22,22.0667,22.42,21.8667,21.8667,20.6409,164850
2016-12-23,21.9667,22.1667,21.9,22.1667,20.924,102750
2016-12-27,22.2333,22.6,22.2,22.4667,21.2072,126300
2016-12-28,22.5333,22.5667,22.1333,22.2667,21.0184,126300
2016-12-29,22.3333,22.5,22.2,22.3667,21.1128,89850
2016-12-30,22.5,22.5,21.9333,22.0333,20.7982,149700
2017-01-03,22.3,22.4667,21.9667,22.2333,20.987,206550
2017-01-04,22.3,22.7733,22.1667,22.7333,21.4589,217500
2017-01-05,22.7,22.7333,21.8,22.0667,20.8296,219900
2017-01-06,22.1,22.2667,21.7667,21.8,20.5779,119100
2017-01-09,21.6667,22.1333,21.5,21.8667,20.6409,391950
2017-01-10,21.9667,22.3,21.7333,22.2667,21.0184,276600
2017-01-11,22.2,22.5,22.0333,22.5,21.2387,225300
2017-01-12,22.2333,22.3333,21.3667,21.7333,20.515,178050
2017-01-13,21.8333,22.2,21.8333,21.9333,20.7038,178200
2017-01-17,21.7333,21.7333,21.3067,21.6,20.3891,174300
2017-01-18,21.5333,21.6667,21.3333,21.4667,20.2633,154050
2017-01-19,21.5333,21.7333,21.3333,21.5,20.2947,169050
2017-01-20,21.5333,22.0333,21.4667,21.8,20.5779,173100
2017-01-23,21.6667,21.9333,21.6333,21.8667,20.6409,173850
2017-01-24,22.0,22.6667,22.0,22.6,21.3331,162300
2017-01-25,22.8333,23.3667,22.7667,23.1,21.805,182550
2017-01-26,23.0333,23.3,22.8333,23.2333,21.9309,175350
2017-01-27,23.2333,23.3667,23.1333,23.3333,22.0253,239250
2017-01-30,23.0667,23.1,22.5667,22.6,21.3331,208500
2017-01-31,22.4667,22.6867,22.22,22.6333,21.3645,216000
2017-02-01,22.7667,22.8,22.3333,22.6,21.3331,146400
2017-02-02,22.6,22.6,22.2667,22.3333,21.0814,151650
2017-02-03,22.3333,22.6667,22.3,22.6667,21.396,131550
2017-02-06,22.6,22.6533,22.3667,22.4,21.1443,165150
2017-02-07,22.4333,22.6667,22.3,22.6667,21.396,147600
2017-02-08,22.5,22.7333,22.4,22.6333,21.3645,126450
2017-02-09,22.7333,23.0,22.7,22.9,21.6163,168600
2017-02-10,23.0333,23.1667,22.6667,22.9,21.6163,203700
2017-02-13,23.0,23.3333,23.0,23.3333,22.0253,219000
2017-02-14,23.1667,23.1667,22.7667,22.9667,21.6792,134550
2017-02-15,22.8,23.2733,22.7667,23.0667,21.7736,194100
2017-02-16,23.1333,23.3333,22.8333,23.3,21.9938,157350
2017-02-17,23.3333,23.3333,22.8333,22.9,21.6163,250350
2017-02-21,22.9,23.3,22.8533,23.1,21.805,208200
2017-02-22,23.0,23.0333,22.4,22.9333,21.6477,250500
2017-02-23,21.6667,22.8533,20.0667,21.3,20.1059,790200
2017-02-24,23.2,23.2,22.0667,23.0,21.7107,441150
2017-02-27,22.9667,23.0,22.5333,22.7667,21.4904,278250
2017-02-28,22.6667,22.7,22.1667,22.4333,21.1757,328050
2017-03-01,22.7333,23.5667,22.7333,23.5333,22.2141,364950
2017-03-02,23.4667,23.7667,23.3333,23.7,22.3714,391800
2017-03-03,23.6667,23.9,23.3667,23.5333,22.2141,321300
2017-03-06,23.3333,23.4667,22.9,23.2,21.8994,407100
2017-03-07,23.0667,23.4,22.9667,23.2667,21.9624,321300
2017-03-08,23.3333,23.44,23.0333,23.2333,21.9309,266550
2017-03-09,23.2333,23.3867,23.1,23.3,21.9938,223950
2017-03-10,23.4333,23.6667,23.2,23.6,22.277,291750
2017-03-13,23.5333,23.78,23.52,23.5667,22.2456,209400
2017-03-14,23.4,23.6667,23.2667,23.5667,22.2456,189900
2017-03-15,23.7333,24.2,23.5667,24.1333,22.7804,298200
2017-03-16,24.1333,24.4,24.1,24.3667,23.0007,223950
2017-03-17,24.4,24.7,24.2,24.6667,23.2839,584100
2017-03-20,24.5667,24.7333,24.3,24.4667,23.0951,201750
2017-03-21,24.6333,24.6333,23.8667,23.9333,22.5917,321750
2017-03-22,23.8333,24.0,23.6333,23.7333,22.4029,234900
2017-03-23,23.7333,24.3,23.7,24.2333,22.8748,176850
2017-03-24,24.3333,24.5,23.9333,24.1667,22.8119,284400
2017-03-27,23.8,23.9333,23.3333,23.3667,22.0568,257550
2017-03-28,23.2667,23.46,23.1333,23.2,21.8994,285000
2017-03-29,23.1333,23.4667,22.9333,23.3,21.9938,184350
2017-03-30,23.3333,23.5333,23.2667,23.5,22.1826,194550
2017-03-31,23.4667,23.7667,23.3667,23.5667,22.2456,300150
2017-04-03,23.5333,23.6333,22.5667,22.9,21.6163,347100
2017-04-04,22.8667,23.3,22.8667,23.1667,21.868,226950
2017-04-05,23.2667,23.6,22.7333,22.8,21.5219,183300
2017-04-06,22.8333,23.1667,22.7,22.9333,21.6477,153300
2017-04-07,22.8667,23.0667,22.7667,22.8667,21.5848,237750
2017-04-10,22.8667,23.2,22.6667,22.9333,21.6477,121200
2017-04-11,22.8333,23.5333,22.7667,23.5,22.1826,141900
2017-04-12,23.4333,23.4667,22.8,22.8667,21.5848,157200
2017-04-13,22.7667,22.9667,22.6,22.6333,21.3645,147750
2017-04-17,22.7333,23.1333,22.6667,23.1,21.805,149100
2017-04-18,22.9333,23.2,22.9333,23.0667,21.7736,153300
2017-04-19,23.1667,23.3333,23.0667,23.2667,21.9624,171300
2017-04-20,23.3667,23.9867,23.3667,23.9,22.5602,165900
2017-04-21,23.8333,24.3333,23.6333,24.1333,22.7804,279450
2017-04-24,24.5667,24.6667,24.3667,24.5,23.1266,139950
2017-04-25,24.6667,25.1667,24.6333,24.6667,23.2839,178050
2017-04-26,24.7,25.1667,24.3333,24.8333,23.4412,329550
2017-04-27,24.9,25.0667,24.6867,24.8667,23.4727,208200
2017-04-28,24.8333,25.1,24.4,24.4333,23.0636,180000
2017-05-01,24.4667,24.9667,24.3333,24.9667,23.5671,202350
2017-05-02,24.9667,25.1333,24.7667,25.0,23.5985,182550
2017-05-03,24.8667,24.9333,24.6,24.8,23.4097,142200
2017-05-04,24.8333,25.1333,24.5333,24.8333,23.4412,177900
2017-05-05,25.0,25.0333,24.0667,24.1667,22.8119,281850
2017-05-08,24.1333,24.6333,24.0333,24.6,23.221,195750
2017-05-09,24.6333,24.8,24.3333,24.6667,23.2839,227100
2017-05-10,24.6,24.7333,24.3,24.3667,23.0007,135750
2017-05-11,24.3,24.6333,24.0667,24.5,23.1266,113700
2017-05-12,24.4,24.5333,24.2,24.2,22.8434,136500
2017-05-15,24.2,24.5667,24.2,24.4,23.0322,128850
2017-05-16,24.4,24.5333,24.1333,24.4333,23.0636,163500
2017-05-17,23.9667,24.3667,23.6333,23.6333,22.3085,298650
2017-05-18,23.6667,24.0,23.5333,23.6667,22.3399,195150
2017-05-19,23.7,24.6333,23.7,24.4333,23.0636,295950
2017-05-22,24.5667,24.6667,24.2333,24.5333,23.158,140550
2017-05-23,24.6333,24.6333,24.1667,24.4333,23.0636,168750
2017-05-24,24.5,24.7,24.1667,24.6,23.221,179850
2017-05-25,24.7,24.7,24.1667,24.3,22.9378,123900
2017-05-26,24.2,24.5,24.1667,24.3667,23.0007,123900
2017-05-30,24.2667,24.3667,24.0,24.1,22.749,127800
2017-05-31,24.2,24.2333,23.8333,24.1133,22.7616,252000
2017-06-01,24.1667,24.5333,24.0333,24.5,23.1266,144750
2017-06-02,24.5,25.1667,24.4,24.8667,23.4727,196800
2017-06-05,24.8667,24.9467,24.5667,24.6,23.221,158400
2017-06-06,24.4,24.5333,24.2333,24.3667,23.0007,164400
2017-06-07,24.3333,24.4333,23.9467,24.0667,22.7986,120450
2017-06-08,24.1,24.6333,24.0,24.5,23.2091,137850
2017-06-09,24.6,25.1,24.5,25.0333,23.7143,274950
2017-06-12,24.9333,25.2,23.9933,24.8667,23.5565,225150
2017-06-13,24.9667,25.3333,24.8333,25.3,23.967,214950
2017-06-14,25.2333,25.4667,25.1667,25.4,24.0617,180750
2017-06-15,25.1333,25.4667,25.0667,25.1,23.7775,144450
2017-06-16,24.8667,25.1333,24.7333,24.8667,23.5565,332700
2017-06-19,24.9333,25.0667,24.7333,24.8333,23.5249,188550
2017-06-20,24.7333,24.9333,24.42,24.5667,23.2723,127500
2017-06-21,24.6,24.64,24.0667,24.1,22.8302,160800
2017-06-22,24.1667,24.2333,23.8667,24.0667,22.7986,139350
2017-06-23,24.0,24.1667,23.9,24.1333,22.8618,246150
2017-06-26,24.1667,24.1667,23.8667,24.0333,22.767,112200
2017-06-27,24.0333,24.3333,23.7667,23.7667,22.5144,160650
2017-06-28,24.0,24.2,23.7867,24.2,22.9249,263850
2017-06-29,24.2667,24.5667,23.9,24.2667,22.9881,236100
2017-06-30,24.3,24.6333,24.0667,24.5667,23.2723,164250
2017-07-03,24.6667,24.8,24.5,24.6667,23.367,79500
2017-07-05,24.6333,24.8667,24.5333,24.7,23.3986,127500
2017-07-06,24.5333,24.8,24.3667,24.4,23.1144,123450
2017-07-07,24.6,25.0333,24.5,24.8,23.4933,104100
2017-07-10,24.7333,25.0733,24.5,24.8333,23.5249,150000
2017-07-11,24.8,25.0333,24.5,24.8667,23.5565,244950
2017-07-12,25.0333,25.1667,24.7333,25.0333,23.7143,99300
2017-07-13,25.0333,25.0333,24.5667,25.0333,23.7143,127950
2017-07-14,24.9667,25.2,24.7333,25.0,23.6828,126900
2017-07-17,24.9667,25.1667,24.8,25.1,23.7775,119250
2017-07-18,25.0333,25.1333,24.6667,24.7667,23.4617,97350
2017-07-19,24.7667,25.0667,24.7667,25.0333,23.7143,84300
2017-07-20,25.0667,25.1333,24.7,25.0,23.6828,103950
2017-07-21,25.1333,25.1667,24.8333,24.8667,23.5565,168600
2017-07-24,24.8667,24.8667,23.2667,23.4667,22.2302,389400
2017-07-25,23.6,23.8667,23.2333,23.3333,22.1039,576000
2017-07-26,23.5,23.5,22.8667,22.9333,21.725,234150
2017-07-27,22.9667,23.0667,22.5,22.6,21.4092,198000
2017-07-28,22.5667,22.7333,22.32,22.5333,21.3461,188850
2017-07-31,22.5,22.6667,22.1667,22.5333,21.3461,270450
2017-08-01,22.6667,22.8333,22.3667,22.6333,21.4408,209700
2017-08-02,22.6333,22.7,22.2333,22.5,21.3145,133650
2017-08-03,22.2667,22.5333,19.9667,22.4667,21.2829,1032750
2017-08-04,22.4333,23.5333,21.9,23.4667,22.2302,372000
2017-08-07,23.4,23.6333,22.9333,23.3,22.0723,330150
2017-08-08,23.2333,23.4333,23.0667,23.2667,22.0408,264000
2017-08-09,23.1667,23.1667,22.4333,22.5333,21.3461,213750
2017-08-10,22.4,22.4333,22.0333,22.2667,21.0934,176400
2017-08-11,22.3667,22.4667,22.0333,22.0667,20.904,166800
2017-08-14,22.1667,22.5333,22.1667,22.4667,21.2829,109350
2017-08-15,22.5333,22.6333,21.78,21.8,20.6514,144150
2017-08-16,21.9333,22.0,21.6,21.6,20.4619,244650
2017-08-17,21.5,21.6333,21.02,21.1,19.9883,270750
2017-08-18,20.8667,21.3667,20.8667,21.1,19.9883,178050
2017-08-21,21.1333,21.3,20.9,21.1333,20.0198,237150
2017-08-22,21.3,21.6,21.22,21.5,20.3672,90150
2017-08-23,21.4333,21.4333,21.1667,21.2333,20.1146,100800
2017-08-24,21.2667,21.3333,20.9667,21.2,20.083,111450
2017-08-25,21.2333,21.3667,20.9667,21.2,20.083,122100
2017-08-28,21.2333,21.3333,21.0,21.2667,20.1461,186750
2017-08-29,21.2,21.4667,21.0667,21.3333,20.2093,190650
2017-08-30,21.3,21.6,21.3,21.5333,20.3988,160350
2017-08-31,21.6,21.9333,21.5667,21.7333,20.5882,144300
2017-09-01,21.8,21.9667,21.7,21.8333,20.683,134850
2017-09-05,21.7667,22.0,21.5333,21.5667,20.4303,153900
2017-09-06,21.6667,21.8533,21.6,21.7,20.5566,161700
2017-09-07,21.8333,21.8333,21.2,21.2333,20.1146,190200
2017-09-08,21.1667,21.52,21.0667,21.2333,20.1146,342450
2017-09-11,21.3333,21.4467,21.1667,21.2667,20.1461,179550
2017-09-12,21.3,21.6333,21.2333,21.3,20.1777,222300
2017-09-13,21.3,21.8667,21.2667,21.7333,20.5882,193650
2017-09-14,21.7333,21.7667,21.4667,21.7667,20.6198,102150
2017-09-15,21.8,22.0,21.6,21.9667,20.8093,471000
2017-09-18,22.0333,22.2333,21.8333,22.1,20.9356,149100
2017-09-19,22.1,22.1333,21.9333,22.1333,20.9671,156450
2017-09-20,22.0667,22.5667,21.5933,22.3,21.125,188850
2017-09-21,22.3667,22.4667,22.1333,22.2333,21.0619,202200
2017-09-22,22.1,22.4,22.0667,22.2,21.0303,207450
2017-09-25,22.1667,22.3333,22.0333,22.2667,21.0934,129000
2017-09-26,22.3,22.6667,22.2333,22.4667,21.2829,128550
2017-09-27,22.6,23.4667,22.5333,23.3,22.0723,315900
2017-09-28,23.3,23.3533,22.9667,23.2333,22.0092,167250
2017-09-29,23.2667,23.3333,22.9333,22.9867,21.7755,357600
2017-10-02,23.0,23.4333,22.8667,23.4333,22.1986,255300
2017-10-03,23.4667,23.6667,23.1667,23.6333,22.3881,227250
2017-10-04,23.6,23.7333,23.3,23.5667,22.325,145350
2017-10-05,23.6,23.6,23.3,23.4333,22.1986,154350
2017-10-06,23.3,23.7,23.2,23.6333,22.3881,217950
2017-10-09,23.6333,23.8333,22.0267,23.6,22.3565,167550
2017-10-10,23.6333,23.7,23.0333,23.2,21.9776,251400
2017-10-11,23.1667,23.3333,22.7333,22.8333,21.6303,246450
2017-10-12,22.8,23.0,22.7,22.7667,21.5671,285150
2017-10-13,22.7667,22.9667,22.5,22.5667,21.3776,274350
2017-10-16,22.6333,23.4333,22.5333,22.8667,21.6618,159300
2017-10-17,22.8,22.9333,22.4333,22.5,21.3145,113850
2017-10-18,22.5667,22.9667,22.5333,22.8333,21.6303,126300
2017-10-19,22.7,22.8467,22.5333,22.8,21.5987,145050
2017-10-20,23.0333,23.4,22.9333,23.0667,21.8513,201150
2017-10-23,23.0333,23.8,22.9,23.1,21.8829,181200
2017-10-24,23.0667,23.6867,23.0667,23.4,22.1671,243450
2017-10-25,23.4333,23.6867,22.9667,23.2667,22.0408,177000
2017-10-26,23.3333,23.42,23.1667,23.1667,21.946,109800
2017-10-27,23.2,23.4333,23.0,23.2,21.9776,152850
2017-10-30,23.0333,23.1333,22.6333,22.8667,21.6618,265200
2017-10-31,23.0,23.6,23.0,23.3333,22.1039,274950
2017-11-01,23.5,23.5,22.7333,22.9333,21.725,177150
2017-11-02,22.8667,23.1733,22.7667,22.9,21.6934,208650
2017-11-03,22.8667,23.1333,22.6333,22.9667,21.7566,227700
2017-11-06,23.0,23.1667,22.8333,23.1333,21.9145,160800
2017-11-07,23.1,23.1667,22.9333,23.0667,21.8513,270450
2017-11-08,23.0,23.5,22.7333,22.9333,21.725,156900
2017-11-09,22.7667,23.0,22.2,22.2333,21.0619,227100
2017-11-10,22.1667,22.7667,22.1667,22.5333,21.3461,201150
2017-11-13,22.4,22.8333,22.3,22.5333,21.3461,137100
2017-11-14,22.4333,22.9667,22.3,22.8667,21.6618,183750
2017-11-15,22.7,22.8,22.4333,22.6,21.4092,175950
2017-11-16,22.7333,23.4067,22.6,22.8333,21.6303,308850
2017-11-17,22.7,23.2,22.4,22.9667,21.7566,184200
2017-11-20,23.0333,23.3333,23.0,23.3,22.0723,170850
2017-11-21,23.3667,23.9333,23.3333,23.8667,22.6091,343800
2017-11-22,23.8333,23.9,23.5867,23.8,22.546,135300
2017-11-24,23.8333,23.9,23.5667,23.9,22.6407,83250
2017-11-27,23.8667,23.9,23.4667,23.5,22.2618,151650
2017-11-28,23.6333,24.0,23.5333,24.0,22.7355,192900
2017-11-29,23.9,24.5733,23.9,24.5,23.2932,190800
2017-11-30,24.6333,24.6333,24.2333,24.3,23.1031,243000
2017-12-01,24.3,24.3,23.2,24.2333,23.0397,262050
2017-12-04,24.5,25.2333,24.4,24.9667,23.7369,381150
2017-12-05,25.0,25.4,24.8667,25.0333,23.8003,380400
2017-12-06,24.9667,25.2333,24.0867,24.2,23.008,312600
2017-12-07,24.1,24.5333,24.1,24.1667,22.9763,204450
2017-12-08,24.3667,24.3667,23.8,23.8,22.6277,153900
2017-12-11,23.8333,23.8667,23.2333,23.3667,22.2157,220800
2017-12-12,23.4,23.6333,23.1667,23.2333,22.089,310800
2017-12-13,23.2333,23.7333,23.2333,23.4333,22.2791,214500
2017-12-14,23.4667,23.5,22.9333,23.0333,21.8988,190950
2017-12-15,23.1,23.5333,23.1,23.4667,22.3108,1076700
2017-12-18,23.6667,24.3667,23.6333,23.9667,22.7862,265350
2017-12-19,24.0,24.0333,23.5333,23.5667,22.4059,154200
2017-12-20,23.6667,24.1,23.5,23.9667,22.7862,188100
2017-12-21,24.0333,24.4333,23.9667,24.3333,23.1348,176700
2017-12-22,24.3333,24.5667,24.2,24.5,23.2932,228150
2017-12-26,24.4667,24.6333,24.2,24.4,23.1982,214950
2017-12-27,24.4333,24.5333,24.3,24.3333,23.1348,179100
2017-12-28,24.4667,24.5667,23.8667,24.5333,23.3249,184800
2017-12-29,24.6,24.7667,24.4667,24.4667,23.2615,251100
2018-01-02,24.6333,24.7,24.4333,24.6333,23.42,227700
2018-01-03,24.6333,25.2667,24.5,25.0667,23.832,244950
2018-01-04,25.1333,25.3333,24.6667,24.9667,23.7369,345150
2018-01-05,25.0333,25.5,25.0333,25.3667,24.1172,204300
2018-01-08,25.3,25.4333,24.8667,24.9667,23.7369,330750
2018-01-09,24.9667,24.9667,24.4667,24.7333,23.5151,328650
2018-01-10,24.6,24.8333,24.0,24.0667,22.8812,457650
2018-01-11,24.1,24.3667,23.9667,24.1333,22.9446,459750
2018-01-12,24.2667,24.4467,23.5,24.3667,23.1665,335550
2018-01-16,24.5,24.6333,23.9,24.0333,22.8495,199800
2018-01-17,24.2,24.32,23.9667,24.2,23.008,266700
2018-01-18,24.1667,24.2533,23.9667,24.0667,22.8812,237000
2018-01-19,24.0667,24.8667,24.0333,24.8667,23.6418,276600
2018-01-22,24.8,24.8,24.1,24.2333,23.0397,180150
2018-01-23,24.2,24.2,23.9333,24.0333,22.8495,228150
2018-01-24,24.1333,24.1867,23.9,24.0333,22.8495,259050
2018-01-25,24.0667,24.1333,23.9,24.0333,22.8495,264000
2018-01-26,24.1333,24.6133,23.8,24.2,23.008,224550
2018-01-29,24.0667,24.2,23.9,24.0333,22.8495,438900
2018-01-30,24.0,24.1667,23.8333,24.0,22.8179,309600
2018-01-31,24.1333,24.4,23.78,24.2667,23.0714,285300
2018-02-01,24.1667,24.3667,23.9667,24.1,22.9129,190200
2018-02-02,23.9667,24.0667,23.7,23.7333,22.5643,293400
2018-02-05,23.6,23.8,22.7,22.7333,21.6136,289500
2018-02-06,22.2667,22.9333,22.0333,22.4667,21.3601,425250
2018-02-07,22.3667,22.7,22.0,22.5,21.3917,190950
2018-02-08,22.4667,22.6333,22.0,22.0333,20.9481,221700
2018-02-09,22.3,22.3333,21.6667,22.1333,21.0431,500400
2018-02-12,22.2,22.5667,22.0,22.4333,21.3284,258600
2018-02-13,22.3,22.6667,22.0667,22.6,21.4868,163650
2018-02-14,22.3667,23.0,22.3667,22.9,21.772,154650
2018-02-15,23.0667,23.1667,22.7333,23.0667,21.9305,72300
2018-02-16,22.9667,23.6667,22.9667,23.3667,22.2157,148500
2018-02-20,23.2333,23.4,22.8333,22.9,21.772,96600
2018-02-21,22.9333,23.4333,22.9,22.9667,21.8354,168750
2018-02-22,23.1,23.4667,22.9333,23.2333,22.089,103050
2018-02-23,23.4,23.6333,23.1333,23.6,22.4376,144000
2018-02-26,23.6,23.9333,23.4333,23.8333,22.6594,112950
2018-02-27,23.7667,25.9667,22.54,25.7667,24.4975,1276350
2018-02-28,25.7667,26.1333,24.4333,24.5,23.2932,598050
2018-03-01,24.6,24.6,23.5667,23.6333,22.4692,274350
2018-03-02,23.4333,23.7,23.1667,23.6,22.4376,234900
2018-03-05,23.4667,23.8333,23.1667,23.6,22.4376,183750
2018-03-06,23.7,24.0667,23.4333,23.9667,22.7862,331500
2018-03-07,23.8333,24.3,23.8,24.2333,23.0397,193950
2018-03-08,24.3333,24.4667,24.02,24.2333,23.0397,193200
2018-03-09,24.3667,25.3,24.1333,25.2333,23.9904,326700
2018-03-12,25.3,25.6667,24.7467,25.4667,24.2123,398550
2018-03-13,25.5667,25.9667,25.3667,25.7667,24.4975,342450
2018-03-14,25.9,25.9333,25.0667,25.6667,24.4024,273300
2018-03-15,25.7,25.9333,25.6333,25.8667,24.5926,402450
2018-03-16,25.8667,26.0667,25.7667,26.0667,24.7827,697050
2018-03-19,26.0,26.2,25.7667,26.0333,24.751,455250
2018-03-20,26.0333,26.3333,25.9333,26.1667,24.8778,274800
2018-03-21,26.2,26.5,25.9333,26.0333,24.751,250500
2018-03-22,25.9333,26.8333,25.6,25.7,24.4341,488850
2018-03-23,25.7333,25.7667,24.8,24.8,23.5785,228150
2018-03-26,25.2333,25.3333,24.7333,25.3,24.0538,173400
2018-03-27,25.3333,25.5333,25.0667,25.3333,24.0855,292800
2018-03-28,25.3333,25.7667,25.2667,25.7333,24.4658,314700
2018-03-29,25.8333,26.4,25.6333,26.0,24.7193,401550
2018-04-02,25.9333,26.02,24.5667,24.7667,23.5468,274650
2018-04-03,24.8667,24.9333,23.7333,24.2333,23.0397,495450
2018-04-04,23.8667,24.2333,23.6333,23.9,22.7228,479550
2018-04-05,23.9667,24.2,23.5,23.5667,22.4059,356550
2018-04-06,23.3667,23.5333,22.7,22.8667,21.7403,392100
2018-04-09,23.0,23.0667,22.6333,22.7333,21.6136,213300
2018-04-10,23.0,23.1333,22.8333,23.0333,21.8988,174600
2018-04-11,22.8667,22.9667,22.5,22.9667,21.8354,275400
2018-04-12,23.0333,23.1,22.5333,23.0,21.8671,210900
2018-04-13,23.0667,23.1333,22.8667,22.9667,21.8354,199950
2018-04-16,23.0667,23.6,22.8333,23.5333,22.3742,230100
2018-04-17,23.6333,23.9333,23.2,23.8667,22.6911,224550
2018-04-18,23.9333,24.2333,23.8667,24.1,22.9129,308100
2018-04-19,24.0667,24.2,23.7333,23.9333,22.7545,183000
2018-04-20,23.8667,24.1667,23.8067,24.0333,22.8495,286350
2018-04-23,24.0333,24.4333,24.0333,24.1667,22.9763,239250
2018-04-24,24.2,24.2667,23.2,23.5,22.3425,297600
2018-04-25,23.4667,23.8667,23.4,23.8333,22.6594,255600
2018-04-26,23.9,24.0,23.4333,23.8,22.6277,211500
2018-04-27,23.8333,23.8333,23.3533,23.4,22.2474,174600
2018-04-30,23.5333,23.9333,22.6667,22.6667,21.5502,408450
2018-05-01,22.6,22.8667,22.2333,22.8667,21.7403,239850
2018-05-02,22.9,22.9,22.3667,22.5333,21.4234,315900
2018-05-03,21.7333,21.8,20.9733,21.1,20.0607,553500
2018-05-04,20.7333,20.78,19.3667,19.7667,18.793,718200
2018-05-07,19.7,19.9667,19.4,19.8,18.8247,788100
2018-05-08,19.8333,20.5,19.3667,20.3333,19.3318,411450
2018-05-09,20.4667,20.4667,20.0333,20.1,19.11,252600
2018-05-10,20.1667,20.1667,19.7333,19.8,18.8247,357600
2018-05-11,19.8667,19.9333,19.5667,19.7,18.7297,152700
2018-05-14,19.7,19.8333,19.3667,19.6667,18.698,512700
2018-05-15,19.5,19.8,19.3667,19.6667,18.698,309900
2018-05-16,19.7333,19.9333,19.62,19.8667,18.8881,467550
2018-05-17,20.0333,20.8667,20.0,20.7,19.6804,422550
2018-05-18,20.8667,21.4333,20.8,21.0333,19.9973,550950
2018-05-21,21.1,21.1667,20.8667,21.0,19.9656,311250
2018-05-22,21.0333,21.0333,20.7,20.7333,19.7121,321150
2018-05-23,20.6667,20.7333,20.5,20.6667,19.6487,227550
2018-05-24,20.7,20.7333,20.4333,20.5,19.4903,229650
2018-05-25,20.2333,20.3,19.8667,20.1,19.11,436800
2018-05-29,20.0,20.3733,19.8533,20.2333,19.2367,1473300
2018-05-30,20.2667,20.6667,20.1,20.4,19.3952,2643600
2018-05-31,20.4333,20.5333,20.32,20.3333,19.3318,531600
2018-06-01,20.4667,21.1867,20.4,20.7,19.6804,493500
2018-06-04,20.8,21.3333,20.8,21.2333,20.1875,312000
2018-06-05,21.2667,21.4667,21.0333,21.4,20.3459,220650
2018-06-06,21.4667,21.7667,20.9667,21.7333,20.6628,389250
2018-06-07,21.6333,22.1,21.6,22.0,21.0195,297300
2018-06-08,21.9667,22.2667,21.5,22.1667,21.1788,317100
2018-06-11,22.1333,22.3667,21.92,21.9333,20.9558,435450
2018-06-12,21.9,22.4,21.5667,22.3333,21.338,410400
2018-06-13,22.4,22.4,21.7667,21.8333,20.8603,262950
2018-06-14,22.0667,22.3667,21.6533,22.1,21.1151,370350
2018-06-15,22.0333,22.2333,21.7667,22.2,21.2106,429600
2018-06-18,22.0333,22.4667,21.6733,22.4,21.4017,260400
2018-06-19,22.2667,22.4333,22.1333,22.3333,21.338,451350
2018-06-20,22.5,22.52,22.2333,22.4333,21.4335,248850
2018-06-21,22.3667,22.5667,22.1333,22.3,21.3062,274650
2018-06-22,22.4333,22.6,21.9,22.0667,21.0832,433200
2018-06-25,22.0333,22.0667,21.6,21.9,20.924,240300
2018-06-26,21.9667,22.2333,21.6333,22.1,21.1151,223350
2018-06-27,22.1,22.3,21.9,22.0,21.0195,231000
2018-06-28,22.0,22.1667,21.7,22.1333,21.1469,261150
2018-06-29,22.2,22.4333,22.0333,22.1667,21.1788,493500
2018-07-02,21.9667,22.6333,21.8933,22.6333,21.6246,262200
2018-07-03,22.7,23.0667,22.5867,23.0,21.975,259500
2018-07-05,23.0667,23.5,22.9,23.5,22.4527,329250
2018-07-06,23.5333,23.7667,23.4,23.5333,22.4845,248400
2018-07-09,23.6667,23.8333,23.4667,23.7667,22.7075,267900
2018-07-10,23.8,23.8333,23.3333,23.5333,22.4845,279000
2018-07-11,23.3667,23.66,23.3667,23.4333,22.389,228450
2018-07-12,23.6,23.9333,23.28,23.6667,22.6119,181650
2018-07-13,23.5667,24.0667,23.5667,23.8333,22.7712,147600
2018-07-16,23.8333,23.8667,23.6,23.8,22.7393,197100
2018-07-17,23.8,24.0333,23.6333,23.8333,22.7712,192150
2018-07-18,23.8,24.2667,23.7,24.2333,23.1533,156000
2018-07-19,23.9667,24.6867,23.8333,24.4333,23.3444,293550
2018-07-20,24.3667,24.7333,24.2333,24.5,23.4081,171750
2018-07-23,24.4,24.5,24.2,24.3667,23.2807,239700
2018-07-24,24.4667,24.7667,23.9667,24.2333,23.1533,349200
2018-07-25,24.2,24.2333,23.9333,24.1,23.0259,239550
2018-07-26,24.2,24.8,24.1,24.3333,23.2489,260400
2018-07-27,24.3333,24.5,24.2,24.4333,23.3444,269100
2018-07-30,24.4667,24.7333,24.3,24.4333,23.3444,316650
2018-07-31,24.6,25.2,24.52,25.1667,24.0451,353550
2018-08-01,25.1667,25.2667,24.5,25.0,23.8858,423600
2018-08-02,24.8333,25.5333,24.4333,24.7333,23.631,614250
2018-08-03,24.9333,25.6,24.7333,25.5333,24.3954,423300
2018-08-06,25.5667,25.9667,25.5667,25.7333,24.5865,255750
2018-08-07,25.5667,26.0667,25.5667,25.8333,24.682,231750
2018-08-08,25.8667,26.1333,25.6333,25.9,24.7457,222750
2018-08-09,25.8667,26.5,25.8667,26.2,25.0324,491400
2018-08-10,26.1667,26.3,25.9,26.0,24.8413,235050
2018-08-13,25.9,26.2,25.7333,26.0,24.8413,198000
2018-08-14,26.1,26.6333,26.0,26.5,25.319,103200
2018-08-15,26.4667,26.7,26.1667,26.6333,25.4464,127050
2018-08-16,26.6667,27.1667,26.6333,26.8333,25.6375,184800
2018-08-17,26.7333,27.5667,26.7333,27.4667,26.2426,177150
2018-08-20,27.4,28.1667,27.4,28.1,26.8477,328800
2018-08-21,28.2333,28.8,28.1333,28.5,27.2298,389850
2018-08-22,28.4,28.7,28.2,28.6,27.3254,219900
2018-08-23,28.6667,28.8667,27.4533,27.5667,26.3381,306300
2018-08-24,27.5667,27.7,27.2,27.5667,26.3381,342450
2018-08-27,27.6667,27.9,26.9333,27.0667,25.8604,222900
2018-08-28,27.0667,27.7667,26.9,27.1,25.8922,247050
2018-08-29,27.0667,27.5333,26.9667,27.2333,26.0196,139200
2018-08-30,27.0667,27.6333,26.9467,27.1667,25.9559,187950
2018-08-31,27.0333,27.2733,26.5333,26.9333,25.733,351450
2018-09-04,26.8,26.9,26.1,26.5667,25.3827,345750
2018-09-05,26.4667,26.8333,26.4,26.6333,25.4464,403200
2018-09-06,26.6333,26.8333,26.4333,26.5,25.319,237150
2018-09-07,26.5333,26.6,26.1333,26.2667,25.096,171000
2018-09-10,26.3,26.6,26.1333,26.1667,25.0005,213750
2018-09-11,26.1333,26.5667,25.6333,26.4,25.2234,193950
2018-09-12,26.5667,26.9667,26.1333,26.6667,25.4782,201750
2018-09-13,26.8,26.8333,26.5,26.6,25.4145,155100
2018-09-14,26.6,26.9333,26.4,26.8,25.6056,195750
2018-09-17,26.8,27.1333,26.3333,27.0,25.7967,217350
2018-09-18,27.1,27.2,26.4867,26.6333,25.4464,172200
2018-09-19,26.6,26.7333,25.9333,26.0667,24.905,295050
2018-09-20,26.1667,26.9,26.1667,26.8333,25.6375,167100
2018-09-21,26.9333,27.0667,26.5333,26.5667,25.3827,471900
2018-09-24,26.6,26.6667,25.9,26.2,25.0324,243150
2018-09-25,26.2,26.2,25.7333,25.8667,24.7139,254850
2018-09-26,25.8333,25.9333,25.2,25.3,24.1725,261900
2018-09-27,25.3,25.44,24.7333,24.8333,23.7266,462600
2018-09-28,24.7333,25.6,24.7,25.2,24.0769,550800
2018-10-01,25.3133,25.4,24.2467,24.3467,23.2616,252900
2018-10-02,24.28,24.4467,23.5667,23.5867,22.5355,312450
2018-10-03,23.66,24.04,23.58,23.9067,22.8412,252600
2018-10-04,23.8133,23.8133,23.22,23.28,22.2425,219000
2018-10-05,23.34,23.3533,22.6733,22.9,21.8794,330000
2018-10-08,22.8,23.4267,22.5667,23.0933,22.0641,383850
2018-10-09,23.08,23.3867,22.6333,22.6667,21.6565,222900
2018-10-10,22.6667,22.9533,21.9333,22.0,21.0195,298500
2018-10-11,21.8867,22.4467,21.2,21.2267,20.2807,313950
2018-10-12,21.54,21.54,21.06,21.26,20.3125,317400
2018-10-15,21.2533,21.5733,21.0333,21.5,20.5418,227250
2018-10-16,21.5933,21.88,21.2267,21.8533,20.8794,232050
2018-10-17,21.7467,21.8333,21.4933,21.7733,20.803,193650
2018-10-18,21.6,21.9067,21.3867,21.46,20.5036,168450
2018-10-19,21.4,21.7267,21.32,21.4733,20.5163,217050
2018-10-22,21.5733,21.9133,21.4333,21.5867,20.6246,168900
2018-10-23,21.2667,21.7333,21.04,21.58,20.6182,151650
2018-10-24,21.5733,21.9,21.5,21.66,20.6947,311100
2018-10-25,21.7533,22.5267,21.72,22.3333,21.338,370950
2018-10-26,22.2067,22.5,21.78,22.0667,21.0832,173550
2018-10-29,22.2933,22.9333,21.6533,21.8667,20.8921,205500
2018-10-30,21.8733,22.9267,21.5867,22.9,21.8794,336300
2018-10-31,23.1467,23.6467,22.9,22.9933,21.9686,355950
2018-11-01,22.56,26.0933,21.7933,25.48,24.3444,970800
2018-11-02,25.5467,26.1333,24.6067,26.0067,24.8476,653100
2018-11-05,26.0067,27.0933,25.9467,26.9667,25.7648,558750
2018-11-06,26.8533,27.9533,26.7467,27.9067,26.663,482850
2018-11-07,28.1,28.8467,27.7933,28.8067,27.5228,462000
2018-11-08,28.8,29.9333,28.3333,29.22,27.9178,490200
2018-11-09,29.0067,29.2,27.9333,28.84,27.5547,374100
2018-11-12,28.8333,29.2067,28.4333,28.6267,27.3509,231600
2018-11-13,28.8133,29.4533,28.6,28.7467,27.4655,300750
2018-11-14,28.9067,28.94,27.6267,27.68,26.4464,489300
2018-11-15,27.5067,27.7333,26.8933,27.3067,26.0897,615750
2018-11-16,27.12,27.6067,26.1133,26.1867,25.0196,720300
2018-11-19,26.12,26.32,25.56,25.9733,24.8158,807300
2018-11-20,25.58,25.62,24.2533,24.4,23.3126,408900
2018-11-21,24.62,25.04,24.14,24.5,23.4081,234300
2018-11-23,24.2733,25.2333,24.0467,24.9867,23.8731,115950
2018-11-26,25.16,25.6267,25.0267,25.34,24.2107,221400
2018-11-27,25.2667,25.4867,24.9267,25.0467,23.9304,199050
2018-11-28,25.0067,25.8333,24.6533,25.5533,24.5189,248250
2018-11-29,25.44,25.8133,25.1533,25.3733,24.3462,388200
2018-11-30,25.38,26.3667,25.1667,25.3,24.2758,301050
2018-12-03,25.4733,25.96,25.2267,25.86,24.8132,291750
2018-12-04,25.8333,25.86,24.0933,24.1933,23.214,273300
2018-12-06,23.8733,24.2867,23.2333,23.7867,22.8238,309300
2018-12-07,23.8267,24.3,23.2267,23.42,22.4719,304350
2018-12-10,23.42,23.46,22.9533,23.3733,22.4272,266700
2018-12-11,23.6933,23.9,23.3667,23.6267,22.6703,152400
2018-12-12,23.8933,24.2867,23.6867,23.9467,22.9773,147300
2018-12-13,23.9933,24.1933,23.68,23.8733,22.9069,197250
2018-12-14,23.7267,24.1133,23.4667,23.5333,22.5807,140550
2018-12-17,23.52,23.7467,22.7133,22.8533,21.9282,234300
2018-12-18,22.94,23.56,22.94,23.0867,22.1521,221400
2018-12-19,23.08,23.7067,22.34,22.4533,21.5444,241500
2018-12-20,22.4867,22.7333,22.0,22.6,21.6851,288900
2018-12-21,22.6533,22.7467,21.6867,21.8467,20.9623,694050
2018-12-24,21.7067,22.94,21.56,21.6133,20.7384,117000
2018-12-26,21.6733,22.3067,21.5533,22.2667,21.3653,228150
2018-12-27,21.9667,22.6,21.58,22.5533,21.6404,199200
2018-12-28,22.56,23.4667,22.56,23.2333,22.2928,234600
2018-12-31,23.3267,23.3933,22.86,23.3733,22.4272,232200
2019-01-02,23.0467,23.6,22.9133,23.38,22.4336,187200
2019-01-03,23.3,23.3867,22.3467,22.5133,21.602,247500
2019-01-04,22.88,23.8667,22.8067,23.74,22.779,368550
2019-01-07,23.7333,24.2133,23.4533,24.1,23.1244,171000
2019-01-08,24.3667,24.6067,23.9267,24.22,23.2396,212250
2019-01-09,24.3667,24.38,24.0333,24.18,23.2012,118350
2019-01-10,24.0533,24.1867,23.8667,24.14,23.1628,94050
2019-01-11,23.9667,24.06,23.72,23.8867,22.9197,159300
2019-01-14,23.68,23.8667,23.3333,23.7467,22.7854,133800
2019-01-15,23.6533,23.8667,23.2533,23.62,22.6639,122400
2019-01-16,23.6467,24.1933,23.4867,23.86,22.8941,129750
2019-01-17,23.6933,24.66,23.6933,24.5333,23.5402,220350
2019-01-18,24.64,25.32,24.6333,25.1067,24.0903,150600
2019-01-22,24.8533,25.1667,24.7733,25.12,24.1031,153600
2019-01-23,25.2067,25.2933,24.0,24.1733,23.1948,188400
2019-01-24,24.18,24.7533,24.18,24.5267,23.5338,143100
2019-01-25,24.7267,25.0067,23.7133,23.8067,22.843,277800
2019-01-28,23.5867,23.9467,23.42,23.7333,22.7726,129300
2019-01-29,23.74,24.1,23.5733,23.9867,23.0157,92250
2019-01-30,24.1,24.16,23.5867,24.14,23.1628,127350
2019-01-31,24.0,24.7,24.0,24.6267,23.6298,173100
2019-02-01,24.7,24.76,24.1533,24.36,23.3739,127200
2019-02-04,24.3533,25.16,23.94,25.1067,24.0903,138600
2019-02-05,25.1733,25.26,24.8467,24.8933,23.8856,130200
2019-02-06,24.8333,25.0933,24.7733,24.9133,23.9048,97500
2019-02-07,24.76,25.1067,24.4467,24.8533,23.8473,155850
2019-02-08,24.7667,25.2133,24.5933,25.2067,24.1863,112350
2019-02-11,25.2067,25.3933,25.02,25.3667,24.3398,121350
2019-02-12,25.4133,25.9133,25.3667,25.4667,24.4358,151050
2019-02-13,25.6067,26.1333,25.2733,26.0867,25.0307,242100
2019-02-14,25.9333,26.0333,25.3467,25.64,24.6021,239400
2019-02-15,25.66,26.4067,25.66,26.3067,25.2418,177900
2019-02-19,26.1,26.9133,24.9333,26.9133,25.8239,184950
2019-02-20,26.8667,27.26,26.8667,27.2467,26.1437,199650
2019-02-21,27.2333,27.6,26.8,27.6,26.4827,140250
2019-02-22,27.6067,28.14,27.6,28.12,26.9817,235800
2019-02-25,28.1867,28.76,28.1667,28.1867,27.0457,239850
2019-02-26,28.0533,28.0667,27.72,27.8333,26.7066,182250
2019-02-27,27.5733,27.8533,27.16,27.7067,26.5851,219750
2019-02-28,27.3333,28.0,26.3333,26.5733,25.4976,275400
2019-03-01,26.9667,27.68,26.5733,27.5067,26.3932,294600
2019-03-04,27.5267,28.0,27.1933,27.8533,26.7258,325500
2019-03-05,27.9933,28.34,27.8867,28.2533,27.1096,214950
2019-03-06,28.2067,28.3867,27.8933,28.28,27.1352,280950
2019-03-07,28.2267,28.3533,27.9067,27.96,26.8282,143700
2019-03-08,27.8067,28.1933,27.44,27.7267,26.6043,168150
2019-03-11,27.7533,27.9267,27.4667,27.58,26.4636,201600
2019-03-12,27.5933,27.9933,27.26,27.7133,26.5915,141900
2019-03-13,27.7667,28.2733,27.76,27.96,26.8282,133800
2019-03-14,27.9467,28.0467,27.3733,27.46,26.3484,146700
2019-03-15,27.5133,28.1933,27.5133,27.9533,26.8218,383850
2019-03-18,28.0467,28.6067,28.0333,28.5333,27.3783,177900
2019-03-19,28.6667,28.7867,28.3133,28.58,27.4231,116250
2019-03-20,28.54,29.1267,28.2733,28.5467,27.3911,244650
2019-03-21,28.38,29.7067,28.38,29.52,28.325,227250
2019-03-22,29.24,29.5667,28.1933,28.2533,27.1096,289950
2019-03-25,28.26,29.0,28.0667,28.7867,27.6214,135750
2019-03-26,28.9067,29.3933,28.6667,29.0267,27.8517,160800
2019-03-27,28.9267,29.9933,28.8,29.9533,28.7408,256350
2019-03-28,30.0,30.6,29.64,30.5467,29.3101,255450
2019-03-29,30.7133,31.1267,30.5133,30.7867,29.5404,329250
2019-04-01,31.0,31.1533,30.4733,30.98,29.7259,207900
2019-04-02,30.9,30.92,30.1933,30.22,28.9967,207600
2019-04-03,30.46,30.5467,30.1533,30.5333,29.2973,128100
2019-04-04,30.4933,30.8667,30.3067,30.56,29.3229,172050
2019-04-05,30.5667,30.98,30.2067,30.66,29.4189,147300
2019-04-08,30.4333,30.72,30.1533,30.4867,29.2526,192150
2019-04-09,30.4067,30.4067,29.7933,29.86,28.6513,184800
2019-04-10,29.88,30.06,29.5733,29.92,28.7088,324000
2019-04-11,29.9,30.2733,29.7467,30.08,28.8623,164850
2019-04-12,30.2533,30.86,30.2333,30.84,29.5916,123150
2019-04-15,30.8267,31.7533,30.7667,31.7333,30.4488,277500
2019-04-16,31.9,32.6467,31.9,32.2667,30.9605,200250
2019-04-17,32.4067,32.4733,31.4467,31.64,30.3592,193950
2019-04-18,31.62,31.9533,31.4333,31.7267,30.4424,180300
2019-04-22,31.5267,31.88,31.2733,31.86,30.5703,143100
2019-04-23,31.86,32.76,31.5933,32.5533,31.2356,203700
2019-04-24,32.66,32.9667,32.2,32.7867,31.4595,183600
2019-04-25,32.5667,32.7133,31.8,32.4667,31.1524,182550
2019-04-26,32.4467,33.3333,32.0533,33.1867,31.8433,194100
2019-04-29,33.0067,33.7,33.0067,33.3933,32.0416,169650
2019-04-30,33.4067,33.62,33.1733,33.4733,32.1183,252300
2019-05-01,33.56,33.8533,33.12,33.2467,31.9008,458250
2019-05-02,33.2467,33.6533,32.4267,33.0133,31.6769,217800
2019-05-03,33.0533,35.0,32.8733,34.54,33.1418,229650
2019-05-06,33.1467,33.46,32.3333,32.9,31.5682,527850
2019-05-07,32.3867,32.5467,31.1467,31.5867,30.308,436800
2019-05-08,31.6733,32.1067,31.4333,31.5667,30.2888,252750
2019-05-09,31.24,31.98,31.1333,31.6467,30.3656,169050
2019-05-10,31.4533,32.34,31.22,32.2667,30.9605,193800
2019-05-13,31.42,31.6333,30.58,31.04,29.7835,227850
2019-05-14,31.1333,31.46,30.8667,31.0467,29.7899,181800
2019-05-15,30.7467,31.1733,30.4733,31.0933,29.8347,205800
2019-05-16,31.14,31.3667,30.58,30.8733,29.6236,293850
2019-05-17,30.5667,31.0533,30.4267,30.6067,29.3677,172950
2019-05-20,30.3267,31.2733,29.72,31.16,29.8986,131250
2019-05-21,31.3867,32.0667,31.3333,31.9467,30.6535,148650
2019-05-22,31.7333,31.9,30.84,30.9133,29.662,169200
2019-05-23,30.5467,30.88,30.0867,30.6933,29.4509,205950
2019-05-24,30.9,31.26,30.6933,31.1,29.8411,178650
2019-05-28,31.24,31.98,30.8267,30.86,29.6108,208350
2019-05-29,30.7467,31.4733,30.4733,30.82,29.5724,327300
2019-05-30,30.98,31.44,30.66,30.94,29.6875,177300
2019-05-31,30.3867,30.5933,30.1533,30.26,29.1355,213450
2019-06-03,30.18,30.6667,30.16,30.5733,29.4372,266100
2019-06-04,30.8933,31.8867,30.8333,31.8667,30.6825,112800
2019-06-05,32.0267,32.2667,31.5733,32.0533,30.8622,237600
2019-06-06,32.0,32.24,31.7067,32.12,30.9264,275400
2019-06-07,32.2467,32.9733,32.2467,32.5667,31.3565,153900
2019-06-10,32.7267,33.2067,31.8533,32.4267,31.2217,137100
2019-06-11,32.6933,32.8933,31.8,31.98,30.7916,146550
2019-06-12,31.92,32.3867,31.8267,31.8733,30.6889,102750
2019-06-13,31.9933,32.6933,31.9933,32.6533,31.4399,139800
2019-06-14,32.54,32.8867,32.08,32.0933,30.9007,109500
2019-06-17,32.1333,32.4133,31.8667,32.02,30.8301,153450
2019-06-18,32.2067,32.7733,32.2067,32.3933,31.1896,119250
2019-06-19,32.4133,32.48,31.6333,32.18,30.9842,123000
2019-06-20,32.58,33.0467,32.2133,32.9333,31.7095,198450
2019-06-21,32.6933,32.86,31.8867,32.0733,30.8815,315450
2019-06-24,32.1,32.6667,31.9333,32.3267,31.1254,174900
2019-06-25,32.2667,32.52,31.8133,31.8267,30.644,184500
2019-06-26,31.8667,32.6667,31.6733,32.32,31.119,135450
2019-06-27,32.3267,33.2067,32.3133,33.0133,31.7865,211800
2019-06-28,33.02,34.1067,33.02,33.4533,32.2102,501000
2019-07-01,33.7133,33.9933,32.3733,33.1533,31.9213,268200
2019-07-02,33.1667,33.4333,32.96,33.4133,32.1717,155100
2019-07-03,33.5,33.5,32.68,32.8467,31.626,125100
2019-07-05,32.5867,33.14,32.2,33.14,31.9085,94950
2019-07-08,32.9,33.66,32.84,33.32,32.0818,118350
2019-07-09,33.1533,33.4667,32.9867,33.4267,32.1845,116400
2019-07-10,33.5333,34.22,33.4533,34.02,32.7558,190650
2019-07-11,33.9867,34.0933,33.12,33.2333,31.9984,125550
2019-07-12,33.2933,34.46,33.2933,34.16,32.8906,230550
2019-07-15,34.1933,34.26,33.58,33.58,32.3321,177450
2019-07-16,33.5933,33.98,32.9867,33.7733,32.5183,225000
2019-07-17,33.6467,34.0,33.34,33.3467,32.1075,108750
2019-07-18,33.32,33.7533,33.0667,33.7533,32.499,121050
2019-07-19,33.7333,34.8133,33.44,34.1133,32.8457,299700
2019-07-22,34.2667,34.6133,33.6667,33.7333,32.4798,136950
2019-07-23,33.8333,34.6267,33.7333,34.5467,33.2629,162300
2019-07-24,34.4467,35.1667,34.08,35.0467,33.7443,156750
2019-07-25,34.92,35.0933,33.7533,33.7933,32.5375,141450
2019-07-26,33.86,34.6,33.86,34.5067,33.2244,130500
2019-07-29,34.4267,34.4267,33.7267,33.7867,32.5311,143250
2019-07-30,33.4933,34.5067,33.3133,34.4067,33.1281,232650
2019-07-31,34.52,35.1267,33.5,33.8667,32.6082,454500
2019-08-01,32.74,35.5133,31.9667,34.5733,33.2886,366900
2019-08-02,34.12,34.12,30.6333,31.0667,29.9122,461850
2019-08-05,30.44,31.3067,30.2533,30.64,29.5014,289650
2019-08-06,30.98,30.98,29.84,29.96,28.8467,261900
2019-08-07,29.6,30.02,29.52,29.8267,28.7183,156750
2019-08-08,30.06,30.3933,29.9533,30.2933,29.1676,167550
2019-08-09,30.1533,30.2333,29.2667,29.32,28.2304,189900
2019-08-12,29.04,29.44,28.8933,29.2133,28.1277,167400
2019-08-13,29.08,30.08,29.08,29.9667,28.8531,125700
2019-08-14,29.36,29.7,29.0267,29.5867,28.4872,156900
2019-08-15,29.7667,30.4267,29.56,30.2467,29.1227,120300
2019-08-16,30.4867,31.4267,30.4867,31.38,30.2139,156000
2019-08-19,31.8933,32.58,31.5667,31.5867,30.4129,216600
2019-08-20,31.6267,31.6333,31.1933,31.2267,30.0663,151650
2019-08-21,31.6333,31.9667,31.4067,31.8467,30.6632,158700
2019-08-22,31.8533,32.3533,31.28,31.4133,30.246,251700
2019-08-23,31.28,31.54,30.22,30.3867,29.2575,163350
2019-08-26,30.9,31.0067,30.4467,30.9467,29.7967,145200
2019-08-27,31.1667,31.1667,30.3267,30.5067,29.373,184200
2019-08-28,30.3733,31.4267,30.3733,31.18,30.0213,89100
2019-08-29,31.4867,31.9067,31.1933,31.6867,30.5092,128700
2019-08-30,31.8467,32.2867,31.6467,31.98,30.7916,123900
2019-09-03,31.74,31.74,30.4733,30.7533,29.6105,146100
2019-09-04,31.1267,31.9133,31.0,31.7467,30.5669,177150
2019-09-05,32.12,33.1733,32.0133,32.28,31.0804,210300
2019-09-06,32.5667,32.7667,31.6133,31.6667,30.4899,136350
2019-09-09,31.7533,31.9867,31.1267,31.6133,30.4385,142800
2019-09-10,31.64,32.1267,30.9733,31.8733,30.6889,157050
2019-09-11,32.04,33.1733,32.0067,33.1067,31.8764,233400
2019-09-12,33.3533,34.0867,32.7,33.7533,32.499,362100
2019-09-13,33.94,34.34,33.1067,33.2267,31.9919,288750
2019-09-16,33.1733,33.9467,32.3267,33.8,32.544,171000
2019-09-17,33.6733,34.2267,33.3467,34.0933,32.8264,131100
2019-09-18,34.1067,34.12,33.3333,33.5333,32.2872,206850
2019-09-19,33.7133,33.8133,33.0,33.0467,31.8186,223350
2019-09-20,32.9867,33.22,31.9133,32.6,31.3885,583350
2019-09-23,32.5267,32.9667,31.82,32.1867,30.9906,173250
2019-09-24,32.3733,32.46,30.8067,30.86,29.7132,270450
2019-09-25,31.0333,32.0867,31.0333,31.9733,30.7852,218400
2019-09-26,32.0867,32.0867,30.54,30.58,29.4436,244650
2019-09-27,30.8267,31.38,30.1933,30.3333,29.2061,401550
2019-09-30,30.4733,31.1267,30.24,30.6267,29.4885,336900
2019-10-01,30.9333,31.4267,30.4467,30.52,29.3858,360150
2019-10-02,30.26,30.4067,28.6067,29.0933,28.0122,429600
2019-10-03,28.9267,29.5867,28.38,29.36,28.269,211050
2019-10-04,29.48,30.2,29.32,30.1933,29.0713,223950
2019-10-07,30.0067,30.3,29.8,29.9667,28.8531,308400
2019-10-08,29.6533,30.2733,29.4,29.9267,28.8146,151800
2019-10-09,30.1467,30.4733,30.0667,30.08,28.9622,177000
2019-10-10,30.2333,30.6133,30.16,30.34,29.2125,203400
2019-10-11,30.76,31.8667,30.6,31.3467,30.1818,269400
2019-10-14,31.2133,31.6667,30.8333,31.22,30.0598,274050
2019-10-15,31.3667,31.64,30.6933,31.3667,30.2011,186300
2019-10-16,31.2533,31.5867,30.9933,31.42,30.2524,164700
2019-10-17,31.62,32.12,31.2667,31.84,30.6568,311400
2019-10-18,31.6467,31.82,31.2,31.38,30.2139,192000
2019-10-21,31.6933,32.4067,31.5067,32.0,30.8108,205050
2019-10-22,31.9733,31.9933,31.42,31.7267,30.5477,134250
2019-10-23,31.6867,31.8467,31.2333,31.38,30.2139,183300
2019-10-24,31.5267,31.9333,31.1867,31.7267,30.5477,171300
2019-10-25,31.68,32.26,31.24,31.8933,30.7081,144000
2019-10-28,32.1067,33.0133,32.1067,32.88,31.6581,198150
2019-10-29,32.88,33.5533,32.8333,33.1267,31.8956,240150
2019-10-30,33.1267,33.1733,32.2933,33.1067,31.8764,210300
2019-10-31,31.1,33.1067,31.1,32.44,31.2345,467250
2019-11-01,32.7733,33.04,30.86,32.74,31.5234,343800
2019-11-04,33.0667,33.2,32.6067,33.0733,31.8443,274500
2019-11-05,33.1267,33.3333,32.7333,33.1467,31.9149,178500
2019-11-06,33.18,33.34,32.6667,33.0533,31.825,153300
2019-11-07,33.3267,33.52,32.8333,33.02,31.7929,119100
2019-11-08,32.88,33.4867,32.76,33.42,32.1781,179400
2019-11-11,33.1267,33.7067,33.1267,33.5133,32.2679,149100
2019-11-12,33.4667,33.7733,33.4133,33.5133,32.2679,169500
2019-11-13,33.3133,33.9533,33.2333,33.7533,32.499,162000
2019-11-14,33.68,33.9467,33.5067,33.64,32.3899,133650
2019-11-15,33.84,34.0467,33.3133,33.56,32.3129,169800
2019-11-18,33.4267,33.64,33.1733,33.5,32.2551,153750
2019-11-19,33.5667,33.9133,33.5667,33.7933,32.5375,154950
2019-11-20,33.68,34.0,32.94,33.0267,31.7994,291000
2019-11-21,33.0667,33.0667,31.8267,32.2467,31.0484,387000
2019-11-22,32.3933,32.7,31.4133,32.26,31.0612,304350
2019-11-25,32.4267,33.2933,32.3667,33.04,31.8122,357300
2019-11-26,32.92,33.48,32.6867,32.9,31.78,220950
2019-11-27,32.98,33.2933,32.8067,32.96,31.838,177900
2019-11-29,32.7867,33.0533,32.4667,32.9133,31.7929,64650
2019-12-02,32.84,32.94,32.1933,32.3867,31.2841,198750
2019-12-03,32.1,32.3267,31.6667,31.72,30.6402,150150
2019-12-04,31.9,32.8867,31.9,32.2467,31.1489,257400
2019-12-05,32.3267,32.8,32.3067,32.7533,31.6383,214050
2019-12-06,33.0733,33.7267,33.0733,33.5333,32.3918,321900
2019-12-09,33.4267,33.7667,32.8867,32.9467,31.8251,290550
2019-12-10,32.9933,33.04,32.2267,32.4067,31.3035,186450
2019-12-11,32.6267,33.0133,32.4667,32.9,31.78,209700
2019-12-12,33.0333,33.88,33.0333,33.4933,32.3531,249300
2019-12-13,33.52,33.7867,33.0667,33.32,32.1857,186750
2019-12-16,33.6,33.6667,32.5467,32.6933,31.5804,283500
2019-12-17,32.84,33.5933,32.78,33.46,32.3209,293550
2019-12-18,33.3333,33.4933,32.6733,33.2933,32.1599,254850
2019-12-19,33.2533,33.2533,32.56,32.8667,31.7478,170400
2019-12-20,32.9,33.5067,32.6,33.24,32.1084,994050
2019-12-23,33.3467,33.4667,32.58,33.3067,32.1728,137250
2019-12-24,33.28,33.4133,32.98,33.2,32.0698,67650
2019-12-26,33.2733,33.36,32.9067,33.2667,32.1342,86550
2019-12-27,33.3267,33.5267,32.84,33.2067,32.0762,104250
2019-12-30,33.1333,33.1867,32.58,32.92,31.7993,183150
2019-12-31,32.9267,33.4,32.58,32.94,31.8186,268350
2020-01-02,33.22,33.2667,32.3467,33.26,32.1277,287100
2020-01-03,32.7667,33.6133,32.42,33.5667,32.424,274950
2020-01-06,33.2,33.5667,32.9067,33.5067,32.366,137700
2020-01-07,33.3867,33.5667,33.0467,33.4333,32.2952,106500
2020-01-08,33.4333,33.8,33.3067,33.34,32.205,185100
2020-01-09,33.5733,34.0,33.4133,33.9,32.746,142500
2020-01-10,33.8267,34.1933,33.7,33.8733,32.7202,189750
2020-01-13,33.8667,34.66,33.8667,34.6333,33.4543,119250
2020-01-14,34.4533,34.7533,34.3133,34.6067,33.4286,158700
2020-01-15,34.5133,35.1533,34.2933,34.8533,33.6668,185100
2020-01-16,35.1733,35.4867,34.9667,35.1333,33.9373,177150
2020-01-17,35.4067,35.7267,35.12,35.2533,34.0532,197250
2020-01-21,34.9467,35.62,34.82,35.2333,34.0339,179850
2020-01-22,35.3467,35.5667,34.9533,35.3,34.0983,175200
2020-01-23,35.1067,35.8867,34.7533,35.8667,34.6457,245550
2020-01-24,35.9,35.9,35.32,35.6333,34.4203,155100
2020-01-27,34.9,35.7933,34.9,35.6,34.3881,122850
2020-01-28,35.78,35.8733,35.54,35.7933,34.5748,149250
2020-01-29,35.94,36.1133,35.5267,35.74,34.5233,118650
2020-01-30,35.44,36.2267,35.44,36.1867,34.9548,133200
2020-01-31,35.9933,36.3667,34.76,34.96,33.7699,199500
2020-02-03,35.2667,35.84,35.2667,35.3867,34.182,223650
2020-02-04,35.9533,36.0933,35.4333,35.6,34.3881,313650
2020-02-05,36.0333,36.5333,35.7467,36.0667,34.8389,233250
2020-02-06,36.26,36.4067,35.88,36.24,35.0063,176550
2020-02-07,36.1133,36.4533,35.9267,36.3333,35.0965,99600
2020-02-10,36.0133,36.6333,35.84,36.58,35.3347,196500
2020-02-11,36.64,37.46,36.48,36.74,35.4893,136650
2020-02-12,36.9667,37.3333,36.4,37.1133,35.8499,205500
2020-02-13,36.8467,37.6867,36.8333,37.5733,36.2942,123000
2020-02-14,37.6133,38.2267,37.54,38.0533,36.7579,165300
2020-02-18,37.8,38.1733,37.1067,37.16,35.895,139350
2020-02-19,37.2267,38.2133,37.1867,38.0933,36.7965,128550
2020-02-20,37.8467,38.3667,37.3467,37.66,36.378,137100
2020-02-21,37.5667,37.5667,36.82,36.8333,35.5794,208800
2020-02-24,35.5333,36.1467,35.5067,35.84,34.6199,216000
2020-02-25,36.04,36.04,35.0467,35.3467,34.1434,318150
2020-02-26,35.5067,36.3533,35.3867,35.4133,34.2078,337350
2020-02-27,34.9467,39.2333,34.9467,38.3933,37.0863,697800
2020-02-28,37.4933,38.4733,35.7467,36.6733,35.4249,824550
2020-03-02,36.7667,38.6533,35.9,38.5933,37.2795,341400
2020-03-03,38.3733,38.8333,36.58,37.4533,36.1783,363750
2020-03-04,38.1933,40.0,37.8067,39.8533,38.4966,309900
2020-03-05,38.6,39.7667,38.1067,39.0733,37.7432,334650
2020-03-06,37.74,39.4933,37.7333,39.3133,37.975,373800
2020-03-09,37.02,37.1733,33.7067,34.4533,33.2805,630750
2020-03-10,35.66,35.66,34.2267,34.64,33.4608,580650
2020-03-11,33.6733,33.8133,28.4533,29.48,28.4764,1897500
2020-03-12,27.6667,31.4333,26.9867,27.5133,26.5767,1192650
2020-03-13,29.1867,35.16,27.9933,34.7333,33.5509,887850
2020-03-16,28.0,35.2867,28.0,34.1933,33.0293,838950
2020-03-17,34.58,34.98,30.8733,31.9267,30.8398,1475700
2020-03-18,30.02,32.3733,29.42,31.5733,30.4985,634050
2020-03-19,31.7133,35.3333,30.6467,32.78,31.6641,856500
2020-03-20,33.5133,34.4267,29.8067,30.26,29.2299,714300
2020-03-23,30.8133,32.58,29.8133,31.8333,30.7496,467100
2020-03-24,33.1733,34.58,29.6867,30.3267,29.2943,532200
2020-03-25,30.2933,31.6333,28.34,28.5,27.5298,603900
2020-03-26,28.86,32.6733,28.86,32.2733,31.1747,525450
2020-03-27,31.1267,31.98,30.0867,30.84,29.7901,342900
2020-03-30,31.1933,32.4067,30.7,32.1733,31.0781,391650
2020-03-31,32.0933,33.9867,31.4267,32.2133,31.1167,583350
2020-04-01,31.4067,31.9533,30.72,31.2533,30.1894,390600
2020-04-02,31.44,32.5267,31.0667,32.1067,31.0137,284700
2020-04-03,31.8,33.0,29.2267,29.94,28.9208,397800
2020-04-06,31.1067,32.7133,30.32,32.1533,31.0588,419100
2020-04-07,32.6667,33.12,30.9467,31.3,30.2345,424800
2020-04-08,31.7333,32.9133,31.0467,32.7,31.5868,298950
2020-04-09,32.9933,33.62,31.76,31.94,30.8527,404250
2020-04-13,31.7267,32.4267,31.1267,31.84,30.7561,361500
2020-04-14,32.32,32.96,31.0,31.6267,30.55,551400
2020-04-15,31.0,31.76,30.4733,31.08,30.022,304650
2020-04-16,31.3,31.6,30.0,30.3467,29.3136,410400
2020-04-17,31.02,32.12,30.42,31.9,30.814,403350
2020-04-20,31.6667,31.6667,30.1733,30.92,29.8674,321600
2020-04-21,29.9067,30.7533,29.6733,29.8667,28.8499,239850
2020-04-22,30.4733,30.9133,29.6067,30.3867,29.3522,310350
2020-04-23,30.4267,32.2733,30.2667,31.98,30.8913,372900
2020-04-24,32.0,32.0133,31.1733,31.78,30.6981,296100
2020-04-27,31.5933,32.62,31.5933,32.0333,30.9428,416850
2020-04-28,32.5733,33.12,31.9333,32.2133,31.1167,269850
2020-04-29,32.8,33.64,31.4533,32.3533,31.2519,745500
2020-04-30,31.92,32.0,30.72,31.76,30.6788,406200
2020-05-01,31.0667,31.2,29.86,30.2733,29.2428,342300
2020-05-04,29.7667,31.24,29.34,30.2733,29.2428,383100
2020-05-05,30.86,31.32,30.5333,30.7533,29.7064,397950
2020-05-06,30.9267,31.5667,30.5933,31.28,30.2152,303900
2020-05-07,33.4067,33.92,31.8867,32.3867,31.2841,698550
2020-05-08,32.7133,33.5733,32.06,32.6267,31.516,506100
2020-05-11,32.24,33.3333,31.98,32.2933,31.194,500250
2020-05-12,32.3933,32.84,31.5933,31.6933,30.6144,370350
2020-05-13,31.5,32.0933,30.1733,31.0067,29.9511,350850
2020-05-14,30.4867,30.72,29.6533,30.6267,29.5841,379200
2020-05-15,31.7,31.9133,30.74,31.8333,30.7496,395250
2020-05-18,32.9133,34.1667,32.8067,34.0467,32.8876,327000
2020-05-19,34.0467,34.38,33.26,33.28,32.1471,210450
2020-05-20,33.78,34.4533,33.28,33.5533,32.4111,274650
2020-05-21,33.36,34.58,33.36,34.5267,33.3513,242100
2020-05-22,34.62,35.0933,34.0467,34.4667,33.2933,274650
2020-05-26,35.22,37.0333,35.22,36.52,35.2768,309000
2020-05-27,36.7267,37.6067,36.24,36.6533,35.4056,429300
2020-05-28,36.8,37.1133,35.9467,36.1467,34.9161,308550
2020-05-29,35.8333,36.48,35.2667,36.1133,34.8839,432600
2020-06-01,36.1133,37.0267,35.4467,36.18,34.9483,460350
2020-06-02,36.2733,36.42,35.42,36.1733,35.0647,370950
2020-06-03,36.4867,37.2733,36.4867,36.92,35.7884,320700
2020-06-04,36.4667,37.5667,36.38,37.3667,36.2214,236250
2020-06-05,38.0467,39.14,37.58,38.9133,37.7207,432000
2020-06-08,38.9733,39.5667,38.4667,38.5467,37.3653,424350
2020-06-09,38.12,38.7667,37.6133,38.1933,37.0228,316800
2020-06-10,38.4533,38.4533,37.4467,37.5667,36.4153,324900
2020-06-11,36.6267,36.6267,34.5467,34.5933,33.5331,618000
2020-06-12,35.9333,35.9333,34.06,34.64,33.5783,258600
2020-06-15,33.58,35.62,33.2667,35.14,34.063,290250
2020-06-16,36.2667,36.5667,35.3133,35.86,34.7609,208950
2020-06-17,36.1667,36.26,35.3133,35.42,34.3344,209250
2020-06-18,35.4733,36.14,35.3533,35.5867,34.496,199950
2020-06-19,35.9133,36.02,35.2,35.5867,34.496,484800
2020-06-22,35.3333,36.1133,34.6733,36.0333,34.929,232350
2020-06-23,36.4533,36.5467,36.0733,36.14,35.0324,181200
2020-06-24,35.7733,35.9667,34.88,35.18,34.1018,251400
2020-06-25,34.9867,35.4267,34.34,35.3933,34.3086,319650
2020-06-26,35.2267,35.2267,33.6933,33.82,32.7835,577500
2020-06-29,34.3333,35.9067,34.1467,35.78,34.6834,373050
2020-06-30,35.5733,36.4267,35.5133,36.1933,35.0841,271950
2020-07-01,36.2067,36.3867,35.04,35.1267,34.0501,262500
2020-07-02,35.6467,36.1867,35.2,35.82,34.7222,255450
2020-07-06,36.3733,36.62,36.0467,36.3933,35.2779,197850
2020-07-07,36.2667,38.2067,36.2667,36.8067,35.6786,637950
2020-07-08,36.8067,36.9733,35.5,36.18,35.0711,394350
2020-07-09,36.0333,36.8667,35.3533,35.6267,34.5347,276600
2020-07-10,35.6467,36.3133,35.2467,36.12,35.013,172950
2020-07-13,36.38,37.36,35.9467,36.3133,35.2004,490050
2020-07-14,36.5733,37.5533,36.04,37.4933,36.3442,359250
2020-07-15,38.2267,38.9,37.8667,38.44,37.2619,461700
2020-07-16,38.1667,38.9667,38.0333,38.4267,37.2489,219000
2020-07-17,38.3333,38.8667,38.1667,38.7333,37.5462,279750
2020-07-20,38.52,38.8533,38.3133,38.34,37.1649,153150
2020-07-21,38.76,38.8933,38.22,38.6,37.417,193500
2020-07-22,38.3533,39.4067,38.3533,38.74,37.5527,220500
2020-07-23,38.9,40.0,38.68,38.9933,37.7982,435150
2020-07-24,38.9933,39.0533,38.22,38.4267,37.2489,193350
2020-07-27,38.4733,38.6533,38.2333,38.6133,37.4299,155700
2020-07-28,38.36,38.8133,37.7067,38.0267,36.8612,307800
2020-07-29,38.22,39.72,38.22,39.4,38.1924,316050
2020-07-30,38.6667,39.26,38.2,38.8267,37.6367,271050
2020-07-31,38.4467,39.5333,38.4467,39.5,38.2894,391650
2020-08-03,39.6467,40.7267,39.6467,40.2133,38.9808,337050
2020-08-04,40.08,40.1667,39.32,39.7933,38.5737,227550
2020-08-05,40.02,40.3333,39.5533,39.9867,38.7611,270750
2020-08-06,38.0,38.3267,36.0067,37.9467,36.7836,722100
2020-08-07,38.0333,39.3733,37.5733,39.06,37.8629,328500
2020-08-10,39.2,40.1467,38.62,39.6333,38.4186,284550
2020-08-11,40.0,40.64,39.8667,40.0133,38.787,343650
2020-08-12,40.3133,40.4267,39.38,39.7267,38.5091,282750
2020-08-13,39.6333,39.8467,39.24,39.4333,38.2248,205800
2020-08-14,39.2133,39.2133,38.3467,38.54,37.3588,319200
2020-08-17,38.6867,39.6467,38.6333,39.6467,38.4315,276000
2020-08-18,39.68,40.04,39.5133,39.84,38.6189,217800
2020-08-19,40.0333,40.4267,39.5,39.6467,38.4315,234900
2020-08-20,39.3933,39.9467,39.0333,39.12,37.921,234900
2020-08-21,39.1333,39.2533,38.5333,39.0533,37.8564,265800
2020-08-24,39.5,39.5,38.7733,39.12,37.921,210900
2020-08-25,39.26,39.26,38.5067,38.8467,37.6561,221400
2020-08-26,38.8733,38.9667,38.4333,38.66,37.4751,209550
2020-08-27,38.8,39.0133,38.2667,38.6467,37.4622,307950
2020-08-28,38.8,38.8,37.8467,38.3267,37.152,205500
2020-08-31,38.2667,38.4933,37.66,37.9533,36.7901,330300
2020-09-01,37.7667,38.2067,37.2,38.0933,36.9258,466500
2020-09-02,38.3333,38.7533,37.9333,38.5267,37.3459,270600
2020-09-03,38.56,38.6667,37.6933,38.0,36.8353,249300
2020-09-04,38.54,38.6067,37.6067,37.62,36.467,192000
2020-09-08,37.26,37.5467,36.64,37.0,35.866,228600
2020-09-09,37.24,37.6733,37.0133,37.0933,35.9565,235800
2020-09-10,37.0933,37.6533,36.8467,37.3933,36.2473,394650
2020-09-11,37.6067,37.9333,37.3333,37.64,36.4864,330300
2020-09-14,37.8133,37.96,37.56,37.76,36.6027,361650
2020-09-15,37.98,38.5667,37.9467,38.2667,37.0938,235350
2020-09-16,38.3867,38.9933,38.2733,38.56,37.3782,305700
2020-09-17,38.16,39.2,37.9333,38.54,37.3588,313350
2020-09-18,38.86,39.46,37.96,38.18,37.0098,778950
2020-09-21,37.5533,37.5533,36.5667,37.3667,36.2214,333000
2020-09-22,37.4533,38.0533,37.0933,37.9933,36.8289,267450
2020-09-23,38.0467,38.72,37.0,37.52,36.3701,340950
2020-09-24,37.5133,38.4067,37.2333,38.2267,37.0551,266250
2020-09-25,38.0133,38.5267,37.8333,38.2867,37.1132,181950
2020-09-28,38.62,39.3,38.5867,38.9333,37.7401,226350
2020-09-29,38.8933,39.84,38.8933,39.7267,38.5091,259950
2020-09-30,39.84,40.8267,39.84,40.1667,38.9356,442350
2020-10-01,40.3533,40.78,39.58,40.36,39.123,309000
2020-10-02,39.7267,40.7933,39.6467,40.62,39.3751,209400
2020-10-05,40.6933,41.5867,40.6933,41.3667,40.0988,227400
2020-10-06,41.5067,42.4933,41.0733,41.92,40.6352,350850
2020-10-07,42.0733,42.86,41.74,41.9,40.6158,349050
2020-10-08,42.1733,42.3267,41.4133,41.8467,40.5641,189750
2020-10-09,42.1267,42.88,41.9133,42.3733,41.0746,201300
2020-10-12,42.38,43.7933,42.3667,43.5267,42.1926,218700
2020-10-13,43.1267,43.6,42.3667,42.7133,41.4042,253350
2020-10-14,42.7133,43.2333,42.54,42.7933,41.4818,214200
2020-10-15,42.3267,42.4533,41.6067,42.1933,40.9002,233250
2020-10-16,42.1467,42.5267,41.9333,42.0533,40.7645,163650
2020-10-19,42.2133,42.3333,40.78,40.8933,39.64,173550
2020-10-20,41.12,41.4,40.68,40.9267,39.6723,134550
2020-10-21,41.0,41.2867,40.66,40.66,39.4138,138000
2020-10-22,40.84,41.1333,40.5533,40.82,39.5689,184200
2020-10-23,40.9267,41.3867,40.7667,41.24,39.976,131700
2020-10-26,40.7533,40.8733,40.0667,40.52,39.2781,156750
2020-10-27,40.5467,40.72,40.02,40.0667,38.8387,200700
2020-10-28,39.4133,39.7467,38.2867,38.3533,37.1778,399000
2020-10-29,38.0667,39.5,37.7467,39.32,38.1149,280350
2020-10-30,39.1667,39.4133,37.5133,38.94,37.7465,194700
2020-11-02,39.36,40.0933,39.14,39.6667,38.4509,241950
2020-11-03,40.1933,40.74,39.7667,40.4133,39.1747,233250
2020-11-04,40.0667,40.2467,38.8533,39.7733,38.5543,231000
2020-11-05,40.6667,41.5467,39.3933,41.12,39.8597,305100
2020-11-06,41.3733,42.46,39.78,42.36,41.0617,244950
2020-11-09,44.38,46.2733,42.1333,42.2133,40.9195,643200
2020-11-10,42.5067,44.7533,41.42,43.7133,42.3736,473850
2020-11-11,43.5467,43.82,41.9133,43.6067,42.2702,204600
2020-11-12,43.34,43.66,41.38,41.9533,40.6675,297600
2020-11-13,42.2467,43.6533,42.2467,43.3933,42.0634,231900
2020-11-16,43.8933,45.16,43.3933,44.6533,43.2848,289350
2020-11-17,44.22,45.0,43.46,44.8267,43.4528,340200
2020-11-18,44.7,45.3267,43.4133,44.6733,43.3041,424350
2020-11-19,44.6133,44.94,43.3067,43.84,42.4964,232950
2020-11-20,43.3667,44.1467,42.7667,43.6467,42.309,566850
2020-11-23,43.82,44.28,42.9533,44.0,42.6515,201300
2020-11-24,44.7733,45.2467,44.2267,44.5333,43.1684,244500
2020-11-25,44.3,45.0667,43.3733,43.9133,42.6889,236400
2020-11-27,43.74,44.0667,43.54,43.9467,42.7213,87150
2020-11-30,43.6867,43.8333,42.7667,43.42,42.2093,339450
2020-12-01,43.8933,44.08,42.74,42.8267,41.6325,317850
2020-12-02,42.58,42.8,41.7133,42.4867,41.302,220050
2020-12-03,42.5467,42.8733,41.3,41.3333,40.1808,466500
2020-12-04,41.54,42.0333,41.2733,41.6333,40.4724,252450
2020-12-07,41.5867,42.0133,41.1933,41.4333,40.278,220500
2020-12-08,41.1933,41.74,40.8667,41.4867,40.3299,355200
2020-12-09,41.66,42.5,41.3733,42.2533,41.0752,258300
2020-12-10,41.92,42.3333,41.0333,41.6667,40.5048,193050
2020-12-11,41.4,42.2933,41.4,42.0667,40.8937,154800
2020-12-14,43.1067,43.1067,41.4133,41.5867,40.4271,262200
2020-12-15,41.8733,42.38,41.42,42.1533,40.9779,213750
2020-12-16,42.4,42.6067,41.6333,41.92,40.7511,180900
2020-12-17,42.02,43.2933,42.02,43.2267,42.0213,263550
2020-12-18,43.4733,43.8267,42.6867,42.88,41.6843,735600
2020-12-21,42.02,42.8733,41.6867,42.8267,41.6325,229950
2020-12-22,42.7933,43.3,42.22,42.88,41.6843,183450
2020-12-23,43.1,43.6333,42.6,43.4733,42.2611,250050
2020-12-24,43.7067,43.86,43.3467,43.6533,42.4361,58200
2020-12-28,43.9533,44.9867,41.0067,44.4133,43.1749,331800
2020-12-29,44.48,44.6933,43.8067,44.48,43.2397,406050
2020-12-30,44.74,45.7533,44.1533,44.3267,43.0907,276600
2020-12-31,44.4533,44.5267,43.5867,44.42,43.1814,259350
2021-01-04,44.6067,44.9,42.86,43.14,41.9371,420000
2021-01-05,42.9933,44.14,42.9933,43.6267,42.4102,232800
2021-01-06,44.2,46.44,42.8067,45.92,44.6396,588450
2021-01-07,46.0533,47.1467,45.3733,46.98,45.67,471150
2021-01-08,46.9733,47.3,45.68,46.2067,44.9183,377100
2021-01-11,45.5733,46.4133,45.5733,46.2467,44.9571,222000
2021-01-12,46.74,47.7067,46.0467,47.5733,46.2468,213150
2021-01-13,47.6467,47.76,46.5867,46.7133,45.4108,211200
2021-01-14,46.8533,47.4333,46.6867,47.26,45.9422,209850
2021-01-15,46.8533,47.62,45.86,46.96,45.6506,234150
2021-01-19,47.4733,48.0,47.02,47.0533,45.7413,176550
2021-01-20,47.0267,47.86,46.64,47.8,46.4672,229050
2021-01-21,47.9933,48.1667,47.1733,47.7667,46.4348,250350
2021-01-22,47.5067,48.7533,47.2867,48.4933,47.1412,244050
2021-01-25,48.26,49.2667,47.6667,48.8667,47.5041,350100
2021-01-26,49.2667,49.38,47.9133,49.1533,47.7828,246000
2021-01-27,48.16,50.6867,47.9133,50.3933,48.9882,421350
2021-01-28,50.4667,51.6733,49.1467,49.3533,47.9772,422100
2021-01-29,49.2067,49.6067,48.08,49.3333,47.9577,597150
2021-02-01,49.66,50.1467,48.4733,49.9733,48.5799,307800
2021-02-02,50.4733,50.9,49.6533,50.5667,49.1567,196650
2021-02-03,50.3067,51.1733,49.9933,50.36,48.9558,207900
2021-02-04,50.36,51.3733,50.0067,51.2467,49.8177,169050
2021-02-05,51.8,52.4733,51.1467,51.76,50.3167,146400
2021-02-08,51.7333,53.76,51.6133,53.6467,52.1508,314400
2021-02-09,52.7067,54.1267,52.4067,53.8667,52.3647,454950
2021-02-10,54.0,54.1667,52.6133,53.1,51.6194,199350
2021-02-11,53.4667,53.7667,51.7267,52.9067,51.4314,232050
2021-02-12,53.1,53.72,52.5267,52.8067,51.3342,189300
2021-02-16,52.7667,52.8933,51.0867,51.2067,49.7788,232650
2021-02-17,50.9667,51.5533,50.0067,50.3533,48.9493,303450
2021-02-18,50.3533,50.7533,49.4133,50.3267,48.9234,222900
2021-02-19,50.4533,51.76,50.4533,51.3333,49.902,292950
2021-02-22,50.9267,51.12,50.0067,50.6667,49.2539,221700
2021-02-23,50.4867,51.54,50.0733,51.22,49.7918,199050
2021-02-24,51.12,52.0467,50.18,51.92,50.4723,198300
2021-02-25,51.48,52.8533,50.08,51.0867,49.6622,280650
2021-02-26,51.6067,52.1267,50.9,51.4,49.9668,286950
2021-03-01,52.3,52.5933,51.2467,51.5867,50.1482,217500
2021-03-02,51.38,51.38,49.52,49.9467,48.554,217350
2021-03-03,49.8533,50.3733,49.24,49.3933,48.0161,214200
2021-03-04,49.2867,50.0733,47.92,48.0467,46.7069,357000
2021-03-05,48.02,48.8533,47.1467,48.5333,47.18,493950
2021-03-08,48.9333,49.6733,48.7533,48.7667,47.4069,349350
2021-03-09,49.1533,49.98,49.12,49.1667,47.7957,182100
2021-03-10,49.3067,50.0,48.6667,49.44,48.0614,197700
2021-03-11,48.32,49.3267,48.06,48.9067,47.543,393150
2021-03-12,48.6333,50.0,48.6333,49.9067,48.5151,346350
2021-03-15,49.3333,50.0,48.8333,50.0,48.6058,246900
2021-03-16,49.4867,50.0,48.38,48.6333,47.2773,275550
2021-03-17,48.36,48.68,47.7867,48.3733,47.0245,266400
2021-03-18,48.22,49.2,47.5867,48.5667,47.2124,219900
2021-03-19,48.4667,48.7467,47.68,48.2267,46.8819,672300
2021-03-22,48.4467,48.4467,46.7867,47.32,46.0005,192300
2021-03-23,46.98,47.2933,46.4267,46.7,45.3978,277200
2021-03-24,47.0067,48.0333,46.2267,46.3133,45.0219,190200
2021-03-25,45.9933,47.5467,45.8733,47.22,45.9033,187800
2021-03-26,47.4133,48.5333,47.0,48.22,46.8755,210150
2021-03-29,48.0333,49.2533,46.5867,46.94,45.6311,303150
2021-03-30,46.8533,47.58,46.7467,47.18,45.8644,180450
2021-03-31,47.4333,47.82,46.4533,46.6733,45.3719,401850
2021-04-01,46.7533,47.4467,46.3867,47.2467,45.9292,249900
2021-04-05,47.6667,48.2,46.9333,47.2267,45.9098,168900
2021-04-06,47.3133,47.36,46.6867,47.0333,45.7219,167700
2021-04-07,47.08,47.08,45.9333,45.9467,44.6655,147750
2021-04-08,46.3,46.5933,45.5,45.8,44.5229,200100
2021-04-09,45.8467,46.8867,45.5867,46.7733,45.4691,183600
2021-04-12,46.4933,46.72,46.0733,46.4533,45.158,201300
2021-04-13,46.3,46.3,45.1933,45.8867,44.6072,208500
2021-04-14,46.0333,46.6667,45.8933,45.8933,44.6136,148800
2021-04-15,46.2533,46.6733,45.84,46.4533,45.158,142500
2021-04-16,46.6667,46.6667,46.1133,46.34,45.0479,105150
2021-04-19,46.4067,46.6333,45.8667,46.1867,44.8988,154050
2021-04-20,45.9933,46.6,45.1867,45.6067,44.335,128250
2021-04-21,45.4733,46.46,45.4733,46.1933,44.9053,89700
2021-04-22,46.3667,46.68,46.0867,46.4533,45.158,156000
2021-04-23,46.4333,46.7,46.0733,46.5333,45.2358,135750
2021-04-26,46.6667,46.7333,45.6333,45.6933,44.4192,117150
2021-04-27,45.9067,46.0133,45.3333,45.6867,44.4128,101100
2021-04-28,45.5267,45.5267,44.72,45.4067,44.1406,188250
2021-04-29,45.4933,45.8133,44.7667,45.04,43.7841,109500
2021-04-30,44.6667,44.6667,43.48,43.6067,42.3907,264900
2021-05-03,44.06,44.5,43.6533,44.1333,42.9027,327450
2021-05-04,44.0333,44.0333,42.66,42.7067,41.5158,135900
2021-05-05,42.8467,43.7733,41.86,42.48,41.2955,161700
2021-05-06,42.2133,43.3,42.0,42.68,41.4899,271200
2021-05-07,42.4933,44.3333,42.4933,44.1933,42.9611,169650
2021-05-10,43.8267,44.5133,43.7067,43.9467,42.7213,213900
2021-05-11,43.44,43.9933,43.02,43.4933,42.2806,169650
2021-05-12,43.3867,43.88,42.66,42.9867,41.788,236700
2021-05-13,43.1333,44.56,42.96,44.3,43.0648,259350
2021-05-14,44.3733,45.8867,44.04,45.76,44.484,203850
2021-05-17,45.52,45.52,44.9333,45.2467,43.985,201900
2021-05-18,45.3333,46.0333,44.26,44.36,43.1231,214350
2021-05-19,43.9467,44.56,43.2267,44.3333,43.0972,155550
2021-05-20,44.4733,44.72,44.2067,44.5867,43.3434,126900
2021-05-21,44.9533,45.48,44.4267,44.5333,43.2916,240000
2021-05-24,44.6667,44.78,44.14,44.24,43.0064,232350
2021-05-25,44.2667,44.6867,43.8067,43.9733,42.7472,223950
2021-05-26,44.22,44.78,44.1667,44.3667,43.1296,189000
2021-05-27,44.62,44.76,43.96,43.9733,42.7472,261750
2021-05-28,44.0333,44.5733,43.6867,44.1667,42.9351,238800
2021-06-01,44.2533,44.76,43.8667,44.2867,43.0518,287250
2021-06-02,44.36,44.36,42.3133,42.4667,41.401,235650
2021-06-03,42.2,42.9133,41.8733,42.7867,41.7129,156150
2021-06-04,42.8333,43.3333,42.8333,42.88,41.8039,134250
2021-06-07,42.9267,43.1733,42.54,42.98,41.9014,165900
2021-06-08,43.18,43.36,42.76,43.04,41.9599,129000
2021-06-09,43.0,43.2067,42.7933,43.0333,41.9534,160800
2021-06-10,43.24,43.24,42.2667,42.5067,41.44,213750
2021-06-11,42.7533,43.1133,42.6133,43.06,41.9794,143250
2021-06-14,43.08,43.08,42.2667,42.5733,41.5049,254850
2021-06-15,42.68,42.9733,42.2,42.6,41.5309,211350
2021-06-16,42.5333,42.8267,41.8333,41.8867,40.8355,220650
2021-06-17,42.0133,42.2067,41.4267,42.1267,41.0695,226350
2021-06-18,41.5867,41.8867,40.44,40.6,39.5811,462150
2021-06-21,40.98,42.1267,40.98,41.7067,40.66,287250
2021-06-22,41.6667,41.6667,40.92,41.3133,40.2766,246600
2021-06-23,41.34,41.3867,40.6067,40.66,39.6396,205950
2021-06-24,40.7933,41.2933,40.4,40.84,39.8151,193950
2021-06-25,40.9667,41.4933,40.52,40.72,39.6981,587100
2021-06-28,40.8467,41.1733,40.22,40.9467,39.9191,351300
2021-06-29,41.2133,42.66,41.1067,42.5067,41.44,232050
2021-06-30,42.2267,42.6867,41.6067,41.7267,40.6795,693600
2021-07-01,41.8,42.3,41.54,41.7333,40.686,579900
2021-07-02,41.9467,42.42,41.5133,42.0933,41.037,267600
2021-07-06,42.0067,42.42,40.8867,41.6333,40.5885,241650
2021-07-07,41.58,42.8133,41.5267,42.26,41.1995,164400
2021-07-08,41.4533,42.48,41.28,41.82,40.7705,231150
2021-07-09,42.1933,42.54,41.4733,42.1133,41.0565,124200
2021-07-12,42.08,42.2467,41.3267,41.7733,40.725,138300
2021-07-13,41.5,41.9333,41.0133,41.0133,39.9841,114900
2021-07-14,41.1333,41.3133,40.58,40.8133,39.7891,122400
2021-07-15,40.8133,41.0733,40.4467,40.6467,39.6266,138000
2021-07-16,41.0067,41.16,40.4533,40.5,39.4836,142350
2021-07-19,40.26,41.02,40.0133,40.7133,39.6916,186600
2021-07-20,40.6267,41.9,40.54,40.9467,39.9191,256950
2021-07-21,41.2267,41.7067,40.9333,41.1867,40.1531,143700
2021-07-22,41.2067,41.3533,39.9933,40.06,39.0547,127350
2021-07-23,40.1933,40.5067,39.8333,40.4333,39.4186,168450
2021-07-26,40.4733,40.48,39.8867,40.0,38.9962,157050
2021-07-27,39.7933,40.44,39.48,39.9133,38.9117,315750
2021-07-28,40.1667,40.9533,39.6067,40.56,39.5421,144750
2021-07-29,40.76,41.46,40.44,41.4067,40.3676,107400
2021-07-30,41.2533,41.9333,41.2533,41.4333,40.3936,180750
2021-08-02,41.5933,42.1867,41.0733,41.2267,40.1921,152850
2021-08-03,41.36,42.32,41.06,41.9867,40.933,290550
2021-08-04,41.72,42.2133,41.0733,41.3867,40.348,141150
2021-08-05,41.6533,42.4067,41.5267,42.1533,41.0955,166200
2021-08-06,43.3333,45.3467,43.32,44.8333,43.7082,322200
2021-08-09,44.9533,46.1933,44.8733,45.7,44.5532,312450
2021-08-10,45.9133,47.0467,45.56,46.7667,45.593,276600
2021-08-11,46.9933,47.0,45.96,46.2133,45.0536,207900
2021-08-12,46.1733,46.56,45.8667,46.18,45.0211,143850
2021-08-13,46.0733,46.0733,45.16,45.98,44.8261,153750
2021-08-16,45.68,46.4067,45.2067,46.2267,45.0666,131100
2021-08-17,45.7733,45.8533,45.0533,45.38,44.2412,141750
2021-08-18,45.38,45.68,44.6933,44.6933,43.5717,80100
2021-08-19,44.4,45.7933,44.3867,45.6133,44.4687,208950
2021-08-20,46.0467,46.5133,45.4133,45.96,44.8066,185250
2021-08-23,45.96,46.5933,45.6667,46.1267,44.9691,129750
2021-08-24,46.1733,46.36,45.8467,45.9667,44.8131,131550
2021-08-25,45.84,46.3533,45.56,45.6533,44.5076,120600
2021-08-26,45.54,45.54,44.8267,44.9267,43.7992,175350
2021-08-27,45.02,45.9133,44.84,45.8133,44.6636,270150
2021-08-30,46.06,46.2267,45.6467,46.1333,44.9756,244050
2021-08-31,46.0,46.0,45.3467,45.4067,44.2672,174300
2021-09-01,45.5,45.66,44.3333,44.9933,43.8642,173100
2021-09-02,45.12,45.5733,45.0133,45.44,44.2997,132450
2021-09-03,45.26,45.6267,44.6667,44.8067,43.6822,146400
2021-09-07,44.64,44.64,42.9533,43.14,42.0574,274200
2021-09-08,42.94,43.6333,42.7133,43.2733,42.1874,221850
2021-09-09,43.2533,43.52,42.7,43.1133,42.0314,198150
2021-09-10,43.2067,43.5933,42.8733,43.38,42.2914,377700
2021-09-13,43.66,43.9333,42.82,43.3467,42.2589,443250
2021-09-14,43.5133,43.8667,42.8333,43.6133,42.5188,258300
2021-09-15,43.6733,44.0667,43.3267,43.5467,42.4539,227550
2021-09-16,43.7533,43.7533,42.9667,43.3467,42.2589,137550
2021-09-17,43.52,44.0467,43.22,44.0,42.8958,711750
2021-09-20,43.34,43.8933,43.18,43.78,42.6813,317550
2021-09-21,44.1467,44.1467,43.3333,43.4933,42.4019,123000
2021-09-22,43.7733,44.3467,43.6267,43.92,42.8178,154200
2021-09-23,44.1533,45.4333,44.0333,45.3867,44.2477,337650
2021-09-24,45.2867,45.3267,44.5733,44.5867,43.4678,162000
2021-09-27,44.6067,45.3267,44.5333,44.8667,43.7407,230400
2021-09-28,44.8467,44.8467,43.94,44.1133,43.0063,196500
2021-09-29,44.1733,44.6733,44.12,44.1867,43.0778,138600
2021-09-30,44.3867,45.7067,43.4733,43.56,42.4668,141150
2021-10-01,43.62,45.5,43.06,44.4067,43.2923,259500
2021-10-04,44.16,45.0133,43.8067,44.72,43.5977,181350
2021-10-05,44.7867,45.6533,44.32,45.2467,44.1112,162300
2021-10-06,44.92,45.72,44.18,45.0867,43.9552,197850
2021-10-07,45.38,46.6333,45.38,46.5733,45.4046,204300
2021-10-08,46.4467,46.7,45.92,45.9933,44.8391,126600
2021-10-11,45.94,46.38,45.2733,45.28,44.1437,124050
2021-10-12,45.32,45.6,44.72,44.74,43.6172,115950
2021-10-13,44.8133,45.2133,44.38,44.9333,43.8057,149400
2021-10-14,45.36,46.4133,45.2,46.1933,45.0341,103650
2021-10-15,46.8067,47.4867,46.4,46.6667,45.4956,190050
2021-10-18,46.3333,47.3333,46.0933,47.2333,46.048,76950
2021-10-19,47.4067,47.64,47.0,47.64,46.4445,208050
2021-10-20,47.5667,47.8533,46.9333,47.0267,45.8465,75900
2021-10-21,46.92,47.9067,46.6533,46.8333,45.658,130800
2021-10-22,46.6733,47.4,46.6733,47.1467,45.9635,93750
2021-10-25,46.9667,47.7667,46.7333,46.8067,45.632,171600
2021-10-26,46.8667,47.16,46.3067,46.6733,45.5021,211800
2021-10-27,46.52,47.1667,46.1133,46.1267,44.9691,116850
2021-10-28,46.36,47.84,46.36,47.68,46.4835,114750
2021-10-29,47.5933,47.94,47.3067,47.7667,46.5679,120000
2021-11-01,47.8533,48.6467,47.5467,48.3267,47.1139,137850
2021-11-02,48.3333,48.7667,47.7133,47.9133,46.7109,232650
2021-11-03,47.7067,48.6667,46.9467,48.4333,47.2179,150300
2021-11-04,48.4,50.08,48.4,49.3067,48.0693,178500
2021-11-05,48.34,50.24,47.3867,49.2667,48.0303,258450
2021-11-08,49.4533,50.1,49.2733,49.8733,48.6217,160650
2021-11-09,49.76,51.32,49.74,51.1067,49.8241,271650
2021-11-10,50.9733,51.3,50.5,51.16,49.8761,141150
2021-11-11,51.3333,51.38,50.84,51.12,49.8371,140550
2021-11-12,51.2667,52.2133,50.9333,51.66,50.3636,195450
2021-11-15,51.56,51.8667,50.8933,51.1667,49.8826,435000
2021-11-16,51.1933,51.7667,50.7867,51.3933,50.1036,165000
2021-11-17,51.1,51.34,50.24,50.8667,49.5901,345300
2021-11-18,50.8333,51.5867,50.4933,51.06,49.7786,303750
2021-11-19,51.08,52.06,50.78,51.6133,50.3181,315300
2021-11-22,52.0267,52.3333,51.4267,51.9533,50.6496,300300
2021-11-23,52.1533,52.4933,51.3867,52.2733,50.9615,302850
2021-11-24,52.1733,52.7,51.98,52.4867,51.2938,276900
2021-11-26,51.2933,52.1533,51.1867,52.06,50.8768,588450
2021-11-29,52.3533,52.3533,51.3333,51.7,50.525,272550
2021-11-30,51.5933,52.2867,51.1933,52.0,50.8182,933600
2021-12-01,52.28,52.7467,51.54,51.5533,50.3817,486300
2021-12-02,51.86,53.0,51.62,52.86,51.6586,331650
2021-12-03,52.8933,53.1467,52.3933,53.0133,51.8085,559050
2021-12-06,53.4133,54.5333,53.0667,53.2533,52.043,327300
2021-12-07,53.6667,54.5667,53.6667,54.1067,52.877,445050
2021-12-08,54.32,55.86,54.2333,55.4667,54.2061,417600
2021-12-09,55.3267,55.62,53.2267,53.2733,52.0626,202800
2021-12-10,53.3867,54.6,52.5533,53.4533,52.2385,144600
2021-12-13,53.9333,54.3467,53.34,53.84,52.6164,227850
2021-12-14,53.66,54.1333,52.3867,52.54,51.3459,199800
2021-12-15,52.62,52.8067,51.6,52.54,51.3459,321900
2021-12-16,52.7533,53.18,51.4267,51.6067,50.4338,219750
2021-12-17,51.5067,52.7733,50.5933,51.9267,50.7465,1423650
2021-12-20,51.5333,52.6333,50.2533,51.3467,50.1797,307950
2021-12-21,51.6933,52.32,51.34,51.94,50.7595,195900
2021-12-22,52.0,52.6333,51.8933,52.4,51.2091,203850
2021-12-23,52.6,53.1133,51.32,52.38,51.1896,359550
2021-12-27,52.5533,53.2667,52.4867,53.2067,51.9974,195600
2021-12-28,53.3733,53.5733,52.5,52.9,51.6977,166650
2021-12-29,53.0067,53.2867,52.4933,53.14,51.9323,93900
2021-12-30,53.1867,53.4067,52.7333,52.78,51.5805,119100
2021-12-31,52.88,53.2933,52.5,52.9533,51.7499,178350
2022-01-03,52.8267,52.8267,51.4867,52.22,51.0332,460050
2022-01-04,52.1333,53.3333,52.1133,52.6333,51.4371,536550
2022-01-05,52.68,52.68,50.4933,50.5533,49.4044,184200
2022-01-06,50.4867,51.28,50.38,50.8733,49.7171,361350
2022-01-07,50.9667,50.9667,49.3,49.3733,48.2512,474450
2022-01-10,48.92,49.82,48.2933,49.4333,48.3099,654750
2022-01-11,49.68,49.8733,48.1333,49.54,48.4141,194700
2022-01-12,49.54,50.08,48.3,48.62,47.515,523500
2022-01-13,48.7267,49.22,47.9667,48.0733,46.9808,152400
2022-01-14,47.6267,48.0467,46.92,47.64,46.5573,371250
2022-01-18,47.0533,47.4733,45.8333,45.8667,44.8243,271050
2022-01-19,46.3133,46.3133,44.7533,44.84,43.8209,382200
2022-01-20,45.0467,45.58,43.6467,43.8067,42.8111,492150
2022-01-21,43.4467,45.3933,43.3533,43.7733,42.7785,313650
2022-01-24,43.6733,45.1933,43.2067,44.9933,43.9708,522450
2022-01-25,44.4133,44.5533,43.14,44.0267,43.0261,551700
2022-01-26,44.2733,44.4867,42.0133,42.4067,41.4429,257550
2022-01-27,42.58,42.96,41.2267,41.3067,40.3679,232050
2022-01-28,41.2733,41.68,40.22,41.68,40.7327,208950
2022-01-31,41.5667,42.9267,41.46,42.8333,41.8598,739350
2022-02-01,43.1067,43.62,41.48,42.54,41.5732,368100
2022-02-02,42.6333,43.0133,41.06,41.2867,40.3483,327750
2022-02-03,41.5267,42.6733,40.64,40.7533,39.8271,205950
2022-02-04,40.5133,41.8467,39.4133,39.9733,39.0648,304800
2022-02-07,39.8933,40.1467,39.44,39.5133,38.6153,229500
2022-02-08,39.7,40.2533,39.1,39.8467,38.9411,853650
2022-02-09,39.9533,40.6133,39.68,39.88,38.9736,356700
2022-02-10,39.9333,39.9333,38.68,38.9467,38.0615,836400
2022-02-11,39.1467,39.9933,38.8067,39.1733,38.283,424350
2022-02-14,39.1667,39.8667,38.7,39.18,38.2895,616350
2022-02-15,39.62,40.3667,39.52,40.1533,39.2408,550050
2022-02-16,39.9467,40.1133,39.48,39.7933,38.8889,354150
2022-02-17,39.6,39.6933,38.7067,38.76,37.8791,370050
2022-02-18,38.5733,39.6133,38.5733,38.8133,37.9312,302700
2022-02-22,38.6267,38.82,38.0267,38.3667,37.4947,269550
2022-02-23,38.5,39.52,37.6667,37.7533,36.8953,216900
2022-02-24,36.9533,38.4133,36.7667,38.2467,37.3774,353250
2022-02-25,38.4533,39.1867,37.84,39.0067,38.1202,257250
2022-02-28,38.5867,39.7267,38.4467,39.04,38.1527,466950
2022-03-01,36.8133,38.8533,36.4933,38.12,37.2536,533100
2022-03-02,38.1733,38.5067,36.7667,36.9467,36.107,494400
2022-03-03,37.2733,37.4333,35.8867,36.0067,35.1883,287400
2022-03-04,35.6467,36.3667,35.0333,36.2133,35.3903,460650
2022-03-07,36.3467,36.6333,36.0267,36.1933,35.3708,317100
2022-03-08,36.1733,36.9,35.66,35.7133,34.9017,377100
2022-03-09,36.18,36.8133,35.5,36.7067,35.8724,312600
2022-03-10,36.1867,36.4,35.72,36.3733,35.5467,217950
2022-03-11,36.46,36.6667,35.6667,35.8933,35.0776,223050
2022-03-14,35.8933,36.1667,34.84,35.22,34.4195,252300
2022-03-15,35.5267,36.16,35.1467,36.1333,35.3121,500850
2022-03-16,36.3067,37.8933,36.3067,37.8,36.9409,545250
2022-03-17,37.6,38.0,37.3,37.4867,36.6347,237600
2022-03-18,37.6,39.1,37.34,38.9333,38.0485,611850
2022-03-21,38.74,38.7667,37.68,37.8667,37.0061,244650
2022-03-22,37.8667,38.2467,36.96,37.1267,36.2829,308250
2022-03-23,36.8733,36.9,35.6933,35.7867,34.9733,258150
2022-03-24,36.0267,36.78,34.9533,35.2867,34.4847,232200
2022-03-25,35.2867,35.4733,34.5933,34.8267,34.0352,286650
2022-03-28,35.1467,35.2067,34.12,34.7867,33.9961,254850
2022-03-29,36.0267,37.8,35.42,37.4067,36.5565,463950
2022-03-30,37.3467,37.9067,37.1133,37.26,36.4132,231900
2022-03-31,37.18,37.74,36.8733,37.1533,36.3089,422550
2022-04-01,37.4133,37.6867,36.9533,37.4667,36.6152,361650
2022-04-04,37.4333,37.44,36.4267,37.0867,36.2438,324450
2022-04-05,37.06,37.24,36.1733,36.3867,35.5597,421800
2022-04-06,35.9267,36.5533,35.6733,35.7267,34.9147,379800
2022-04-07,35.5933,35.8467,35.24,35.3467,34.5433,363750
2022-04-08,35.3,35.7733,34.5867,34.66,33.8723,272700
2022-04-11,34.5933,36.1533,34.2867,34.78,33.9895,369000
2022-04-12,35.1533,35.44,34.3867,34.6333,33.8462,305400
2022-04-13,34.6267,35.36,34.6267,34.8867,34.0938,401100
2022-04-14,35.0733,35.0733,34.4133,34.6533,33.8658,324900
2022-04-18,34.4667,35.0467,34.34,34.6133,33.8267,295950
2022-04-19,34.52,35.62,34.52,35.1067,34.3088,327900
2022-04-20,35.4867,36.4467,34.9733,35.9,35.0841,244500
2022-04-21,36.2333,37.66,36.2333,37.4933,36.6412,537150
2022-04-22,37.2333,37.92,36.5733,37.42,36.5695,581250
2022-04-25,37.14,37.6133,35.8,36.7067,35.8724,529800
2022-04-26,36.3333,36.4133,33.8333,33.9467,33.1752,392100
2022-04-27,33.9733,34.4467,32.6133,32.6667,31.9242,395250
2022-04-28,32.98,33.7267,32.0267,33.3933,32.6344,293250
2022-04-29,33.2533,33.7533,32.4,32.4933,31.7548,239700
2022-05-02,32.5133,33.4667,32.1067,33.0,32.25,284700
2022-05-03,32.9533,33.0133,32.14,32.3933,31.6571,208800
2022-05-04,32.5933,33.3933,31.8267,33.3733,32.6149,266250
2022-05-05,32.9133,33.1267,31.6667,31.9533,31.2271,246600
2022-05-06,35.1467,35.1467,33.24,34.74,33.9505,665100
2022-05-09,34.1933,36.3867,32.6667,36.0067,35.1883,503850
2022-05-10,36.4667,36.58,34.0333,35.4467,34.6411,814950
2022-05-11,35.2067,35.3067,33.2867,33.4667,32.7061,395850
2022-05-12,33.7,35.3933,33.0133,35.34,34.5368,307500
2022-05-13,35.5,36.1667,35.1267,35.58,34.7714,542550
2022-05-16,35.3533,35.36,33.2133,34.0,33.2273,264450
2022-05-17,34.5933,34.8333,34.2267,34.5667,33.7811,357450
2022-05-18,33.84,34.2133,33.0533,33.3867,32.6279,373650
2022-05-19,33.12,33.9267,32.9067,33.46,32.6995,270150
2022-05-20,34.0067,34.3867,33.0533,34.38,33.5986,471600
2022-05-23,34.7733,35.12,33.26,34.2067,33.4293,303300
2022-05-24,33.9533,34.1333,32.76,33.9933,33.2208,523500
2022-05-25,34.14,34.9267,33.9467,34.5333,33.7485,181800
2022-05-26,34.7867,35.2933,34.2333,35.16,34.3609,338250
2022-05-27,35.42,35.96,35.14,35.4067,34.602,174900
2022-05-31,35.4467,35.7533,34.6067,35.72,34.9082,358200
2022-06-01,35.7,36.2733,35.3533,36.24,35.4164,222450
2022-06-02,36.3733,37.0867,36.24,36.9467,36.2336,195750
2022-06-03,36.7667,37.0933,36.4133,36.96,36.2467,232200
2022-06-06,37.12,37.62,36.72,37.5667,36.8417,235650
2022-06-07,37.1667,37.3267,36.32,36.9667,36.2532,163650
2022-06-08,36.9,37.4133,36.6,37.0667,36.3513,248100
2022-06-09,36.8333,37.2,36.4933,36.76,36.0505,219150
2022-06-10,36.1667,36.1667,34.6333,34.6667,33.9976,247200
2022-06-13,33.9467,34.8267,33.6733,34.6333,33.9649,275550
2022-06-14,34.4867,35.0933,34.0867,34.6733,34.0042,362850
2022-06-15,34.7933,35.2867,34.5533,34.8067,34.1349,203250
2022-06-16,34.2,34.4267,33.36,34.1933,33.5334,455250
2022-06-17,34.6267,35.04,33.9667,33.9733,33.3177,508350
2022-06-21,34.1667,34.1733,33.2267,33.3067,32.6639,258450
2022-06-22,32.9533,34.1467,32.6533,33.9533,33.298,298500
2022-06-23,33.9533,34.9733,33.8333,34.9333,34.2591,270450
2022-06-24,35.2467,36.0667,35.0667,35.48,34.7952,344250
2022-06-27,35.7133,36.26,35.3267,35.9,35.2071,189600
2022-06-28,35.9533,36.2467,34.7933,34.8667,34.1938,186600
2022-06-29,34.94,35.1133,34.3667,35.0533,34.3768,140100
2022-06-30,34.7667,36.5067,34.58,36.5067,35.8021,340200
2022-07-01,36.2733,37.24,35.9933,37.18,36.4624,360300
2022-07-05,36.6533,37.9,36.16,37.8533,37.1228,359400
2022-07-06,38.0067,38.1733,37.0267,37.2933,36.5736,282450
2022-07-07,37.46,37.84,36.5867,37.1867,36.469,224700
2022-07-08,37.1133,37.3333,36.0067,36.48,35.776,184650
2022-07-11,36.3333,36.8533,35.7733,36.28,35.5798,262050
2022-07-12,36.3467,37.4133,36.3467,36.7467,36.0375,267450
2022-07-13,36.5933,36.5933,35.4533,35.8467,35.1549,156300
2022-07-14,35.5267,35.7467,35.0333,35.3667,34.6841,183150
2022-07-15,35.8133,36.08,34.6467,35.9867,35.2921,235500
2022-07-18,36.0667,36.0667,34.6667,34.82,34.148,207000
2022-07-19,35.18,36.4733,34.2267,36.2067,35.5079,174300
2022-07-20,36.2533,37.2,36.1133,37.04,36.3251,194700
2022-07-21,37.1333,38.4267,36.62,38.42,37.6785,208200
2022-07-22,38.32,38.56,37.54,37.8667,37.1359,138300
2022-07-25,38.0933,38.2,37.2267,37.6267,36.9005,191850
2022-07-26,37.4867,37.92,36.98,37.7467,37.0182,142800
2022-07-27,37.8533,38.7333,37.66,38.38,37.6393,133350
2022-07-28,38.6333,39.4333,38.2267,39.34,38.5808,135300
2022-07-29,39.4,40.3267,39.0467,40.1133,39.3392,168900
2022-08-01,39.7267,41.58,39.46,40.88,40.091,274800
2022-08-02,40.52,40.6,39.6333,39.8,39.0319,130650
2022-08-03,39.8667,41.28,39.5867,41.0533,40.261,167700
2022-08-04,40.92,41.8333,40.72,41.64,40.8364,295500
2022-08-05,41.4733,41.48,40.6133,41.0933,40.3003,153600
2022-08-08,41.0667,42.1067,40.9,41.1867,40.3918,229950
2022-08-09,43.0,43.0,38.62,39.8933,39.1234,525150
2022-08-10,40.46,41.92,40.18,41.0533,40.261,357750
2022-08-11,41.2667,41.5867,40.5533,40.7,39.9145,296850
2022-08-12,40.4267,41.28,39.6933,41.1467,40.3526,300450
2022-08-15,40.7133,42.42,39.8667,42.24,41.4248,252450
2022-08-16,41.9067,42.4467,41.76,42.1933,41.379,163650
2022-08-17,42.0867,42.0867,41.3333,41.9467,41.1371,129150
2022-08-18,41.9933,42.16,41.5667,41.9133,41.1044,100950
2022-08-19,41.8467,41.8467,40.5,40.9,40.1106,121950
2022-08-22,40.46,40.58,39.4867,39.9,39.13,142950
2022-08-23,39.86,40.2733,39.1333,39.4733,38.7115,129900
2022-08-24,39.6333,39.8133,39.1533,39.6733,38.9077,90750
2022-08-25,39.8067,40.7933,39.6933,40.66,39.8753,167700
2022-08-26,40.5933,40.5933,39.0133,39.3333,38.5742,175800
2022-08-29,39.1733,39.5933,38.74,39.12,38.365,157800
2022-08-30,39.1733,39.3933,38.2667,38.6,37.855,161400
2022-08-31,38.7533,39.0067,38.0467,38.32,37.5804,149100
2022-09-01,38.1867,38.8333,37.7933,38.6267,37.8812,173700
2022-09-02,39.0467,39.2067,37.8067,38.0067,37.2732,138750
2022-09-06,37.9133,37.9533,36.36,36.7467,36.0375,246150
2022-09-07,36.98,38.78,36.8733,38.4733,37.7308,363450
2022-09-08,38.0,38.08,37.48,38.08,37.3451,157200
2022-09-09,38.22,38.7933,37.86,38.3667,37.6262,209400
2022-09-12,38.4133,39.6133,38.3733,39.5133,38.7507,296400
2022-09-13,38.7867,38.9933,37.88,38.1667,37.4301,167850
2022-09-14,38.1667,38.1667,37.0,38.1333,37.3974,280800
2022-09-15,38.5,39.22,38.24,38.66,37.9139,209700
2022-09-16,38.0533,38.2333,36.5133,38.0333,37.2993,388050
2022-09-19,37.96,38.96,37.5,38.8867,38.1362,178050
2022-09-20,38.7333,38.76,37.88,38.38,37.6393,107700
2022-09-21,38.5133,39.1733,37.8667,37.9467,37.2143,185850
2022-09-22,37.5933,37.5933,36.2333,36.3533,35.6517,185550
2022-09-23,36.08,36.5533,35.3067,36.0467,35.351,250500
2022-09-26,35.92,36.66,35.6667,36.48,35.776,258750
2022-09-27,36.7467,36.7867,35.86,36.44,35.7367,246000
2022-09-28,36.8267,37.5267,36.36,37.1333,36.4167,273750
2022-09-29,36.5867,36.78,35.62,36.2267,35.5275,245700
2022-09-30,36.1733,36.88,35.8267,35.92,35.2268,217500
2022-10-03,36.4333,37.3067,36.1667,36.8667,36.1552,211500
2022-10-04,37.42,38.2067,37.16,37.5333,36.809,266400
2022-10-05,36.9933,37.7133,36.9467,37.5667,36.8417,208650
2022-10-06,37.1333,37.5867,36.5067,36.8333,36.1225,135900
2022-10-07,36.5467,36.5467,35.2067,35.4267,34.743,191250
2022-10-10,35.4333,36.0933,35.28,35.8667,35.1745,174150
2022-10-11,35.8133,37.1533,35.7,36.6267,35.9198,289950
2022-10-12,36.7467,36.8267,35.6,35.82,35.1287,202800
2022-10-13,35.1733,36.84,34.7,36.7867,36.0767,179400
2022-10-14,36.9667,36.9667,36.06,36.1467,35.4491,130200
2022-10-17,36.56,37.2867,36.56,37.0667,36.3513,217200
2022-10-18,37.6667,38.2267,37.3667,37.5533,36.8286,246450
2022-10-19,37.2933,37.6133,36.6667,37.56,36.8351,271050
2022-10-20,37.4,37.4067,36.1467,36.1933,35.4948,262050
2022-10-21,36.5267,37.74,35.9,37.5,36.7763,270900
2022-10-24,37.8,39.3467,37.6667,39.1667,38.4108,289800
2022-10-25,39.2733,41.3533,39.2733,41.14,40.346,234150
2022-10-26,40.9333,42.0333,40.7667,40.9067,40.1172,178650
2022-10-27,41.3067,42.7733,41.2933,42.0867,41.2744,158550
2022-10-28,42.02,43.8067,41.9867,43.4333,42.5951,175500
2022-10-31,42.92,43.3267,41.7667,42.9933,42.1636,222900
2022-11-01,43.32,43.7133,42.5533,43.3333,42.497,149100
2022-11-02,43.42,44.3333,42.2133,42.2133,41.3986,167700
2022-11-03,41.58,43.2333,41.4333,42.92,42.0917,131850
2022-11-04,43.06,43.9333,42.8867,43.8733,43.0266,159450
2022-11-07,43.6733,44.5533,43.5733,43.7,42.8566,161700
2022-11-08,48.0933,53.66,47.7333,49.8333,48.8716,1039200
2022-11-09,49.22,50.72,48.5467,49.6933,48.7343,543900
2022-11-10,51.8067,52.7333,50.5733,52.34,51.3299,530850
2022-11-11,52.1267,53.3667,51.9467,52.0133,51.0095,375300
2022-11-14,51.5267,52.22,51.0667,51.8733,50.8722,346500
2022-11-15,52.2,54.1333,51.7733,53.4933,52.4609,375750
2022-11-16,53.2733,53.74,52.64,53.5133,52.4806,379050
2022-11-17,52.62,52.9667,52.0733,52.9667,51.9444,207450
2022-11-18,53.9267,53.9267,52.3133,52.5067,51.4933,277500
2022-11-21,52.6467,53.56,52.5733,53.28,52.2517,144450
2022-11-22,53.3533,53.5067,52.3467,53.0333,52.0098,225300
2022-11-23,53.0333,53.6,52.2867,52.4333,51.4214,212400
2022-11-25,52.3,52.9867,52.2867,52.3733,51.5198,64050
2022-11-28,52.04,52.04,50.1267,50.32,49.4999,252900
2022-11-29,50.3933,51.36,49.76,51.2467,50.4115,464250
2022-11-30,51.2867,52.8733,50.5333,52.84,51.9788,399750
2022-12-01,53.0667,53.36,51.9533,52.4067,51.5526,254550
2022-12-02,51.64,53.9067,50.0133,53.6267,52.7527,324750
2022-12-05,53.18,53.18,51.9333,52.4067,51.5526,190050
2022-12-06,52.5333,52.5333,50.8333,51.62,50.7787,201150
2022-12-07,51.5667,52.5733,51.0467,52.1133,51.264,260700
2022-12-08,52.3067,53.3333,52.0067,53.28,52.4117,252300
2022-12-09,52.9667,53.7933,51.9,53.6667,52.792,242550
2022-12-12,53.5867,53.5867,52.78,53.04,52.1756,186300
2022-12-13,54.1533,55.3333,52.9733,53.1,52.2346,328950
2022-12-14,53.36,53.9467,52.32,53.18,52.3133,265650
2022-12-15,52.44,52.44,51.5533,52.18,51.3296,208950
2022-12-16,51.48,51.9533,50.44,50.8933,50.0639,1265850
2022-12-19,51.22,51.6667,49.84,50.6867,49.8606,351150
2022-12-20,50.6533,51.0,50.1667,50.2733,49.454,184200
2022-12-21,50.82,51.7133,50.1667,51.4,50.5623,237000
2022-12-22,51.1667,51.3867,50.4533,51.08,50.2475,426300
2022-12-23,50.5067,51.0067,50.3533,50.5733,49.7491,219450
2022-12-27,50.76,51.5467,49.3667,51.2667,50.4311,204150
2022-12-28,51.16,51.8333,50.3067,50.4,49.5786,130950
2022-12-29,50.8067,51.46,50.5867,51.2333,50.3983,283050
2022-12-30,50.8067,51.4067,49.88,50.2133,49.395,153750
2023-01-03,50.64,50.9867,49.3333,49.8867,49.0736,237750
2023-01-04,50.1667,50.38,46.9733,47.78,47.0013,455100
2023-01-05,47.46,47.9733,46.94,47.0,46.234,252450
2023-01-06,47.5133,49.5533,47.4533,49.46,48.6539,310500
2023-01-09,49.66,50.24,49.38,49.6067,48.7982,277350
2023-01-10,49.2067,50.4467,49.2067,50.4067,49.5852,277650
2023-01-11,50.6667,51.0267,50.2333,50.6467,49.8213,155400
2023-01-12,50.82,51.3067,46.8733,51.16,50.3262,273300
2023-01-13,50.6733,52.1867,50.6733,51.9133,51.0673,161700
2023-01-17,51.9133,52.6933,51.06,51.4,50.5623,158850
2023-01-18,51.7333,51.74,49.9867,50.2133,49.395,272850
2023-01-19,49.7333,50.0267,48.4733,48.74,47.9457,262800
2023-01-20,49.3333,49.3333,48.5067,48.8467,48.0506,227250
2023-01-23,48.7933,49.66,48.36,49.36,48.5555,356100
2023-01-24,49.2933,50.1333,48.7133,49.8667,49.054,180000
2023-01-25,49.5933,51.6667,49.3,49.5067,48.6998,130500
2023-01-26,49.86,49.8733,48.9933,49.2667,48.4637,168450
2023-01-27,49.14,50.32,49.14,49.6667,48.8572,317250
2023-01-30,49.38,49.8,48.84,48.98,48.1817,273600
2023-01-31,49.3333,51.12,49.3333,50.88,50.0508,372300
2023-02-01,50.56,52.64,50.3467,51.84,50.9951,338100
2023-02-02,52.1,53.2867,52.1,53.2867,52.4182,232050
2023-02-03,52.6667,53.9533,52.6667,53.8533,52.9756,246750
2023-02-06,53.2133,54.4533,52.8067,53.04,52.1756,189150
2023-02-07,52.5733,52.6333,50.8333,51.6933,50.8509,247350
2023-02-08,51.28,51.8733,50.98,51.3733,50.5361,150600
2023-02-09,51.9733,52.0133,50.38,50.68,49.854,292950
2023-02-10,50.4333,50.94,49.9733,50.1467,49.3294,325800
2023-02-13,50.4667,52.0067,50.04,51.8667,51.0214,208200
2023-02-14,51.5933,52.7133,51.2933,52.1667,51.3165,301650
2023-02-15,52.0133,52.66,51.5733,52.64,51.7821,250650
2023-02-16,52.0,53.1867,51.6667,52.4533,51.5985,230850
2023-02-17,52.58,53.9067,52.0,53.3333,52.4641,404550
2023-02-21,52.7467,53.0667,51.52,51.7133,50.8705,461100
2023-02-22,51.9067,52.3533,51.5,52.02,51.1722,481650
2023-02-23,52.3,53.7867,51.9133,53.58,52.7068,410100
2023-02-24,53.14,54.4333,52.7733,54.3133,53.4281,367500
2023-02-27,54.3133,55.3867,53.62,54.3267,53.4413,653700
2023-02-28,58.0,62.9333,56.6667,60.64,59.6517,1987800
2023-03-01,60.4667,61.0667,59.8933,60.38,59.3959,566400
2023-03-02,60.1733,61.0933,59.8133,60.9067,59.914,792450
2023-03-03,60.9867,62.7,60.4467,62.6133,61.5929,385650
2023-03-06,62.6667,62.9667,61.6933,62.0333,61.0223,635700
2023-03-07,62.0267,62.44,60.7467,61.5533,60.5502,598650
2023-03-08,61.82,61.8733,60.5067,61.4,60.3993,360300
2023-03-09,61.82,62.1533,61.0533,61.4467,60.4452,277200
2023-03-10,61.12,61.34,59.3,60.32,59.4143,346650
2023-03-13,58.64,59.7533,58.14,58.62,57.7398,520950
2023-03-14,59.7,60.9267,59.22,60.4133,59.5062,844650
2023-03-15,59.0733,59.8867,58.4667,58.8733,57.9893,839850
2023-03-16,58.0333,61.66,57.7867,61.18,60.2614,452850
2023-03-17,60.58,60.6,59.1467,59.5533,58.6591,918000
2023-03-20,59.8,60.7933,59.74,59.86,58.9612,451050
2023-03-21,60.7267,61.4267,60.1333,61.1133,60.1957,566250
2023-03-22,60.96,62.1067,60.5933,60.9333,60.0184,531750
2023-03-23,61.1,62.9133,60.7733,61.5667,60.6422,501150
2023-03-24,60.7667,61.0,59.2,60.8333,59.9199,561000
2023-03-27,61.5133,62.6733,61.3867,61.8733,60.9443,357750
2023-03-28,61.8667,63.7,61.8133,63.32,62.3692,558000
2023-03-29,63.62,64.2,62.7533,63.1867,62.2379,419850
2023-03-30,63.28,63.7067,62.74,63.2667,62.3167,367950
2023-03-31,63.7333,64.6333,63.3867,64.46,63.4921,505950
2023-04-03,64.46,64.8333,63.5467,64.6733,63.7022,722250
2023-04-04,64.7133,64.7733,61.86,62.6067,61.6666,691950
2023-04-05,62.1533,62.8,60.6667,61.8667,60.9377,640950
2023-04-06,61.92,62.3133,60.7333,61.8333,60.9049,391500
2023-04-10,61.3667,63.0933,60.5533,62.84,61.8964,647550
2023-04-11,63.2133,63.54,62.5733,63.12,62.1722,463500
2023-04-12,63.4,64.6,63.18,64.3267,63.3608,320700
2023-04-13,64.34,65.0133,63.6467,64.7467,63.7745,503850
2023-04-14,64.46,65.5867,63.08,63.64,62.6844,442650
2023-04-17,63.64,65.12,63.64,63.9867,63.0259,304500
2023-04-18,64.1467,64.9267,63.84,64.8333,63.8599,598050
2023-04-19,64.58,65.5933,64.52,65.4333,64.4508,388350
2023-04-20,65.3067,66.6333,65.0933,66.1733,65.1797,603900
2023-04-21,66.0733,66.5133,65.5467,66.3067,65.311,317850
2023-04-24,66.3,67.2,64.8333,65.7467,64.7595,424500
2023-04-25,65.2933,66.16,65.0867,65.0867,64.1094,325650
2023-04-26,64.62,64.64,62.4,62.6133,61.6732,661200
2023-04-27,63.2667,66.7667,63.26,66.1467,65.1535,987000
2023-04-28,65.9667,66.68,65.0733,65.3333,64.3523,483600
2023-05-01,65.3933,65.9933,65.02,65.26,64.2801,493350
2023-05-02,65.34,65.7067,64.42,65.4267,64.4443,407550
2023-05-03,65.6067,66.3067,64.76,65.0333,64.0568,476100
2023-05-04,64.94,65.3133,63.8867,64.1867,63.2229,446550
2023-05-05,66.2667,69.5467,66.06,68.84,67.8063,783750
2023-05-08,68.9933,69.3133,63.7333,64.6333,63.6628,677550
2023-05-09,64.6667,65.1267,63.7933,64.4533,63.4855,396000
2023-05-10,64.92,65.2067,63.8933,64.76,63.7876,260400
2023-05-11,64.76,64.76,63.4,63.86,62.9011,301200
2023-05-12,63.9333,64.7133,62.4533,63.1267,62.1788,451050
2023-05-15,63.2267,63.8867,62.6,62.9867,62.0409,422100
2023-05-16,62.1333,62.5267,60.6333,60.9333,60.0184,431850
2023-05-17,61.1933,61.8667,60.9,60.9867,60.0709,382200
2023-05-18,60.9867,61.48,60.1067,61.0,60.0841,960300
2023-05-19,61.82,61.9133,60.6933,60.9467,60.0315,404850
2023-05-22,61.2133,61.52,60.1133,60.38,59.4734,551550
2023-05-23,60.3067,61.2533,59.6933,59.94,59.04,318600
2023-05-24,59.7,59.9933,58.2933,58.7133,57.8317,334800
2023-05-25,58.7133,60.06,58.7133,59.94,59.04,267600
2023-05-26,59.9467,60.56,59.4067,60.1267,59.2238,292350
2023-05-30,60.3,60.5933,58.7,58.9067,58.0222,873000
2023-05-31,58.6667,58.9067,57.32,57.74,56.873,614100
2023-06-01,57.68,58.9267,57.0667,58.4467,57.5691,686100
2023-06-02,59.2133,61.12,59.1533,61.0533,60.1366,365100
2023-06-05,60.6533,60.78,59.5267,60.7733,59.8608,480450
2023-06-06,60.5467,62.4667,60.4667,62.0333,61.1019,389850
2023-06-07,62.0333,64.0667,62.0333,63.72,62.7632,381900
2023-06-08,63.22,63.7733,62.8867,63.42,62.5463,585000
2023-06-09,63.42,64.3267,62.9733,63.68,62.8027,798150
2023-06-12,63.82,64.02,63.0933,63.4467,62.5726,261150
2023-06-13,63.6267,64.9867,63.5,64.44,63.5522,1014450
2023-06-14,64.7333,65.02,62.76,63.0667,62.1978,453150
2023-06-15,62.8333,63.2,62.1067,62.5667,61.7047,349800
2023-06-16,63.1867,63.98,62.4733,63.8667,62.9868,852750
2023-06-20,63.8667,65.1733,63.6333,64.6933,63.802,409350
2023-06-21,64.6667,66.9733,64.3533,66.7,65.7811,599850
2023-06-22,66.7467,66.8467,64.74,64.8133,63.9204,455250
2023-06-23,63.8067,64.9,63.18,63.56,62.6843,724350
2023-06-26,63.3067,64.5467,63.1733,63.7267,62.8487,252900
2023-06-27,63.74,65.0667,63.74,64.26,63.3747,495600
2023-06-28,64.1733,64.6133,63.4267,63.4933,62.6186,435450
2023-06-29,63.5267,64.2867,63.5267,63.6933,62.8158,279900
2023-06-30,63.9933,63.9933,62.8667,63.2067,62.3359,425700
2023-07-03,62.88,64.14,62.7,63.88,62.9999,130350
2023-07-05,63.5867,63.5867,61.7867,62.2267,61.3694,367050
2023-07-06,61.9133,61.9133,60.6533,61.5267,60.679,255300
2023-07-07,62.9733,63.3933,62.1333,62.96,62.0926,523200
2023-07-10,63.08,64.2133,62.64,63.4533,62.5791,317550
2023-07-11,63.4067,64.0533,63.1133,63.4133,62.5397,304200
2023-07-12,64.2,65.5133,63.5667,64.66,63.7692,393150
2023-07-13,65.0067,65.4133,64.08,64.9333,64.0388,254700
2023-07-14,65.0667,66.54,64.4533,66.3,65.3866,346800
2023-07-17,66.3733,69.84,66.3733,69.2133,68.2598,507000
2023-07-18,69.8933,70.7267,68.56,69.9333,68.9698,397950
2023-07-19,70.28,70.4267,68.2533,69.0133,68.0625,271050
2023-07-20,69.0867,69.2133,67.5333,68.2467,67.3064,268050
2023-07-21,68.6667,69.0467,67.1933,67.36,66.432,308850
2023-07-24,67.4267,69.3133,67.34,67.9267,66.9908,386850
2023-07-25,67.44,67.9933,66.0467,67.4467,66.5175,385500
2023-07-26,67.34,69.4467,66.6133,67.3933,66.4648,489150
2023-07-27,67.6667,68.0,65.6133,66.68,65.7614,408000
2023-07-28,67.3067,68.8,67.2,68.68,67.7338,341100
2023-07-31,68.9067,70.56,68.14,70.1733,69.2066,715800
2023-08-01,69.8733,71.38,69.32,70.9867,70.0087,649500
2023-08-02,69.94,71.3933,69.7067,71.0267,70.0481,428700
2023-08-03,70.08,70.5267,68.02,69.42,68.4636,1045650
2023-08-04,69.4,69.98,63.8333,65.3333,64.4332,1152000
2023-08-07,65.4,65.96,62.7333,62.9667,62.0992,758550
2023-08-08,62.2,64.36,61.6667,64.26,63.3747,533850
2023-08-09,64.08,64.08,61.8267,63.22,62.349,333300
2023-08-10,63.3333,63.6267,62.1133,62.9,62.0334,248550
2023-08-11,62.78,63.3733,62.6533,63.08,62.2109,228600
2023-08-14,63.0667,64.2067,62.1933,64.16,63.2761,304200
2023-08-15,64.0467,64.0467,62.8733,63.0,62.132,304350
2023-08-16,63.0333,63.8067,62.46,63.0467,62.1781,216000
2023-08-17,62.92,63.49,60.82,60.82,59.9821,404100
2023-08-18,60.3,62.07,60.0,61.75,60.8993,416200
2023-08-21,61.76,62.03,61.23,61.97,61.1162,293300
2023-08-22,62.4,62.47,58.75,59.79,58.9663,773400
2023-08-23,60.26,62.65,60.21,61.59,60.7415,522600
2023-08-24,61.14,61.45,59.61,60.0,59.1734,342000
2023-08-25,60.25,61.09,59.56,60.7,59.8637,170600
2023-08-28,61.1,61.44,60.62,60.78,59.9426,216400
2023-08-29,60.6,62.93,60.35,62.76,61.8954,332700
2023-08-30,62.54,63.41,62.52,62.78,61.9151,395300
2023-08-31,62.86,63.73,62.86,63.06,62.1912,441800
2023-09-01,63.64,66.23,63.62,65.66,64.7554,462200
2023-09-05,66.39,66.39,63.5,64.34,63.4536,618000
2023-09-06,64.33,65.71,64.29,65.26,64.3609,307400
2023-09-07,65.2,65.97,64.5,65.7,64.8744,329000
2023-09-08,66.23,66.75,65.39,65.57,64.746,347900
2023-09-11,65.81,66.37,64.52,64.73,63.9166,394100
2023-09-12,64.4,65.07,62.74,62.94,62.1491,529100
2023-09-13,62.64,63.69,60.88,61.23,60.4605,524200
2023-09-14,61.56,62.25,60.56,60.94,60.1742,574300
2023-09-15,60.84,60.99,59.56,60.88,60.1149,1397800
2023-09-18,61.0,61.93,60.34,60.87,60.1051,431800
2023-09-19,60.55,61.83,59.62,61.77,60.9938,432400
2023-09-20,62.2,63.07,61.1,61.22,60.4507,303500
2023-09-21,60.47,60.47,56.67,56.68,55.9677,542800
2023-09-22,56.66,57.73,56.53,56.95,56.2343,353900
2023-09-25,56.61,57.65,56.61,57.09,56.3726,340200
2023-09-26,56.76,56.9,55.38,55.53,54.8322,439400
2023-09-27,55.5,57.12,55.5,56.87,56.1553,370100
2023-09-28,57.11,58.05,56.44,57.5,56.7774,333500
2023-09-29,57.86,58.01,56.69,56.87,56.1553,252500
2023-10-02,56.56,57.32,56.18,57.03,56.3133,372400
2023-10-03,56.47,56.94,55.0,55.45,54.7532,192500
2023-10-04,55.78,56.51,54.84,56.24,55.5333,223600
2023-10-05,56.07,56.49,55.68,56.01,55.3061,241500
2023-10-06,55.5,57.5,55.5,57.28,56.5602,284300
2023-10-09,56.95,57.89,56.1,57.72,56.9947,198000
2023-10-10,57.66,59.44,57.66,58.51,57.7747,354100
2023-10-11,58.82,59.53,58.67,59.06,58.3178,289000
2023-10-12,58.74,58.74,57.08,57.42,56.6984,209300
2023-10-13,57.7,57.7,55.98,56.16,55.4543,257500
2023-10-16,57.22,57.96,56.25,57.63,56.9058,204000
2023-10-17,57.08,58.59,57.08,57.32,56.5997,392200
2023-10-18,56.69,56.69,53.31,53.72,53.0449,624200
2023-10-19,53.65,53.96,52.79,52.85,52.1859,606100
2023-10-20,52.85,53.91,52.28,53.17,52.5018,472400
2023-10-23,53.26,54.36,53.03,53.54,52.8672,399800
2023-10-24,54.2,54.37,53.15,53.21,52.5413,299600
2023-10-25,53.25,53.72,52.24,53.34,52.6697,575000
2023-10-26,54.2,55.45,53.69,53.82,53.1437,615500
2023-10-27,53.74,54.23,53.03,53.74,53.0647,343000
2023-10-30,54.45,54.6,53.64,54.46,53.7756,312500
2023-10-31,54.4,54.88,54.19,54.48,53.7954,274000
2023-11-01,54.67,56.66,54.67,56.52,55.8097,354500
2023-11-02,57.41,58.18,56.17,56.82,56.106,368300
2023-11-03,58.19,59.1,57.83,57.87,57.1428,264900
2023-11-06,57.41,57.89,56.7,57.69,56.965,469700
2023-11-07,59.0,61.91,58.34,58.82,58.0808,770600
2023-11-08,58.8,59.42,57.52,58.58,57.8438,422400
2023-11-09,59.1,59.37,57.2,57.45,56.728,386300
2023-11-10,57.79,58.98,57.35,58.71,57.9722,404300
2023-11-13,58.92,59.13,57.56,59.0,58.2586,348500
2023-11-14,60.0,64.33,59.71,64.06,63.255,573700
2023-11-15,64.25,65.3,63.68,63.76,62.9588,468200
2023-11-16,63.53,63.72,62.45,62.49,61.7047,180300
2023-11-17,63.07,63.47,62.71,62.78,61.9911,347500
2023-11-20,62.75,63.36,62.18,63.22,62.4255,225400
2023-11-21,62.71,64.13,62.42,63.5,62.702,288900
2023-11-22,63.97,64.84,63.49,63.54,62.7415,304900
2023-11-24,63.36,64.25,63.36,63.83,63.0279,89300
2023-11-27,63.74,64.11,63.4,63.62,62.8205,256100
2023-11-28,63.52,63.83,61.86,61.91,61.209,316800
2023-11-29,62.72,63.13,61.92,62.04,61.3375,212500
2023-11-30,62.01,62.81,61.32,62.6,61.8912,386300
2023-12-01,62.61,63.6,61.09,62.53,61.8219,454800
2023-12-04,62.01,64.6,62.01,64.46,63.7301,370600
2023-12-05,64.47,64.47,63.17,63.41,62.692,573400
2023-12-06,64.0,64.78,63.72,63.94,63.216,408500
2023-12-07,63.83,65.27,62.88,65.23,64.4914,352700
2023-12-08,64.77,66.44,64.39,65.34,64.6001,298900
2023-12-11,65.88,66.41,65.33,66.24,65.4899,230000
2023-12-12,66.3,66.99,65.57,66.92,66.1622,467700
2023-12-13,67.0,67.55,64.53,67.37,66.6071,508300
2023-12-14,68.0,71.67,67.99,71.23,70.4234,885000
2023-12-15,71.72,72.16,70.21,71.11,70.3048,1063600
2023-12-18,71.35,71.76,70.49,70.74,69.939,593900
2023-12-19,71.1,72.51,71.1,72.36,71.5406,611400
2023-12-20,72.5,73.64,71.6,71.78,70.9672,524700
2023-12-21,72.58,73.07,72.27,72.39,71.5703,324800
2023-12-22,72.64,73.66,72.42,73.41,72.5788,318600
2023-12-26,74.0,74.71,73.49,74.15,73.3104,203100
2023-12-27,74.44,75.24,73.88,74.21,73.3697,215100
2023-12-28,73.88,74.46,73.57,74.23,73.3895,162500
2023-12-29,74.38,75.04,73.57,73.87,73.0335,213800
2024-01-02,73.04,74.16,72.51,73.9,73.0632,375700
2024-01-03,73.19,73.63,72.16,73.11,72.2822,456000
2024-01-04,72.89,74.2,72.5,73.74,72.905,394600
2024-01-05,73.07,73.96,71.73,72.45,71.6296,349600
2024-01-08,72.36,73.76,72.36,73.7,72.8655,234500
2024-01-09,72.75,73.36,72.46,72.68,71.857,347300
2024-01-10,72.47,72.97,71.71,71.85,71.0364,240000
2024-01-11,71.58,72.13,70.72,71.33,70.5223,361400
2024-01-12,72.27,73.07,70.23,70.82,70.0181,186600
2024-01-16,70.19,71.5,69.37,69.96,69.1678,275200
2024-01-17,69.0,70.27,68.38,70.0,69.2074,277500
2024-01-18,70.4,71.34,69.55,70.35,69.5534,385400
2024-01-19,70.79,70.81,69.6,70.32,69.5238,406000
2024-01-22,71.05,72.61,71.05,72.1,71.2836,484300
2024-01-23,72.82,73.44,70.56,70.7,69.8994,280500
2024-01-24,71.42,72.03,69.74,69.81,69.0195,302600
2024-01-25,70.98,71.17,69.61,70.24,69.4446,295500
2024-01-26,70.82,70.83,69.65,69.94,69.148,274900
2024-01-29,69.9,71.03,69.54,71.01,70.2059,470800
2024-01-30,70.61,73.83,70.32,73.77,72.9347,400200
2024-01-31,73.81,73.81,70.14,70.16,69.3656,488300
2024-02-01,70.81,72.28,70.56,72.26,71.4418,291700
2024-02-02,71.3,73.58,71.03,73.32,72.4898,467200
2024-02-05,72.31,72.46,70.55,71.83,71.0166,271300
2024-02-06,71.64,72.94,71.14,72.07,71.2539,230700
2024-02-07,72.62,75.56,72.28,75.33,74.477,357800
2024-02-08,76.0,79.66,75.87,78.67,77.7792,793300
2024-02-09,78.86,81.47,78.67,81.4,80.4783,607800
2024-02-12,81.47,83.0,80.95,82.2,81.2692,489500
2024-02-13,79.41,81.14,78.07,79.76,78.8568,529700
2024-02-14,81.06,82.0,79.76,81.71,80.7848,295300
2024-02-15,82.53,85.17,81.91,84.6,83.642,480700
2024-02-16,84.12,84.94,83.18,84.3,83.3454,440500
2024-02-20,83.28,83.67,81.25,81.75,80.8243,566900
2024-02-21,81.48,81.97,81.01,81.91,80.9825,396300
2024-02-22,82.06,83.24,82.06,82.65,81.7141,236000
2024-02-23,82.64,84.38,82.23,84.05,83.0983,226500
2024-02-26,84.02,85.44,83.59,85.25,84.2847,346200
2024-02-27,86.04,86.5,85.19,85.82,84.8482,332500
2024-02-28,84.66,87.55,84.66,86.9,85.916,549500
2024-02-29,87.0,88.78,81.81,83.98,83.0291,957800
2024-03-01,84.3,84.99,82.37,83.26,82.3172,879800
2024-03-04,83.33,83.74,82.16,82.5,81.5658,561400
2024-03-05,81.97,82.16,79.86,80.92,80.0037,791400
2024-03-06,82.41,82.41,80.62,81.0,80.0828,516600
2024-03-07,81.18,81.65,80.8,81.12,80.2014,318700
2024-03-08,81.84,83.46,81.41,81.75,80.8243,426200
2024-03-11,80.79,81.26,78.71,79.73,78.8272,437800
2024-03-12,79.71,80.54,79.32,79.99,79.0842,339000
2024-03-13,79.99,81.57,79.99,80.7,79.7862,517000
2024-03-14,80.2,81.46,79.94,81.3,80.3794,406500
2024-03-15,81.02,83.79,81.02,82.45,81.5967,954300
2024-03-18,82.29,83.98,81.82,82.89,82.0321,514100
2024-03-19,82.68,85.3,82.53,85.18,84.2984,363700
2024-03-20,85.4,85.98,84.28,85.33,84.4469,281900
2024-03-21,85.95,88.54,85.87,88.35,87.4356,291500
2024-03-22,88.57,88.63,86.23,86.45,85.5553,274500
2024-03-25,86.46,86.99,85.2,85.51,84.625,165700
2024-03-26,86.09,86.95,85.76,86.57,85.674,238000
2024-03-27,87.0,87.55,85.65,86.67,85.773,254100
2024-03-28,86.65,88.23,86.37,88.1,87.1882,364900
2024-04-01,88.06,88.44,86.56,87.98,87.0695,366400
2024-04-02,87.34,87.34,84.38,85.27,84.3875,402800
2024-04-03,85.07,87.12,85.07,86.3,85.4068,246300
2024-04-04,87.23,87.94,84.89,85.66,84.7735,222900
2024-04-05,85.75,89.99,85.75,89.92,88.9894,472000
2024-04-08,90.23,93.3,89.6,92.88,91.9187,690100
2024-04-09,92.88,93.17,87.37,89.58,88.6529,870400
2024-04-10,87.0,89.16,85.14,87.86,86.9507,588300
2024-04-11,88.32,88.32,86.14,87.61,86.7033,334700
2024-04-12,86.96,88.19,86.42,88.01,87.0991,429300
2024-04-15,88.5,89.57,86.33,87.14,86.2382,470500
2024-04-16,86.44,88.5,85.7,88.02,87.109,383600
2024-04-17,88.86,88.86,86.03,86.3,85.4068,476900
2024-04-18,86.91,87.65,84.83,85.24,84.3578,395700
2024-04-19,84.92,86.75,84.27,85.41,84.526,486600
2024-04-22,85.86,87.87,85.6,86.73,85.8324,344800
2024-04-23,87.25,88.97,86.74,88.56,87.6434,452600
2024-04-24,88.87,91.85,87.93,89.67,88.742,512100
2024-04-25,88.48,90.45,87.03,89.9,88.9696,396400
2024-04-26,90.48,91.72,89.86,91.15,90.2066,367800
2024-04-29,93.18,96.34,92.57,93.85,92.8787,819000
2024-04-30,93.8,95.3,92.96,94.09,93.1162,945300
2024-05-01,93.86,95.59,91.78,94.47,93.4923,594400
2024-05-02,94.47,94.56,90.66,90.89,89.9493,1014900
2024-05-03,87.0,87.23,76.67,78.4,77.5886,2042900
2024-05-06,75.22,80.59,74.08,76.2,75.4114,3259600
2024-05-07,76.27,78.62,75.01,78.46,77.648,13640200
2024-05-08,77.63,78.31,76.49,76.99,76.1932,884100
2024-05-09,77.18,78.0,76.68,77.75,76.9453,634500
2024-05-10,78.01,78.21,76.19,77.29,76.4901,631500
2024-05-13,77.65,77.96,75.33,75.49,74.7087,660000
2024-05-14,76.0,76.65,74.67,75.4,74.6197,618600
2024-05-15,76.39,78.0,75.21,75.82,75.0353,1002300
2024-05-16,75.72,75.72,74.16,74.86,74.0852,687100
2024-05-17,75.19,75.52,74.3,74.88,74.105,648100
2024-05-20,75.06,76.27,74.88,74.98,74.204,423900
2024-05-21,74.78,77.07,74.41,76.79,75.9953,634900
2024-05-22,76.65,77.03,75.73,76.13,75.3421,366500
2024-05-23,76.39,76.39,74.96,76.26,75.4707,469400
2024-05-24,76.61,78.6,76.18,78.26,77.4501,671100
2024-05-28,78.25,78.63,76.95,77.68,76.8761,587500
2024-05-29,76.97,77.16,74.83,74.87,74.0951,447400
2024-05-30,75.21,75.92,74.65,74.93,74.1545,817500
2024-05-31,74.6,75.2,73.54,75.05,74.2733,914100
2024-06-03,75.47,75.7,73.15,73.98,73.2143,726400
2024-06-04,73.44,73.44,71.19,72.0,71.2548,844400
2024-06-05,73.17,74.17,72.61,73.47,72.7096,815800
2024-06-06,73.06,73.58,71.44,72.35,71.6012,660000
2024-06-07,71.98,72.94,71.55,71.99,71.3238,533600
2024-06-10,71.35,73.01,70.28,72.41,71.7399,725100
2024-06-11,72.16,72.79,70.92,72.73,72.057,589700
2024-06-12,74.09,75.75,73.56,74.13,73.444,650000
2024-06-13,74.0,75.67,73.84,75.39,74.6923,687600
2024-06-14,74.23,76.68,73.54,75.96,75.2571,868000
2024-06-17,75.99,80.11,75.47,79.41,78.6751,816500
2024-06-18,79.37,81.25,78.36,80.62,79.8739,867900
2024-06-20,80.38,84.41,80.18,80.25,79.5074,1431000
2024-06-21,80.22,80.44,77.31,79.28,78.5463,1540400
2024-06-24,79.51,80.72,78.79,79.99,79.2498,761900
2024-06-25,80.29,84.85,79.68,84.74,83.9558,924200
2024-06-26,84.32,85.48,84.07,84.9,84.1143,1267400
2024-06-27,85.67,87.35,85.34,86.66,85.858,817400
2024-06-28,87.13,88.71,86.89,87.24,86.4327,8447900
2024-07-01,87.63,87.85,83.14,83.58,82.8065,1160700
2024-07-02,83.63,85.92,83.1,85.8,85.006,701000
2024-07-03,85.8,86.22,85.3,86.08,85.2834,440000
2024-07-05,86.13,87.49,85.51,87.04,86.2345,517200
2024-07-08,87.15,88.28,85.81,85.99,85.1942,458500
2024-07-09,85.9,86.44,83.43,83.98,83.2028,562100
2024-07-10,84.26,85.79,83.67,85.34,84.5503,439200
2024-07-11,86.04,88.95,85.08,88.57,87.7504,457700
2024-07-12,89.21,90.74,89.18,90.03,89.1969,449700
2024-07-15,91.06,91.92,90.22,91.11,90.2669,389700
2024-07-16,92.06,94.67,91.63,94.62,93.7444,458400
2024-07-17,94.13,94.16,88.15,88.18,87.364,831800
2024-07-18,88.37,89.46,85.37,87.35,86.5416,667700
2024-07-19,87.68,87.68,86.34,86.94,86.1355,563900
2024-07-22,86.9,89.15,86.44,89.05,88.2259,296000
2024-07-23,88.86,90.97,88.27,90.05,89.2167,407500
2024-07-24,88.15,89.04,84.54,84.78,83.9954,490400
2024-07-25,84.98,86.21,83.28,85.41,84.6196,592200
2024-07-26,86.73,89.19,86.61,87.59,86.7794,365300
2024-07-29,87.83,88.45,86.99,87.46,86.6506,339200
2024-07-30,88.09,89.34,85.91,86.57,85.7689,583000
2024-07-31,88.18,90.63,87.54,88.53,87.7107,520100
2024-08-01,88.42,89.6,84.35,86.91,86.1057,1005400
2024-08-02,92.88,92.88,84.95,85.78,84.9862,1033000
2024-08-05,82.3,86.28,79.65,85.47,84.6791,728600
2024-08-06,86.0,87.8,85.11,86.27,85.4717,493800
2024-08-07,87.66,89.19,85.26,85.92,85.1249,484200
2024-08-08,87.14,87.92,85.46,86.07,85.2735,471300
2024-08-09,86.09,87.93,84.98,86.67,85.868,533300
2024-08-12,86.64,87.9,86.47,87.39,86.5813,346400
2024-08-13,87.77,88.53,87.0,87.55,86.7398,313800
2024-08-14,88.11,88.66,86.9,87.97,87.1559,317000
2024-08-15,89.96,90.23,88.24,89.37,88.543,304000
2024-08-16,89.33,89.33,88.2,88.69,87.8693,208400
2024-08-19,89.02,91.16,89.02,90.93,90.0885,337800
2024-08-20,91.15,91.15,89.36,89.56,88.7312,271500
2024-08-21,89.69,92.01,89.57,91.95,91.0991,281300
2024-08-22,92.16,93.09,91.11,93.0,92.1394,349600
2024-08-23,93.25,95.88,92.76,94.55,93.675,357200
2024-08-26,94.98,95.6,93.72,93.85,92.9815,279700
2024-08-27,93.0,94.11,91.9,93.19,92.3276,274000
2024-08-28,93.06,93.33,92.37,92.77,91.9115,234300
2024-08-29,93.11,95.12,92.28,93.7,92.8329,316800
2024-08-30,94.11,95.63,93.6,95.51,94.6262,274700
2024-09-03,95.43,96.55,88.91,89.29,88.4637,376600
2024-09-04,88.95,90.12,87.61,88.92,88.0971,282600
2024-09-05,88.82,88.82,87.15,87.49,86.6804,254700
2024-09-06,87.68,88.76,87.24,87.4,86.6704,379200
2024-09-09,88.14,89.05,87.62,88.59,87.8505,215800
2024-09-10,88.67,89.59,86.7,88.26,87.5233,330600
2024-09-11,88.21,91.94,86.35,91.74,90.9742,312700
2024-09-12,91.8,93.53,91.54,93.47,92.6898,213400
2024-09-13,94.05,95.23,93.46,94.12,93.3344,207300
2024-09-16,94.51,96.61,94.0,96.16,95.3573,291100
2024-09-17,96.39,97.94,95.21,96.18,95.3772,323200
2024-09-18,96.27,99.27,95.25,96.93,96.1209,261300
2024-09-19,99.35,102.75,98.89,102.45,101.5948,559800
2024-09-20,101.98,104.73,101.11,104.05,103.1815,1385900
2024-09-23,104.59,108.02,103.6,107.82,106.92,521500
2024-09-24,107.9,109.07,106.75,107.39,106.4936,612700
2024-09-25,107.57,108.53,106.65,107.3,106.4043,257800
2024-09-26,108.39,108.76,106.1,107.02,106.1267,374500
2024-09-27,107.34,108.24,106.59,107.09,106.1961,231800
2024-09-30,106.91,109.46,106.4,107.84,106.9398,512700
2024-10-01,107.71,107.71,105.53,106.6,105.7102,402200
2024-10-02,105.8,107.9,105.44,107.32,106.4242,217400
2024-10-03,107.32,107.77,105.87,107.19,106.2953,321800
2024-10-04,108.63,109.0,106.8,107.71,106.8109,211100
2024-10-07,107.11,108.1,106.75,107.83,106.9299,321300
2024-10-08,108.45,110.0,107.16,109.15,108.2389,231800
2024-10-09,109.15,110.5,108.87,109.48,108.5661,159600
2024-10-10,108.38,108.85,106.94,108.59,107.6836,281000
2024-10-11,108.99,112.9,108.97,112.45,111.5113,347400
2024-10-14,112.86,113.86,111.78,112.03,111.0949,264100
2024-10-15,112.07,112.48,110.2,110.99,110.0635,264800
2024-10-16,111.57,113.74,110.23,110.86,109.9346,671700
2024-10-17,111.38,112.36,110.85,111.11,110.1825,368900
2024-10-18,110.71,111.36,109.2,109.34,108.4273,524500
2024-10-21,109.6,110.08,108.75,109.81,108.8934,282500
2024-10-22,108.02,108.86,107.13,107.13,106.2358,215800
2024-10-23,106.91,108.91,105.55,106.89,105.9978,210600
2024-10-24,106.71,107.9,105.75,106.26,105.373,208700
2024-10-25,108.78,111.34,108.6,111.19,110.2619,480500
2024-10-28,114.99,122.97,113.9,121.33,120.3172,750500
2024-10-29,121.0,121.93,118.96,119.21,118.2149,592700
2024-10-30,118.15,119.08,114.58,115.11,114.1491,311400
2024-10-31,114.3,116.01,113.13,114.22,113.2666,207000
2024-11-01,114.26,116.12,113.11,113.47,112.5228,420100
2024-11-04,112.82,114.4,112.3,112.46,111.5213,258700
2024-11-05,112.57,114.97,112.2,113.02,112.0766,579100
2024-11-06,118.87,120.41,116.06,120.25,119.2462,591700
2024-11-07,120.76,121.18,118.6,119.1,118.1058,612700
2024-11-08,124.97,139.63,123.0,138.24,137.0861,700600
2024-11-11,140.01,144.07,139.0,140.75,139.5751,647100
2024-11-12,139.53,141.49,135.55,137.73,136.5803,535400
2024-11-13,138.09,139.59,134.04,134.63,133.5062,426300
2024-11-14,133.71,135.33,130.89,133.18,132.0683,475000
2024-11-15,132.11,133.64,130.6,133.46,132.346,530200
2024-11-18,135.01,135.63,130.88,131.34,130.2437,574300
2024-11-19,130.09,131.67,129.33,131.16,130.0652,595700
2024-11-20,131.17,132.84,128.74,132.05,130.9478,449400
2024-11-21,132.54,137.2,132.54,135.56,134.4285,463500
2024-11-22,136.14,137.76,134.0,137.42,136.2729,564500
2024-11-25,139.39,142.2,137.23,137.59,136.4415,604600
2024-11-26,136.58,140.91,135.15,140.45,139.2776,445100
2024-11-27,140.22,141.06,135.34,136.03,134.8945,523400
2024-11-29,137.17,138.29,135.68,136.34,135.2815,170000
2024-12-02,137.24,137.24,132.06,132.29,131.2629,336200
2024-12-03,132.57,134.14,131.22,133.16,132.1262,342600
2024-12-04,134.15,136.22,132.56,136.0,134.9441,423900
2024-12-05,136.29,138.44,135.28,135.76,134.706,415900
2024-12-06,137.36,139.09,135.59,137.25,136.1844,483100
2024-12-09,138.25,138.25,128.84,129.06,128.058,483600
2024-12-10,130.05,130.79,126.92,129.17,128.1672,416100
2024-12-11,130.4,132.85,128.78,132.36,131.3324,390900
2024-12-12,132.45,133.39,130.92,131.27,130.2509,134100
2024-12-13,131.34,133.28,130.19,131.32,130.3005,358100
2024-12-16,131.5,135.38,131.5,134.66,133.6145,388500
2024-12-17,133.3,133.58,127.57,128.67,127.6711,445400
2024-12-18,129.68,131.41,122.45,122.57,121.6184,605000
2024-12-19,124.35,126.79,123.22,123.83,122.8686,456200
2024-12-20,124.32,127.49,123.73,124.13,123.1663,1012600
2024-12-23,123.67,124.72,122.74,123.21,122.2534,335400
2024-12-24,123.22,124.12,122.0,123.44,122.4816,246100
2024-12-26,123.18,123.69,122.43,122.68,121.7275,340100
2024-12-27,122.0,122.6,119.85,121.42,120.4773,240500
2024-12-30,119.93,120.61,117.13,119.65,118.7211,365800
2024-12-31,120.0,120.84,117.24,117.68,116.7664,409100
2025-01-02,119.14,120.62,116.43,117.94,117.0244,344300
2025-01-03,118.13,120.25,116.94,120.01,119.0783,471500
2025-01-06,121.03,122.45,119.25,122.32,121.3703,750000
2025-01-07,122.89,123.62,119.65,120.44,119.5049,525300
2025-01-08,119.98,121.04,118.03,120.19,119.2569,470600
2025-01-10,118.5,123.43,118.06,122.07,121.1223,522900
2025-01-13,120.44,123.89,118.64,123.4,122.442,599100
2025-01-14,124.61,129.13,124.61,128.11,127.1154,494000
2025-01-15,130.95,132.06,127.41,129.95,128.9411,630200
2025-01-16,131.11,133.64,130.68,131.53,130.5089,502200
2025-01-17,132.39,132.92,128.38,130.18,129.1693,1095500
2025-01-21,132.08,134.39,131.02,132.15,131.124,459700
2025-01-22,132.52,137.9,131.46,136.95,135.8868,622400
2025-01-23,136.26,136.62,133.69,134.76,133.7138,608700
2025-01-24,134.33,136.35,131.73,132.71,131.6797,528200
2025-01-27,129.28,129.39,110.82,112.7,111.825,1792700
2025-01-28,113.56,114.96,108.8,111.77,110.9022,1354300
2025-01-29,112.03,112.69,108.62,110.4,109.5429,874900
2025-01-30,113.35,117.0,112.02,116.6,115.6947,1011200
2025-01-31,117.09,118.88,114.39,116.38,115.4765,913200
2025-02-03,113.41,116.66,112.71,115.09,114.1965,859100
2025-02-04,114.68,115.97,110.23,110.93,110.0688,845800
2025-02-05,112.72,116.13,111.09,114.9,114.0079,893900
2025-02-06,115.94,117.73,112.13,114.05,113.1646,826600
2025-02-07,115.13,115.13,112.39,112.77,111.8945,708700
2025-02-10,113.52,114.98,112.5,113.27,112.3906,542700
2025-02-11,112.6,113.5,111.16,112.76,111.8846,475600
2025-02-12,111.24,111.95,109.44,109.59,108.7392,470600
2025-02-13,110.83,113.05,109.52,112.86,111.9838,587700
2025-02-14,112.86,114.71,112.24,113.16,112.2815,269100
2025-02-18,113.8,115.5,113.48,114.76,113.869,466300
2025-02-19,114.63,114.93,112.83,114.11,113.2241,540600
2025-02-20,113.15,114.58,108.5,110.59,109.7314,629500
2025-02-21,111.2,111.3,102.91,103.63,102.8254,930800
2025-02-24,105.16,106.99,99.84,100.07,99.2931,1099700
2025-02-25,99.61,101.9,98.15,100.29,99.5114,755700
2025-02-26,102.17,104.81,101.29,102.02,101.2279,781700
2025-02-27,88.08,90.19,78.55,78.64,78.0295,2485100
2025-02-28,78.64,79.27,73.11,76.8,76.2038,2492300
2025-03-03,77.26,78.89,72.58,73.52,72.9492,1670100
2025-03-04,71.0,77.22,69.52,75.25,74.6658,1948400
2025-03-05,77.06,82.99,76.94,81.94,81.3038,2574300
2025-03-06,80.3,81.93,78.19,81.25,80.6192,1742200
2025-03-07,81.25,82.8,79.37,82.07,81.4328,1591900
2025-03-10,81.36,81.91,78.39,79.79,79.1705,1358600
2025-03-11,79.66,83.5,79.0,82.39,81.7503,1824400
2025-03-12,84.44,85.47,81.48,81.55,80.9169,1292300
2025-03-13,80.95,81.0,77.22,78.31,77.702,722400
2025-03-14,79.39,82.33,78.98,82.14,81.5023,590400
2025-03-17,81.48,84.27,81.0,82.76,82.1175,772500
2025-03-18,81.74,82.53,79.63,79.8,79.2763,892700
2025-03-19,79.87,83.14,79.36,81.48,80.9452,1037000
2025-03-20,80.39,82.41,79.34,79.42,78.8987,629500
2025-03-21,78.19,80.76,77.29,79.65,79.1272,1559200
2025-03-24,80.97,83.7,80.97,83.58,83.0314,613300
2025-03-25,83.35,85.12,82.46,84.1,83.548,702400
2025-03-26,83.58,84.55,81.05,81.45,80.9154,746800
2025-03-27,81.1,81.94,79.72,80.24,79.7133,484900
2025-03-28,80.4,80.4,77.44,78.08,77.5675,538000
2025-03-31,76.38,78.83,74.0,78.13,77.6172,691800
2025-04-01,77.9,79.41,76.24,79.16,78.6405,722400
2025-04-02,77.64,82.86,77.08,82.72,82.1771,583900
2025-04-03,77.14,79.47,76.73,77.48,76.9715,983700
2025-04-04,74.7,76.17,71.13,74.2,73.713,1030100
2025-04-07,71.21,78.58,68.98,74.53,74.0408,905000
2025-04-08,77.97,79.49,72.17,73.0,72.5209,962900
2025-04-09,73.01,82.84,72.6,82.22,81.6804,1022600
2025-04-10,79.76,81.41,76.43,80.42,79.8922,953700
2025-04-11,80.47,84.25,78.19,84.16,83.6076,882300
2025-04-14,85.27,85.55,81.86,84.01,83.4586,832600
2025-04-15,84.24,85.25,81.7,82.09,81.5512,838100
2025-04-16,81.24,81.85,78.76,80.44,79.912,421700
2025-04-17,80.78,84.55,80.78,82.46,81.9188,510700
2025-04-21,81.73,81.73,77.13,77.92,77.4086,565100
2025-04-22,79.53,80.41,78.18,79.9,79.3756,1084400
2025-04-23,82.89,85.64,81.41,82.06,81.5214,926400
2025-04-24,82.11,86.2,82.11,85.84,85.2766,636000
2025-04-25,85.84,88.73,85.5,87.94,87.3628,843000
2025-04-28,87.91,89.75,86.46,88.79,88.2072,661600
2025-04-29,88.77,89.59,86.76,89.11,88.5251,469700
2025-04-30,87.05,91.73,87.01,91.27,90.671,854400
2025-05-01,100.0,100.0,94.12,96.46,95.8269,1581600
2025-05-02,96.75,100.13,96.05,99.37,98.7178,1246200
2025-05-05,98.55,100.25,97.59,98.92,98.2708,667500
2025-05-06,97.5,99.29,96.93,97.44,96.8005,713600
2025-05-07,97.04,98.29,94.51,95.71,95.0818,1130300
2025-05-08,96.83,101.17,96.58,99.43,98.7774,1031600
2025-05-09,99.77,100.8,98.42,100.23,99.5722,580800
2025-05-12,105.43,107.0,102.88,104.63,103.9433,682200
2025-05-13,104.72,106.88,104.12,105.95,105.2546,503100
2025-05-14,105.75,106.11,104.63,104.89,104.2016,355300
2025-05-15,103.82,104.87,102.83,104.11,103.4267,333700
2025-05-16,104.52,107.02,103.78,106.87,106.1686,444000
2025-05-19,104.27,106.81,103.34,106.36,105.6619,395400
2025-05-20,105.5,106.11,103.76,104.53,103.8439,381500
2025-05-21,103.05,104.09,100.18,100.51,99.8503,526400
2025-05-22,100.22,100.91,98.62,99.94,99.2841,490900
2025-05-23,97.07,99.87,96.95,99.1,98.4496,291900
2025-05-27,101.34,101.48,99.34,100.19,99.5324,529400
2025-05-28,100.15,100.54,96.84,97.13,96.4925,479200
2025-05-29,98.34,98.34,95.66,96.15,95.5189,546600
2025-05-30,95.99,96.86,94.98,96.29,95.658,525100
2025-06-02,96.0,97.19,92.88,94.07,93.4526,516800
2025-06-03,94.21,96.05,94.1,95.56,94.9328,498300
2025-06-04,95.56,96.41,94.87,95.61,94.9825,420000
2025-06-05,95.61,96.02,94.27,94.85,94.2275,424300
2025-06-06,95.94,97.46,95.2,96.68,96.1468,658900
2025-06-09,97.87,97.99,93.74,93.96,93.4418,727800
2025-06-10,94.15,94.71,78.12,78.56,78.1268,2976300
2025-06-11,79.51,79.9,74.35,75.85,75.4317,2526400
2025-06-12,75.43,76.06,73.99,74.15,73.7411,1349200
2025-06-13,73.23,73.78,71.77,72.99,72.5875,1011500
2025-06-16,75.11,77.4,72.25,73.71,73.3035,1189600
2025-06-17,73.18,74.46,71.51,72.81,72.4085,1062700
2025-06-18,72.37,73.64,71.33,71.78,71.3841,817700
2025-06-20,72.57,73.34,71.71,72.09,71.6924,773100
2025-06-23,72.0,73.47,70.86,72.44,72.0405,883100
2025-06-24,73.39,74.17,71.55,73.25,72.846,1268500
2025-06-25,73.96,74.24,72.1,72.75,72.3488,1241100
2025-06-26,72.75,73.76,71.41,72.46,72.0604,1779000
2025-06-27,72.95,75.19,72.76,73.59,73.1842,1981900
2025-06-30,73.59,74.52,72.8,73.75,73.3433,596700
2025-07-01,72.91,76.36,72.41,74.91,74.4969,1536100
2025-07-02,75.03,76.31,74.07,75.27,74.8549,980100
2025-07-03,75.27,76.26,74.82,75.25,74.835,440000
2025-07-07,74.96,75.23,72.24,73.39,72.9853,1154300
2025-07-08,73.49,75.61,73.11,75.34,74.9245,851200
2025-07-09,75.41,77.8,75.41,76.79,76.3665,1185800
2025-07-10,77.13,82.62,74.5,79.99,79.5489,2461300
2025-07-11,79.41,80.12,76.55,76.83,76.4063,1996900
2025-07-14,76.45,76.45,73.93,74.49,74.0792,1245000
2025-07-15,75.36,75.36,72.52,74.25,73.8405,978700
2025-07-16,75.64,75.79,73.33,74.27,73.8604,1246300
2025-07-17,74.66,79.57,74.0,79.46,79.0218,1113500
2025-07-18,79.75,79.75,77.59,78.69,78.256,2237100
2025-07-21,78.69,78.69,74.63,75.36,74.9444,1041000
2025-07-22,75.36,76.06,73.14,76.0,75.5809,1282700
2025-07-23,77.47,80.55,76.31,78.75,78.3157,1428500
2025-07-24,78.69,78.79,77.1,77.56,77.1323,667600
2025-07-25,78.25,83.5,78.25,83.37,82.9102,1460900
2025-07-28,84.0,84.3,82.21,83.08,82.6218,1151100
2025-07-29,82.28,82.29,79.78,81.21,80.7621,865600
2025-07-30,81.4,81.95,78.91,80.74,80.2947,1167600
2025-07-31,81.54,84.0,80.86,83.5,83.0395,1718300
2025-08-01,80.84,82.92,79.51,81.65,81.1997,1588100
2025-08-04,82.0,82.71,80.59,82.05,81.5975,856700
2025-08-05,82.49,83.72,80.71,83.38,82.9202,673000
2025-08-06,83.02,83.04,81.12,81.49,81.0406,842800
2025-08-07,81.89,83.43,80.67,82.73,82.2738,1230800
2025-08-08,83.07,83.19,80.16,80.52,80.0759,1953700
2025-08-11,62.4,73.54,62.0,72.08,71.6825,7087000
2025-08-12,72.57,83.21,72.09,82.95,82.4925,2733300
2025-08-13,83.12,88.58,82.63,88.29,87.8031,2758100
2025-08-14,86.75,87.13,82.77,83.11,82.6517,1280500
2025-08-15,83.5,83.96,79.49,79.55,79.1113,1315200
2025-08-18,79.38,82.05,79.35,81.82,81.3688,958100
2025-08-19,81.87,82.59,79.96,82.31,81.8561,1207700
2025-08-20,81.36,81.73,79.94,80.09,79.6483,842400
2025-08-21,79.31,82.16,78.84,80.93,80.4837,767500
2025-08-22,81.61,87.75,81.2,85.98,85.5058,997600
2025-08-25,85.04,85.98,83.42,83.57,83.1091,966500
2025-08-26,83.29,85.22,82.0,84.69,84.2229,1020500
2025-08-27,84.58,86.89,84.3,84.75,84.2826,810600
2025-08-28,84.83,85.63,84.26,85.12,84.6506,537200
2025-08-29,85.12,85.62,82.8,82.95,82.4925,861200
2025-09-02,80.81,81.86,79.78,81.69,81.2395,582100
2025-09-03,81.85,83.0,79.74,80.25,79.8074,464800
2025-09-04,80.69,81.52,78.0,81.41,80.961,671900
2025-09-05,82.07,83.13,80.21,81.15,80.8017,695400
2025-09-08,81.03,81.37,79.95,80.88,80.5329,1045200
2025-09-09,80.52,80.66,78.13,78.16,77.8246,1054300
2025-09-10,78.59,85.25,78.59,84.99,84.6252,1527600
2025-09-11,84.99,85.5,81.99,82.47,82.1161,1117800
2025-09-12,82.81,83.51,81.04,82.18,81.8273,1306900
2025-09-15,82.3,83.97,81.47,83.5,83.1416,1040800
2025-09-16,83.89,84.27,81.98,83.99,83.6295,1572500
2025-09-17,83.78,84.3,78.64,80.52,80.1744,1634400
2025-09-18,84.53,88.88,81.43,88.64,88.2596,1566500
2025-09-19,90.0,92.58,89.16,91.56,91.167,2297300
2025-09-22,90.96,93.48,90.05,92.94,92.5411,1082200
2025-09-23,92.92,95.24,91.43,94.26,93.8555,1083200
2025-09-24,94.43,94.92,89.82,90.99,90.5995,1189000
2025-09-25,89.01,89.71,86.94,88.13,87.7518,1062500
2025-09-26,88.13,91.21,87.78,91.01,90.6194,1313700
2025-09-29,91.81,93.0,91.3,91.49,91.0973,907400
2025-09-30,91.47,94.53,90.73,93.44,93.039,867700
2025-10-01,92.77,96.68,92.1,95.92,95.5083,861700
2025-10-02,96.6,98.73,96.06,98.35,97.9279,735700
2025-10-03,98.35,100.73,97.35,98.32,97.898,831700
2025-10-06,99.75,104.11,99.22,103.85,103.4043,1458200
2025-10-07,104.93,105.6,99.6,103.04,102.5978,1095700
2025-10-08,103.04,104.2,100.46,102.45,102.0103,906700
2025-10-09,102.17,103.52,101.17,101.22,100.7856,600800
2025-10-10,102.84,103.53,99.25,99.5,99.073,726900
2025-10-13,101.8,103.41,100.86,101.96,101.5224,458300
2025-10-14,101.77,106.58,100.0,104.16,103.713,741900
2025-10-15,103.05,105.08,102.53,104.26,103.8125,974500
2025-10-16,104.7,105.02,99.83,100.05,99.6206,1853700
2025-10-17,100.58,101.62,95.49,97.24,96.8227,1780900
2025-10-20,99.07,101.16,98.27,100.96,100.5267,453800
2025-10-21,100.88,103.93,100.05,102.29,101.851,525100
2025-10-22,101.12,102.95,96.59,97.7,97.2807,947900
2025-10-23,97.68,101.76,97.41,101.75,101.3133,510200
2025-10-24,103.9,107.62,102.48,106.24,105.784,716000
2025-10-27,106.89,107.63,102.96,104.97,104.5195,685300
2025-10-28,104.52,105.04,102.34,103.34,102.8965,595000
2025-10-29,104.21,106.55,102.58,103.27,102.8268,944300
2025-10-30,100.89,104.53,99.45,100.66,100.228,763100
2025-10-31,100.78,100.78,96.16,98.39,97.9677,1438200
2025-11-03,98.17,98.72,94.82,95.9,95.4884,1681400
2025-11-04,93.27,93.27,89.45,89.93,89.544,1394400
2025-11-05,90.18,93.5,88.81,93.46,93.0589,1861200
2025-11-06,110.0,116.04,99.11,100.03,99.6007,2520300
2025-11-07,99.83,107.71,97.29,105.53,105.0771,1676100
2025-11-10,108.97,110.95,105.53,105.79,105.336,1090700
2025-11-11,105.63,106.14,103.22,103.9,103.4541,898200
2025-11-12,104.9,105.52,101.36,102.04,101.6021,860000
2025-11-13,100.32,101.99,92.69,95.17,94.7616,1198800
2025-11-14,92.28,96.53,91.17,94.04,93.6364,792700
2025-11-17,93.99,95.12,91.19,91.95,91.5554,980000
2025-11-18,91.0,92.01,89.51,90.38,89.9921,768200
2025-11-19,91.13,94.28,90.2,91.88,91.4857,676400
2025-11-20,95.2,95.6,88.27,89.16,88.7774,746400
2025-11-21,89.15,91.85,86.33,91.52,91.1272,1160700
2025-11-24,91.54,94.48,90.19,93.6,93.1983,627300
2025-11-25,94.26,94.69,91.73,94.14,93.736,951900
2025-11-26,94.04,95.2,92.58,93.2,92.8987,798000
2025-11-28,93.4,94.16,92.07,93.48,93.1778,258800
2025-12-01,91.68,92.71,89.7,91.63,91.3338,865300
2025-12-02,92.26,92.3,90.16,91.06,90.7656,639900
2025-12-03,90.88,91.4,87.67,88.63,88.3435,876000
2025-12-04,88.25,90.59,86.76,86.85,86.5692,1436800
2025-12-05,86.36,89.14,84.9,87.53,87.247,837400
2025-12-08,87.84,89.0,82.48,83.03,82.7616,951400
2025-12-09,82.94,84.01,79.65,81.65,81.386,1460800
2025-12-10,81.35,84.08,80.35,82.61,82.3429,933600
2025-12-11,81.6,84.59,81.13,83.97,83.6985,498100
2025-12-12,84.11,84.4,77.54,77.93,77.6781,1083900
2025-12-15,78.97,79.19,75.49,76.83,76.5816,1423600
2025-12-16,78.01,79.31,76.36,78.07,77.8176,1036900
2025-12-17,77.07,78.47,73.43,73.49,73.2524,1072800
2025-12-18,75.41,76.0,73.19,74.63,74.3887,1205600
2025-12-19,74.5,76.06,73.23,75.34,75.0964,1729700
2025-12-22,76.22,76.88,74.19,75.08,74.8373,915300
2025-12-23,74.82,76.08,74.3,75.25,75.0067,689500
2025-12-24,75.11,76.73,74.83,75.79,75.545,563100
2025-12-26,75.48,75.93,74.97,75.77,75.525,358400
2025-12-29,75.43,76.07,74.84,75.7,75.4553,864700
2025-12-30,75.75,79.81,75.59,78.62,78.3658,1375600
2025-12-31,78.62,78.74,76.0,76.25,76.0035,1197600
2026-01-02,77.81,82.37,77.39,79.19,78.934,1350400
2026-01-05,80.33,83.36,80.0,81.48,81.2166,1243400
2026-01-06,81.0,81.96,73.79,81.67,81.406,1894600
2026-01-07,81.24,81.3,77.47,77.61,77.3591,1050100
2026-01-08,77.57,80.13,76.33,79.81,79.552,1042400
2026-01-09,80.73,84.01,79.63,83.32,83.0506,832900
2026-01-12,83.25,86.49,82.43,85.37,85.094,969000
2026-01-13,85.39,85.74,83.58,84.5,84.2268,741500
2026-01-14,84.23,88.25,83.24,87.84,87.556,1078400
2026-01-15,88.98,91.31,87.11,90.04,89.7489,894100
2026-01-16,90.49,94.42,90.42,94.08,93.7758,1836400
2026-01-20,92.04,94.82,90.71,91.74,91.4434,1090600
2026-01-21,93.28,96.31,91.5,95.64,95.3308,721400
2026-01-22,96.87,97.65,93.75,96.58,96.2678,675700
2026-01-23,96.58,96.96,93.08,94.46,94.1546,606900
2026-01-26,94.41,94.59,92.4,93.47,93.1678,504100
2026-01-27,93.22,95.81,91.43,91.86,91.563,778400
2026-01-28,91.86,94.01,88.21,91.22,90.9251,695500
2026-01-29,92.5,96.95,92.44,93.31,93.0083,1065900
2026-01-30,93.0,95.07,90.73,91.06,90.7656,1023500
2026-02-02,89.51,91.79,87.82,90.08,89.7888,1166300
2026-02-03,91.03,93.78,87.78,93.37,93.0681,1066800
2026-02-04,94.0,96.96,91.59,95.24,94.9321,1168900
2026-02-05,93.36,94.25,90.44,92.89,92.5897,874500
2026-02-06,94.2,97.22,91.41,96.43,96.1182,1152200
2026-02-09,97.0,99.52,96.26,98.81,98.4905,761100
2026-02-10,99.06,101.4,97.92,99.03,98.7098,620600
2026-02-11,100.06,104.06,99.21,102.72,102.3879,1484700
2026-02-12,104.09,106.85,101.41,101.61,101.2815,792900
2026-02-13,101.41,104.29,99.41,101.04,100.7133,1115500
2026-02-17,100.59,103.19,99.23,102.78,102.4477,612500
2026-02-18,101.75,103.59,100.56,102.28,101.9493,1011600
2026-02-19,101.21,102.53,99.91,101.02,100.6934,599600
2026-02-20,101.41,103.81,100.63,102.3,101.9693,519100
2026-02-23,101.7,101.87,99.25,101.1,100.7731,451500
2026-02-24,101.06,104.35,100.25,100.95,100.6236,602600
2026-02-25,101.7,101.7,95.0,99.05,98.7298,1124500
2026-02-26,99.3,100.68,94.6,98.89,98.5703,1075600
2026-02-27,97.41,101.2,96.19,101.2,100.8728,1256900
2026-03-02,105.21,112.94,101.97,104.73,104.3914,1682400
2026-03-03,99.86,102.23,91.43,95.33,95.0218,1658900
2026-03-04,96.76,97.08,92.58,95.97,95.6597,915000
2026-03-05,95.45,95.51,91.43,92.4,92.1013,1357400
2026-03-06,89.18,91.09,87.76,88.33,88.0444,673500
2026-03-09,85.29,90.91,84.58,90.33,90.038,825000
2026-03-10,90.33,92.71,88.77,90.54,90.2473,613500
2026-03-11,90.35,91.85,88.2,91.51,91.2141,597100
2026-03-12,90.14,90.83,86.28,87.06,86.7785,762100
2026-03-13,88.78,89.0,83.43,83.9,83.6288,769100
2026-03-16,84.91,85.75,80.91,81.56,81.2963,821300
2026-03-17,81.5,82.92,78.13,79.5,79.243,1174900
2026-03-18,79.0,81.17,78.25,78.55,78.3947,881900
2026-03-19,77.9,81.06,76.88,80.05,79.8917,888800
2026-03-20,80.19,81.9,78.33,80.01,79.8518,957900
2026-03-23,82.52,84.4,79.98,80.29,80.1312,653800
2026-03-24,79.29,84.64,79.0,84.01,83.8439,646500
2026-03-25,85.27,88.11,84.19,87.83,87.6563,913800
2026-03-26,87.42,88.17,82.18,83.4,83.2351,716200
2026-03-27,82.6,83.44,80.93,81.48,81.3189,548900
2026-03-30,81.65,81.65,76.84,78.22,78.0653,691800
2026-03-31,80.5,86.79,80.5,82.75,82.5864,914100
2026-04-01,84.22,86.33,83.52,83.65,83.4846,725400
2026-04-02,80.29,83.79,78.74,81.36,81.1991,630300
2026-04-06,81.29,83.08,80.09,81.25,81.0893,642200
2026-04-07,81.0,81.95,79.0,80.88,80.72,497300
2026-04-08,86.0,88.87,85.47,87.37,87.1972,838000
2026-04-09,86.36,91.59,85.77,90.77,90.5905,561100
2026-04-10,92.0,93.67,91.01,93.17,92.9857,484800
2026-04-13,92.33,93.79,89.79,93.54,93.355,585400
2026-04-14,94.89,96.21,92.51,93.81,93.6245,789400
2026-04-15,91.87,93.53,87.32,92.6,92.4169,1414700
2026-04-16,92.66,92.9,90.0,91.48,91.2991,780300
2026-04-17,93.65,98.22,93.1,93.98,93.7941,2149300
2026-04-20,93.34,98.29,92.82,97.9,97.7064,623800
2026-04-21,98.61,100.47,94.84,95.74,95.5507,640700
2026-04-22,96.97,98.21,95.36,96.86,96.6684,669500
2026-04-23,98.3,100.53,96.63,98.71,98.5148,623500
2026-04-24,99.1,101.98,96.38,99.59,99.393,933300
2026-04-27,99.5,101.0,91.01,91.64,91.4588,1567700
2026-04-28,90.02,90.81,85.63,88.08,87.9058,782800
2026-04-29,88.76,89.5,86.36,86.47,86.299,568200
2026-04-30,86.54,94.19,86.54,93.31,93.1255,710500
2026-05-01,93.35,96.54,92.74,93.59,93.4049,491200
2026-05-04,93.61,94.79,90.71,91.9,91.7183,514600
2026-05-05,92.25,94.66,88.49,93.66,93.4748,1306200
2026-05-06,95.77,99.99,94.33,98.3,98.1056,2118000
2026-05-07,143.0,149.0,125.23,129.25,128.9944,7697600
2026-05-08,132.5,140.82,129.3,139.66,139.3838,1936800
2026-05-11,139.66,146.42,136.05,141.7,141.4198,1399200
2026-05-12,138.0,139.06,126.17,133.66,133.3957,1751700
2026-05-13,133.66,139.32,128.98,135.37,135.1023,1530100
2026-05-14,137.08,141.27,132.92,140.0,139.7231,1006600
2026-05-15,136.63,136.63,130.0,135.49,135.2221,1159300
2026-05-18,136.09,136.09,130.75,133.94,133.6751,942000
2026-05-19,130.71,134.38,126.67,130.27,130.0124,1075600
2026-05-20,133.11,133.93,128.57,133.76,133.4955,885700
2026-05-21,132.79,133.79,127.89,132.39,132.1282,1045100
2026-05-22,134.22,137.09,128.37,134.6,134.3338,944100
2026-05-26,137.68,142.44,137.68,141.12,140.8409,1155700
2026-05-27,143.22,145.87,138.86,139.54,139.264,1027700
2026-05-28,138.93,143.34,132.63,142.26,141.9787,930800
2026-05-29,142.26,142.95,137.89,140.2,139.9227,1045100
2026-06-01,138.23,141.3,136.01,138.66,138.3858,1133500
2026-06-02,140.74,148.5,140.0,143.5,143.2162,1223700
2026-06-03,144.55,150.46,141.13,148.25,147.9568,1190800
2026-06-04,143.98,145.77,138.2,143.65,143.3659,1023800
2026-06-05,141.29,141.73,131.46,132.62,132.4499,1250700
2026-06-08,137.37,137.67,131.93,132.05,131.8807,732900
2026-06-09,134.03,138.66,124.25,129.66,129.4937,1161200
2026-06-10,128.61,130.55,118.61,121.12,120.9647,950900
2026-06-11,123.5,129.03,121.58,128.64,128.475,943800
2026-06-12,129.12,132.05,125.63,127.19,127.0269,1058800
2026-06-15,133.53,134.9,131.07,131.26,131.0917,852100
2026-06-16,131.51,136.12,130.33,130.66,130.4924,762500
2026-06-17,131.2,137.59,130.16,133.36,133.189,766700
2026-06-18,138.35,139.45,134.29,136.72,136.5447,1316500
2026-06-22,138.25,139.87,134.37,136.16,135.9854,540300
2026-06-23,130.29,132.58,125.97,129.45,129.284,727200
2026-06-24,129.97,132.96,127.45,131.6,131.4312,1131400
2026-06-25,134.53,138.73,131.82,133.26,133.0891,711100
2026-06-26,130.78,133.63,125.98,126.78,126.6174,1498600
2026-06-29,129.5,129.5,123.39,125.71,125.5488,696000
2026-06-30,126.55,129.13,124.72,126.86,126.6973,946500
2026-07-01,122.57,123.05,115.97,116.42,116.2707,1065600
2026-07-02,116.42,117.51,105.22,107.62,107.482,1422700
2026-07-06,107.88,112.44,107.83,109.35,109.2098,865100
2026-07-07,106.05,110.33,104.49,109.94,109.799,1334900
2026-07-08,107.93,109.8,103.98,107.98,107.8415,929400
2026-07-09,111.06,113.15,109.36,110.25,110.1086,718300
2026-07-10,108.58,115.08,107.55,114.16,114.0136,828500
2026-07-13,112.67,114.55,110.23,112.19,112.0461,679800
2026-07-14,115.97,118.34,110.03,112.93,112.7852,835300
2026-07-15,115.06,116.4,109.51,113.11,112.965,790100
2026-07-16,111.54,113.35,108.07,113.2,113.0548,1129700
2026-07-17,109.26,114.68,105.35,111.42,111.2771,1746200
2026-07-20,111.88,112.18,101.84,103.88,103.7468,1384600
2026-07-21,106.65,107.5,103.85,105.61,105.4746,1178300
2026-07-22,104.2,108.23,104.16,107.17,107.0326,710100
2026-07-23,105.51,109.41,104.74,107.68,107.5419,829000
2026-07-24,106.81,108.08,102.45,102.67,102.5383,913200
2026-07-27,103.8,103.88,98.3,101.02,100.8904,739300
2026-07-28,98.08,98.62,93.1,93.74,93.6198,1308400
2026-07-29,92.04,92.49,84.66,84.87,84.7612,2026100
2026-07-30,88.83,90.81,86.33,87.59,87.4777,1488100
2026-07-31,92.27,93.38,89.03,89.06,88.9458,1412700
2026-08-03,90.26,93.26,88.45,92.56,92.4413,931500
2026-08-04,97.28,97.28,91.36,95.55,95.4275,941000
2026-08-05,94.44,97.55,93.11,93.15,93.0305,920600
2026-08-06,92.05,93.47,90.07,90.28,90.1642,866700
2026-08-07,91.75,95.87,90.24,94.83,94.7084,1297900
2026-08-10,94.0,97.47,85.72,89.24,89.1256,2578400
2026-08-11,91.04,91.55,85.05,85.78,85.67,2006400
2026-08-12,88.35,88.93,84.0,85.23,85.1207,1340300
2026-08-13,85.35,91.14,85.35,87.67,87.5576,1740800
2026-08-14,86.63,89.24,86.0,87.8,87.6874,856300
2026-08-17,87.83,88.38,85.73,88.09,87.977,938700
2026-08-18,86.77,86.77,81.37,82.06,81.9548,1527200
2026-08-19,83.36,83.36,79.42,80.99,80.8861,966800
2026-08-20,80.56,81.57,79.45,80.84,80.7363,850800
2026-08-21,81.99,82.45,78.73,79.44,79.3381,984900
2026-08-24,79.14,79.25,74.34,76.1,76.0024,1791200
2026-08-25,77.63,77.92,75.25,76.19,76.0923,972800
2026-08-26,77.14,80.47,77.04,79.78,79.6777,1254400
2026-08-27,81.0,81.82,77.95,78.15,78.0498,1082800
2026-08-28,78.19,78.8,75.56,75.87,75.7727,734900
2026-08-31,75.5,76.69,74.31,75.97,75.8726,870300
2026-09-01,75.03,76.22,74.05,75.35,75.2534,769800
2026-09-02,74.99,75.4,73.75,74.62,74.5243,996500
2026-09-03,74.7,78.49,73.5,77.98,77.88,1247200
2026-09-04,77.98,81.38,77.63,79.4,79.4,1417900
2026-09-08,80.12,81.31,78.87,79.4,79.4,1252900
2026-09-09,78.53,79.59,76.16,77.02,77.02,1109800
2026-09-10,75.9,77.18,74.75,76.52,76.52,873400
2026-09-11,76.77,81.26,76.77,79.8,79.8,975500
2026-09-14,75.41,76.68,74.26,75.54,75.54,1250900
2026-09-15,76.59,77.21,74.08,74.32,74.32,1213800
2026-09-16,74.7,76.87,74.39,75.56,75.56,1011100
2026-09-17,79.24,79.48,76.28,76.43,76.43,1074600
2026-09-18,76.84,77.25,75.52,76.76,76.76,1491700
2026-09-21,77.3,77.75,76.04,76.4,76.4,858000
2026-09-22,77.09,79.92,76.55,79.27,79.27,1021700
2026-09-23,78.66,84.58,78.03,82.36,82.36,1916000
2026-09-24,80.4,84.77,80.03,84.27,84.27,1315600
2026-09-25,84.75,90.0,84.4925,nan,nan,1947098
