date,open,high,low,close,adj_close,volume
2015-01-02,7.17,7.23,6.91,7.12,6.6029,710200
2015-01-05,6.81,7.11,6.7,6.73,6.2412,1005000
2015-01-06,6.72,6.76,6.38,6.47,6.0001,1239300
2015-01-07,6.53,6.59,6.38,6.51,6.0372,687400
2015-01-08,6.55,6.77,6.51,6.67,6.1856,957300
2015-01-09,6.67,6.72,6.53,6.65,6.167,542400
2015-01-12,6.63,6.66,6.38,6.48,6.0094,746100
2015-01-13,6.51,6.64,6.36,6.42,5.9537,979300
2015-01-14,6.33,6.48,6.33,6.43,5.963,1208800
2015-01-15,6.5,6.56,6.37,6.48,6.0094,938000
2015-01-16,6.45,6.72,6.4,6.66,6.1763,981600
2015-01-20,6.71,6.75,6.59,6.64,6.1578,1136600
2015-01-21,6.6,6.82,6.57,6.78,6.2876,914900
2015-01-22,6.82,6.85,6.46,6.77,6.2783,1629200
2015-01-23,6.78,6.86,6.71,6.76,6.269,367800
2015-01-26,6.75,6.95,6.63,6.94,6.436,603600
2015-01-27,6.82,6.9,6.54,6.73,6.2412,1488100
2015-01-28,6.81,6.81,6.65,6.67,6.1856,842900
2015-01-29,6.66,6.78,6.3,6.6,6.1207,1642400
2015-01-30,6.54,6.64,6.33,6.35,5.8888,1110100
2015-02-02,6.35,6.56,6.26,6.52,6.0465,1015200
2015-02-03,6.57,6.85,6.57,6.76,6.269,863000
2015-02-04,6.71,6.85,6.68,6.75,6.2598,1009300
2015-02-05,6.8,7.13,6.69,7.08,6.5658,1377100
2015-02-06,7.12,7.26,6.97,7.1,6.5843,1100400
2015-02-09,7.08,7.14,7.0,7.05,6.538,1425100
2015-02-10,8.39,8.87,7.9,8.8,8.1609,7019300
2015-02-11,8.8,8.92,8.28,8.69,8.0589,2996600
2015-02-12,8.76,8.95,8.67,8.92,8.2722,1869000
2015-02-13,8.93,9.12,8.86,8.9,8.2536,1569800
2015-02-17,9.01,9.43,8.84,9.3,8.6246,2620800
2015-02-18,9.28,9.32,8.9,9.02,8.3649,1878300
2015-02-19,8.95,9.27,8.9,9.14,8.4762,1054900
2015-02-20,9.16,9.2,9.0,9.16,8.4947,1032500
2015-02-23,9.19,9.27,9.02,9.19,8.5226,1143800
2015-02-24,9.16,9.43,9.12,9.42,8.7359,1035000
2015-02-25,9.4,9.43,9.17,9.24,8.5689,967900
2015-02-26,9.23,9.37,9.17,9.28,8.606,660000
2015-02-27,9.28,9.75,9.12,9.73,9.0233,2107700
2015-03-02,9.76,10.01,9.67,9.91,9.1903,2366200
2015-03-03,9.9,10.13,9.77,9.82,9.1068,1823400
2015-03-04,9.79,9.8,9.58,9.67,8.9677,1081100
2015-03-05,9.72,9.93,9.62,9.85,9.1346,1389300
2015-03-06,9.78,9.91,9.55,9.57,8.875,887900
2015-03-09,9.6,9.73,9.31,9.34,8.6617,2044400
2015-03-10,9.21,9.34,9.06,9.28,8.606,1486700
2015-03-11,9.32,9.52,9.17,9.27,8.5967,1454700
2015-03-12,9.18,9.32,9.13,9.23,8.5596,888800
2015-03-13,9.26,9.39,9.01,9.18,8.5133,1094300
2015-03-16,9.21,9.35,9.08,9.35,8.6709,1084000
2015-03-17,9.26,9.26,9.04,9.23,8.5596,873100
2015-03-18,9.16,9.23,8.91,9.14,8.4762,1211300
2015-03-19,9.06,9.16,9.02,9.15,8.4855,726200
2015-03-20,9.24,9.36,9.11,9.3,8.6246,1169200
2015-03-23,9.3,9.39,9.12,9.21,8.5411,1244400
2015-03-24,9.22,9.35,9.15,9.18,8.5133,997200
2015-03-25,9.22,9.22,8.41,8.47,7.8548,2242400
2015-03-26,8.38,8.47,8.14,8.43,7.8178,1253000
2015-03-27,8.4,8.71,8.36,8.63,8.0032,1263900
2015-03-30,8.74,8.98,8.65,8.89,8.2443,2026400
2015-03-31,8.87,9.0,8.82,8.84,8.198,1244200
2015-04-01,8.84,8.87,8.57,8.73,8.096,1121500
2015-04-02,8.83,8.91,8.71,8.75,8.1145,1105900
2015-04-06,8.72,8.76,8.6,8.63,8.0032,891300
2015-04-07,8.61,8.66,8.44,8.45,7.8363,1078800
2015-04-08,8.45,8.65,8.43,8.64,8.0125,1032800
2015-04-09,8.64,8.73,8.51,8.65,8.0218,1237700
2015-04-10,8.71,8.9,8.71,8.79,8.1516,694700
2015-04-13,9.0,9.08,8.78,8.79,8.1516,1054200
2015-04-14,8.75,8.83,8.49,8.62,7.994,842300
2015-04-15,8.69,8.85,8.58,8.77,8.1331,876000
2015-04-16,8.71,8.73,8.5,8.51,7.8919,751000
2015-04-17,8.46,8.51,8.21,8.34,7.7343,941400
2015-04-20,8.4,8.44,8.31,8.35,7.7436,769300
2015-04-21,8.42,8.44,8.27,8.3,7.6972,1005700
2015-04-22,8.31,8.57,8.31,8.47,7.8548,1309700
2015-04-23,8.4,8.66,8.25,8.53,7.9105,1311100
2015-04-24,8.52,8.52,7.96,8.13,7.5395,2034100
2015-04-27,8.13,8.25,7.8,7.94,7.3633,2461700
2015-04-28,7.49,7.61,7.02,7.46,6.9182,5393200
2015-04-29,7.39,7.4,7.05,7.11,6.5936,2390900
2015-04-30,7.06,7.2,7.01,7.03,6.5194,2207500
2015-05-01,7.07,7.22,7.07,7.16,6.64,1445500
2015-05-04,7.14,7.23,7.11,7.12,6.6029,1251600
2015-05-05,7.06,7.12,6.66,6.81,6.3154,2780800
2015-05-06,6.85,6.86,6.58,6.61,6.1299,2828900
2015-05-07,6.6,6.96,6.57,6.93,6.4267,1666900
2015-05-08,7.03,7.05,6.88,7.02,6.5102,1399300
2015-05-11,7.04,7.06,6.91,6.97,6.4638,1132300
2015-05-12,6.93,7.01,6.82,6.9,6.3989,1008600
2015-05-13,6.92,7.05,6.91,6.96,6.4545,1225400
2015-05-14,7.02,7.05,6.91,6.98,6.4731,953900
2015-05-15,6.99,7.15,6.97,7.11,6.5936,748900
2015-05-18,7.11,7.11,6.91,6.98,6.4731,1090500
2015-05-19,7.0,7.03,6.84,6.87,6.3711,868200
2015-05-20,6.92,6.95,6.81,6.83,6.334,776400
2015-05-21,6.8,6.84,6.71,6.76,6.269,751500
2015-05-22,6.75,6.83,6.75,6.8,6.3061,882500
2015-05-26,6.75,6.79,6.57,6.65,6.167,1018600
2015-05-27,6.68,6.98,6.67,6.93,6.4267,1303400
2015-05-28,6.93,7.07,6.91,7.06,6.5473,1143100
2015-05-29,7.06,7.07,6.75,6.76,6.269,2175800
2015-06-01,6.82,6.89,6.74,6.85,6.3525,1300200
2015-06-02,6.79,6.85,6.65,6.67,6.1856,2176000
2015-06-03,6.73,6.78,6.58,6.65,6.167,1248300
2015-06-04,6.62,6.63,6.5,6.59,6.1114,1059300
2015-06-05,6.59,6.64,6.51,6.64,6.1578,770000
2015-06-08,6.61,6.64,6.38,6.39,5.9259,1361600
2015-06-09,6.41,6.43,6.31,6.35,5.8888,829300
2015-06-10,6.39,6.54,6.39,6.48,6.0094,875600
2015-06-11,6.49,6.5,6.31,6.36,5.8981,983100
2015-06-12,6.3,6.39,6.29,6.33,5.8703,1244900
2015-06-15,6.28,6.35,6.17,6.33,5.8703,869900
2015-06-16,6.29,6.39,6.28,6.39,5.9259,624900
2015-06-17,6.38,6.5,6.31,6.32,5.861,882100
2015-06-18,6.35,6.43,6.29,6.41,5.9445,884900
2015-06-19,6.42,6.43,6.3,6.33,5.8703,1329300
2015-06-22,6.39,6.52,6.36,6.49,6.0186,829200
2015-06-23,6.43,6.54,6.36,6.43,5.963,1274200
2015-06-24,6.39,6.47,6.37,6.37,5.9074,651000
2015-06-25,6.41,6.42,6.35,6.39,5.9259,703900
2015-06-26,6.37,6.43,6.12,6.14,5.6941,3574500
2015-06-29,6.06,6.1,5.9,5.9,5.4715,1186400
2015-06-30,6.0,6.03,5.89,5.98,5.5457,1684000
2015-07-01,6.03,6.15,5.82,5.93,5.4993,1707600
2015-07-02,5.92,5.99,5.84,5.84,5.4159,976800
2015-07-06,5.77,5.83,5.57,5.63,5.2211,1846700
2015-07-07,5.61,5.81,5.4,5.81,5.388,1761500
2015-07-08,5.74,5.87,5.6,5.84,5.4159,1844300
2015-07-09,5.92,6.04,5.5,5.5,5.1006,2253500
2015-07-10,5.58,5.75,5.58,5.65,5.2397,1073500
2015-07-13,5.74,5.78,5.62,5.73,5.3138,1046700
2015-07-14,5.73,5.92,5.71,5.89,5.4622,1501000
2015-07-15,5.87,5.89,5.63,5.65,5.2397,1420400
2015-07-16,5.69,5.75,5.52,5.6,5.1933,1208900
2015-07-17,5.57,5.63,5.43,5.46,5.0635,1233500
2015-07-20,5.42,5.49,5.31,5.33,4.9429,1311600
2015-07-21,5.36,5.51,5.32,5.37,4.98,913700
2015-07-22,5.36,5.36,5.09,5.19,4.8131,1710500
2015-07-23,5.23,5.39,5.12,5.13,4.7574,1469900
2015-07-24,5.09,5.25,5.0,5.04,4.674,1235000
2015-07-27,4.97,5.1,4.85,4.92,4.5627,1685900
2015-07-28,4.11,4.51,4.01,4.2,3.895,6635500
2015-07-29,4.14,4.35,4.1,4.26,3.9506,2321700
2015-07-30,4.36,4.57,4.2,4.25,3.9413,2460800
2015-07-31,4.31,4.47,4.28,4.41,4.0897,1810600
2015-08-03,4.42,4.49,4.29,4.29,3.9784,1659300
2015-08-04,4.27,4.34,4.1,4.16,3.8579,1215300
2015-08-05,4.16,4.33,4.13,4.14,3.8393,1320400
2015-08-06,4.17,4.34,4.11,4.29,3.9784,1612100
2015-08-07,4.22,4.31,4.08,4.21,3.9042,1477000
2015-08-10,4.24,4.48,4.23,4.48,4.1546,1385500
2015-08-11,4.41,4.46,4.29,4.29,3.9784,2127800
2015-08-12,4.21,4.53,4.09,4.45,4.1268,1894900
2015-08-13,4.4,4.54,4.36,4.43,4.1083,1383500
2015-08-14,4.41,4.51,4.35,4.45,4.1268,1456600
2015-08-17,4.41,4.57,4.39,4.48,4.1546,1474700
2015-08-18,4.49,4.58,4.28,4.28,3.9692,929500
2015-08-19,4.28,4.49,4.2,4.44,4.1175,1623300
2015-08-20,4.37,4.42,4.2,4.21,3.9042,1329600
2015-08-21,4.12,4.5,4.12,4.39,4.0712,2765400
2015-08-24,4.13,4.9,4.11,4.76,4.4143,4409300
2015-08-25,5.0,5.0,4.54,4.62,4.2845,3372000
2015-08-26,4.7,4.72,4.48,4.62,4.2845,2598100
2015-08-27,4.69,5.12,4.69,5.05,4.6832,2136900
2015-08-28,5.04,5.18,4.97,5.07,4.7018,2491600
2015-08-31,5.05,5.46,4.99,5.4,5.0078,2846000
2015-09-01,5.25,5.37,5.01,5.06,4.6925,2157600
2015-09-02,5.13,5.2,4.96,5.17,4.7945,1504000
2015-09-03,5.15,5.49,5.15,5.41,5.0171,1482700
2015-09-04,5.3,5.36,5.26,5.31,4.9243,859300
2015-09-08,5.37,5.55,5.25,5.52,5.1191,1387200
2015-09-09,5.49,5.62,5.35,5.37,4.98,1414500
2015-09-10,5.39,5.49,5.3,5.37,4.98,966600
2015-09-11,5.34,5.39,5.22,5.28,4.8965,1194000
2015-09-14,5.28,5.37,5.2,5.29,4.9058,681100
2015-09-15,5.18,5.35,5.13,5.31,4.9243,1303600
2015-09-16,5.29,5.32,4.98,5.11,4.7389,1720300
2015-09-17,5.11,5.19,4.98,5.07,4.7018,1106500
2015-09-18,4.98,5.03,4.81,4.88,4.5256,2946400
2015-09-21,4.91,4.95,4.76,4.79,4.4421,1469300
2015-09-22,4.71,4.73,4.53,4.55,4.2195,1395000
2015-09-23,4.55,4.57,4.35,4.36,4.0433,1024500
2015-09-24,4.32,4.45,4.22,4.41,4.0897,1610200
2015-09-25,4.48,4.52,4.34,4.4,4.0804,955700
2015-09-28,4.1,4.4,4.09,4.2,3.895,1700500
2015-09-29,4.24,4.38,4.15,4.29,3.9784,1320000
2015-09-30,4.35,4.52,4.3,4.49,4.1639,1737600
2015-10-01,4.52,4.6,4.35,4.44,4.1175,1370200
2015-10-02,4.39,4.59,4.36,4.58,4.2474,1039700
2015-10-05,4.59,4.78,4.59,4.74,4.3957,1198800
2015-10-06,4.75,4.9,4.67,4.86,4.507,1482000
2015-10-07,4.91,5.08,4.87,4.95,4.5905,1016200
2015-10-08,4.92,5.03,4.87,5.01,4.6461,1171200
2015-10-09,5.04,5.22,5.01,5.12,4.7481,1500300
2015-10-12,5.14,5.15,4.9,4.91,4.5534,1037600
2015-10-13,4.9,4.97,4.78,4.78,4.4328,726100
2015-10-14,4.77,5.13,4.75,5.11,4.7389,1075800
2015-10-15,5.11,5.4,5.1,5.34,4.9522,1755600
2015-10-16,5.37,5.37,5.2,5.29,4.9058,1057000
2015-10-19,5.25,5.29,5.08,5.21,4.8316,1684500
2015-10-20,5.17,5.4,5.17,5.33,4.9429,1191600
2015-10-21,5.38,5.49,5.31,5.42,5.0264,1035900
2015-10-22,5.5,5.58,5.45,5.55,5.1469,1120100
2015-10-23,5.58,5.93,5.58,5.75,5.3324,1360400
2015-10-26,5.72,5.78,5.57,5.65,5.2397,1454300
2015-10-27,5.4,6.47,5.35,6.26,5.8054,6116200
2015-10-28,6.29,6.5,6.22,6.41,5.9445,1836400
2015-10-29,6.33,6.38,6.14,6.19,5.7404,969000
2015-10-30,6.24,6.33,6.12,6.22,5.7683,1231000
2015-11-02,6.23,6.45,6.08,6.33,5.8703,1245100
2015-11-03,6.32,6.58,6.32,6.51,6.0372,1288700
2015-11-04,6.55,6.63,6.28,6.47,6.0001,1056100
2015-11-05,6.48,6.58,6.39,6.49,6.0186,983600
2015-11-06,6.47,6.71,6.47,6.67,6.1856,960400
2015-11-09,6.67,6.67,6.47,6.5,6.0279,673700
2015-11-10,6.46,6.49,6.16,6.22,5.7683,1072600
2015-11-11,6.22,6.33,6.21,6.23,5.7775,466100
2015-11-12,6.15,6.23,6.06,6.09,5.6477,496900
2015-11-13,6.04,6.44,6.02,6.22,5.7683,923200
2015-11-16,6.27,6.35,6.13,6.35,5.8888,733500
2015-11-17,6.29,6.31,6.0,6.03,5.5921,1505200
2015-11-18,6.03,6.34,6.03,6.33,5.8703,767200
2015-11-19,6.33,6.44,6.26,6.35,5.8888,484200
2015-11-20,6.38,6.41,6.17,6.24,5.7868,776900
2015-11-23,6.21,6.38,6.13,6.34,5.8795,776000
2015-11-24,6.33,6.55,6.3,6.54,6.065,932400
2015-11-25,6.53,6.64,6.43,6.63,6.1485,672400
2015-11-27,6.63,6.68,6.53,6.66,6.1763,290900
2015-11-30,6.69,6.82,6.58,6.8,6.3061,1061100
2015-12-01,6.77,6.92,6.7,6.87,6.3711,1571200
2015-12-02,6.82,7.01,6.31,6.92,6.4174,1428000
2015-12-03,6.98,7.05,6.8,6.85,6.3525,1222600
2015-12-04,6.85,6.98,6.75,6.93,6.4267,892500
2015-12-07,6.91,6.96,6.68,6.73,6.2412,1093300
2015-12-08,6.63,6.75,6.5,6.63,6.1485,905200
2015-12-09,6.64,6.68,6.34,6.41,5.9445,858600
2015-12-10,6.39,6.54,6.37,6.44,5.9723,603500
2015-12-11,6.32,6.45,6.18,6.2,5.7497,954900
2015-12-14,6.28,6.28,5.98,6.01,5.5735,944400
2015-12-15,6.06,6.24,6.02,6.21,5.759,812300
2015-12-16,6.27,6.47,6.24,6.44,5.9723,869500
2015-12-17,6.5,6.5,6.3,6.3,5.8424,578000
2015-12-18,6.27,6.31,6.04,6.09,5.6477,946300
2015-12-21,6.14,6.34,6.13,6.33,5.8703,747900
2015-12-22,6.42,6.6,6.27,6.57,6.0928,796600
2015-12-23,6.68,6.73,6.55,6.68,6.1949,646100
2015-12-24,6.7,6.72,6.62,6.62,6.1392,218500
2015-12-28,6.6,6.61,6.3,6.4,5.9352,470000
2015-12-29,6.47,6.51,6.39,6.4,5.9352,519500
2015-12-30,6.39,6.4,6.25,6.26,5.8054,525900
2015-12-31,6.23,6.28,6.08,6.08,5.6384,689500
2016-01-04,5.96,6.06,5.86,6.04,5.6013,774200
2016-01-05,6.03,6.2,6.0,6.13,5.6848,818900
2016-01-06,6.0,6.06,5.77,5.88,5.453,939500
2016-01-07,5.73,5.82,5.55,5.64,5.2304,887600
2016-01-08,5.65,5.78,5.54,5.62,5.2118,1137400
2016-01-11,5.68,5.75,5.6,5.66,5.2489,806000
2016-01-12,5.73,5.84,5.51,5.66,5.2489,701600
2016-01-13,5.7,5.81,5.56,5.65,5.2397,1035200
2016-01-14,5.68,5.85,5.55,5.67,5.2582,1051600
2016-01-15,5.48,5.57,5.42,5.56,5.1562,1218600
2016-01-19,5.68,5.68,5.36,5.43,5.0356,1428000
2016-01-20,5.35,5.57,5.15,5.53,5.1284,1287200
2016-01-21,5.55,5.84,5.5,5.81,5.388,1221500
2016-01-22,5.94,6.08,5.87,6.07,5.6292,1530700
2016-01-25,6.07,6.07,5.75,5.75,5.3324,964700
2016-01-26,5.82,6.02,5.78,5.94,5.5086,526100
2016-01-27,5.9,5.94,5.73,5.85,5.4251,977900
2016-01-28,5.98,6.0,5.74,5.79,5.3695,653500
2016-01-29,5.83,6.14,5.83,6.14,5.6941,1178000
2016-02-01,6.11,6.11,5.8,5.93,5.4993,1011600
2016-02-02,5.93,5.93,5.54,5.59,5.184,1108700
2016-02-03,5.65,5.73,5.35,5.61,5.2026,1275500
2016-02-04,5.56,5.91,5.51,5.58,5.1747,1022500
2016-02-05,5.51,5.64,5.35,5.36,4.9707,1083800
2016-02-08,5.27,5.36,5.17,5.31,4.9243,1566600
2016-02-09,5.23,5.43,5.18,5.24,4.8594,737200
2016-02-10,5.27,5.49,5.21,5.25,4.8687,665300
2016-02-11,5.19,5.29,5.03,5.19,4.8131,990600
2016-02-12,4.54,4.61,4.09,4.13,3.83,2994300
2016-02-16,4.2,4.5,4.1,4.36,4.0433,1840400
2016-02-17,4.44,4.67,4.44,4.6,4.2659,1746500
2016-02-18,4.63,4.66,4.51,4.61,4.2752,1323800
2016-02-19,4.59,4.68,4.5,4.54,4.2103,1191300
2016-02-22,4.63,4.98,4.6,4.96,4.5998,1667800
2016-02-23,4.93,5.02,4.9,4.95,4.5905,1422500
2016-02-24,4.9,5.0,4.68,4.98,4.6183,790400
2016-02-25,4.95,5.1,4.95,5.05,4.6832,741700
2016-02-26,5.1,5.22,5.1,5.12,4.7481,896800
2016-02-29,5.15,5.28,5.06,5.06,4.6925,1308400
2016-03-01,5.1,5.27,5.08,5.21,4.8316,814900
2016-03-02,5.16,5.38,5.16,5.38,4.9893,1086600
2016-03-03,5.36,5.52,5.32,5.49,5.0913,962100
2016-03-04,5.49,5.58,5.21,5.27,4.8873,1148700
2016-03-07,5.22,5.3,5.16,5.27,4.8873,1125900
2016-03-08,5.21,5.23,5.01,5.1,4.7296,1392000
2016-03-09,5.14,5.18,4.88,5.12,4.7481,1104100
2016-03-10,5.12,5.23,5.12,5.2,4.8223,982900
2016-03-11,5.26,5.4,5.26,5.36,4.9707,651900
2016-03-14,5.36,5.41,5.24,5.35,4.9614,675800
2016-03-15,5.34,5.34,5.18,5.19,4.8131,961900
2016-03-16,5.3,5.31,5.08,5.31,4.9243,856600
2016-03-17,5.27,5.42,5.24,5.39,4.9985,924200
2016-03-18,5.42,5.62,5.42,5.61,5.2026,2217900
2016-03-21,5.65,5.81,5.6,5.72,5.3046,1214100
2016-03-22,5.7,5.86,5.65,5.79,5.3695,956900
2016-03-23,5.73,5.78,5.58,5.64,5.2304,1434400
2016-03-24,5.62,5.7,5.47,5.63,5.2211,791900
2016-03-28,5.64,5.74,5.47,5.54,5.1376,659200
2016-03-29,5.48,5.65,5.34,5.61,5.2026,924900
2016-03-30,5.62,5.84,5.62,5.8,5.3788,772800
2016-03-31,5.78,5.91,5.76,5.89,5.4622,882400
2016-04-01,5.82,5.82,5.59,5.7,5.286,632700
2016-04-04,5.72,5.74,5.61,5.66,5.2489,671900
2016-04-05,5.62,5.65,5.5,5.55,5.1469,651900
2016-04-06,5.54,5.56,5.32,5.49,5.0913,1100900
2016-04-07,5.43,5.47,5.37,5.45,5.0542,1290700
2016-04-08,5.49,5.59,5.35,5.42,5.0264,639600
2016-04-11,5.44,5.54,5.36,5.46,5.0635,1637500
2016-04-12,5.45,5.49,5.33,5.41,5.0171,751100
2016-04-13,5.46,5.68,5.42,5.66,5.2489,1119600
2016-04-14,5.65,5.65,5.53,5.58,5.1747,451000
2016-04-15,5.57,5.66,5.54,5.57,5.1655,553200
2016-04-18,5.53,5.58,5.45,5.46,5.0635,451200
2016-04-19,5.51,5.55,5.41,5.47,5.0727,894100
2016-04-20,5.47,5.58,5.47,5.55,5.1469,677000
2016-04-21,5.53,5.65,5.42,5.47,5.0727,783900
2016-04-22,5.46,5.79,5.46,5.75,5.3324,1060100
2016-04-25,5.77,5.93,5.68,5.7,5.286,881600
2016-04-26,5.73,5.81,5.66,5.78,5.3602,712900
2016-04-27,5.8,5.95,5.7,5.84,5.4159,1183100
2016-04-28,5.72,6.13,5.27,5.88,5.453,2254500
2016-04-29,5.81,5.82,5.55,5.71,5.2953,1431500
2016-05-02,5.7,5.83,5.59,5.78,5.3602,1304300
2016-05-03,5.75,5.87,5.75,5.8,5.3788,958500
2016-05-04,5.77,5.95,5.62,5.66,5.2489,1047900
2016-05-05,5.72,5.75,5.56,5.58,5.1747,733100
2016-05-06,5.56,5.68,5.56,5.64,5.2304,493900
2016-05-09,5.63,5.69,5.52,5.61,5.2026,706100
2016-05-10,5.61,5.74,5.58,5.74,5.3231,432600
2016-05-11,5.73,5.77,5.65,5.69,5.2768,624400
2016-05-12,5.71,5.71,5.43,5.5,5.1006,903700
2016-05-13,5.5,5.64,5.48,5.57,5.1655,640500
2016-05-16,5.57,5.78,5.56,5.67,5.2582,839400
2016-05-17,5.65,5.85,5.61,5.67,5.2582,876900
2016-05-18,5.66,5.85,5.66,5.73,5.3138,743000
2016-05-19,5.7,5.78,5.53,5.58,5.1747,562800
2016-05-20,5.59,5.84,5.59,5.82,5.3973,763700
2016-05-23,5.84,6.1,5.72,6.09,5.6477,1485600
2016-05-24,6.12,6.3,6.1,6.26,5.8054,746400
2016-05-25,6.04,6.19,5.96,6.18,5.7312,1206900
2016-05-26,6.18,6.24,6.1,6.2,5.7497,750800
2016-05-27,6.24,6.4,6.22,6.36,5.8981,920100
2016-05-31,6.41,6.42,6.22,6.31,5.8517,987700
2016-06-01,6.25,6.38,6.13,6.37,5.9074,887700
2016-06-02,6.36,6.42,6.28,6.38,5.9166,604000
2016-06-03,6.38,6.4,6.28,6.39,5.9259,688300
2016-06-06,6.41,6.48,6.36,6.42,5.9537,628500
2016-06-07,6.42,6.46,6.31,6.44,5.9723,658300
2016-06-08,6.45,6.5,6.35,6.42,5.9537,680500
2016-06-09,6.38,6.38,6.25,6.32,5.861,530000
2016-06-10,6.25,6.25,6.09,6.11,5.6662,717000
2016-06-13,6.07,6.21,6.05,6.11,5.6662,629200
2016-06-14,6.09,6.16,5.94,6.1,5.657,788300
2016-06-15,6.12,6.15,6.0,6.04,5.6013,684200
2016-06-16,6.0,6.0,5.87,5.93,5.4993,858500
2016-06-17,5.92,5.97,5.86,5.92,5.49,978000
2016-06-20,5.99,6.15,5.95,6.02,5.5828,700200
2016-06-21,6.03,6.06,5.93,6.05,5.6106,709500
2016-06-22,6.05,6.16,5.98,6.0,5.5642,519800
2016-06-23,6.05,6.23,6.05,6.19,5.7404,628200
2016-06-24,5.87,5.98,5.78,5.8,5.3788,1850100
2016-06-27,5.73,5.73,5.33,5.37,4.98,1024100
2016-06-28,5.46,5.63,5.42,5.63,5.2211,979100
2016-06-29,5.71,5.78,5.64,5.66,5.2489,634300
2016-06-30,5.66,5.75,5.65,5.75,5.3324,723900
2016-07-01,5.7,5.83,5.54,5.71,5.2953,513300
2016-07-05,5.67,5.7,5.57,5.63,5.2211,520100
2016-07-06,5.58,5.65,5.51,5.6,5.1933,503500
2016-07-07,5.6,5.73,5.57,5.6,5.1933,428000
2016-07-08,5.69,6.0,5.69,5.96,5.5271,901100
2016-07-11,6.01,6.05,5.95,6.0,5.5642,490300
2016-07-12,6.05,6.17,6.01,6.15,5.7033,860000
2016-07-13,6.18,6.22,6.1,6.13,5.6848,769600
2016-07-14,6.18,6.19,6.09,6.16,5.7126,462900
2016-07-15,6.18,6.23,6.09,6.18,5.7312,434700
2016-07-18,5.92,6.26,5.92,6.22,5.7683,527500
2016-07-19,6.19,6.25,6.03,6.17,5.7219,360400
2016-07-20,6.2,6.3,6.19,6.29,5.8332,604400
2016-07-21,6.28,6.36,6.21,6.27,5.8146,970400
2016-07-22,6.26,6.29,6.17,6.27,5.8146,1009500
2016-07-25,6.31,6.39,6.22,6.24,5.7868,1490000
2016-07-26,6.26,6.37,6.22,6.26,5.8054,908700
2016-07-27,6.29,6.5,6.29,6.47,6.0001,1122700
2016-07-28,6.45,6.51,6.33,6.33,5.8703,816400
2016-07-29,6.35,6.46,6.24,6.29,5.8332,861700
2016-08-01,6.28,6.53,6.27,6.45,5.9816,1464000
2016-08-02,7.33,7.8,7.22,7.3,6.7698,6748300
2016-08-03,7.33,7.56,7.29,7.52,6.9738,3269800
2016-08-04,7.55,7.62,7.53,7.55,7.0017,2936600
2016-08-05,7.6,8.09,7.6,8.06,7.4746,4108700
2016-08-08,8.12,8.3,8.1,8.24,7.6416,2998600
2016-08-09,8.31,8.35,8.26,8.34,7.7343,2011700
2016-08-10,8.32,8.38,8.19,8.29,7.6879,1224800
2016-08-11,8.35,8.59,8.31,8.54,7.9198,2319300
2016-08-12,8.58,8.99,8.48,8.96,8.3093,2803800
2016-08-15,9.0,9.28,8.97,9.2,8.5318,2366600
2016-08-16,9.19,9.22,8.89,8.94,8.2907,1786300
2016-08-17,9.0,9.54,8.89,9.39,8.708,3912700
2016-08-18,9.36,9.38,9.1,9.22,8.5504,2067400
2016-08-19,9.1,9.34,9.09,9.26,8.5875,1769700
2016-08-22,9.31,9.34,9.18,9.25,8.5782,1472400
2016-08-23,9.29,9.44,9.21,9.26,8.5875,1261400
2016-08-24,9.21,9.25,9.09,9.16,8.4947,1055600
2016-08-25,9.09,9.2,9.02,9.13,8.4669,890800
2016-08-26,9.12,9.35,9.02,9.19,8.5226,912600
2016-08-29,9.23,9.36,9.22,9.27,8.5967,988300
2016-08-30,9.24,9.36,9.2,9.23,8.5596,881100
2016-08-31,9.23,9.27,9.03,9.1,8.4391,1439600
2016-09-01,9.09,9.27,9.07,9.24,8.5689,929400
2016-09-02,9.3,9.32,9.19,9.25,8.5782,637800
2016-09-06,9.1,9.29,9.04,9.19,8.5226,1503500
2016-09-07,9.17,9.34,9.17,9.25,8.5782,916100
2016-09-08,9.2,9.3,9.12,9.26,8.5875,654900
2016-09-09,9.18,9.19,8.62,8.72,8.0867,1526200
2016-09-12,8.62,8.92,8.41,8.88,8.2351,1329100
2016-09-13,8.76,8.88,8.58,8.6,7.9754,1167400
2016-09-14,8.6,8.7,8.56,8.65,8.0218,899700
2016-09-15,8.67,8.94,8.67,8.9,8.2536,778300
2016-09-16,8.95,8.97,8.78,8.8,8.1609,1759600
2016-09-19,8.91,9.07,8.82,8.88,8.2351,949700
2016-09-20,8.91,8.99,8.84,8.89,8.2443,753900
2016-09-21,8.97,9.24,8.93,9.22,8.5504,1260900
2016-09-22,9.3,9.42,9.22,9.39,8.708,1142900
2016-09-23,9.29,9.34,9.11,9.13,8.4669,742100
2016-09-26,9.03,9.55,8.95,9.34,8.6617,2289200
2016-09-27,9.39,9.47,9.21,9.4,8.7173,824400
2016-09-28,9.42,9.69,9.42,9.59,8.8935,1112900
2016-09-29,9.6,9.64,9.39,9.54,8.8471,952100
2016-09-30,9.56,9.84,9.54,9.72,9.0141,1460000
2016-10-03,9.84,9.95,9.68,9.73,9.0233,1040200
2016-10-04,9.8,9.94,9.7,9.78,9.0697,896800
2016-10-05,9.7,9.95,9.68,9.9,9.181,794100
2016-10-06,9.92,9.99,9.81,9.96,9.2366,686000
2016-10-07,9.99,9.99,9.77,9.92,9.1995,1025500
2016-10-10,9.87,10.13,9.77,9.8,9.0883,820200
2016-10-11,9.85,9.85,9.34,9.43,8.7451,949100
2016-10-12,9.4,9.51,9.31,9.47,8.7822,497200
2016-10-13,9.37,9.43,9.19,9.35,8.6709,674800
2016-10-14,9.37,9.6,9.31,9.32,8.6431,583400
2016-10-17,9.39,9.46,9.27,9.33,8.6524,862000
2016-10-18,9.45,9.5,9.37,9.39,8.708,652000
2016-10-19,9.37,9.55,9.28,9.49,8.8008,876800
2016-10-20,9.44,9.72,9.42,9.71,9.0048,1202600
2016-10-21,9.68,9.7,9.53,9.62,8.9213,712200
2016-10-24,9.7,9.9,9.7,9.77,9.0604,590200
2016-10-25,9.78,9.88,9.61,9.66,8.9584,725400
2016-10-26,9.59,9.7,9.44,9.48,8.7915,950100
2016-10-27,9.53,9.6,9.3,9.32,8.6431,696200
2016-10-28,9.35,9.44,9.16,9.19,8.5226,893800
2016-10-31,9.21,9.31,9.02,9.27,8.5967,1794400
2016-11-01,9.88,10.8,9.8,10.23,9.487,4089700
2016-11-02,10.33,10.72,10.18,10.59,9.8209,2482700
2016-11-03,10.56,10.6,10.2,10.21,9.4685,1630900
2016-11-04,10.25,10.51,10.02,10.43,9.6725,2450800
2016-11-07,10.67,11.05,10.54,10.92,10.1269,2155700
2016-11-08,11.1,11.44,10.86,11.24,10.4237,1578400
2016-11-09,10.67,11.24,10.56,11.19,10.3773,2686500
2016-11-10,11.36,11.47,10.78,11.16,10.3495,2128500
2016-11-11,11.23,11.51,11.23,11.5,10.6648,2228100
2016-11-14,11.59,11.72,11.32,11.37,10.5442,2139500
2016-11-15,11.46,11.49,11.25,11.3,10.4793,2973600
2016-11-16,11.27,11.4,11.2,11.39,10.5628,1702900
2016-11-17,11.5,11.88,11.36,11.8,10.943,1802500
2016-11-18,11.82,12.18,11.77,12.1,11.2212,1597300
2016-11-21,12.4,12.44,12.11,12.32,11.4252,1803300
2016-11-22,12.4,12.48,12.05,12.1,11.2212,2049100
2016-11-23,12.05,12.31,11.93,12.23,11.3418,905600
2016-11-25,12.19,12.23,11.98,11.99,11.1192,637000
2016-11-28,11.94,12.17,11.9,12.09,11.2119,1161000
2016-11-29,12.05,12.19,11.92,12.03,11.1563,735300
2016-11-30,12.09,12.13,11.78,11.82,10.9615,1639800
2016-12-01,11.76,11.86,10.56,10.7,9.9229,2628500
2016-12-02,10.72,11.0,10.66,10.87,10.0805,1216800
2016-12-05,11.2,11.28,10.94,11.24,10.4237,1773000
2016-12-06,11.39,11.45,11.09,11.26,10.4422,1068000
2016-12-07,11.19,11.5,11.16,11.44,10.6091,1087500
2016-12-08,11.46,11.78,11.34,11.37,10.5442,2168700
2016-12-09,11.37,11.52,10.83,10.86,10.0713,2028000
2016-12-12,10.8,11.09,10.57,10.7,9.9229,2290700
2016-12-13,10.73,10.98,10.63,10.79,10.0064,1515800
2016-12-14,10.8,11.13,10.8,10.85,10.062,1345400
2016-12-15,10.88,11.19,10.86,11.01,10.2104,1301400
2016-12-16,11.03,11.15,10.71,10.73,9.9507,1583200
2016-12-19,10.8,10.97,10.75,10.85,10.062,850000
2016-12-20,10.87,11.23,10.84,10.98,10.1826,1964800
2016-12-21,10.97,11.18,10.93,11.06,10.2567,725000
2016-12-22,11.1,11.11,10.81,10.96,10.164,788500
2016-12-23,10.96,11.03,10.8,11.02,10.2196,794900
2016-12-27,11.0,11.29,11.0,11.23,10.4144,1157300
2016-12-28,11.52,11.52,10.91,10.93,10.1362,1091400
2016-12-29,10.99,10.99,10.7,10.82,10.0342,806900
2016-12-30,10.86,10.9,10.49,10.55,9.7838,1268500
2017-01-03,10.68,10.89,10.52,10.65,9.8765,1149700
2017-01-04,10.71,10.81,10.54,10.61,9.8394,1072300
2017-01-05,10.56,10.64,10.35,10.35,9.5983,1297300
2017-01-06,10.35,10.44,10.2,10.27,9.5241,1237400
2017-01-09,10.27,10.65,10.24,10.39,9.6354,1244300
2017-01-10,10.44,10.8,10.44,10.69,9.9136,1184700
2017-01-11,10.68,10.76,10.54,10.75,9.9693,814100
2017-01-12,10.69,10.69,10.23,10.49,9.7281,831000
2017-01-13,10.53,10.77,10.42,10.46,9.7003,1238700
2017-01-17,10.38,10.38,9.79,9.79,9.079,1873500
2017-01-18,9.9,9.97,9.77,9.86,9.1439,2180100
2017-01-19,9.84,9.89,9.48,9.68,8.977,2157400
2017-01-20,9.69,9.82,9.62,9.69,8.9862,2065500
2017-01-23,9.65,9.79,9.48,9.55,8.8564,1310400
2017-01-24,9.56,9.94,9.51,9.77,9.0604,1948000
2017-01-25,9.91,9.97,9.77,9.86,9.1439,2176100
2017-01-26,9.9,9.9,9.72,9.73,9.0233,1265100
2017-01-27,9.79,9.82,9.67,9.7,8.9955,883900
2017-01-30,9.63,9.63,9.38,9.53,8.8379,1529100
2017-01-31,9.45,9.5,9.33,9.41,8.7266,1220700
2017-02-01,9.51,9.69,9.45,9.63,8.9306,1296700
2017-02-02,9.66,10.19,9.64,9.92,9.1995,1971700
2017-02-03,9.99,10.21,9.95,10.07,9.3386,1405300
2017-02-06,9.99,9.99,9.8,9.98,9.2552,1050800
2017-02-07,9.98,10.01,9.54,9.6,8.9028,1924600
2017-02-08,9.6,9.66,9.44,9.66,8.9584,1850500
2017-02-09,9.71,10.01,9.69,9.93,9.2088,1691600
2017-02-10,9.96,10.05,9.71,9.97,9.2459,1978000
2017-02-13,10.08,10.45,10.02,10.44,9.6818,5561200
2017-02-14,9.35,9.91,9.05,9.61,8.9121,8905700
2017-02-15,9.55,9.63,9.29,9.6,8.9028,3977600
2017-02-16,9.55,10.02,9.49,10.01,9.283,2595700
2017-02-17,9.98,10.09,9.9,10.05,9.3201,1995900
2017-02-21,10.05,10.35,10.02,10.34,9.589,2041000
2017-02-22,10.35,10.4,10.09,10.1,9.3665,1588700
2017-02-23,10.13,10.23,9.87,10.15,9.4128,1728100
2017-02-24,10.05,10.17,9.95,10.13,9.3943,1360200
2017-02-27,10.14,10.16,9.77,9.86,9.1439,2402700
2017-02-28,9.86,9.93,9.73,9.82,9.1068,1999900
2017-03-01,9.94,10.22,9.83,10.15,9.4128,1754000
2017-03-02,10.14,10.32,10.1,10.25,9.5056,1673200
2017-03-03,10.24,10.36,10.2,10.25,9.5056,1496500
2017-03-06,10.23,10.51,10.12,10.49,9.7281,1769800
2017-03-07,10.49,10.68,10.49,10.64,9.8672,1407300
2017-03-08,10.62,10.94,10.55,10.74,9.96,1548000
2017-03-09,10.7,10.74,10.51,10.55,9.7838,1109600
2017-03-10,10.66,10.91,10.63,10.89,10.0991,1617100
2017-03-13,10.92,11.06,10.76,11.06,10.2567,1297300
2017-03-14,11.06,11.07,10.88,10.9,10.1084,1157100
2017-03-15,10.97,10.99,10.78,10.89,10.0991,1492600
2017-03-16,10.97,11.09,10.76,10.95,10.1547,794900
2017-03-17,10.97,11.15,10.93,11.09,10.2846,1672000
2017-03-20,11.13,11.3,11.02,11.23,10.4144,1270600
2017-03-21,11.24,11.24,10.57,10.59,9.8209,1418300
2017-03-22,10.57,10.82,10.56,10.78,9.9971,1026200
2017-03-23,10.78,10.94,10.71,10.86,10.0713,704000
2017-03-24,10.96,11.12,10.87,10.95,10.1547,638100
2017-03-27,10.85,11.2,10.72,11.16,10.3495,749700
2017-03-28,11.08,11.19,10.95,11.15,10.3402,744000
2017-03-29,11.1,11.15,11.03,11.09,10.2846,623400
2017-03-30,11.06,11.3,11.05,11.28,10.4608,727700
2017-03-31,11.25,11.64,11.11,11.59,10.7483,2598000
2017-04-03,11.61,11.76,11.51,11.56,10.7204,1487500
2017-04-04,11.49,11.66,11.4,11.46,10.6277,1381000
2017-04-05,11.49,11.57,11.18,11.24,10.4237,1352500
2017-04-06,11.3,11.5,11.11,11.45,10.6184,956200
2017-04-07,11.44,11.64,11.4,11.51,10.6741,1277600
2017-04-10,11.53,11.61,11.26,11.39,10.5628,1299700
2017-04-11,11.33,11.39,11.08,11.2,10.3866,1230900
2017-04-12,11.22,11.4,11.16,11.21,10.3958,1180700
2017-04-13,11.15,11.35,10.9,10.9,10.1084,977700
2017-04-17,10.94,11.21,10.81,11.2,10.3866,1301300
2017-04-18,11.14,11.27,10.98,11.22,10.4051,1377800
2017-04-19,11.32,11.42,11.2,11.37,10.5442,1322200
2017-04-20,11.46,11.91,11.3,11.88,11.0172,1835500
2017-04-21,11.85,11.86,11.6,11.73,10.8781,1593300
2017-04-24,11.96,11.98,11.62,11.88,11.0172,1059600
2017-04-25,11.96,12.15,11.84,12.1,11.2212,1152400
2017-04-26,12.08,12.08,11.82,11.98,11.1099,1285800
2017-04-27,11.98,12.48,11.92,12.33,11.4345,2225400
2017-04-28,12.33,12.33,11.0,11.78,10.9244,4106500
2017-05-01,11.83,12.23,11.83,12.09,11.2119,1656100
2017-05-02,12.07,12.08,11.61,11.71,10.8595,1839400
2017-05-03,11.66,11.76,11.52,11.73,10.8781,1001300
2017-05-04,11.75,12.03,11.64,11.96,11.0914,1139000
2017-05-05,12.04,12.04,11.62,11.85,10.9894,1113500
2017-05-08,11.83,11.91,11.67,11.73,10.8781,707600
2017-05-09,11.78,12.07,11.78,11.98,11.1099,880700
2017-05-10,12.1,12.26,11.87,11.96,11.0914,1110400
2017-05-11,11.92,12.08,11.74,11.9,11.0357,1363800
2017-05-12,11.88,11.94,11.62,11.67,10.8224,1004300
2017-05-15,11.71,11.78,11.59,11.69,10.841,1214200
2017-05-16,11.77,11.77,11.56,11.67,10.8224,1188800
2017-05-17,11.48,11.49,10.77,10.89,10.0991,3167100
2017-05-18,10.88,11.05,10.73,10.84,10.0527,1223200
2017-05-19,10.75,11.07,10.75,10.96,10.164,1117700
2017-05-22,10.99,11.15,10.92,11.12,10.3124,923400
2017-05-23,11.16,11.27,11.02,11.19,10.3773,895300
2017-05-24,11.28,11.42,11.18,11.4,10.5721,886400
2017-05-25,11.44,11.59,11.36,11.43,10.5999,1278300
2017-05-26,11.42,11.75,11.18,11.74,10.8874,1014900
2017-05-30,11.72,11.8,11.58,11.64,10.7946,1048600
2017-05-31,11.72,11.76,11.24,11.34,10.5164,1637700
2017-06-01,11.37,11.5,11.24,11.36,10.535,821100
2017-06-02,11.4,11.47,11.27,11.34,10.5164,1137200
2017-06-05,11.29,11.61,11.26,11.55,10.7112,695700
2017-06-06,11.52,11.87,11.4,11.73,10.8781,1062700
2017-06-07,11.76,12.12,11.76,11.94,11.0728,947400
2017-06-08,12.0,12.25,11.89,12.24,11.351,792300
2017-06-09,12.15,12.35,11.15,11.41,10.5813,1886300
2017-06-12,11.28,11.42,10.82,11.1,10.2938,1846200
2017-06-13,11.29,11.48,11.02,11.09,10.2846,938500
2017-06-14,11.08,11.22,10.58,10.73,9.9507,1275300
2017-06-15,10.45,10.62,10.34,10.42,9.6632,1278200
2017-06-16,10.35,10.65,10.35,10.56,9.7931,1374500
2017-06-19,10.68,10.89,10.67,10.8,10.0156,1010600
2017-06-20,10.81,10.89,10.56,10.67,9.8951,1321100
2017-06-21,10.74,10.98,10.61,10.68,9.9043,1051200
2017-06-22,10.65,10.83,10.59,10.65,9.8765,1026200
2017-06-23,10.66,10.8,10.57,10.63,9.858,1002800
2017-06-26,10.7,10.79,10.36,10.37,9.6169,610700
2017-06-27,10.3,10.39,10.04,10.13,9.3943,1162300
2017-06-28,10.17,10.48,9.87,10.45,9.691,1322900
2017-06-29,10.39,10.4,9.68,9.81,9.0975,1382100
2017-06-30,9.82,10.01,9.63,9.77,9.0604,1387300
2017-07-03,9.87,9.94,9.61,9.66,8.9584,598500
2017-07-05,9.7,9.87,9.66,9.82,9.1068,855700
2017-07-06,9.69,9.93,9.66,9.73,9.0233,981600
2017-07-07,9.79,9.96,9.73,9.83,9.1161,1204500
2017-07-10,9.82,10.0,9.71,9.92,9.1995,845700
2017-07-11,9.91,10.09,9.85,10.04,9.3108,927800
2017-07-12,10.18,10.3,10.13,10.2,9.4592,662400
2017-07-13,10.19,10.27,9.97,10.17,9.4314,1459300
2017-07-14,10.19,10.39,10.12,10.37,9.6169,751300
2017-07-17,10.38,10.52,10.19,10.45,9.691,734300
2017-07-18,10.4,10.56,10.34,10.56,9.7931,875100
2017-07-19,10.66,10.9,10.5,10.89,10.0991,926000
2017-07-20,10.92,10.92,10.68,10.85,10.062,641100
2017-07-21,10.88,10.98,10.57,10.96,10.164,1532000
2017-07-24,10.94,11.03,10.83,11.01,10.2104,773500
2017-07-25,11.0,11.03,10.89,11.01,10.2104,823000
2017-07-26,11.07,11.14,10.91,11.06,10.2567,1146000
2017-07-27,11.12,11.25,10.72,10.81,10.0249,1520900
2017-07-28,10.72,10.81,10.41,10.49,9.7281,1728500
2017-07-31,10.52,10.65,10.23,10.37,9.6169,1846500
2017-08-01,10.15,10.49,9.17,9.49,8.8008,4880700
2017-08-02,9.53,9.68,9.07,9.17,8.504,2337600
2017-08-03,9.15,9.21,8.83,8.86,8.2165,1646200
2017-08-04,8.85,8.94,8.7,8.77,8.1331,1181000
2017-08-07,8.79,9.12,8.79,9.11,8.4484,1463200
2017-08-08,9.16,9.28,9.03,9.12,8.4576,1668700
2017-08-09,9.02,9.02,8.78,8.9,8.2536,1082200
2017-08-10,8.8,8.8,8.52,8.53,7.9105,1138100
2017-08-11,8.55,8.75,8.5,8.73,8.096,1124900
2017-08-14,8.86,8.94,8.73,8.8,8.1609,840300
2017-08-15,8.77,8.87,8.63,8.69,8.0589,1059900
2017-08-16,8.8,8.91,8.72,8.84,8.198,919000
2017-08-17,8.76,8.76,8.38,8.38,7.7714,1436100
2017-08-18,8.36,8.53,8.32,8.46,7.8456,737600
2017-08-21,8.44,8.62,8.35,8.59,7.9661,1067600
2017-08-22,8.65,8.8,8.6,8.68,8.0496,1364000
2017-08-23,8.57,8.74,8.57,8.66,8.031,667800
2017-08-24,8.7,8.79,8.6,8.71,8.0774,899400
2017-08-25,8.65,8.65,8.41,8.54,7.9198,1118000
2017-08-28,8.58,8.66,8.47,8.63,8.0032,1019800
2017-08-29,8.48,8.87,8.44,8.83,8.1887,1492400
2017-08-30,8.84,9.01,8.79,8.96,8.3093,770500
2017-08-31,8.99,9.03,8.77,8.78,8.1423,1179900
2017-09-01,8.84,9.12,8.83,9.08,8.4205,883100
2017-09-05,9.02,9.13,8.79,8.91,8.2629,783300
2017-09-06,8.97,8.98,8.8,8.93,8.2814,648500
2017-09-07,8.95,8.99,8.85,8.9,8.2536,814900
2017-09-08,8.87,9.0,8.82,8.95,8.3,1088700
2017-09-11,9.04,9.15,8.96,9.14,8.4762,581400
2017-09-12,9.18,9.32,9.09,9.23,8.5596,765600
2017-09-13,9.19,9.51,9.17,9.45,8.7637,1254900
2017-09-14,9.4,9.49,9.28,9.45,8.7637,1237900
2017-09-15,9.49,9.7,9.34,9.65,8.9491,1460100
2017-09-18,9.69,10.02,9.65,9.98,9.2552,1019500
2017-09-19,10.07,10.07,9.79,9.9,9.181,924000
2017-09-20,9.93,9.94,9.61,9.81,9.0975,1446200
2017-09-21,9.8,9.92,9.65,9.87,9.1532,1469600
2017-09-22,9.82,10.09,9.77,10.06,9.3294,908300
2017-09-25,9.97,10.06,9.74,9.94,9.2181,1897700
2017-09-26,10.02,10.15,9.9,10.08,9.3479,1431700
2017-09-27,10.19,10.45,10.06,10.3,9.5519,1524200
2017-09-28,10.3,10.59,10.17,10.55,9.7838,1180300
2017-09-29,10.59,10.63,10.34,10.55,9.7838,1446300
2017-10-02,10.6,10.76,10.55,10.65,9.8765,643800
2017-10-03,10.65,10.76,10.47,10.58,9.8116,934200
2017-10-04,10.55,10.56,10.42,10.5,9.7374,804000
2017-10-05,10.52,10.56,10.39,10.54,9.7745,859600
2017-10-06,10.51,10.59,10.45,10.5,9.7374,487100
2017-10-09,10.51,10.6,10.41,10.5,9.7374,856500
2017-10-10,10.57,10.59,10.46,10.55,9.7838,745900
2017-10-11,10.54,10.71,10.52,10.71,9.9322,697200
2017-10-12,10.71,10.9,10.65,10.87,10.0805,1040800
2017-10-13,10.9,11.01,10.77,10.88,10.0898,1170500
2017-10-16,10.94,10.97,10.74,10.81,10.0249,957600
2017-10-17,10.76,10.8,10.56,10.65,9.8765,799300
2017-10-18,10.68,10.74,10.53,10.69,9.9136,594700
2017-10-19,10.59,10.6,10.32,10.59,9.8209,1330200
2017-10-20,10.65,10.82,10.59,10.69,9.9136,1461000
2017-10-23,10.76,10.76,10.49,10.53,9.7652,1966200
2017-10-24,10.6,10.72,10.58,10.63,9.858,947000
2017-10-25,10.53,10.82,10.47,10.81,10.0249,887000
2017-10-26,10.87,10.98,10.7,10.89,10.0991,555300
2017-10-27,10.93,10.97,10.72,10.95,10.1547,712300
2017-10-30,10.94,11.13,10.79,11.09,10.2846,1323800
2017-10-31,11.09,11.8,11.03,11.57,10.7297,1977900
2017-11-01,11.62,11.88,10.72,10.8,10.0156,1677400
2017-11-02,10.76,11.15,10.55,11.13,10.3217,1177200
2017-11-03,11.18,11.35,10.9,11.16,10.3495,1174700
2017-11-06,11.22,11.44,11.17,11.41,10.5813,988200
2017-11-07,11.16,11.56,11.09,11.36,10.535,962500
2017-11-08,11.29,11.53,11.16,11.48,10.6462,620100
2017-11-09,11.36,11.38,10.91,11.05,10.2475,1115600
2017-11-10,11.03,11.19,10.97,10.99,10.1918,570900
2017-11-13,10.93,11.03,10.85,11.0,10.2011,574200
2017-11-14,10.97,11.0,10.71,10.9,10.1084,671400
2017-11-15,10.79,10.8,10.52,10.7,9.9229,544100
2017-11-16,10.77,11.0,10.72,10.86,10.0713,832400
2017-11-17,10.89,10.97,10.7,10.89,10.0991,803200
2017-11-20,10.95,11.11,10.95,11.05,10.2475,587800
2017-11-21,11.15,11.33,11.07,11.28,10.4608,644300
2017-11-22,11.31,11.34,11.19,11.21,10.3958,402600
2017-11-24,11.25,11.51,11.22,11.5,10.6648,468200
2017-11-27,11.44,11.55,11.33,11.39,10.5628,879500
2017-11-28,11.45,11.5,11.35,11.42,10.5906,734200
2017-11-29,11.42,11.57,10.67,10.71,9.9322,1143000
2017-11-30,10.82,10.94,10.53,10.57,9.8023,1110200
2017-12-01,10.58,10.64,10.02,10.45,9.691,1192600
2017-12-04,10.56,10.61,10.12,10.13,9.3943,922600
2017-12-05,10.1,10.4,9.92,10.25,9.5056,941700
2017-12-06,10.16,10.27,10.03,10.1,9.3665,626500
2017-12-07,10.19,10.4,10.14,10.26,9.5148,780300
2017-12-08,10.38,10.42,10.02,10.05,9.3201,732300
2017-12-11,10.06,10.29,10.05,10.28,9.5334,736100
2017-12-12,10.29,10.32,10.1,10.22,9.4777,838200
2017-12-13,10.22,10.38,10.08,10.17,9.4314,872400
2017-12-14,10.19,10.43,10.11,10.19,9.4499,863700
2017-12-15,10.22,10.64,10.22,10.54,9.7745,1507300
2017-12-18,10.62,10.69,10.41,10.46,9.7003,955500
2017-12-19,10.45,10.6,10.42,10.45,9.691,655800
2017-12-20,10.55,10.68,10.31,10.55,9.7838,672500
2017-12-21,10.57,10.58,10.32,10.33,9.5798,568600
2017-12-22,10.33,10.47,10.21,10.32,9.5705,418300
2017-12-26,10.18,10.21,10.07,10.11,9.3757,675200
2017-12-27,10.09,10.31,10.08,10.13,9.3943,635000
2017-12-28,10.15,10.25,10.07,10.19,9.4499,441300
2017-12-29,10.25,10.25,10.04,10.05,9.3201,453700
2018-01-02,10.15,10.37,9.98,10.32,9.5705,1005900
2018-01-03,10.34,10.41,10.21,10.29,9.5427,664000
2018-01-04,10.4,11.02,10.39,10.95,10.1547,1954200
2018-01-05,10.97,11.0,10.78,10.8,10.0156,999800
2018-01-08,10.78,10.87,10.61,10.69,9.9136,672300
2018-01-09,10.68,10.72,10.4,10.48,9.7189,1021100
2018-01-10,10.38,10.49,10.3,10.4,9.6447,827200
2018-01-11,10.43,10.55,10.36,10.51,9.7467,701100
2018-01-12,10.53,10.62,10.45,10.47,9.7096,540500
2018-01-16,10.54,10.65,10.41,10.53,9.7652,705200
2018-01-17,10.68,10.91,10.53,10.86,10.0713,721600
2018-01-18,10.87,10.98,10.76,10.84,10.0527,532100
2018-01-19,10.85,10.95,10.76,10.91,10.1176,625100
2018-01-22,10.84,10.86,10.59,10.73,9.9507,984400
2018-01-23,10.74,10.91,10.73,10.83,10.0434,583600
2018-01-24,10.8,10.86,10.31,10.39,9.6354,864900
2018-01-25,10.51,10.55,10.0,10.04,9.3108,1105600
2018-01-26,10.14,10.36,10.07,10.35,9.5983,493800
2018-01-29,10.29,10.38,10.13,10.34,9.589,738900
2018-01-30,10.19,10.29,10.07,10.1,9.3665,573000
2018-01-31,10.19,10.29,10.02,10.06,9.3294,962600
2018-02-01,10.0,10.15,9.95,10.04,9.3108,1231000
2018-02-02,9.96,9.96,9.66,9.72,9.0141,1067900
2018-02-05,9.61,9.77,9.1,9.12,8.4576,1021900
2018-02-06,8.88,9.53,8.8,9.45,8.7637,1155800
2018-02-07,9.37,9.59,9.31,9.35,8.6709,993300
2018-02-08,9.39,9.49,8.82,8.82,8.1794,1450500
2018-02-09,9.02,9.33,8.93,9.27,8.5967,1859400
2018-02-12,9.33,9.58,9.21,9.5,8.81,2462700
2018-02-13,9.5,10.13,9.08,10.03,9.3015,2916700
2018-02-14,9.96,10.35,9.83,10.31,9.5612,1829700
2018-02-15,10.4,10.48,10.06,10.11,9.3757,1176200
2018-02-16,10.09,10.37,10.07,10.13,9.3943,976700
2018-02-20,10.13,10.35,10.09,10.19,9.4499,1381400
2018-02-21,10.24,10.24,9.98,9.99,9.2645,1025400
2018-02-22,10.01,10.07,9.82,9.93,9.2088,946100
2018-02-23,10.06,10.29,10.06,10.22,9.4777,926800
2018-02-26,10.3,10.44,10.21,10.42,9.6632,728900
2018-02-27,10.33,10.48,10.19,10.2,9.4592,728800
2018-02-28,10.28,10.33,10.05,10.05,9.3201,707700
2018-03-01,10.04,10.48,9.97,10.28,9.5334,1038200
2018-03-02,10.15,10.47,10.08,10.42,9.6632,853900
2018-03-05,10.35,10.52,10.31,10.43,9.6725,796800
2018-03-06,10.51,10.85,10.31,10.83,10.0434,1173200
2018-03-07,10.73,11.0,10.58,10.95,10.1547,802100
2018-03-08,10.97,11.08,10.86,10.99,10.1918,614300
2018-03-09,11.11,11.47,11.07,11.41,10.5813,1075300
2018-03-12,11.48,11.58,11.35,11.51,10.6741,914900
2018-03-13,11.58,11.68,11.15,11.15,10.3402,916900
2018-03-14,11.24,11.27,11.05,11.13,10.3217,1214200
2018-03-15,11.19,11.35,11.11,11.25,10.4329,1098500
2018-03-16,11.25,11.42,11.16,11.29,10.47,1432100
2018-03-19,11.29,11.36,10.94,11.08,10.2753,786300
2018-03-20,11.09,11.2,11.06,11.14,10.3309,655000
2018-03-21,11.1,11.4,11.01,11.26,10.4422,464300
2018-03-22,11.08,11.19,10.86,10.89,10.0991,1023600
2018-03-23,10.86,11.0,10.28,10.28,9.5334,729000
2018-03-26,10.53,10.76,10.33,10.76,9.9785,771400
2018-03-27,10.77,10.77,10.05,10.13,9.3943,736800
2018-03-28,10.12,10.17,9.83,9.91,9.1903,900600
2018-03-29,10.01,10.21,9.83,10.13,9.3943,1171800
2018-04-02,10.05,10.18,9.54,9.64,8.9399,929500
2018-04-03,9.76,9.81,9.58,9.76,9.0512,724200
2018-04-04,9.76,9.92,9.33,9.9,9.181,562300
2018-04-05,10.01,10.01,9.75,9.82,9.1068,486900
2018-04-06,9.68,9.88,9.44,9.52,8.8286,691700
2018-04-09,9.65,9.89,9.48,9.49,8.8008,714600
2018-04-10,9.73,10.04,9.65,9.94,9.2181,727100
2018-04-11,9.85,10.06,9.82,9.91,9.1903,842900
2018-04-12,10.0,10.32,9.96,10.21,9.4685,1474200
2018-04-13,10.25,10.29,10.07,10.12,9.385,553000
2018-04-16,10.23,10.3,10.04,10.24,9.4963,781100
2018-04-17,10.35,10.48,10.26,10.38,9.6261,498300
2018-04-18,10.41,10.43,10.1,10.19,9.4499,413800
2018-04-19,10.01,10.14,9.69,9.75,9.0419,792500
2018-04-20,9.71,9.94,9.68,9.73,9.0233,594600
2018-04-23,9.76,9.98,9.5,9.55,8.8564,740100
2018-04-24,9.63,9.81,9.13,9.14,8.4762,1513100
2018-04-25,9.07,9.15,8.69,8.82,8.1794,2120100
2018-04-26,8.91,9.18,8.86,9.12,8.4576,1016100
2018-04-27,8.45,8.96,8.26,8.45,7.8363,3965500
2018-04-30,8.42,8.45,8.28,8.28,7.6786,2096700
2018-05-01,8.25,8.53,8.19,8.51,7.8919,1778000
2018-05-02,8.52,8.64,8.48,8.51,7.8919,1027100
2018-05-03,8.46,8.59,8.36,8.42,7.8085,1549600
2018-05-04,8.43,8.63,8.42,8.59,7.9661,1158400
2018-05-07,8.61,8.72,8.38,8.39,7.7807,1300100
2018-05-08,8.39,8.5,8.32,8.5,7.8827,1127700
2018-05-09,8.5,8.62,8.45,8.57,7.9476,692500
2018-05-10,8.6,8.7,8.58,8.68,8.0496,755000
2018-05-11,8.66,8.78,8.59,8.63,8.0032,731700
2018-05-14,8.72,8.85,8.7,8.75,8.1145,669700
2018-05-15,8.69,8.71,8.5,8.62,7.994,1032100
2018-05-16,8.66,8.84,8.66,8.81,8.1702,588800
2018-05-17,8.79,8.9,8.75,8.86,8.2165,748400
2018-05-18,8.81,8.81,8.61,8.7,8.0681,744700
2018-05-21,8.82,8.93,8.7,8.79,8.1516,602400
2018-05-22,8.85,9.04,8.77,8.77,8.1331,782500
2018-05-23,8.66,8.82,8.66,8.79,8.1516,609100
2018-05-24,8.76,8.82,8.67,8.76,8.1238,425300
2018-05-25,8.91,9.24,8.71,9.18,8.5133,1146500
2018-05-29,9.08,9.34,9.03,9.18,8.5133,1033300
2018-05-30,9.28,9.43,9.19,9.23,8.5596,2264100
2018-05-31,9.24,9.3,9.02,9.1,8.4391,1027900
2018-06-01,9.21,9.34,9.15,9.32,8.6431,574700
2018-06-04,9.35,9.4,9.24,9.34,8.6617,812800
2018-06-05,9.36,9.47,9.25,9.38,8.6988,699500
2018-06-06,9.43,9.43,9.27,9.41,8.7266,813400
2018-06-07,9.38,9.38,9.21,9.28,8.606,909700
2018-06-08,9.2,9.23,9.03,9.09,8.4298,891700
2018-06-11,9.1,9.2,8.99,9.0,8.3464,1070800
2018-06-12,9.04,9.07,8.89,9.0,8.3464,796600
2018-06-13,9.0,9.1,8.92,8.96,8.3093,800300
2018-06-14,8.98,9.02,8.9,8.95,8.3,632400
2018-06-15,8.9,9.18,8.8,9.17,8.504,1321500
2018-06-18,9.09,9.2,8.93,9.07,8.4113,699000
2018-06-19,9.0,9.07,8.92,9.04,8.3835,854900
2018-06-20,9.09,9.15,8.99,9.15,8.4855,779400
2018-06-21,9.17,9.23,9.03,9.06,8.402,601200
2018-06-22,9.11,9.13,8.92,8.93,8.2814,1346600
2018-06-25,8.83,8.83,8.52,8.67,8.0403,1102400
2018-06-26,8.69,8.89,8.58,8.84,8.198,1225000
2018-06-27,8.87,8.93,8.58,8.61,7.9847,772900
2018-06-28,8.56,8.64,8.5,8.59,7.9661,890100
2018-06-29,8.66,8.74,8.58,8.59,7.9661,681800
2018-07-02,8.52,8.65,8.4,8.65,8.0218,524400
2018-07-03,8.67,8.68,8.43,8.45,7.8363,511500
2018-07-05,8.53,8.66,8.53,8.64,8.0125,580800
2018-07-06,8.61,8.8,8.55,8.79,8.1516,537900
2018-07-09,8.84,8.9,8.79,8.88,8.2351,658200
2018-07-10,8.92,9.03,8.87,8.95,8.3,812400
2018-07-11,8.87,8.9,8.48,8.5,7.8827,1101100
2018-07-12,8.52,8.72,8.49,8.6,7.9754,931000
2018-07-13,8.62,8.72,8.59,8.6,7.9754,641600
2018-07-16,8.64,8.65,8.5,8.5,7.8827,662700
2018-07-17,8.46,8.58,8.44,8.5,7.8827,1391600
2018-07-18,8.58,8.95,8.55,8.93,8.2814,1527300
2018-07-19,8.91,9.0,8.85,8.92,8.2722,1013900
2018-07-20,8.85,8.9,8.72,8.74,8.1052,820000
2018-07-23,8.73,8.73,8.53,8.68,8.0496,888300
2018-07-24,8.75,8.96,8.74,8.76,8.1238,846700
2018-07-25,8.78,8.8,8.53,8.63,8.0032,1022000
2018-07-26,8.62,8.91,8.62,8.9,8.2536,1173600
2018-07-27,8.95,9.15,8.94,8.94,8.2907,1048800
2018-07-30,8.98,9.12,8.91,8.99,8.3371,869600
2018-07-31,9.09,9.37,8.66,8.68,8.0496,1969400
2018-08-01,8.61,8.8,8.42,8.63,8.0032,1625400
2018-08-02,8.61,8.92,8.51,8.9,8.2536,1245400
2018-08-03,8.61,9.05,8.61,9.05,8.3927,745600
2018-08-06,9.09,9.17,9.01,9.17,8.504,843100
2018-08-07,9.09,9.3,9.09,9.22,8.5504,735200
2018-08-08,9.17,9.28,9.06,9.28,8.606,726900
2018-08-09,9.28,9.28,9.16,9.23,8.5596,844800
2018-08-10,9.12,9.3,9.03,9.29,8.6153,789400
2018-08-13,9.32,9.39,9.24,9.34,8.6617,1025100
2018-08-14,9.36,9.4,9.23,9.24,8.5689,786300
2018-08-15,9.17,9.18,8.65,8.83,8.1887,1400300
2018-08-16,8.87,8.98,8.82,8.83,8.1887,623400
2018-08-17,8.77,8.77,8.55,8.74,8.1052,792700
2018-08-20,8.78,8.83,8.66,8.73,8.096,556200
2018-08-21,8.78,8.89,8.76,8.79,8.1516,752800
2018-08-22,8.74,8.77,8.65,8.69,8.0589,1015300
2018-08-23,8.69,8.73,8.57,8.59,7.9661,946400
2018-08-24,8.62,8.74,8.58,8.64,8.0125,1125900
2018-08-27,8.7,8.99,8.7,8.78,8.1423,967400
2018-08-28,8.83,8.87,8.71,8.78,8.1423,720600
2018-08-29,8.78,8.82,8.6,8.64,8.0125,1509200
2018-08-30,8.61,9.23,8.61,8.82,8.1794,765400
2018-08-31,8.81,8.83,8.63,8.73,8.096,950800
2018-09-04,8.71,8.72,8.34,8.37,7.7621,1563100
2018-09-05,8.35,8.41,8.21,8.26,7.6601,1097000
2018-09-06,8.22,8.25,7.83,7.85,7.2799,1820700
2018-09-07,7.83,7.95,7.76,7.81,7.2428,1030000
2018-09-10,7.93,7.93,7.75,7.83,7.2613,767500
2018-09-11,7.81,7.81,7.56,7.62,7.0666,943800
2018-09-12,7.58,7.58,7.3,7.33,6.7976,1912600
2018-09-13,7.39,7.75,7.38,7.66,7.1037,1267100
2018-09-14,7.68,7.85,7.65,7.72,7.1593,1292100
2018-09-17,7.7,7.89,7.69,7.8,7.2335,653000
2018-09-18,7.82,7.89,7.6,7.74,7.1779,1588300
2018-09-19,7.75,7.82,7.7,7.72,7.1593,553000
2018-09-20,7.79,7.87,7.73,7.84,7.2706,787700
2018-09-21,7.81,7.87,7.76,7.78,7.215,978600
2018-09-24,7.75,7.83,7.67,7.81,7.2428,636200
2018-09-25,7.83,7.87,7.58,7.6,7.048,1618100
2018-09-26,7.61,7.68,7.51,7.52,6.9738,858500
2018-09-27,7.57,7.59,7.39,7.41,6.8718,840800
2018-09-28,7.41,7.46,7.31,7.39,6.8533,938600
2018-10-01,7.41,7.47,7.18,7.3,6.7698,1196600
2018-10-02,7.28,7.57,7.28,7.31,6.7791,1267700
2018-10-03,7.36,7.52,7.26,7.48,6.9367,1205200
2018-10-04,7.48,7.48,7.24,7.32,6.7884,1067400
2018-10-05,7.29,7.35,6.97,7.06,6.5473,1112300
2018-10-08,7.01,7.08,6.77,6.89,6.3896,910100
2018-10-09,6.89,6.96,6.82,6.85,6.3525,1005300
2018-10-10,6.78,6.9,6.64,6.66,6.1763,997900
2018-10-11,6.65,6.86,6.61,6.73,6.2412,1474100
2018-10-12,6.91,7.0,6.73,6.82,6.3247,1486200
2018-10-15,6.81,7.11,6.77,6.97,6.4638,1139800
2018-10-16,7.03,7.16,6.99,7.15,6.6307,1291200
2018-10-17,7.29,7.36,6.71,6.72,6.2319,2388700
2018-10-18,6.61,6.69,6.28,6.28,5.8239,2625800
2018-10-19,6.3,6.39,6.08,6.09,5.6477,1669000
2018-10-22,6.15,6.2,6.05,6.15,5.7033,1154000
2018-10-23,6.0,6.31,5.91,6.18,5.7312,1736300
2018-10-24,6.12,6.16,5.72,5.74,5.3231,1783600
2018-10-25,5.74,6.04,5.74,6.03,5.5921,1545700
2018-10-26,5.9,6.13,5.83,5.98,5.5457,1299300
2018-10-29,6.15,6.3,5.92,6.03,5.5921,1308300
2018-10-30,6.3,7.24,6.25,7.17,6.6493,4021700
2018-10-31,7.25,7.35,7.02,7.15,6.6307,2284900
2018-11-01,7.17,7.35,7.03,7.28,6.7513,3452200
2018-11-02,7.31,7.46,7.1,7.14,6.6214,1422800
2018-11-05,7.13,7.17,6.85,6.99,6.4823,1323400
2018-11-06,7.0,7.15,6.91,7.06,6.5473,1645100
2018-11-07,7.1,7.1,6.9,7.05,6.538,1196600
2018-11-08,6.99,7.13,6.99,7.03,6.5194,550700
2018-11-09,6.91,7.0,6.7,6.72,6.2319,1216000
2018-11-12,6.65,6.67,6.45,6.51,6.0372,903800
2018-11-13,6.58,6.69,6.47,6.54,6.065,1045400
2018-11-14,6.68,6.72,6.35,6.45,5.9816,1765200
2018-11-15,6.46,6.7,6.41,6.67,6.1856,1208600
2018-11-16,6.45,6.67,6.32,6.64,6.1578,1418500
2018-11-19,6.57,6.58,6.26,6.28,5.8239,958200
2018-11-20,6.14,6.41,6.1,6.3,5.8424,1168100
2018-11-21,6.41,6.48,6.3,6.34,5.8795,672800
2018-11-23,6.27,6.46,6.27,6.35,5.8888,358800
2018-11-26,6.47,6.52,6.34,6.44,5.9723,1449000
2018-11-27,6.4,6.65,6.35,6.61,6.1299,944800
2018-11-28,6.66,6.84,6.56,6.84,6.3432,1120700
2018-11-29,6.78,6.9,6.7,6.72,6.2319,499700
2018-11-30,6.73,6.86,6.61,6.85,6.3525,776500
2018-12-03,7.0,7.13,6.88,6.97,6.4638,1062600
2018-12-04,6.9,6.96,6.56,6.58,6.1021,1153000
2018-12-06,6.41,6.49,6.32,6.37,5.9074,1446800
2018-12-07,6.41,6.47,6.13,6.17,5.7219,845300
2018-12-10,6.14,6.39,6.12,6.31,5.8517,936100
2018-12-11,6.37,6.52,6.22,6.29,5.8332,585300
2018-12-12,6.39,6.56,6.31,6.53,6.0557,772800
2018-12-13,6.58,6.63,6.46,6.5,6.0279,1263000
2018-12-14,6.4,6.6,6.32,6.37,5.9074,817400
2018-12-17,6.32,6.59,6.26,6.31,5.8517,1863500
2018-12-18,6.37,6.6,6.36,6.44,5.9723,927800
2018-12-19,6.42,6.54,6.11,6.18,5.7312,1373900
2018-12-20,6.16,6.38,6.15,6.23,5.7775,864200
2018-12-21,6.29,6.31,5.94,5.99,5.555,1789500
2018-12-24,5.95,6.02,5.74,5.75,5.3324,559200
2018-12-26,5.83,6.22,5.83,6.21,5.759,814700
2018-12-27,6.1,6.4,6.04,6.39,5.9259,787300
2018-12-28,6.42,6.63,6.33,6.5,6.0279,639600
2018-12-31,6.59,6.61,6.45,6.56,6.0836,543200
2019-01-02,6.45,6.74,6.45,6.67,6.1856,1162900
2019-01-03,6.53,6.62,6.29,6.33,5.8703,856800
2019-01-04,6.46,6.68,6.42,6.6,6.1207,1280000
2019-01-07,6.63,7.05,6.56,7.01,6.5009,1598900
2019-01-08,7.06,7.11,6.9,7.03,6.5194,1718900
2019-01-09,7.11,7.25,7.04,7.13,6.6122,730000
2019-01-10,7.07,7.46,7.04,7.37,6.8347,1023400
2019-01-11,7.35,7.48,7.28,7.45,6.9089,726300
2019-01-14,7.38,7.46,7.26,7.37,6.8347,909100
2019-01-15,7.41,7.48,7.3,7.37,6.8347,618300
2019-01-16,7.44,7.53,7.26,7.27,6.742,677300
2019-01-17,7.2,7.31,7.09,7.22,6.6956,970100
2019-01-18,7.29,7.56,7.28,7.49,6.946,885100
2019-01-22,7.44,7.47,7.24,7.28,6.7513,739900
2019-01-23,7.34,7.38,7.05,7.09,6.5751,720000
2019-01-24,7.28,7.51,7.28,7.38,6.844,706000
2019-01-25,7.44,7.8,7.44,7.75,7.1871,787500
2019-01-28,7.57,7.84,7.5,7.83,7.2613,696800
2019-01-29,7.85,7.89,7.71,7.78,7.215,847600
2019-01-30,7.88,8.01,7.76,7.93,7.3541,805100
2019-01-31,7.9,8.08,7.81,8.0,7.419,852500
2019-02-01,8.02,8.17,7.99,8.14,7.5488,881000
2019-02-04,8.17,8.22,8.1,8.22,7.623,719500
2019-02-05,8.2,8.32,8.17,8.28,7.6786,584500
2019-02-06,8.32,8.79,8.3,8.63,8.0032,2032500
2019-02-07,8.59,8.74,8.31,8.41,7.7992,1457000
2019-02-08,8.31,8.51,8.27,8.38,7.7714,1159800
2019-02-11,8.38,8.49,8.27,8.48,7.8641,1309700
2019-02-12,8.1,8.99,8.0,8.92,8.2722,2876400
2019-02-13,8.95,9.32,8.78,9.24,8.5689,2304500
2019-02-14,9.14,9.47,9.09,9.41,8.7266,1354600
2019-02-15,9.46,9.55,9.39,9.48,8.7915,993500
2019-02-19,9.47,9.57,9.31,9.4,8.7173,1618900
2019-02-20,9.41,9.53,9.41,9.47,8.7822,1147100
2019-02-21,9.47,9.5,9.3,9.34,8.6617,1114900
2019-02-22,9.36,9.4,9.22,9.34,8.6617,1080700
2019-02-25,9.44,9.5,9.24,9.29,8.6153,1020000
2019-02-26,9.26,9.29,9.05,9.09,8.4298,1299800
2019-02-27,9.06,9.08,8.81,8.84,8.198,852000
2019-02-28,8.78,8.92,8.74,8.78,8.1423,931700
2019-03-01,8.88,9.02,8.84,8.9,8.2536,1004700
2019-03-04,8.95,9.11,8.87,9.03,8.3742,1321900
2019-03-05,9.04,9.04,8.83,8.85,8.2072,729300
2019-03-06,8.83,8.84,8.61,8.65,8.0218,770800
2019-03-07,8.62,8.69,8.46,8.59,7.9661,704000
2019-03-08,8.49,8.59,8.42,8.47,7.8548,849200
2019-03-11,8.53,8.66,8.49,8.64,8.0125,789600
2019-03-12,8.7,8.99,8.62,8.73,8.096,798100
2019-03-13,8.76,8.84,8.56,8.59,7.9661,837100
2019-03-14,8.6,8.74,8.56,8.6,7.9754,714900
2019-03-15,8.69,8.89,8.63,8.77,8.1331,1235300
2019-03-18,8.74,8.83,8.63,8.69,8.0589,826100
2019-03-19,8.74,8.84,8.71,8.71,8.0774,808400
2019-03-20,8.71,8.76,8.55,8.6,7.9754,606000
2019-03-21,8.59,8.99,8.56,8.93,8.2814,787000
2019-03-22,8.84,8.88,8.62,8.66,8.031,1160800
2019-03-25,8.61,8.72,8.49,8.63,8.0032,770300
2019-03-26,8.69,8.8,8.57,8.64,8.0125,573100
2019-03-27,8.63,8.69,8.44,8.48,7.8641,515400
2019-03-28,8.48,8.6,8.39,8.46,7.8456,453400
2019-03-29,8.56,8.6,8.47,8.54,7.9198,610100
2019-04-01,8.64,8.84,8.64,8.77,8.1331,668600
2019-04-02,8.79,8.84,8.71,8.74,8.1052,828000
2019-04-03,8.84,8.99,8.8,8.88,8.2351,723800
2019-04-04,8.91,8.99,8.82,8.88,8.2351,612100
2019-04-05,8.93,9.05,8.89,8.95,8.3,511800
2019-04-08,8.92,8.98,8.85,8.96,8.3093,366900
2019-04-09,8.9,8.97,8.85,8.88,8.2351,491200
2019-04-10,8.86,9.03,8.86,8.96,8.3093,482700
2019-04-11,8.97,9.06,8.95,8.98,8.3278,472500
2019-04-12,9.05,9.13,9.0,9.11,8.4484,501000
2019-04-15,9.1,9.17,9.03,9.04,8.3835,761300
2019-04-16,9.08,9.23,9.01,9.02,8.3649,541800
2019-04-17,9.14,9.19,8.96,9.03,8.3742,685200
2019-04-18,9.03,9.13,9.0,9.03,8.3742,637100
2019-04-22,8.95,9.02,8.88,8.9,8.2536,454600
2019-04-23,8.9,9.17,8.9,9.03,8.3742,774200
2019-04-24,9.1,9.59,9.1,9.5,8.81,2098400
2019-04-25,9.5,9.74,9.39,9.4,8.7173,1192700
2019-04-26,9.31,9.34,9.1,9.17,8.504,1066500
2019-04-29,9.13,9.24,9.06,9.12,8.4576,743900
2019-04-30,9.11,9.18,8.99,9.06,8.402,889000
2019-05-01,9.18,9.26,8.94,8.98,8.3278,793700
2019-05-02,8.97,9.09,8.88,8.96,8.3093,698600
2019-05-03,8.91,9.07,8.34,8.41,7.7992,1773200
2019-05-06,8.2,8.28,7.91,8.01,7.4283,1858800
2019-05-07,8.0,8.0,7.66,7.8,7.2335,1503100
2019-05-08,7.72,7.83,7.67,7.76,7.1964,1515500
2019-05-09,7.61,7.68,7.52,7.61,7.0573,1289000
2019-05-10,7.57,7.7,7.45,7.54,6.9924,941000
2019-05-13,7.31,7.36,7.0,7.13,6.6122,1644700
2019-05-14,7.2,7.35,7.19,7.2,6.6771,954800
2019-05-15,7.13,7.35,7.12,7.31,6.7791,664400
2019-05-16,7.26,7.33,7.17,7.25,6.7235,1150400
2019-05-17,6.96,7.28,6.96,7.16,6.64,1216600
2019-05-20,7.06,7.11,7.03,7.05,6.538,1777600
2019-05-21,7.16,7.2,6.99,7.01,6.5009,1109600
2019-05-22,6.93,7.02,6.86,6.89,6.3896,545100
2019-05-23,6.76,6.78,6.54,6.63,6.1485,933400
2019-05-24,6.69,6.76,6.54,6.55,6.0743,553200
2019-05-28,6.6,6.63,6.44,6.5,6.0279,893600
2019-05-29,6.45,6.57,6.41,6.55,6.0743,1487200
2019-05-30,6.57,6.74,6.57,6.68,6.1949,1092600
2019-05-31,6.58,6.64,6.44,6.48,6.0094,822100
2019-06-03,6.49,6.64,6.44,6.58,6.1021,1301900
2019-06-04,6.7,7.12,6.64,7.1,6.5843,1549900
2019-06-05,7.15,7.2,6.92,7.0,6.4916,1323000
2019-06-06,6.98,7.13,6.96,7.1,6.5843,746700
2019-06-07,7.1,7.12,7.0,7.07,6.5565,745500
2019-06-10,7.17,7.49,7.17,7.4,6.8626,1181900
2019-06-11,7.52,7.52,7.33,7.37,6.8347,736000
2019-06-12,7.34,7.38,7.15,7.21,6.6864,579700
2019-06-13,7.25,7.34,7.2,7.26,6.7327,491800
2019-06-14,7.13,7.18,6.81,6.86,6.3618,934200
2019-06-17,6.93,7.0,6.85,6.86,6.3618,569100
2019-06-18,6.93,7.17,6.93,7.12,6.6029,871100
2019-06-19,7.16,7.22,7.0,7.06,6.5473,592700
2019-06-20,7.19,7.26,7.15,7.19,6.6678,781000
2019-06-21,7.14,7.16,7.04,7.07,6.5565,949800
2019-06-24,7.07,7.09,7.02,7.06,6.5473,880300
2019-06-25,7.05,7.1,6.9,6.91,6.4081,790400
2019-06-26,7.03,7.24,7.0,7.2,6.6771,588500
2019-06-27,7.26,7.4,7.26,7.38,6.844,489000
2019-06-28,7.41,7.49,7.31,7.46,6.9182,1379300
2019-07-01,7.73,7.86,7.61,7.68,7.1222,754900
2019-07-02,7.62,7.66,7.47,7.54,6.9924,541700
2019-07-03,7.56,7.56,7.43,7.48,6.9367,252300
2019-07-05,7.43,7.47,7.29,7.4,6.8626,506800
2019-07-08,7.38,7.38,7.28,7.35,6.8162,618700
2019-07-09,7.31,7.41,7.28,7.39,6.8533,653200
2019-07-10,7.48,7.6,7.4,7.44,6.8997,507800
2019-07-11,7.46,7.5,7.34,7.4,6.8626,578800
2019-07-12,7.4,7.6,7.36,7.56,7.0109,486900
2019-07-15,7.57,7.66,7.53,7.57,7.0202,348900
2019-07-16,7.57,7.59,7.47,7.57,7.0202,490700
2019-07-17,7.59,7.68,7.48,7.6,7.048,427800
2019-07-18,7.62,7.71,7.61,7.65,7.0944,435200
2019-07-19,7.64,7.75,7.61,7.62,7.0666,683400
2019-07-22,7.65,7.79,7.63,7.75,7.1871,877100
2019-07-23,7.81,7.94,7.8,7.93,7.3541,616600
2019-07-24,7.95,8.32,7.95,8.32,7.7157,928300
2019-07-25,8.31,8.33,8.02,8.04,7.4561,853900
2019-07-26,8.11,8.2,8.07,8.2,7.6045,507900
2019-07-29,8.23,8.26,8.04,8.18,7.5859,1059900
2019-07-30,8.4,9.79,8.07,9.78,9.0697,3856300
2019-07-31,9.55,9.64,8.98,9.23,8.5596,2562800
2019-08-01,9.21,9.54,9.03,9.24,8.5689,1525700
2019-08-02,9.19,9.21,8.93,9.16,8.4947,849300
2019-08-05,8.89,8.99,8.64,8.86,8.2165,1138000
2019-08-06,8.96,9.11,8.56,8.66,8.031,1362000
2019-08-07,8.52,8.84,8.52,8.77,8.1331,1303500
2019-08-08,8.85,9.08,8.78,9.02,8.3649,743800
2019-08-09,8.95,9.01,8.72,8.94,8.2907,952700
2019-08-12,8.85,8.89,8.79,8.83,8.1887,386100
2019-08-13,8.8,9.02,8.76,8.95,8.3,584900
2019-08-14,8.75,8.78,8.61,8.64,8.0125,679600
2019-08-15,8.77,8.78,8.56,8.64,8.0125,330100
2019-08-16,8.71,8.97,8.61,8.93,8.2814,487900
2019-08-19,9.11,9.15,8.99,9.04,8.3835,1078300
2019-08-20,9.05,9.06,8.86,8.92,8.2722,484600
2019-08-21,9.01,9.05,8.92,9.02,8.3649,419400
2019-08-22,9.11,9.19,9.0,9.09,8.4298,724900
2019-08-23,9.01,9.18,8.78,8.8,8.1609,542100
2019-08-26,8.81,8.91,8.58,8.61,7.9847,758400
2019-08-27,8.72,8.73,8.5,8.51,7.8919,432000
2019-08-28,8.45,8.69,8.36,8.66,8.031,523600
2019-08-29,8.79,8.91,8.79,8.84,8.198,462600
2019-08-30,8.88,8.89,8.63,8.75,8.1145,489000
2019-09-03,8.71,8.71,8.53,8.6,7.9754,443300
2019-09-04,8.75,8.88,8.62,8.83,8.1887,645700
2019-09-05,9.0,9.27,9.0,9.07,8.4113,868600
2019-09-06,9.12,9.12,9.0,9.06,8.402,444000
2019-09-09,9.07,9.15,8.9,9.15,8.4855,638800
2019-09-10,9.14,9.16,8.92,9.11,8.4484,477100
2019-09-11,9.15,9.28,9.0,9.24,8.5689,1126100
2019-09-12,9.24,9.37,9.06,9.23,8.5596,572700
2019-09-13,9.22,9.26,9.09,9.12,8.4576,514600
2019-09-16,9.0,9.17,8.94,9.07,8.4113,559300
2019-09-17,9.01,9.13,8.86,9.13,8.4669,759500
2019-09-18,9.08,9.2,9.01,9.15,8.4855,1084500
2019-09-19,9.2,9.5,9.19,9.33,8.6524,1192200
2019-09-20,9.27,9.34,8.94,9.04,8.3835,2151600
2019-09-23,9.04,9.25,9.04,9.17,8.504,1036200
2019-09-24,9.23,9.33,8.92,8.95,8.3,1080800
2019-09-25,8.92,9.19,8.92,9.17,8.504,792700
2019-09-26,9.15,9.18,9.02,9.06,8.402,365800
2019-09-27,9.01,9.21,8.79,8.9,8.2536,654300
2019-09-30,8.96,9.14,8.96,9.1,8.4391,1101000
2019-10-01,9.18,9.32,9.14,9.2,8.5318,953100
2019-10-02,9.14,9.24,9.01,9.24,8.5689,968000
2019-10-03,9.21,9.57,9.16,9.53,8.8379,1670400
2019-10-04,9.55,9.99,9.55,9.88,9.1624,1235200
2019-10-07,9.92,10.01,9.7,9.76,9.0512,948100
2019-10-08,9.71,9.79,9.49,9.56,8.8657,549400
2019-10-09,9.67,9.73,9.56,9.66,8.9584,572700
2019-10-10,9.69,9.82,9.57,9.66,8.9584,513300
2019-10-11,9.79,9.95,9.74,9.76,9.0512,542600
2019-10-14,9.77,9.81,9.65,9.74,9.0326,387300
2019-10-15,9.82,9.96,9.75,9.87,9.1532,522500
2019-10-16,9.86,9.87,9.72,9.78,9.0697,478400
2019-10-17,9.85,10.03,9.72,9.85,9.1346,489900
2019-10-18,9.79,9.94,9.78,9.89,9.1717,508000
2019-10-21,10.06,10.35,9.95,10.19,9.4499,806500
2019-10-22,10.18,10.2,10.08,10.1,9.3665,602700
2019-10-23,10.0,10.03,9.83,9.89,9.1717,670200
2019-10-24,10.03,10.37,9.93,10.36,9.6076,797200
2019-10-25,10.38,10.83,10.34,10.83,10.0434,1238500
2019-10-28,10.92,11.19,10.91,11.08,10.2753,1503500
2019-10-29,13.46,15.0,13.15,14.92,13.8364,7896800
2019-10-30,14.85,15.25,13.58,13.6,12.6123,3942800
2019-10-31,13.69,13.98,12.31,12.43,11.5272,3273300
2019-11-01,12.55,12.97,12.5,12.96,12.0187,2522800
2019-11-04,13.08,13.33,12.99,13.33,12.3619,1876600
2019-11-05,13.24,13.3,12.96,13.21,12.2506,2004400
2019-11-06,13.21,13.21,12.85,13.07,12.1208,906700
2019-11-07,13.25,13.25,12.62,12.76,11.8333,1398000
2019-11-08,12.67,12.87,12.61,12.79,11.8611,672400
2019-11-11,12.69,12.87,12.52,12.71,11.7869,688600
2019-11-12,12.74,13.0,12.65,12.91,11.9724,957200
2019-11-13,12.83,13.1,12.76,12.96,12.0187,900600
2019-11-14,12.92,12.95,12.68,12.88,11.9446,690800
2019-11-15,13.0,13.41,12.9,13.0,12.0558,1387800
2019-11-18,12.99,13.07,12.83,12.9,11.9631,648300
2019-11-19,12.91,13.07,12.89,13.0,12.0558,1363200
2019-11-20,12.96,13.5,12.96,13.33,12.3619,2167800
2019-11-21,13.21,13.43,12.09,12.32,11.4252,1523500
2019-11-22,12.35,12.46,12.05,12.13,11.249,762900
2019-11-25,12.16,12.57,12.16,12.5,11.5922,675800
2019-11-26,12.47,12.59,12.24,12.32,11.4252,1244500
2019-11-27,12.32,12.41,12.16,12.33,11.4345,865900
2019-11-29,12.21,12.26,12.09,12.09,11.2119,529600
2019-12-02,12.1,12.11,11.75,11.79,10.9337,1188500
2019-12-03,11.56,11.91,11.47,11.74,10.8874,940400
2019-12-04,11.86,12.16,11.69,12.15,11.2676,1296800
2019-12-05,12.26,12.54,12.24,12.45,11.5458,2159300
2019-12-06,12.68,12.7,12.51,12.6,11.6849,1009300
2019-12-09,12.57,12.64,12.53,12.55,11.6385,471600
2019-12-10,12.56,12.63,12.33,12.43,11.5272,743800
2019-12-11,12.49,12.78,12.44,12.75,11.824,753900
2019-12-12,12.12,12.89,12.04,12.74,11.8147,1196600
2019-12-13,12.66,12.88,12.61,12.79,11.8611,563200
2019-12-16,12.8,13.04,12.8,12.91,11.9724,580100
2019-12-17,13.0,13.0,12.84,12.94,12.0002,657400
2019-12-18,13.0,13.06,12.88,12.98,12.0373,828000
2019-12-19,13.02,13.04,12.86,12.96,12.0187,574000
2019-12-20,13.04,13.27,12.92,13.18,12.2228,1826700
2019-12-23,13.29,13.67,13.2,13.45,12.4732,809400
2019-12-24,13.46,13.55,13.13,13.36,12.3897,330200
2019-12-26,13.36,14.08,13.34,13.89,12.8812,1680400
2019-12-27,14.01,14.07,13.26,13.28,12.3155,1042700
2019-12-30,13.28,13.39,12.98,13.27,12.3062,618200
2019-12-31,13.16,13.25,12.96,13.0,12.0558,788300
2020-01-02,13.17,13.26,13.0,13.26,12.297,712100
2020-01-03,13.01,13.06,12.72,12.9,11.9631,738300
2020-01-06,12.67,12.98,12.57,12.85,11.9167,732100
2020-01-07,12.91,13.21,12.74,13.03,12.0837,667300
2020-01-08,13.03,13.08,12.75,13.05,12.1022,1030400
2020-01-09,13.2,13.5,12.9,12.93,11.9909,877600
2020-01-10,12.93,12.94,12.67,12.71,11.7869,571900
2020-01-13,12.75,12.85,12.69,12.78,11.8518,740700
2020-01-14,12.79,13.04,12.74,12.92,11.9817,1032700
2020-01-15,12.91,13.05,12.83,12.98,12.0373,847800
2020-01-16,12.99,13.28,12.99,13.23,12.2691,691400
2020-01-17,13.35,13.42,13.03,13.2,12.2413,615000
2020-01-21,13.1,13.2,13.03,13.1,12.1486,826600
2020-01-22,13.12,13.41,13.11,13.2,12.2413,1016100
2020-01-23,13.2,13.48,13.11,13.39,12.4175,645400
2020-01-24,13.44,13.45,12.66,12.79,11.8611,1605200
2020-01-27,12.46,12.46,11.8,11.85,10.9894,1221400
2020-01-28,11.94,12.18,11.94,12.02,11.147,877600
2020-01-29,12.07,12.14,11.81,11.92,11.0543,1098400
2020-01-30,11.79,12.13,11.7,11.97,11.1007,781800
2020-01-31,11.84,11.87,11.2,11.25,10.4329,1185300
2020-02-03,11.21,11.37,11.13,11.17,10.3588,987000
2020-02-04,11.37,11.55,11.21,11.46,10.6277,945600
2020-02-05,11.72,11.84,11.52,11.83,10.9708,1131300
2020-02-06,11.87,11.87,11.43,11.44,10.6091,914800
2020-02-07,11.32,11.41,11.06,11.08,10.2753,1405200
2020-02-10,11.08,11.61,10.95,11.55,10.7112,2878700
2020-02-11,13.92,14.82,13.08,13.24,12.2784,7993600
2020-02-12,13.38,13.6,12.79,12.99,12.0466,2536400
2020-02-13,12.73,13.02,12.57,12.71,11.7869,1522100
2020-02-14,12.8,12.88,12.54,12.63,11.7127,1618800
2020-02-18,12.45,12.5,12.04,12.06,11.1841,2102500
2020-02-19,12.18,12.46,12.16,12.38,11.4809,1376600
2020-02-20,12.31,13.06,12.04,12.99,12.0466,3711200
2020-02-21,12.95,13.08,12.2,12.32,11.4252,1691700
2020-02-24,11.7,11.82,11.09,11.11,10.3031,1789700
2020-02-25,11.21,11.32,10.39,10.48,9.7189,1993700
2020-02-26,10.58,10.82,10.29,10.43,9.6725,1131900
2020-02-27,10.09,10.38,9.82,9.99,9.2645,1722600
2020-02-28,9.5,10.47,9.26,10.44,9.6818,2878300
2020-03-02,10.55,10.62,9.94,10.54,9.7745,1590400
2020-03-03,10.57,10.86,10.19,10.32,9.5705,1446500
2020-03-04,10.57,10.96,10.33,10.87,10.0805,921200
2020-03-05,10.53,10.73,10.15,10.32,9.5705,1085800
2020-03-06,9.95,10.15,9.6,9.86,9.1439,1009500
2020-03-09,9.14,9.19,8.59,8.61,7.9847,1213700
2020-03-10,9.13,9.47,8.71,9.44,8.7544,1471000
2020-03-11,9.09,9.27,8.56,8.65,8.0218,2142300
2020-03-12,7.92,8.1,7.35,7.37,6.8347,1764100
2020-03-13,7.92,8.15,7.37,8.03,7.4468,2175100
2020-03-16,7.01,7.94,7.0,7.28,6.7513,1692300
2020-03-17,7.45,8.03,6.91,7.98,7.4004,2541900
2020-03-18,7.3,7.51,5.5,5.78,5.3602,2032200
2020-03-19,5.81,6.6,5.4,6.48,6.0094,2623500
2020-03-20,6.74,7.49,6.5,6.95,6.4452,3177700
2020-03-23,7.21,7.21,6.49,6.96,6.4545,1850100
2020-03-24,7.47,8.09,7.38,8.04,7.4561,2159800
2020-03-25,8.16,8.63,7.76,8.25,7.6508,1618400
2020-03-26,8.34,8.7,8.2,8.56,7.9383,1772500
2020-03-27,8.12,8.12,7.63,7.73,7.1686,2137300
2020-03-30,7.78,8.36,7.77,8.36,7.7528,1177400
2020-03-31,8.35,8.4,7.75,7.79,7.2242,1857000
2020-04-01,7.42,7.74,7.14,7.37,6.8347,1779200
2020-04-02,7.24,7.73,7.17,7.5,6.9553,1258000
2020-04-03,7.38,7.52,7.14,7.39,6.8533,1517400
2020-04-06,7.88,8.57,7.75,8.53,7.9105,1514000
2020-04-07,8.97,9.17,8.65,8.77,8.1331,1652600
2020-04-08,8.92,9.35,8.72,9.24,8.5689,1308400
2020-04-09,9.5,9.67,9.12,9.18,8.5133,2355500
2020-04-13,9.13,9.13,8.83,8.99,8.3371,1021000
2020-04-14,9.21,9.4,9.02,9.13,8.4669,1222400
2020-04-15,8.77,8.81,8.51,8.64,8.0125,1640800
2020-04-16,8.81,9.23,8.61,9.17,8.504,1129700
2020-04-17,9.55,9.65,9.2,9.44,8.7544,1215500
2020-04-20,9.15,9.37,9.02,9.23,8.5596,701700
2020-04-21,8.92,9.1,8.73,8.78,8.1423,1385500
2020-04-22,9.15,9.24,9.02,9.15,8.4855,889600
2020-04-23,9.16,9.45,9.06,9.17,8.504,925000
2020-04-24,9.17,9.49,9.13,9.41,8.7266,860600
2020-04-27,9.72,10.29,9.57,10.19,9.4499,2366800
2020-04-28,10.65,10.78,9.17,9.57,8.875,4453000
2020-04-29,9.66,10.8,9.61,10.52,9.756,2427300
2020-04-30,10.42,10.45,9.86,9.88,9.1624,1576800
2020-05-01,9.64,9.74,9.38,9.73,9.0233,1436200
2020-05-04,9.61,9.75,9.48,9.73,9.0233,1661800
2020-05-05,9.89,10.22,9.66,9.72,9.0141,1756600
2020-05-06,9.85,10.06,9.7,9.75,9.0419,867300
2020-05-07,9.93,9.99,9.76,9.78,9.0697,867700
2020-05-08,9.99,10.15,9.91,10.13,9.3943,761600
2020-05-11,9.96,10.2,9.82,10.02,9.2923,972100
2020-05-12,10.05,10.36,9.8,9.96,9.2366,1251800
2020-05-13,9.89,9.98,9.39,9.48,8.7915,1502900
2020-05-14,9.34,9.67,9.04,9.66,8.9584,1191400
2020-05-15,9.45,9.55,9.24,9.39,8.708,1187700
2020-05-18,9.71,10.07,9.58,10.01,9.283,1556400
2020-05-19,9.96,10.15,9.82,9.82,9.1068,836800
2020-05-20,10.05,10.15,9.91,10.02,9.2923,875900
2020-05-21,10.05,10.12,9.8,9.92,9.1995,1211300
2020-05-22,9.96,10.0,9.75,9.81,9.0975,757700
2020-05-26,10.24,10.57,10.08,10.41,9.6539,1295100
2020-05-27,10.61,10.99,10.13,10.97,10.1733,1510100
2020-05-28,10.99,11.06,10.34,10.4,9.6447,929900
2020-05-29,10.37,10.67,10.24,10.58,9.8116,1172800
2020-06-01,10.58,10.7,10.36,10.47,9.7096,833700
2020-06-02,10.57,10.62,10.28,10.59,9.8209,1359500
2020-06-03,10.79,11.49,10.79,11.41,10.5813,1506200
2020-06-04,11.35,11.92,11.35,11.73,10.8781,1603900
2020-06-05,12.0,13.09,12.0,12.55,11.6385,2606200
2020-06-08,13.0,13.02,12.64,12.72,11.7962,1464700
2020-06-09,12.48,12.81,12.32,12.61,11.6942,1173100
2020-06-10,12.63,12.72,12.42,12.46,11.5551,1125100
2020-06-11,11.81,12.07,11.06,11.11,10.3031,1869400
2020-06-12,11.64,11.84,11.42,11.77,10.9152,1486200
2020-06-15,11.38,11.86,11.19,11.75,10.8966,1091500
2020-06-16,12.28,12.5,12.01,12.11,11.2305,1274800
2020-06-17,12.21,12.43,12.06,12.23,11.3418,1172100
2020-06-18,12.11,12.33,11.92,12.08,11.2027,1355000
2020-06-19,12.19,12.3,11.78,11.81,10.9523,1719900
2020-06-22,11.77,12.04,11.6,12.02,11.147,1389700
2020-06-23,12.27,12.39,12.13,12.35,11.4531,1580300
2020-06-24,12.22,12.22,11.82,11.99,11.1192,1095100
2020-06-25,11.97,12.21,11.66,12.18,11.2954,839300
2020-06-26,12.05,12.13,11.79,11.79,10.9337,1677400
2020-06-29,11.93,11.99,11.69,11.88,11.0172,776300
2020-06-30,11.9,12.38,11.9,12.31,11.416,1219900
2020-07-01,12.28,12.3,11.99,11.99,11.1192,779100
2020-07-02,12.29,12.49,12.18,12.27,11.3789,907900
2020-07-06,12.51,12.64,12.46,12.51,11.6014,979700
2020-07-07,12.47,12.5,12.14,12.15,11.2676,906100
2020-07-08,12.15,12.37,12.07,12.33,11.4345,1003500
2020-07-09,12.37,12.56,12.24,12.46,11.5551,1092800
2020-07-10,12.48,12.49,12.17,12.19,11.3047,783600
2020-07-13,12.36,12.52,11.95,11.96,11.0914,1065800
2020-07-14,11.96,12.26,11.77,12.24,11.351,1121600
2020-07-15,12.36,12.47,12.0,12.18,11.2954,862600
2020-07-16,12.06,12.24,11.95,12.21,11.3232,698600
2020-07-17,12.23,12.28,12.1,12.16,11.2769,483600
2020-07-20,12.31,12.39,12.15,12.31,11.416,773500
2020-07-21,12.51,12.55,12.18,12.29,11.3974,918600
2020-07-22,12.38,12.45,12.2,12.23,11.3418,764400
2020-07-23,12.16,12.99,12.15,12.64,11.722,1625600
2020-07-24,12.47,12.64,12.07,12.08,11.2027,1325700
2020-07-27,12.15,13.7,12.15,13.64,12.6494,3567000
2020-07-28,15.4,15.8,13.72,14.33,13.2893,7401600
2020-07-29,14.4,14.48,13.78,14.16,13.1316,2133300
2020-07-30,13.9,14.19,13.75,14.17,13.1409,1540000
2020-07-31,14.17,14.24,13.39,13.6,12.6123,1472100
2020-08-03,13.75,13.99,13.68,13.76,12.7606,1251700
2020-08-04,13.82,13.85,13.44,13.56,12.5752,1001300
2020-08-05,13.67,13.77,13.52,13.72,12.7236,956100
2020-08-06,13.75,13.76,13.38,13.41,12.4361,753400
2020-08-07,13.22,13.4,12.79,13.02,12.0744,1206000
2020-08-10,13.05,13.07,12.62,12.85,11.9167,1462900
2020-08-11,12.89,13.05,12.67,12.79,11.8611,1171700
2020-08-12,12.87,13.58,12.79,13.54,12.5566,1623400
2020-08-13,13.5,13.59,13.24,13.41,12.4361,1216800
2020-08-14,13.35,13.59,13.33,13.46,12.4824,855400
2020-08-17,13.58,13.95,13.51,13.79,12.7885,950500
2020-08-18,13.86,13.93,13.4,13.57,12.5844,1029300
2020-08-19,13.57,13.85,13.43,13.47,12.4917,1037100
2020-08-20,13.34,13.34,12.79,12.9,11.9631,1191300
2020-08-21,12.79,12.88,12.53,12.59,11.6756,784200
2020-08-24,12.71,12.9,12.64,12.78,11.8518,681600
2020-08-25,12.8,12.99,12.72,12.85,11.9167,637100
2020-08-26,12.85,13.11,12.83,13.04,12.0929,660000
2020-08-27,13.03,13.08,12.37,12.54,11.6293,1037300
2020-08-28,12.57,12.69,12.46,12.67,11.7498,698400
2020-08-31,12.6,12.67,12.13,12.2,11.3139,887800
2020-09-01,12.23,12.5,12.15,12.5,11.5922,1123600
2020-09-02,12.58,12.82,12.51,12.77,11.8426,675900
2020-09-03,12.59,12.68,11.82,11.88,11.0172,1313100
2020-09-04,11.91,11.99,11.13,11.5,10.6648,1414200
2020-09-08,11.15,11.27,10.71,10.73,9.9507,1381800
2020-09-09,10.96,11.26,10.87,11.15,10.3402,1097000
2020-09-10,11.25,11.4,10.96,10.97,10.1733,939800
2020-09-11,11.03,11.25,10.84,10.88,10.0898,888800
2020-09-14,11.54,11.87,11.33,11.54,10.7019,1280200
2020-09-15,11.66,11.77,11.39,11.41,10.5813,1046200
2020-09-16,11.47,11.64,11.44,11.49,10.6555,1335800
2020-09-17,11.19,11.56,11.01,11.48,10.6462,1657900
2020-09-18,11.62,11.65,11.16,11.25,10.4329,2141900
2020-09-21,10.98,11.17,10.95,11.16,10.3495,946900
2020-09-22,11.36,11.37,11.1,11.31,10.4886,896500
2020-09-23,11.29,11.43,10.85,10.91,10.1176,828500
2020-09-24,10.82,11.11,10.8,10.92,10.1269,724500
2020-09-25,10.85,10.99,10.71,10.91,10.1176,715900
2020-09-28,11.14,11.32,11.04,11.28,10.4608,895300
2020-09-29,11.28,11.44,11.17,11.26,10.4422,715700
2020-09-30,11.26,11.48,11.16,11.2,10.3866,708700
2020-10-01,11.33,11.46,11.25,11.44,10.6091,658300
2020-10-02,11.09,11.35,11.0,11.15,10.3402,690300
2020-10-05,11.28,11.54,11.28,11.49,10.6555,747700
2020-10-06,11.57,11.79,11.4,11.42,10.5906,945600
2020-10-07,11.64,11.88,11.61,11.86,10.9986,1078300
2020-10-08,11.97,12.29,11.88,12.27,11.3789,1214400
2020-10-09,12.5,12.73,12.4,12.69,11.7684,941500
2020-10-12,12.91,12.93,12.68,12.84,11.9075,697600
2020-10-13,12.87,12.91,12.75,12.78,11.8518,683700
2020-10-14,12.8,13.01,12.7,12.79,11.8611,957300
2020-10-15,12.51,12.93,12.41,12.9,11.9631,804900
2020-10-16,12.96,13.03,12.79,12.8,11.8704,828300
2020-10-19,12.97,13.1,12.68,12.7,11.7776,1294600
2020-10-20,13.0,13.22,12.92,13.15,12.195,1377500
2020-10-21,13.2,13.67,13.16,13.16,12.2042,1270400
2020-10-22,13.32,13.36,12.92,13.11,12.1579,999100
2020-10-23,13.14,13.34,12.97,13.28,12.3155,1272500
2020-10-26,13.14,13.42,13.02,13.39,12.4175,2512400
2020-10-27,12.68,12.79,11.21,11.25,10.4329,5463700
2020-10-28,10.87,11.76,10.83,11.56,10.7204,2695500
2020-10-29,11.55,11.82,11.46,11.76,10.9059,1854700
2020-10-30,11.69,11.92,11.61,11.85,10.9894,1470500
2020-11-02,12.0,12.04,11.7,11.81,10.9523,1013000
2020-11-03,11.97,12.25,11.93,12.16,11.2769,1292800
2020-11-04,12.22,12.51,12.02,12.47,11.5643,955700
2020-11-05,12.55,13.0,12.51,12.99,12.0466,1253000
2020-11-06,12.9,12.98,12.69,12.71,11.7869,983700
2020-11-09,13.15,13.47,12.82,12.82,11.8889,1671100
2020-11-10,12.8,12.96,12.47,12.76,11.8333,1191600
2020-11-11,12.87,13.3,12.87,13.28,12.3155,913600
2020-11-12,13.23,13.27,13.02,13.14,12.1857,772200
2020-11-13,13.33,13.49,13.22,13.3,12.3341,741300
2020-11-16,13.45,13.72,13.33,13.72,12.7236,1327600
2020-11-17,13.63,13.65,13.34,13.49,12.5103,1228000
2020-11-18,13.63,13.84,13.47,13.48,12.501,1249300
2020-11-19,13.33,13.55,13.31,13.51,12.5288,836300
2020-11-20,13.53,13.7,13.49,13.5,12.5195,738200
2020-11-23,13.68,14.03,13.68,13.99,12.9739,950500
2020-11-24,14.14,14.4,13.73,14.38,13.3356,1149200
2020-11-25,14.32,14.32,14.02,14.26,13.2243,999500
2020-11-27,14.28,14.75,14.28,14.64,13.5767,880800
2020-11-30,14.67,14.82,14.41,14.74,13.6695,1392600
2020-12-01,14.9,15.25,14.89,15.04,13.9477,1488000
2020-12-02,15.05,15.08,14.82,14.94,13.8549,1038500
2020-12-03,15.02,15.34,14.85,14.86,13.7808,1341200
2020-12-04,14.98,15.53,14.96,15.49,14.365,1176800
2020-12-07,15.43,15.59,15.33,15.49,14.365,899600
2020-12-08,15.47,15.47,15.26,15.39,14.2723,1216700
2020-12-09,15.36,15.51,14.72,14.81,13.7344,1301000
2020-12-10,14.69,15.14,14.56,15.09,13.9941,845500
2020-12-11,14.9,15.05,14.6,14.83,13.7529,804900
2020-12-14,15.0,15.27,14.97,14.98,13.892,646000
2020-12-15,15.24,15.61,15.18,15.57,14.4392,1036900
2020-12-16,15.53,15.69,15.32,15.45,14.3279,830100
2020-12-17,15.49,15.54,15.27,15.38,14.3,822400
2020-12-18,15.49,15.73,15.22,15.29,14.2163,2068000
2020-12-21,15.11,15.16,14.85,15.0,13.9467,941500
2020-12-22,15.28,15.29,14.91,14.99,13.9374,1005700
2020-12-23,15.1,15.25,15.02,15.04,13.9839,828500
2020-12-24,15.17,15.24,14.97,14.99,13.9374,387300
2020-12-28,15.21,15.67,15.17,15.21,14.142,811100
2020-12-29,15.25,15.34,14.6,14.8,13.7607,778700
2020-12-30,14.85,15.25,14.85,15.15,14.0862,529600
2020-12-31,15.16,15.16,14.84,15.08,14.0211,725300
2021-01-04,15.18,15.51,14.82,14.91,13.863,919200
2021-01-05,14.92,15.49,14.86,15.47,14.3837,838200
2021-01-06,15.47,16.1,15.46,16.03,14.9044,1887500
2021-01-07,16.38,16.92,16.25,16.79,15.611,1384500
2021-01-08,17.05,17.26,16.58,16.67,15.4994,1063800
2021-01-11,16.58,17.14,16.42,17.09,15.8899,638300
2021-01-12,17.23,17.7,17.07,17.65,16.4106,989600
2021-01-13,17.61,17.72,17.13,17.4,16.1782,757200
2021-01-14,17.77,19.04,17.72,18.74,17.4241,1556900
2021-01-15,18.7,18.7,17.7,18.04,16.7732,1126500
2021-01-19,18.49,18.93,18.34,18.79,17.4706,1237800
2021-01-20,19.0,19.05,18.31,18.54,17.2381,678600
2021-01-21,18.7,18.87,18.27,18.46,17.1637,516800
2021-01-22,18.2,18.5,18.19,18.47,17.173,598300
2021-01-25,18.5,18.56,17.65,17.84,16.5873,1392700
2021-01-26,18.1,18.17,17.16,17.21,16.0015,807900
2021-01-27,16.78,16.83,16.02,16.16,15.0252,1205100
2021-01-28,16.46,16.51,15.93,16.22,15.081,1061500
2021-01-29,16.23,16.38,15.51,15.52,14.4302,1133900
2021-02-01,16.05,16.67,15.92,16.58,15.4158,937800
2021-02-02,16.86,16.96,16.42,16.67,15.4994,827200
2021-02-03,16.68,16.76,16.2,16.36,15.2112,793500
2021-02-04,16.48,17.2,16.35,17.15,15.9457,1196400
2021-02-05,17.44,17.9,16.93,17.85,16.5966,1968200
2021-02-08,18.38,19.27,18.21,19.24,17.889,3477300
2021-02-09,18.84,19.62,18.03,19.38,18.0191,3614000
2021-02-10,19.46,19.56,18.49,18.81,17.4892,2150500
2021-02-11,20.63,23.08,20.5,22.95,21.3385,10294400
2021-02-12,22.93,25.9,22.73,24.21,22.51,27265800
2021-02-16,25.23,26.07,23.97,24.96,23.2073,4821700
2021-02-17,24.32,24.63,23.17,23.87,22.1939,3083400
2021-02-18,23.11,23.49,22.47,22.9,21.292,2742700
2021-02-19,23.46,23.9,23.28,23.67,22.0079,1726600
2021-02-22,23.48,24.5,23.3,23.74,22.1103,2381800
2021-02-23,22.83,23.65,21.58,23.56,21.9427,2460200
2021-02-24,23.61,24.06,22.88,24.0,22.3525,1762300
2021-02-25,23.74,24.04,22.66,22.78,21.2162,1816200
2021-02-26,23.0,24.35,22.41,23.89,22.25,2878600
2021-03-01,24.59,25.1,24.14,24.71,23.0138,2267900
2021-03-02,24.72,24.73,22.71,22.74,21.179,2886800
2021-03-03,23.38,23.38,21.99,22.25,20.7226,1708000
2021-03-04,22.72,22.72,20.44,20.75,19.3256,2854500
2021-03-05,21.14,21.62,19.78,21.38,19.9123,2653800
2021-03-08,21.44,21.99,20.55,20.66,19.2418,1652200
2021-03-09,21.24,22.17,21.11,21.81,20.3128,1598400
2021-03-10,22.24,22.43,21.5,21.52,20.0427,1083000
2021-03-11,22.0,22.66,21.83,22.53,20.9834,1143500
2021-03-12,22.06,22.61,21.74,22.61,21.0579,1516800
2021-03-15,22.59,23.41,22.29,23.4,21.7937,1507700
2021-03-16,23.56,23.89,22.95,23.11,21.5236,1234900
2021-03-17,22.7,23.9,22.33,23.66,22.0358,1230600
2021-03-18,23.15,24.18,22.79,23.11,21.5236,2161700
2021-03-19,23.0,24.02,22.76,23.97,22.3246,2771500
2021-03-22,24.53,24.97,23.89,23.92,22.278,2152800
2021-03-23,23.85,23.89,21.86,21.94,20.4339,1838700
2021-03-24,22.45,22.88,21.52,21.53,20.052,1220200
2021-03-25,21.29,22.21,20.84,22.11,20.5922,1332800
2021-03-26,22.29,23.38,21.95,23.37,21.7657,1016500
2021-03-29,23.13,23.24,21.98,22.22,20.6947,1251600
2021-03-30,22.09,22.75,22.04,22.74,21.179,990900
2021-03-31,23.02,24.13,23.02,23.71,22.0824,2165800
2021-04-01,24.19,24.7,24.04,24.56,22.874,1542900
2021-04-05,25.08,26.62,24.96,26.38,24.5691,2946900
2021-04-06,26.75,27.5,25.29,25.62,23.8613,3234500
2021-04-07,25.56,25.75,24.95,25.24,23.5074,1783900
2021-04-08,25.45,25.65,25.01,25.56,23.8054,1849500
2021-04-09,25.45,25.45,24.82,25.05,23.3304,1277000
2021-04-12,25.0,25.19,24.44,24.77,23.0696,1170100
2021-04-13,24.92,25.11,23.77,24.35,22.6785,1504600
2021-04-14,24.35,25.08,24.35,24.64,22.9486,1454300
2021-04-15,24.91,24.99,23.85,24.1,22.4456,1205300
2021-04-16,24.19,24.25,23.78,24.02,22.3711,953400
2021-04-19,23.79,24.01,22.78,23.4,21.7937,1718300
2021-04-20,23.2,23.38,22.47,22.67,21.1138,1222100
2021-04-21,22.57,23.99,22.41,23.97,22.3246,1510700
2021-04-22,24.24,24.24,23.01,23.08,21.4956,1474100
2021-04-23,23.28,24.03,23.28,23.82,22.1848,1239400
2021-04-26,24.0,24.72,23.2,23.91,22.2687,3169000
2021-04-27,23.72,23.84,20.63,21.06,19.6143,6858900
2021-04-28,21.39,21.41,20.45,21.17,19.7168,2806400
2021-04-29,21.4,21.47,20.45,20.97,19.5305,2039100
2021-04-30,20.48,20.75,20.13,20.22,18.832,2064500
2021-05-03,20.43,20.55,19.81,19.94,18.5712,2305500
2021-05-04,19.68,19.71,19.0,19.68,18.329,2404500
2021-05-05,19.96,20.15,19.38,19.82,18.4594,1290200
2021-05-06,19.69,19.89,19.18,19.88,18.5153,1089200
2021-05-07,20.08,20.29,19.86,20.23,18.8413,1209300
2021-05-10,20.0,20.0,19.13,19.22,17.9006,1145300
2021-05-11,18.25,19.25,18.12,19.11,17.7982,1214700
2021-05-12,18.68,18.94,18.04,18.06,16.8203,1646400
2021-05-13,18.46,18.95,18.3,18.74,17.4536,1111500
2021-05-14,19.01,19.45,18.72,19.37,18.0403,858400
2021-05-17,19.01,19.35,18.53,19.31,17.9844,984100
2021-05-18,19.56,19.76,19.37,19.39,18.059,1201000
2021-05-19,18.97,19.9,18.7,19.82,18.4594,929700
2021-05-20,19.82,20.13,19.71,20.07,18.6923,1078100
2021-05-21,20.28,20.3,19.77,19.85,18.4874,1124800
2021-05-24,19.99,20.6,19.88,20.4,18.9996,1129400
2021-05-25,20.59,21.05,20.5,20.54,19.13,1951500
2021-05-26,20.47,21.18,20.44,21.09,19.6423,1787400
2021-05-27,20.99,21.47,20.92,21.05,19.605,1024800
2021-05-28,21.2,21.27,20.95,21.1,19.6516,578800
2021-06-01,21.36,21.58,21.03,21.53,20.052,1227500
2021-06-02,21.49,21.87,21.38,21.84,20.3408,1196200
2021-06-03,21.66,21.66,20.96,21.42,19.9496,1078000
2021-06-04,21.54,22.08,21.36,22.05,20.5748,932000
2021-06-07,21.78,22.28,21.78,22.2,20.7147,1633800
2021-06-08,22.32,22.73,22.05,22.7,21.1813,1879500
2021-06-09,22.81,23.22,22.66,23.12,21.5732,1826300
2021-06-10,23.17,23.61,23.04,23.08,21.5359,955900
2021-06-11,23.32,23.6,22.76,23.59,22.0117,1204500
2021-06-14,23.65,23.69,23.06,23.57,21.9931,842200
2021-06-15,23.61,23.99,23.36,23.64,22.0584,1019600
2021-06-16,23.69,23.74,23.15,23.34,21.7785,1301700
2021-06-17,23.3,23.83,23.01,23.54,21.9651,1295100
2021-06-18,23.4,23.49,22.36,22.95,21.4146,2735700
2021-06-21,23.09,23.19,22.67,22.98,21.4426,970100
2021-06-22,23.0,23.35,22.8,23.2,21.6478,875500
2021-06-23,23.34,23.74,23.05,23.08,21.5359,1128200
2021-06-24,23.37,23.82,23.19,23.8,22.2077,691100
2021-06-25,23.99,24.2,23.51,23.61,22.0304,2267800
2021-06-28,23.81,24.21,23.77,23.88,22.2823,1417800
2021-06-29,23.94,24.03,23.58,23.89,22.2917,843000
2021-06-30,23.95,24.0,23.6,23.67,22.0864,1340800
2021-07-01,23.66,23.66,23.12,23.25,21.6945,930800
2021-07-02,23.41,23.48,23.07,23.11,21.5639,421900
2021-07-06,23.15,23.24,22.39,22.75,21.2279,618900
2021-07-07,22.91,22.96,22.14,22.48,20.976,718000
2021-07-08,21.86,22.36,21.47,22.12,20.6401,824100
2021-07-09,22.3,22.86,22.09,22.78,21.2559,478200
2021-07-12,22.95,23.12,22.75,23.1,21.5545,568300
2021-07-13,22.95,23.09,22.7,22.88,21.3492,553600
2021-07-14,23.09,23.58,22.72,22.76,21.2373,616800
2021-07-15,22.66,24.0,22.16,22.6,21.088,3696400
2021-07-16,22.73,22.86,21.85,21.9,20.4348,1473500
2021-07-19,21.39,21.54,20.63,21.35,19.9216,1909600
2021-07-20,21.53,22.55,21.35,22.31,20.8174,1422400
2021-07-21,22.41,23.15,22.41,23.11,21.5639,849800
2021-07-22,22.86,23.11,22.6,22.88,21.3492,638700
2021-07-23,23.03,23.1,22.61,22.97,21.4332,797100
2021-07-26,22.92,23.23,22.63,22.93,21.3959,1078100
2021-07-27,23.03,23.56,22.4,23.49,21.9184,2517100
2021-07-28,23.38,24.77,22.91,24.49,22.8515,2185300
2021-07-29,24.65,24.81,24.39,24.49,22.8515,1484100
2021-07-30,24.32,24.85,24.32,24.64,22.9915,2131600
2021-08-02,24.78,25.83,24.78,25.26,23.57,1534300
2021-08-03,25.37,25.97,25.02,25.96,24.2232,1362400
2021-08-04,25.95,27.12,25.88,26.64,24.8577,1321600
2021-08-05,26.73,27.36,26.67,27.14,25.3242,1237800
2021-08-06,27.12,27.71,26.96,27.45,25.6135,1003800
2021-08-09,27.65,27.66,27.18,27.45,25.6135,861700
2021-08-10,27.48,27.53,26.69,26.79,24.9977,1141300
2021-08-11,26.64,26.89,26.21,26.75,24.9603,1051600
2021-08-12,26.56,26.56,25.81,26.15,24.4005,1071300
2021-08-13,26.02,26.37,25.82,26.28,24.5218,662500
2021-08-16,26.1,26.19,25.71,26.0,24.2605,660700
2021-08-17,25.6,25.6,24.21,24.65,23.0008,1556000
2021-08-18,24.89,25.38,24.53,24.54,22.8982,1535300
2021-08-19,24.06,24.52,23.82,24.4,22.7676,1080800
2021-08-20,24.45,24.88,24.2,24.87,23.2061,874700
2021-08-23,25.16,25.52,24.64,25.22,23.5327,1140500
2021-08-24,25.35,25.82,25.25,25.75,24.0272,1024200
2021-08-25,25.83,26.26,25.83,26.06,24.3165,601400
2021-08-26,26.11,26.47,25.97,26.11,24.3631,715700
2021-08-27,26.18,27.68,26.14,27.62,25.7721,1321500
2021-08-30,27.72,28.06,27.39,27.93,26.0614,806900
2021-08-31,27.89,27.98,27.21,27.47,25.6322,1342600
2021-09-01,27.64,28.15,27.27,27.8,25.9401,848200
2021-09-02,27.88,28.42,27.68,28.23,26.3413,737000
2021-09-03,28.3,28.79,28.15,28.42,26.5562,742600
2021-09-07,28.42,28.47,27.77,28.26,26.4067,1055800
2021-09-08,28.1,28.1,27.09,27.34,25.5471,852800
2021-09-09,27.23,28.16,27.23,27.95,26.1171,889500
2021-09-10,28.19,29.16,27.74,27.77,25.9489,882000
2021-09-13,28.2,29.0,28.0,28.97,27.0702,1164700
2021-09-14,29.04,29.39,28.66,28.8,26.9113,1376400
2021-09-15,29.13,29.13,28.22,28.86,26.9674,1422800
2021-09-16,28.7,29.5,28.44,29.08,27.1729,1487800
2021-09-17,29.15,29.15,27.07,27.26,25.4723,4260000
2021-09-20,26.02,26.38,25.41,25.9,24.2015,2422800
2021-09-21,26.13,26.21,25.35,25.58,23.9025,2054900
2021-09-22,25.82,26.72,25.79,26.61,24.8649,1151500
2021-09-23,26.7,27.03,26.46,26.97,25.2013,978200
2021-09-24,26.55,27.3,26.51,27.04,25.2667,550300
2021-09-27,26.72,27.21,26.62,27.04,25.2667,682700
2021-09-28,26.29,26.49,25.54,25.78,24.0894,975300
2021-09-29,25.98,26.07,24.8,25.17,23.5194,1181600
2021-09-30,25.41,25.62,24.95,24.95,23.3138,964100
2021-10-01,25.1,25.43,24.79,25.1,23.454,808900
2021-10-04,24.83,24.95,24.45,24.82,23.1923,962600
2021-10-05,24.95,25.38,24.76,25.05,23.4072,580000
2021-10-06,24.72,25.25,24.64,25.2,23.5474,843800
2021-10-07,25.55,26.11,25.55,25.66,23.9772,940900
2021-10-08,25.74,25.88,25.03,25.16,23.51,500000
2021-10-11,25.05,25.43,25.05,25.1,23.454,439300
2021-10-12,24.41,24.58,22.17,22.42,20.9497,3622800
2021-10-13,22.46,22.74,22.11,22.29,20.8282,1504000
2021-10-14,22.93,23.09,22.26,22.4,20.931,1335500
2021-10-15,22.76,22.85,22.18,22.19,20.7348,1107600
2021-10-18,22.0,22.53,21.88,22.46,20.9871,938900
2021-10-19,22.6,22.75,22.33,22.45,20.9777,764900
2021-10-20,22.55,23.23,22.3,23.07,21.5571,878500
2021-10-21,22.96,23.27,22.77,23.16,21.6412,882100
2021-10-22,23.26,23.58,22.22,22.28,20.8189,1049700
2021-10-25,22.32,23.04,22.32,22.91,21.4076,1975800
2021-10-26,23.56,23.71,21.66,22.25,20.7909,2256600
2021-10-27,22.25,22.68,21.86,21.92,20.4825,1271500
2021-10-28,22.27,22.66,21.97,22.14,20.6881,1197400
2021-10-29,21.89,22.2,21.68,21.92,20.4825,1581800
2021-11-01,21.94,22.89,21.88,22.85,21.3515,948800
2021-11-02,22.84,23.1,22.39,22.45,20.9777,832700
2021-11-03,22.43,23.06,22.33,22.87,21.3702,915800
2021-11-04,23.0,23.53,22.91,23.4,21.8654,930600
2021-11-05,23.57,23.92,23.23,23.52,21.9776,913100
2021-11-08,23.68,24.14,23.64,23.79,22.2299,893200
2021-11-09,23.89,23.93,23.15,23.52,21.9776,752500
2021-11-10,23.09,23.45,22.59,22.69,21.202,685300
2021-11-11,23.1,23.26,22.86,23.1,21.5851,461500
2021-11-12,23.19,23.44,23.02,23.3,21.772,476800
2021-11-15,23.54,23.54,23.12,23.39,21.8561,506000
2021-11-16,23.26,24.22,23.13,24.14,22.5569,793400
2021-11-17,24.2,24.56,23.54,24.45,22.8466,1063200
2021-11-18,24.68,24.88,24.42,24.83,23.2017,1025400
2021-11-19,24.95,25.73,24.62,25.26,23.6035,1106100
2021-11-22,25.41,25.51,23.18,23.21,21.6879,1460000
2021-11-23,23.29,23.71,23.08,23.39,21.8561,1756900
2021-11-24,23.11,23.3,22.85,23.27,21.744,803200
2021-11-26,22.33,22.98,21.98,22.23,20.7722,634100
2021-11-29,22.7,23.0,22.12,22.42,20.9497,978900
2021-11-30,22.35,22.67,21.23,21.56,20.1461,1533800
2021-12-01,22.36,23.08,21.94,22.04,20.5946,1032800
2021-12-02,21.75,22.44,21.67,22.31,20.8469,883200
2021-12-03,22.5,22.82,22.21,22.79,21.2954,1120400
2021-12-06,22.8,23.18,22.3,23.0,21.5389,817800
2021-12-07,23.48,24.74,23.46,24.49,22.9343,800500
2021-12-08,24.26,24.45,23.77,24.42,22.8687,667000
2021-12-09,24.06,24.26,23.57,23.57,22.0727,712400
2021-12-10,24.12,24.33,23.22,23.39,21.9042,588100
2021-12-13,23.4,23.43,22.27,22.4,20.977,830800
2021-12-14,22.0,22.39,21.75,22.26,20.8459,917600
2021-12-15,22.05,23.08,21.93,23.06,21.5951,1018800
2021-12-16,23.22,23.34,21.55,21.71,20.3309,839500
2021-12-17,21.58,22.39,21.54,22.14,20.7336,1860000
2021-12-20,21.6,22.01,21.07,21.77,20.3871,765300
2021-12-21,22.42,22.66,22.05,22.6,21.1643,509300
2021-12-22,22.39,22.9,22.11,22.88,21.4265,543600
2021-12-23,22.94,23.3,22.87,23.13,21.6607,478500
2021-12-27,23.18,23.74,23.16,23.71,22.2038,639600
2021-12-28,23.92,24.27,23.67,23.93,22.4098,667500
2021-12-29,23.96,24.86,23.96,24.81,23.2339,848700
2021-12-30,24.61,24.99,24.37,24.6,23.0373,760800
2021-12-31,24.76,24.97,24.64,24.79,23.2152,894600
2022-01-03,25.0,26.36,25.0,26.24,24.5731,1097300
2022-01-04,26.36,26.64,25.2,25.84,24.1985,1280400
2022-01-05,25.92,26.16,25.03,25.05,23.4587,1250100
2022-01-06,25.0,25.45,24.64,25.2,23.5992,846500
2022-01-07,25.2,25.45,23.66,23.71,22.2038,1010700
2022-01-10,23.2,23.73,22.73,23.7,22.1945,1054300
2022-01-11,23.51,24.47,23.28,24.32,22.7751,781000
2022-01-12,24.63,24.88,23.87,24.3,22.7563,856500
2022-01-13,24.74,24.9,23.85,23.97,22.4473,798800
2022-01-14,23.54,25.02,23.41,24.99,23.4025,871300
2022-01-18,24.47,24.5,23.22,23.25,21.773,1056200
2022-01-19,23.53,24.0,22.55,22.56,21.1269,800000
2022-01-20,22.91,23.35,22.15,22.17,20.7616,869400
2022-01-21,21.93,22.55,21.6,21.6,20.2279,1071900
2022-01-24,21.13,22.23,20.35,22.21,20.7991,1305800
2022-01-25,21.53,21.9,21.04,21.34,19.9844,915700
2022-01-26,22.01,22.46,21.2,21.47,20.1061,710400
2022-01-27,21.6,21.74,20.11,20.36,19.0666,978900
2022-01-28,20.43,21.02,19.78,21.02,19.6847,816500
2022-01-31,21.14,22.04,21.02,22.02,20.6212,1013900
2022-02-01,22.19,22.39,21.44,21.95,20.5556,790400
2022-02-02,22.25,22.44,21.81,22.09,20.6867,882100
2022-02-03,21.63,21.87,21.08,21.18,19.8345,778400
2022-02-04,20.9,21.13,20.53,20.96,19.6285,1001300
2022-02-07,21.15,21.43,20.7,20.93,19.6004,1126700
2022-02-08,20.88,21.85,20.87,21.77,20.3871,955900
2022-02-09,22.19,23.2,22.13,23.08,21.6138,950400
2022-02-10,22.49,23.37,22.09,22.19,20.7804,1056600
2022-02-11,22.16,22.29,20.69,20.9,19.5723,1111500
2022-02-14,21.18,21.46,20.6,21.15,19.8064,1709600
2022-02-15,22.0,24.2,21.51,24.19,22.6533,3941000
2022-02-16,23.83,25.04,23.66,24.96,23.3744,1927600
2022-02-17,24.51,24.72,23.63,24.19,22.6533,1504700
2022-02-18,24.33,24.44,23.22,23.46,21.9697,931500
2022-02-22,23.0,23.6,22.37,22.73,21.2861,950500
2022-02-23,23.02,23.22,21.69,21.81,20.4245,1240800
2022-02-24,21.01,23.3,20.78,23.26,21.7824,1045900
2022-02-25,23.14,23.53,22.76,23.4,21.9135,915100
2022-02-28,22.91,23.39,22.35,22.67,21.2753,1155100
2022-03-01,22.68,22.88,21.29,21.44,20.121,1329200
2022-03-02,21.75,22.47,21.69,22.31,20.9375,810200
2022-03-03,22.56,22.56,21.72,21.94,20.5903,623900
2022-03-04,21.56,21.78,20.9,21.11,19.8113,818200
2022-03-07,21.17,21.51,19.87,19.89,18.6664,964900
2022-03-08,19.96,21.37,19.76,20.5,19.2388,972100
2022-03-09,21.3,21.67,21.04,21.34,20.0272,632700
2022-03-10,20.85,21.26,20.59,21.2,19.8958,569000
2022-03-11,21.53,21.76,20.78,20.82,19.5392,535500
2022-03-14,20.87,21.24,20.59,20.92,19.633,1154100
2022-03-15,21.13,21.66,21.02,21.48,20.1586,593800
2022-03-16,21.99,22.71,21.75,22.56,21.1721,698200
2022-03-17,22.26,23.21,22.16,23.16,21.7352,646300
2022-03-18,22.74,23.62,22.52,23.54,22.0918,1686700
2022-03-21,23.43,23.77,22.96,23.32,21.8854,493700
2022-03-22,23.38,23.75,23.21,23.31,21.876,580300
2022-03-23,23.01,23.6,22.89,22.92,21.51,618400
2022-03-24,23.13,23.78,22.9,23.76,22.2983,525800
2022-03-25,23.75,24.05,23.4,23.93,22.4578,631800
2022-03-28,23.69,23.77,23.05,23.57,22.12,756800
2022-03-29,23.93,24.19,23.54,23.95,22.4766,781400
2022-03-30,23.86,23.86,22.6,22.66,21.266,838800
2022-03-31,22.59,22.66,21.7,21.72,20.3838,1066300
2022-04-01,21.92,22.16,21.11,21.31,19.999,1026700
2022-04-04,21.41,21.76,21.23,21.39,20.0741,1005700
2022-04-05,21.25,21.35,20.13,20.23,18.9855,1150700
2022-04-06,19.97,20.07,19.31,19.56,18.3567,1429900
2022-04-07,19.6,19.76,18.88,19.41,18.2159,1316700
2022-04-08,19.31,19.37,18.98,19.05,17.878,735400
2022-04-11,18.9,19.24,18.76,18.8,17.6434,863700
2022-04-12,19.2,19.55,18.7,18.8,17.6434,906100
2022-04-13,18.89,19.43,18.71,19.09,17.9156,821100
2022-04-14,19.21,19.35,18.7,18.82,17.6622,879500
2022-04-18,18.95,19.28,18.73,18.92,17.756,697500
2022-04-19,18.91,19.82,18.87,19.75,18.535,1017800
2022-04-20,20.12,20.47,19.67,19.77,18.5538,800100
2022-04-21,20.25,20.67,19.67,19.83,18.6101,952300
2022-04-22,19.64,20.0,19.22,19.25,18.0657,728300
2022-04-25,19.0,19.68,18.83,19.61,18.4036,890100
2022-04-26,19.31,19.31,18.76,18.88,17.7185,1075600
2022-04-27,18.68,19.23,18.39,18.44,17.3056,1140600
2022-04-28,18.88,19.8,18.6,19.58,18.3754,901900
2022-04-29,19.13,19.67,18.75,18.81,17.6528,1002600
2022-05-02,18.88,19.59,18.75,19.51,18.3097,1437200
2022-05-03,19.2,19.2,18.15,18.36,17.2305,1743900
2022-05-04,18.41,19.61,18.27,19.57,18.3661,1338900
2022-05-05,19.12,19.33,18.65,19.07,17.8968,1542700
2022-05-06,18.85,19.97,18.64,19.44,18.2441,1492500
2022-05-09,18.91,19.25,18.47,18.58,17.437,1313800
2022-05-10,19.01,19.27,18.37,19.04,17.8687,997200
2022-05-11,18.85,19.22,18.31,18.38,17.2493,861600
2022-05-12,18.3,18.95,18.05,18.6,17.4557,1334500
2022-05-13,18.99,19.68,18.83,19.38,18.1877,884200
2022-05-16,19.12,19.45,18.86,19.09,17.9156,676300
2022-05-17,19.67,20.21,19.47,20.1,18.8634,718500
2022-05-18,19.67,20.07,19.23,19.27,18.0845,714200
2022-05-19,19.11,19.5,18.95,19.04,17.8687,749700
2022-05-20,19.55,19.59,18.4,19.19,18.0094,760700
2022-05-23,19.3,19.53,18.98,19.14,17.9625,828300
2022-05-24,18.85,18.95,18.29,18.7,17.5496,824100
2022-05-25,18.62,19.26,18.59,19.07,17.8968,647200
2022-05-26,19.02,20.0,18.91,19.8,18.5819,680300
2022-05-27,20.1,20.57,19.9,20.55,19.2858,735100
2022-05-31,20.6,20.6,20.08,20.44,19.1825,862700
2022-06-01,20.58,20.78,19.82,20.29,19.0418,712900
2022-06-02,20.12,21.0,20.12,20.99,19.6987,725700
2022-06-03,20.53,20.58,20.18,20.27,19.023,488900
2022-06-06,20.66,20.87,20.31,20.52,19.3052,830400
2022-06-07,20.2,20.66,20.12,20.61,19.3899,628700
2022-06-08,20.47,20.49,19.98,20.06,18.8725,496100
2022-06-09,19.86,20.09,19.29,19.31,18.1669,714500
2022-06-10,18.94,19.31,18.52,18.83,17.7153,763500
2022-06-13,18.18,18.44,17.51,17.8,16.7463,1248500
2022-06-14,17.96,18.15,17.66,18.09,17.0191,1166200
2022-06-15,18.27,18.73,17.93,18.34,17.2543,1116700
2022-06-16,17.7,17.76,16.39,16.54,15.5608,1487800
2022-06-17,16.78,16.88,16.26,16.65,15.6643,1567600
2022-06-21,16.99,17.35,16.84,17.09,16.0783,1174300
2022-06-22,16.74,17.02,16.53,16.63,15.6455,1305900
2022-06-23,16.73,16.86,16.31,16.53,15.5514,884700
2022-06-24,16.71,17.38,16.71,17.29,16.2664,1098400
2022-06-27,17.55,17.94,17.29,17.73,16.6804,758300
2022-06-28,17.89,18.19,17.16,17.23,16.21,629000
2022-06-29,17.03,17.13,16.56,16.76,15.7678,826200
2022-06-30,16.75,17.29,16.52,16.95,15.9466,1065600
2022-07-01,16.61,16.77,15.32,15.44,14.526,1230800
2022-07-05,15.07,15.48,14.89,15.48,14.5636,1207800
2022-07-06,15.47,15.71,15.12,15.56,14.6389,732800
2022-07-07,16.0,16.47,16.0,16.39,15.4197,791900
2022-07-08,16.27,16.69,16.12,16.63,15.6455,611100
2022-07-11,16.39,16.65,16.21,16.36,15.3915,514800
2022-07-12,16.49,16.65,16.21,16.36,15.3915,610000
2022-07-13,15.97,16.58,15.88,16.46,15.4856,626500
2022-07-14,16.54,17.02,16.21,16.95,15.9466,574900
2022-07-15,17.34,17.38,16.83,17.35,16.3229,544300
2022-07-18,17.76,17.8,17.07,17.22,16.2006,1028300
2022-07-19,17.62,18.4,17.5,18.35,17.2637,772400
2022-07-20,18.25,19.07,18.08,18.86,17.7435,808900
2022-07-21,18.98,19.26,18.73,19.24,18.101,577400
2022-07-22,19.24,19.31,18.61,18.83,17.7153,570400
2022-07-25,18.74,18.83,18.54,18.72,17.6118,587700
2022-07-26,18.56,18.67,18.34,18.44,17.3484,635400
2022-07-27,18.72,19.42,18.66,19.26,18.1198,709300
2022-07-28,19.24,19.79,18.81,19.74,18.5714,854700
2022-07-29,19.59,20.26,19.46,20.17,18.976,879900
2022-08-01,20.0,20.78,19.81,20.47,19.2582,1039500
2022-08-02,20.72,22.43,20.39,22.08,20.7729,1824800
2022-08-03,22.23,22.86,21.95,22.7,21.3562,1145900
2022-08-04,22.65,23.17,22.62,23.03,21.6666,913800
2022-08-05,22.5,22.98,22.17,22.65,21.3091,754700
2022-08-08,22.47,22.65,21.88,22.36,21.0363,751100
2022-08-09,21.81,21.84,20.27,20.78,19.5498,1063700
2022-08-10,21.48,21.9,21.24,21.74,20.453,777200
2022-08-11,21.87,22.48,21.73,21.92,20.6224,608300
2022-08-12,22.13,22.84,22.02,22.74,21.3938,706000
2022-08-15,22.62,22.73,22.19,22.47,21.1398,604600
2022-08-16,22.37,22.81,22.28,22.57,21.2339,809500
2022-08-17,22.11,22.25,21.53,21.81,20.5189,623100
2022-08-18,21.91,22.35,21.84,22.11,20.8011,757100
2022-08-19,21.74,22.01,21.61,21.92,20.6224,751000
2022-08-22,21.42,21.5,20.86,20.95,19.7098,668400
2022-08-23,21.04,21.42,21.02,21.18,19.9262,523100
2022-08-24,21.13,21.34,21.0,21.17,19.9168,415700
2022-08-25,21.17,21.94,21.17,21.93,20.6318,420500
2022-08-26,21.93,21.94,20.86,20.87,19.6345,366500
2022-08-29,20.69,21.09,20.59,20.74,19.5122,615600
2022-08-30,20.81,20.89,20.06,20.31,19.1077,734600
2022-08-31,20.49,20.49,20.01,20.13,18.9383,667400
2022-09-01,19.62,19.64,19.03,19.58,18.4209,663100
2022-09-02,19.85,19.92,19.05,19.18,18.0908,651700
2022-09-06,19.26,19.26,18.67,18.86,17.7889,839300
2022-09-07,18.75,19.0,18.37,18.83,17.7606,860300
2022-09-08,18.6,19.14,18.3,19.13,18.0436,533400
2022-09-09,19.46,19.9,19.46,19.6,18.4869,452300
2022-09-12,19.65,19.75,19.26,19.56,18.4492,561100
2022-09-13,18.88,18.95,18.27,18.32,17.2796,753500
2022-09-14,18.59,18.7,18.18,18.5,17.4494,604800
2022-09-15,18.33,18.45,17.85,18.08,17.0532,619000
2022-09-16,17.98,18.36,17.78,18.11,17.0815,2068200
2022-09-19,17.9,18.57,17.83,18.36,17.3173,690700
2022-09-20,18.08,18.19,17.89,18.13,17.1004,433400
2022-09-21,18.08,18.72,17.99,18.01,16.9872,511000
2022-09-22,17.92,17.97,17.53,17.63,16.6288,537500
2022-09-23,17.42,17.42,16.74,17.07,16.1006,587100
2022-09-26,17.05,17.39,16.72,16.75,15.7988,559900
2022-09-27,16.99,17.14,16.52,16.73,15.7799,674600
2022-09-28,16.48,16.96,16.28,16.84,15.8836,609200
2022-09-29,16.52,16.6,16.13,16.58,15.6384,1303900
2022-09-30,16.45,17.23,16.36,17.05,16.0817,1982600
2022-10-03,17.22,18.37,17.2,18.0,16.9778,1065500
2022-10-04,18.53,18.97,18.52,18.81,17.7418,717700
2022-10-05,18.48,18.92,18.22,18.82,17.7512,475600
2022-10-06,18.75,19.11,18.75,18.87,17.7984,624200
2022-10-07,18.46,18.58,17.77,17.92,16.9023,606300
2022-10-10,17.83,17.83,16.99,17.35,16.3647,672700
2022-10-11,17.06,17.57,16.92,17.35,16.3647,1767900
2022-10-12,17.4,17.42,17.05,17.07,16.1006,779300
2022-10-13,16.8,18.02,16.57,17.82,16.808,1111500
2022-10-14,17.98,17.99,17.18,17.23,16.2515,698200
2022-10-17,17.6,17.94,17.6,17.8,16.7891,801100
2022-10-18,18.39,18.62,17.69,18.08,17.0532,637800
2022-10-19,18.08,18.4,17.92,18.37,17.3268,675900
2022-10-20,18.52,19.0,18.31,18.45,17.4022,480900
2022-10-21,18.51,19.45,18.51,19.39,18.2888,552200
2022-10-24,19.46,19.77,19.19,19.66,18.5435,577500
2022-10-25,19.67,20.27,19.62,20.08,18.9396,673200
2022-10-26,20.0,20.5,19.69,20.06,18.9208,606500
2022-10-27,20.32,20.51,19.98,20.03,18.8925,483700
2022-10-28,20.16,20.87,20.16,20.8,19.6188,606400
2022-10-31,20.61,20.93,20.25,20.79,19.6093,808600
2022-11-01,21.49,21.94,19.69,20.49,19.3264,1940300
2022-11-02,20.59,21.35,20.15,20.47,19.3075,2017500
2022-11-03,20.03,20.5,19.95,20.28,19.1283,1405700
2022-11-04,20.98,21.13,20.64,21.06,19.864,902100
2022-11-07,21.15,21.79,20.92,21.64,20.4111,757500
2022-11-08,21.97,22.62,21.73,22.5,21.2222,1352100
2022-11-09,22.2,22.35,21.92,22.03,20.7789,650300
2022-11-10,23.01,24.11,22.8,24.06,22.6936,984400
2022-11-11,24.17,25.32,24.02,25.24,23.8066,1018500
2022-11-14,25.06,26.98,24.84,26.17,24.6838,1731400
2022-11-15,26.64,28.75,26.64,28.47,26.8532,2213000
2022-11-16,27.95,28.58,27.51,27.95,26.3627,1411200
2022-11-17,27.28,28.78,27.27,28.78,27.1456,1363500
2022-11-18,28.95,29.1,27.86,28.36,26.7494,1878000
2022-11-21,28.2,28.48,27.0,27.27,25.7213,1665200
2022-11-22,27.44,27.74,27.02,27.6,26.0326,1020500
2022-11-23,27.58,27.84,27.35,27.75,26.1741,782600
2022-11-25,27.55,27.69,27.28,27.3,25.7496,517400
2022-11-28,27.02,27.14,26.61,26.82,25.2969,868300
2022-11-29,26.89,27.7,26.78,27.0,25.4667,1089100
2022-11-30,27.1,28.07,26.61,28.02,26.4287,1234200
2022-12-01,28.28,28.36,27.57,27.88,26.2967,777500
2022-12-02,27.24,27.99,27.1,27.81,26.2307,646000
2022-12-05,27.65,27.82,26.98,27.19,25.7152,741100
2022-12-06,27.35,27.35,26.2,26.39,24.9586,969000
2022-12-07,26.0,26.68,25.79,26.31,24.8829,647000
2022-12-08,26.52,27.04,26.09,26.94,25.4788,723300
2022-12-09,26.8,26.8,25.79,25.86,24.4574,945800
2022-12-12,25.72,26.41,25.53,26.27,24.8451,671200
2022-12-13,27.36,27.54,26.53,26.79,25.3369,945100
2022-12-14,26.79,27.07,26.17,26.46,25.0248,660900
2022-12-15,26.01,26.09,25.39,25.65,24.2587,882700
2022-12-16,25.37,25.68,24.84,25.2,23.8332,2266100
2022-12-19,25.2,25.2,24.15,24.47,23.1427,659700
2022-12-20,24.24,24.69,24.08,24.36,23.0387,537000
2022-12-21,24.54,25.26,24.37,25.15,23.7859,523800
2022-12-22,24.6,24.7,23.87,24.55,23.2184,579200
2022-12-23,24.38,24.55,24.23,24.5,23.1711,322000
2022-12-27,24.58,24.7,24.22,24.4,23.0765,368000
2022-12-28,24.25,24.45,23.5,23.58,22.301,680000
2022-12-29,23.89,24.29,23.8,24.01,22.7077,524000
2022-12-30,23.73,24.18,23.41,23.98,22.6793,659400
2023-01-03,24.6,25.73,24.55,25.47,24.0885,2158200
2023-01-04,25.96,26.8,25.58,25.67,24.2777,1331400
2023-01-05,25.67,26.39,25.15,25.84,24.4384,880000
2023-01-06,26.4,27.43,26.25,27.39,25.9044,865400
2023-01-09,27.86,29.86,27.64,29.82,28.2026,1628100
2023-01-10,29.93,30.13,29.07,29.32,27.7297,1472400
2023-01-11,29.39,30.1,28.91,29.7,28.0891,831000
2023-01-12,29.84,30.38,29.19,30.06,28.4295,893800
2023-01-13,29.86,31.36,29.7,31.03,29.3469,1326700
2023-01-17,30.98,31.12,30.28,30.65,28.9875,876000
2023-01-18,30.95,31.15,29.81,29.85,28.2309,867800
2023-01-19,29.62,29.69,28.53,28.92,27.3514,878900
2023-01-20,29.41,29.41,28.67,29.03,27.4554,750800
2023-01-23,29.5,30.34,29.48,30.15,28.5147,953600
2023-01-24,29.75,29.97,29.23,29.58,27.9756,623900
2023-01-25,29.0,29.88,28.72,29.84,28.2215,748700
2023-01-26,30.13,30.53,29.21,30.46,28.8079,845400
2023-01-27,30.0,30.15,29.41,29.7,28.0891,596600
2023-01-30,29.19,29.61,28.87,28.9,27.3325,626800
2023-01-31,28.96,29.43,28.73,29.26,27.6729,721900
2023-02-01,29.24,29.98,28.55,29.61,28.004,1060900
2023-02-02,30.13,31.38,30.11,30.63,28.9686,1307300
2023-02-03,29.94,31.13,29.64,30.25,28.6092,919400
2023-02-06,29.73,30.03,29.29,29.42,27.8243,706100
2023-02-07,29.5,30.45,29.3,30.33,28.6849,1013500
2023-02-08,30.11,30.31,29.78,29.96,28.335,869000
2023-02-09,30.76,30.82,29.27,29.53,27.9283,976200
2023-02-10,29.24,29.35,27.25,27.6,26.103,1643400
2023-02-13,27.71,27.79,26.74,27.28,25.8003,2123200
2023-02-14,26.09,27.93,25.64,27.6,26.103,2482200
2023-02-15,26.89,27.71,26.61,27.62,26.1219,1421900
2023-02-16,27.09,27.48,26.88,26.94,25.4788,1246000
2023-02-17,26.88,27.04,26.16,26.51,25.0721,1603700
2023-02-21,25.9,26.1,24.64,24.85,23.5021,1325100
2023-02-22,25.0,25.57,25.0,25.46,24.0791,1417300
2023-02-23,26.05,26.05,25.17,25.53,24.1453,1110200
2023-02-24,25.03,25.51,24.97,25.27,23.8994,940000
2023-02-27,25.47,25.93,25.47,25.71,24.3879,982300
2023-02-28,25.58,26.07,25.57,25.76,24.4353,1410200
2023-03-01,25.73,26.53,25.73,26.17,24.8242,1025300
2023-03-02,25.52,26.2,25.36,26.12,24.7768,1182900
2023-03-03,26.02,26.62,26.02,26.6,25.2321,1267600
2023-03-06,26.79,26.8,26.14,26.37,25.0139,1273800
2023-03-07,26.36,26.57,25.96,26.25,24.9001,1001600
2023-03-08,26.44,27.1,26.29,26.58,25.2131,988500
2023-03-09,26.44,26.69,25.93,25.98,24.644,753100
2023-03-10,26.29,26.31,25.24,25.36,24.0559,806600
2023-03-13,25.0,25.49,24.61,25.0,23.7144,1160100
2023-03-14,25.54,25.78,24.81,25.25,23.9515,972700
2023-03-15,24.71,24.71,23.85,24.4,23.1452,1174400
2023-03-16,24.1,25.25,23.89,25.12,23.8282,1037600
2023-03-17,25.24,25.28,24.68,24.74,23.4678,1537200
2023-03-20,25.0,25.23,24.8,25.01,23.7239,903800
2023-03-21,25.5,25.74,24.88,25.31,24.0084,759400
2023-03-22,25.31,26.23,25.13,25.3,23.999,907200
2023-03-23,25.7,26.64,25.47,26.03,24.6914,893200
2023-03-24,25.68,26.02,25.0,25.64,24.3215,2328700
2023-03-27,25.94,26.16,25.66,25.7,24.3784,998300
2023-03-28,25.55,25.55,24.2,24.51,23.2496,915900
2023-03-29,24.99,25.68,24.95,25.48,24.1697,785100
2023-03-30,25.75,26.32,25.64,25.88,24.5491,495500
2023-03-31,25.75,26.1,25.67,26.02,24.6819,678800
2023-04-03,25.82,25.92,25.36,25.83,24.5017,598600
2023-04-04,25.81,25.81,24.53,24.7,23.4298,631400
2023-04-05,24.4,24.45,23.83,24.08,22.8417,845000
2023-04-06,23.98,24.44,23.76,24.11,22.8702,587000
2023-04-10,23.81,24.54,23.77,24.48,23.2211,588200
2023-04-11,24.64,24.76,24.15,24.19,22.946,553600
2023-04-12,24.46,24.47,23.85,24.0,22.7658,457300
2023-04-13,24.04,24.24,23.84,24.13,22.8891,502300
2023-04-14,24.17,24.41,23.79,24.15,22.9081,410900
2023-04-17,23.86,24.24,23.51,24.2,22.9555,599300
2023-04-18,24.45,24.64,23.7,24.01,22.7753,629500
2023-04-19,23.74,23.81,23.37,23.4,22.1967,620900
2023-04-20,23.12,24.0,22.96,23.65,22.4338,648900
2023-04-21,23.59,23.59,23.16,23.43,22.2251,493400
2023-04-24,23.56,23.56,23.01,23.2,22.0069,516700
2023-04-25,22.95,22.95,21.94,22.03,20.8971,927600
2023-04-26,22.11,22.16,21.7,21.88,20.7548,757300
2023-04-27,21.91,22.06,21.43,22.06,20.9256,606300
2023-04-28,21.99,22.4,21.84,22.37,21.2196,747200
2023-05-01,22.42,22.78,22.27,22.37,21.2196,765500
2023-05-02,21.94,22.11,20.97,21.04,19.958,1605500
2023-05-03,21.07,21.58,21.01,21.08,19.996,882800
2023-05-04,20.97,20.97,20.42,20.49,19.4363,804900
2023-05-05,20.77,21.78,20.68,21.59,20.4797,706000
2023-05-08,21.53,21.74,21.24,21.39,20.29,545100
2023-05-09,21.14,21.57,20.87,21.47,20.3659,765500
2023-05-10,21.87,22.0,21.35,21.83,20.7074,753500
2023-05-11,21.67,21.84,21.23,21.39,20.29,498100
2023-05-12,21.48,21.67,21.09,21.19,20.1003,491200
2023-05-15,21.17,21.92,20.91,21.85,20.7264,862700
2023-05-16,21.72,22.13,21.71,21.82,20.6979,663600
2023-05-17,21.93,22.9,21.83,22.78,21.6085,861000
2023-05-18,22.86,23.2,22.68,22.97,21.7888,924600
2023-05-19,23.16,23.16,22.63,22.82,21.6465,717200
2023-05-22,22.79,23.2,22.75,23.19,21.9975,784400
2023-05-23,23.1,23.46,23.03,23.13,21.9405,838000
2023-05-24,22.73,22.81,22.29,22.56,21.3999,699900
2023-05-25,23.16,24.24,23.16,24.09,22.8512,996300
2023-05-26,24.36,25.39,24.15,25.28,23.98,1016500
2023-05-30,26.21,26.37,24.85,25.37,24.0654,1122700
2023-05-31,24.85,25.53,24.49,24.78,23.5057,1816600
2023-06-01,24.93,25.33,24.57,25.11,23.8187,1086800
2023-06-02,25.48,26.19,25.06,26.01,24.6724,1965100
2023-06-05,25.62,25.75,24.94,25.12,23.8971,989200
2023-06-06,24.77,25.83,24.63,25.78,24.525,1212400
2023-06-07,26.02,27.15,26.02,26.57,25.2765,1170800
2023-06-08,26.55,27.06,26.33,26.51,25.2195,1141600
2023-06-09,26.64,26.65,25.76,25.88,24.6201,1168800
2023-06-12,25.85,26.75,25.83,26.63,25.3336,998800
2023-06-13,27.0,27.2,26.74,27.06,25.7427,1048500
2023-06-14,26.85,27.18,26.58,26.88,25.5714,865600
2023-06-15,26.46,26.6,25.86,26.4,25.1148,995000
2023-06-16,26.66,26.66,26.12,26.39,25.1053,1434000
2023-06-20,26.33,26.99,26.32,26.79,25.4858,1968800
2023-06-21,26.57,26.65,25.71,26.04,24.7723,798200
2023-06-22,25.85,26.34,25.76,26.32,25.0387,514200
2023-06-23,25.79,26.07,25.55,25.9,24.6391,1500000
2023-06-26,26.02,27.06,26.02,26.36,25.0768,915200
2023-06-27,26.46,29.63,26.46,29.37,27.9402,3789000
2023-06-28,28.9,29.91,28.39,29.36,27.9307,2226500
2023-06-29,29.36,29.94,28.92,29.67,28.2256,1228300
2023-06-30,30.0,30.25,29.72,29.75,28.3017,1007500
2023-07-03,29.86,30.09,29.34,29.54,28.1019,438000
2023-07-05,29.28,29.31,28.41,28.46,27.0745,1075200
2023-07-06,27.82,28.14,27.17,27.49,26.1517,1150600
2023-07-07,27.56,28.55,27.55,27.95,26.5894,664300
2023-07-10,27.95,28.38,27.86,27.91,26.5513,646800
2023-07-11,27.98,27.99,27.18,27.86,26.5037,583400
2023-07-12,28.45,29.14,28.24,28.76,27.3599,913700
2023-07-13,28.99,29.69,28.99,29.56,28.121,716100
2023-07-14,29.5,29.56,28.86,29.2,27.7785,901600
2023-07-17,29.22,29.93,29.03,29.61,28.1685,649500
2023-07-18,29.44,29.83,29.07,29.8,28.3493,588400
2023-07-19,29.85,29.85,29.2,29.4,27.9688,666500
2023-07-20,29.0,29.11,27.81,28.11,26.7416,1051000
2023-07-21,28.38,28.59,27.97,27.99,26.6274,814200
2023-07-24,27.99,28.37,27.64,27.84,26.4847,605200
2023-07-25,27.95,28.74,27.89,28.38,26.9984,501000
2023-07-26,28.11,28.58,27.98,28.33,26.9509,575000
2023-07-27,29.19,29.76,28.78,29.06,27.6453,939300
2023-07-28,29.63,29.85,29.34,29.62,28.1781,729100
2023-07-31,29.69,29.84,28.98,29.09,27.6739,1431600
2023-08-01,28.52,29.93,27.3,29.64,28.1971,2095600
2023-08-02,29.18,29.32,28.68,28.72,27.3219,1088000
2023-08-03,28.29,28.55,27.92,28.25,26.8748,788400
2023-08-04,28.16,28.71,27.82,28.2,26.8272,552200
2023-08-07,28.42,28.77,27.84,28.66,27.2648,921600
2023-08-08,28.12,28.12,27.06,27.62,26.2754,677500
2023-08-09,27.53,27.53,27.07,27.1,25.7807,595400
2023-08-10,27.28,27.57,26.5,26.72,25.4192,656600
2023-08-11,26.36,26.59,26.14,26.27,24.9911,623300
2023-08-14,26.05,26.63,25.86,26.32,25.0387,650700
2023-08-15,26.06,26.15,25.66,25.74,24.4869,620300
2023-08-16,25.69,25.98,25.36,25.38,24.1445,422600
2023-08-17,25.47,25.5,24.75,24.89,23.6783,633100
2023-08-18,24.69,25.39,24.54,25.15,23.9257,495300
2023-08-21,25.23,25.65,25.16,25.61,24.3633,436400
2023-08-22,25.98,26.07,25.43,25.65,24.4013,568100
2023-08-23,25.63,26.62,25.5,26.57,25.2765,494900
2023-08-24,26.98,27.11,26.46,26.46,25.1719,1063100
2023-08-25,26.54,26.56,25.62,26.39,25.1053,724400
2023-08-28,26.6,27.39,26.6,27.06,25.7427,682700
2023-08-29,26.87,28.12,26.75,27.75,26.3991,606800
2023-08-30,27.65,28.07,27.47,27.91,26.5513,629500
2023-08-31,27.83,28.32,27.83,27.96,26.5989,817300
2023-09-01,28.15,28.31,27.82,28.16,26.8612,521700
2023-09-05,28.02,28.55,27.67,28.25,26.947,697400
2023-09-06,28.19,28.56,27.16,27.26,26.0027,728700
2023-09-07,23.24,23.37,22.47,22.81,21.7579,8501300
2023-09-08,23.11,23.11,22.64,22.8,21.7484,3028800
2023-09-11,23.06,23.11,21.83,21.89,20.8804,3835100
2023-09-12,21.85,22.57,21.73,22.3,21.2715,1606000
2023-09-13,22.55,22.89,22.29,22.71,21.6625,1946800
2023-09-14,22.97,23.11,22.52,22.97,21.9106,1337600
2023-09-15,22.77,22.85,22.13,22.25,21.2238,2351700
2023-09-18,22.21,23.06,22.06,22.84,21.7866,1457300
2023-09-19,22.8,22.93,22.51,22.69,21.6435,1287100
2023-09-20,22.76,23.02,22.43,22.43,21.3955,1053500
2023-09-21,22.13,22.6,22.08,22.24,21.2142,1074600
2023-09-22,22.42,22.64,22.31,22.39,21.3573,767200
2023-09-25,22.27,22.54,22.17,22.39,21.3573,710100
2023-09-26,22.1,22.28,22.01,22.19,21.1665,901300
2023-09-27,22.4,22.76,22.33,22.63,21.5862,995500
2023-09-28,22.58,23.14,22.5,22.77,21.7198,767900
2023-09-29,23.06,23.1,22.5,22.6,21.5576,716200
2023-10-02,22.55,22.87,22.37,22.58,21.5385,718800
2023-10-03,22.4,22.62,22.07,22.17,21.1475,803600
2023-10-04,22.34,22.53,22.01,22.4,21.3668,740300
2023-10-05,22.35,22.5,22.05,22.41,21.3764,742500
2023-10-06,22.3,22.93,22.27,22.67,21.6244,1533400
2023-10-09,22.15,22.69,22.04,22.68,21.6339,1024700
2023-10-10,22.71,23.48,22.6,23.2,22.13,1536000
2023-10-11,23.27,23.43,22.94,23.31,22.2349,1078700
2023-10-12,23.36,24.02,23.19,23.43,22.3493,1101100
2023-10-13,23.39,23.43,22.72,22.78,21.7293,656100
2023-10-16,22.92,23.36,22.63,23.28,22.2063,645200
2023-10-17,22.84,23.44,22.61,23.02,21.9583,1038100
2023-10-18,22.61,23.16,22.45,23.0,21.9392,743900
2023-10-19,23.25,23.4,22.5,22.56,21.5195,909500
2023-10-20,22.59,22.65,22.05,22.12,21.0998,778200
2023-10-23,22.06,22.21,21.65,21.72,20.7182,882500
2023-10-24,21.92,22.1,21.73,21.96,20.9471,816600
2023-10-25,21.68,21.77,20.87,21.2,20.2222,920200
2023-10-26,21.27,21.71,21.13,21.23,20.2508,1078800
2023-10-27,21.28,21.33,20.59,20.77,19.812,1038400
2023-10-30,20.82,20.89,20.25,20.44,19.4972,1595000
2023-10-31,18.5,21.29,17.58,20.86,19.8979,3425600
2023-11-01,20.82,22.01,20.82,22.0,20.9853,1853000
2023-11-02,22.62,22.75,21.92,22.6,21.5576,1291600
2023-11-03,22.92,24.07,22.87,23.83,22.7309,1269200
2023-11-06,23.95,23.95,23.32,23.54,22.4543,765100
2023-11-07,23.44,23.54,23.02,23.39,22.3112,558100
2023-11-08,23.47,23.68,23.19,23.37,22.2921,536600
2023-11-09,23.37,23.57,22.9,22.93,21.8724,770600
2023-11-10,23.22,24.01,23.09,23.92,22.8167,620300
2023-11-13,23.72,23.84,23.44,23.75,22.6546,497000
2023-11-14,24.39,25.22,24.39,25.17,24.0091,964300
2023-11-15,25.29,25.93,25.02,25.68,24.4956,1133900
2023-11-16,25.77,26.15,25.63,26.0,24.8008,1407600
2023-11-17,26.03,26.58,26.0,26.49,25.2682,1118700
2023-11-20,26.4,27.14,26.4,27.08,25.831,865400
2023-11-21,27.1,27.21,26.8,27.1,25.8501,962600
2023-11-22,27.26,27.88,27.26,27.73,26.451,814700
2023-11-24,27.64,28.08,27.58,27.68,26.4033,568700
2023-11-27,27.64,28.09,27.39,27.9,26.6132,768700
2023-11-28,27.8,28.08,27.55,27.75,26.4701,1076100
2023-11-29,28.22,28.61,28.21,28.36,27.052,853200
2023-11-30,28.54,28.71,27.98,28.17,26.8707,1202000
2023-12-01,28.08,28.52,27.86,28.46,27.1473,774000
2023-12-04,28.3,28.51,27.88,28.42,27.1847,738000
2023-12-05,28.27,28.39,27.97,28.15,26.9264,656200
2023-12-06,28.49,28.99,28.04,28.05,26.8307,713900
2023-12-07,28.2,28.5,28.07,28.49,27.2516,837100
2023-12-08,28.44,28.98,28.38,28.76,27.5099,847200
2023-12-11,28.93,29.99,28.82,29.83,28.5334,967200
2023-12-12,29.86,30.99,29.79,30.78,29.4421,1419200
2023-12-13,30.83,31.72,30.54,31.71,30.3316,1249900
2023-12-14,31.99,33.47,31.91,33.29,31.843,1909000
2023-12-15,33.45,33.67,33.05,33.4,31.9482,4032100
2023-12-18,33.4,33.81,32.98,33.71,32.2447,1262900
2023-12-19,33.77,33.96,33.4,33.79,32.3212,1444400
2023-12-20,33.51,33.92,32.65,32.67,31.2499,877400
2023-12-21,33.52,33.58,32.9,33.32,31.8717,896700
2023-12-22,33.62,34.03,33.3,33.61,32.1491,616400
2023-12-26,33.81,34.44,33.79,34.18,32.6943,612200
2023-12-27,34.31,34.37,33.96,34.05,32.5699,586500
2023-12-28,34.09,34.32,33.75,33.79,32.3212,612100
2023-12-29,33.74,33.93,33.23,33.27,31.8238,679000
2024-01-02,32.75,32.87,31.63,32.0,30.609,872600
2024-01-03,31.43,31.43,30.58,30.75,29.4134,965000
2024-01-04,30.47,30.73,30.07,30.26,28.9447,966000
2024-01-05,30.21,30.52,30.04,30.28,28.9638,820200
2024-01-08,30.5,31.28,30.34,30.99,29.6429,1082600
2024-01-09,30.41,31.0,30.28,30.74,29.4038,796600
2024-01-10,30.7,30.76,29.81,30.4,29.0786,664400
2024-01-11,30.25,30.44,29.65,30.36,29.0403,805500
2024-01-12,30.59,30.69,29.83,30.12,28.8108,687900
2024-01-16,29.94,30.61,29.7,30.6,29.2699,1026500
2024-01-17,30.16,30.71,29.88,30.61,29.2795,935200
2024-01-18,31.48,32.06,31.41,31.94,30.5516,770900
2024-01-19,32.32,32.69,31.67,32.63,31.2117,752400
2024-01-22,33.05,33.47,32.96,33.19,31.7473,737900
2024-01-23,33.4,33.79,33.1,33.37,31.9195,744500
2024-01-24,33.73,34.01,33.07,33.24,31.7951,708800
2024-01-25,34.04,34.37,33.42,33.82,32.3499,853200
2024-01-26,33.3,33.38,32.55,32.62,31.2021,590400
2024-01-29,32.67,33.12,32.58,33.06,31.623,557600
2024-01-30,32.92,33.3,32.88,33.22,31.776,744300
2024-01-31,32.73,32.73,31.5,31.66,30.2838,927700
2024-02-01,31.81,32.05,31.31,31.95,30.5612,802600
2024-02-02,31.53,32.25,31.51,31.96,30.5708,918400
2024-02-05,32.07,32.58,31.79,32.31,30.9056,1748500
2024-02-06,31.4,31.4,28.84,30.69,29.356,2472000
2024-02-07,30.96,30.96,29.5,29.58,28.2942,1351300
2024-02-08,29.81,30.8,29.67,30.17,28.8586,1509200
2024-02-09,30.42,31.36,30.08,31.2,29.8438,990300
2024-02-12,31.36,31.84,31.08,31.46,30.0925,858500
2024-02-13,30.04,30.49,29.46,29.91,28.6099,1337600
2024-02-14,30.52,30.77,30.09,30.56,29.2316,634500
2024-02-15,30.83,30.87,30.27,30.54,29.2125,716500
2024-02-16,30.58,30.67,29.85,30.01,28.7055,718500
2024-02-20,29.81,29.92,29.35,29.75,28.4568,1035500
2024-02-21,29.41,30.14,29.28,30.12,28.8108,646700
2024-02-22,31.03,31.03,30.38,30.85,29.509,932400
2024-02-23,30.93,30.93,30.47,30.59,29.2603,507400
2024-02-26,30.95,31.04,30.5,30.72,29.3847,569700
2024-02-27,30.87,30.9,30.4,30.51,29.1838,507500
2024-02-28,30.01,30.48,29.82,30.35,29.0308,609000
2024-02-29,30.69,31.13,30.5,31.02,29.6716,804500
2024-03-01,31.34,33.48,31.23,33.07,31.6325,1036200
2024-03-04,33.56,34.01,33.26,33.55,32.0917,935800
2024-03-05,33.15,33.56,32.33,32.79,31.3647,770100
2024-03-06,33.44,35.47,33.34,35.16,33.6317,1260400
2024-03-07,35.63,37.0,35.5,36.09,34.5213,1072400
2024-03-08,36.44,36.77,34.74,34.9,33.383,1008500
2024-03-11,33.94,34.23,33.08,33.55,32.1645,999700
2024-03-12,33.71,34.22,33.22,34.03,32.6246,766300
2024-03-13,33.7,33.99,32.73,33.08,31.7139,775300
2024-03-14,32.62,32.93,31.18,31.46,30.1608,1667500
2024-03-15,31.11,31.64,30.89,31.25,29.9595,2475300
2024-03-18,31.62,31.93,31.01,31.04,29.7581,1045100
2024-03-19,30.81,31.3,30.53,31.03,29.7485,743900
2024-03-20,30.93,31.69,30.63,31.61,30.3046,680700
2024-03-21,32.37,32.57,31.6,31.67,30.3621,1121400
2024-03-22,31.7,31.98,31.52,31.65,30.3429,694900
2024-03-25,31.33,31.89,31.15,31.87,30.5539,659500
2024-03-26,32.15,32.33,31.52,31.56,30.2566,784700
2024-03-27,31.93,32.74,31.66,32.73,31.3783,618000
2024-03-28,32.73,32.81,31.98,32.24,30.9086,682800
2024-04-01,32.16,32.94,31.8,31.81,30.4963,564500
2024-04-02,31.14,31.29,30.75,30.98,29.7006,669000
2024-04-03,30.38,31.66,30.38,31.33,30.0362,702700
2024-04-04,31.96,32.03,30.56,30.68,29.413,518500
2024-04-05,30.87,30.98,30.53,30.82,29.5472,670000
2024-04-08,31.29,31.78,31.15,31.34,30.0457,478700
2024-04-09,32.3,34.1,32.16,33.75,32.3562,2572700
2024-04-10,32.93,33.17,32.09,32.41,31.0715,1261300
2024-04-11,32.6,33.93,32.27,33.55,32.1645,1058700
2024-04-12,32.85,33.36,32.28,32.37,31.0332,800100
2024-04-15,32.87,32.87,31.17,31.3,30.0074,750800
2024-04-16,31.08,31.61,30.76,31.21,29.9211,733800
2024-04-17,31.25,31.26,29.81,30.1,28.8569,892700
2024-04-18,29.78,29.95,28.89,28.97,27.7736,1035300
2024-04-19,28.88,29.64,28.15,28.5,27.323,1225400
2024-04-22,28.65,29.24,28.43,28.96,27.764,737600
2024-04-23,29.04,29.79,28.8,29.46,28.2434,748000
2024-04-24,30.03,30.45,29.55,29.86,28.6269,804300
2024-04-25,29.8,30.46,29.62,30.09,28.8474,969400
2024-04-26,30.13,30.9,30.1,30.62,29.3555,739900
2024-04-29,30.7,31.65,30.7,31.47,30.1704,1465000
2024-04-30,35.03,35.95,32.29,32.35,31.014,2916400
2024-05-01,32.03,32.08,30.04,30.33,29.0774,2153800
2024-05-02,30.9,31.8,30.51,31.66,30.3525,1357800
2024-05-03,32.63,33.46,32.13,32.34,31.0044,1060700
2024-05-06,32.58,32.97,32.08,32.37,31.0332,1035700
2024-05-07,32.62,33.49,32.51,32.78,31.4263,961200
2024-05-08,32.49,32.66,32.13,32.54,31.1962,689200
2024-05-09,32.54,32.76,32.17,32.63,31.2825,551600
2024-05-10,32.84,33.1,32.33,32.63,31.2825,420200
2024-05-13,32.85,33.25,32.5,32.69,31.34,633900
2024-05-14,32.96,33.35,32.72,33.3,31.9248,582200
2024-05-15,33.73,33.86,33.0,33.78,32.385,652300
2024-05-16,33.53,33.72,32.93,32.95,31.5893,612600
2024-05-17,33.18,33.31,32.3,32.68,31.3304,532400
2024-05-20,32.76,33.87,32.76,33.13,31.7618,841800
2024-05-21,32.58,33.05,32.5,32.8,31.4454,832300
2024-05-22,32.99,33.26,32.42,33.22,31.8481,883600
2024-05-23,33.97,34.1,32.35,32.59,31.2441,825900
2024-05-24,32.87,33.26,32.62,33.1,31.7331,629000
2024-05-28,33.39,33.89,32.83,33.46,32.0782,657200
2024-05-29,32.88,33.11,32.52,32.53,31.1866,588900
2024-05-30,32.63,33.19,32.43,32.64,31.2921,844300
2024-05-31,32.73,33.06,31.6,32.59,31.2441,1120600
2024-06-03,32.95,33.0,31.67,32.32,30.9853,810800
2024-06-04,32.04,32.05,31.34,31.56,30.3308,903100
2024-06-05,32.19,33.36,32.02,33.21,31.9165,979300
2024-06-06,33.13,33.29,32.53,32.97,31.6859,676800
2024-06-07,32.67,33.12,32.38,32.96,31.6763,740800
2024-06-10,32.4,34.68,32.38,34.16,32.8295,1160900
2024-06-11,34.05,34.37,33.46,34.06,32.7334,851700
2024-06-12,35.08,36.34,35.08,35.62,34.2327,1160700
2024-06-13,35.29,35.54,34.62,35.08,33.7137,841100
2024-06-14,34.37,34.91,33.9,34.86,33.5023,929200
2024-06-17,34.92,36.83,34.59,36.67,35.2418,1729600
2024-06-18,36.68,40.58,36.67,40.09,38.5286,3614700
2024-06-20,40.21,40.53,39.11,39.38,37.8462,2498900
2024-06-21,38.8,39.17,37.58,38.36,36.8659,2972600
2024-06-24,38.0,38.94,37.18,37.23,35.78,1930800
2024-06-25,37.5,39.19,36.87,39.17,37.6444,1923500
2024-06-26,38.96,40.12,38.65,39.09,37.5675,2080000
2024-06-27,39.29,39.52,38.75,38.86,37.3465,1508800
2024-06-28,39.33,40.93,39.11,40.02,38.4613,16915200
2024-07-01,40.4,41.86,39.59,40.24,38.6727,1915000
2024-07-02,40.06,41.26,40.06,40.22,38.6535,1256900
2024-07-03,40.22,40.43,39.71,40.3,38.7304,1120100
2024-07-05,40.32,40.49,39.45,40.06,38.4997,1312300
2024-07-08,40.53,41.15,40.34,40.75,39.1629,1165300
2024-07-09,40.81,42.13,40.81,41.94,40.3065,1796800
2024-07-10,42.24,43.61,42.05,43.42,41.7289,1655300
2024-07-11,44.0,44.09,41.91,41.94,40.3065,1647400
2024-07-12,42.22,43.0,41.57,42.12,40.4795,1135800
2024-07-15,42.85,43.66,42.16,42.93,41.2579,1622500
2024-07-16,43.19,44.86,42.62,44.68,42.9398,1575600
2024-07-17,41.43,42.5,41.02,41.22,39.6146,2135100
2024-07-18,41.75,42.12,40.53,41.41,39.7971,1457900
2024-07-19,41.31,41.39,39.69,39.77,38.221,1323000
2024-07-22,40.65,41.32,40.22,41.19,39.5857,958100
2024-07-23,40.75,41.53,40.58,41.09,39.4896,917500
2024-07-24,40.37,40.39,38.9,38.96,37.4426,1037600
2024-07-25,38.45,39.65,37.25,38.18,36.693,1930400
2024-07-26,39.05,39.15,37.67,38.15,36.6641,1128800
2024-07-29,38.56,39.48,37.35,37.6,36.1355,2859800
2024-07-30,34.97,35.85,29.4,30.51,29.3217,6442300
2024-07-31,31.82,32.71,31.43,32.66,31.3879,2801300
2024-08-01,31.79,32.52,29.42,30.01,28.8412,2507300
2024-08-02,28.8,29.26,28.02,28.63,27.5149,2620300
2024-08-05,26.9,29.02,26.6,28.09,26.9959,1910200
2024-08-06,28.21,29.25,27.78,28.59,27.4765,1820800
2024-08-07,29.61,29.82,28.17,28.53,27.4188,2032200
2024-08-08,29.46,30.56,28.81,30.39,29.2064,1423400
2024-08-09,30.44,31.87,30.42,31.75,30.5134,2840300
2024-08-12,31.62,31.8,31.08,31.44,30.2155,1799700
2024-08-13,31.99,32.24,31.44,32.16,30.9074,1324100
2024-08-14,32.64,32.64,31.37,31.83,30.5903,1312800
2024-08-15,32.5,33.08,32.16,32.87,31.5898,1167000
2024-08-16,32.11,32.85,31.96,32.56,31.2918,910300
2024-08-19,32.98,33.13,31.85,33.07,31.782,852900
2024-08-20,33.04,33.1,31.88,32.4,31.1381,1077000
2024-08-21,32.76,33.5,32.49,33.19,31.8973,1014200
2024-08-22,33.5,33.85,32.09,32.16,30.9074,1184600
2024-08-23,32.7,33.63,32.42,33.37,32.0703,1009000
2024-08-26,33.32,33.55,32.83,32.96,31.6763,957700
2024-08-27,32.7,33.15,32.2,33.04,31.7531,721200
2024-08-28,32.84,33.13,31.97,32.63,31.3591,983000
2024-08-29,32.59,33.69,32.53,32.73,31.4552,1043300
2024-08-30,33.51,33.51,32.45,32.9,31.6186,2291900
2024-09-03,32.23,32.23,29.48,29.6,28.5156,1900400
2024-09-04,29.37,30.49,29.1,29.69,28.6023,1765600
2024-09-05,29.33,30.18,28.98,29.57,28.4867,1084600
2024-09-06,29.32,29.4,28.4,28.51,27.4655,1276300
2024-09-09,28.89,29.27,28.67,28.68,27.6293,1218700
2024-09-10,28.79,28.87,28.17,28.84,27.7834,928900
2024-09-11,28.97,30.19,28.64,30.12,29.0166,953200
2024-09-12,30.03,30.17,29.56,29.82,28.7275,997500
2024-09-13,30.25,30.82,30.17,30.66,29.5368,958200
2024-09-16,30.0,30.42,29.59,30.33,29.2189,1211900
2024-09-17,30.86,30.91,30.32,30.69,29.5657,1187600
2024-09-18,30.92,31.46,30.2,30.24,29.1322,1247900
2024-09-19,31.15,32.11,31.12,31.65,30.4905,1690100
2024-09-20,31.96,32.2,30.93,30.96,29.8258,8056200
2024-09-23,31.02,31.29,30.58,31.02,29.8836,2103800
2024-09-24,31.41,31.66,30.24,30.4,29.2863,1688300
2024-09-25,30.28,31.07,30.28,30.74,29.6138,1485500
2024-09-26,32.07,32.26,30.91,31.91,30.741,1452400
2024-09-27,32.14,32.47,30.81,30.89,29.7583,1350200
2024-09-30,30.56,31.01,30.25,30.6,29.479,1142500
2024-10-01,30.52,30.6,29.05,29.12,28.0532,1246500
2024-10-02,29.41,30.15,29.24,29.71,28.6216,843400
2024-10-03,29.37,29.8,29.02,29.09,28.0243,1383200
2024-10-04,30.69,31.08,30.05,30.5,29.3826,2238100
2024-10-07,30.16,30.55,29.78,30.08,28.978,1125400
2024-10-08,29.99,30.31,29.7,30.16,29.0551,1125600
2024-10-09,30.13,30.71,29.8,30.51,29.3923,858100
2024-10-10,30.01,30.27,29.66,30.22,29.1129,1450300
2024-10-11,30.15,31.07,30.15,30.92,29.7872,752200
2024-10-14,31.25,31.67,31.12,31.61,30.452,723800
2024-10-15,31.45,31.72,29.96,29.98,28.8817,1407500
2024-10-16,30.72,30.78,30.02,30.48,29.3634,1080800
2024-10-17,31.46,31.57,30.89,30.95,29.8161,1351200
2024-10-18,31.2,31.21,30.36,30.53,29.4115,970700
2024-10-21,30.43,30.99,30.2,30.3,29.19,1162400
2024-10-22,30.23,30.35,29.76,29.97,28.872,865300
2024-10-23,29.8,30.15,29.07,29.48,28.4,1108500
2024-10-24,29.75,29.93,29.15,29.37,28.294,848500
2024-10-25,29.85,30.21,29.71,29.88,28.7853,1065100
2024-10-28,30.0,30.23,29.25,29.53,28.4482,2422700
2024-10-29,24.99,28.17,24.1,27.98,26.955,5920500
2024-10-30,27.06,27.73,26.47,26.73,25.7507,2501800
2024-10-31,26.68,26.68,25.44,25.45,24.5176,2377700
2024-11-01,25.69,26.55,25.69,26.0,25.0475,1653500
2024-11-04,25.92,26.92,25.92,26.02,25.0668,1608900
2024-11-05,25.92,26.34,25.8,26.33,25.3654,1219900
2024-11-06,27.12,27.6,26.81,27.37,26.3673,1514000
2024-11-07,27.91,28.43,27.61,27.75,26.7334,1416800
2024-11-08,27.51,27.59,27.12,27.36,26.3577,1028100
2024-11-11,27.12,27.18,26.59,27.1,26.1072,887500
2024-11-12,27.03,27.09,26.3,26.48,25.5099,966100
2024-11-13,26.34,26.61,25.7,25.98,25.0282,1172200
2024-11-14,26.31,26.59,25.81,26.02,25.0668,1020800
2024-11-15,25.51,25.78,25.02,25.19,24.2672,1033600
2024-11-18,25.01,25.49,25.01,25.39,24.4598,1131900
2024-11-19,25.23,25.45,25.09,25.37,24.4406,900600
2024-11-20,25.26,25.41,25.02,25.36,24.4309,853000
2024-11-21,25.57,26.47,25.45,26.35,25.3847,891400
2024-11-22,26.25,26.64,26.25,26.54,25.5677,801600
2024-11-25,26.89,27.35,26.78,26.89,25.9049,1247800
2024-11-26,27.06,27.1,26.15,26.28,25.3172,950500
2024-11-27,26.29,26.43,25.53,26.02,25.0668,802400
2024-11-29,26.3,26.77,26.26,26.44,25.4714,511300
2024-12-02,26.51,27.38,26.4,27.28,26.2806,961500
2024-12-03,27.13,27.13,26.59,26.98,25.9916,1988200
2024-12-04,27.15,27.3,26.36,26.54,26.0387,1568100
2024-12-05,26.63,26.75,25.83,26.01,25.5187,1210000
2024-12-06,26.14,26.42,26.02,26.28,25.7836,810300
2024-12-09,26.28,27.28,26.26,26.79,26.284,1518800
2024-12-10,26.82,26.82,26.02,26.06,25.5677,1241700
2024-12-11,26.29,26.84,26.18,26.69,26.1858,1594600
2024-12-12,26.37,26.58,26.07,26.38,25.8817,1055900
2024-12-13,26.69,26.94,26.29,26.54,26.0387,1451900
2024-12-16,26.55,27.29,26.47,26.98,26.4704,1334500
2024-12-17,26.93,27.22,26.41,26.62,26.1172,1302600
2024-12-18,26.93,27.47,25.28,25.55,25.0674,1550800
2024-12-19,25.62,25.94,25.08,25.13,24.6553,1543400
2024-12-20,25.06,25.84,24.8,25.27,24.7927,4242200
2024-12-23,25.67,26.37,25.46,26.27,25.7738,924800
2024-12-24,26.29,26.59,26.06,26.47,25.97,370700
2024-12-26,26.2,26.66,26.02,26.4,25.9013,593200
2024-12-27,26.23,26.32,25.89,26.06,25.5677,615800
2024-12-30,25.6,26.03,25.36,25.79,25.3028,707400
2024-12-31,25.87,26.04,25.51,25.69,25.2047,931700
2025-01-02,26.14,26.68,25.87,26.01,25.5187,1291900
2025-01-03,26.26,26.71,25.97,26.53,26.0289,857300
2025-01-06,26.84,27.5,26.63,26.73,26.2251,1605000
2025-01-07,27.11,27.33,26.42,26.56,26.0583,860500
2025-01-08,26.29,26.31,25.7,26.02,25.5285,774500
2025-01-10,25.71,25.78,25.27,25.58,25.0968,860600
2025-01-13,25.19,25.48,24.95,25.42,24.9398,982100
2025-01-14,25.69,25.91,25.0,25.31,24.8319,887900
2025-01-15,25.95,26.05,25.27,25.28,24.8025,1732300
2025-01-16,25.82,26.42,25.44,25.46,24.9791,1354000
2025-01-17,26.09,26.28,25.46,25.91,25.4206,1580000
2025-01-21,26.17,27.7,26.15,26.72,26.2153,2620100
2025-01-22,26.87,27.31,26.47,26.53,26.0289,1165300
2025-01-23,26.04,26.38,25.89,25.9,25.4108,1168900
2025-01-24,26.01,26.06,25.52,25.69,25.2047,1383000
2025-01-27,24.71,24.88,23.4,23.72,23.2719,2650200
2025-01-28,23.75,24.12,23.36,24.07,23.6153,1636900
2025-01-29,24.4,24.56,23.87,24.52,24.0568,1336800
2025-01-30,24.85,25.14,24.56,24.87,24.4002,1330600
2025-01-31,25.06,25.38,24.47,24.61,24.1451,1419200
2025-02-03,24.0,24.31,23.33,23.98,23.527,1234300
2025-02-04,24.02,24.39,23.87,24.26,23.8017,998900
2025-02-05,24.29,24.97,24.08,24.9,24.4297,1132500
2025-02-06,24.77,24.98,24.47,24.6,24.1353,1097600
2025-02-07,24.72,24.95,24.17,24.33,23.8704,1377600
2025-02-10,24.52,24.96,24.19,24.36,23.8999,2725700
2025-02-11,22.27,23.17,21.59,21.6,21.192,5336000
2025-02-12,21.5,22.18,21.46,21.85,21.4373,3511400
2025-02-13,21.91,22.24,21.8,22.19,21.7708,1929400
2025-02-14,22.19,22.57,21.84,22.51,22.0848,2011400
2025-02-18,22.72,23.15,22.34,22.89,22.4576,1963000
2025-02-19,22.8,23.18,22.7,22.72,22.2908,1413500
2025-02-20,22.85,23.3,22.85,23.01,22.5754,1509700
2025-02-21,23.15,23.15,22.1,22.24,21.8199,1165800
2025-02-24,22.37,22.52,21.95,21.95,21.5354,1665800
2025-02-25,21.95,22.2,21.57,21.72,21.3097,1881400
2025-02-26,22.18,22.47,21.92,22.14,21.7218,1857500
2025-02-27,22.86,22.86,20.95,20.98,20.5837,1764900
2025-02-28,20.88,21.34,20.56,21.1,20.7014,2395600
2025-03-03,21.31,21.45,20.11,20.27,19.8871,2729300
2025-03-04,20.3,20.97,19.93,20.4,20.0147,3460200
2025-03-05,20.69,20.77,20.04,20.72,20.3286,2299000
2025-03-06,20.11,20.47,19.74,19.95,19.5732,2679600
2025-03-07,20.16,20.81,19.65,20.74,20.3482,2833700
2025-03-10,20.27,20.52,19.76,19.82,19.4456,1897100
2025-03-11,19.72,19.8,19.01,19.23,18.8668,2408800
2025-03-12,19.57,19.63,19.19,19.42,19.0532,1911300
2025-03-13,19.29,19.63,18.87,18.99,18.7113,1878900
2025-03-14,19.11,19.64,19.11,19.61,19.3222,1856600
2025-03-17,19.29,19.8,19.13,19.59,19.3025,2441200
2025-03-18,19.42,19.64,19.18,19.55,19.263,1353000
2025-03-19,19.62,19.94,19.3,19.57,19.2828,1727500
2025-03-20,19.37,19.69,19.25,19.42,19.135,1606500
2025-03-21,19.08,19.52,18.93,19.42,19.135,14880300
2025-03-24,19.86,20.16,19.71,19.88,19.5882,2564000
2025-03-25,19.8,20.04,19.58,19.69,19.401,1719000
2025-03-26,19.58,19.89,19.22,19.36,19.0758,1727000
2025-03-27,19.22,19.33,18.2,18.32,18.0511,3872300
2025-03-28,18.3,18.54,18.22,18.3,18.0314,2932500
2025-03-31,18.0,18.16,17.61,18.06,17.7949,2144800
2025-04-01,17.99,18.37,17.74,18.11,17.8442,3336300
2025-04-02,17.88,18.67,17.82,18.63,18.3565,4663900
2025-04-03,17.7,17.95,15.84,15.85,15.6174,5379300
2025-04-04,15.39,15.44,14.07,14.88,14.6616,3751500
2025-04-07,14.46,16.36,14.03,15.37,15.1444,3652700
2025-04-08,15.91,16.17,14.59,14.92,14.701,4693500
2025-04-09,15.08,17.98,14.86,17.98,17.7161,4083800
2025-04-10,17.0,17.15,15.54,15.99,15.7553,2689900
2025-04-11,16.01,16.59,15.61,16.54,16.2972,2409800
2025-04-14,17.26,17.49,16.57,16.98,16.7308,2529200
2025-04-15,17.18,17.31,16.91,17.08,16.8293,1529100
2025-04-16,16.32,16.6,15.64,16.15,15.913,2037300
2025-04-17,16.04,16.22,15.87,15.97,15.7356,1690200
2025-04-21,15.24,15.92,15.24,15.89,15.6568,2671400
2025-04-22,16.08,16.25,15.72,15.96,15.7257,1789800
2025-04-23,16.92,17.18,16.25,16.4,16.1593,2524400
2025-04-24,16.88,17.39,16.58,17.39,17.1347,2304500
2025-04-25,17.05,17.66,17.05,17.55,17.2924,2113800
2025-04-28,17.41,17.8,17.34,17.48,17.2234,2937200
2025-04-29,17.66,17.66,16.68,17.02,16.7702,3911700
2025-04-30,16.75,17.49,16.54,17.45,17.1939,2876000
2025-05-01,17.7,17.85,17.37,17.48,17.2234,2797200
2025-05-02,17.83,18.37,17.76,18.14,17.8737,1866900
2025-05-05,17.9,18.16,17.76,17.77,17.5092,1648900
2025-05-06,17.42,17.66,17.25,17.48,17.2234,1572400
2025-05-07,17.49,17.76,17.18,17.62,17.3614,1592800
2025-05-08,17.82,18.24,17.59,18.0,17.7358,1481600
2025-05-09,18.07,18.21,17.89,18.16,17.8934,1728700
2025-05-12,19.05,19.89,19.02,19.63,19.3419,2676700
2025-05-13,19.64,20.16,19.58,20.05,19.7557,1926300
2025-05-14,20.12,20.28,19.89,20.09,19.7951,1536600
2025-05-15,19.73,20.04,19.64,19.92,19.6276,1848200
2025-05-16,19.85,19.88,19.52,19.73,19.4404,1799100
2025-05-19,19.23,19.44,19.11,19.26,18.9773,1243800
2025-05-20,19.16,19.47,19.03,19.38,19.0955,1061800
2025-05-21,19.09,19.38,18.63,18.75,18.4748,1320000
2025-05-22,18.71,18.86,18.47,18.71,18.4354,1207500
2025-05-23,18.06,18.36,17.97,18.27,18.0018,1474200
2025-05-27,18.71,18.91,18.48,18.9,18.6226,2507700
2025-05-28,18.85,18.94,18.43,18.48,18.2087,1798500
2025-05-29,18.92,18.92,18.41,18.72,18.4452,1675100
2025-05-30,18.51,18.6,17.79,18.02,17.7555,3249200
2025-06-02,18.01,18.15,17.85,18.11,17.8442,1756700
2025-06-03,18.15,18.87,17.81,18.87,18.593,2576000
2025-06-04,19.1,19.25,18.85,19.07,18.7901,1287700
2025-06-05,19.15,19.22,18.65,18.83,18.6347,1269500
2025-06-06,19.13,19.52,19.07,19.26,19.0603,1531800
2025-06-09,19.62,20.11,19.43,19.87,19.6639,2468100
2025-06-10,20.0,20.67,19.95,20.45,20.2379,1764600
2025-06-11,20.62,20.65,20.02,20.32,20.1093,1611600
2025-06-12,20.22,20.52,20.2,20.39,20.1785,1271300
2025-06-13,19.94,20.25,19.82,19.89,19.6837,1570000
2025-06-16,20.07,20.6,20.02,20.45,20.2379,1261900
2025-06-17,20.31,20.75,20.19,20.32,20.1093,1308100
2025-06-18,20.43,20.54,20.13,20.36,20.1489,1934000
2025-06-20,20.58,20.68,19.79,20.16,19.9509,2423200
2025-06-23,20.1,20.56,19.84,20.26,20.0499,1645100
2025-06-24,20.6,21.19,20.5,20.96,20.7426,1851300
2025-06-25,21.13,21.2,20.89,21.01,20.7921,1700500
2025-06-26,21.17,21.23,20.93,21.18,20.9603,1656200
2025-06-27,21.28,21.31,21.01,21.15,20.9307,2357300
2025-06-30,21.26,21.3,20.88,20.99,20.7723,1549800
2025-07-01,20.78,21.91,20.71,21.48,21.2572,1991100
2025-07-02,21.5,22.4,21.43,22.3,22.0687,1822000
2025-07-03,22.38,22.45,22.01,22.23,21.9995,824800
2025-07-07,21.98,22.17,21.42,21.44,21.2176,1545800
2025-07-08,21.66,22.47,21.64,22.1,21.8708,1616500
2025-07-09,22.13,22.38,21.76,22.06,21.8312,1179500
2025-07-10,22.17,22.23,21.78,21.89,21.663,1319400
2025-07-11,21.62,22.0,21.51,21.86,21.6333,1286500
2025-07-14,21.63,21.63,20.96,21.32,21.0989,1405900
2025-07-15,21.85,21.91,21.51,21.56,21.3364,2259800
2025-07-16,21.47,21.47,20.59,21.23,21.0098,2125000
2025-07-17,21.17,21.72,21.05,21.64,21.4156,1430700
2025-07-18,21.78,21.81,21.36,21.51,21.2869,1094000
2025-07-21,21.63,22.04,21.63,21.95,21.7224,1737700
2025-07-22,22.02,22.1,21.35,21.51,21.2869,1627500
2025-07-23,21.76,21.76,21.22,21.52,21.2968,1312400
2025-07-24,21.48,21.5,21.02,21.14,20.9208,1699000
2025-07-25,21.03,21.22,20.91,21.16,20.9406,1233500
2025-07-28,21.51,21.53,20.87,21.23,21.0098,4102000
2025-07-29,24.52,26.31,24.38,25.08,24.8199,9435100
2025-07-30,25.24,25.38,23.18,23.94,23.6917,4966500
2025-07-31,23.79,23.88,22.53,22.56,22.326,3300800
2025-08-01,22.03,22.31,21.57,21.75,21.5244,2120400
2025-08-04,21.99,22.36,21.87,22.35,22.1182,2516400
2025-08-05,22.45,22.62,21.96,22.17,21.9401,1855000
2025-08-06,22.41,22.43,22.02,22.21,21.9797,2636900
2025-08-07,23.34,23.36,22.45,22.87,22.6328,3108000
2025-08-08,22.91,23.17,22.68,23.13,22.8901,2284900
2025-08-11,23.34,23.74,23.11,23.15,22.9099,2370100
2025-08-12,23.28,24.38,23.05,24.36,24.1074,2002400
2025-08-13,24.38,24.97,24.37,24.96,24.7011,1800000
2025-08-14,24.65,24.69,24.13,24.52,24.2657,1655400
2025-08-15,24.26,24.27,23.65,23.76,23.5136,1816000
2025-08-18,23.79,24.15,23.77,24.05,23.8006,1544700
2025-08-19,24.1,24.31,23.62,23.74,23.4938,1557400
2025-08-20,23.64,23.73,22.74,23.0,22.7615,1969100
2025-08-21,22.89,23.23,22.81,23.21,22.9693,1369500
2025-08-22,23.23,24.53,23.22,24.09,23.8402,2201700
2025-08-25,24.03,24.28,23.88,24.15,23.8995,1279300
2025-08-26,24.17,24.53,24.14,24.36,24.1074,1768500
2025-08-27,24.47,24.61,24.27,24.58,24.3251,1557700
2025-08-28,24.59,24.8,24.44,24.66,24.4043,1460100
2025-08-29,24.54,24.61,23.96,24.19,23.9391,1501000
2025-09-02,23.44,23.94,23.37,23.9,23.6521,1412000
2025-09-03,23.89,24.35,23.61,23.8,23.6353,2376900
2025-09-04,23.62,24.34,23.38,24.29,24.1219,1352200
2025-09-05,24.6,24.82,24.18,24.64,24.4694,2369600
2025-09-08,24.64,25.13,24.6,24.83,24.6581,2371900
2025-09-09,24.99,25.38,24.78,24.87,24.6978,3273200
2025-09-10,25.37,25.37,24.6,24.79,24.6184,2847400
2025-09-11,24.9,25.41,24.86,25.38,25.2043,2527500
2025-09-12,25.34,25.6,24.97,25.46,25.2838,1630100
2025-09-15,25.87,26.0,25.52,25.68,25.5022,1539300
2025-09-16,27.92,28.22,26.48,27.04,26.8528,3734600
2025-09-17,26.85,27.19,26.16,26.62,26.4357,2250400
2025-09-18,27.88,29.19,27.55,29.16,28.9582,4287700
2025-09-19,29.31,29.39,28.24,28.31,28.114,5206800
2025-09-22,28.49,29.99,28.42,29.53,29.3256,3021800
2025-09-23,29.67,30.35,29.45,29.58,29.3752,2542700
2025-09-24,29.39,29.71,28.96,29.36,29.1568,1725400
2025-09-25,28.78,29.34,28.32,29.16,28.9582,1729800
2025-09-26,29.19,29.47,28.75,29.03,28.8291,1642600
2025-09-29,29.31,29.45,28.5,28.52,28.3226,2412000
2025-09-30,28.47,28.81,28.03,28.4,28.2034,2088600
2025-10-01,28.24,29.55,28.17,29.47,29.266,2005900
2025-10-02,30.17,30.17,29.34,29.64,29.4348,1395000
2025-10-03,29.76,30.04,29.16,29.38,29.1766,2045400
2025-10-06,30.44,30.67,30.15,30.57,30.3584,2468900
2025-10-07,33.54,33.54,29.33,29.75,29.5441,5731200
2025-10-08,29.76,30.69,29.7,30.61,30.3981,2907600
2025-10-09,30.62,30.95,30.03,30.63,30.418,2209100
2025-10-10,31.09,31.39,28.19,28.26,28.0644,5046100
2025-10-13,30.05,30.52,29.71,30.46,30.2492,2394900
2025-10-14,29.41,30.43,29.39,29.91,29.703,2393200
2025-10-15,30.57,31.34,30.23,31.28,31.0635,2395700
2025-10-16,32.92,32.92,31.09,31.5,31.282,3730000
2025-10-17,31.04,31.49,30.59,31.29,31.0734,1919100
2025-10-20,32.15,32.75,31.95,32.28,32.0566,2009300
2025-10-21,32.13,32.49,31.68,32.15,31.9275,2078000
2025-10-22,31.67,31.92,30.26,30.77,30.557,2310600
2025-10-23,30.5,32.19,30.44,31.98,31.7586,1613100
2025-10-24,32.95,33.33,32.42,32.77,32.5432,3169500
2025-10-27,33.6,33.82,32.97,33.18,32.9503,4820300
2025-10-28,30.61,32.98,29.5,32.16,31.9374,9760000
2025-10-29,32.3,33.75,32.3,32.69,32.4637,4759300
2025-10-30,32.41,32.64,31.74,31.92,31.699,2582500
2025-10-31,32.16,32.75,31.92,32.28,32.0566,2409800
2025-11-03,33.94,38.22,33.81,37.84,37.5781,10475800
2025-11-04,35.66,36.8,35.19,35.25,35.006,5389300
2025-11-05,35.69,37.29,35.38,36.55,36.297,3113100
2025-11-06,36.66,36.71,34.46,35.15,34.9067,3538500
2025-11-07,34.15,34.79,33.14,34.78,34.5393,3550400
2025-11-10,35.9,36.27,34.9,35.21,34.9663,3665500
2025-11-11,34.79,34.81,34.12,34.26,34.0229,1647800
2025-11-12,34.75,35.26,34.29,34.47,34.2314,2074700
2025-11-13,33.72,34.1,31.37,31.95,31.7288,3383700
2025-11-14,30.52,32.49,30.45,31.68,31.4607,3138100
2025-11-17,31.09,32.08,30.6,30.89,30.6762,2270100
2025-11-18,30.36,31.09,29.76,30.69,30.4776,3073500
2025-11-19,31.12,31.98,30.63,31.43,31.2124,2333900
2025-11-20,33.49,33.85,30.14,30.19,29.981,4138200
2025-11-21,30.25,32.42,30.03,32.05,31.8281,3650800
2025-11-24,32.45,33.35,32.35,33.14,32.9106,3213400
2025-11-25,33.0,33.98,32.4,33.8,33.566,2622400
2025-11-26,34.0,35.27,33.94,34.92,34.6783,2461600
2025-11-28,35.32,36.43,35.32,36.39,36.1381,1901600
2025-12-01,35.86,38.02,35.74,37.74,37.4788,3329600
2025-12-02,38.44,40.93,37.92,40.65,40.3686,5122400
2025-12-03,40.76,44.07,40.34,43.93,43.7163,5742900
2025-12-04,43.36,43.91,42.6,43.18,42.9699,4590100
2025-12-05,43.9,43.94,42.9,43.23,43.0197,4110600
2025-12-08,43.56,45.18,43.01,44.71,44.4925,3638000
2025-12-09,44.06,44.73,43.13,44.61,44.3929,3421700
2025-12-10,45.48,46.97,45.2,46.85,46.622,5540500
2025-12-11,46.32,47.28,45.6,47.04,46.8111,2662300
2025-12-12,46.24,46.89,43.81,44.31,44.0944,4626200
2025-12-15,44.87,45.23,43.56,43.91,43.6964,2521100
2025-12-16,43.65,43.65,39.12,40.28,40.084,5390900
2025-12-17,40.98,41.18,38.67,38.87,38.6809,3795800
2025-12-18,40.78,40.95,39.14,39.3,39.1088,3146300
2025-12-19,39.4,40.82,39.38,40.39,40.1935,4884800
2025-12-22,41.8,41.8,40.53,40.79,40.5915,2024400
2025-12-23,40.51,40.99,40.5,40.86,40.6612,1554400
2025-12-24,41.02,41.02,40.47,40.76,40.5617,718400
2025-12-26,40.89,40.94,39.89,40.59,40.3925,1661700
2025-12-29,40.19,40.68,39.86,40.09,39.8949,1670100
2025-12-30,40.29,41.22,40.23,40.4,40.2034,2398700
2025-12-31,40.41,40.55,39.47,39.48,39.2879,1547100
2026-01-02,41.05,43.21,41.05,42.92,42.7112,4218800
2026-01-05,45.91,48.41,45.45,48.13,47.8958,7952900
2026-01-06,49.37,53.07,49.18,51.29,51.0404,8804000
2026-01-07,49.98,53.53,49.88,52.72,52.4635,6625000
2026-01-08,51.89,52.34,49.11,51.0,50.7519,4461900
2026-01-09,51.54,52.4,50.32,52.29,52.0356,2860200
2026-01-12,51.06,52.71,49.88,51.58,51.329,4675500
2026-01-13,51.58,52.32,50.4,51.95,51.6972,2439200
2026-01-14,51.85,51.92,47.67,48.67,48.4332,5650300
2026-01-15,52.23,54.2,49.1,49.2,48.9606,5760600
2026-01-16,49.52,50.17,46.77,48.0,47.7664,3872800
2026-01-20,46.64,49.53,46.48,49.05,48.8113,4458700
2026-01-21,49.69,54.0,49.69,53.46,53.1999,5093500
2026-01-22,55.14,55.17,51.84,52.45,52.1948,4508700
2026-01-23,52.45,52.85,49.0,49.71,49.4681,3108800
2026-01-26,50.01,51.45,49.36,50.39,50.1448,2331000
2026-01-27,51.25,51.49,50.3,50.74,50.4931,2508100
2026-01-28,51.99,52.56,50.51,50.96,50.712,2925400
2026-01-29,51.23,52.38,48.4,50.0,49.7567,3378700
2026-01-30,48.73,50.99,47.79,48.33,48.0948,3383100
2026-02-02,47.25,49.43,47.25,48.2,47.9655,2820800
2026-02-03,49.33,49.99,45.4,46.24,46.015,4746100
2026-02-04,46.13,47.65,42.14,43.87,43.6565,5640000
2026-02-05,43.62,45.29,43.02,44.27,44.0546,4595900
2026-02-06,45.46,49.43,45.46,49.36,49.1198,4223900
2026-02-09,48.63,53.22,47.97,52.52,52.2645,8482800
2026-02-10,54.27,54.75,49.63,53.46,53.1999,8312100
2026-02-11,54.32,57.09,53.49,56.17,55.8967,5648400
2026-02-12,55.79,55.79,49.63,51.59,51.339,6198600
2026-02-13,47.89,49.14,47.08,47.48,47.249,12757900
2026-02-17,46.92,47.09,44.29,46.84,46.6121,6660400
2026-02-18,47.51,49.1,46.14,46.74,46.5126,5824500
2026-02-19,45.3,48.48,45.28,48.34,48.1048,5160200
2026-02-20,47.65,48.95,47.4,47.94,47.7067,3957000
2026-02-23,47.59,47.91,45.91,47.07,46.841,3107600
2026-02-24,48.0,49.01,47.36,48.53,48.2939,4240800
2026-02-25,49.46,51.02,49.25,50.94,50.6921,5294200
2026-02-26,50.64,51.04,47.04,48.52,48.2839,4593800
2026-02-27,46.92,47.96,46.05,47.82,47.5873,4293800
2026-03-02,46.37,48.27,46.37,47.81,47.5774,2611700
2026-03-03,46.06,46.06,43.9,44.59,44.373,4294000
2026-03-04,45.13,45.9,44.34,45.77,45.5473,3989400
2026-03-05,45.16,45.74,43.04,44.56,44.3432,4055100
2026-03-06,43.0,43.85,41.3,41.61,41.4075,3743600
2026-03-09,40.94,43.23,40.22,43.22,43.0097,5627400
2026-03-10,42.9,44.81,42.67,43.94,43.7262,4072000
2026-03-11,43.88,45.3,43.59,43.92,43.7063,2464000
2026-03-12,42.66,43.3,41.14,41.27,41.1479,3957500
2026-03-13,42.07,43.64,42.07,42.99,42.8628,2954400
2026-03-16,44.49,45.39,44.38,44.63,44.498,3198500
2026-03-17,44.82,46.5,44.55,46.34,46.2029,3015400
2026-03-18,46.29,48.19,45.54,46.87,46.7313,3522700
2026-03-19,44.95,48.72,44.4,48.13,47.9876,3388800
2026-03-20,48.25,48.65,44.47,45.81,45.6745,5408800
2026-03-23,46.73,47.75,45.46,46.12,45.9835,4573300
2026-03-24,45.47,50.46,45.3,50.26,50.1113,3519800
2026-03-25,50.6,51.5,49.26,49.93,49.7823,2703200
2026-03-26,48.34,48.44,44.92,45.14,45.0064,3797000
2026-03-27,44.86,46.17,44.22,44.45,44.3185,3324300
2026-03-30,45.35,45.54,40.69,41.25,41.128,2889200
2026-03-31,42.48,45.38,42.0,45.03,44.8968,3439400
2026-04-01,45.88,47.53,45.81,46.49,46.3525,2611800
2026-04-02,43.6,47.44,43.51,46.7,46.5618,1774100
2026-04-06,48.31,48.88,46.81,47.03,46.8909,1823300
2026-04-07,46.61,47.89,45.89,47.62,47.4791,1824400
2026-04-08,51.92,53.29,51.12,52.42,52.2649,3178900
2026-04-09,52.17,55.52,52.04,55.14,54.9769,3760700
2026-04-10,56.2,58.92,55.39,57.96,57.7885,3904900
2026-04-13,57.67,60.5,57.28,60.44,60.2612,3771800
2026-04-14,62.13,62.6,60.7,61.32,61.1386,3358500
2026-04-15,60.46,60.89,58.2,59.72,59.5433,3479900
2026-04-16,59.43,64.8,59.39,62.9,62.7139,5219900
2026-04-17,64.34,69.37,63.06,67.37,67.1707,6153000
2026-04-20,67.7,69.69,67.0,69.44,69.2345,3991600
2026-04-21,69.83,72.91,69.64,70.21,70.0023,4161300
2026-04-22,72.0,72.97,70.49,72.25,72.0362,3577700
2026-04-23,72.38,74.82,71.52,72.91,72.6943,3570300
2026-04-24,77.76,79.21,74.58,78.1,77.8689,5317100
2026-04-27,79.23,79.23,75.21,75.62,75.3963,6576100
2026-04-28,66.06,73.3,65.0,71.36,71.1489,7531200
2026-04-29,72.98,73.07,68.51,70.61,70.4011,3577900
2026-04-30,68.38,70.04,66.38,69.75,69.5436,10521100
2026-05-01,68.99,71.67,68.6,71.09,70.8797,10940700
2026-05-04,72.53,73.23,69.38,70.96,70.75,5723400
2026-05-05,72.82,77.55,72.59,76.71,76.483,6148700
2026-05-06,78.35,78.96,74.42,77.22,76.9915,5292200
2026-05-07,76.99,77.16,71.75,72.27,72.0562,4569700
2026-05-08,74.38,76.76,72.32,76.61,76.3833,5324300
2026-05-11,77.38,78.64,76.17,76.69,76.4631,3708600
2026-05-12,74.6,75.4,70.11,73.45,73.2327,3416700
2026-05-13,75.38,76.37,73.08,74.61,74.3892,3325600
2026-05-14,74.32,76.52,72.0,72.09,71.8767,4833400
2026-05-15,69.47,71.77,68.48,70.35,70.1419,3138300
2026-05-18,71.29,71.88,65.23,66.04,65.8446,4091200
2026-05-19,64.56,66.97,62.45,65.54,65.3461,4169100
2026-05-20,67.16,68.93,65.9,68.49,68.2874,3045500
2026-05-21,68.24,69.27,64.95,65.9,65.705,5068000
2026-05-22,67.26,67.66,64.57,65.75,65.5555,5895300
2026-05-26,72.0,76.3,69.4,73.46,73.2426,8622500
2026-05-27,74.99,75.05,70.09,72.19,71.9764,5473300
2026-05-28,72.0,72.55,69.56,70.58,70.3712,3825600
2026-05-29,71.9,73.18,67.57,69.56,69.3542,5169400
2026-06-01,67.72,73.62,66.96,72.75,72.5348,5275700
2026-06-02,75.82,78.41,73.2,74.74,74.5189,6364200
2026-06-03,78.33,79.5,73.79,75.2,75.0619,4991500
2026-06-04,71.27,75.76,69.7,73.82,73.6844,6486700
2026-06-05,70.3,70.84,64.32,64.95,64.8307,5688700
2026-06-08,68.4,69.23,66.77,68.29,68.1646,4401100
2026-06-09,70.3,75.79,65.2,70.91,70.7797,7977200
2026-06-10,69.51,76.78,69.02,69.61,69.4821,5619200
2026-06-11,71.48,76.3,69.47,76.15,76.0101,5290600
2026-06-12,76.34,83.3,75.23,82.78,82.6279,7539300
2026-06-15,87.51,88.64,82.61,85.44,85.2831,6110100
2026-06-16,86.2,96.68,86.18,86.55,86.391,14843400
2026-06-17,91.0,94.19,86.04,86.43,86.2712,8460100
2026-06-18,91.79,93.0,89.02,90.46,90.2938,5317600
2026-06-22,94.12,96.29,89.91,93.55,93.3782,7234400
2026-06-23,85.34,88.07,83.6,86.72,86.5607,6581200
2026-06-24,87.49,87.66,80.22,82.76,82.608,4419300
2026-06-25,88.29,88.34,80.32,85.62,85.4627,6612600
2026-06-26,81.69,81.73,77.36,78.72,78.5754,6198900
2026-06-29,78.27,82.7,74.75,82.34,82.1887,6259400
2026-06-30,83.16,87.24,82.8,86.23,86.0716,4513500
2026-07-01,82.12,83.47,79.5,79.99,79.8431,4657000
2026-07-02,79.5,80.27,68.4,69.65,69.5221,6962100
2026-07-06,72.46,73.24,69.65,69.88,69.7516,5288700
2026-07-07,66.14,67.8,61.9,65.33,65.21,5201400
2026-07-08,64.52,67.68,63.57,66.91,66.7871,4553200
2026-07-09,71.43,73.67,70.76,72.16,72.0275,5663700
2026-07-10,70.12,71.62,69.61,70.47,70.3406,2450100
2026-07-13,67.34,68.14,65.43,66.06,65.9387,3244900
2026-07-14,69.81,70.93,67.98,70.2,70.071,5395200
2026-07-15,72.0,72.4,64.33,67.64,67.5158,4172800
2026-07-16,65.12,66.5,62.2,63.02,62.9042,4075600
2026-07-17,60.2,63.59,57.87,62.94,62.8244,4207000
2026-07-20,64.33,65.2,61.95,62.56,62.4451,4037700
2026-07-21,67.06,67.39,64.74,66.73,66.6074,2429800
2026-07-22,64.28,68.32,64.26,66.97,66.847,3165400
2026-07-23,66.82,67.52,63.82,65.33,65.21,2977600
2026-07-24,71.1,71.5,63.05,64.96,64.8407,9285400
2026-07-27,64.98,64.98,58.55,60.71,60.5985,11533900
2026-07-28,51.8,52.1,45.06,45.69,45.6061,20255400
2026-07-29,46.12,48.35,42.66,42.73,42.6515,12166900
2026-07-30,47.15,48.84,46.35,48.26,48.1713,8646000
2026-07-31,50.92,52.3,49.2,49.87,49.7784,6949900
2026-08-03,47.85,50.99,47.39,50.84,50.7466,5832300
2026-08-04,53.32,56.42,53.01,55.87,55.7674,5772400
2026-08-05,54.32,56.68,53.79,53.86,53.7611,4340800
2026-08-06,52.19,55.71,51.19,54.16,54.0605,3155600
2026-08-07,56.01,57.02,53.33,55.27,55.1685,2910200
2026-08-10,55.77,55.99,52.81,52.87,52.7729,3048300
2026-08-11,54.24,54.46,53.1,54.3,54.2003,2654200
2026-08-12,57.0,57.18,55.52,55.59,55.4879,4235200
2026-08-13,55.4,58.58,55.05,57.75,57.6439,3106200
2026-08-14,57.54,60.37,57.37,58.99,58.8816,3233900
2026-08-17,59.78,62.23,59.5,61.3,61.1874,3571000
2026-08-18,57.49,59.2,53.82,54.84,54.7393,5206400
2026-08-19,55.04,55.49,50.73,50.89,50.7965,7149900
2026-08-20,50.92,52.24,50.16,50.86,50.7666,3961800
2026-08-21,51.6,51.77,49.5,50.26,50.1677,2885300
2026-08-24,48.79,49.0,47.04,47.9,47.812,4920200
2026-08-25,49.08,49.59,48.4,48.7,48.6105,4517600
2026-08-26,48.7,48.85,47.63,48.4,48.3111,5261300
2026-08-27,52.38,52.88,50.69,51.74,51.645,4983700
2026-08-28,51.29,51.49,47.66,47.88,47.792,5316200
2026-08-31,48.03,48.75,47.19,47.3,47.2131,4430900
2026-09-01,46.6,46.71,45.34,45.73,45.646,3647300
2026-09-02,45.82,47.26,45.47,47.17,47.17,4056400
2026-09-03,46.97,47.44,45.3,46.94,46.94,3885600
2026-09-04,47.61,48.3,46.83,47.77,47.77,4152100
2026-09-08,49.27,51.41,49.05,50.72,50.72,6114000
2026-09-09,50.83,52.15,50.35,51.35,51.35,3654700
2026-09-10,49.8,50.24,48.91,49.53,49.53,3163400
2026-09-11,50.36,51.78,50.0,51.73,51.73,3060700
2026-09-14,47.32,48.66,46.8,47.12,47.12,5655300
2026-09-15,47.8,47.92,45.72,46.38,46.38,5102600
2026-09-16,47.74,47.8,45.33,46.28,46.28,3653100
2026-09-17,47.93,48.71,47.12,47.95,47.95,3522200
2026-09-18,48.54,50.42,48.23,50.3,50.3,5592500
2026-09-21,51.68,52.27,50.5,52.19,52.19,3213600
2026-09-22,51.605,54.4612,51.3,54.23,54.23,2081759
