date,open,high,low,close,adj_close,volume
2015-01-02,107.67,108.41,106.58,107.4,95.944,394000
2015-01-05,105.82,106.09,103.65,103.79,92.7191,678700
2015-01-06,102.61,102.7,100.54,100.72,89.9765,1081300
2015-01-07,100.48,101.41,100.21,101.29,90.4857,855100
2015-01-08,101.94,104.25,101.85,103.41,92.3796,481600
2015-01-09,103.24,103.24,100.97,102.09,91.2004,440600
2015-01-12,104.45,104.54,102.6,103.45,92.4153,1115500
2015-01-13,104.1,105.32,102.86,103.45,92.4153,809200
2015-01-14,102.95,103.85,102.27,103.11,92.1116,592800
2015-01-15,101.49,102.83,101.27,101.96,91.0842,1283000
2015-01-16,101.78,103.12,101.23,103.04,92.049,633700
2015-01-20,103.11,104.1,102.78,103.81,92.7369,947000
2015-01-21,105.06,107.03,104.25,106.59,95.2204,1569100
2015-01-22,106.76,107.95,106.4,107.6,96.1226,589400
2015-01-23,106.49,106.63,105.28,105.31,94.0769,974600
2015-01-26,107.0,107.35,106.36,107.32,95.8725,995200
2015-01-27,106.93,107.34,106.12,106.33,94.9881,911900
2015-01-28,106.98,107.11,104.58,104.64,93.4784,753700
2015-01-29,106.27,106.45,104.94,106.14,94.8184,632600
2015-01-30,105.95,106.26,103.81,103.94,92.853,1073800
2015-02-02,102.98,103.21,101.48,103.05,92.058,1177900
2015-02-03,103.3,103.93,102.82,103.89,92.8084,716800
2015-02-04,102.57,102.91,101.65,101.84,90.977,789900
2015-02-05,102.56,103.26,101.63,103.1,92.1026,569900
2015-02-06,101.53,102.25,100.44,100.79,90.039,964800
2015-02-09,98.87,99.86,98.57,98.65,88.1273,798800
2015-02-10,101.3,102.37,101.07,102.1,91.2093,679400
2015-02-11,102.95,103.79,102.67,103.42,92.3885,715300
2015-02-12,103.82,104.1,103.09,104.04,92.9424,443500
2015-02-13,104.53,104.65,103.83,104.48,93.3354,359100
2015-02-17,102.51,103.33,101.97,102.97,91.9865,493700
2015-02-18,103.59,104.07,103.26,103.71,92.6476,311900
2015-02-19,103.81,105.17,103.71,104.6,93.4426,275400
2015-02-20,102.6,105.06,102.6,104.85,93.666,582500
2015-02-23,105.63,105.71,105.01,105.12,93.9072,452200
2015-02-24,108.53,110.85,107.88,110.75,98.9366,2153800
2015-02-25,109.69,109.94,108.42,108.97,97.3465,1152300
2015-02-26,107.6,108.67,107.51,107.91,96.3996,608300
2015-02-27,107.53,108.43,106.75,107.68,96.1941,686800
2015-03-02,109.26,110.27,108.99,109.93,98.2041,600500
2015-03-03,109.88,109.96,108.06,108.49,96.9177,651300
2015-03-04,108.23,108.87,107.32,108.51,96.9356,536600
2015-03-05,109.21,109.8,108.72,109.35,97.686,402500
2015-03-06,108.26,108.38,106.68,107.32,95.8725,652500
2015-03-09,107.45,108.19,107.07,107.93,96.4174,506000
2015-03-10,106.99,107.2,105.96,106.15,94.8273,626000
2015-03-11,106.72,107.98,106.31,106.68,95.3008,551100
2015-03-12,106.62,106.66,104.22,104.8,93.6213,1529800
2015-03-13,105.1,105.74,104.68,105.48,94.2288,1429100
2015-03-16,106.86,108.0,106.56,107.81,96.3102,420100
2015-03-17,106.62,107.25,106.3,106.77,95.3812,694400
2015-03-18,105.98,107.35,104.4,106.82,95.4258,1703300
2015-03-19,106.46,107.47,106.32,107.14,95.7117,641200
2015-03-20,109.38,110.68,108.72,110.16,98.4096,747800
2015-03-23,110.35,111.2,109.93,110.72,98.9098,562600
2015-03-24,111.22,111.4,110.21,110.39,98.6151,628600
2015-03-25,109.7,109.74,104.45,104.63,93.4694,1733200
2015-03-26,101.01,101.01,98.42,99.08,88.5114,4330300
2015-03-27,99.99,102.12,99.95,101.86,90.9949,1260200
2015-03-30,101.57,103.43,101.57,103.12,92.1205,990600
2015-03-31,101.47,102.22,100.97,101.03,90.2534,1224100
2015-04-01,101.12,101.12,99.55,100.34,89.637,641600
2015-04-02,101.61,102.01,100.48,100.74,89.9944,498700
2015-04-06,100.92,101.2,100.0,100.23,89.5388,916400
2015-04-07,100.93,101.86,100.12,100.17,89.4852,1161800
2015-04-08,99.8,100.18,99.2,99.97,89.3065,630400
2015-04-09,100.31,100.86,99.49,100.74,89.9944,1609700
2015-04-10,99.73,100.58,99.59,100.02,89.3512,846300
2015-04-13,100.39,100.99,99.59,99.81,89.1636,1037700
2015-04-14,100.86,100.97,99.57,99.97,89.3065,1137300
2015-04-15,100.06,100.08,95.89,96.14,85.8851,4129100
2015-04-16,94.83,96.13,94.16,95.12,84.9738,2293600
2015-04-17,94.75,95.11,93.95,94.5,84.42,1671200
2015-04-20,94.99,96.24,94.94,96.08,85.8314,1129100
2015-04-21,98.17,98.74,97.09,97.75,87.3233,2396700
2015-04-22,109.82,111.2,106.38,107.81,96.3102,4849300
2015-04-23,108.84,108.96,107.46,108.69,97.0964,1357000
2015-04-24,108.06,108.2,106.6,107.16,96.4492,1748100
2015-04-27,109.57,110.91,109.25,109.71,98.7444,4075600
2015-04-28,109.75,110.04,108.87,109.79,98.8164,1076200
2015-04-29,108.79,109.19,107.09,107.64,96.8813,2160600
2015-04-30,108.02,108.68,106.44,107.04,96.3412,1989500
2015-05-01,107.5,108.55,107.41,108.37,97.5383,637400
2015-05-04,109.47,109.47,107.76,107.89,97.1063,676900
2015-05-05,107.33,107.33,105.02,105.44,94.9011,1636800
2015-05-06,107.19,107.33,105.56,105.8,95.2252,1305500
2015-05-07,105.73,106.57,105.31,106.22,95.6032,1104600
2015-05-08,107.27,108.31,107.14,107.74,96.9713,951900
2015-05-11,107.52,108.88,107.47,108.62,97.7633,459800
2015-05-12,108.35,108.93,107.87,108.63,97.7723,483600
2015-05-13,108.89,109.31,107.9,108.58,97.7273,468900
2015-05-14,109.9,111.06,109.4,110.58,99.5274,729100
2015-05-15,111.09,111.49,110.6,111.05,99.9504,795100
2015-05-18,109.96,111.25,109.61,111.02,99.9234,554700
2015-05-19,110.97,111.74,110.58,111.22,100.1034,476500
2015-05-20,111.45,112.28,111.15,111.64,100.4815,531600
2015-05-21,111.33,111.82,111.05,111.53,100.3825,365900
2015-05-22,110.99,111.37,110.45,110.98,99.8874,253200
2015-05-26,110.38,110.52,108.4,108.97,98.0783,541400
2015-05-27,109.61,112.91,109.52,112.53,101.2825,588500
2015-05-28,113.69,114.14,112.5,113.8,102.4256,588100
2015-05-29,113.27,113.88,111.5,112.3,101.0755,542600
2015-06-01,112.19,112.35,110.41,111.63,100.4725,856200
2015-06-02,111.37,111.41,110.05,110.05,99.0504,735800
2015-06-03,112.25,112.92,111.44,111.72,100.5535,1029300
2015-06-04,112.07,113.68,110.37,110.59,99.5364,1372200
2015-06-05,109.6,110.01,108.75,109.1,98.1953,997100
2015-06-08,108.17,108.6,107.13,107.8,97.0253,803100
2015-06-09,108.52,108.68,107.25,108.25,97.4303,844100
2015-06-10,108.93,110.07,108.35,108.99,98.0963,497000
2015-06-11,111.0,111.8,109.47,110.0,99.0054,872700
2015-06-12,107.65,108.64,106.96,107.91,97.1243,583600
2015-06-15,106.48,108.54,106.19,108.38,97.5473,841800
2015-06-16,108.28,109.55,107.73,109.21,98.2943,538400
2015-06-17,107.97,108.43,107.26,107.82,97.0433,557600
2015-06-18,107.15,110.26,107.1,108.93,98.0423,1387500
2015-06-19,108.96,109.15,108.37,108.81,97.9343,479900
2015-06-22,111.97,113.0,111.3,111.91,100.7245,709000
2015-06-23,111.94,112.13,110.97,111.01,99.9144,479800
2015-06-24,110.55,111.0,109.79,109.97,98.9784,404900
2015-06-25,110.84,111.09,109.9,110.26,99.2394,395600
2015-06-26,110.65,111.14,108.19,108.78,97.9073,869400
2015-06-29,105.82,106.58,104.03,104.56,94.1091,1043600
2015-06-30,105.71,105.79,103.22,104.13,93.7221,754300
2015-07-01,107.74,107.9,105.26,105.65,95.0902,1305400
2015-07-02,105.32,105.33,103.71,104.6,94.1451,942800
2015-07-06,101.09,103.11,100.95,101.92,91.733,720300
2015-07-07,99.27,100.64,97.31,100.16,90.1489,1286700
2015-07-08,98.1,98.54,96.78,97.14,87.4308,784400
2015-07-09,101.75,102.12,99.2,99.62,89.6629,1683600
2015-07-10,103.98,104.14,101.64,102.7,92.435,2272000
2015-07-13,103.79,103.89,102.95,103.3,92.975,859000
2015-07-14,103.26,103.85,102.45,103.07,92.768,1238200
2015-07-15,106.09,108.17,105.75,106.68,96.0172,2298700
2015-07-16,104.15,104.24,99.27,100.36,90.3289,4115500
2015-07-17,101.0,101.09,99.41,100.55,90.4999,2782500
2015-07-20,102.05,102.38,100.76,101.0,90.9049,1112300
2015-07-21,101.0,101.96,100.42,100.9,90.8149,1525300
2015-07-22,100.06,101.09,99.57,100.84,90.7609,1894400
2015-07-23,101.18,102.3,100.97,101.93,91.742,897100
2015-07-24,100.88,101.06,97.45,98.53,88.6818,1994700
2015-07-27,99.49,99.94,98.33,98.63,88.7718,844600
2015-07-28,97.74,99.81,97.22,99.08,89.1768,1558700
2015-07-29,98.94,99.33,98.12,99.02,89.1229,568000
2015-07-30,97.87,99.41,97.68,99.09,89.1858,1170500
2015-07-31,100.27,100.51,98.91,99.17,89.2579,714400
2015-08-03,99.34,99.38,97.31,98.14,88.3308,817900
2015-08-04,98.18,98.37,96.4,96.79,87.1157,786500
2015-08-05,98.47,99.21,98.36,98.63,88.7718,1052100
2015-08-06,98.03,98.11,96.24,96.36,86.7287,1421400
2015-08-07,96.05,96.99,95.67,96.97,87.2777,501400
2015-08-10,97.35,99.75,97.35,99.42,89.4828,777400
2015-08-11,100.07,100.08,98.6,99.19,89.2758,637800
2015-08-12,96.37,97.4,94.96,97.08,87.3768,1103800
2015-08-13,96.13,96.36,94.64,94.72,85.2526,895800
2015-08-14,92.25,93.14,91.1,92.69,83.4255,2399900
2015-08-17,91.73,93.3,91.48,93.17,83.8575,2569500
2015-08-18,94.01,94.03,92.62,92.85,83.5695,2575200
2015-08-19,91.12,91.75,90.11,90.92,81.8324,1624600
2015-08-20,89.52,89.59,87.0,87.44,78.7003,1952200
2015-08-21,88.48,89.42,85.79,85.91,77.3232,2453900
2015-08-24,84.44,85.3,82.07,85.3,76.7742,4016800
2015-08-25,91.15,91.27,86.36,87.01,78.3133,2027500
2015-08-26,89.27,89.3,86.25,88.4,79.5643,2111500
2015-08-27,91.17,91.93,90.47,91.91,82.7235,2061700
2015-08-28,92.49,93.13,91.43,91.98,82.7865,1150100
2015-08-31,91.36,92.08,90.72,91.02,81.9224,1173300
2015-09-01,89.76,90.58,88.56,89.16,80.2484,1096100
2015-09-02,91.04,91.04,89.21,90.63,81.5714,1415200
2015-09-03,93.39,93.94,92.25,92.68,83.4165,1240200
2015-09-04,90.45,91.85,90.28,91.37,82.2375,775100
2015-09-08,93.72,94.47,92.91,93.88,84.4966,993400
2015-09-09,93.92,94.5,90.81,91.07,81.9675,1031200
2015-09-10,91.77,92.95,90.71,92.21,82.9935,846900
2015-09-11,91.61,91.88,90.96,91.68,82.5165,568800
2015-09-14,91.49,91.63,90.47,90.93,81.8414,588500
2015-09-15,92.48,93.67,92.16,93.33,84.0016,809000
2015-09-16,93.65,93.91,92.71,93.71,84.3436,702200
2015-09-17,92.17,94.39,91.91,92.79,83.5155,629100
2015-09-18,89.87,91.19,89.48,90.01,81.0134,1448100
2015-09-21,90.61,91.06,88.67,89.4,80.4644,1378600
2015-09-22,88.4,88.47,85.89,86.68,78.0162,1712700
2015-09-23,85.69,85.82,83.71,83.88,75.4961,1660300
2015-09-24,82.88,84.93,82.1,84.2,75.7841,2316700
2015-09-25,87.01,87.1,84.75,85.35,76.8192,1236500
2015-09-28,83.26,83.85,82.43,83.08,74.7761,1638200
2015-09-29,82.9,85.53,82.62,85.21,76.6932,1351400
2015-09-30,86.97,88.07,86.63,87.98,79.1863,2466400
2015-10-01,86.24,86.6,84.45,85.97,77.3772,1323200
2015-10-02,85.89,88.71,85.45,88.41,79.5733,950800
2015-10-05,88.69,90.06,88.53,89.39,80.4554,951000
2015-10-06,89.97,90.8,89.29,90.05,81.0494,732200
2015-10-07,91.0,91.61,88.85,90.06,81.0584,873800
2015-10-08,91.27,91.45,89.88,91.38,82.2464,974000
2015-10-09,90.71,91.1,90.28,90.87,81.7874,542600
2015-10-12,90.23,90.36,89.62,89.86,80.8784,742300
2015-10-13,88.59,88.87,87.12,87.31,78.5833,1047500
2015-10-14,85.01,87.75,84.61,87.27,78.5473,3118200
2015-10-15,87.83,89.29,87.15,88.5,79.6543,2230100
2015-10-16,88.22,89.07,87.75,88.65,79.7893,892700
2015-10-19,88.61,88.99,88.03,88.78,79.9063,502800
2015-10-20,88.08,90.47,87.54,89.02,80.1224,1108000
2015-10-21,90.87,91.24,89.96,90.01,81.0134,943900
2015-10-22,92.03,92.91,91.89,92.32,83.0925,1644800
2015-10-23,94.24,94.41,93.24,93.64,84.2806,1585100
2015-10-26,92.5,92.9,92.11,92.29,83.0655,614500
2015-10-27,92.53,92.75,91.27,91.55,82.3995,544700
2015-10-28,93.55,94.09,92.26,93.34,84.0106,618600
2015-10-29,92.26,92.57,91.68,92.06,82.8585,517600
2015-10-30,92.36,93.36,92.09,92.79,83.5155,464800
2015-11-02,94.28,94.59,93.54,94.11,84.7036,528100
2015-11-03,94.01,95.45,93.66,95.11,85.6036,538200
2015-11-04,95.37,95.81,94.78,95.57,86.0177,429800
2015-11-05,96.35,96.62,94.6,95.21,85.6937,792400
2015-11-06,95.47,96.4,94.76,96.33,86.7017,736200
2015-11-09,96.58,96.63,95.17,95.72,86.1527,480300
2015-11-10,93.99,94.01,93.15,93.52,84.1726,2305700
2015-11-11,94.37,94.83,93.41,93.95,84.5596,1442600
2015-11-12,93.59,93.85,92.53,92.77,83.4975,788300
2015-11-13,91.51,92.3,90.68,91.4,82.2645,1588300
2015-11-16,90.6,92.48,90.41,92.29,83.0655,3582100
2015-11-17,92.21,92.75,91.82,91.98,82.7865,2380300
2015-11-18,92.37,93.25,92.1,93.15,83.8396,2181100
2015-11-19,92.93,93.9,92.51,93.28,83.9566,3388500
2015-11-20,92.82,92.98,91.15,91.44,82.3005,1829900
2015-11-23,90.13,91.16,89.96,90.27,81.2474,476800
2015-11-24,88.66,90.61,88.63,90.33,81.3014,1024700
2015-11-25,90.55,91.47,90.46,90.97,81.8775,424800
2015-11-27,92.3,92.55,92.06,92.49,83.2455,200300
2015-11-30,92.78,92.89,92.16,92.72,83.4525,368500
2015-12-01,93.13,93.51,92.73,93.24,83.9206,495900
2015-12-02,93.35,93.44,92.02,92.32,83.0925,485800
2015-12-03,92.98,93.08,90.35,90.97,81.8775,854400
2015-12-04,91.37,92.26,91.07,92.0,82.8045,899900
2015-12-07,92.25,92.27,91.14,91.32,82.1925,880900
2015-12-08,90.13,90.83,89.64,90.52,81.4724,631500
2015-12-09,89.97,91.02,89.29,89.87,80.8874,1041200
2015-12-10,89.7,90.26,88.93,89.15,80.2394,472500
2015-12-11,87.9,88.28,87.15,87.28,78.5563,486700
2015-12-14,87.34,87.44,85.68,86.46,77.8182,649100
2015-12-15,88.41,89.46,88.25,88.84,79.9603,505800
2015-12-16,88.54,89.57,87.73,89.36,80.4284,627400
2015-12-17,89.71,89.78,87.93,87.93,79.1413,662900
2015-12-18,87.29,87.94,86.99,87.42,78.6823,500600
2015-12-21,89.48,89.87,88.45,89.23,80.3114,1048100
2015-12-22,89.84,90.64,89.28,90.4,81.3644,1691100
2015-12-23,91.04,91.61,90.89,91.32,82.1925,418400
2015-12-24,90.9,91.83,90.9,91.44,82.3005,94600
2015-12-28,91.67,91.76,90.85,91.57,82.4175,348700
2015-12-29,91.51,92.21,91.45,91.92,82.7325,632500
2015-12-30,92.12,92.25,91.32,91.34,82.2105,281600
2015-12-31,89.99,90.15,88.77,88.77,79.8973,433800
2016-01-04,87.29,87.42,85.91,87.3,78.5743,2275300
2016-01-05,86.18,87.09,85.66,86.42,77.7822,813100
2016-01-06,83.9,85.22,83.74,84.61,76.1531,2323900
2016-01-07,82.44,84.15,82.24,82.49,74.245,811200
2016-01-08,81.77,82.12,80.13,80.28,72.2559,899400
2016-01-11,82.98,83.26,81.6,82.31,74.083,1117900
2016-01-12,83.35,83.95,81.67,82.65,74.389,875800
2016-01-13,82.71,83.1,79.87,80.01,72.0129,945700
2016-01-14,82.29,83.49,81.07,82.9,74.6141,1442700
2016-01-15,78.62,79.45,77.17,77.47,69.7268,1550300
2016-01-19,79.79,80.86,79.31,80.32,72.2919,1487400
2016-01-20,81.59,86.27,80.97,85.26,76.7382,4539200
2016-01-21,86.75,88.08,85.58,87.36,78.6283,1254100
2016-01-22,91.22,91.72,90.07,90.36,81.3284,1700700
2016-01-25,90.28,90.63,89.42,89.72,80.7524,881600
2016-01-26,89.61,90.46,89.16,90.19,81.1754,674500
2016-01-27,89.85,91.15,89.41,89.71,80.7434,907200
2016-01-28,89.95,90.32,88.93,89.81,80.8334,1846200
2016-01-29,89.14,91.93,89.04,91.84,82.6605,1172600
2016-02-01,91.02,92.74,90.82,92.24,83.0205,528400
2016-02-02,90.29,90.38,88.42,88.51,79.6633,740200
2016-02-03,90.33,91.22,88.81,90.98,81.8865,889300
2016-02-04,90.5,92.18,90.42,91.47,82.3275,666800
2016-02-05,89.92,89.92,88.05,88.36,79.5283,893000
2016-02-08,84.96,86.89,84.63,86.36,77.7282,1281100
2016-02-09,84.81,86.36,84.69,84.97,76.4772,1202400
2016-02-10,84.41,84.73,81.65,81.74,73.57,2413100
2016-02-11,82.44,82.44,80.88,81.81,73.633,1099900
2016-02-12,80.98,82.09,80.24,82.04,73.84,1143300
2016-02-16,83.06,84.23,82.72,83.98,75.5861,758300
2016-02-17,85.01,86.42,84.95,86.28,77.6562,812100
2016-02-18,86.52,86.75,85.83,85.92,77.3322,672500
2016-02-19,87.12,88.55,86.75,88.01,79.2133,1254600
2016-02-22,87.83,88.47,87.66,87.92,79.1323,810800
2016-02-23,87.42,89.27,87.29,88.58,79.7263,1526600
2016-02-24,87.87,89.38,87.72,89.21,80.2934,807300
2016-02-25,89.42,89.97,88.96,89.92,80.9324,315800
2016-02-26,91.1,91.21,90.64,90.82,81.7424,279300
2016-02-29,91.33,92.19,91.02,91.02,81.9224,359700
2016-03-01,92.96,93.94,92.63,93.79,84.4156,593300
2016-03-02,92.54,93.35,92.09,93.34,84.0106,458300
2016-03-03,92.82,94.71,92.76,94.7,85.2346,562000
2016-03-04,94.84,95.52,94.68,95.35,85.8196,1181800
2016-03-07,94.34,96.23,94.31,96.04,86.4407,1015400
2016-03-08,94.61,94.98,93.72,93.79,84.4156,619200
2016-03-09,94.09,94.46,93.87,94.11,84.7036,169000
2016-03-10,96.43,97.82,95.12,95.94,86.3507,1123000
2016-03-11,97.29,97.77,96.8,97.75,87.9798,656100
2016-03-14,97.47,97.88,96.61,96.99,87.2957,378800
2016-03-15,96.52,96.92,96.29,96.59,86.9357,299700
2016-03-16,96.0,97.43,95.71,97.28,87.5567,520700
2016-03-17,96.72,97.97,96.56,97.76,87.9888,302000
2016-03-18,97.78,98.67,97.65,97.98,88.1868,312800
2016-03-21,97.46,97.97,97.23,97.82,88.0428,567400
2016-03-22,97.03,98.54,96.98,98.24,88.4208,757100
2016-03-23,98.6,98.65,97.67,97.71,87.9438,892300
2016-03-24,96.16,96.93,95.98,96.93,87.2418,292900
2016-03-28,97.37,97.65,96.69,97.47,87.7278,182600
2016-03-29,98.34,100.18,98.17,100.03,90.0319,409000
2016-03-30,101.17,101.88,100.57,101.15,91.0399,460400
2016-03-31,101.48,101.92,100.34,100.39,90.3559,637900
2016-04-01,99.4,100.63,99.3,100.57,90.5179,367600
2016-04-04,102.14,102.6,101.56,101.63,91.472,861500
2016-04-05,99.58,100.12,99.28,99.52,89.5729,1059400
2016-04-06,99.37,101.17,99.29,101.1,90.9949,753000
2016-04-07,100.75,100.95,99.95,100.09,90.0859,452200
2016-04-08,100.88,101.36,100.38,100.65,90.5899,424200
2016-04-11,100.85,101.56,100.14,100.25,90.2299,188400
2016-04-12,100.67,101.23,99.7,100.85,90.7699,295100
2016-04-13,101.59,102.2,101.28,102.05,91.85,363100
2016-04-14,100.79,100.8,99.77,100.37,90.3379,547800
2016-04-15,99.87,100.52,99.31,99.55,89.5999,540400
2016-04-18,98.86,100.03,98.79,99.23,89.3119,342600
2016-04-19,100.24,100.74,99.35,99.75,89.7799,833800
2016-04-20,99.01,99.56,95.13,96.43,86.7917,2104400
2016-04-21,97.24,97.24,95.51,95.82,86.2427,626600
2016-04-22,95.73,96.47,95.32,95.87,86.2877,275500
2016-04-25,96.3,96.52,95.93,96.13,86.5217,367000
2016-04-26,96.45,96.98,96.29,96.41,86.7737,348200
2016-04-27,97.73,99.42,97.69,99.24,89.3209,600200
2016-04-28,98.3,99.58,97.75,98.01,88.2138,902200
2016-04-29,98.34,98.55,96.05,96.6,86.9447,786700
2016-05-02,96.7,97.57,96.54,97.46,87.7188,461300
2016-05-03,95.13,95.19,94.13,94.42,85.9929,604700
2016-05-04,93.6,93.84,93.22,93.78,85.41,1430900
2016-05-05,92.78,93.92,92.7,92.9,84.6086,464400
2016-05-06,92.38,92.73,91.82,92.33,84.0894,336300
2016-05-09,93.26,93.62,92.54,92.99,84.6905,456800
2016-05-10,92.52,93.51,92.46,93.35,85.0184,367700
2016-05-11,91.81,93.25,91.77,92.58,84.3171,897100
2016-05-12,92.81,92.94,90.43,91.53,83.3608,1099600
2016-05-13,91.65,92.38,91.15,91.3,83.1514,770000
2016-05-16,94.16,96.39,93.78,95.83,87.277,1553600
2016-05-17,95.18,95.55,94.17,94.3,85.8836,710300
2016-05-18,94.18,95.55,94.08,94.52,86.084,349400
2016-05-19,93.5,93.87,92.8,93.31,84.982,573700
2016-05-20,95.15,95.58,94.95,95.48,86.9583,571700
2016-05-23,95.32,96.24,95.21,95.7,87.1587,387200
2016-05-24,95.53,97.66,95.53,97.52,88.8162,785500
2016-05-25,98.35,99.23,98.15,98.92,90.0913,1000800
2016-05-26,99.19,99.77,98.41,99.41,90.5375,748900
2016-05-27,99.38,100.49,99.38,100.08,91.1477,765500
2016-05-31,100.05,100.24,99.34,99.98,91.0567,509600
2016-06-01,98.91,100.07,98.88,99.85,90.9383,1335700
2016-06-02,99.71,100.22,99.29,100.14,91.2024,614600
2016-06-03,100.85,101.07,100.16,100.85,91.849,279900
2016-06-06,101.07,101.29,100.0,100.07,91.1386,389000
2016-06-07,101.17,101.38,100.66,101.19,92.1587,444400
2016-06-08,100.85,101.23,100.34,101.1,92.0767,527300
2016-06-09,99.46,100.57,99.4,100.55,91.5758,624600
2016-06-10,97.64,98.24,96.79,97.38,88.6887,1514900
2016-06-13,95.64,97.18,95.63,96.33,87.7324,1055100
2016-06-14,93.5,94.7,93.33,94.6,86.1568,1624300
2016-06-15,94.71,95.23,94.13,94.18,85.7743,740100
2016-06-16,93.79,95.62,93.21,95.57,87.0402,501300
2016-06-17,94.61,94.96,93.27,94.65,86.2024,702400
2016-06-20,97.33,97.62,96.71,96.85,88.206,949900
2016-06-21,98.16,98.81,97.82,98.49,89.6997,691700
2016-06-22,99.2,99.55,98.69,98.75,89.9364,501700
2016-06-23,100.54,101.41,99.32,101.39,92.3408,888700
2016-06-24,94.08,96.6,93.96,95.01,86.5303,2063600
2016-06-27,92.4,92.9,91.15,92.5,84.2443,2285900
2016-06-28,93.6,94.57,93.05,94.4,85.9747,707900
2016-06-29,95.86,96.59,95.63,96.11,87.5321,556100
2016-06-30,97.37,99.21,96.92,99.21,90.3554,669800
2016-07-01,98.37,98.67,98.1,98.44,89.6541,957500
2016-07-05,96.65,97.12,95.02,95.34,86.8308,1007800
2016-07-06,93.42,94.97,92.84,94.89,86.4209,1257500
2016-07-07,94.1,95.24,94.08,94.61,86.1659,827900
2016-07-08,96.1,97.26,95.95,97.22,88.543,588200
2016-07-11,99.12,99.95,99.0,99.76,90.8563,493000
2016-07-12,100.87,101.83,100.0,100.88,91.8764,1280100
2016-07-13,101.09,101.81,100.86,101.11,92.0858,547200
2016-07-14,103.73,103.85,102.6,102.97,93.7798,1023800
2016-07-15,101.25,101.94,101.19,101.61,92.5412,538600
2016-07-18,102.75,103.37,102.46,103.13,93.9255,802800
2016-07-19,103.27,106.3,103.16,105.63,96.2024,3330400
2016-07-20,107.58,108.35,107.06,108.16,98.5066,1642100
2016-07-21,105.41,106.37,104.96,105.48,96.0658,2199400
2016-07-22,105.55,105.86,105.19,105.63,96.2024,397800
2016-07-25,106.19,106.57,105.93,106.48,96.9765,500300
2016-07-26,107.49,108.91,107.31,108.77,99.0621,926600
2016-07-27,109.64,109.91,108.38,109.56,99.7816,876300
2016-07-28,109.87,110.21,109.49,110.08,100.2552,530000
2016-07-29,110.48,110.85,109.31,109.62,99.8363,1399700
2016-08-01,109.62,110.15,109.29,109.7,99.9091,419800
2016-08-02,109.57,109.59,108.78,109.38,99.6177,358600
2016-08-03,107.95,108.75,107.89,108.45,98.7707,414200
2016-08-04,109.7,110.23,109.54,110.09,100.2643,288500
2016-08-05,109.95,110.66,109.4,109.6,99.8181,599800
2016-08-08,109.25,109.56,109.04,109.25,99.4993,352200
2016-08-09,109.46,110.11,109.46,109.89,100.0822,558600
2016-08-10,110.31,110.4,109.21,109.49,99.7179,840300
2016-08-11,110.65,111.04,110.12,110.69,100.8108,879600
2016-08-12,110.94,111.13,109.99,110.27,100.4283,540400
2016-08-15,111.28,111.58,110.79,110.83,100.9383,329400
2016-08-16,110.83,110.94,107.01,107.95,98.3153,1531000
2016-08-17,105.31,105.79,104.73,105.45,96.0385,2084100
2016-08-18,106.12,106.52,105.72,106.03,96.5667,679500
2016-08-19,106.8,106.97,106.27,106.73,97.2042,525400
2016-08-22,106.98,107.35,106.6,107.16,97.5958,486300
2016-08-23,108.66,109.14,108.21,108.49,98.8071,723200
2016-08-24,107.72,107.85,106.46,106.68,97.1587,473600
2016-08-25,106.56,106.79,106.25,106.47,96.9674,271700
2016-08-26,106.77,107.98,105.53,106.31,96.8217,870400
2016-08-29,106.24,107.12,106.24,107.08,97.523,280400
2016-08-30,108.7,108.73,107.33,107.52,97.9237,602800
2016-08-31,106.83,106.94,105.9,106.55,97.0403,346400
2016-09-01,106.32,107.53,106.27,107.49,97.8964,455400
2016-09-02,108.05,108.25,107.5,107.86,98.2334,259200
2016-09-06,107.78,108.04,107.48,107.93,98.2971,346300
2016-09-07,108.01,108.3,106.06,106.33,96.8399,992100
2016-09-08,104.14,104.74,103.64,104.08,94.7907,919700
2016-09-09,103.16,103.48,101.7,101.71,92.6322,818200
2016-09-12,101.03,103.27,100.93,103.14,93.9346,502100
2016-09-13,102.5,102.98,101.47,101.74,92.6596,516200
2016-09-14,100.98,102.29,100.83,101.98,92.8782,1069200
2016-09-15,102.32,103.85,102.1,103.64,94.39,1072000
2016-09-16,102.04,102.49,101.37,102.2,93.0785,1040000
2016-09-19,103.22,104.18,103.2,103.34,94.1168,550000
2016-09-20,104.7,105.28,104.32,104.88,95.5193,773900
2016-09-21,105.69,106.87,105.41,106.71,97.186,832500
2016-09-22,109.04,109.56,108.69,108.79,99.0804,579500
2016-09-23,108.76,109.26,108.42,108.57,98.88,664700
2016-09-26,108.49,109.16,108.28,108.77,99.0621,663300
2016-09-27,107.96,109.8,107.84,109.62,99.8363,591600
2016-09-28,109.28,110.04,108.87,109.86,100.0549,316300
2016-09-29,109.27,109.74,107.55,108.73,99.0257,551900
2016-09-30,109.19,110.14,109.02,109.58,99.7999,338000
2016-10-03,109.36,109.61,108.54,108.93,99.2079,416800
2016-10-04,109.39,109.85,108.61,108.96,99.2352,324300
2016-10-05,109.1,109.3,108.71,108.81,99.0986,280100
2016-10-06,108.27,108.99,107.81,108.74,99.0348,473500
2016-10-07,107.04,107.17,105.36,106.38,96.8854,861900
2016-10-10,107.63,107.74,106.99,106.99,97.441,686400
2016-10-11,105.61,105.64,102.41,102.71,93.543,959100
2016-10-12,102.31,102.67,101.42,102.58,93.4246,794500
2016-10-13,100.59,100.65,100.04,100.39,91.4301,1161200
2016-10-14,101.58,102.11,100.95,101.12,92.0949,331200
2016-10-17,100.62,101.34,100.51,101.16,92.1313,399000
2016-10-18,102.51,102.58,101.83,102.33,93.1969,955700
2016-10-19,104.75,104.75,103.2,104.09,94.7998,1109900
2016-10-20,102.52,103.62,102.47,103.58,94.3354,739900
2016-10-21,103.47,105.32,103.4,105.26,95.8654,1638300
2016-10-24,104.92,105.42,104.77,105.28,95.8836,971000
2016-10-25,104.68,105.14,104.13,104.54,95.2097,567100
2016-10-26,104.47,104.73,103.73,103.85,94.5812,376200
2016-10-27,105.18,105.27,103.86,104.05,94.7634,606800
2016-10-28,104.86,105.95,104.69,105.46,96.0476,915500
2016-10-31,105.51,106.36,104.94,105.62,96.1933,794000
2016-11-01,105.65,105.68,103.29,103.89,94.6177,936100
2016-11-02,104.01,104.73,103.67,104.03,94.7452,564400
2016-11-03,103.35,103.6,101.78,101.78,92.696,707000
2016-11-04,102.22,103.01,101.48,102.49,93.3426,791600
2016-11-07,103.8,104.76,103.6,104.75,95.4009,413000
2016-11-08,103.59,105.22,103.53,104.81,95.4556,516600
2016-11-09,102.33,103.82,102.33,103.67,94.4173,495700
2016-11-10,102.78,103.41,100.71,101.4,92.3499,934900
2016-11-11,99.7,100.51,98.72,100.25,91.3026,1212200
2016-11-14,98.94,99.77,98.71,99.2,90.3463,687800
2016-11-15,99.12,100.28,98.75,100.02,91.0931,491100
2016-11-16,99.2,100.77,99.15,100.7,91.7124,1036300
2016-11-17,101.24,102.85,101.19,102.56,93.4064,1344700
2016-11-18,103.58,104.75,103.38,104.59,95.2552,1914300
2016-11-21,104.09,105.11,104.02,105.09,95.7106,1408200
2016-11-22,105.45,105.61,104.8,105.32,95.9201,876300
2016-11-23,104.48,105.35,104.25,105.1,95.7197,432300
2016-11-25,103.99,104.46,103.77,104.14,94.8454,251900
2016-11-28,103.3,103.91,103.22,103.63,94.3809,453200
2016-11-29,102.88,104.01,102.71,103.79,94.5266,1194200
2016-11-30,103.77,103.82,102.93,103.13,93.9255,434200
2016-12-01,102.67,102.74,99.68,99.99,91.0658,837900
2016-12-02,99.01,100.3,98.84,99.78,90.8745,701100
2016-12-05,102.29,103.02,101.69,102.92,93.7343,818600
2016-12-06,101.89,102.9,101.79,102.71,93.543,399900
2016-12-07,101.98,103.92,101.83,103.55,94.3081,566600
2016-12-08,103.19,103.73,102.65,103.11,93.9073,478800
2016-12-09,102.92,103.11,102.09,102.66,93.4975,362500
2016-12-12,103.17,103.34,102.41,102.9,93.716,308500
2016-12-13,104.11,104.86,104.0,104.64,95.3007,308400
2016-12-14,104.58,104.94,103.53,103.63,94.3809,390800
2016-12-15,104.47,105.39,104.32,105.03,95.6559,655400
2016-12-16,106.26,106.72,105.96,106.24,96.7579,865800
2016-12-19,108.36,110.48,108.36,110.22,100.3827,1709400
2016-12-20,109.37,109.8,109.11,109.71,99.9183,810500
2016-12-21,110.03,110.3,109.72,110.05,100.2279,659500
2016-12-22,110.36,110.42,109.77,109.98,100.1641,324200
2016-12-23,110.42,110.85,110.27,110.73,100.8472,183900
2016-12-27,110.79,111.62,110.79,111.51,101.5576,308500
2016-12-28,110.81,111.31,110.43,110.78,100.8927,509900
2016-12-29,110.97,111.37,110.7,111.16,101.2388,754900
2016-12-30,112.06,112.66,111.27,112.2,102.186,858700
2017-01-03,110.98,111.28,110.15,110.45,100.5922,874700
2017-01-04,109.84,110.35,109.62,109.92,100.1095,846200
2017-01-05,110.8,111.9,110.75,111.24,101.3117,493800
2017-01-06,110.56,111.59,110.3,111.12,101.2024,360200
2017-01-09,111.02,112.73,111.01,112.49,102.4501,554800
2017-01-10,112.58,113.13,112.58,112.65,102.5959,816100
2017-01-11,112.25,113.51,112.19,113.48,103.3518,419900
2017-01-12,113.94,114.82,113.0,114.77,104.5266,713900
2017-01-13,114.77,115.54,114.75,115.3,105.0093,1474200
2017-01-17,115.63,116.32,114.89,115.91,105.5649,1381400
2017-01-18,122.07,125.88,121.94,122.97,111.9948,4392000
2017-01-19,120.86,121.99,120.46,121.86,110.9838,1936700
2017-01-20,121.52,122.31,121.52,122.05,111.1569,786900
2017-01-23,121.97,122.32,120.6,122.17,111.2662,1570600
2017-01-24,122.28,123.0,122.07,122.55,111.6123,975100
2017-01-25,122.51,122.97,122.27,122.78,111.8217,649500
2017-01-26,121.3,122.16,121.07,121.13,110.319,611200
2017-01-27,121.44,122.08,121.04,121.77,110.9019,663500
2017-01-30,120.91,121.86,120.02,121.71,110.8472,1161000
2017-01-31,121.64,122.0,120.99,121.4,110.5649,1435700
2017-02-01,121.65,122.11,121.0,121.31,110.4829,1324600
2017-02-02,123.09,123.19,122.29,122.74,111.7853,632800
2017-02-03,122.91,123.57,122.87,123.01,112.0312,358300
2017-02-06,122.24,122.63,121.87,122.23,111.3208,260700
2017-02-07,122.03,123.57,121.87,123.26,112.2589,1117200
2017-02-08,123.41,124.26,122.99,124.09,113.0148,853100
2017-02-09,124.41,125.55,124.32,124.52,113.4064,820400
2017-02-10,124.8,125.25,124.15,124.85,113.707,791500
2017-02-13,126.14,126.64,125.75,126.5,115.2097,1052600
2017-02-14,126.08,126.5,125.62,126.25,114.982,1825300
2017-02-15,125.45,127.28,125.3,127.26,115.9019,900800
2017-02-16,126.55,127.44,126.48,127.27,115.911,1023500
2017-02-17,125.84,126.88,125.82,126.88,115.5558,808100
2017-02-21,125.28,127.6,125.25,127.59,116.2024,3895800
2017-02-22,125.1,125.51,123.58,123.83,112.778,2312100
2017-02-23,124.53,124.62,123.25,123.78,112.7325,764500
2017-02-24,122.29,122.95,121.64,122.53,111.594,1442500
2017-02-27,122.29,123.02,122.08,122.9,111.931,736500
2017-02-28,121.5,122.22,121.41,121.69,110.829,1033500
2017-03-01,122.5,123.92,122.43,123.47,112.4502,1274400
2017-03-02,121.78,122.55,121.48,121.57,110.7197,961800
2017-03-03,122.76,122.99,121.83,122.98,112.0039,783800
2017-03-06,121.25,121.91,120.78,121.6,110.747,495300
2017-03-07,121.25,121.39,119.83,119.98,109.2716,1234500
2017-03-08,120.82,121.17,120.34,120.75,109.9729,575800
2017-03-09,121.18,121.54,120.66,121.25,110.4283,405700
2017-03-10,124.47,125.11,123.94,125.0,113.8436,1016100
2017-03-13,123.56,124.46,123.43,124.19,113.1059,838100
2017-03-14,124.77,124.83,123.86,123.99,112.9237,412900
2017-03-15,124.85,126.31,124.58,126.07,114.8181,838900
2017-03-16,124.89,126.25,124.81,126.19,114.9274,424200
2017-03-17,127.19,128.43,126.93,127.9,116.4848,1030300
2017-03-20,128.84,129.16,127.98,128.27,116.8218,577600
2017-03-21,129.69,129.82,126.15,126.32,115.0458,1398800
2017-03-22,127.07,129.24,127.01,128.92,117.4137,529900
2017-03-23,129.2,129.7,128.8,129.22,117.687,266000
2017-03-24,133.28,133.55,131.96,132.24,120.4374,1709800
2017-03-27,132.78,133.2,132.36,132.7,120.8563,2238000
2017-03-28,133.37,134.29,133.12,133.79,121.8491,1370300
2017-03-29,133.16,133.46,132.54,132.91,121.0476,358300
2017-03-30,132.38,133.19,132.34,132.63,120.7926,361100
2017-03-31,132.27,133.19,132.12,132.8,120.9474,535400
2017-04-03,132.35,132.75,131.18,132.18,120.3828,564100
2017-04-04,132.3,132.78,131.85,132.74,120.8928,584000
2017-04-05,131.6,132.01,130.92,131.03,119.3354,557200
2017-04-06,130.95,131.24,130.55,130.98,119.2898,370000
2017-04-07,130.54,131.65,130.53,131.18,119.472,546900
2017-04-10,130.63,130.79,129.7,129.91,118.3154,1180800
2017-04-11,129.64,129.85,128.31,129.81,118.2243,613200
2017-04-12,129.75,129.97,128.3,129.01,117.4957,485300
2017-04-13,129.01,129.88,128.34,128.38,116.9219,575600
2017-04-17,128.89,130.29,128.89,130.17,118.5522,334800
2017-04-18,130.38,130.96,129.8,130.65,118.9893,915700
2017-04-19,133.11,133.71,126.04,126.89,115.5649,3355400
2017-04-20,130.1,130.82,129.29,130.05,118.4429,2259500
2017-04-21,130.35,130.49,129.72,130.03,118.4247,1298800
2017-04-24,133.63,134.29,132.71,133.46,121.5486,685100
2017-04-25,134.9,134.95,133.86,134.24,122.2589,681300
2017-04-26,133.04,133.43,132.0,132.46,120.6378,633600
2017-04-27,132.66,133.89,132.35,132.95,121.084,453100
2017-04-28,133.13,133.17,131.61,131.85,121.2745,753400
2017-05-01,132.05,133.01,131.72,132.86,122.2035,264200
2017-05-02,133.98,135.05,133.73,134.99,124.1626,850700
2017-05-03,133.81,134.96,133.74,134.17,123.4083,1008300
2017-05-04,133.75,135.39,133.74,135.06,124.227,871400
2017-05-05,134.61,135.92,134.47,135.84,124.9444,481000
2017-05-08,133.55,133.78,133.07,133.27,122.5806,957800
2017-05-09,134.3,135.15,134.24,134.96,124.135,438200
2017-05-10,134.05,134.5,133.51,133.8,123.068,703900
2017-05-11,133.23,134.27,132.82,134.16,123.3992,639900
2017-05-12,134.11,135.47,134.1,135.44,124.5765,443300
2017-05-15,135.41,136.14,135.21,135.74,124.8524,577500
2017-05-16,136.88,137.27,136.5,137.26,126.2505,729100
2017-05-17,135.66,135.97,132.8,132.81,122.1574,645700
2017-05-18,132.6,134.28,132.31,134.0,123.252,689500
2017-05-19,135.0,135.43,134.53,134.85,124.0338,619200
2017-05-22,133.98,134.52,133.67,134.21,123.4452,548800
2017-05-23,134.64,134.81,133.72,133.91,123.1692,687200
2017-05-24,133.97,134.28,133.17,133.49,122.7829,938000
2017-05-25,133.49,135.02,133.49,134.89,124.0706,457600
2017-05-26,133.86,134.6,133.55,134.2,123.436,731800
2017-05-30,133.06,133.81,133.0,133.41,122.7093,1020200
2017-05-31,133.06,133.34,131.62,131.99,121.4032,1436000
2017-06-01,132.9,133.83,132.62,133.81,123.0772,707400
2017-06-02,134.62,134.79,133.55,134.7,123.8958,334300
2017-06-05,132.9,133.83,132.78,133.16,122.4794,519500
2017-06-06,132.36,133.32,132.34,132.62,121.9827,614500
2017-06-07,133.79,134.46,133.1,133.99,123.2428,413400
2017-06-08,134.51,135.09,133.66,135.01,124.181,312400
2017-06-09,134.23,134.45,128.66,130.03,119.6004,1203900
2017-06-12,129.22,129.57,126.03,129.08,118.7266,1941400
2017-06-13,131.2,132.09,130.35,131.93,121.348,1373900
2017-06-14,132.41,132.55,129.04,130.15,119.7108,857700
2017-06-15,127.87,128.15,127.0,127.58,117.3469,1551700
2017-06-16,129.2,130.09,128.78,129.63,119.2325,925300
2017-06-19,131.19,131.82,130.78,131.45,120.9065,388000
2017-06-20,130.63,131.06,128.43,128.49,118.1839,604100
2017-06-21,128.58,130.63,128.5,130.43,119.9683,710600
2017-06-22,130.28,130.79,129.68,130.02,119.5912,660400
2017-06-23,132.94,135.42,132.9,134.64,123.8406,1276100
2017-06-26,135.81,136.07,133.66,133.78,123.0496,978400
2017-06-27,134.72,134.9,132.29,132.37,121.7527,1783600
2017-06-28,133.22,135.28,132.5,134.99,124.1626,773900
2017-06-29,132.67,133.18,128.35,129.6,119.2049,1988500
2017-06-30,131.11,131.48,129.88,130.31,119.858,899500
2017-07-03,131.1,131.34,129.33,129.67,119.2693,427900
2017-07-05,129.49,131.57,129.44,131.48,120.9341,796200
2017-07-06,130.79,131.77,130.1,131.22,120.695,832000
2017-07-07,131.83,133.54,131.83,132.89,122.2311,588700
2017-07-10,134.0,135.05,133.51,134.81,123.997,439700
2017-07-11,133.7,136.06,133.67,135.82,124.926,1100900
2017-07-12,136.61,137.55,136.28,137.04,126.0481,841300
2017-07-13,136.76,137.57,136.37,136.85,125.8734,484300
2017-07-14,138.04,140.05,137.89,139.92,128.6972,1164700
2017-07-17,140.42,140.79,139.1,140.22,128.9731,869900
2017-07-18,141.28,143.38,141.13,143.25,131.7601,1252200
2017-07-19,148.62,150.82,147.96,150.63,138.5481,2528800
2017-07-20,152.24,154.35,151.36,153.82,141.4822,2971500
2017-07-21,153.09,154.35,152.65,154.29,141.9145,938400
2017-07-24,153.88,154.5,153.06,153.74,141.4087,1272100
2017-07-25,154.35,154.38,152.56,152.73,140.4797,974600
2017-07-26,153.0,154.7,152.91,154.53,142.1353,768800
2017-07-27,154.9,155.73,151.48,153.24,140.9488,1019400
2017-07-28,151.7,152.88,151.65,152.53,140.2957,539100
2017-07-31,151.74,152.34,149.91,150.33,138.2722,868100
2017-08-01,151.95,152.1,150.57,150.92,138.8149,391600
2017-08-02,152.57,152.89,150.31,151.02,138.9068,855200
2017-08-03,152.66,152.83,151.46,152.17,139.9646,924000
2017-08-04,152.61,153.06,151.95,152.94,140.6729,491200
2017-08-07,153.35,154.66,153.34,154.42,142.0341,476000
2017-08-08,154.48,155.2,152.91,153.13,140.8476,490700
2017-08-09,152.66,153.73,152.35,153.56,141.2431,547100
2017-08-10,152.46,152.5,150.09,150.18,138.1342,844800
2017-08-11,149.39,151.34,148.95,151.19,139.0632,416900
2017-08-14,150.86,153.3,150.84,152.61,140.3693,552600
2017-08-15,151.45,152.63,151.34,152.46,140.2314,376800
2017-08-16,152.2,154.13,152.04,153.67,141.3443,518900
2017-08-17,152.86,153.19,150.6,150.65,138.5665,486000
2017-08-18,152.0,152.61,150.98,152.26,140.0474,688800
2017-08-21,152.16,152.3,150.94,151.59,139.4311,562600
2017-08-22,151.9,154.81,151.87,154.37,141.9881,839100
2017-08-23,153.9,154.2,153.13,153.4,141.096,532300
2017-08-24,153.29,153.9,152.71,153.45,141.1419,400200
2017-08-25,153.74,154.8,153.55,154.22,141.8502,535300
2017-08-28,153.67,154.36,153.39,154.12,141.7582,261400
2017-08-29,153.63,155.53,153.5,155.15,142.7056,575500
2017-08-30,153.84,155.3,153.42,154.81,142.3928,834200
2017-08-31,154.92,156.67,154.59,156.31,143.7725,787400
2017-09-01,157.16,157.57,156.38,157.28,144.6647,739700
2017-09-05,155.91,156.46,153.47,154.81,142.3928,493400
2017-09-06,156.31,157.28,155.88,156.48,143.9289,496400
2017-09-07,159.01,160.94,158.32,160.86,147.9576,1027800
2017-09-08,160.25,161.1,159.09,159.72,146.909,659400
2017-09-11,161.11,162.88,160.94,162.78,149.7236,698200
2017-09-12,161.87,162.1,160.86,161.35,148.4083,439400
2017-09-13,160.6,161.0,160.0,160.07,147.2309,613300
2017-09-14,160.7,161.89,160.29,161.43,148.4818,525500
2017-09-15,163.04,163.13,162.15,162.41,149.3833,632300
2017-09-18,164.81,167.21,164.67,166.99,153.5959,1294000
2017-09-19,168.64,168.69,167.67,168.29,154.7916,992800
2017-09-20,167.92,168.0,163.73,165.19,151.9403,990200
2017-09-21,165.53,166.1,164.17,165.77,152.4738,1066000
2017-09-22,165.2,166.45,165.08,165.96,152.6485,303600
2017-09-25,164.88,165.19,161.15,162.01,149.0154,849400
2017-09-26,161.68,162.92,160.95,162.86,149.7972,1180700
2017-09-27,163.2,167.9,163.07,166.94,153.5499,1253600
2017-09-28,168.27,171.0,168.14,170.49,156.8152,1477700
2017-09-29,170.1,171.53,169.62,171.2,157.4682,1677100
2017-10-02,170.39,171.76,169.78,170.7,157.0083,585700
2017-10-03,170.46,170.63,169.56,170.46,156.7876,454400
2017-10-04,169.97,171.43,169.52,171.19,157.459,861200
2017-10-05,169.55,169.82,167.86,168.52,155.0032,422300
2017-10-06,168.0,170.92,167.7,169.44,155.8494,1224200
2017-10-09,169.46,170.65,169.3,170.14,156.4932,352800
2017-10-10,170.27,171.18,168.92,171.18,157.4498,522200
2017-10-11,171.36,173.06,171.08,172.9,159.0319,859100
2017-10-12,172.06,174.89,171.95,173.61,159.6849,1302000
2017-10-13,176.57,176.87,175.58,176.3,162.1591,809400
2017-10-16,175.81,176.6,175.41,176.59,162.4259,743200
2017-10-17,176.01,176.69,174.49,176.34,162.196,1055300
2017-10-18,175.84,175.97,168.62,171.73,157.9557,2715900
2017-10-19,174.03,176.29,173.42,176.02,161.9016,1120100
2017-10-20,176.01,176.22,174.69,175.22,161.1658,1091300
2017-10-23,177.95,179.28,177.29,178.07,163.7872,1240700
2017-10-24,177.81,178.49,177.25,178.43,164.1183,614400
2017-10-25,178.5,178.98,175.72,177.36,163.1341,560000
2017-10-26,177.53,178.54,176.87,177.82,163.5573,427700
2017-10-27,178.25,179.26,177.13,178.93,164.5782,703800
2017-10-30,178.29,178.84,177.29,177.93,163.6584,1268300
2017-10-31,179.66,180.97,179.63,180.75,166.2522,526400
2017-11-01,182.68,182.98,179.54,181.4,166.8501,941900
2017-11-02,181.34,182.44,180.89,182.25,167.6319,553700
2017-11-03,183.55,184.65,182.59,184.58,169.775,470100
2017-11-06,183.98,185.39,182.93,184.92,170.0878,503200
2017-11-07,183.12,183.98,183.07,183.52,168.8,611700
2017-11-08,182.05,182.79,181.17,181.51,166.9513,677200
2017-11-09,178.48,178.98,176.22,178.01,163.732,685100
2017-11-10,178.71,179.7,178.19,179.6,165.1945,692000
2017-11-13,178.01,179.18,177.79,178.85,164.5047,415300
2017-11-14,179.9,180.48,178.65,180.34,165.8751,382800
2017-11-15,177.84,178.69,176.55,177.91,163.64,494400
2017-11-16,179.67,181.92,179.5,181.79,167.2088,1853700
2017-11-17,181.27,181.37,179.77,180.33,165.8659,553700
2017-11-20,179.94,182.36,179.79,181.53,166.9697,996700
2017-11-21,182.67,185.45,182.67,185.37,170.5017,845900
2017-11-22,184.89,185.19,182.35,183.0,168.3217,526600
2017-11-24,185.51,186.37,185.37,186.37,171.4214,311400
2017-11-27,185.83,185.94,184.55,184.72,169.9038,863900
2017-11-28,184.87,185.05,183.47,184.29,169.5083,787700
2017-11-29,182.47,182.52,172.09,172.44,158.6087,2544800
2017-11-30,175.86,176.55,173.78,175.52,161.4417,1584600
2017-12-01,174.01,174.22,171.21,172.43,158.5996,1143300
2017-12-04,175.19,175.31,168.35,169.33,155.7482,1446200
2017-12-05,169.54,172.98,168.7,170.5,156.8244,737800
2017-12-06,169.28,171.35,168.3,170.67,156.9807,869500
2017-12-07,170.43,172.83,170.43,172.17,158.3604,989700
2017-12-08,173.83,174.54,171.77,171.98,158.1857,487000
2017-12-11,172.53,175.41,172.26,175.13,161.083,1571600
2017-12-12,173.3,173.58,171.8,172.16,158.3512,1129300
2017-12-13,173.35,174.54,172.38,173.36,159.455,828900
2017-12-14,173.4,174.37,171.61,171.91,158.1213,935500
2017-12-15,171.93,174.14,170.85,173.8,159.8597,3118500
2017-12-18,175.47,177.05,174.96,176.37,162.2235,1207900
2017-12-19,176.14,177.49,175.61,177.03,162.8306,708700
2017-12-20,177.06,177.49,174.56,175.17,161.1198,528400
2017-12-21,175.73,175.97,174.05,174.54,160.5403,393400
2017-12-22,174.26,175.39,173.71,175.22,161.1658,285900
2017-12-26,173.65,173.7,171.38,173.09,159.2066,281400
2017-12-27,173.2,174.69,172.92,174.04,160.0804,334800
2017-12-28,174.11,174.71,173.66,174.2,160.2276,402100
2017-12-29,174.61,174.87,173.72,173.82,159.8781,194400
2018-01-02,174.14,177.84,173.98,177.73,163.4745,818600
2018-01-03,177.73,179.58,177.68,179.08,164.7162,1054200
2018-01-04,180.49,181.77,179.4,180.75,166.2522,915600
2018-01-05,180.84,183.45,180.75,182.87,168.2022,516100
2018-01-08,183.19,184.46,182.81,183.83,169.0852,763900
2018-01-09,184.07,184.17,181.24,182.84,168.1746,854300
2018-01-10,181.39,181.55,179.33,180.71,166.2154,668700
2018-01-11,180.08,180.23,177.91,178.55,164.2287,831900
2018-01-12,181.11,181.47,179.94,180.87,166.3626,710300
2018-01-16,187.7,188.5,185.26,186.38,171.4306,1518900
2018-01-17,194.99,201.2,194.76,199.18,183.204,2653200
2018-01-18,202.18,205.58,201.81,203.36,187.0487,3618500
2018-01-19,205.22,206.03,203.17,205.52,189.0355,1122900
2018-01-22,204.5,205.54,203.3,205.54,189.0538,1002300
2018-01-23,204.42,205.92,204.05,205.43,188.9527,559900
2018-01-24,203.51,204.01,200.47,202.25,186.0277,669800
2018-01-25,207.14,208.58,200.65,200.83,184.7217,1380200
2018-01-26,204.04,206.67,203.73,206.51,189.9461,1069200
2018-01-29,204.34,204.59,201.93,204.02,187.6558,1064500
2018-01-30,202.86,203.42,200.03,200.23,184.1697,744900
2018-01-31,202.39,203.66,202.0,202.96,186.6808,701800
2018-02-01,202.08,203.4,200.41,201.42,185.2643,741500
2018-02-02,199.34,199.5,194.47,194.57,178.9638,917300
2018-02-05,193.34,196.57,186.56,186.68,171.7066,912600
2018-02-06,186.69,194.29,185.84,194.11,178.5406,2881200
2018-02-07,191.1,191.6,187.0,187.15,172.1388,1275500
2018-02-08,186.88,187.37,178.2,179.9,165.4704,1767200
2018-02-09,182.07,184.91,175.88,183.67,168.938,2070900
2018-02-12,183.33,187.39,183.07,186.34,171.3939,1563400
2018-02-13,185.28,186.24,183.83,185.24,170.3821,496300
2018-02-14,183.71,192.08,183.55,191.34,175.9928,930600
2018-02-15,193.21,195.2,190.97,194.9,179.2672,1125900
2018-02-16,192.86,195.3,192.05,192.23,176.8114,738800
2018-02-20,191.99,197.39,191.97,195.52,179.8375,764000
2018-02-21,196.74,197.98,194.27,194.41,178.8166,703400
2018-02-22,195.73,196.03,192.52,193.29,177.7864,796500
2018-02-23,193.95,197.09,193.66,196.82,181.0332,741700
2018-02-26,200.1,201.0,198.36,200.84,184.7308,1172200
2018-02-27,198.98,200.53,197.44,197.44,181.6035,861100
2018-02-28,198.22,198.74,195.0,195.39,179.718,623700
2018-03-01,193.16,194.91,189.03,191.93,176.5355,901900
2018-03-02,190.5,193.88,189.09,193.57,178.044,696000
2018-03-05,194.72,199.59,194.38,198.35,182.4406,730700
2018-03-06,200.03,203.39,199.29,202.84,186.5704,1538800
2018-03-07,204.38,206.42,202.84,206.05,189.5229,1308300
2018-03-08,206.95,207.23,204.3,205.02,188.5755,458100
2018-03-09,207.4,209.89,206.93,209.41,192.6134,645100
2018-03-12,210.9,212.75,210.32,211.3,194.3518,788800
2018-03-13,212.77,213.6,207.12,208.02,191.3349,656900
2018-03-14,212.35,212.47,209.29,211.53,194.5634,733400
2018-03-15,214.3,215.48,212.75,214.44,197.24,700500
2018-03-16,213.54,214.58,212.56,214.06,196.8905,822000
2018-03-19,214.0,214.1,210.03,212.75,195.6855,1063300
2018-03-20,210.55,214.3,210.48,212.6,195.5476,790400
2018-03-21,213.09,216.0,212.35,213.73,196.5869,465400
2018-03-22,210.08,212.02,204.46,204.72,188.2996,1008300
2018-03-23,205.52,206.27,199.03,199.11,183.1396,1149000
2018-03-26,205.01,207.53,202.09,207.45,190.8107,776800
2018-03-27,207.18,207.92,198.88,200.29,184.2249,681900
2018-03-28,197.49,199.16,193.18,194.53,178.927,2776600
2018-03-29,195.85,200.42,194.83,198.56,182.6337,1193200
2018-04-02,197.47,199.16,190.63,193.05,177.5657,705200
2018-04-03,197.6,200.09,196.4,199.43,183.4339,1165600
2018-04-04,191.66,198.31,191.49,198.26,182.3577,1704900
2018-04-05,199.44,200.93,197.27,198.68,182.7441,861200
2018-04-06,197.49,199.28,194.01,194.63,179.0189,837900
2018-04-09,198.01,202.57,196.89,198.53,182.6061,774100
2018-04-10,204.42,207.07,202.0,205.55,189.063,885800
2018-04-11,204.14,206.7,203.88,205.55,189.063,855500
2018-04-12,205.87,207.32,205.07,206.24,189.6977,1044500
2018-04-13,205.83,207.15,204.83,205.65,189.155,526000
2018-04-16,207.64,207.97,205.56,206.7,190.1208,828600
2018-04-17,208.48,213.35,207.84,212.7,195.6396,1233000
2018-04-18,208.75,208.75,203.0,206.32,189.7713,1700600
2018-04-19,203.51,203.62,194.19,195.1,179.4512,2623900
2018-04-20,194.83,195.99,192.3,193.02,177.5381,1729200
2018-04-23,194.44,195.28,190.65,191.32,175.9745,808200
2018-04-24,196.02,197.07,191.67,194.05,178.4855,1147600
2018-04-25,193.65,193.83,190.32,191.66,176.2872,830300
2018-04-26,193.94,195.98,193.3,195.68,179.9847,875600
2018-04-27,194.48,194.65,191.18,191.75,177.9321,1109600
2018-04-30,189.62,190.21,187.63,188.45,174.8699,645900
2018-05-01,188.5,191.76,187.98,191.44,177.6445,484200
2018-05-02,191.21,192.19,189.97,190.34,176.6237,509500
2018-05-03,192.52,193.8,189.95,192.75,178.86,1588200
2018-05-04,191.25,196.3,190.74,195.51,181.4211,788000
2018-05-07,194.84,195.55,194.0,194.88,180.8365,570300
2018-05-08,192.75,194.38,192.14,193.87,179.8993,843800
2018-05-09,194.87,198.09,194.64,197.95,183.6853,518200
2018-05-10,199.33,201.12,199.0,201.07,186.5805,414200
2018-05-11,199.88,200.61,198.29,198.8,184.4741,405000
2018-05-14,201.42,203.67,201.3,201.94,187.3878,406800
2018-05-15,201.09,201.26,197.64,199.93,185.5226,569700
2018-05-16,200.96,202.97,200.82,202.88,188.2601,490900
2018-05-17,203.49,204.16,201.22,202.38,187.7961,524400
2018-05-18,200.79,201.15,196.68,197.34,183.1193,1002100
2018-05-21,202.32,202.89,200.91,202.51,187.9167,1089000
2018-05-22,202.99,203.63,201.55,202.54,187.9445,463600
2018-05-23,198.12,200.2,197.65,200.2,185.7731,719300
2018-05-24,200.36,201.08,198.63,200.83,186.3578,325300
2018-05-25,199.46,201.25,198.8,201.1,186.6083,309800
2018-05-29,196.01,198.58,194.46,195.6,181.5047,654000
2018-05-30,197.0,198.65,196.11,197.1,182.8966,583200
2018-05-31,198.37,198.86,194.81,196.65,182.4789,785700
2018-06-01,200.39,202.24,198.8,202.16,187.5919,518000
2018-06-04,203.56,204.15,202.34,203.92,189.2251,441300
2018-06-05,208.63,209.84,207.47,209.32,194.236,611000
2018-06-06,210.1,213.81,209.19,213.61,198.2168,569900
2018-06-07,211.05,211.33,205.91,207.56,192.6028,923400
2018-06-08,207.4,208.28,205.29,207.45,192.5008,837500
2018-06-11,209.76,210.76,209.23,209.86,194.7371,528100
2018-06-12,208.68,210.16,207.33,209.34,194.2545,363900
2018-06-13,213.32,215.51,212.61,213.75,198.3468,998900
2018-06-14,215.09,216.9,214.61,215.89,200.3326,710700
2018-06-15,215.0,215.5,213.81,214.82,199.3396,821300
2018-06-18,209.84,211.29,208.55,211.1,195.8877,599700
2018-06-19,203.76,206.44,201.78,206.18,191.3223,749300
2018-06-20,205.59,206.56,204.42,205.5,190.6913,542300
2018-06-21,206.84,206.95,203.52,204.24,189.522,893400
2018-06-22,207.03,207.62,204.1,206.37,191.4986,730900
2018-06-25,201.36,201.49,195.79,196.65,182.4789,1060000
2018-06-26,198.72,199.29,197.25,197.97,183.7038,1106500
2018-06-27,199.74,200.39,193.73,193.9,179.9272,663000
2018-06-28,190.69,193.66,190.04,193.58,179.6302,887500
2018-06-29,198.02,199.54,197.6,197.97,183.7038,894300
2018-07-02,193.62,195.38,189.81,195.25,181.1799,1963200
2018-07-03,193.44,194.9,191.27,191.47,177.6723,434600
2018-07-05,195.68,196.67,194.52,195.99,181.8666,540800
2018-07-06,194.19,197.84,194.16,197.32,183.1007,380300
2018-07-09,199.98,200.22,197.44,199.11,184.7617,1242600
2018-07-10,200.47,200.69,198.55,199.43,185.0587,977300
2018-07-11,196.7,197.49,193.33,193.59,179.6395,842500
2018-07-12,196.8,199.37,196.27,199.33,184.9659,625100
2018-07-13,200.32,200.32,198.57,199.19,184.836,422900
2018-07-16,199.86,201.14,199.37,200.08,185.6618,1153300
2018-07-17,199.81,204.88,199.39,204.34,189.6148,1383900
2018-07-18,213.09,218.48,212.75,217.9,202.1977,3615000
2018-07-19,215.75,216.7,214.65,215.26,199.7479,843000
2018-07-20,216.71,221.46,216.71,219.81,203.97,1371300
2018-07-23,219.57,221.66,217.0,220.78,204.8701,930500
2018-07-24,219.46,219.87,213.16,213.7,198.3003,918500
2018-07-25,215.72,219.07,214.89,218.97,203.1906,2240200
2018-07-26,216.07,216.84,214.23,216.65,201.0378,1511000
2018-07-27,216.86,217.51,212.43,213.3,197.9292,920600
2018-07-30,216.43,216.6,213.61,214.5,199.0427,692600
2018-07-31,215.15,216.3,213.96,214.0,198.5787,1162300
2018-08-01,214.01,215.37,212.74,213.91,198.4952,802500
2018-08-02,212.67,216.12,212.2,215.82,200.2675,613900
2018-08-03,214.06,214.93,212.35,214.78,199.3025,456100
2018-08-06,212.99,213.76,212.38,213.57,198.1797,501000
2018-08-07,214.54,215.0,212.97,213.56,198.1705,537600
2018-08-08,213.65,214.37,212.89,213.0,197.6508,491500
2018-08-09,213.22,213.39,209.03,209.17,194.0968,1016800
2018-08-10,204.74,205.6,202.65,203.89,189.1973,842500
2018-08-13,204.91,206.04,204.5,204.7,189.9489,914400
2018-08-14,207.14,207.33,204.93,205.61,190.7933,408800
2018-08-15,201.27,201.6,195.82,197.14,182.9337,1281400
2018-08-16,198.27,199.6,197.27,197.86,183.6018,1250600
2018-08-17,194.74,197.66,193.9,197.37,183.1471,730900
2018-08-20,198.83,199.95,197.52,199.49,185.1143,538300
2018-08-21,199.81,201.61,199.49,200.49,186.0423,699000
2018-08-22,200.14,201.15,199.21,200.81,186.3392,385600
2018-08-23,201.83,202.22,199.36,199.54,185.1607,374400
2018-08-24,201.69,203.18,201.52,202.98,188.3528,301900
2018-08-27,206.16,209.23,205.48,208.59,193.5586,546200
2018-08-28,207.62,208.06,204.94,206.69,191.7955,437600
2018-08-29,205.58,207.57,205.51,206.82,191.9162,401500
2018-08-30,205.38,206.85,204.73,205.2,190.4129,352800
2018-08-31,204.3,205.66,203.7,205.05,190.2737,388400
2018-09-04,199.05,199.9,197.33,199.48,185.1051,693000
2018-09-05,197.8,198.15,194.2,195.12,181.0592,633900
2018-09-06,191.56,192.13,183.43,184.45,171.1582,2100300
2018-09-07,181.2,184.43,180.28,180.87,167.8361,889600
2018-09-10,187.63,187.71,184.58,185.67,172.2902,1003600
2018-09-11,182.46,183.85,181.28,183.37,170.156,610500
2018-09-12,177.38,177.48,172.69,175.37,162.7325,3094700
2018-09-13,182.31,184.63,181.15,182.0,168.8847,2444700
2018-09-14,183.44,185.01,182.27,184.35,171.0654,1095400
2018-09-17,184.05,185.04,182.75,183.09,169.8962,574900
2018-09-18,184.71,187.61,184.71,186.57,173.1254,687000
2018-09-19,186.68,189.28,186.28,189.05,175.4267,1053800
2018-09-20,191.19,192.06,189.84,191.49,177.6909,561200
2018-09-21,189.44,190.1,187.96,188.43,174.8513,1116700
2018-09-24,190.76,191.58,189.44,191.47,177.6723,509400
2018-09-25,192.12,192.35,189.16,190.21,176.5031,515600
2018-09-26,186.8,191.3,186.59,188.8,175.1947,701000
2018-09-27,188.11,189.84,187.74,188.74,175.139,298700
2018-09-28,185.53,188.27,185.46,188.02,174.4709,609800
2018-10-01,190.87,192.52,189.51,190.08,176.3824,513900
2018-10-02,188.27,192.34,188.27,190.16,176.4567,421000
2018-10-03,191.26,192.34,189.94,191.81,177.9877,826600
2018-10-04,190.94,191.08,184.9,187.46,173.9513,610400
2018-10-05,185.9,186.98,181.59,183.79,170.5457,691200
2018-10-08,181.0,182.88,179.69,181.68,168.5878,603900
2018-10-09,180.68,183.96,180.39,182.95,169.7662,596000
2018-10-10,174.61,176.52,171.85,171.92,159.5311,1515900
2018-10-11,176.09,180.18,169.59,171.78,159.4012,1665300
2018-10-12,175.46,176.34,171.35,174.28,161.721,906100
2018-10-15,173.42,175.12,172.83,173.35,160.858,672600
2018-10-16,178.38,182.24,177.78,181.72,168.6249,823600
2018-10-17,187.58,189.25,183.31,185.01,171.6778,1709500
2018-10-18,182.38,182.8,175.85,176.44,163.7254,847700
2018-10-19,176.19,178.24,173.71,175.76,163.0943,740400
2018-10-22,176.46,177.02,174.26,176.33,163.6233,518600
2018-10-23,167.53,174.42,167.26,172.95,160.4869,1260800
2018-10-24,167.3,167.7,157.95,158.16,146.7627,1942800
2018-10-25,165.15,170.29,163.69,169.04,156.8586,1067700
2018-10-26,164.4,169.16,162.26,166.21,154.2326,876000
2018-10-29,168.52,169.7,160.38,163.37,151.5972,745500
2018-10-30,166.1,169.41,165.66,168.74,156.5803,1307500
2018-10-31,170.96,173.09,169.98,172.36,159.9394,731400
2018-11-01,171.03,176.06,169.65,175.72,163.0573,1352600
2018-11-02,178.07,178.68,172.82,174.99,162.3798,948400
2018-11-05,172.49,173.5,169.71,172.86,160.4034,567400
2018-11-06,174.31,177.67,174.05,177.43,164.644,1493800
2018-11-07,178.26,178.52,176.09,177.42,164.6348,1039400
2018-11-08,175.33,177.36,174.2,174.99,162.3798,1891400
2018-11-09,172.55,175.86,171.75,175.5,162.8531,1748000
2018-11-12,170.13,170.28,167.05,169.0,156.8215,2888200
2018-11-13,169.83,173.69,169.49,170.89,158.5753,1433100
2018-11-14,173.59,174.58,172.03,172.73,160.2827,1166700
2018-11-15,169.46,176.8,168.96,176.79,164.0502,2028800
2018-11-16,170.09,171.04,167.89,168.99,156.8123,3096800
2018-11-19,168.25,168.54,163.39,163.59,151.8014,1476500
2018-11-20,157.04,163.09,156.58,161.33,149.7042,2125600
2018-11-21,164.3,166.5,163.9,163.91,152.0983,1074000
2018-11-23,162.12,164.53,162.12,163.66,151.8663,742800
2018-11-26,165.14,167.66,164.29,167.43,155.3646,1056800
2018-11-27,166.73,168.17,165.63,167.41,155.3461,544300
2018-11-28,170.28,174.42,167.75,174.31,161.7489,613300
2018-11-29,172.53,173.25,170.96,171.52,159.1599,1079700
2018-11-30,168.96,171.45,168.36,171.35,159.0022,1360900
2018-12-03,173.86,178.2,173.13,177.66,164.8575,2413300
2018-12-04,175.59,176.31,169.38,169.64,157.4154,1625300
2018-12-06,164.53,166.5,162.26,166.35,154.3625,1097300
2018-12-07,164.85,165.92,158.9,159.53,148.0339,1412200
2018-12-10,161.52,163.08,158.81,161.41,149.7785,915800
2018-12-11,163.82,164.85,160.46,161.47,149.8341,1475500
2018-12-12,166.35,167.34,164.74,165.22,153.3139,917700
2018-12-13,165.02,165.61,163.71,164.09,152.2653,698200
2018-12-14,162.41,164.18,160.82,161.03,149.4258,692500
2018-12-17,161.0,164.2,159.62,160.6,149.0268,686500
2018-12-18,163.18,164.73,161.77,162.58,150.8641,710200
2018-12-19,159.95,162.98,153.34,153.88,142.7911,1580600
2018-12-20,156.21,156.76,151.69,152.68,141.6776,2719400
2018-12-21,151.77,152.59,148.0,148.45,137.7524,1805700
2018-12-24,149.14,150.49,144.81,145.01,134.5603,321500
2018-12-26,146.49,153.01,144.5,152.92,141.9003,634500
2018-12-27,149.84,154.41,149.57,154.39,143.2643,725800
2018-12-28,157.54,157.69,154.76,155.09,143.9139,676500
2018-12-31,156.04,157.03,153.95,155.62,144.4057,356500
2019-01-02,154.28,157.25,153.84,156.3,145.0367,602500
2019-01-03,151.19,152.22,147.38,147.68,137.0379,1078600
2019-01-04,150.65,154.96,150.04,154.07,142.9674,589500
2019-01-07,156.5,159.26,155.82,157.59,146.2337,971900
2019-01-08,158.5,158.77,155.55,156.43,145.1573,531700
2019-01-09,161.9,163.63,160.97,162.92,151.1797,779900
2019-01-10,161.29,163.05,160.51,162.61,150.892,1028100
2019-01-11,161.5,163.37,160.87,162.02,150.3445,639600
2019-01-14,160.1,160.35,158.26,158.69,147.2545,680200
2019-01-15,158.92,160.89,158.28,159.23,147.7556,482700
2019-01-16,159.17,159.39,157.19,157.28,145.9461,537600
2019-01-17,155.78,158.63,155.22,157.54,146.1874,953000
2019-01-18,159.18,164.01,158.86,162.7,150.9755,1664700
2019-01-22,160.9,161.0,157.97,159.5,148.0061,968500
2019-01-23,163.33,164.05,160.66,162.12,150.4373,1458900
2019-01-24,167.53,169.54,167.29,168.9,156.7287,1385700
2019-01-25,173.21,176.84,172.63,176.66,163.9295,1352900
2019-01-28,171.74,175.43,171.24,174.15,161.6004,2261100
2019-01-29,174.44,174.78,172.33,174.61,162.0273,966800
2019-01-30,175.15,177.59,173.74,177.19,164.4213,687600
2019-01-31,174.71,176.51,174.26,175.03,162.417,562100
2019-02-01,176.79,178.63,176.18,178.41,165.5534,795000
2019-02-04,178.43,179.72,177.86,179.56,166.6205,543000
2019-02-05,179.81,182.13,179.56,181.61,168.5229,650800
2019-02-06,184.05,187.05,184.02,186.86,173.3945,1554900
2019-02-07,183.56,184.01,180.31,181.1,168.0495,1474500
2019-02-08,178.11,181.57,177.84,181.07,168.0217,633100
2019-02-11,179.42,179.89,178.07,178.52,165.6555,653300
2019-02-12,180.32,183.26,180.32,182.79,169.6178,901600
2019-02-13,182.62,183.6,182.09,182.31,169.1723,653800
2019-02-14,183.18,184.87,182.66,184.33,171.0468,1060100
2019-02-15,185.09,185.1,183.5,184.37,171.0839,824400
2019-02-19,180.94,183.6,180.93,182.46,169.3116,900500
2019-02-20,181.87,184.27,181.81,183.85,170.6014,600400
2019-02-21,181.81,183.29,181.14,182.53,169.3766,712700
2019-02-22,184.31,185.13,183.31,184.89,171.5664,495600
2019-02-25,187.8,188.27,186.29,186.99,173.5151,737200
2019-02-26,185.31,186.47,184.69,185.36,172.0026,660600
2019-02-27,185.13,185.13,182.27,184.12,170.8519,387900
2019-02-28,183.32,183.86,182.57,182.87,169.6921,318500
2019-03-01,184.41,185.27,183.16,185.11,171.7706,389800
2019-03-04,185.36,186.73,183.56,185.66,172.2809,558300
2019-03-05,184.65,185.78,184.15,184.53,171.2324,258700
2019-03-06,184.3,184.38,181.04,181.16,168.1052,499300
2019-03-07,180.13,180.15,176.93,177.52,164.7275,648300
2019-03-08,175.96,178.97,175.57,178.84,165.9524,415700
2019-03-11,178.34,182.1,178.31,181.09,168.0403,609900
2019-03-12,182.0,183.53,180.81,182.51,169.358,509000
2019-03-13,183.75,183.99,182.39,182.53,169.3766,418500
2019-03-14,183.25,184.28,182.73,183.29,170.0817,524100
2019-03-15,187.64,192.96,187.61,192.81,178.9157,1445100
2019-03-18,190.53,191.43,189.38,190.64,176.9021,589500
2019-03-19,191.59,192.55,189.39,190.81,177.0599,683400
2019-03-20,190.49,192.69,188.39,191.14,177.366,584100
2019-03-21,189.95,195.46,189.94,194.36,180.354,770100
2019-03-22,191.36,191.89,187.45,187.75,174.2203,937000
2019-03-25,186.33,187.94,185.18,186.33,172.9027,1028700
2019-03-26,186.19,187.95,186.07,187.29,173.7935,414800
2019-03-27,187.13,187.96,183.1,184.06,170.7963,786700
2019-03-28,183.6,184.97,182.77,184.2,170.9262,312100
2019-03-29,186.28,188.42,185.5,188.05,174.4987,687400
2019-04-01,191.24,193.0,190.76,192.48,178.6095,647500
2019-04-02,193.98,194.18,192.36,193.84,179.8715,498300
2019-04-03,197.16,198.69,196.58,197.74,183.4904,691700
2019-04-04,198.25,199.02,197.43,198.38,184.0844,437500
2019-04-05,200.57,201.72,200.5,201.39,186.8774,503300
2019-04-08,202.0,203.68,201.63,203.56,188.891,503600
2019-04-09,202.1,203.01,201.07,201.57,187.0444,708300
2019-04-10,200.09,200.72,198.59,199.79,185.3927,611600
2019-04-11,197.72,199.25,197.29,197.91,183.6482,453300
2019-04-12,201.83,202.88,200.67,202.82,188.2044,430900
2019-04-15,201.28,201.73,199.01,199.84,185.4392,389400
2019-04-16,201.38,204.46,201.08,203.62,188.9467,755200
2019-04-17,208.38,208.9,200.58,203.36,188.7054,1280500
2019-04-18,206.05,207.03,204.58,205.91,191.0717,1007900
2019-04-22,204.62,205.87,203.73,205.51,190.7005,357500
2019-04-23,204.11,206.11,204.03,205.29,190.4964,438200
2019-04-24,205.56,207.81,205.2,205.41,190.6077,485700
2019-04-25,206.86,207.31,204.02,206.21,191.3501,756700
2019-04-26,204.87,207.26,203.18,207.2,194.5195,637900
2019-04-29,205.91,207.26,205.06,206.41,193.7778,365800
2019-04-30,206.64,209.01,206.29,208.82,196.0404,337500
2019-05-01,209.92,210.87,206.37,206.39,193.759,391200
2019-05-02,206.54,207.48,204.09,205.93,193.3272,405500
2019-05-03,206.77,208.69,206.22,208.68,195.9089,345200
2019-05-06,202.24,205.54,201.05,205.17,192.6137,413200
2019-05-07,203.0,203.0,198.41,200.69,188.4079,623100
2019-05-08,201.69,203.57,200.9,201.43,189.1026,573400
2019-05-09,198.38,199.94,194.74,198.99,186.8119,688000
2019-05-10,198.11,200.0,195.43,198.74,186.5772,780200
2019-05-13,193.4,193.98,189.92,190.44,178.7852,994000
2019-05-14,195.34,198.97,194.73,198.04,185.9201,1036700
2019-05-15,195.14,202.1,194.96,200.63,188.3516,711300
2019-05-16,200.54,203.67,200.06,202.14,189.7691,708600
2019-05-17,201.86,204.46,200.75,201.2,188.8867,700300
2019-05-20,193.87,195.27,188.87,190.48,178.8227,1287300
2019-05-21,194.5,195.16,193.08,193.75,181.8926,736600
2019-05-22,191.48,193.84,191.48,191.53,179.8084,505300
2019-05-23,189.57,191.46,188.8,190.62,178.9541,835500
2019-05-24,191.97,192.66,189.67,189.8,178.1844,432200
2019-05-28,192.62,193.38,190.89,190.99,179.3015,665700
2019-05-29,188.56,190.08,186.9,188.56,177.0202,1154100
2019-05-30,189.15,191.25,188.81,189.89,178.2689,465300
2019-05-31,188.62,189.89,187.68,188.05,176.5415,777300
2019-06-03,188.58,189.85,186.31,186.98,175.5369,527300
2019-06-04,188.97,190.56,188.11,190.46,178.804,922600
2019-06-05,191.83,192.21,188.81,189.4,177.8088,356400
2019-06-06,190.67,193.1,190.22,192.76,180.9632,399300
2019-06-07,195.63,198.46,194.96,196.62,184.5869,482300
2019-06-10,196.27,199.43,196.16,198.26,186.1266,755900
2019-06-11,202.36,202.66,199.06,200.1,187.854,520400
2019-06-12,199.55,199.55,196.73,196.82,184.7747,464500
2019-06-13,197.76,198.14,197.01,197.93,185.8168,268300
2019-06-14,191.55,193.14,190.5,192.02,180.2685,482300
2019-06-17,192.0,192.43,189.54,189.64,178.0341,476400
2019-06-18,189.49,195.8,189.49,194.72,182.8033,1358900
2019-06-19,196.47,198.22,195.32,196.82,184.7747,358200
2019-06-20,203.11,203.61,200.49,201.66,189.3185,431100
2019-06-21,201.3,202.8,200.41,202.27,189.8912,562900
2019-06-24,203.39,203.86,201.88,202.8,190.3888,476800
2019-06-25,202.8,203.09,198.12,199.04,186.8589,535400
2019-06-26,204.39,204.97,203.08,204.39,191.8814,784500
2019-06-27,204.69,205.53,204.09,204.99,192.4447,345100
2019-06-28,209.27,209.77,207.62,207.93,195.2048,405000
2019-07-01,215.97,216.59,212.97,214.97,201.8139,634200
2019-07-02,214.52,215.27,213.36,214.42,201.2976,572400
2019-07-03,213.83,214.79,213.39,213.83,200.7437,297100
2019-07-05,209.53,210.38,207.19,209.75,196.9134,428600
2019-07-08,208.57,209.51,206.82,208.03,195.2987,425300
2019-07-09,205.89,207.31,205.3,206.61,193.9656,530000
2019-07-10,207.5,209.31,206.97,208.12,195.3832,986500
2019-07-11,209.61,209.75,207.3,208.74,195.9652,269600
2019-07-12,208.04,209.06,207.38,208.18,195.4395,427400
2019-07-15,208.32,209.19,206.05,206.76,194.1064,681300
2019-07-16,205.4,206.93,204.36,205.0,192.4541,639200
2019-07-17,217.65,219.58,215.21,217.67,204.3487,2050400
2019-07-18,221.69,226.99,221.57,226.65,212.7792,1750500
2019-07-19,223.19,224.93,223.11,223.62,209.9346,790500
2019-07-22,225.29,228.12,225.29,227.74,213.8025,787500
2019-07-23,230.87,231.33,229.32,230.21,216.1212,831100
2019-07-24,230.19,234.5,230.01,234.06,219.7356,786500
2019-07-25,232.76,232.97,229.72,230.05,215.9711,521700
2019-07-26,232.22,232.41,230.83,230.85,216.7221,399700
2019-07-29,230.61,231.26,229.39,230.97,216.8348,325900
2019-07-30,227.66,229.41,227.33,228.34,214.3658,462000
2019-07-31,227.06,227.36,221.21,222.81,209.1742,519500
2019-08-01,225.98,229.97,219.18,221.44,207.888,834200
2019-08-02,222.54,222.54,218.19,219.91,206.4516,555700
2019-08-05,216.38,216.42,210.3,212.13,199.1478,693900
2019-08-06,215.58,216.54,212.55,214.89,201.7389,481400
2019-08-07,213.57,216.24,212.4,215.7,202.4993,428700
2019-08-08,216.9,220.55,216.67,220.03,206.5643,627600
2019-08-09,216.83,217.36,213.22,215.99,202.7716,415100
2019-08-12,216.05,216.61,213.7,214.45,201.3258,292000
2019-08-13,212.72,220.8,211.39,219.2,205.7851,587600
2019-08-14,210.82,212.25,207.07,208.72,195.9464,914100
2019-08-15,209.34,211.33,207.58,209.86,197.0167,671500
2019-08-16,209.29,213.33,209.09,212.85,199.8237,574500
2019-08-19,216.82,217.43,215.13,215.69,202.4899,329200
2019-08-20,215.64,216.22,214.08,214.69,201.5511,275200
2019-08-21,218.61,218.61,216.51,217.03,203.7479,298100
2019-08-22,216.31,216.84,213.66,215.26,202.0862,376100
2019-08-23,213.63,216.5,209.6,210.5,197.6175,591500
2019-08-26,213.86,214.44,212.31,213.99,200.894,296800
2019-08-27,215.31,215.67,213.1,214.07,200.9691,359700
2019-08-28,213.18,215.94,212.35,215.75,202.5462,317500
2019-08-29,220.05,221.87,219.53,219.74,206.292,370300
2019-08-30,223.27,224.01,220.12,222.61,208.9864,357600
2019-09-03,220.65,221.58,218.9,220.02,206.5549,598700
2019-09-04,224.74,227.45,224.18,227.27,213.3613,432700
2019-09-05,236.35,238.03,235.7,237.09,222.5802,982300
2019-09-06,238.19,240.11,237.17,238.56,223.9603,872100
2019-09-09,239.08,242.32,238.89,241.33,226.5607,536700
2019-09-10,240.07,241.67,238.11,241.67,226.8799,735500
2019-09-11,241.68,245.24,241.24,245.24,230.2315,782500
2019-09-12,245.1,248.21,244.6,246.83,231.7241,828000
2019-09-13,250.36,251.23,248.37,248.99,233.7519,934000
2019-09-16,246.08,247.33,245.39,246.21,231.1421,398900
2019-09-17,245.66,248.42,245.2,248.1,232.9164,730000
2019-09-18,248.71,250.54,246.61,249.79,234.5029,519400
2019-09-19,250.43,252.11,249.59,249.59,234.3152,394700
2019-09-20,250.7,250.88,244.67,245.79,230.7478,819500
2019-09-23,246.19,249.25,245.84,248.48,233.2732,296100
2019-09-24,248.74,249.94,245.14,246.39,231.3111,605600
2019-09-25,242.67,248.03,241.17,247.53,232.3813,518300
2019-09-26,249.56,249.64,246.47,248.04,232.8601,615100
2019-09-27,247.07,248.05,241.32,243.71,228.7951,564500
2019-09-30,244.98,249.41,244.82,248.42,233.2168,495000
2019-10-01,249.17,250.17,244.68,245.39,230.3723,655300
2019-10-02,243.49,243.52,238.29,240.29,225.5844,710100
2019-10-03,240.91,244.88,238.54,244.35,229.3959,531000
2019-10-04,244.47,246.36,244.18,246.04,230.9825,518000
2019-10-07,247.41,249.43,247.18,247.42,232.278,515900
2019-10-08,244.05,245.6,241.51,242.08,227.2649,576700
2019-10-09,245.56,247.95,244.84,246.27,231.1984,431300
2019-10-10,249.14,254.24,248.38,251.49,236.099,835700
2019-10-11,258.4,262.46,257.74,260.0,244.0882,1034300
2019-10-14,259.82,262.0,259.09,261.64,245.6278,731800
2019-10-15,263.44,269.39,263.01,267.54,251.1667,1265400
2019-10-16,260.26,260.7,253.53,254.47,238.8966,1720200
2019-10-17,256.19,257.17,253.26,253.76,238.23,1543900
2019-10-18,253.99,255.3,252.33,254.42,238.8496,1640900
2019-10-21,257.78,261.0,257.1,260.43,244.4918,790400
2019-10-22,258.81,260.27,255.07,255.29,239.6664,797300
2019-10-23,254.85,257.95,253.59,257.66,241.8914,917100
2019-10-24,260.8,265.48,260.65,264.97,248.754,642300
2019-10-25,262.45,264.7,261.88,263.99,247.834,550500
2019-10-28,267.39,268.36,265.88,266.51,250.1997,683000
2019-10-29,268.88,269.26,264.24,264.6,248.4067,501900
2019-10-30,263.16,266.02,261.08,265.65,249.3925,494700
2019-10-31,265.3,265.3,261.32,261.97,245.9376,630600
2019-11-01,267.21,270.84,266.16,270.6,254.0395,617600
2019-11-04,272.6,275.0,272.08,273.18,257.5752,664600
2019-11-05,271.82,273.93,271.0,271.8,256.2741,382700
2019-11-06,269.55,270.13,267.81,268.74,253.3889,909500
2019-11-07,269.08,270.77,267.2,267.65,252.3611,560900
2019-11-08,265.79,268.2,264.69,267.29,252.0216,743400
2019-11-11,266.15,267.49,265.13,266.72,251.4842,451700
2019-11-12,268.2,269.15,266.61,267.59,252.3046,336100
2019-11-13,268.03,270.49,267.31,269.92,254.5016,422800
2019-11-14,268.65,270.46,268.15,269.73,254.3223,539200
2019-11-15,274.31,275.52,273.58,274.97,259.263,667900
2019-11-18,273.07,276.23,271.81,273.47,257.8487,430700
2019-11-19,272.95,273.24,270.4,271.55,256.0384,465200
2019-11-20,271.3,272.0,267.0,268.87,253.5115,408800
2019-11-21,269.45,269.51,266.59,267.03,251.7765,652100
2019-11-22,269.87,270.23,264.81,266.22,251.0128,616000
2019-11-25,268.36,271.75,268.13,271.15,255.6612,409800
2019-11-26,273.72,273.84,271.21,271.47,255.9629,445600
2019-11-27,271.2,271.65,270.08,271.48,255.9723,383300
2019-11-29,273.43,273.43,270.43,270.62,255.1614,267600
2019-12-02,270.11,270.21,263.92,265.59,250.4188,764600
2019-12-03,263.14,265.0,261.11,264.84,249.7117,929800
2019-12-04,268.96,270.41,268.14,269.76,254.3506,447100
2019-12-05,272.81,275.18,271.4,273.84,258.1976,639200
2019-12-06,280.8,281.97,278.6,280.09,264.0905,724600
2019-12-09,282.12,282.5,277.43,277.52,261.6673,427200
2019-12-10,277.89,280.28,277.23,279.11,263.1665,380000
2019-12-11,278.44,284.36,278.44,284.04,267.8149,465600
2019-12-12,281.7,287.28,281.3,287.24,270.8321,856800
2019-12-13,288.53,291.83,287.11,289.89,273.3307,723000
2019-12-16,291.23,293.95,291.23,292.97,276.2347,552800
2019-12-17,296.98,297.09,293.06,294.84,277.998,401100
2019-12-18,294.83,295.66,291.91,292.16,275.471,478500
2019-12-19,290.65,291.83,289.14,291.82,275.1504,410100
2019-12-20,292.75,294.36,292.31,293.59,276.8194,824600
2019-12-23,295.5,297.42,295.45,296.14,279.2237,424900
2019-12-24,293.99,295.19,291.3,294.93,278.0828,219500
2019-12-26,295.04,296.55,294.23,296.34,279.4122,191300
2019-12-27,297.45,298.5,296.15,296.67,279.7234,317000
2019-12-30,296.42,296.7,293.65,294.89,278.0451,338900
2019-12-31,294.98,296.49,293.36,295.94,279.0351,298900
2020-01-02,301.27,303.32,300.61,302.83,285.5316,573600
2020-01-03,298.04,300.75,297.66,297.95,280.9303,410800
2020-01-06,293.17,295.72,292.43,295.58,278.6957,617600
2020-01-07,298.67,301.22,297.41,298.79,281.7224,477700
2020-01-08,300.66,303.19,299.94,301.89,284.6452,536900
2020-01-09,303.28,303.91,300.27,301.38,284.1643,579700
2020-01-10,300.05,300.51,295.56,296.18,279.2614,447700
2020-01-13,298.68,301.62,297.5,301.45,284.2304,405700
2020-01-14,299.15,305.9,298.47,302.55,285.2676,609600
2020-01-15,301.6,302.95,299.75,300.08,282.9386,505300
2020-01-16,302.55,302.94,299.55,301.08,283.8814,547500
2020-01-17,300.9,301.05,299.27,300.04,282.901,743900
2020-01-21,298.11,301.25,297.47,298.4,281.3546,573000
2020-01-22,300.56,301.66,296.01,296.25,279.3274,1108600
2020-01-23,296.93,297.1,291.56,294.32,277.5077,713000
2020-01-24,296.89,299.33,294.49,295.83,278.9314,977800
2020-01-27,287.16,288.62,283.77,284.28,268.0412,889100
2020-01-28,286.23,290.26,285.16,290.18,273.6041,1636100
2020-01-29,296.07,298.29,293.71,296.14,279.2237,965500
2020-01-30,290.79,294.7,290.54,294.38,277.5642,794100
2020-01-31,288.0,288.25,280.17,280.66,264.6279,1272600
2020-02-03,283.63,288.85,283.32,288.16,271.6995,823200
2020-02-04,294.91,299.26,294.23,299.23,282.1372,795300
2020-02-05,307.35,307.35,303.05,306.32,288.8222,1042000
2020-02-06,307.53,309.61,306.62,309.55,291.8676,698000
2020-02-07,304.67,305.63,303.2,304.97,287.5493,1775900
2020-02-10,304.04,309.7,304.0,309.68,291.9902,373000
2020-02-11,313.04,316.27,313.01,316.01,297.9586,789900
2020-02-12,315.63,317.71,315.25,317.44,299.307,656100
2020-02-13,314.95,318.37,314.02,317.25,299.1278,742200
2020-02-14,317.37,319.22,314.51,316.3,298.2321,661400
2020-02-18,307.4,310.21,306.89,309.18,291.5188,757100
2020-02-19,311.15,317.63,311.0,317.39,299.2599,1093900
2020-02-20,315.85,316.58,310.44,313.47,295.5637,1118400
2020-02-21,310.2,310.83,304.73,306.0,288.5204,1134600
2020-02-24,289.05,295.23,288.27,290.4,273.8116,1347400
2020-02-25,295.55,295.93,284.44,284.59,268.3334,1166700
2020-02-26,289.45,292.31,285.59,286.32,269.9646,861100
2020-02-27,278.86,286.85,275.87,277.23,261.3939,1373900
2020-02-28,267.81,277.46,265.98,276.71,260.9036,1647400
2020-03-02,279.62,287.49,275.47,287.49,271.0678,1081300
2020-03-03,292.93,296.85,282.22,284.3,268.06,1916300
2020-03-04,292.39,301.99,289.98,301.61,284.3812,1289500
2020-03-05,291.04,295.94,286.04,288.25,271.7844,1453900
2020-03-06,284.46,288.24,281.29,288.11,271.6524,1148400
2020-03-09,265.45,276.37,263.86,263.91,248.8347,1759600
2020-03-10,277.99,280.35,265.0,279.76,263.7794,1699200
2020-03-11,272.51,274.33,260.56,264.14,249.0517,1175900
2020-03-12,245.42,254.86,237.55,240.75,226.9977,2779800
2020-03-13,257.06,257.86,233.84,256.95,242.2723,2637200
2020-03-16,220.65,248.21,209.62,229.36,216.2584,1496800
2020-03-17,231.55,239.98,225.02,238.34,224.7254,1642500
2020-03-18,213.36,226.29,191.25,196.99,185.7374,3131900
2020-03-19,205.81,219.24,200.59,214.03,201.8041,1634600
2020-03-20,225.15,237.32,215.59,216.1,203.7558,2316700
2020-03-23,225.33,235.3,222.67,233.15,219.8318,1731500
2020-03-24,254.33,260.53,250.8,260.21,245.3461,1427600
2020-03-25,260.67,272.34,251.95,262.07,247.0998,1211300
2020-03-26,262.89,277.14,261.61,275.9,260.1398,1018600
2020-03-27,262.21,263.71,251.81,252.62,238.1897,1518300
2020-03-30,263.57,270.13,260.69,268.03,252.7193,1142400
2020-03-31,268.12,268.59,259.0,261.64,246.6944,881800
2020-04-01,253.13,257.68,247.38,249.01,234.7859,715700
2020-04-02,243.87,251.96,242.25,247.28,233.1547,788600
2020-04-03,246.06,248.0,242.48,244.61,230.6372,571700
2020-04-06,260.0,272.78,259.42,271.13,255.6424,807600
2020-04-07,280.46,281.28,271.0,272.59,257.0189,768200
2020-04-08,278.03,281.34,274.41,278.58,262.6668,891700
2020-04-09,282.22,285.13,275.12,276.81,260.9978,728900
2020-04-13,274.85,276.15,272.01,274.1,258.4427,789400
2020-04-14,286.99,294.76,285.05,288.93,272.4255,1700600
2020-04-15,276.92,284.54,275.05,282.49,266.3533,1487600
2020-04-16,289.83,292.55,286.17,292.4,275.6973,1212000
2020-04-17,301.25,301.43,293.61,295.65,278.7617,899100
2020-04-20,291.65,298.01,291.44,291.58,274.9242,510100
2020-04-21,286.07,287.55,278.57,281.09,265.0334,663700
2020-04-22,290.0,295.47,288.23,294.97,278.1205,596100
2020-04-23,290.94,297.16,288.31,289.4,272.8687,730500
2020-04-24,289.89,292.46,285.97,291.84,276.5627,464200
2020-04-27,293.79,294.76,290.28,290.9,275.6718,689100
2020-04-28,297.59,297.59,291.09,291.42,276.1646,532000
2020-04-29,296.3,304.76,295.35,303.71,287.8113,968000
2020-04-30,301.36,301.53,287.06,288.43,273.3312,846300
2020-05-01,283.86,283.86,278.2,279.06,264.4516,862800
2020-05-04,279.6,283.23,275.96,283.18,268.356,1036900
2020-05-05,284.33,293.0,284.33,288.35,273.2553,821600
2020-05-06,293.89,295.78,290.79,291.9,276.6195,552400
2020-05-07,297.94,300.12,294.55,299.59,283.9069,570800
2020-05-08,300.22,304.51,299.44,304.4,288.4652,680600
2020-05-11,298.6,305.8,298.35,304.39,288.4556,513600
2020-05-12,305.38,305.9,296.24,296.63,281.1019,481700
2020-05-13,298.49,301.47,290.75,294.23,278.8276,1142300
2020-05-14,286.17,303.76,283.31,302.55,286.712,1296800
2020-05-15,292.75,296.22,290.1,292.54,277.226,957200
2020-05-18,297.69,306.56,297.66,304.89,288.9295,997000
2020-05-19,303.82,311.99,303.73,306.25,290.2183,687400
2020-05-20,318.24,326.26,317.55,325.64,308.5933,1084900
2020-05-21,322.6,324.46,317.3,318.99,302.2914,639200
2020-05-22,315.97,319.5,314.32,319.36,302.6421,365400
2020-05-26,322.46,325.38,319.38,319.86,303.1158,540400
2020-05-27,318.99,319.6,311.11,318.53,301.8555,808100
2020-05-28,321.26,329.08,319.41,319.97,303.2201,797900
2020-05-29,325.45,329.98,324.24,329.51,312.2607,649500
2020-06-01,323.88,327.16,323.5,326.73,309.6263,526100
2020-06-02,331.69,335.02,328.77,334.73,317.2074,717200
2020-06-03,340.51,347.46,338.85,346.3,328.1717,693900
2020-06-04,347.85,353.39,347.0,353.11,334.6252,884600
2020-06-05,359.0,364.16,356.16,357.22,338.5201,899200
2020-06-08,350.97,351.57,343.11,349.25,330.9673,1001700
2020-06-09,346.62,353.14,345.18,349.33,331.0431,737200
2020-06-10,351.01,353.42,347.71,347.92,329.707,997900
2020-06-11,341.6,344.82,332.8,332.89,315.4638,919300
2020-06-12,346.26,347.27,337.25,343.07,325.1108,845000
2020-06-15,337.51,350.01,336.63,350.01,331.6876,598200
2020-06-16,351.25,355.0,347.04,352.05,333.6207,863900
2020-06-17,361.38,365.75,360.41,362.41,343.4384,710400
2020-06-18,359.58,361.8,356.52,358.88,340.0932,494700
2020-06-19,364.73,368.14,359.59,360.67,341.7895,786900
2020-06-22,362.38,364.93,359.82,364.29,345.22,554500
2020-06-23,370.61,371.8,366.55,366.64,347.447,604100
2020-06-24,365.59,367.56,359.53,361.58,342.6518,613500
2020-06-25,362.47,366.93,358.58,366.55,347.3617,465100
2020-06-26,367.43,368.2,361.0,361.76,342.8224,493000
2020-06-29,362.93,365.1,358.11,364.81,345.7129,612800
2020-06-30,362.22,368.91,362.19,368.03,348.7642,678600
2020-07-01,368.03,370.19,365.27,367.59,348.3473,516600
2020-07-02,373.56,375.88,372.41,373.22,353.6825,449400
2020-07-06,386.28,389.49,383.5,385.46,365.2818,752900
2020-07-07,385.4,388.61,381.87,382.02,362.0218,410900
2020-07-08,388.83,392.15,386.89,391.93,371.4131,599300
2020-07-09,395.45,395.68,386.1,394.72,374.0571,644200
2020-07-10,399.08,399.19,391.95,395.85,375.128,667200
2020-07-13,397.86,402.87,387.87,388.62,368.2764,1083600
2020-07-14,386.63,397.55,385.41,396.83,376.0566,880100
2020-07-15,387.17,387.69,372.51,375.43,355.7768,1640300
2020-07-16,374.1,393.86,372.82,385.22,365.0544,2240900
2020-07-17,385.43,387.05,380.11,383.59,363.5097,1048700
2020-07-20,383.91,392.47,382.08,391.48,370.9867,972600
2020-07-21,392.14,392.29,383.16,383.82,363.7277,823700
2020-07-22,392.62,394.55,389.75,392.6,372.048,710100
2020-07-23,390.05,394.21,381.89,384.23,364.1162,990800
2020-07-24,371.01,375.16,366.77,367.68,348.4325,1628900
2020-07-27,377.99,383.79,376.26,381.78,361.7944,1080300
2020-07-28,381.11,381.74,376.19,376.36,356.6581,502000
2020-07-29,365.0,366.16,361.69,364.62,345.5327,1446700
2020-07-30,355.85,362.82,354.86,362.73,343.7417,1010400
2020-07-31,361.95,362.16,350.74,353.72,335.2033,954900
2020-08-03,361.02,367.15,359.82,366.61,347.4185,862400
2020-08-04,368.43,371.87,368.2,370.33,350.9438,833400
2020-08-05,371.01,373.21,366.71,368.51,349.219,591300
2020-08-06,368.05,369.56,364.18,369.23,349.9015,402100
2020-08-07,370.74,371.17,362.33,366.07,346.9069,572500
2020-08-10,364.76,366.78,359.54,365.41,346.2814,547900
2020-08-11,366.04,369.37,360.66,361.31,342.396,627000
2020-08-12,366.59,376.03,365.64,374.81,355.1893,565400
2020-08-13,376.58,378.14,373.0,374.76,355.142,470700
2020-08-14,371.08,374.15,369.67,371.1,351.6735,543900
2020-08-17,376.66,380.5,376.25,378.51,358.6956,428200
2020-08-18,383.61,383.98,376.99,377.22,357.4732,466500
2020-08-19,380.39,380.43,373.96,374.94,355.3124,354400
2020-08-20,369.54,373.38,368.38,372.17,352.6875,498200
2020-08-21,366.15,372.13,365.54,372.12,352.6401,605400
2020-08-24,380.25,380.8,374.53,377.99,358.2028,590700
2020-08-25,379.3,380.83,376.27,380.83,360.8942,378200
2020-08-26,380.09,386.67,380.08,385.92,365.7177,417600
2020-08-27,386.72,386.8,373.24,376.22,356.5255,636100
2020-08-28,376.12,379.89,374.8,379.47,359.6054,490200
2020-08-31,375.92,378.44,373.31,374.18,354.5923,533300
2020-09-01,384.11,386.9,382.33,386.9,366.6464,634500
2020-09-02,395.66,401.15,390.49,398.49,377.6297,904300
2020-09-03,389.1,389.31,370.08,376.16,356.4686,1258500
2020-09-04,365.5,371.0,352.86,367.42,348.1862,1206300
2020-09-08,345.37,353.39,343.25,347.35,329.1667,1541000
2020-09-09,357.97,361.54,353.51,359.37,340.5576,847300
2020-09-10,364.27,366.81,355.03,357.0,338.3116,678600
2020-09-11,364.0,367.15,357.59,359.23,340.4248,678700
2020-09-14,369.77,369.98,365.36,367.94,348.679,575700
2020-09-15,374.55,374.76,369.1,370.25,350.868,717100
2020-09-16,372.0,372.98,362.36,362.38,343.41,973900
2020-09-17,355.51,367.63,355.14,366.74,347.5417,901000
2020-09-18,370.29,370.91,359.93,366.34,347.1627,912200
2020-09-21,355.31,363.0,352.57,362.62,343.6374,657900
2020-09-22,363.99,365.1,358.73,364.64,345.5518,971200
2020-09-23,365.21,366.58,356.93,357.56,338.8422,709800
2020-09-24,354.65,363.59,353.68,360.16,341.3062,768400
2020-09-25,352.82,361.11,351.09,360.48,341.6094,724100
2020-09-28,365.9,371.49,364.35,371.06,351.6356,821900
2020-09-29,370.07,375.88,369.57,374.0,354.4217,608800
2020-09-30,368.78,373.25,367.5,369.27,349.9393,867800
2020-10-01,375.53,382.65,374.42,382.01,362.0124,891600
2020-10-02,372.4,375.72,370.0,370.0,350.6311,711600
2020-10-05,375.15,382.4,374.91,382.11,362.1071,649900
2020-10-06,374.2,377.38,368.56,370.11,350.7353,686600
2020-10-07,374.43,376.53,371.63,375.8,356.1275,550900
2020-10-08,376.77,380.95,376.44,380.89,360.951,686700
2020-10-09,385.8,389.98,385.77,388.99,368.627,539300
2020-10-12,395.43,401.0,395.43,399.04,378.1509,840300
2020-10-13,401.51,409.11,398.28,405.15,383.941,1027900
2020-10-14,402.64,406.0,395.5,398.03,377.1938,954800
2020-10-15,383.8,387.92,380.72,386.57,366.3337,786200
2020-10-16,390.76,392.38,385.87,386.9,366.6464,594500
2020-10-19,392.19,392.27,383.79,385.31,365.1396,392700
2020-10-20,386.82,389.27,384.26,384.96,364.8079,356800
2020-10-21,385.65,389.29,382.98,383.0,362.9506,359100
2020-10-22,381.1,382.09,375.4,375.5,355.8432,611700
2020-10-23,378.84,379.56,374.14,378.56,358.743,467600
2020-10-26,371.55,374.88,364.0,367.49,348.2524,900400
2020-10-27,368.41,370.54,364.46,366.37,347.1912,968700
2020-10-28,359.47,365.07,357.38,362.86,343.8649,953100
2020-10-29,363.34,373.8,362.22,370.86,351.446,808800
2020-10-30,363.81,365.83,359.01,361.21,342.3012,821100
2020-11-02,364.48,368.32,361.72,365.21,347.4346,893200
2020-11-03,368.46,376.39,367.86,372.06,353.9512,813500
2020-11-04,373.66,384.96,372.32,383.0,364.3587,2451500
2020-11-05,397.2,399.68,393.46,398.19,378.8094,1115500
2020-11-06,402.1,407.5,398.19,406.24,386.4677,710700
2020-11-09,417.04,420.65,406.32,406.33,386.5533,1273700
2020-11-10,409.12,410.11,397.98,399.3,379.8654,1323100
2020-11-11,407.4,418.64,407.28,418.05,397.7028,933300
2020-11-12,419.0,421.18,412.01,412.72,392.6321,800800
2020-11-13,419.57,421.38,416.38,419.59,399.1678,582700
2020-11-16,419.95,426.65,419.63,426.51,405.7511,547300
2020-11-17,424.92,427.45,422.25,426.48,405.7225,524600
2020-11-18,424.12,427.36,421.02,423.81,403.1824,543600
2020-11-19,417.31,423.38,416.87,423.36,402.7543,914100
2020-11-20,424.04,428.4,423.52,423.59,402.9731,484000
2020-11-23,427.99,429.64,421.95,427.15,406.3599,596000
2020-11-24,425.42,427.61,423.02,424.27,403.6201,610400
2020-11-25,423.26,424.68,420.75,423.48,402.8685,308200
2020-11-27,429.33,438.72,428.78,437.77,416.463,432500
2020-11-30,440.54,441.29,433.67,437.73,416.4249,508500
2020-12-01,447.1,451.73,444.48,449.24,427.3747,685100
2020-12-02,447.16,452.11,444.26,451.0,429.049,1050700
2020-12-03,457.01,459.22,452.31,452.9,430.8565,677900
2020-12-04,454.0,464.5,453.47,464.39,441.7874,660800
2020-12-07,464.56,471.01,464.1,469.73,446.8675,632900
2020-12-08,465.92,470.85,464.94,468.57,445.7639,738800
2020-12-09,463.8,465.96,450.52,452.89,430.8471,868800
2020-12-10,451.14,458.88,449.12,457.8,435.518,539300
2020-12-11,453.81,457.15,451.84,452.63,430.5997,512100
2020-12-14,452.34,456.82,452.17,452.99,430.9421,546100
2020-12-15,464.51,469.62,461.89,469.3,446.4584,639200
2020-12-16,467.99,472.24,465.01,471.53,448.5799,524900
2020-12-17,478.73,481.32,476.01,477.3,454.069,477300
2020-12-18,478.49,479.45,474.32,477.24,454.0119,730700
2020-12-21,460.26,472.28,459.48,472.26,449.2743,622800
2020-12-22,473.48,478.62,472.95,476.18,453.0036,431300
2020-12-23,478.94,480.39,474.2,474.62,451.5194,389200
2020-12-24,478.95,484.6,477.08,483.09,459.5772,271900
2020-12-28,487.14,488.72,478.43,480.24,456.8659,449300
2020-12-29,489.45,489.45,482.51,484.01,460.4524,377200
2020-12-30,488.13,492.66,488.0,489.91,466.0652,381900
2020-12-31,490.0,490.52,483.45,487.72,463.9818,312700
2021-01-04,499.99,504.75,490.71,500.0,475.6641,1527600
2021-01-05,494.16,505.36,493.89,505.36,480.7632,1029900
2021-01-06,491.85,499.84,489.74,490.22,466.3601,977900
2021-01-07,495.97,503.22,495.52,501.43,477.0245,936200
2021-01-08,512.59,514.28,501.71,508.74,483.9787,734500
2021-01-11,500.5,508.91,499.43,507.95,483.2273,703000
2021-01-12,507.1,514.79,503.5,513.93,488.9162,651700
2021-01-13,511.21,515.61,509.38,514.06,489.0398,513700
2021-01-14,530.16,546.4,529.89,544.65,518.1409,1450300
2021-01-15,532.31,536.85,525.36,527.5,501.8257,869200
2021-01-19,533.0,550.48,530.61,549.5,522.7549,1504000
2021-01-20,555.57,558.16,543.16,549.38,522.6407,1121900
2021-01-21,568.0,573.8,565.61,570.74,542.961,1272100
2021-01-22,563.49,570.71,562.79,569.45,541.7338,901600
2021-01-25,562.15,568.22,554.12,567.61,539.9833,966500
2021-01-26,563.18,563.65,548.44,549.0,522.2793,887700
2021-01-27,534.97,539.52,522.5,524.63,499.0954,1506800
2021-01-28,542.11,553.84,537.38,547.22,520.5857,968600
2021-01-29,540.96,543.5,528.3,534.16,508.1614,867300
2021-02-01,547.4,555.47,544.53,554.39,527.4069,849600
2021-02-02,553.78,556.79,549.45,553.5,526.5602,721600
2021-02-03,551.29,551.72,541.95,542.91,516.4854,635400
2021-02-04,546.96,555.98,544.28,555.44,528.4057,554500
2021-02-05,554.96,556.14,551.02,552.81,525.9038,461700
2021-02-08,557.97,566.93,557.97,564.0,536.5494,716900
2021-02-09,566.54,571.93,565.5,565.5,537.9761,483300
2021-02-10,571.43,573.06,559.7,566.89,539.2986,458600
2021-02-11,574.63,591.79,573.83,591.51,562.7201,975400
2021-02-12,591.97,601.46,589.15,597.99,568.8848,732400
2021-02-16,605.58,608.71,599.17,603.14,573.7842,621600
2021-02-17,598.35,598.48,581.46,587.58,558.9815,825100
2021-02-18,584.36,589.46,576.05,582.48,554.1296,716800
2021-02-19,591.84,600.75,589.39,594.4,565.4695,821500
2021-02-22,587.62,590.12,576.5,578.5,550.3434,753400
2021-02-23,571.72,579.18,560.13,576.07,548.0317,1004800
2021-02-24,573.34,595.96,565.55,595.01,566.0499,1023000
2021-02-25,582.63,586.4,559.66,559.77,532.5251,1288900
2021-02-26,572.34,573.49,560.7,567.09,539.4888,946500
2021-03-01,572.37,584.36,568.86,583.55,555.1475,679500
2021-03-02,579.03,579.87,563.0,563.14,535.7311,696100
2021-03-03,564.59,565.95,541.2,543.6,517.1421,1006900
2021-03-04,537.85,541.33,502.09,510.5,485.653,1702500
2021-03-05,527.97,530.85,508.33,527.04,501.3881,1370100
2021-03-08,526.44,529.17,501.11,502.19,477.7476,1180700
2021-03-09,527.64,543.21,524.95,539.52,513.2606,1240500
2021-03-10,540.08,541.82,521.11,523.33,497.8586,876500
2021-03-11,546.99,548.49,540.01,544.4,517.9031,1009700
2021-03-12,534.12,539.08,528.6,537.63,511.4626,714900
2021-03-15,538.67,547.8,536.01,547.19,520.5574,582400
2021-03-16,546.38,555.73,545.96,549.38,522.6407,651600
2021-03-17,548.22,566.05,542.86,559.57,532.3347,841400
2021-03-18,547.98,552.48,539.02,539.19,512.9467,790000
2021-03-19,544.69,557.09,541.31,547.42,520.7761,1404600
2021-03-22,567.64,577.99,563.83,575.99,547.9555,1216800
2021-03-23,569.52,571.28,555.5,558.87,531.6688,866300
2021-03-24,587.18,594.47,578.0,578.58,550.4197,2121400
2021-03-25,570.91,585.84,569.09,584.0,555.5757,1088900
2021-03-26,588.69,627.3,588.69,625.67,595.2176,1933600
2021-03-29,614.76,616.86,601.44,608.0,578.4076,1214900
2021-03-30,599.92,606.26,595.52,601.29,572.0242,1071600
2021-03-31,606.16,620.94,605.2,617.36,587.3121,1579600
2021-04-01,619.8,639.49,619.75,637.1,606.0912,1908300
2021-04-05,651.65,653.0,638.03,640.49,609.3163,1529800
2021-04-06,633.41,635.75,618.38,628.0,597.4341,1281900
2021-04-07,627.16,631.4,622.19,626.56,596.0643,820600
2021-04-08,635.96,641.59,632.75,639.88,608.736,865900
2021-04-09,634.34,638.71,628.55,634.32,603.4466,631100
2021-04-12,631.56,631.58,620.62,630.43,599.7458,739500
2021-04-13,635.63,636.74,623.72,629.12,598.4996,710500
2021-04-14,635.67,641.09,627.04,630.99,600.2786,718000
2021-04-15,633.78,642.9,627.52,642.09,610.8383,980400
2021-04-16,640.26,647.94,638.48,645.69,614.2631,605200
2021-04-19,637.64,639.26,622.45,630.11,599.4415,1138900
2021-04-20,626.03,627.79,612.78,616.94,586.9125,988000
2021-04-21,637.72,655.84,635.93,655.49,623.5861,2160900
2021-04-22,664.17,665.87,640.48,647.09,615.5951,1233400
2021-04-23,659.22,671.28,658.37,670.91,638.2554,1109600
2021-04-26,666.96,675.65,666.96,670.44,637.8085,801000
2021-04-27,670.33,674.84,661.79,672.81,640.0631,678200
2021-04-28,664.45,670.86,661.28,665.34,632.9567,571300
2021-04-29,666.29,666.63,654.06,662.48,630.2359,504300
2021-04-30,654.27,661.05,645.7,648.1,616.5558,575200
2021-05-03,657.71,658.08,647.71,654.43,624.3794,672000
2021-05-04,635.67,639.23,615.91,629.0,600.1171,1505800
2021-05-05,642.0,651.98,635.82,641.88,612.4058,948200
2021-05-06,638.33,644.64,629.93,644.34,614.7526,618200
2021-05-07,651.78,661.29,647.71,658.57,628.3293,573700
2021-05-10,648.3,648.64,626.52,627.26,598.4569,882700
2021-05-11,616.12,633.66,614.61,630.66,601.7007,891200
2021-05-12,615.0,619.71,600.26,601.88,574.2424,1107700
2021-05-13,621.64,628.75,611.81,623.09,594.4784,1436100
2021-05-14,630.14,651.14,625.41,647.76,618.0154,1331000
2021-05-17,631.89,636.08,623.3,635.35,606.1755,929400
2021-05-18,641.4,643.76,631.61,632.19,603.1606,644700
2021-05-19,608.01,630.98,606.64,630.78,601.8152,1049600
2021-05-20,632.69,652.25,631.75,648.77,618.9792,1086900
2021-05-21,645.86,647.36,636.18,639.22,609.8677,847500
2021-05-24,647.5,662.26,645.76,658.95,628.6918,794000
2021-05-25,671.17,679.44,667.28,672.29,641.4192,1088800
2021-05-26,667.22,669.54,659.86,665.77,635.1987,597100
2021-05-27,661.0,667.86,658.93,665.09,634.5497,652600
2021-05-28,669.03,675.98,666.94,675.47,644.4532,610700
2021-06-01,684.74,688.09,668.52,671.8,640.9517,1292000
2021-06-02,670.52,678.73,668.77,674.09,643.1365,596800
2021-06-03,667.35,670.41,660.11,665.89,635.313,612100
2021-06-04,674.81,684.02,673.09,683.3,651.9236,531000
2021-06-07,680.18,684.41,676.48,681.98,650.6641,594300
2021-06-08,690.67,692.12,676.55,680.73,649.4717,562800
2021-06-09,685.0,688.06,680.81,682.59,651.2463,440700
2021-06-10,689.36,704.78,686.56,699.94,667.7996,800100
2021-06-11,698.2,698.94,691.35,697.03,665.0231,445100
2021-06-14,699.51,709.63,695.54,709.33,676.7583,636600
2021-06-15,707.6,710.97,696.87,701.78,669.5552,510700
2021-06-16,706.05,709.97,693.7,699.05,666.9504,590900
2021-06-17,691.36,704.53,691.1,698.83,666.7405,746700
2021-06-18,685.35,687.2,668.57,671.07,640.2552,1669900
2021-06-21,678.5,681.95,672.4,680.65,649.3952,565500
2021-06-22,680.49,687.57,676.26,685.81,654.3184,542200
2021-06-23,686.53,689.23,679.55,681.65,650.3493,523400
2021-06-24,691.67,697.96,690.67,695.0,663.0863,469400
2021-06-25,693.93,695.56,685.97,686.21,654.7,431200
2021-06-28,698.93,705.8,698.67,704.11,671.7781,623900
2021-06-29,699.95,705.27,698.2,703.68,671.3678,400000
2021-06-30,694.6,696.57,686.59,690.84,659.1174,767500
2021-07-01,687.24,691.68,674.53,679.31,648.1169,997500
2021-07-02,688.49,689.87,683.7,687.54,655.9689,449700
2021-07-06,689.44,693.55,676.7,685.87,654.3755,788700
2021-07-07,694.04,695.72,684.37,690.18,658.4875,442900
2021-07-08,670.98,675.6,664.83,673.69,642.7548,849400
2021-07-09,683.97,693.0,678.93,691.36,659.6135,583600
2021-07-12,700.0,708.51,699.17,707.81,675.3081,618500
2021-07-13,706.25,710.66,703.6,706.42,673.9819,623300
2021-07-14,719.98,723.01,712.88,716.51,683.6087,852000
2021-07-15,712.57,713.27,696.84,703.94,671.6158,729400
2021-07-16,702.88,706.99,686.87,687.42,655.8544,578300
2021-07-19,673.85,684.32,671.59,684.0,652.5916,855300
2021-07-20,676.86,688.66,672.93,684.05,652.6392,805600
2021-07-21,705.94,721.09,700.69,721.0,687.8925,1281300
2021-07-22,733.0,740.06,724.2,729.92,696.4028,946000
2021-07-23,747.79,756.78,743.09,748.14,713.7863,1069800
2021-07-26,758.2,759.0,748.38,754.09,719.4631,691800
2021-07-27,751.17,752.15,733.06,745.6,711.3629,881200
2021-07-28,750.0,761.04,745.4,759.86,724.9682,716500
2021-07-29,761.63,767.89,759.86,765.71,730.5494,634000
2021-07-30,760.77,768.7,756.79,766.74,731.5322,488200
2021-08-02,770.81,775.84,768.41,769.65,734.3086,499900
2021-08-03,770.53,780.45,767.51,779.53,743.7349,533700
2021-08-04,792.01,798.57,787.8,795.48,758.9526,629700
2021-08-05,805.51,805.64,790.32,794.75,758.256,723700
2021-08-06,784.5,787.19,779.9,783.28,747.3127,556900
2021-08-09,790.22,792.25,785.6,788.68,752.4647,477100
2021-08-10,795.59,797.04,783.83,789.29,753.0466,589500
2021-08-11,791.14,793.34,781.42,789.22,752.9798,421300
2021-08-12,788.7,788.7,778.53,781.07,745.2042,764600
2021-08-13,779.14,789.59,776.54,788.96,752.7319,454700
2021-08-16,787.83,790.97,779.74,787.35,751.1957,426000
2021-08-17,781.76,783.39,770.4,776.56,740.9012,483600
2021-08-18,776.22,785.38,772.03,772.45,736.9799,452500
2021-08-19,761.87,784.01,761.21,781.51,745.6241,514000
2021-08-20,785.08,790.88,778.01,788.18,751.9877,507700
2021-08-23,795.03,812.5,794.57,811.62,774.3513,724300
2021-08-24,806.1,807.71,801.58,805.61,768.6172,453800
2021-08-25,808.42,813.37,805.0,807.87,770.7736,471100
2021-08-26,808.27,815.83,804.16,810.94,773.7027,450000
2021-08-27,814.25,834.77,813.77,832.92,794.6731,658900
2021-08-30,839.94,843.01,836.76,839.59,801.0369,491000
2021-08-31,843.78,844.16,827.21,833.04,794.7877,579300
2021-09-01,838.72,850.72,836.69,842.17,803.4984,581900
2021-09-02,852.16,862.05,848.87,861.28,821.731,746800
2021-09-03,848.52,862.98,848.52,858.11,818.7065,698000
2021-09-07,865.29,868.88,857.76,861.77,822.1985,780900
2021-09-08,857.61,859.9,849.92,857.99,818.5922,714900
2021-09-09,855.48,862.76,852.1,853.5,814.3081,641900
2021-09-10,870.94,875.36,857.4,858.87,819.4316,1137400
2021-09-13,869.22,872.21,861.04,871.24,831.2338,636000
2021-09-14,883.82,895.93,879.68,888.07,847.2908,978300
2021-09-15,886.99,890.01,879.44,889.33,848.493,799700
2021-09-16,877.14,889.78,875.44,887.31,846.5656,811400
2021-09-17,875.1,875.31,852.41,859.85,820.3667,1670500
2021-09-20,838.88,845.49,829.7,840.74,802.1342,1122600
2021-09-21,860.0,862.37,844.49,854.73,815.4817,905700
2021-09-22,851.83,871.65,849.46,864.74,825.032,669400
2021-09-23,877.39,888.72,877.26,879.78,839.3817,744500
2021-09-24,867.36,873.36,865.12,868.82,828.9249,510400
2021-09-27,843.28,847.88,833.05,835.31,796.9535,1063900
2021-09-28,794.84,799.34,773.07,780.17,744.3454,2390100
2021-09-29,785.0,786.23,749.12,750.42,715.9615,2216000
2021-09-30,754.25,762.32,742.29,745.11,710.8953,1078800
2021-10-01,745.0,745.0,728.37,741.81,707.747,1180400
2021-10-04,728.9,730.16,709.03,712.94,680.2026,1663500
2021-10-05,725.04,742.63,722.62,732.87,699.2175,1201500
2021-10-06,725.38,734.7,719.01,732.5,698.8645,973000
2021-10-07,745.41,753.67,742.23,746.82,712.5269,1267500
2021-10-08,749.36,749.74,729.33,730.27,696.7369,1039700
2021-10-11,722.78,735.83,721.36,721.89,688.7416,702500
2021-10-12,734.0,734.0,722.4,725.05,691.7565,868400
2021-10-13,743.15,749.46,740.0,744.42,710.2371,1170000
2021-10-14,769.6,778.64,765.68,778.29,742.5517,1370500
2021-10-15,780.96,789.64,775.84,789.4,753.1516,877400
2021-10-18,774.09,788.33,772.99,788.22,752.0258,1014600
2021-10-19,788.18,801.62,786.3,800.96,764.181,956600
2021-10-20,782.24,785.14,758.24,767.7,732.4482,1894900
2021-10-21,764.53,787.56,763.87,787.56,751.3962,1083100
2021-10-22,798.19,808.8,796.27,800.97,764.1902,1294600
2021-10-25,799.69,803.19,787.01,788.44,752.2357,786000
2021-10-26,796.4,797.99,784.19,791.23,754.8977,741400
2021-10-27,798.06,818.95,797.2,801.0,764.2189,949800
2021-10-28,814.12,821.92,810.72,813.19,775.8491,687500
2021-10-29,807.23,814.46,804.75,812.88,775.5535,583800
2021-11-01,806.91,808.0,796.48,807.45,770.3729,573600
2021-11-02,812.32,817.69,811.29,812.02,776.7378,503800
2021-11-03,818.4,831.58,810.48,830.02,793.9556,566900
2021-11-04,831.64,853.15,829.6,850.49,813.5361,1058200
2021-11-05,852.23,854.64,841.64,847.0,810.1978,735300
2021-11-08,855.51,856.95,848.0,849.93,813.0004,728100
2021-11-09,852.01,855.46,842.0,850.05,813.1152,676500
2021-11-10,829.61,835.44,815.11,817.85,782.3143,737700
2021-11-11,833.27,839.04,829.2,833.39,797.1793,416000
2021-11-12,840.0,855.0,835.1,851.63,814.6266,531200
2021-11-15,855.0,861.6,852.99,856.72,819.4954,638000
2021-11-16,851.52,862.61,847.24,860.55,823.1591,690900
2021-11-17,859.2,868.0,857.6,859.46,822.1165,549400
2021-11-18,877.42,881.12,870.56,879.12,840.9221,865800
2021-11-19,866.85,867.55,854.47,857.17,819.9258,778200
2021-11-22,855.0,859.66,824.72,825.75,789.871,880800
2021-11-23,811.66,819.36,793.12,807.48,772.3949,1193000
2021-11-24,782.0,803.48,777.44,802.39,767.5261,1246700
2021-11-26,786.96,795.92,776.01,782.02,748.0412,786300
2021-11-29,795.01,815.73,789.99,815.01,779.5978,1410700
2021-11-30,807.07,821.35,787.15,791.51,757.1189,1144500
2021-12-01,812.56,832.68,802.44,804.0,769.0661,1201200
2021-12-02,784.44,796.45,778.32,789.38,755.0815,957100
2021-12-03,785.97,790.74,759.84,771.52,737.9975,1115600
2021-12-06,758.88,761.4,741.4,756.39,723.5247,1222900
2021-12-07,788.0,809.4,783.72,806.01,770.9889,983200
2021-12-08,803.21,805.0,796.19,803.92,768.9896,551500
2021-12-09,786.16,790.01,772.36,772.61,739.04,709100
2021-12-10,777.28,783.65,772.48,781.84,747.869,602700
2021-12-13,780.57,781.84,764.34,764.47,731.2537,615100
2021-12-14,754.42,760.31,743.25,754.39,721.6116,842400
2021-12-15,764.57,792.6,760.66,792.22,757.7979,910700
2021-12-16,799.0,799.84,753.62,755.0,722.1951,1006900
2021-12-17,751.16,758.0,743.96,749.87,717.2881,1656700
2021-12-20,747.6,756.72,744.45,752.88,720.1673,647100
2021-12-21,775.73,784.45,765.02,783.04,749.0168,838100
2021-12-22,777.8,792.12,775.0,792.12,757.7024,534800
2021-12-23,794.64,805.72,794.08,801.41,766.5887,496600
2021-12-27,794.4,813.59,794.36,811.43,776.1734,527500
2021-12-28,817.3,817.3,803.09,804.77,769.8027,548500
2021-12-29,798.11,805.24,794.4,801.98,767.134,404900
2021-12-30,803.69,808.29,799.92,800.22,765.4503,411900
2021-12-31,801.51,805.28,795.88,796.14,761.5477,236400
2022-01-03,795.74,799.36,784.96,797.49,762.839,720600
2022-01-04,793.63,793.63,763.29,779.19,745.3341,874100
2022-01-05,765.91,766.54,745.04,745.67,713.2707,1193200
2022-01-06,739.53,763.76,729.81,763.12,729.9625,2041200
2022-01-07,758.39,763.36,743.6,756.1,723.2474,1363300
2022-01-10,716.52,727.66,702.3,727.17,695.5744,1973400
2022-01-11,706.99,731.44,700.71,729.16,697.4778,2120700
2022-01-12,739.31,749.45,735.0,742.17,709.9225,959700
2022-01-13,772.41,777.92,728.64,730.08,698.3581,1628700
2022-01-14,735.6,746.6,728.17,744.53,712.1799,1313600
2022-01-18,741.03,741.07,714.24,715.23,684.1533,1178500
2022-01-19,736.94,738.88,698.71,698.82,668.4562,1593200
2022-01-20,724.89,729.98,706.21,706.46,675.7644,1536500
2022-01-21,707.29,721.2,694.71,694.73,664.5438,1689600
2022-01-24,666.05,688.64,648.63,687.42,657.5515,2833100
2022-01-25,652.64,668.16,643.82,648.57,620.3895,2095300
2022-01-26,661.63,679.38,644.66,653.26,624.8759,1376700
2022-01-27,664.8,665.0,631.4,634.66,607.0839,1465300
2022-01-28,633.6,644.98,620.67,644.97,616.946,1339700
2022-01-31,650.7,677.55,648.03,677.2,647.7756,1357400
2022-02-01,682.55,683.71,666.27,681.48,651.8696,945000
2022-02-02,687.95,691.24,674.09,686.75,656.9107,713600
2022-02-03,659.09,664.67,644.47,645.93,617.8643,1212000
2022-02-04,648.05,661.21,643.3,652.81,624.4454,863100
2022-02-07,654.15,661.41,648.55,650.03,621.7861,520300
2022-02-08,636.85,655.36,635.6,653.47,625.0766,745300
2022-02-09,670.79,682.23,663.88,680.37,650.8079,842000
2022-02-10,654.59,677.62,653.0,656.88,628.3386,961200
2022-02-11,657.54,660.32,625.25,628.24,600.9429,1116300
2022-02-14,626.15,634.95,620.0,627.91,600.6272,890200
2022-02-15,647.48,658.35,642.31,656.41,627.889,821400
2022-02-16,651.0,666.0,644.67,663.86,635.0153,610000
2022-02-17,659.31,662.22,650.0,650.43,622.1688,1020600
2022-02-18,652.12,657.77,640.99,647.83,619.6817,899400
2022-02-22,638.5,653.0,629.86,640.27,612.4503,934000
2022-02-23,651.08,654.45,631.01,631.73,604.2813,997000
2022-02-24,600.29,658.86,599.68,656.84,628.3003,2047800
2022-02-25,656.91,667.14,650.0,667.12,638.1337,1295400
2022-02-28,647.65,672.57,647.65,666.51,637.55,1979000
2022-03-01,660.21,665.1,627.58,634.21,606.6534,1097300
2022-03-02,642.59,658.42,638.1,655.37,626.8942,1035700
2022-03-03,652.02,653.7,627.19,630.79,603.3823,1020200
2022-03-04,603.7,609.42,581.63,594.32,568.4968,2025300
2022-03-07,617.39,620.61,573.75,574.34,549.3849,1607200
2022-03-08,574.08,593.48,558.77,573.04,548.1414,1441800
2022-03-09,609.15,627.0,595.0,621.34,594.3427,1593200
2022-03-10,599.54,608.55,596.18,600.07,573.9969,735500
2022-03-11,614.0,615.0,584.88,585.85,560.3948,819000
2022-03-14,599.55,601.5,577.31,577.55,552.4552,1621700
2022-03-15,591.92,598.19,583.86,596.7,570.7734,1542500
2022-03-16,621.44,651.0,617.15,650.63,622.36,1815200
2022-03-17,643.13,656.4,639.47,654.1,625.6794,854900
2022-03-18,649.24,683.4,647.4,679.86,650.3199,1689800
2022-03-21,678.22,683.39,669.0,682.91,653.2376,1293000
2022-03-22,688.0,698.1,685.3,688.74,658.8141,1111100
2022-03-23,668.8,679.37,663.61,665.36,636.4501,999100
2022-03-24,666.2,690.55,663.2,690.54,660.5359,1176700
2022-03-25,690.46,690.75,672.3,687.36,657.4943,768600
2022-03-28,680.11,695.0,676.0,694.83,664.6395,687100
2022-03-29,710.0,714.62,697.67,709.14,678.3278,1076200
2022-03-30,700.0,702.75,680.12,684.56,654.8159,1031900
2022-03-31,684.49,689.1,667.5,667.93,638.9083,780700
2022-04-01,675.29,677.19,661.83,667.73,638.717,739400
2022-04-04,672.49,681.54,669.99,680.83,651.248,731200
2022-04-05,674.02,675.15,645.79,646.46,618.3712,1251500
2022-04-06,626.09,639.31,617.4,628.51,601.2012,1110700
2022-04-07,624.53,632.1,612.78,625.3,598.1306,713500
2022-04-08,621.42,622.41,610.0,610.93,584.3851,840800
2022-04-11,607.04,610.63,597.13,597.74,571.7682,859600
2022-04-12,613.07,622.5,592.0,594.0,568.1906,1067900
2022-04-13,601.41,617.21,596.42,612.76,586.1355,934200
2022-04-14,614.52,616.51,596.0,597.87,571.8925,814200
2022-04-18,597.05,613.86,595.77,605.58,579.2675,576800
2022-04-19,597.53,619.12,596.0,617.15,590.3348,1230800
2022-04-20,650.76,652.55,628.99,633.91,606.3665,1857900
2022-04-21,645.06,648.81,617.74,619.98,593.0419,940700
2022-04-22,615.08,620.87,607.47,607.61,581.2092,1093400
2022-04-25,592.73,600.39,583.67,599.82,573.7578,2074700
2022-04-26,585.15,587.48,559.9,560.43,536.0793,1803100
2022-04-27,552.09,567.38,544.0,556.88,532.6835,1904400
2022-04-28,574.95,595.46,564.6,590.54,564.881,1513500
2022-04-29,576.45,588.9,562.46,563.77,539.2742,1225300
2022-05-02,558.74,571.52,553.54,571.09,546.2761,1146700
2022-05-03,566.63,575.44,563.02,570.68,549.6354,825300
2022-05-04,579.08,594.25,564.66,592.64,570.7856,1112800
2022-05-05,582.32,584.57,558.09,564.17,543.3655,1231800
2022-05-06,555.15,561.68,545.05,551.0,530.681,1214600
2022-05-09,530.21,535.8,510.36,512.66,493.7551,1714700
2022-05-10,529.2,530.41,512.33,523.37,504.07,1232900
2022-05-11,531.28,544.18,520.47,521.3,502.0764,1302800
2022-05-12,514.7,529.05,509.55,522.36,503.0973,1134800
2022-05-13,540.56,551.29,538.21,548.32,528.1,946800
2022-05-16,533.25,540.98,528.0,534.95,515.2232,757800
2022-05-17,556.95,563.38,548.85,561.63,540.9193,895800
2022-05-18,547.18,552.83,526.87,528.3,508.8181,1037900
2022-05-19,523.77,537.05,522.32,526.0,506.6031,905500
2022-05-20,541.44,542.39,514.17,532.84,513.191,1205700
2022-05-23,549.24,557.82,545.72,554.61,534.1581,977000
2022-05-24,555.57,557.55,542.63,546.43,526.2797,1085500
2022-05-25,541.69,551.86,538.03,548.08,527.8688,832600
2022-05-26,542.4,562.48,541.35,560.07,539.4169,933800
2022-05-27,572.63,583.86,572.1,583.38,561.8672,843900
2022-05-31,584.59,584.81,572.85,576.29,555.0385,822300
2022-06-01,577.44,579.75,557.0,563.66,542.8743,542100
2022-06-02,564.42,581.32,562.82,580.54,559.1319,669200
2022-06-03,567.16,569.85,560.89,563.65,542.8648,531000
2022-06-06,579.61,583.46,569.43,571.69,550.6082,483300
2022-06-07,564.72,578.02,563.14,577.01,555.7321,479000
2022-06-08,573.6,577.95,562.52,567.44,546.515,605700
2022-06-09,559.41,564.64,542.35,542.41,522.408,658600
2022-06-10,532.06,535.19,519.4,521.53,502.298,928900
2022-06-13,498.05,502.5,491.62,493.58,475.3786,1395100
2022-06-14,493.79,498.62,484.45,491.17,473.0575,965400
2022-06-15,499.38,512.2,494.0,505.33,486.6953,841700
2022-06-16,479.76,484.05,465.5,468.15,450.8864,1223100
2022-06-17,467.5,478.62,461.85,473.35,455.8947,1328700
2022-06-21,488.98,497.84,488.47,494.35,476.1203,1081400
2022-06-22,486.44,496.64,482.44,485.5,467.5966,845800
2022-06-23,483.9,487.41,476.06,485.5,467.5966,739100
2022-06-24,499.05,515.55,498.3,515.26,496.2592,907800
2022-06-27,514.97,517.05,505.66,508.04,489.3054,696500
2022-06-28,508.05,511.42,489.54,490.41,472.3255,847200
2022-06-29,491.1,493.7,482.02,484.62,466.7491,847400
2022-06-30,474.15,484.63,464.13,475.88,458.3314,866400
2022-07-01,455.3,457.96,443.46,449.83,433.242,1570200
2022-07-05,419.19,433.05,412.67,432.4,416.4547,2778300
2022-07-06,433.25,437.59,425.35,428.88,413.0646,1464700
2022-07-07,438.76,452.8,438.65,451.9,435.2356,1400900
2022-07-08,444.61,455.3,440.66,452.95,436.2469,739100
2022-07-11,449.56,450.17,437.91,439.06,422.8692,745600
2022-07-12,440.57,444.45,431.88,434.49,418.4676,848000
2022-07-13,430.48,451.94,429.3,447.01,430.526,1052500
2022-07-14,442.2,458.88,434.55,456.9,440.0512,1075900
2022-07-15,465.39,475.78,460.51,475.63,458.0906,1630500
2022-07-18,483.61,486.83,470.5,473.48,456.0199,1039500
2022-07-19,484.87,500.91,484.05,498.36,479.9824,1415000
2022-07-20,492.9,516.76,490.6,514.42,495.4501,2294900
2022-07-21,530.0,543.24,524.6,542.27,522.2731,2281900
2022-07-22,542.41,546.85,529.23,534.26,514.5587,1459900
2022-07-25,535.42,543.67,532.12,538.97,519.0948,1194600
2022-07-26,528.05,529.64,518.54,524.17,504.8407,1029500
2022-07-27,533.62,549.85,532.59,546.18,526.039,1110900
2022-07-28,547.8,560.94,540.76,560.71,540.0332,1216800
2022-07-29,561.45,576.92,559.5,574.44,553.2568,1210700
2022-08-01,573.24,583.05,568.94,578.15,556.83,895500
2022-08-02,562.08,572.85,558.75,565.6,544.7427,876600
2022-08-03,570.0,587.67,569.25,583.86,562.3295,825900
2022-08-04,583.17,592.75,581.1,588.46,568.1183,680100
2022-08-05,571.63,579.58,565.98,577.31,557.3536,767900
2022-08-08,578.0,582.56,564.99,572.75,552.9512,700600
2022-08-09,551.1,552.3,533.74,541.11,522.405,1138500
2022-08-10,558.72,566.09,550.47,566.05,546.4828,1074800
2022-08-11,565.74,574.36,561.12,562.41,542.9687,833300
2022-08-12,562.62,577.99,562.12,575.96,556.0502,811600
2022-08-15,569.11,577.62,567.89,574.94,555.0656,783100
2022-08-16,566.4,572.34,559.01,566.68,547.0911,697000
2022-08-17,559.1,565.99,551.91,557.28,538.0161,667700
2022-08-18,557.28,565.93,555.3,561.3,541.897,580600
2022-08-19,557.19,558.85,544.43,545.26,526.4116,794400
2022-08-22,529.29,530.85,518.61,520.07,502.0923,795800
2022-08-23,520.0,529.35,519.46,525.75,507.576,592900
2022-08-24,522.86,530.58,521.72,525.44,507.2766,485200
2022-08-25,522.36,540.22,521.76,539.74,521.0823,758300
2022-08-26,539.55,539.73,508.77,509.94,492.3124,1229700
2022-08-29,506.32,511.35,499.4,499.88,482.6002,754100
2022-08-30,506.55,507.65,487.46,493.02,475.9773,1006400
2022-08-31,500.85,501.58,486.7,489.94,473.0038,936000
2022-09-01,477.92,479.02,460.89,469.92,453.6759,1665500
2022-09-02,479.86,486.9,466.01,467.19,451.0402,1145400
2022-09-06,469.36,477.89,462.3,469.92,453.6759,996900
2022-09-07,468.89,480.97,465.6,476.68,460.2022,745400
2022-09-08,465.45,483.39,464.17,482.75,466.0624,943300
2022-09-09,495.52,503.18,495.3,501.0,483.6815,1012800
2022-09-12,506.77,511.0,499.66,504.93,487.4756,1041400
2022-09-13,484.0,488.42,468.61,471.1,454.8151,1188200
2022-09-14,476.97,481.53,471.1,478.1,461.5731,663700
2022-09-15,472.54,478.36,462.9,465.65,449.5535,853500
2022-09-16,462.03,472.19,459.91,467.25,451.0982,914000
2022-09-19,459.65,472.99,459.65,471.11,454.8247,646500
2022-09-20,458.95,466.53,457.36,461.96,445.991,906700
2022-09-21,461.55,476.17,454.86,454.92,439.1944,783900
2022-09-22,450.7,452.19,439.1,441.04,425.7942,952900
2022-09-23,433.6,436.94,427.35,436.14,421.0635,1362300
2022-09-26,434.09,440.77,429.12,430.81,415.9179,1164000
2022-09-27,438.85,442.51,426.5,433.29,418.3121,876400
2022-09-28,426.14,443.42,423.17,441.23,425.9776,957100
2022-09-29,425.61,428.71,419.23,427.78,412.9926,1141800
2022-09-30,414.0,428.05,413.95,415.35,400.9923,1084700
2022-10-03,423.6,435.51,421.02,431.68,416.7577,1452400
2022-10-04,461.21,467.77,455.78,465.11,449.0322,1954600
2022-10-05,456.94,474.75,453.05,469.29,453.0677,1193800
2022-10-06,465.29,474.18,461.49,462.14,446.1648,926100
2022-10-07,446.5,448.72,432.74,434.26,419.2485,1412400
2022-10-10,433.91,434.07,416.36,421.89,407.3062,1383700
2022-10-11,412.53,412.65,394.01,399.56,385.748,2044200
2022-10-12,403.81,404.93,397.51,398.33,384.5605,1277100
2022-10-13,364.91,410.73,363.15,405.4,391.3862,2782200
2022-10-14,404.38,405.62,378.6,379.13,366.0243,1727900
2022-10-17,394.46,399.6,388.83,392.22,378.6618,1417900
2022-10-18,407.38,409.17,393.19,398.99,385.1978,1324800
2022-10-19,415.89,431.85,410.39,424.02,409.3625,2435200
2022-10-20,431.25,448.92,428.78,437.27,422.1545,2090900
2022-10-21,440.48,462.88,437.7,462.23,446.2517,2756600
2022-10-24,470.43,476.09,459.6,472.97,456.6204,2389300
2022-10-25,478.49,495.75,478.35,486.01,469.2097,2047200
2022-10-26,475.95,496.2,474.25,484.09,467.356,1879400
2022-10-27,482.1,489.6,473.99,474.41,458.0107,1075700
2022-10-28,469.86,489.87,468.89,489.18,472.2701,1436100
2022-10-31,479.04,480.88,471.65,472.42,456.0895,1063600
2022-11-01,483.38,483.67,472.86,475.38,458.9471,760700
2022-11-02,470.05,477.0,446.26,446.33,430.9013,1887400
2022-11-03,440.8,446.76,437.12,439.92,425.9918,1615700
2022-11-04,462.35,469.61,454.33,468.76,453.9188,1587800
2022-11-07,474.83,485.44,469.61,483.39,468.0856,1429400
2022-11-08,498.25,505.99,491.06,503.59,487.6461,2316100
2022-11-09,494.51,504.22,488.91,489.46,473.9633,1302600
2022-11-10,531.5,561.82,520.36,560.79,543.0349,3518000
2022-11-11,560.78,578.62,558.49,576.44,558.1896,1982800
2022-11-14,574.78,590.3,573.88,577.82,559.5258,1806400
2022-11-15,606.75,608.32,586.54,597.47,578.5538,1669400
2022-11-16,583.52,583.95,573.8,576.7,558.4413,1418900
2022-11-17,568.96,590.45,568.95,589.03,570.381,917900
2022-11-18,599.62,599.93,584.8,593.16,574.3801,1115300
2022-11-21,581.2,583.79,575.1,580.29,561.9177,849800
2022-11-22,581.72,596.53,574.23,596.21,577.3336,1082400
2022-11-23,595.18,610.0,595.18,603.85,584.7317,874700
2022-11-25,596.93,597.9,591.84,591.84,573.102,408900
2022-11-28,593.78,598.13,580.42,583.34,564.8711,1056200
2022-11-29,584.09,587.0,576.77,578.82,560.4941,562900
2022-11-30,585.3,608.41,576.94,608.12,588.8666,1569700
2022-12-01,611.71,616.56,601.36,611.26,591.9072,1245900
2022-12-02,600.3,607.45,597.0,605.71,586.5328,719800
2022-12-05,605.1,607.16,593.38,600.79,581.7684,873900
2022-12-06,603.5,604.45,586.82,593.05,574.2737,839200
2022-12-07,592.21,604.0,590.69,601.35,582.3107,878600
2022-12-08,591.88,609.46,587.66,606.89,587.6755,1019300
2022-12-09,602.99,611.17,596.4,597.7,578.7764,870700
2022-12-12,596.87,610.0,595.8,609.99,590.6774,819600
2022-12-13,642.98,643.36,617.57,628.27,608.3785,1334000
2022-12-14,622.5,626.76,609.93,615.86,596.3615,1167500
2022-12-15,603.0,604.8,584.26,586.34,567.7762,1420500
2022-12-16,577.26,585.75,565.74,574.32,556.1368,2097300
2022-12-19,574.05,575.85,562.67,568.61,550.6075,906800
2022-12-20,562.24,568.96,561.15,563.16,545.33,845700
2022-12-21,569.06,583.96,567.3,580.96,562.5665,797700
2022-12-22,571.05,571.05,546.8,555.95,538.3484,1351800
2022-12-23,546.87,552.07,542.53,551.37,533.9133,602600
2022-12-27,546.05,546.5,536.51,537.18,520.1725,802600
2022-12-28,536.7,541.8,529.01,531.64,514.8079,609900
2022-12-29,541.2,555.37,540.15,551.47,534.0101,841000
2022-12-30,540.86,546.48,536.77,546.4,529.1005,703200
2023-01-03,561.28,564.15,545.77,549.57,532.1703,675100
2023-01-04,570.8,575.51,561.06,570.83,552.7571,1087300
2023-01-05,565.38,573.55,562.55,565.32,547.4216,710900
2023-01-06,575.33,598.68,567.28,595.85,576.9849,1025800
2023-01-09,613.99,632.39,612.8,621.33,601.6584,1348800
2023-01-10,622.63,633.78,621.61,633.39,613.3365,873900
2023-01-11,635.55,645.14,633.3,644.68,624.2689,806500
2023-01-12,651.44,656.29,634.84,652.56,631.8996,1322200
2023-01-13,649.33,660.74,648.73,659.69,638.8038,649700
2023-01-17,651.1,662.98,651.1,658.19,637.3513,902600
2023-01-18,673.52,676.11,651.54,652.29,631.6381,1152700
2023-01-19,654.61,655.68,627.02,630.25,610.296,1534100
2023-01-20,638.09,650.6,634.2,648.85,628.3068,1033200
2023-01-23,658.05,676.28,656.85,676.03,654.6265,1780900
2023-01-24,666.72,673.04,659.92,670.01,648.7971,1066900
2023-01-25,656.96,683.02,655.02,681.53,659.9523,1569200
2023-01-26,681.9,684.94,667.82,683.9,662.2473,1593300
2023-01-27,667.2,678.12,666.68,667.39,646.2601,1249700
2023-01-30,650.0,658.24,647.62,650.31,629.7208,1209900
2023-01-31,651.22,660.86,647.3,660.84,639.9174,801800
2023-02-01,659.53,685.09,655.89,678.53,657.0473,1274200
2023-02-02,696.9,698.59,684.95,696.55,674.4967,1318600
2023-02-03,678.45,693.38,677.93,679.62,658.1028,1015800
2023-02-06,665.92,669.34,659.49,661.97,642.403,783100
2023-02-07,659.24,683.69,659.24,678.72,658.6578,1236100
2023-02-08,671.47,674.89,661.36,662.79,643.1987,763900
2023-02-09,673.12,682.28,662.02,664.13,644.4991,686500
2023-02-10,653.09,657.17,648.64,656.35,636.9491,731800
2023-02-13,659.13,673.02,657.32,668.74,648.9728,596000
2023-02-14,661.71,680.98,657.21,677.48,657.4545,1013400
2023-02-15,661.82,677.48,661.0,676.81,656.8045,683500
2023-02-16,658.7,668.2,655.45,656.28,636.8812,946300
2023-02-17,650.75,658.0,647.39,651.93,632.6596,1149600
2023-02-21,638.01,643.94,629.53,629.78,611.1646,1022700
2023-02-22,632.56,635.4,620.43,624.21,605.759,1017300
2023-02-23,642.13,642.88,626.68,638.09,619.2289,1093000
2023-02-24,619.43,624.67,612.72,618.38,600.1014,995700
2023-02-27,631.41,639.37,626.26,632.08,613.3967,804500
2023-02-28,612.45,625.25,610.14,617.73,599.4706,1381700
2023-03-01,621.07,623.12,611.96,614.95,596.7729,794300
2023-03-02,606.32,625.09,603.23,624.17,605.7203,795800
2023-03-03,625.35,637.67,621.77,637.38,618.5399,1024100
2023-03-06,627.32,633.11,619.85,620.97,602.6149,1403000
2023-03-07,619.35,621.74,605.3,609.11,591.1055,1033000
2023-03-08,611.8,620.55,609.03,619.4,601.0912,1081800
2023-03-09,617.07,623.89,604.56,604.74,586.8646,983800
2023-03-10,614.1,617.35,599.43,601.21,583.439,1043500
2023-03-13,593.12,612.97,589.89,604.78,586.9034,966900
2023-03-14,617.49,620.45,611.28,620.3,601.9647,844600
2023-03-15,600.72,609.09,596.61,606.69,588.7569,1047200
2023-03-16,600.75,631.02,598.99,630.56,611.9214,1063200
2023-03-17,633.71,638.4,626.81,633.69,614.959,1109300
2023-03-20,646.3,648.33,639.1,646.33,627.2253,935600
2023-03-21,651.71,655.83,635.2,642.13,623.1494,848500
2023-03-22,643.0,661.4,639.54,640.37,621.4415,955500
2023-03-23,657.74,673.94,654.94,664.16,644.5282,1171500
2023-03-24,656.06,658.95,639.75,647.53,628.3898,842700
2023-03-27,655.37,657.48,643.05,644.05,625.0126,800300
2023-03-28,644.1,644.62,632.38,639.71,620.801,793200
2023-03-29,649.57,665.17,648.47,659.12,639.6372,1101800
2023-03-30,675.2,680.63,673.51,676.68,656.6782,892500
2023-03-31,675.09,683.18,673.63,680.71,660.5891,681600
2023-04-03,674.8,675.74,667.39,673.99,654.0677,657200
2023-04-04,675.88,681.6,666.06,668.68,648.9147,877900
2023-04-05,663.66,664.78,657.31,663.9,644.2759,850300
2023-04-06,658.3,665.2,655.32,657.12,637.6965,679600
2023-04-10,649.93,661.99,645.49,661.64,642.0826,688700
2023-04-11,669.51,672.74,658.97,659.77,640.268,787400
2023-04-12,669.01,672.0,653.69,654.66,635.309,897300
2023-04-13,662.33,670.88,659.85,665.41,645.7413,1118600
2023-04-14,665.41,672.64,659.37,666.2,646.5079,645900
2023-04-17,638.74,642.1,632.28,639.04,620.1507,1536500
2023-04-18,644.69,648.27,636.76,643.33,624.314,910300
2023-04-19,624.76,627.95,616.88,623.6,605.1671,2266100
2023-04-20,625.36,639.88,625.36,633.57,614.8425,1692900
2023-04-21,635.51,637.14,627.8,634.47,615.7158,982000
2023-04-24,640.83,641.31,626.93,627.38,608.8355,1431400
2023-04-25,626.47,626.47,605.76,605.76,587.8545,1404900
2023-04-26,613.72,615.13,606.17,609.1,591.0957,844200
2023-04-27,621.76,631.3,612.77,629.24,610.6404,1127000
2023-04-28,630.86,637.34,626.52,636.86,618.0351,823000
2023-05-01,635.0,639.21,634.03,635.2,618.228,469300
2023-05-02,632.87,637.52,628.53,634.05,617.1087,738100
2023-05-03,633.94,644.65,630.72,634.74,617.7802,582900
2023-05-04,632.13,639.34,629.85,635.05,618.082,614000
2023-05-05,636.68,654.22,633.9,650.32,632.9438,801400
2023-05-08,651.75,655.0,649.21,654.99,637.4892,518900
2023-05-09,640.5,643.87,638.28,643.05,625.8681,746100
2023-05-10,654.38,660.4,651.9,657.14,639.5816,813600
2023-05-11,650.78,652.28,645.15,650.19,632.8174,560600
2023-05-12,649.34,651.0,642.1,647.51,630.2089,375300
2023-05-15,646.88,655.7,644.88,655.69,638.1704,893400
2023-05-16,652.78,657.87,651.58,652.05,634.6277,709600
2023-05-17,656.99,671.4,652.77,670.5,652.5845,1162700
2023-05-18,675.27,697.25,675.07,695.93,677.3352,1459000
2023-05-19,698.0,699.87,693.84,694.0,675.4568,949700
2023-05-22,690.86,699.6,688.83,698.64,679.9729,856000
2023-05-23,690.85,693.38,678.86,681.45,663.242,958600
2023-05-24,668.06,670.84,661.18,666.79,648.9739,1159300
2023-05-25,701.02,710.99,693.76,708.48,689.5499,1929800
2023-05-26,716.65,742.31,715.64,735.93,716.2664,2349100
2023-05-30,743.13,747.13,725.55,728.26,708.8015,1411100
2023-05-31,727.07,730.04,713.28,722.93,703.6138,1347600
2023-06-01,724.2,732.72,718.55,726.77,707.3512,992100
2023-06-02,730.0,732.55,719.76,724.65,705.2879,813800
2023-06-05,724.64,726.63,718.4,722.2,702.9033,663700
2023-06-06,707.75,717.64,702.95,716.63,697.4822,845400
2023-06-07,713.36,720.15,705.57,710.21,691.2336,921200
2023-06-08,711.1,720.42,708.37,720.05,700.8107,762400
2023-06-09,720.56,725.61,712.61,715.86,696.7326,864500
2023-06-12,721.99,730.77,720.0,730.17,710.6603,1058900
2023-06-13,737.22,739.4,723.8,737.27,717.5706,876100
2023-06-14,735.41,741.72,728.16,740.21,720.4321,821400
2023-06-15,723.27,744.44,722.32,738.69,718.9528,820400
2023-06-16,731.4,733.16,720.0,721.88,702.5919,1337400
2023-06-20,720.62,724.74,710.58,720.41,701.1611,799300
2023-06-21,718.62,719.55,704.86,707.3,688.4014,820300
2023-06-22,701.98,717.75,700.35,717.41,698.2413,699800
2023-06-23,698.1,701.63,695.92,697.89,679.2429,916900
2023-06-26,703.08,714.12,700.23,700.24,681.5302,714000
2023-06-27,706.9,726.66,704.52,725.08,705.7064,1115800
2023-06-28,719.43,730.0,717.32,724.19,704.8401,866400
2023-06-29,727.62,729.38,721.59,723.35,704.0225,768100
2023-06-30,722.53,727.45,715.66,724.75,705.3852,963600
2023-07-03,733.99,737.17,726.15,733.88,714.2713,531900
2023-07-05,721.2,722.61,714.44,715.67,696.5479,954800
2023-07-06,701.73,703.68,693.23,699.31,680.6249,1218700
2023-07-07,697.9,705.74,693.66,696.74,678.1237,1352000
2023-07-10,703.71,712.83,703.43,709.83,690.8638,930900
2023-07-11,708.92,709.78,695.69,705.0,686.163,623200
2023-07-12,729.52,730.5,722.23,724.86,705.4923,1311700
2023-07-13,741.17,751.5,740.2,750.74,730.6807,1209100
2023-07-14,760.65,771.98,751.97,754.02,733.8732,1843900
2023-07-17,744.5,756.92,735.48,754.49,734.3306,1355200
2023-07-18,748.8,760.0,742.45,757.03,736.8027,1220600
2023-07-19,739.2,742.83,713.13,715.78,696.6549,2406200
2023-07-20,697.0,697.81,673.34,676.13,658.0643,2918800
2023-07-21,695.31,697.86,689.27,693.36,674.8339,2524100
2023-07-24,685.0,688.75,680.85,684.48,666.1912,1145300
2023-07-25,684.92,695.32,684.91,687.3,668.9359,1061900
2023-07-26,679.93,690.17,677.44,684.3,666.0161,752200
2023-07-27,714.94,720.42,703.57,708.12,689.1995,1488800
2023-07-28,714.43,721.5,709.69,718.37,699.1756,949800
2023-07-31,721.29,722.71,712.19,716.41,697.2679,789100
2023-08-01,711.45,712.5,705.54,708.71,691.311,555100
2023-08-02,695.6,695.94,682.08,683.06,666.2906,1025400
2023-08-03,673.8,682.85,672.73,681.01,664.2911,920200
2023-08-04,685.35,689.15,675.25,678.04,661.3939,891600
2023-08-07,690.44,693.43,684.42,693.42,676.3963,663500
2023-08-08,675.31,680.7,670.46,679.37,662.6913,746700
2023-08-09,679.75,683.99,670.64,672.49,655.9802,685200
2023-08-10,688.19,695.32,676.12,677.81,661.1695,913900
2023-08-11,666.8,670.01,661.27,661.78,645.5331,806000
2023-08-14,652.95,666.74,648.71,666.55,650.1861,957400
2023-08-15,657.9,658.87,650.75,651.7,635.7007,633100
2023-08-16,655.59,658.99,646.28,646.44,630.5697,665300
2023-08-17,655.74,655.77,642.88,644.34,628.5212,797100
2023-08-18,645.02,658.33,642.95,655.33,639.2415,937600
2023-08-21,653.86,664.64,649.91,662.52,646.255,1104300
2023-08-22,679.22,680.53,663.71,667.52,651.1323,760200
2023-08-23,668.24,680.95,666.52,677.12,660.4966,908100
2023-08-24,678.01,678.17,646.87,647.82,631.9158,1336800
2023-08-25,643.68,652.89,635.87,651.01,635.0275,986200
2023-08-28,657.06,659.81,652.49,658.99,642.8116,535800
2023-08-29,652.5,668.54,652.36,667.51,651.1225,757900
2023-08-30,667.39,671.22,663.53,669.56,653.1222,564100
2023-08-31,660.0,669.32,656.62,660.53,644.3138,1100100
2023-09-01,674.0,674.54,657.5,662.52,646.255,592800
2023-09-05,665.13,667.43,661.17,663.56,647.2693,592100
2023-09-06,666.15,669.79,657.08,666.04,649.6885,870800
2023-09-07,637.63,639.67,628.86,637.79,622.132,1236200
2023-09-08,628.37,633.02,625.22,627.86,612.4459,873200
2023-09-11,630.83,631.53,618.38,627.71,612.2995,1066300
2023-09-12,611.0,622.99,610.2,618.8,603.6082,1311300
2023-09-13,614.37,619.96,613.81,617.05,601.9012,1077000
2023-09-14,620.81,624.8,615.36,621.9,606.6321,1237000
2023-09-15,602.62,605.23,594.02,596.66,582.0117,2841400
2023-09-18,588.18,598.36,588.01,597.73,583.0555,1071700
2023-09-19,596.04,598.15,589.13,593.77,579.1927,893500
2023-09-20,595.62,600.83,589.75,589.88,575.3983,1094500
2023-09-21,586.99,590.98,582.12,582.12,567.8288,1313800
2023-09-22,593.88,594.77,586.04,587.1,572.6865,837300
2023-09-25,583.63,587.99,580.53,586.13,571.7404,607300
2023-09-26,576.4,578.77,567.92,572.71,558.6498,1471000
2023-09-27,578.0,582.18,564.28,574.53,560.4252,1477600
2023-09-28,566.23,588.3,564.0,580.65,566.395,1112500
2023-09-29,600.43,600.86,586.76,588.66,574.2083,1017400
2023-10-02,583.36,587.62,576.35,582.18,567.8873,811300
2023-10-03,574.95,579.68,567.57,570.6,556.5916,1101300
2023-10-04,584.17,591.84,580.46,590.86,576.3541,1325900
2023-10-05,583.7,586.6,575.4,581.69,567.4094,865500
2023-10-06,583.79,600.49,577.6,597.36,582.6946,1042100
2023-10-09,587.65,591.71,582.41,591.37,576.8517,738500
2023-10-10,600.18,606.8,598.35,602.15,587.3671,1087000
2023-10-11,601.35,606.19,598.0,606.19,591.3079,981800
2023-10-12,609.64,624.19,609.64,616.76,601.6183,1618400
2023-10-13,611.34,612.2,597.34,599.75,585.0261,1098500
2023-10-16,601.04,606.05,598.0,603.8,588.9766,1154100
2023-10-17,590.89,610.35,586.94,608.63,593.6879,1535700
2023-10-18,581.78,591.79,573.86,583.25,568.9309,2401700
2023-10-19,600.44,604.54,584.86,587.73,573.301,1475500
2023-10-20,588.95,592.29,578.3,580.1,565.8583,1035000
2023-10-23,577.61,593.51,573.86,587.79,573.3596,905100
2023-10-24,590.62,602.76,589.63,600.75,586.0015,1333900
2023-10-25,597.45,598.19,581.57,583.34,569.0189,1322700
2023-10-26,593.1,599.0,585.57,588.2,573.7595,1093000
2023-10-27,594.87,595.97,587.33,590.0,575.5154,819400
2023-10-30,592.77,594.45,582.48,588.88,574.4229,746700
2023-10-31,599.65,602.13,593.56,598.81,584.1091,1020300
2023-11-01,599.67,608.8,596.78,608.27,594.8568,1005800
2023-11-02,636.97,637.49,627.09,631.39,617.4669,1527400
2023-11-03,643.1,647.0,638.9,642.41,628.2438,906900
2023-11-06,636.88,638.8,631.17,637.44,623.3834,651300
2023-11-07,633.82,641.39,633.53,636.31,622.2783,529000
2023-11-08,639.55,642.66,637.15,639.29,625.1926,727000
2023-11-09,646.39,649.38,633.85,634.26,620.2736,1221600
2023-11-10,644.46,663.22,640.79,661.28,646.6977,1246700
2023-11-13,654.14,657.75,648.27,654.6,640.1651,641200
2023-11-14,674.65,678.49,669.5,675.41,660.5161,1166800
2023-11-15,680.28,682.2,675.01,678.0,663.049,918500
2023-11-16,676.71,684.58,675.0,680.87,665.8557,854700
2023-11-17,681.06,687.59,679.2,686.09,670.9607,627600
2023-11-20,685.32,696.97,685.32,694.31,678.9994,674700
2023-11-21,693.87,694.58,679.92,684.42,669.3275,705400
2023-11-22,689.47,694.05,683.91,684.8,669.6991,522300
2023-11-24,690.07,692.04,687.9,691.18,675.9384,352100
2023-11-27,687.66,690.31,685.05,688.38,673.2002,545500
2023-11-28,680.0,682.85,672.65,675.99,661.0833,644300
2023-11-29,686.51,693.11,684.67,687.61,672.4472,795500
2023-11-30,683.11,684.33,676.38,683.76,668.6821,753600
2023-12-01,688.17,695.58,683.05,692.2,676.9359,857600
2023-12-04,686.74,690.72,679.12,690.32,675.0974,748500
2023-12-05,690.32,697.43,687.93,694.53,679.2145,610000
2023-12-06,699.43,703.27,691.22,692.08,676.8185,657100
2023-12-07,695.37,700.49,692.09,699.65,684.2217,780600
2023-12-08,695.34,702.83,694.03,696.43,681.0727,920600
2023-12-11,704.72,713.49,702.6,710.24,694.5781,1585000
2023-12-12,714.92,720.98,711.31,720.56,704.6705,880100
2023-12-13,724.65,738.68,720.74,735.29,719.0757,1037200
2023-12-14,744.3,755.99,744.3,753.71,737.0896,1446600
2023-12-15,753.71,760.33,749.62,752.96,736.356,1507000
2023-12-18,747.37,747.8,736.32,742.06,725.6965,808900
2023-12-19,743.0,745.08,740.53,744.72,728.2978,571000
2023-12-20,739.6,749.86,729.61,729.61,713.5209,1007600
2023-12-21,744.17,755.92,743.55,755.27,738.6152,868200
2023-12-22,752.84,755.82,749.11,752.53,735.9355,597300
2023-12-26,750.1,765.8,750.0,762.68,745.8618,509000
2023-12-27,760.82,764.48,758.35,764.03,747.182,486900
2023-12-28,762.07,763.09,757.81,757.85,741.1382,468000
2023-12-29,758.03,760.35,752.33,756.92,740.2287,517900
2024-01-02,730.0,730.77,714.14,716.92,701.1108,1368700
2024-01-03,700.6,706.64,699.6,703.37,687.8597,952000
2024-01-04,698.0,709.51,697.51,700.29,684.8474,752100
2024-01-05,700.76,709.79,699.6,703.34,687.8303,579200
2024-01-08,712.65,720.84,711.91,720.84,704.9444,835300
2024-01-09,710.67,719.07,710.67,715.95,700.1622,587000
2024-01-10,716.47,720.0,708.04,717.79,701.9616,506400
2024-01-11,720.49,724.19,708.63,718.53,702.6852,603900
2024-01-12,712.61,715.55,709.62,713.22,697.4924,580500
2024-01-16,707.99,711.3,702.5,706.5,690.9206,913100
2024-01-17,705.95,713.17,696.08,712.27,696.5634,835100
2024-01-18,724.68,748.27,724.68,744.53,728.1119,2230400
2024-01-19,748.5,759.47,744.78,757.83,741.1187,1796100
2024-01-22,766.4,776.53,765.53,766.68,749.7735,1418600
2024-01-23,766.05,778.67,762.54,778.39,761.2254,1800700
2024-01-24,826.86,864.59,826.5,847.31,828.6255,7754300
2024-01-25,869.0,883.28,862.99,869.08,849.9156,3449500
2024-01-26,863.55,873.2,853.21,867.75,848.6147,1614800
2024-01-29,867.58,883.42,865.2,882.62,863.1569,1034500
2024-01-30,874.05,877.73,862.61,868.03,848.8887,895600
2024-01-31,861.22,884.0,859.46,869.82,850.6392,1251200
2024-02-01,882.32,893.78,876.66,890.54,870.9022,1040200
2024-02-02,879.24,893.05,879.09,890.66,871.0195,896400
2024-02-05,885.6,901.92,881.1,898.54,880.2637,950100
2024-02-06,898.8,905.76,890.85,904.89,886.4844,1409500
2024-02-07,905.29,927.79,905.06,922.23,903.4717,1492200
2024-02-08,917.59,927.73,910.91,922.94,904.1673,1150800
2024-02-09,936.69,954.32,931.71,949.6,930.285,1588800
2024-02-12,939.66,946.48,927.35,929.21,910.3098,1033600
2024-02-13,890.85,915.89,889.01,903.32,884.9463,1297200
2024-02-14,914.78,925.75,913.4,924.44,905.6368,1206400
2024-02-15,929.08,934.75,919.34,929.84,910.9269,884300
2024-02-16,932.73,948.52,925.73,928.94,910.0453,1161300
2024-02-20,918.6,919.98,898.51,909.57,891.0693,1044100
2024-02-21,897.45,908.67,892.63,908.21,889.7371,867500
2024-02-22,946.92,959.46,941.2,951.85,932.4893,1780800
2024-02-23,952.28,954.56,932.79,933.25,914.2676,879000
2024-02-26,941.51,951.72,936.2,947.59,928.316,671300
2024-02-27,953.0,957.76,940.36,941.37,922.2224,807500
2024-02-28,939.04,943.5,935.1,939.5,920.3905,519700
2024-02-29,939.5,952.45,938.42,951.68,932.3227,777600
2024-03-01,951.58,991.45,950.27,990.94,970.7842,1698200
2024-03-04,992.6,1007.68,987.75,998.04,977.7397,1433000
2024-03-05,989.71,992.04,958.69,968.84,949.1337,1259500
2024-03-06,986.94,1009.63,981.47,1003.93,983.5099,1304500
2024-03-07,1015.67,1056.34,1014.82,1047.39,1026.0858,1580300
2024-03-08,1038.88,1040.21,993.23,994.33,974.1053,1638500
2024-03-11,979.5,981.03,957.5,962.67,943.0892,1432100
2024-03-12,966.8,984.99,950.48,984.29,964.2695,1165200
2024-03-13,983.16,983.16,959.06,968.78,949.075,851100
2024-03-14,968.59,971.47,950.56,959.78,940.2581,876600
2024-03-15,954.78,954.78,931.79,940.21,921.0861,1727400
2024-03-18,949.36,958.21,939.75,941.34,922.1931,821400
2024-03-19,938.54,956.59,928.0,951.91,932.548,817600
2024-03-20,956.07,974.3,946.89,970.92,951.1714,838600
2024-03-21,1005.01,1005.66,988.08,990.79,970.6371,1112400
2024-03-22,973.71,991.08,972.57,979.96,960.0276,692800
2024-03-25,979.13,992.28,976.46,978.93,959.0185,860900
2024-03-26,986.74,989.39,970.83,971.3,951.5436,706000
2024-03-27,978.78,979.2,964.07,974.01,954.1985,572100
2024-03-28,969.55,971.87,961.65,970.47,950.7305,685700
2024-04-01,979.76,1022.66,979.76,992.95,972.7533,1108500
2024-04-02,968.13,973.84,957.12,966.71,947.0471,964000
2024-04-03,965.88,986.47,962.1,980.27,960.3312,892100
2024-04-04,991.99,996.8,953.39,953.41,934.0175,1269700
2024-04-05,976.5,986.6,966.92,979.55,959.6259,878400
2024-04-08,989.85,996.2,980.13,982.71,962.7217,929000
2024-04-09,993.74,1000.2,969.36,989.83,969.6968,717500
2024-04-10,962.81,983.48,962.81,974.61,954.7864,722800
2024-04-11,981.55,992.19,963.33,992.18,971.999,964700
2024-04-12,969.82,972.15,956.5,961.84,942.276,1031000
2024-04-15,985.42,988.72,951.1,954.82,935.3989,1077500
2024-04-16,958.3,978.61,957.2,976.92,957.0494,1506500
2024-04-17,942.81,942.83,895.84,907.61,889.149,3774100
2024-04-18,901.12,903.6,886.4,889.03,870.9471,1653700
2024-04-19,887.44,896.21,855.59,859.54,842.0569,2486800
2024-04-22,870.0,880.0,862.46,872.05,854.3124,1143900
2024-04-23,879.3,908.06,875.0,901.57,883.2319,991300
2024-04-24,913.05,915.0,881.97,892.32,874.1701,860600
2024-04-25,875.0,911.06,871.0,902.51,884.1529,1114200
2024-04-26,912.27,926.39,911.55,918.97,902.1503,865100
2024-04-29,911.85,913.25,901.08,909.77,893.1188,650800
2024-04-30,896.1,907.18,871.22,872.47,856.5013,1093000
2024-05-01,871.11,880.59,849.14,852.84,837.2308,1458200
2024-05-02,875.0,878.0,862.35,870.28,854.3515,876800
2024-05-03,894.59,904.96,888.67,901.63,885.1277,1038000
2024-05-06,909.2,918.36,905.03,916.92,900.1378,642000
2024-05-07,924.83,926.38,907.64,908.22,891.5971,655000
2024-05-08,904.44,916.73,903.32,911.47,894.7875,555700
2024-05-09,914.7,918.17,907.38,913.54,896.8197,756000
2024-05-10,925.0,939.0,925.0,930.29,913.2631,814100
2024-05-13,927.68,929.0,914.26,917.24,900.452,745700
2024-05-14,912.9,916.38,905.88,915.03,898.2823,592000
2024-05-15,918.65,937.42,910.65,937.42,920.2626,883000
2024-05-16,936.5,938.81,918.94,919.54,902.71,811100
2024-05-17,920.8,930.97,916.21,924.97,908.0405,703700
2024-05-20,925.78,946.72,925.78,939.44,922.2457,669300
2024-05-21,920.94,933.58,915.34,925.27,908.335,746400
2024-05-22,931.21,933.5,913.49,922.33,905.4489,668600
2024-05-23,967.58,969.49,927.41,934.25,917.1507,1357200
2024-05-24,938.26,958.57,933.73,956.22,938.7186,684900
2024-05-28,972.8,992.88,965.25,991.85,973.6965,1184000
2024-05-29,961.55,965.5,955.94,957.88,940.3482,902000
2024-05-30,957.0,969.15,952.8,966.12,948.4374,846500
2024-05-31,971.81,980.0,932.93,960.35,942.7729,1040400
2024-06-03,969.34,972.26,948.39,965.48,947.809,752800
2024-06-04,962.24,963.71,943.0,950.81,933.4076,765400
2024-06-05,1019.35,1041.5601,1008.9,1041.34,1022.2807,2586500
2024-06-06,1048.0,1054.4399,1032.99,1052.61,1033.3445,1370700
2024-06-07,1040.25,1043.74,1026.52,1028.42,1009.5972,936200
2024-06-10,1016.14,1046.12,1013.92,1041.71,1022.6438,1039500
2024-06-11,1027.49,1038.91,1019.69,1036.01,1017.0482,789500
2024-06-12,1059.15,1077.22,1055.63,1068.86,1049.2969,978400
2024-06-13,1053.73,1061.0,1038.74,1052.71,1033.4424,1106300
2024-06-14,1021.46,1031.0,1016.6,1027.9,1009.0867,1047200
2024-06-17,1044.1899,1054.38,1032.67,1052.47,1033.2069,844400
2024-06-18,1042.2,1069.42,1042.0,1061.38,1041.9537,1025300
2024-06-20,1058.23,1063.15,1045.02,1050.74,1031.5085,1150300
2024-06-21,1038.1801,1039.0,1023.21,1036.6,1017.6274,1626000
2024-06-24,1033.17,1034.71,1002.01,1002.01,983.6705,1027000
2024-06-25,1005.16,1023.49,1002.64,1023.34,1004.6101,621600
2024-06-26,1014.0,1023.6,1003.9,1016.6,997.9934,885100
2024-06-27,1029.4399,1041.71,1024.64,1028.01,1009.1946,784300
2024-06-28,1028.0,1048.8101,1015.45,1022.73,1004.0112,837600
2024-07-01,1035.55,1038.11,1015.8,1033.49,1014.5741,791000
2024-07-02,1026.77,1047.99,1025.86,1047.89,1028.7106,748700
2024-07-03,1058.39,1074.3,1055.41,1071.41,1051.8002,779800
2024-07-05,1079.75,1082.79,1069.34,1074.48,1054.8141,771100
2024-07-08,1083.15,1087.79,1075.83,1077.39,1057.6709,881900
2024-07-09,1079.7,1081.52,1059.35,1059.97,1040.5695,925400
2024-07-10,1069.1899,1100.58,1065.0,1098.95,1078.8362,925400
2024-07-11,1109.98,1110.09,1061.5601,1062.5,1043.0535,1151400
2024-07-12,1072.76,1100.62,1066.3,1085.26,1065.3967,1053800
2024-07-15,1097.4399,1098.73,1060.37,1063.63,1044.1625,1365600
2024-07-16,1074.52,1077.05,1060.74,1068.1899,1048.639,1197600
2024-07-17,978.58,979.99,928.7,932.06,915.0007,5188400
2024-07-18,953.5,957.21,911.0,924.15,907.2355,2242200
2024-07-19,915.23,920.34,891.66,895.37,878.9823,2133600
2024-07-22,928.19,942.57,922.01,941.26,924.0324,1926800
2024-07-23,935.38,940.41,929.18,932.81,915.7371,1056200
2024-07-24,918.16,919.67,870.76,872.75,856.7762,1912000
2024-07-25,873.0,886.37,850.18,862.63,846.8415,2075900
2024-07-26,893.92,895.57,882.23,888.39,872.1301,1681600
2024-07-29,886.99,898.0,869.02,870.55,856.2,1231500
2024-07-30,892.5,893.94,856.0,860.24,846.0599,1682100
2024-07-31,925.52,942.24,917.04,936.7,921.2596,2406800
2024-08-01,923.04,927.76,871.81,883.71,869.1431,1808500
2024-08-02,824.2,828.59,795.89,809.35,796.0089,3624100
2024-08-05,775.0,838.88,767.41,820.35,806.8275,2815600
2024-08-06,840.36,860.01,835.53,843.01,829.114,1995700
2024-08-07,877.0,878.39,834.63,836.35,822.5638,1521600
2024-08-08,860.97,878.63,849.26,876.65,862.1995,1447700
2024-08-09,855.23,865.3,848.54,860.55,846.3649,950500
2024-08-12,861.75,866.97,852.82,852.86,838.8016,1151200
2024-08-13,860.8,872.67,856.32,869.49,855.1575,1526600
2024-08-14,887.59,890.39,870.46,879.58,865.0812,887700
2024-08-15,900.39,930.81,896.3,928.25,912.9489,1459000
2024-08-16,916.16,922.46,913.03,918.66,903.5169,804200
2024-08-19,917.14,933.71,909.45,933.15,917.7682,1024600
2024-08-20,935.98,936.38,917.35,926.18,910.913,921300
2024-08-21,933.72,945.05,931.67,943.61,928.0557,646500
2024-08-22,943.0,943.99,904.59,907.71,892.7474,1092600
2024-08-23,912.91,922.13,903.13,907.26,892.3049,1395900
2024-08-26,903.54,904.64,882.45,883.31,868.7498,1251500
2024-08-27,880.0,895.76,874.48,889.88,875.2115,661600
2024-08-28,890.7,897.46,880.42,888.13,873.4902,727300
2024-08-29,906.06,914.53,882.99,887.71,873.0771,1173800
2024-08-30,900.05,906.93,888.94,903.87,888.9708,991200
2024-09-03,892.6,892.73,841.65,845.39,831.4547,1870800
2024-09-04,805.0,822.72,799.23,811.48,798.1037,2350900
2024-09-05,795.69,808.05,790.5,795.6,782.4855,1672000
2024-09-06,792.8,792.94,750.87,752.79,740.3812,3286800
2024-09-09,764.08,764.28,738.15,749.82,737.4602,2539900
2024-09-10,749.91,752.0,734.25,751.38,738.9943,1524000
2024-09-11,770.03,801.6,758.73,800.14,786.9506,2559100
2024-09-12,801.39,808.69,793.72,800.17,786.9802,1318700
2024-09-13,804.12,818.62,803.87,816.36,802.9033,1069200
2024-09-16,808.96,809.23,792.14,803.04,789.8027,1150100
2024-09-17,808.7,811.77,796.54,805.69,792.4092,734600
2024-09-18,800.09,810.91,786.37,787.84,774.8534,1249000
2024-09-19,832.67,839.65,822.22,828.16,814.5087,1644300
2024-09-20,809.56,810.19,789.66,795.28,782.1708,2748600
2024-09-23,807.61,807.61,798.01,803.5,790.2552,965600
2024-09-24,809.55,816.5,801.0,814.0,800.5821,881200
2024-09-25,816.35,827.21,814.0,818.18,804.6932,878200
2024-09-26,860.33,862.0,839.7,852.44,838.3885,1566400
2024-09-27,852.45,854.15,838.2,841.54,827.6682,1038400
2024-09-30,836.55,842.16,819.7,833.25,819.5148,994700
2024-10-01,839.68,841.27,811.9,822.35,808.7945,1244100
2024-10-02,820.8,839.27,816.5,832.19,818.4723,898400
2024-10-03,825.91,837.51,823.79,832.41,818.6887,651900
2024-10-04,836.05,839.34,825.96,833.0,819.269,862500
2024-10-07,811.72,823.0,811.01,817.25,803.7786,898200
2024-10-08,822.5,830.83,820.07,824.26,810.673,1265900
2024-10-09,829.83,846.12,826.37,845.9,831.9564,1004900
2024-10-10,825.0,835.63,821.5,833.97,820.223,876300
2024-10-11,829.92,845.0,828.41,840.69,826.8323,964700
2024-10-14,852.52,873.25,852.17,872.27,857.8917,1769200
2024-10-15,867.22,873.65,717.5,730.43,718.3896,9350700
2024-10-16,710.97,717.48,677.27,683.52,672.253,10296200
2024-10-17,692.64,703.88,677.12,700.6,689.0514,7209100
2024-10-18,717.67,726.46,713.18,723.26,711.3379,4537800
2024-10-21,724.0,724.85,708.79,714.1,702.3289,2184800
2024-10-22,723.0,724.11,717.64,720.91,709.0266,2067000
2024-10-23,714.05,716.31,700.1,708.62,696.9393,1681400
2024-10-24,719.99,720.0,706.45,710.81,699.0931,1854700
2024-10-25,715.99,723.25,711.23,711.7,699.9685,1380100
2024-10-28,708.39,711.5,703.99,708.65,696.9688,1182800
2024-10-29,707.74,715.94,703.69,715.14,704.9844,1445500
2024-10-30,693.55,695.62,682.62,683.83,674.119,3085200
2024-10-31,682.98,683.0,667.22,672.55,662.9991,2398300
2024-11-01,678.55,682.76,673.46,674.73,665.1481,1801700
2024-11-04,676.05,678.43,670.82,671.16,661.6289,1232500
2024-11-05,673.51,685.52,673.47,676.46,666.8536,1282000
2024-11-06,668.55,673.04,654.77,661.43,652.037,3208600
2024-11-07,674.11,679.84,669.81,677.21,667.593,1758300
2024-11-08,670.0,671.24,661.89,669.47,659.9628,1726800
2024-11-11,671.77,671.99,661.94,671.31,661.7767,1520100
2024-11-12,672.64,676.54,662.83,669.18,659.677,1711000
2024-11-13,664.62,673.68,656.78,673.41,663.8469,2453700
2024-11-14,705.68,712.0,691.53,692.96,683.1194,3925300
2024-11-15,678.36,679.88,657.52,658.63,649.2768,3063200
2024-11-18,651.07,668.86,648.0,665.23,655.783,2010600
2024-11-19,662.82,671.41,653.47,662.16,652.7567,1640700
2024-11-20,656.53,658.48,645.45,658.43,649.0797,1677800
2024-11-21,653.92,673.06,649.02,672.16,662.6146,2859000
2024-11-22,667.8,674.8,666.22,672.88,663.3243,1275600
2024-11-25,685.0,686.71,678.0,684.47,674.7498,1511300
2024-11-26,679.59,681.85,666.83,671.97,662.4274,1424100
2024-11-27,669.76,672.69,659.61,670.48,660.9586,1231800
2024-11-29,678.87,699.65,678.54,686.61,676.8594,1706500
2024-12-02,681.75,713.68,680.7,711.47,701.3664,2325900
2024-12-03,702.65,721.33,700.62,718.06,707.8629,1647200
2024-12-04,723.79,724.94,716.93,719.92,709.6964,1529800
2024-12-05,729.15,729.22,708.0,711.5,701.396,1801100
2024-12-06,711.74,717.21,707.08,708.98,698.9118,1215400
2024-12-09,713.25,723.21,705.65,706.52,696.4867,1267500
2024-12-10,716.62,718.3,700.57,705.27,695.2544,1214700
2024-12-11,711.89,718.0,706.49,714.43,704.2844,1217600
2024-12-12,713.34,719.88,710.63,713.1,702.9733,868700
2024-12-13,718.58,724.98,716.22,718.58,708.3754,1455700
2024-12-16,720.05,731.0,713.33,722.38,712.1215,1542800
2024-12-17,740.0,745.12,732.68,735.19,724.7496,1753300
2024-12-18,748.51,757.19,715.48,719.49,709.2725,2257000
2024-12-19,717.75,720.83,708.78,710.26,700.1736,1620800
2024-12-20,700.15,720.4,696.28,705.68,695.6586,2701800
2024-12-23,707.1,722.05,707.08,721.04,710.8006,1232600
2024-12-24,716.39,720.2,715.0,719.71,709.4894,586800
2024-12-26,714.21,720.5,711.11,715.86,705.694,734000
2024-12-27,717.49,717.5,708.59,713.59,703.4562,942300
2024-12-30,700.0,702.81,694.47,696.15,686.264,1202600
2024-12-31,701.39,702.98,687.43,693.08,683.2375,965000
2025-01-02,705.34,711.96,696.34,700.42,690.4734,1115100
2025-01-03,703.16,717.57,702.58,714.36,704.2155,1062900
2025-01-06,751.06,781.09,749.65,768.51,757.5963,2761100
2025-01-07,775.0,778.39,753.49,757.58,746.8217,1490200
2025-01-08,753.0,753.33,737.0,743.98,733.4147,1185400
2025-01-10,751.0,751.3,735.4,739.01,728.5153,1515800
2025-01-13,721.2,729.0,717.59,727.41,717.08,1321800
2025-01-14,737.54,739.52,728.06,736.29,725.8339,1022600
2025-01-15,739.46,744.47,725.19,726.3,715.9858,1864400
2025-01-16,758.8,771.56,748.46,750.28,739.6252,2407600
2025-01-17,767.91,769.2,751.5,756.33,745.5894,1933600
2025-01-21,763.0,767.73,755.49,763.0,752.1646,1332000
2025-01-22,777.75,784.82,765.89,766.71,755.822,1699900
2025-01-23,740.01,747.75,736.0,746.24,735.6426,1751100
2025-01-24,749.36,750.0,729.3,732.25,721.8514,1505700
2025-01-27,672.79,690.6,671.94,690.15,680.3492,4947800
2025-01-28,678.8,693.45,666.6,683.35,673.6458,2811900
2025-01-29,727.16,728.46,704.6,712.65,702.5297,4971500
2025-01-30,740.1,745.59,730.58,736.99,726.524,2745600
2025-01-31,748.09,754.6,737.77,739.31,728.811,2125700
2025-02-03,719.13,735.45,717.92,731.06,720.6782,1647200
2025-02-04,736.9,742.69,729.28,731.41,721.0232,1497000
2025-02-05,729.24,743.21,722.4,742.59,732.0446,1249700
2025-02-06,737.69,742.41,735.01,739.13,728.6337,1120200
2025-02-07,739.05,742.32,723.75,727.7,717.3659,1312400
2025-02-10,736.72,745.56,735.88,744.08,733.5133,985700
2025-02-11,744.67,753.49,743.88,752.98,743.8564,1096700
2025-02-12,738.35,756.79,733.56,756.17,747.0078,1077800
2025-02-13,754.77,776.99,752.75,776.99,767.5755,1674100
2025-02-14,778.22,778.36,748.68,751.55,742.4438,2047300
2025-02-18,757.44,758.93,738.6,744.22,735.2026,1715400
2025-02-19,743.96,752.87,741.69,744.8,735.7755,1457900
2025-02-20,751.35,755.51,740.42,743.09,734.0863,1185900
2025-02-21,744.15,745.71,733.2,737.21,728.2776,1472300
2025-02-24,746.13,750.88,734.7,735.96,727.0427,1471200
2025-02-25,732.19,738.98,726.21,730.19,721.3427,1691200
2025-02-26,743.82,753.77,738.91,746.93,737.8798,1401400
2025-02-27,743.42,744.8,696.91,697.7,689.2463,2342800
2025-02-28,706.82,713.5,697.51,709.08,700.4884,1773400
2025-03-03,722.05,732.35,692.48,699.86,691.3801,2284100
2025-03-04,698.27,721.3,692.69,708.22,699.6387,2044700
2025-03-05,731.62,740.55,719.3,739.75,730.7868,1754300
2025-03-06,718.85,731.17,711.0,714.84,706.1786,1427900
2025-03-07,726.16,734.0,715.5,732.22,723.348,1426400
2025-03-10,697.98,699.0,676.0,683.11,674.8331,2321500
2025-03-11,698.82,702.0,681.26,690.21,681.8471,1616800
2025-03-12,704.14,708.3,696.74,703.37,694.8476,1306300
2025-03-13,697.84,705.3,688.26,694.59,686.174,1399500
2025-03-14,707.68,720.03,705.36,714.0,705.3488,1367500
2025-03-17,718.05,734.55,717.21,730.33,721.481,1423300
2025-03-18,729.9,734.19,719.99,731.11,722.2515,1007300
2025-03-19,729.11,746.75,725.06,734.91,726.0054,1080500
2025-03-20,725.01,735.4,724.23,734.06,725.1657,1282400
2025-03-21,711.79,721.36,711.21,716.22,707.5419,1967200
2025-03-24,728.03,731.95,726.34,727.84,719.0211,1104400
2025-03-25,732.06,735.0,725.42,726.74,717.9344,1244300
2025-03-26,715.9,719.99,702.24,705.76,697.2086,1266500
2025-03-27,698.49,702.48,689.0,690.63,682.262,1285500
2025-03-28,685.13,687.44,672.05,674.58,666.4065,1393000
2025-03-31,660.26,665.16,652.88,662.63,654.6013,1685000
2025-04-01,664.57,670.64,656.35,667.34,659.2542,1212600
2025-04-02,664.39,676.39,660.83,669.01,660.9039,1119000
2025-04-03,649.53,650.97,622.82,623.22,615.6687,2877100
2025-04-04,621.95,626.38,597.69,605.55,598.2128,4017000
2025-04-07,586.5,652.85,578.51,615.84,608.3782,4179100
2025-04-08,632.02,637.9,582.89,595.37,588.1561,2585200
2025-04-09,618.02,692.29,606.87,687.26,678.9329,3866700
2025-04-10,656.17,661.66,627.63,649.55,641.6797,2989900
2025-04-11,656.06,672.0,651.39,668.81,660.7063,2163600
2025-04-14,676.44,680.03,662.73,672.87,664.7172,1574000
2025-04-15,679.38,687.53,676.69,683.16,674.8824,2105600
2025-04-16,647.0,653.13,624.17,634.93,627.2368,4028300
2025-04-17,644.36,647.66,636.93,640.16,632.4034,1439900
2025-04-21,632.0,633.66,614.06,624.69,617.1209,1555100
2025-04-22,638.81,645.61,631.0,638.69,630.9512,1967000
2025-04-23,664.25,666.49,654.79,657.98,650.0075,1849700
2025-04-24,666.53,678.32,662.56,675.0,666.8214,1770700
2025-04-25,666.9,681.75,664.59,677.27,669.0638,1280900
2025-04-28,672.17,674.44,661.08,672.76,666.6668,1007600
2025-04-29,665.61,673.63,663.0,666.11,660.077,1104000
2025-04-30,657.59,669.5,651.46,668.08,662.0291,1042100
2025-05-01,675.15,675.15,662.46,666.72,660.6815,1066300
2025-05-02,686.32,695.0,685.6,690.33,684.0776,1215500
2025-05-05,685.0,690.42,682.73,683.36,677.1707,903700
2025-05-06,676.31,686.37,675.5,679.99,673.8312,765100
2025-05-07,685.78,701.96,683.46,700.39,694.0465,1041400
2025-05-08,711.12,716.81,705.7,708.03,701.6172,1040500
2025-05-09,709.21,710.51,703.9,706.21,699.8138,884000
2025-05-12,730.42,750.52,729.38,750.2,743.4054,2571500
2025-05-13,745.26,764.87,744.54,763.9,756.9813,1815600
2025-05-14,765.0,773.7,764.27,768.91,761.9459,1156100
2025-05-15,763.67,767.0,755.21,758.36,751.4915,1511000
2025-05-16,752.88,753.45,742.21,748.1,741.3243,1095100
2025-05-19,739.73,750.0,737.27,749.13,742.345,977900
2025-05-20,745.63,748.98,741.3,748.76,741.9785,777200
2025-05-21,749.01,755.79,735.49,737.17,730.4933,1058700
2025-05-22,736.32,747.21,734.15,740.7,733.9914,863500
2025-05-23,724.6,735.99,722.52,732.49,725.8558,1525200
2025-05-27,751.37,761.21,749.95,756.79,749.9356,1385100
2025-05-28,752.14,756.39,744.81,746.51,739.7488,1244000
2025-05-29,757.83,759.55,744.84,747.07,740.3038,1166000
2025-05-30,745.01,745.96,723.0,736.77,730.097,1785400
2025-06-02,733.29,746.95,732.66,746.53,739.7686,812600
2025-06-03,732.66,748.55,732.2,747.25,740.482,1085100
2025-06-04,751.18,752.77,740.41,742.78,736.0526,1160000
2025-06-05,754.13,756.46,744.0,747.76,740.9875,1506500
2025-06-06,756.06,762.1,752.8,753.02,746.1998,1345100
2025-06-09,757.06,782.2,757.06,770.2,763.2242,1769400
2025-06-10,779.11,788.29,776.49,784.97,777.8605,1715500
2025-06-11,790.05,797.25,780.69,784.09,776.9884,1365900
2025-06-12,785.44,789.57,782.34,786.21,779.0893,999600
2025-06-13,766.89,772.93,759.87,761.0,754.1075,1742900
2025-06-16,766.37,779.19,765.98,775.23,768.2086,1454500
2025-06-17,766.78,773.21,758.21,759.86,752.9778,1422800
2025-06-18,764.73,768.0,754.24,761.64,754.7418,1372500
2025-06-20,768.37,769.01,736.25,756.53,749.678,2303900
2025-06-23,761.26,780.75,759.81,779.72,772.6579,1302800
2025-06-24,786.11,813.46,786.11,813.36,805.9933,2039600
2025-06-25,816.75,819.54,806.22,815.24,807.8563,1400100
2025-06-26,799.76,800.88,786.5,798.09,790.8616,1705800
2025-06-27,802.94,805.49,788.45,795.95,788.7411,1201000
2025-06-30,796.48,802.44,794.04,801.39,794.1317,1080400
2025-07-01,788.05,795.5,782.54,790.47,783.3105,1065800
2025-07-02,776.24,800.5,772.86,799.59,792.3481,1383000
2025-07-03,786.97,798.53,786.61,794.5,787.3041,910700
2025-07-07,785.46,793.49,783.8,785.09,777.9794,1363700
2025-07-08,782.66,798.39,778.73,794.1,786.9077,1327800
2025-07-09,792.91,800.9,792.47,799.83,792.5859,1334300
2025-07-10,808.93,811.1,798.0,802.09,794.8254,1498900
2025-07-11,797.07,803.19,796.52,801.93,794.6668,932400
2025-07-14,797.62,812.77,789.87,806.73,799.4233,1456900
2025-07-15,822.98,826.56,814.21,823.02,815.5659,2099600
2025-07-16,754.36,760.9,730.6,754.45,747.6169,10789600
2025-07-17,746.82,756.85,742.0,744.91,738.1632,4078500
2025-07-18,752.08,752.09,734.33,734.58,727.9268,2567200
2025-07-21,731.0,732.9,719.32,719.68,713.1617,2650300
2025-07-22,718.31,719.06,701.19,705.48,699.0903,3425100
2025-07-23,715.21,719.97,708.13,716.93,710.4366,3379400
2025-07-24,723.01,726.63,718.36,725.08,718.5129,2037100
2025-07-25,709.14,713.15,706.6,711.25,704.8082,2312100
2025-07-28,735.15,735.41,728.49,729.99,723.3784,2253900
2025-07-29,722.73,726.92,715.7,718.49,713.7886,2292900
2025-07-30,716.89,724.02,715.5,721.45,716.7292,1407000
2025-07-31,706.4,707.54,691.21,694.71,690.1642,2892200
2025-08-01,690.0,693.43,683.48,689.82,685.3062,1627100
2025-08-04,695.58,699.45,692.9,699.36,694.7837,1025600
2025-08-05,694.72,695.63,684.24,689.63,685.1174,1261200
2025-08-06,687.65,692.43,685.44,690.96,686.4388,1218700
2025-08-07,714.02,716.9,706.62,713.12,708.4537,1723800
2025-08-08,712.41,723.5,710.45,722.32,717.5935,1042900
2025-08-11,724.0,731.86,719.52,721.31,716.5901,1179700
2025-08-12,725.53,743.35,723.48,741.79,736.9361,1461800
2025-08-13,750.63,756.2,747.54,755.57,750.626,2011900
2025-08-14,747.28,757.0,744.56,755.21,750.2682,1577400
2025-08-15,738.5,747.15,736.66,742.16,737.3036,1635100
2025-08-18,739.67,748.0,739.44,747.55,742.6584,1086400
2025-08-19,751.54,755.69,741.71,743.61,738.7441,1121300
2025-08-20,750.8,753.44,738.18,749.49,744.5857,1368400
2025-08-21,739.36,741.5,732.11,735.4,730.5879,952700
2025-08-22,741.68,761.57,740.37,754.89,749.9504,1456000
2025-08-25,754.75,758.26,752.09,754.46,749.5231,731100
2025-08-26,758.77,763.5,755.91,763.2,758.2061,860100
2025-08-27,760.0,770.58,757.79,770.0,764.9615,1140700
2025-08-28,770.0,773.17,760.87,763.46,758.4644,985400
2025-08-29,753.0,753.6,739.79,742.62,737.7606,1317800
2025-09-02,717.21,727.2,716.2,725.85,721.1003,1867400
2025-09-03,732.22,738.3,729.56,736.82,731.9986,1330300
2025-09-04,737.05,756.9,735.43,753.43,748.4999,1532700
2025-09-05,774.88,783.1,766.24,781.7,776.585,1887300
2025-09-08,789.65,798.7,786.75,796.25,791.0397,1284500
2025-09-09,795.2,805.84,793.12,805.13,799.8616,1324100
2025-09-10,806.82,809.6,791.02,793.14,787.9501,1634300
2025-09-11,799.69,809.15,798.51,804.16,798.8979,1297800
2025-09-12,808.52,815.78,806.3,813.87,808.5444,1019700
2025-09-15,834.93,868.72,833.92,867.3,861.6248,2702300
2025-09-16,879.94,881.46,867.57,878.42,872.6721,1832400
2025-09-17,868.23,877.63,861.18,872.27,866.5623,1553300
2025-09-18,928.67,938.68,916.03,927.8,921.7289,3176100
2025-09-19,926.07,938.65,925.87,932.15,926.0505,2410200
2025-09-22,960.92,964.54,953.59,957.8,951.5326,1885000
2025-09-23,964.41,977.48,956.0,963.51,957.2053,1664800
2025-09-24,949.72,953.6,940.95,946.94,940.7437,1400700
2025-09-25,938.2,952.66,937.12,949.55,943.3366,1272600
2025-09-26,946.24,955.22,942.75,951.52,945.2937,955200
2025-09-29,963.73,972.07,962.37,962.61,956.3111,1213800
2025-09-30,968.04,975.64,963.07,968.09,961.7553,1303600
2025-10-01,965.61,1005.36,964.82,1003.27,996.7051,1963800
2025-10-02,1039.0,1040.23,1021.89,1030.17,1023.4291,1689100
2025-10-03,1031.0,1039.85,1025.46,1032.22,1025.4655,1352300
2025-10-06,1040.4399,1059.0,1040.1,1043.3,1036.4731,1385400
2025-10-07,1042.83,1044.85,1001.0,1002.3,995.7415,1667800
2025-10-08,977.95,991.59,977.42,987.81,981.3463,1947000
2025-10-09,985.35,987.53,971.51,980.54,974.1238,1496000
2025-10-10,970.69,976.2,935.41,936.19,930.064,2933900
2025-10-13,971.73,985.18,966.97,984.66,978.2169,2223900
2025-10-14,967.46,993.48,966.0,983.18,976.7465,2422100
2025-10-15,1030.13,1033.0,993.54,1009.81,1003.2023,2900300
2025-10-16,1037.17,1049.38,1011.1,1019.59,1012.9183,1938400
2025-10-17,1020.59,1032.77,1015.0,1029.27,1022.535,1663700
2025-10-20,1031.75,1052.17,1031.49,1042.15,1035.3307,1271700
2025-10-21,1036.3101,1037.48,1024.15,1025.02,1018.3127,1072200
2025-10-22,1026.45,1033.1801,997.67,1011.57,1004.9508,1328600
2025-10-23,1004.52,1040.5,1004.5,1036.41,1029.6282,1318200
2025-10-24,1037.9301,1043.4,1032.1801,1033.1,1026.3398,1032700
2025-10-27,1050.01,1060.73,1049.36,1059.98,1053.0439,1265600
2025-10-28,1056.8,1060.64,1051.73,1052.48,1045.5929,856900
2025-10-29,1070.66,1077.76,1064.84,1070.84,1065.7203,1530000
2025-10-30,1072.6801,1086.11,1070.61,1075.45,1070.3082,1283100
2025-10-31,1071.6801,1073.28,1051.4,1059.23,1054.1659,1179400
2025-11-03,1063.02,1073.4,1062.99,1066.8199,1061.7195,868100
2025-11-04,1049.95,1063.26,1028.83,1030.14,1025.215,1735100
2025-11-05,1031.1,1050.64,1030.8,1043.75,1038.7599,1169400
2025-11-06,1039.88,1041.53,1026.4399,1029.2,1024.2794,1073000
2025-11-07,1031.1,1035.4,996.82,1016.96,1012.098,1841900
2025-11-10,1036.77,1042.79,1021.07,1038.79,1033.8236,992900
2025-11-11,1031.77,1036.98,1017.78,1022.42,1017.5318,1026000
2025-11-12,1030.16,1038.7,1025.23,1037.33,1032.3706,961900
2025-11-13,1040.99,1041.86,1009.51,1019.86,1014.9841,1406300
2025-11-14,989.3,1018.07,981.0,1006.98,1002.1657,1307800
2025-11-17,1004.72,1025.0,1004.27,1020.0,1015.1234,1691500
2025-11-18,1011.08,1017.72,993.99,1004.06,999.2596,1414000
2025-11-19,1005.77,1044.73,1005.0,1039.33,1034.361,1587800
2025-11-20,1042.23,1050.95,977.0,981.04,976.3497,2055100
2025-11-21,963.35,978.54,946.11,966.57,961.9489,2481800
2025-11-24,977.62,995.14,977.59,987.82,983.0973,1628100
2025-11-25,993.83,1006.88,973.74,1003.22,998.4236,1193000
2025-11-26,1040.67,1055.0,1037.3,1040.97,1035.9932,1572400
2025-11-28,1040.4,1060.28,1035.4399,1060.0,1054.9321,939700
2025-12-01,1056.03,1091.3,1054.47,1087.99,1082.7883,2103100
2025-12-02,1089.61,1113.21,1088.6801,1108.78,1103.479,1426000
2025-12-03,1110.24,1141.72,1105.62,1140.92,1135.4653,2059500
2025-12-04,1122.53,1129.54,1102.17,1110.08,1104.7727,1511800
2025-12-05,1121.9301,1129.38,1098.26,1099.47,1094.2134,1054400
2025-12-08,1118.8199,1134.1801,1114.03,1119.6899,1114.3368,1118800
2025-12-09,1107.9,1115.74,1105.61,1111.4399,1106.1262,904700
2025-12-10,1109.4,1123.96,1098.88,1119.3199,1113.9686,1093600
2025-12-11,1114.75,1127.75,1095.47,1122.84,1117.4718,1403600
2025-12-12,1109.39,1114.5601,1077.1899,1080.85,1075.6825,1623000
2025-12-15,1089.35,1097.71,1079.59,1087.8199,1082.6191,1283400
2025-12-16,1081.53,1088.0601,1065.9399,1076.05,1070.9055,956300
2025-12-17,1060.77,1065.12,1010.01,1015.43,1010.5753,2140900
2025-12-18,1047.97,1051.8101,1035.15,1036.3101,1031.3556,1645400
2025-12-19,1042.5601,1062.6801,1042.5601,1056.02,1050.9712,2319600
2025-12-22,1066.0,1067.16,1050.0,1056.98,1051.9266,703700
2025-12-23,1057.9399,1064.75,1055.6899,1061.84,1056.7634,543600
2025-12-24,1059.8199,1066.8,1057.4399,1065.52,1060.4258,229800
2025-12-26,1066.25,1076.09,1063.08,1072.75,1067.6212,363800
2025-12-29,1064.58,1073.65,1061.0699,1066.0,1060.9036,424300
2025-12-30,1084.58,1086.0601,1070.42,1072.14,1067.0142,807300
2025-12-31,1080.23,1080.54,1068.92,1069.86,1064.745,561300
2026-01-02,1133.76,1172.77,1133.48,1163.78,1158.2161,2697900
2026-01-05,1211.22,1237.86,1211.22,1228.1899,1222.318,3290600
2026-01-06,1222.8199,1246.38,1222.42,1242.1899,1236.2511,1895800
2026-01-07,1227.45,1235.76,1222.0,1228.47,1222.5967,1351200
2026-01-08,1217.26,1224.54,1176.0,1194.3199,1188.61,1682300
2026-01-09,1232.85,1282.0,1220.99,1273.88,1267.7897,2394500
2026-01-12,1256.0601,1283.5601,1255.25,1281.23,1275.1045,1488600
2026-01-13,1282.3199,1291.48,1268.12,1270.16,1264.0875,1374200
2026-01-14,1267.12,1273.27,1249.62,1263.72,1257.6782,1536500
2026-01-15,1353.64,1358.0,1330.0,1331.6,1325.2336,2858400
2026-01-16,1355.71,1375.37,1338.24,1358.5699,1352.0747,2469100
2026-01-20,1319.12,1351.26,1311.3101,1326.0699,1319.7301,2970800
2026-01-21,1332.0,1371.0,1322.67,1360.09,1353.5874,2387200
2026-01-22,1393.65,1398.8,1373.28,1395.0,1388.3306,1844200
2026-01-23,1376.3199,1393.36,1363.27,1389.04,1382.3992,1556300
2026-01-26,1385.87,1419.95,1385.16,1413.35,1406.5929,2001300
2026-01-27,1417.63,1473.59,1417.0,1454.59,1447.6357,3473900
2026-01-28,1493.0,1493.48,1408.05,1422.92,1416.1172,5036800
2026-01-29,1459.3199,1467.49,1399.09,1455.16,1448.2031,2818900
2026-01-30,1440.04,1466.4301,1416.01,1423.0,1416.1968,2358800
2026-02-02,1397.24,1453.16,1395.4,1441.39,1434.4988,1766600
2026-02-03,1436.04,1445.8101,1371.91,1395.88,1389.2064,2205100
2026-02-04,1395.76,1406.1,1316.0601,1339.13,1332.7277,2479400
2026-02-05,1329.12,1368.86,1319.53,1350.16,1343.705,1790200
2026-02-06,1372.37,1415.97,1368.52,1413.01,1406.2544,1971000
2026-02-09,1415.84,1437.09,1408.6,1429.49,1422.6556,1125100
2026-02-10,1439.27,1439.89,1410.8,1413.62,1408.7172,1200600
2026-02-11,1440.4,1451.49,1409.34,1435.63,1430.6509,1139300
2026-02-12,1435.23,1439.25,1392.2,1406.87,1401.9906,1518100
2026-02-13,1414.85,1436.66,1401.0,1406.61,1401.7314,1248900
2026-02-17,1392.5699,1428.5,1382.75,1419.78,1414.8558,1097200
2026-02-18,1436.47,1476.5,1427.38,1468.72,1463.626,1334400
2026-02-19,1439.04,1459.79,1427.58,1458.9301,1453.8701,1135200
2026-02-20,1449.42,1487.01,1448.3199,1469.59,1464.493,1102500
2026-02-23,1471.4,1493.01,1462.0,1485.99,1480.8362,1284200
2026-02-24,1500.02,1507.35,1473.9301,1497.8,1492.6052,1538900
2026-02-25,1522.4,1547.22,1516.48,1526.51,1521.2157,1306900
2026-02-26,1512.8199,1514.33,1426.59,1463.8,1458.7231,2177900
2026-02-27,1430.34,1461.72,1424.5,1450.5601,1445.5292,1358300
2026-03-02,1417.75,1442.6899,1411.21,1423.54,1418.6028,1492400
2026-03-03,1357.58,1373.5,1329.03,1360.9399,1356.2198,2012500
2026-03-04,1391.13,1405.55,1372.71,1399.37,1394.5166,1486700
2026-03-05,1381.12,1407.38,1339.45,1368.36,1363.6141,1804500
2026-03-06,1293.86,1338.0,1286.67,1292.8,1288.3163,1900100
2026-03-09,1284.79,1359.0,1276.11,1357.42,1352.7122,1808900
2026-03-10,1374.59,1407.54,1369.91,1383.4,1378.6021,1650900
2026-03-11,1383.96,1404.78,1372.0,1386.6801,1381.8706,1164700
2026-03-12,1372.54,1372.54,1333.5699,1351.58,1346.8923,1780200
2026-03-13,1367.54,1386.79,1342.5,1345.6899,1341.0227,1179000
2026-03-16,1379.52,1390.16,1368.2,1375.5601,1370.7893,1310400
2026-03-17,1385.05,1391.0601,1369.3101,1389.16,1384.342,1135600
2026-03-18,1373.37,1381.29,1354.02,1355.17,1350.47,1391400
2026-03-19,1315.24,1372.46,1310.37,1366.39,1361.651,1619100
2026-03-20,1357.26,1370.0,1291.1,1317.25,1312.6814,2645100
2026-03-23,1359.73,1400.39,1348.11,1369.62,1364.8699,1983200
2026-03-24,1349.12,1413.28,1348.6801,1399.42,1394.5665,1801000
2026-03-25,1394.09,1405.83,1366.6899,1393.89,1389.0555,1610000
2026-03-26,1356.8101,1359.42,1326.85,1329.5,1324.8889,1721100
2026-03-27,1318.4301,1333.78,1298.52,1302.47,1297.9528,1759700
2026-03-30,1318.77,1322.92,1248.11,1253.96,1249.611,2144500
2026-03-31,1284.33,1322.41,1276.01,1320.83,1316.249,1731500
2026-04-01,1345.64,1385.72,1344.5601,1359.76,1355.0441,1745000
2026-04-02,1305.54,1356.2,1298.1801,1317.23,1312.6615,1883400
2026-04-06,1315.11,1320.0,1280.36,1304.01,1299.4873,1299200
2026-04-07,1290.4399,1309.0,1272.21,1306.45,1301.9189,1368900
2026-04-08,1421.0,1429.29,1384.23,1421.05,1416.1216,2427300
2026-04-09,1412.12,1453.55,1412.12,1448.64,1443.6157,1579700
2026-04-10,1482.35,1502.5,1473.72,1478.28,1473.153,1519600
2026-04-13,1465.16,1500.8,1461.03,1500.2,1494.9968,1709400
2026-04-14,1526.39,1531.98,1496.98,1518.3,1513.0342,1769200
2026-04-15,1473.53,1486.17,1415.25,1481.77,1476.6307,4251700
2026-04-16,1453.0,1453.92,1406.5,1410.83,1405.9368,2626700
2026-04-17,1463.76,1472.48,1445.6899,1459.8,1454.7371,1876500
2026-04-20,1461.49,1479.3,1452.0,1476.5,1471.3792,1091900
2026-04-21,1476.09,1480.17,1446.25,1458.97,1453.9099,1274600
2026-04-22,1477.0,1477.0,1378.3,1443.66,1438.6531,2621800
2026-04-23,1438.95,1450.0,1396.23,1417.8,1412.8828,1800500
2026-04-24,1459.53,1472.65,1441.6899,1457.7,1452.6443,1751800
2026-04-27,1457.84,1458.3,1415.6899,1432.4399,1430.5897,1326200
2026-04-28,1389.73,1398.63,1364.8101,1384.5601,1382.7717,1926900
2026-04-29,1386.71,1399.7,1374.92,1394.08,1392.2793,1256500
2026-04-30,1414.34,1446.65,1395.0,1438.99,1437.1313,1414400
2026-05-01,1428.29,1444.15,1414.0,1427.02,1425.1769,707100
2026-05-04,1401.77,1417.0699,1366.79,1386.21,1384.4194,1755700
2026-05-05,1432.42,1454.8,1414.39,1442.92,1441.0563,1621400
2026-05-06,1503.09,1545.52,1496.0,1544.74,1542.7448,2312400
2026-05-07,1548.74,1550.0,1497.8101,1516.6,1514.6411,1726700
2026-05-08,1538.53,1595.3101,1531.16,1592.02,1589.9637,2288300
2026-05-11,1559.3,1567.99,1521.36,1565.8101,1563.7876,2191300
2026-05-12,1526.14,1535.11,1475.0,1520.9399,1518.9755,1846800
2026-05-13,1539.39,1602.6,1521.08,1581.58,1579.5371,1691200
2026-05-14,1573.74,1603.49,1563.28,1584.51,1582.4634,1412600
2026-05-15,1511.74,1527.25,1486.64,1501.8101,1499.8702,1807400
2026-05-18,1521.25,1522.49,1453.34,1472.39,1470.4883,1664400
2026-05-19,1449.9301,1485.76,1441.3101,1459.4399,1457.5549,1395400
2026-05-20,1502.38,1555.8,1492.3199,1550.13,1548.1278,1744500
2026-05-21,1548.6801,1601.79,1545.9399,1592.0,1589.9437,1358400
2026-05-22,1620.03,1653.53,1615.85,1632.9,1630.7909,1666700
2026-05-26,1641.85,1648.01,1604.25,1632.03,1629.922,1651000
2026-05-27,1637.35,1639.13,1583.0,1597.87,1595.8062,1361600
2026-05-28,1617.09,1627.53,1580.0,1605.77,1603.6959,971600
2026-05-29,1633.47,1654.2,1604.86,1612.76,1610.6769,1069400
2026-06-01,1594.47,1646.53,1585.61,1628.5699,1626.4664,1058900
2026-06-02,1659.6899,1708.3199,1647.59,1705.37,1703.1672,1484000
2026-06-03,1709.3101,1743.27,1690.0,1726.36,1724.1301,1826900
2026-06-04,1679.8,1779.29,1672.4301,1757.47,1755.2,2248200
2026-06-05,1685.36,1705.48,1638.38,1641.74,1639.6195,2744600
2026-06-08,1732.79,1769.49,1719.02,1749.04,1746.7809,2062100
2026-06-09,1776.62,1831.11,1676.28,1777.77,1775.4738,3151400
2026-06-10,1746.46,1812.0,1723.21,1734.1899,1731.95,2586400
2026-06-11,1780.0,1903.5,1775.1,1899.48,1897.0265,2965600
2026-06-12,1847.62,1892.8,1839.0,1863.55,1861.1431,2529600
2026-06-15,1894.54,1913.7,1865.0,1892.66,1890.2155,2339100
2026-06-16,1872.01,1881.16,1802.61,1803.89,1801.5601,1797600
2026-06-17,1897.2,1938.49,1865.3199,1867.83,1865.4174,2322900
2026-06-18,1924.1801,1942.87,1909.53,1929.6801,1927.1876,2406100
2026-06-22,1953.52,1959.04,1886.4399,1929.25,1926.7582,1793300
2026-06-23,1777.7,1812.95,1755.97,1778.46,1776.1628,2415700
2026-06-24,1750.42,1779.65,1730.29,1762.77,1760.4932,2028200
2026-06-25,1855.5,1855.91,1777.04,1841.1801,1838.8019,2197000
2026-06-26,1781.66,1809.0,1767.64,1794.62,1792.302,2840000
2026-06-29,1798.95,1886.12,1772.52,1883.11,1880.6777,1760500
2026-06-30,1915.5,1999.96,1913.88,1989.4399,1986.8704,2712600
2026-07-01,1916.28,1943.0,1832.63,1843.04,1840.6595,2584700
2026-07-02,1843.98,1858.4,1748.02,1769.3199,1767.0347,2699100
2026-07-06,1830.0,1868.6,1813.33,1825.0699,1822.7126,1945000
2026-07-07,1737.13,1761.04,1717.3101,1747.28,1745.0232,1863900
2026-07-08,1733.6801,1780.66,1729.38,1768.65,1766.3656,1424500
2026-07-09,1835.46,1858.73,1796.76,1804.25,1801.9196,1547400
2026-07-10,1783.88,1815.1801,1766.66,1797.3199,1794.9984,1218400
2026-07-13,1773.54,1775.79,1718.08,1726.04,1723.8107,1419800
2026-07-14,1787.45,1798.27,1749.86,1775.64,1773.3466,2529100
2026-07-15,1825.0601,1830.0,1735.65,1815.27,1812.9254,4189300
2026-07-16,1796.91,1853.45,1779.12,1784.87,1782.5646,2581400
2026-07-17,1733.78,1790.91,1703.4,1747.58,1745.3228,2209400
2026-07-20,1778.6899,1798.34,1728.6,1739.02,1736.7738,1639000
2026-07-21,1801.2,1823.88,1785.54,1801.51,1799.1831,1681100
2026-07-22,1767.65,1817.2,1767.04,1801.86,1799.5326,1007400
2026-07-23,1782.12,1823.58,1780.24,1803.0,1800.6711,1106700
2026-07-24,1789.88,1797.87,1739.88,1757.09,1754.8204,1315000
2026-07-27,1739.1899,1746.7,1613.34,1655.26,1653.1221,3325500
2026-07-28,1580.5,1599.88,1553.58,1582.95,1582.95,3010100
2026-07-29,1569.39,1621.46,1530.64,1550.6899,1550.6899,2538800
2026-07-30,1645.0699,1676.78,1626.4399,1651.4399,1651.4399,2170500
2026-07-31,1683.38,1692.15,1624.71,1629.0,1629.0,1601400
2026-08-03,1609.6899,1655.2,1582.0,1642.52,1642.52,1437400
2026-08-04,1700.04,1717.5601,1686.01,1711.89,1711.89,1526700
2026-08-05,1700.42,1729.0601,1671.75,1678.22,1678.22,1221000
2026-08-06,1695.39,1735.53,1672.11,1704.37,1704.37,1072500
2026-08-07,1759.71,1761.3101,1720.11,1740.99,1740.99,1064900
2026-08-10,1793.01,1794.47,1732.8101,1733.48,1733.48,1107000
2026-08-11,1793.9301,1819.59,1778.3199,1799.38,1799.38,1479700
2026-08-12,1832.63,1845.0,1807.38,1810.0699,1810.0699,1388800
2026-08-13,1819.0699,1873.6899,1813.3,1847.9,1847.9,1237900
2026-08-14,1839.1899,1853.3199,1820.41,1844.08,1844.08,929000
2026-08-17,1871.6801,1896.35,1860.12,1883.12,1883.12,1285400
2026-08-18,1809.0,1820.41,1775.7,1802.98,1802.98,1509300
2026-08-19,1797.72,1804.28,1748.85,1751.73,1751.73,1463600
2026-08-20,1743.76,1775.8199,1741.02,1750.3101,1750.3101,825400
2026-08-21,1763.51,1771.0,1741.0,1763.76,1763.76,972400
2026-08-24,1761.5601,1761.98,1727.5699,1740.13,1740.13,1202000
2026-08-25,1759.15,1769.99,1735.87,1744.16,1744.16,808900
2026-08-26,1746.33,1761.71,1732.35,1745.64,1745.64,873500
2026-08-27,1746.53,1751.78,1719.11,1735.01,1735.01,1027200
2026-08-28,1734.75,1740.0,1692.88,1696.16,1696.16,1257700
2026-08-31,1708.6801,1716.9,1679.33,1696.01,1696.01,1212100
2026-09-01,1680.74,1684.0,1651.21,1665.14,1665.14,1004800
2026-09-02,1672.21,1688.66,1650.2,1682.3,1682.3,872800
2026-09-03,1642.39,1656.3101,1619.34,1646.1899,1646.1899,1437500
2026-09-04,1678.74,1721.66,1675.9301,1714.88,1714.88,1288700
2026-09-08,1774.35,1790.0,1743.09,1764.85,1764.85,1352800
2026-09-09,1727.72,1750.89,1722.92,1729.52,1729.52,1060000
2026-09-10,1688.51,1716.63,1681.58,1687.4301,1687.4301,1078100
2026-09-11,1726.87,1727.3101,1696.21,1698.3,1698.3,881200
2026-09-14,1594.21,1610.41,1572.84,1575.15,1575.15,1970800
2026-09-15,1615.61,1616.55,1575.78,1591.48,1591.48,1577600
2026-09-16,1629.85,1629.85,1584.54,1602.22,1602.22,1334100
2026-09-17,1637.0699,1638.7,1614.02,1629.67,1629.67,1394000
2026-09-18,1630.0,1681.61,1628.27,1679.92,1679.92,2523800
2026-09-21,1693.0699,1722.33,1677.09,1711.3199,1711.3199,1314400
2026-09-22,1696.08,1749.7,1694.29,1747.9,1747.9,1173374
2026-09-23,1731.2,1746.61,1704.3,1744.61,1744.61,1254400
2026-09-24,1709.4301,1736.84,1700.88,1722.5,1722.5,1260863
