date,open,high,low,close,adj_close,volume
2015-01-02,21.681,21.7525,21.2589,21.5021,18.8912,452533
2015-01-05,21.3448,21.4235,20.9657,21.0157,18.4638,482170
2015-01-06,20.9943,21.0157,20.5365,20.8155,18.2879,428767
2015-01-07,20.887,20.9514,20.6295,20.701,18.1873,427229
2015-01-08,20.8155,21.0658,20.7082,20.9585,18.4136,348102
2015-01-09,21.03,21.03,20.5722,20.608,18.1056,522712
2015-01-12,20.6009,20.6795,20.3004,20.3505,17.8794,528304
2015-01-13,20.5007,20.6509,20.0143,20.1431,17.6971,772814
2015-01-14,19.9285,20.0787,19.6495,19.8927,17.4772,479514
2015-01-15,19.9571,19.9571,19.3491,19.3562,17.0058,1109033
2015-01-16,19.2704,19.4993,19.0129,19.4206,17.0624,1082332
2015-01-20,19.3705,19.5422,19.1989,19.4063,17.0498,1063738
2015-01-21,19.4134,19.628,19.206,19.3205,16.9744,1193053
2015-01-22,19.6781,20.0787,19.6137,19.8212,17.4143,1492085
2015-01-23,19.814,19.9571,19.6423,19.8283,17.4206,769879
2015-01-26,19.7926,19.9928,19.6495,19.9428,17.5211,604076
2015-01-27,19.671,19.6853,19.2704,19.4564,17.0938,897236
2015-01-28,19.6567,19.6567,19.2847,19.3276,16.9807,799936
2015-01-29,19.2918,19.6352,19.1702,19.5494,17.1755,1861856
2015-01-30,19.4421,19.6209,19.2775,19.4778,17.1127,1425401
2015-02-02,19.5708,20.093,19.5565,20.0501,17.6154,758555
2015-02-03,20.1788,20.5508,20.093,20.4793,17.9925,816991
2015-02-04,20.3863,20.4077,19.8712,19.9285,17.5086,716335
2015-02-05,19.9285,20.2146,19.8784,20.1717,17.7223,522153
2015-02-06,20.2647,20.6366,20.1931,20.2432,17.7851,673696
2015-02-09,20.2289,20.5651,20.2289,20.5365,18.0428,705850
2015-02-10,20.6152,20.6938,20.4292,20.6724,18.1622,666287
2015-02-11,20.6295,20.6724,20.3863,20.5007,18.0113,446242
2015-02-12,20.6223,20.9084,20.608,20.794,18.269,378718
2015-02-13,20.8512,21.4306,20.794,21.3734,18.7781,965599
2015-02-17,21.3233,21.4449,21.2303,21.3448,18.7529,713539
2015-02-18,21.3376,22.0815,21.2446,21.7525,19.1111,1054511
2015-02-19,21.7382,21.7382,21.5451,21.7167,19.0797,429326
2015-02-20,21.6452,22.103,21.6094,22.0172,19.3436,578912
2015-02-23,21.9385,22.01,21.7382,21.9385,19.2745,355651
2015-02-24,21.8884,22.1745,21.867,21.9027,19.2431,652027
2015-02-25,21.8598,21.9671,21.4592,21.5308,18.9163,1259179
2015-02-26,21.2947,22.8326,21.166,22.7182,20.0261,2652006
2015-02-27,22.6109,22.6109,22.1602,22.2031,19.5721,1617346
2015-03-02,22.1674,22.2747,21.9027,22.1173,19.4964,1386397
2015-03-03,22.0386,22.2318,21.917,21.9957,19.3892,1530530
2015-03-04,21.867,22.0315,21.6094,22.0172,19.4081,1213045
2015-03-05,22.0029,22.0529,21.7954,21.8169,19.2316,1129165
2015-03-06,21.7668,21.9957,21.7024,21.731,19.1559,996914
2015-03-09,21.6953,21.7454,21.5737,21.5951,19.0361,1052414
2015-03-10,21.4449,21.495,21.2518,21.3162,18.7902,1306291
2015-03-11,21.3877,21.6881,21.3162,21.5021,18.9541,1075202
2015-03-12,21.5665,21.7883,21.4807,21.5522,18.9983,1047382
2015-03-13,21.5236,21.5594,21.2375,21.3448,18.8154,1050457
2015-03-16,21.3591,21.4449,21.2661,21.3662,18.8343,1241144
2015-03-17,21.1516,21.2804,21.1016,21.1874,18.6767,1545489
2015-03-18,21.1302,21.4878,21.1016,21.4449,18.9037,1577224
2015-03-19,21.2804,21.5021,21.1731,21.2661,18.7461,1393247
2015-03-20,21.4521,21.8026,21.2947,21.7525,19.1748,2149145
2015-03-23,21.7597,22.0243,21.7239,21.9027,19.3072,959028
2015-03-24,21.9242,21.9242,21.6953,21.7024,19.1307,727240
2015-03-25,21.774,22.0887,21.7454,21.9886,19.3829,1040811
2015-03-26,21.917,22.3176,21.8741,22.1888,19.5595,1099807
2015-03-27,22.1745,22.4106,22.1602,22.3605,19.7108,991601
2015-03-30,22.4678,22.7897,22.3462,22.7468,20.0513,1055071
2015-03-31,22.6323,23.0901,22.4964,22.9542,20.2341,1501172
2015-04-01,22.9542,22.99,22.6037,22.6466,19.963,1184106
2015-04-02,22.5894,22.7253,22.5393,22.6252,19.9441,1202979
2015-04-06,22.5393,22.8755,22.5393,22.7611,20.0639,1388074
2015-04-07,22.7682,22.8398,22.5465,22.5536,19.881,441209
2015-04-08,22.5393,22.6824,22.5107,22.618,19.9378,558361
2015-04-09,22.6323,22.6896,22.5751,22.6538,19.9693,444564
2015-04-10,22.6395,22.7396,22.568,22.6466,19.963,580170
2015-04-13,22.5823,22.7182,22.5823,22.6752,19.9882,596527
2015-04-14,22.6824,22.9185,22.5966,22.9113,20.1963,827336
2015-04-15,22.9542,23.269,22.8755,23.2475,20.4927,872352
2015-04-16,23.1831,23.2618,23.0258,23.0758,20.3413,685439
2015-04-17,22.9113,23.0043,22.8541,22.99,20.2657,664889
2015-04-20,23.1187,23.2904,22.9685,23.176,20.4296,911077
2015-04-21,23.2833,23.2833,23.133,23.1617,20.417,1134337
2015-04-22,23.2117,23.2976,23.0758,23.2833,20.5242,748349
2015-04-23,23.2546,23.3763,23.1545,23.2403,20.4864,857393
2015-04-24,23.226,23.3548,23.0329,23.1187,20.3792,948683
2015-04-27,23.1974,23.319,23.0544,23.0973,20.3603,1466642
2015-04-28,23.0544,23.4263,23.0401,23.3906,20.6188,637488
2015-04-29,23.3333,23.4835,23.1974,23.3548,20.5873,813496
2015-04-30,23.3047,23.4406,23.0687,23.1187,20.3792,1006979
2015-05-01,23.1617,23.2403,22.8541,22.9256,20.2089,901430
2015-05-04,22.9256,23.2403,22.9256,23.1044,20.3666,845091
2015-05-05,23.1617,23.2046,22.6538,22.6967,20.0072,1133918
2015-05-06,22.8255,22.9399,22.6109,22.7969,20.0954,565771
2015-05-07,24.6137,24.7783,23.691,24.3491,21.4637,2626003
2015-05-08,24.5994,24.5994,24.0629,24.0629,21.2115,2176406
2015-05-11,24.02,24.1202,23.8913,23.9056,21.0728,961405
2015-05-12,23.7411,23.8126,23.2475,23.7554,21.0032,1971040
2015-05-13,23.8126,24.1202,23.7053,23.9199,21.1487,1428616
2015-05-14,24.0343,24.0343,23.8984,23.9914,21.2119,998731
2015-05-15,23.9914,24.0129,23.7911,23.9557,21.1803,879901
2015-05-18,23.8841,24.0057,23.7768,23.9771,21.1993,940015
2015-05-19,23.9413,24.2132,23.834,24.0701,21.2815,1487612
2015-05-20,24.1202,24.1202,23.5908,23.6052,20.8704,1119099
2015-05-21,23.6052,23.9485,23.4621,23.7768,21.0222,1475030
2015-05-22,23.691,23.7339,23.4692,23.6624,20.921,557522
2015-05-26,23.5479,23.691,23.269,23.3977,20.687,646156
2015-05-27,23.4764,23.6624,23.2833,23.6123,20.8767,951339
2015-05-28,23.5265,23.8627,23.4979,23.7983,21.0411,1003624
2015-05-29,23.8197,23.9199,23.6266,23.8126,21.0538,646295
2015-06-01,23.8484,24.1345,23.7911,24.0129,21.2309,736886
2015-06-02,23.9986,24.2632,23.9986,24.1059,21.3131,1091139
2015-06-03,24.1416,24.3634,24.0629,24.3205,21.5028,448898
2015-06-04,24.1917,24.2418,23.9127,24.0773,21.2878,655522
2015-06-05,24.0916,24.2275,23.8984,24.1559,21.3574,328530
2015-06-08,24.0916,24.2346,23.6981,23.7268,20.9779,655243
2015-06-09,23.7625,23.8627,23.6552,23.8269,21.0664,787214
2015-06-10,23.8555,24.0987,23.8269,23.9843,21.2056,826917
2015-06-11,23.9843,24.0916,23.6767,23.8913,21.1234,1287278
2015-06-12,23.8126,24.0916,23.7268,24.0415,21.2562,876406
2015-06-15,23.834,24.0844,23.5479,23.97,21.1929,1382342
2015-06-16,23.4692,24.5708,23.4692,24.2918,21.4775,1726810
2015-06-17,24.1989,24.299,23.0687,23.3119,20.6111,2359684
2015-06-18,23.3476,23.3476,22.7611,22.7825,20.1431,3282504
2015-06-19,22.9256,23.3977,22.8398,23.3619,20.6554,2136004
2015-06-22,23.4549,23.7053,23.3333,23.6266,20.8894,1146919
2015-06-23,23.6266,23.691,23.4049,23.5336,20.8071,923379
2015-06-24,23.4478,23.7768,23.319,23.7196,20.9716,2178084
2015-06-25,23.834,23.9127,23.6123,23.7911,21.0348,1115604
2015-06-26,23.7697,24.1059,23.6409,24.0629,21.2751,2338574
2015-06-29,23.7911,23.7911,23.3405,23.3763,20.668,2859609
2015-06-30,23.4621,23.6481,23.4192,23.4621,20.7439,2528283
2015-07-01,28.0,28.0,23.91,24.45,21.6174,1877800
2015-07-02,24.35,25.66,24.35,25.52,22.5634,1774200
2015-07-06,25.44,25.51,24.98,25.04,22.139,1609300
2015-07-07,24.62,25.06,24.46,25.04,22.139,1519900
2015-07-08,24.75,25.13,24.69,25.11,22.2009,1267000
2015-07-09,25.02,25.26,24.89,25.11,22.2009,1193400
2015-07-10,25.24,25.49,25.02,25.43,22.4838,812700
2015-07-13,25.38,25.72,25.33,25.7,22.7225,812900
2015-07-14,25.52,25.81,25.52,25.76,22.7756,653500
2015-07-15,25.6,25.75,25.43,25.64,22.6695,840000
2015-07-16,25.58,25.77,25.45,25.54,22.5811,714800
2015-07-17,25.67,25.67,25.49,25.5,22.5457,950300
2015-07-20,25.33,25.53,25.17,25.17,22.2539,2513700
2015-07-21,25.02,25.18,24.93,24.95,22.0594,1286400
2015-07-22,24.69,25.02,24.62,24.93,22.0418,564100
2015-07-23,25.0,25.15,24.67,24.71,21.8472,744800
2015-07-24,24.54,24.65,24.28,24.31,21.4936,875600
2015-07-27,24.02,24.29,24.01,24.12,21.3256,784700
2015-07-28,24.11,24.27,24.05,24.2,21.3963,996400
2015-07-29,24.24,24.45,24.17,24.41,21.582,843100
2015-07-30,24.26,24.65,24.26,24.56,21.7146,690600
2015-07-31,24.52,24.69,24.47,24.56,21.7146,610900
2015-08-03,24.47,24.62,24.2,24.52,21.6792,779800
2015-08-04,24.46,24.71,24.45,24.6,21.75,918200
2015-08-05,24.61,25.08,24.6,24.87,21.9887,867500
2015-08-06,24.75,25.75,24.37,25.55,22.5899,1269700
2015-08-07,25.58,25.59,24.9,25.25,22.3247,1088500
2015-08-10,25.44,25.74,25.3,25.7,22.7225,463700
2015-08-11,25.42,25.8,25.42,25.71,22.7314,450400
2015-08-12,25.74,26.0,25.47,25.93,22.9259,537700
2015-08-13,25.93,26.2,25.77,26.15,23.1204,603000
2015-08-14,26.57,26.61,26.17,26.47,23.4033,656300
2015-08-17,26.36,26.71,26.17,26.61,23.5271,715200
2015-08-18,26.59,26.71,26.39,26.7,23.6067,469400
2015-08-19,26.58,26.65,26.27,26.49,23.421,733700
2015-08-20,26.3,26.33,25.98,26.21,23.1735,869700
2015-08-21,25.97,26.31,25.79,25.96,22.9524,807000
2015-08-24,24.44,26.03,23.99,25.31,22.3777,1065900
2015-08-25,25.83,25.83,24.85,24.86,21.9799,1205200
2015-08-26,24.94,25.32,24.77,25.31,22.3777,1376300
2015-08-27,25.66,26.17,25.4,26.02,23.0055,1223900
2015-08-28,26.02,26.15,25.78,26.09,23.0674,1027500
2015-08-31,26.09,26.55,25.75,26.52,23.4475,1049700
2015-09-01,26.22,26.22,26.0,26.12,23.0939,884600
2015-09-02,26.29,26.41,25.75,26.28,23.2353,649900
2015-09-03,26.4,26.57,26.1,26.35,23.2972,713000
2015-09-04,26.06,26.27,25.94,26.08,23.0585,589800
2015-09-08,26.2,26.29,26.04,26.23,23.1911,788700
2015-09-09,26.43,26.63,26.0,26.04,23.0232,689400
2015-09-10,26.09,26.15,25.89,26.12,23.0939,483000
2015-09-11,26.04,26.11,25.69,25.8,22.8109,542300
2015-09-14,25.8,25.9,25.5,25.55,22.5899,616800
2015-09-15,25.68,26.12,25.66,26.01,22.9966,635500
2015-09-16,26.07,26.16,25.89,26.05,23.032,876000
2015-09-17,26.01,26.23,25.82,25.97,22.9613,836500
2015-09-18,25.72,25.84,25.45,25.59,22.6253,1887600
2015-09-21,25.64,25.92,25.58,25.85,22.8552,485200
2015-09-22,25.64,25.71,25.02,25.18,22.2628,799100
2015-09-23,25.13,25.33,25.06,25.21,22.2893,606400
2015-09-24,25.05,25.11,24.71,25.03,22.1302,593700
2015-09-25,25.13,25.5,25.02,25.49,22.5369,1414900
2015-09-28,25.3,25.46,25.18,25.35,22.4131,927500
2015-09-29,25.55,26.13,25.45,26.03,23.0143,1242700
2015-09-30,26.33,26.39,25.98,26.36,23.3061,826500
2015-10-01,26.25,26.32,25.91,26.32,23.2707,696100
2015-10-02,26.09,26.92,25.9,26.88,23.7658,872700
2015-10-05,27.08,27.3,26.98,27.23,24.0753,1189800
2015-10-06,27.28,27.69,27.28,27.46,24.2786,896500
2015-10-07,27.68,28.15,27.55,27.87,24.6411,569400
2015-10-08,27.8,28.32,27.66,28.2,24.9329,665900
2015-10-09,28.32,28.57,28.18,28.36,25.0744,498900
2015-10-12,28.43,28.6,28.35,28.53,25.2247,516900
2015-10-13,28.9,28.9,28.17,28.22,24.9506,656900
2015-10-14,27.6,28.34,27.6,27.79,24.5704,456600
2015-10-15,27.76,27.82,27.44,27.74,24.5262,318300
2015-10-16,27.72,27.83,27.35,27.59,24.3936,515300
2015-10-19,27.5,27.62,27.35,27.52,24.3317,242900
2015-10-20,27.47,27.89,27.45,27.79,24.5704,259300
2015-10-21,27.79,27.95,27.53,27.57,24.3759,440600
2015-10-22,27.64,28.11,27.61,27.95,24.7119,571400
2015-10-23,28.15,28.27,27.95,28.18,24.9152,292200
2015-10-26,28.23,28.46,27.89,28.02,24.7738,360200
2015-10-27,27.91,27.99,27.65,27.82,24.5969,286300
2015-10-28,27.85,28.16,27.68,28.09,24.8356,596600
2015-10-29,27.96,28.17,27.87,28.04,24.7914,781700
2015-10-30,27.98,28.63,27.76,28.3,25.0213,819400
2015-11-02,28.42,28.42,27.94,28.27,24.9948,977200
2015-11-03,28.3,29.02,28.28,28.66,25.3396,752300
2015-11-04,28.67,28.85,28.37,28.62,25.3042,675700
2015-11-05,29.55,30.53,29.16,29.22,25.8347,899500
2015-11-06,29.32,29.48,28.91,29.12,25.7463,721700
2015-11-09,29.18,29.41,29.05,29.06,25.6933,951800
2015-11-10,29.07,29.46,28.95,29.35,25.9497,955200
2015-11-11,29.42,29.76,29.17,29.71,26.268,814600
2015-11-12,29.76,29.76,28.41,28.46,25.1628,1128800
2015-11-13,28.38,29.02,28.33,28.79,25.4545,658900
2015-11-16,28.57,29.24,28.57,29.22,25.8347,620900
2015-11-17,29.29,29.33,28.87,28.9,25.5518,692800
2015-11-18,28.96,29.46,28.9,29.37,26.0214,1105500
2015-11-19,29.35,29.39,29.02,29.31,25.9682,499200
2015-11-20,29.42,29.66,29.18,29.41,26.0568,606100
2015-11-23,29.4,30.12,29.21,29.81,26.4112,634300
2015-11-24,29.79,30.38,29.6,30.32,26.8631,690300
2015-11-25,30.36,30.56,30.08,30.11,26.677,336300
2015-11-27,29.99,30.48,29.88,30.32,26.8631,266900
2015-11-30,30.36,30.63,30.32,30.45,26.9782,654100
2015-12-01,30.44,30.84,30.24,30.8,27.2883,587800
2015-12-02,30.85,31.25,30.67,31.06,27.5187,904000
2015-12-03,31.11,31.26,30.78,30.96,27.4301,872500
2015-12-04,30.96,31.62,30.76,31.21,27.6516,548600
2015-12-07,31.16,31.16,30.73,30.81,27.2972,697400
2015-12-08,30.68,30.89,30.3,30.76,27.2529,690900
2015-12-09,30.81,31.0,30.35,30.56,27.0757,719700
2015-12-10,30.55,31.19,30.4,31.09,27.5453,668000
2015-12-11,30.82,31.06,30.6,30.97,27.439,794200
2015-12-14,30.97,31.23,30.86,30.98,27.4478,763800
2015-12-15,31.04,31.7,30.83,31.48,27.8908,1176200
2015-12-16,31.5,31.96,31.15,31.54,27.944,1151000
2015-12-17,31.66,31.73,31.04,31.05,27.5098,846300
2015-12-18,31.11,31.23,30.76,30.77,27.2618,1278500
2015-12-21,30.87,31.1,30.78,30.94,27.4124,455300
2015-12-22,31.0,31.56,30.92,31.5,27.9085,533600
2015-12-23,31.76,31.89,31.56,31.75,28.13,517000
2015-12-24,31.73,31.91,31.52,31.64,28.0326,285200
2015-12-28,31.72,31.89,31.58,31.85,28.2186,306800
2015-12-29,31.98,32.32,31.85,32.23,28.5553,246000
2015-12-30,32.2,32.44,32.09,32.19,28.5198,399200
2015-12-31,32.13,32.13,31.66,31.77,28.1477,323500
2016-01-04,31.33,31.62,31.02,31.48,27.8908,515300
2016-01-05,31.56,31.98,31.38,31.86,28.2275,901600
2016-01-06,31.6,31.79,31.23,31.4,27.8199,659700
2016-01-07,30.92,31.17,30.54,30.59,27.1023,581100
2016-01-08,30.8,31.02,30.21,30.29,26.8365,766200
2016-01-11,30.3,30.46,30.09,30.25,26.801,830700
2016-01-12,30.5,30.77,30.16,30.5,27.0225,866400
2016-01-13,30.75,31.06,30.29,30.43,26.9605,1710400
2016-01-14,30.5,30.6,29.47,29.49,26.1277,1730000
2016-01-15,29.05,29.24,28.61,28.8,25.5164,1117700
2016-01-19,28.85,28.99,28.1,28.45,25.2063,937500
2016-01-20,28.12,28.17,27.18,27.79,24.6215,1710800
2016-01-21,27.85,28.23,27.74,27.88,24.7013,1314700
2016-01-22,28.18,28.56,28.08,28.31,25.0822,909800
2016-01-25,28.34,28.49,28.1,28.2,24.9848,773100
2016-01-26,28.26,28.62,28.26,28.61,25.348,1131700
2016-01-27,28.45,29.38,28.44,28.86,25.5695,884400
2016-01-28,29.08,29.36,29.0,29.21,25.8796,547700
2016-01-29,29.3,29.99,29.3,29.94,26.5264,784400
2016-02-01,29.93,30.12,29.6,30.0,26.5796,962000
2016-02-02,29.74,30.1,29.56,29.8,26.4024,613700
2016-02-03,30.0,30.14,29.47,30.14,26.7036,695300
2016-02-04,30.04,30.38,29.35,29.4,26.048,1049200
2016-02-05,29.4,29.51,28.45,28.62,25.3569,914700
2016-02-08,28.28,28.3,27.63,27.84,24.6658,1379400
2016-02-09,27.57,27.98,27.38,27.54,24.4,1344700
2016-02-10,27.63,27.81,27.4,27.5,24.3646,808800
2016-02-11,27.1,27.36,26.91,27.09,24.0013,1063000
2016-02-12,27.24,27.54,26.89,27.39,24.2671,1204400
2016-02-16,27.68,28.16,27.58,28.02,24.8253,658100
2016-02-17,28.1,29.4,28.09,29.33,25.9859,830000
2016-02-18,29.32,29.59,29.21,29.36,26.0125,829600
2016-02-19,29.26,29.88,29.14,29.78,26.3846,583300
2016-02-22,29.85,30.15,29.69,30.08,26.6504,1163900
2016-02-23,30.05,31.21,30.05,30.99,27.4567,944800
2016-02-24,30.81,30.87,30.31,30.72,27.2175,830000
2016-02-25,30.85,31.9,30.76,31.42,27.8376,955600
2016-02-26,31.79,32.06,31.39,31.83,28.2009,829000
2016-02-29,31.78,32.29,31.69,31.9,28.2629,900000
2016-03-01,31.94,32.5,31.94,32.32,28.635,500500
2016-03-02,32.25,32.77,32.25,32.72,28.9894,656500
2016-03-03,32.45,32.53,32.14,32.47,28.8473,610000
2016-03-04,32.4,32.57,32.13,32.34,28.7318,366700
2016-03-07,32.28,33.17,32.18,33.04,29.3537,470800
2016-03-08,32.74,32.97,32.3,32.73,29.0783,753800
2016-03-09,32.87,33.01,32.53,32.6,28.9628,383500
2016-03-10,32.59,33.08,32.49,32.65,29.0072,407100
2016-03-11,32.77,32.98,32.72,32.76,29.1049,497200
2016-03-14,32.56,33.03,32.56,32.88,29.2115,450500
2016-03-15,32.74,33.43,32.65,33.27,29.558,491800
2016-03-16,33.33,33.66,33.13,33.41,29.6824,411900
2016-03-17,33.42,33.88,33.34,33.72,29.9578,406500
2016-03-18,34.6,34.61,33.7,34.33,30.4998,1194900
2016-03-21,34.26,34.49,34.15,34.2,30.3843,464400
2016-03-22,34.05,34.07,33.81,33.85,30.0733,579500
2016-03-23,33.71,33.88,33.46,33.56,29.8157,847500
2016-03-24,33.44,33.97,33.26,33.97,30.1799,480200
2016-03-28,33.97,34.19,33.74,33.8,30.0289,217800
2016-03-29,33.7,33.98,33.57,33.96,30.171,257100
2016-03-30,34.18,34.34,33.93,34.21,30.3931,322800
2016-03-31,34.01,34.15,33.55,33.56,29.8157,369500
2016-04-01,33.32,33.91,33.06,33.73,29.9667,1377300
2016-04-04,33.63,33.76,33.16,33.2,29.4958,801200
2016-04-05,33.03,33.04,32.55,32.72,29.0694,567700
2016-04-06,32.75,32.87,32.41,32.69,29.0427,538100
2016-04-07,32.6,32.61,32.32,32.38,28.7673,347900
2016-04-08,32.54,32.68,32.26,32.36,28.7496,610400
2016-04-11,32.41,32.73,32.24,32.39,28.7762,475000
2016-04-12,32.46,32.75,32.34,32.59,28.9539,682300
2016-04-13,32.73,33.17,32.69,33.05,29.3626,443000
2016-04-14,33.14,33.28,32.86,32.91,29.2382,667400
2016-04-15,32.94,33.01,32.87,32.94,29.2648,438100
2016-04-18,32.72,33.15,32.72,33.1,29.407,418900
2016-04-19,33.24,33.37,33.09,33.17,29.4692,430600
2016-04-20,33.23,33.35,32.97,33.25,29.5403,689600
2016-04-21,33.22,33.43,33.14,33.23,29.5225,287200
2016-04-22,33.28,33.42,33.13,33.32,29.6024,371600
2016-04-25,33.2,33.29,32.36,32.52,28.8917,795100
2016-04-26,32.53,33.06,32.53,33.04,29.3537,971900
2016-04-27,33.07,33.83,32.97,33.78,30.0111,711600
2016-04-28,33.56,34.01,33.39,33.57,29.8246,417100
2016-04-29,33.5,33.58,33.18,33.39,29.6646,485600
2016-05-02,33.37,33.42,33.14,33.28,29.5669,657200
2016-05-03,33.89,34.89,33.5,33.7,29.94,977000
2016-05-04,33.62,33.72,32.74,32.86,29.1938,754500
2016-05-05,32.87,33.07,32.58,32.78,29.1227,731100
2016-05-06,32.81,33.08,32.7,33.05,29.3626,652600
2016-05-09,33.16,33.55,33.0,33.37,29.6469,786000
2016-05-10,33.3,34.2,33.22,34.16,30.3487,812100
2016-05-11,34.08,34.6,33.91,34.13,30.3221,725800
2016-05-12,34.19,34.57,34.06,34.46,30.6962,570200
2016-05-13,34.46,34.54,33.71,33.83,30.135,671400
2016-05-16,33.93,34.68,33.74,34.55,30.7764,786800
2016-05-17,34.58,34.7,33.94,34.14,30.4111,761100
2016-05-18,34.07,34.42,33.83,34.29,30.5448,611300
2016-05-19,34.15,34.28,33.91,34.17,30.4379,624600
2016-05-20,34.36,34.95,34.14,34.86,31.0525,783900
2016-05-23,34.85,34.99,34.35,34.58,30.8031,496900
2016-05-24,34.71,34.99,34.53,34.91,31.097,400400
2016-05-25,34.94,35.5,34.72,34.85,31.0436,797000
2016-05-26,34.85,35.19,34.83,35.07,31.2396,352500
2016-05-27,35.07,35.17,34.95,35.11,31.2752,180700
2016-05-31,35.14,35.33,35.11,35.17,31.3287,501700
2016-06-01,34.91,35.66,34.91,35.65,31.7562,562100
2016-06-02,35.46,35.72,35.39,35.71,31.8097,463200
2016-06-03,35.64,35.91,35.47,35.81,31.8988,442400
2016-06-06,35.75,36.1,35.65,35.9,31.9789,550400
2016-06-07,36.0,36.38,35.92,36.03,32.0947,711000
2016-06-08,36.01,36.2,35.65,35.74,31.8364,658700
2016-06-09,35.59,35.96,35.5,35.93,32.0056,357400
2016-06-10,35.56,35.83,35.27,35.45,31.5781,387900
2016-06-13,35.28,35.43,35.02,35.05,31.2218,517200
2016-06-14,34.94,35.17,34.7,34.93,31.1149,542700
2016-06-15,34.85,35.19,34.85,35.14,31.3019,406000
2016-06-16,34.96,35.21,34.72,35.13,31.293,461000
2016-06-17,35.07,35.36,35.07,35.31,31.4534,504500
2016-06-20,35.74,35.82,35.37,35.49,31.6137,466300
2016-06-21,35.57,35.97,35.55,35.89,31.97,526300
2016-06-22,35.89,36.22,35.79,36.15,32.2016,598700
2016-06-23,36.4,36.43,35.92,36.12,32.1749,577200
2016-06-24,35.0,35.48,35.0,35.08,31.2485,2631700
2016-06-27,34.74,34.8,33.85,34.16,30.429,812600
2016-06-28,34.4,34.88,34.4,34.79,30.9902,702100
2016-06-29,35.08,35.44,35.0,35.31,31.4534,717700
2016-06-30,35.34,35.79,35.29,35.77,31.8631,526800
2016-07-01,35.77,35.94,35.18,35.34,31.4801,568200
2016-07-05,35.09,35.17,34.69,34.82,31.0169,479400
2016-07-06,34.85,35.39,34.75,35.3,31.4445,621700
2016-07-07,35.32,35.7,35.32,35.45,31.5781,485100
2016-07-08,35.73,35.82,35.48,35.69,31.7918,551700
2016-07-11,35.76,35.91,35.75,35.76,31.8542,324800
2016-07-12,36.0,36.0,35.74,35.75,31.8453,347400
2016-07-13,36.05,36.45,36.05,36.14,32.1927,655100
2016-07-14,36.48,36.53,36.03,36.33,32.362,712100
2016-07-15,36.5,36.52,35.96,36.01,32.0769,626700
2016-07-18,36.1,36.1,35.8,35.92,31.9967,324200
2016-07-19,35.93,36.14,35.87,35.99,32.0591,332400
2016-07-20,35.99,36.16,35.83,36.13,32.1838,342700
2016-07-21,36.16,36.16,35.71,35.73,31.8275,268000
2016-07-22,35.74,35.97,35.34,35.61,31.7206,356700
2016-07-25,35.57,36.04,35.37,36.03,32.0947,984600
2016-07-26,36.1,36.47,36.1,36.45,32.4688,330700
2016-07-27,36.5,36.6,36.26,36.55,32.5579,392600
2016-07-28,36.57,36.63,36.4,36.6,32.6025,708000
2016-07-29,36.62,36.9,36.49,36.81,32.7895,433400
2016-08-01,36.81,36.92,36.7,36.88,32.8519,469400
2016-08-02,36.76,36.92,36.58,36.83,32.8073,515500
2016-08-03,36.73,37.19,36.67,37.18,33.1191,814400
2016-08-04,37.2,37.48,37.17,37.35,33.2705,401500
2016-08-05,37.42,38.21,37.35,37.98,33.8317,1563000
2016-08-08,37.95,38.07,37.8,37.96,33.8139,852700
2016-08-09,38.05,38.61,37.61,37.92,33.7783,918100
2016-08-10,38.03,38.16,37.77,37.9,33.7605,803000
2016-08-11,37.9,38.47,37.8,38.29,34.1079,1310300
2016-08-12,38.35,38.51,38.1,38.37,34.1791,881200
2016-08-15,38.29,38.71,38.21,38.54,34.3306,554600
2016-08-16,38.5,38.53,38.23,38.25,34.0723,392800
2016-08-17,38.2,39.01,38.09,38.99,34.7314,845600
2016-08-18,38.96,39.51,38.95,39.32,35.1064,620800
2016-08-19,39.31,39.41,39.16,39.37,35.1511,516300
2016-08-22,39.35,39.4,39.03,39.17,34.9725,511600
2016-08-23,39.42,39.49,39.2,39.34,35.1243,703100
2016-08-24,39.4,39.46,39.06,39.1,34.91,327200
2016-08-25,39.1,39.1,38.74,38.89,34.7225,489200
2016-08-26,38.84,39.2,38.82,39.03,34.8475,367600
2016-08-29,39.13,39.45,39.13,39.26,35.0528,463800
2016-08-30,39.24,39.34,38.9,39.06,34.8743,434900
2016-08-31,39.08,39.1,38.63,38.81,34.6511,547100
2016-09-01,38.87,39.18,38.7,39.12,34.9278,678000
2016-09-02,39.22,39.35,39.14,39.3,35.0886,385200
2016-09-06,39.3,39.39,39.02,39.22,35.0171,386500
2016-09-07,39.22,39.43,38.99,39.06,34.8743,728300
2016-09-08,39.1,39.7,39.03,39.66,35.41,465700
2016-09-09,39.36,39.39,39.0,39.17,34.9725,762600
2016-09-12,38.95,39.45,38.83,39.19,34.9903,766200
2016-09-13,38.83,39.22,38.1,38.1,34.0171,958300
2016-09-14,38.21,38.36,37.87,37.91,33.8475,335800
2016-09-15,37.74,38.79,37.74,38.69,34.5439,389400
2016-09-16,38.65,38.81,38.26,38.42,34.3029,640000
2016-09-19,38.77,38.77,38.21,38.44,34.3207,683400
2016-09-20,38.73,38.87,38.37,38.37,34.2582,367100
2016-09-21,38.44,38.95,38.43,38.93,34.7582,338600
2016-09-22,39.25,39.49,39.13,39.44,35.2136,406800
2016-09-23,39.24,39.33,38.89,38.92,34.7493,475100
2016-09-26,38.83,39.1,38.69,38.76,34.6064,420100
2016-09-27,38.66,39.09,38.66,38.99,34.8118,667500
2016-09-28,38.99,39.3,38.81,39.01,34.8296,511400
2016-09-29,38.78,39.04,38.22,38.39,34.2761,660300
2016-09-30,38.46,38.63,38.37,38.37,34.2582,494700
2016-10-03,38.32,38.4,38.2,38.27,34.1689,381000
2016-10-04,38.26,38.46,37.97,38.11,34.0261,354600
2016-10-05,38.25,38.43,37.9,38.19,34.0975,858400
2016-10-06,38.17,38.41,38.06,38.38,34.2671,442800
2016-10-07,38.34,38.46,38.07,38.35,34.2404,759500
2016-10-10,38.44,38.82,38.44,38.59,34.4547,319600
2016-10-11,38.52,38.62,37.57,37.79,33.7404,510600
2016-10-12,37.75,38.25,37.63,38.01,33.9368,302200
2016-10-13,37.75,37.99,37.61,37.88,33.8207,351300
2016-10-14,38.0,38.32,37.72,37.81,33.7582,376400
2016-10-17,37.68,38.45,37.68,38.36,34.2493,436000
2016-10-18,38.51,38.67,38.25,38.52,34.3921,480300
2016-10-19,38.5,39.04,38.4,38.9,34.7314,703900
2016-10-20,38.77,38.88,38.42,38.7,34.5529,550900
2016-10-21,38.46,38.79,38.32,38.76,34.6064,457300
2016-10-24,38.93,39.2,38.92,39.05,34.8654,322800
2016-10-25,38.79,39.02,38.68,38.75,34.5975,664300
2016-10-26,38.62,38.91,38.62,38.68,34.535,551000
2016-10-27,38.66,38.68,38.43,38.6,34.4636,378200
2016-10-28,38.68,39.34,38.68,38.89,34.7225,330000
2016-10-31,38.84,39.34,38.84,39.22,35.0171,682500
2016-11-01,38.92,38.93,36.95,37.75,33.7047,2055600
2016-11-02,37.67,37.67,36.96,37.34,33.3386,1889400
2016-11-03,37.36,37.49,36.43,36.68,32.7493,1267200
2016-11-04,36.57,36.69,36.16,36.37,32.4725,1121100
2016-11-07,36.96,37.18,36.73,36.88,32.9279,810900
2016-11-08,36.85,37.06,36.56,36.63,32.7047,696200
2016-11-09,36.63,39.8,36.63,39.54,35.3028,2924600
2016-11-10,39.66,40.01,39.06,39.39,35.1689,858800
2016-11-11,39.33,39.83,39.24,39.78,35.5171,774500
2016-11-14,39.97,40.66,39.88,40.23,35.9189,1119000
2016-11-15,40.0,40.48,39.99,40.37,36.1247,891200
2016-11-16,40.22,40.43,39.89,40.1,35.8831,768000
2016-11-17,40.23,40.31,39.76,39.99,35.7847,689700
2016-11-18,39.43,39.78,39.22,39.28,35.1493,914200
2016-11-21,39.36,39.77,39.19,39.7,35.5252,671100
2016-11-22,39.91,40.1,39.67,40.06,35.8473,935400
2016-11-23,40.13,40.31,39.95,40.15,35.9279,414900
2016-11-25,40.24,40.52,40.23,40.52,36.2589,233700
2016-11-28,40.43,40.43,39.75,39.82,35.6326,644100
2016-11-29,39.76,40.0,39.46,39.54,35.382,610800
2016-11-30,39.75,39.95,38.94,39.16,35.0419,984600
2016-12-01,39.16,39.42,38.82,38.95,34.854,621500
2016-12-02,38.85,39.46,38.81,39.19,35.0688,609900
2016-12-05,39.25,39.42,38.93,39.12,35.0061,375600
2016-12-06,39.12,39.32,38.76,39.28,35.1493,753000
2016-12-07,39.41,39.49,39.02,39.2,35.0778,503000
2016-12-08,39.08,39.21,38.85,38.95,34.854,853000
2016-12-09,38.95,39.16,38.84,39.02,34.9167,415300
2016-12-12,39.0,39.06,38.72,38.89,34.8003,569500
2016-12-13,39.01,39.26,38.53,38.79,34.7109,545400
2016-12-14,38.77,39.06,38.29,38.35,34.3171,850100
2016-12-15,38.28,38.38,37.63,37.89,33.9055,1160300
2016-12-16,37.84,38.24,37.84,38.19,34.174,1708300
2016-12-19,38.42,38.82,37.98,38.76,34.684,1209300
2016-12-20,38.68,39.11,38.5,39.09,34.9793,1710300
2016-12-21,39.11,39.64,39.03,39.15,35.033,1093200
2016-12-22,39.24,40.0,39.01,39.9,35.7042,1016900
2016-12-23,39.85,40.27,39.66,39.79,35.6057,653800
2016-12-27,40.07,40.34,39.93,40.17,35.9457,460900
2016-12-28,40.13,40.21,39.5,39.55,35.3909,432600
2016-12-29,39.63,39.89,39.47,39.73,35.552,540000
2016-12-30,39.8,39.83,39.51,39.7,35.5252,582500
2017-01-03,39.79,40.3,39.09,39.22,35.0956,1072800
2017-01-04,39.44,39.53,39.03,39.41,35.2657,1114900
2017-01-05,39.53,39.91,39.44,39.81,35.6236,1409900
2017-01-06,39.89,40.1,39.5,39.62,35.4536,746500
2017-01-09,39.62,39.68,39.32,39.58,35.4178,677400
2017-01-10,39.55,40.28,39.55,40.1,35.8831,962800
2017-01-11,39.97,40.87,39.97,40.82,36.5274,1175400
2017-01-12,40.92,40.92,40.45,40.85,36.5542,673600
2017-01-13,40.92,41.05,40.75,40.99,36.6795,687000
2017-01-17,40.85,40.93,40.48,40.73,36.4469,1061700
2017-01-18,40.54,40.78,40.22,40.67,36.3932,1266600
2017-01-19,41.09,41.63,40.94,41.49,37.1269,861700
2017-01-20,41.67,41.67,41.18,41.47,37.109,1052800
2017-01-23,41.64,41.79,41.42,41.46,37.1001,658000
2017-01-24,41.46,42.09,41.31,42.04,37.6191,573500
2017-01-25,42.15,42.43,41.88,41.94,37.5296,933700
2017-01-26,41.97,42.04,41.67,41.74,37.3507,721600
2017-01-27,41.71,41.94,41.65,41.88,37.4759,550100
2017-01-30,41.65,41.92,41.37,41.85,37.4491,777900
2017-01-31,41.65,41.74,41.09,41.49,37.1269,802100
2017-02-01,41.66,41.79,41.34,41.57,37.1985,445800
2017-02-02,41.41,41.66,41.38,41.52,37.1538,719400
2017-02-03,41.62,41.83,41.55,41.72,37.3328,393200
2017-02-06,41.75,41.82,41.55,41.73,37.3417,495400
2017-02-07,41.75,41.85,41.56,41.64,37.2612,700100
2017-02-08,41.47,41.81,41.38,41.77,37.3775,511800
2017-02-09,41.77,42.2,41.76,41.9,37.4938,556100
2017-02-10,42.14,42.14,41.69,41.97,37.5565,476000
2017-02-13,42.24,42.79,42.1,42.29,37.8428,1091300
2017-02-14,42.19,42.23,41.91,42.11,37.6817,518800
2017-02-15,42.0,42.41,41.98,42.38,37.9234,505200
2017-02-16,42.42,42.6,42.05,42.43,37.9681,459600
2017-02-17,42.43,42.44,41.9,42.24,37.7981,515400
2017-02-21,42.23,42.71,42.07,42.46,37.9949,1006100
2017-02-22,42.39,42.71,42.22,42.49,38.0218,1111800
2017-02-23,42.56,42.73,41.99,42.41,37.9502,761300
2017-02-24,42.22,42.49,41.98,42.4,37.9412,1012800
2017-02-27,42.28,43.26,42.27,42.75,38.2544,1952700
2017-02-28,44.5,48.36,44.5,46.44,41.5564,4198000
2017-03-01,47.07,48.05,46.84,48.01,42.9613,1954800
2017-03-02,47.85,48.32,47.34,47.4,42.4154,1545600
2017-03-03,47.35,48.29,47.3,47.79,42.7644,1719500
2017-03-06,47.48,47.71,47.03,47.67,42.6571,1337200
2017-03-07,47.47,47.64,46.99,47.14,42.1828,2040500
2017-03-08,46.91,47.13,45.94,46.02,41.2593,1350900
2017-03-09,45.94,46.35,45.56,46.34,41.5462,1332700
2017-03-10,46.49,46.97,45.96,46.12,41.349,989700
2017-03-13,46.09,46.53,46.01,46.43,41.6269,645000
2017-03-14,46.26,46.46,46.0,46.43,41.6269,652300
2017-03-15,46.49,47.19,46.47,46.9,42.0483,796400
2017-03-16,47.08,47.08,46.64,46.73,41.8959,571900
2017-03-17,46.89,47.26,46.69,47.0,42.138,1185100
2017-03-20,46.98,47.27,46.77,46.85,42.0035,563900
2017-03-21,47.7,49.11,47.12,47.14,42.2635,1516500
2017-03-22,47.11,47.85,47.11,47.74,42.8014,930900
2017-03-23,47.76,48.06,47.54,47.9,42.9449,837600
2017-03-24,47.85,48.04,47.52,47.52,42.6042,568900
2017-03-27,47.06,47.31,46.57,47.25,42.3621,511800
2017-03-28,47.19,47.83,47.11,47.64,42.7118,438300
2017-03-29,47.59,47.74,47.46,47.54,42.6221,567800
2017-03-30,47.53,48.18,47.53,48.1,43.1242,490100
2017-03-31,47.92,48.22,47.6,47.6,42.6759,563900
2017-04-03,47.68,47.93,47.05,47.2,42.3173,643800
2017-04-04,47.07,47.61,47.07,47.44,42.5324,659100
2017-04-05,47.69,48.36,47.42,47.6,42.6759,1334600
2017-04-06,47.63,48.19,47.46,47.95,42.9897,648900
2017-04-07,48.25,48.25,47.7,48.08,43.1062,531800
2017-04-10,48.05,48.29,47.92,48.19,43.2049,511300
2017-04-11,48.14,48.58,47.9,48.5,43.4828,480400
2017-04-12,48.36,48.4,47.68,47.88,42.9269,737200
2017-04-13,48.11,48.38,47.71,47.78,42.8373,499600
2017-04-17,47.9,48.34,47.81,48.29,43.2945,348100
2017-04-18,48.1,48.28,47.95,48.25,43.2586,519000
2017-04-19,48.33,48.39,47.74,48.02,43.0524,512500
2017-04-20,48.2,48.77,48.03,48.72,43.68,486100
2017-04-21,48.88,48.94,48.4,48.55,43.5276,483700
2017-04-24,49.0,49.65,48.97,49.55,44.4242,483400
2017-04-25,49.79,50.21,49.48,49.96,44.7917,383400
2017-04-26,50.0,50.01,49.51,49.51,44.3883,359200
2017-04-27,49.59,49.79,49.32,49.63,44.4959,441000
2017-04-28,49.49,49.54,49.03,49.17,44.0835,550600
2017-05-01,49.54,49.67,48.83,49.42,44.3076,807900
2017-05-02,50.51,51.0,47.78,49.53,44.4062,2176900
2017-05-03,49.53,50.0,48.81,49.7,44.5587,1482900
2017-05-04,49.7,50.26,49.5,50.07,44.8904,1052400
2017-05-05,50.07,50.85,49.92,50.71,45.4642,759400
2017-05-08,50.08,50.69,49.56,49.83,44.6752,1404500
2017-05-09,49.73,49.84,49.41,49.6,44.469,817500
2017-05-10,49.55,50.66,49.48,50.26,45.0607,907400
2017-05-11,50.15,50.15,49.57,49.89,44.729,722600
2017-05-12,49.62,49.73,49.16,49.44,44.4235,733800
2017-05-15,49.5,50.13,49.5,49.83,44.7739,650100
2017-05-16,49.94,49.94,49.32,49.6,44.5673,688100
2017-05-17,48.85,49.21,48.46,48.59,43.6597,1273700
2017-05-18,48.5,48.52,47.36,47.88,43.0218,712700
2017-05-19,48.06,48.33,47.85,48.32,43.4171,529100
2017-05-22,48.63,48.7,48.01,48.41,43.498,666800
2017-05-23,48.4,48.51,47.83,48.26,43.3632,699300
2017-05-24,48.36,48.55,47.92,48.27,43.3722,418900
2017-05-25,48.55,48.78,48.36,48.59,43.6597,594600
2017-05-26,48.64,48.83,48.56,48.59,43.6597,273500
2017-05-30,48.59,48.95,48.08,48.2,43.3093,423700
2017-05-31,48.12,48.63,47.91,48.6,43.6687,738700
2017-06-01,48.68,49.06,48.5,48.86,43.9023,463000
2017-06-02,48.98,49.33,48.66,49.19,44.1989,457400
2017-06-05,49.22,49.6,48.67,48.78,43.8304,1168700
2017-06-06,48.58,48.92,48.28,48.31,43.4081,1174900
2017-06-07,48.54,48.91,48.25,48.3,43.3992,546600
2017-06-08,48.0,48.43,47.91,48.09,43.2105,719600
2017-06-09,47.9,48.52,47.67,47.92,43.0577,613100
2017-06-12,47.6,47.75,46.09,47.08,42.303,799100
2017-06-13,47.2,48.06,47.13,47.99,43.1206,698400
2017-06-14,48.17,48.53,48.13,48.49,43.5699,798700
2017-06-15,48.09,48.58,48.09,48.36,43.4531,488200
2017-06-16,48.44,48.5,47.63,47.67,42.8331,759000
2017-06-19,47.91,48.25,47.59,48.2,43.3093,502200
2017-06-20,48.03,48.06,46.9,46.92,42.1592,457100
2017-06-21,47.03,47.06,46.33,46.39,41.683,518400
2017-06-22,46.33,46.35,45.79,46.35,41.647,365200
2017-06-23,46.23,46.43,46.01,46.34,41.638,860800
2017-06-26,46.42,46.58,46.16,46.53,41.8088,1312200
2017-06-27,46.52,46.87,46.39,46.65,41.9166,580200
2017-06-28,46.96,48.14,46.91,48.09,43.2105,1197100
2017-06-29,48.1,48.15,47.26,47.72,42.878,725200
2017-06-30,47.96,49.1,47.72,48.75,43.8035,826000
2017-07-03,48.85,49.15,48.48,48.6,43.6687,298100
2017-07-05,48.58,49.07,48.45,48.97,44.0012,860000
2017-07-06,48.79,49.09,48.48,48.8,43.8484,1004200
2017-07-07,48.93,49.16,48.6,49.08,44.1,419200
2017-07-10,48.94,49.46,48.79,49.2,44.2078,463400
2017-07-11,49.19,49.5,48.91,49.4,44.3876,653100
2017-07-12,49.69,50.11,49.69,49.95,44.8817,538000
2017-07-13,49.96,50.22,49.87,50.2,45.1064,520900
2017-07-14,50.22,50.7,50.13,50.4,45.2861,493400
2017-07-17,50.38,50.76,50.18,50.65,45.5107,674900
2017-07-18,50.62,50.73,50.41,50.49,45.367,511500
2017-07-19,50.54,51.16,50.35,50.99,45.8162,646300
2017-07-20,51.08,51.29,50.87,51.19,45.9959,455200
2017-07-21,51.31,51.64,50.79,51.59,46.3553,744100
2017-07-24,51.6,52.03,51.45,51.96,46.6878,446200
2017-07-25,52.18,53.06,52.07,52.83,47.4695,689300
2017-07-26,52.85,52.94,52.38,52.7,47.3527,555600
2017-07-27,52.86,53.07,52.48,52.83,47.4695,810700
2017-07-28,52.8,53.18,52.48,52.97,47.5953,1294900
2017-07-31,53.1,53.6,52.51,52.68,47.3347,614100
2017-08-01,52.92,53.02,52.3,52.75,47.3976,528800
2017-08-02,52.68,53.07,52.37,53.03,47.6492,479500
2017-08-03,53.1,53.47,52.66,52.98,47.6043,489800
2017-08-04,53.21,53.28,52.82,53.06,47.6762,1205200
2017-08-07,53.09,53.25,52.65,52.99,47.6133,886000
2017-08-08,52.7,54.32,52.56,53.87,48.404,931100
2017-08-09,53.84,54.53,53.48,53.99,48.5118,784300
2017-08-10,53.99,54.51,53.7,53.95,48.4759,648700
2017-08-11,53.53,54.3,53.53,53.75,48.2962,445400
2017-08-14,53.9,54.23,53.81,53.94,48.4669,521400
2017-08-15,53.95,54.16,53.82,53.87,48.404,334200
2017-08-16,54.15,54.44,53.88,54.01,48.5298,336300
2017-08-17,53.71,53.94,53.55,53.64,48.2957,308000
2017-08-18,53.52,53.54,53.16,53.29,47.9806,376100
2017-08-21,53.36,53.51,52.94,53.31,47.9986,979600
2017-08-22,53.46,53.63,53.13,53.44,48.1156,615100
2017-08-23,53.21,53.56,53.11,53.19,47.8905,424800
2017-08-24,53.39,53.63,53.14,53.47,48.1426,388200
2017-08-25,53.71,53.98,53.29,53.34,48.0256,521100
2017-08-28,53.55,53.75,53.34,53.5,48.1696,884400
2017-08-29,53.46,53.86,53.26,53.8,48.4397,379000
2017-08-30,53.76,54.35,53.68,54.13,48.7369,472300
2017-08-31,54.29,54.77,54.13,54.72,49.2681,296500
2017-09-01,54.78,54.8,54.42,54.59,49.151,253600
2017-09-05,54.42,54.62,54.1,54.41,48.989,715300
2017-09-06,54.65,54.65,53.66,53.78,48.4217,1029500
2017-09-07,53.86,54.01,53.58,53.98,48.6018,263300
2017-09-08,53.98,53.98,53.3,53.8,48.4397,539500
2017-09-11,54.05,54.64,53.93,54.63,49.187,553700
2017-09-12,54.73,54.83,54.22,54.31,48.8989,385300
2017-09-13,54.17,54.17,53.76,53.84,48.4758,346900
2017-09-14,53.76,53.76,53.24,53.29,47.9806,616800
2017-09-15,53.34,53.62,53.11,53.44,48.1156,642400
2017-09-18,53.56,54.29,53.47,54.2,48.7999,489800
2017-09-19,54.14,54.56,54.11,54.53,49.097,432300
2017-09-20,54.64,54.99,54.45,54.69,49.2411,513300
2017-09-21,54.72,54.82,54.36,54.73,49.2771,929700
2017-09-22,54.8,56.37,54.8,56.24,50.6366,783500
2017-09-25,56.09,56.29,55.55,56.09,50.5016,551200
2017-09-26,56.18,56.47,56.01,56.37,50.7537,466200
2017-09-27,56.6,57.45,56.23,56.31,50.6997,562100
2017-09-28,56.1,56.39,55.76,56.06,50.4746,403700
2017-09-29,56.05,56.25,55.74,56.02,50.4386,423000
2017-10-02,56.43,57.46,56.22,57.29,51.582,681900
2017-10-03,57.43,57.7,56.95,57.04,51.3569,501400
2017-10-04,57.01,57.37,56.58,56.88,51.2129,747100
2017-10-05,57.14,59.07,57.14,59.03,53.1487,1009900
2017-10-06,58.81,59.41,58.68,59.41,53.4908,1089200
2017-10-09,59.6,59.8,59.01,59.33,53.4188,371000
2017-10-10,59.47,59.56,58.64,59.04,53.1577,829400
2017-10-11,59.0,59.02,58.53,58.97,53.0947,553900
2017-10-12,58.86,59.2,58.86,58.96,53.0856,296800
2017-10-13,59.17,59.55,58.97,59.19,53.2927,465700
2017-10-16,59.45,59.55,59.11,59.55,53.6169,443700
2017-10-17,59.53,59.6,59.3,59.43,53.5088,340000
2017-10-18,59.56,59.57,59.16,59.33,53.4188,217500
2017-10-19,59.18,59.33,58.56,59.18,53.2837,263700
2017-10-20,59.42,59.96,59.09,59.86,53.896,265300
2017-10-23,59.9,60.12,59.76,60.12,54.1301,310400
2017-10-24,60.66,61.88,60.54,61.81,55.6517,769700
2017-10-25,61.4,61.45,60.57,60.58,54.5442,759100
2017-10-26,60.83,60.83,59.57,60.21,54.2111,923000
2017-10-27,60.13,60.32,59.5,60.03,54.049,307700
2017-10-30,60.19,60.3,59.82,60.26,54.2561,461400
2017-10-31,60.26,60.61,59.83,59.92,53.95,636400
2017-11-01,60.16,60.55,59.98,60.36,54.3462,409700
2017-11-02,60.34,61.55,60.12,61.35,55.2375,340400
2017-11-03,61.23,61.55,60.86,61.03,54.9494,562600
2017-11-06,60.9,61.37,60.73,61.03,54.9494,628900
2017-11-07,59.2,60.14,57.32,60.04,54.058,1842000
2017-11-08,60.03,61.24,60.03,60.53,54.4992,817400
2017-11-09,60.55,61.15,59.87,60.19,54.1931,678300
2017-11-10,59.93,60.62,59.66,60.5,54.4722,269600
2017-11-13,60.41,60.64,59.96,60.58,54.5442,407800
2017-11-14,60.16,60.92,59.94,60.84,54.7783,537700
2017-11-15,60.51,60.82,59.7,59.88,53.914,769700
2017-11-16,59.95,60.64,59.85,59.99,54.013,480100
2017-11-17,59.72,60.17,59.49,59.92,54.0491,431600
2017-11-20,59.95,60.47,59.84,60.11,54.2205,551300
2017-11-21,60.13,60.82,59.95,60.8,54.8429,490300
2017-11-22,60.76,61.31,60.38,61.04,55.0594,381000
2017-11-24,61.24,61.3,60.8,61.05,55.0684,202300
2017-11-27,61.04,61.04,59.93,60.28,54.3738,356500
2017-11-28,60.49,61.36,60.25,61.33,55.3209,263100
2017-11-29,61.35,61.37,60.6,60.96,54.9872,467900
2017-11-30,61.31,62.49,60.57,62.45,56.3312,505500
2017-12-01,62.18,62.47,61.09,61.88,55.8171,481200
2017-12-04,62.33,62.85,61.73,61.76,55.7088,523300
2017-12-05,61.76,62.35,61.39,61.51,55.4833,426400
2017-12-06,61.45,61.76,60.97,61.29,55.2849,238500
2017-12-07,61.28,61.89,61.1,61.76,55.7088,276700
2017-12-08,61.97,61.99,61.38,61.98,55.9073,312300
2017-12-11,61.88,61.88,60.8,60.96,54.9872,429100
2017-12-12,60.98,61.17,60.62,60.82,54.8609,310700
2017-12-13,60.82,60.88,60.42,60.57,54.6354,612800
2017-12-14,60.57,60.7,59.79,59.95,54.0762,1009800
2017-12-15,60.51,61.5,60.31,60.91,54.9421,913500
2017-12-18,61.24,61.46,60.93,61.04,55.0594,479900
2017-12-19,61.26,61.67,60.83,61.04,55.0594,421400
2017-12-20,61.19,61.25,60.5,61.02,55.0413,234000
2017-12-21,61.16,61.36,60.57,60.67,54.7256,548200
2017-12-22,60.85,60.94,60.53,60.83,54.8699,217200
2017-12-26,60.72,60.95,60.13,60.21,54.3107,234200
2017-12-27,60.21,61.0,60.15,60.57,54.6354,538100
2017-12-28,60.75,60.95,60.35,60.9,54.9331,281200
2017-12-29,60.95,61.28,60.33,60.49,54.5633,367000
2018-01-02,60.71,61.14,60.11,60.53,54.5993,429300
2018-01-03,60.64,61.21,60.25,61.06,55.0774,382000
2018-01-04,61.17,61.5,60.88,61.06,55.0774,476900
2018-01-05,61.34,61.53,60.98,61.44,55.4202,332400
2018-01-08,61.4,62.12,61.2,61.98,55.9073,345700
2018-01-09,62.02,62.32,61.31,61.37,55.357,300700
2018-01-10,61.79,62.07,61.14,61.23,55.2308,924400
2018-01-11,61.55,62.46,61.52,62.23,56.1328,824600
2018-01-12,62.6,63.12,62.39,62.89,56.7281,559500
2018-01-16,62.98,63.26,61.38,61.65,55.6096,862900
2018-01-17,62.0,63.12,62.0,62.85,56.692,352700
2018-01-18,63.31,63.5,62.61,63.36,57.1521,377900
2018-01-19,63.98,64.39,63.32,63.96,57.6933,286200
2018-01-22,63.97,63.97,62.9,63.59,57.3595,389900
2018-01-23,63.55,64.05,63.41,63.73,57.4858,262100
2018-01-24,63.85,63.98,62.86,63.52,57.2964,376500
2018-01-25,63.85,64.1,63.09,64.02,57.7474,256300
2018-01-26,64.14,64.78,63.68,64.65,58.3157,340300
2018-01-29,64.48,64.92,64.24,64.49,58.1713,270900
2018-01-30,64.47,64.47,63.35,63.99,57.7203,322400
2018-01-31,64.37,64.49,63.16,63.44,57.2242,503500
2018-02-01,63.43,64.83,63.39,64.49,58.1713,843900
2018-02-02,64.23,64.23,63.38,63.76,57.5129,359700
2018-02-05,63.1,64.11,60.59,60.7,54.7527,468900
2018-02-06,59.3,62.06,57.14,61.71,55.6637,561600
2018-02-07,61.55,63.32,61.44,61.7,55.6547,363000
2018-02-08,61.84,62.09,59.82,59.82,53.9589,337800
2018-02-09,60.36,61.26,59.1,60.89,54.9241,577100
2018-02-12,61.27,62.21,60.56,61.89,55.8261,469700
2018-02-13,61.6,62.15,61.43,61.91,55.8441,191800
2018-02-14,61.62,63.48,61.45,63.47,57.2513,637700
2018-02-15,63.87,64.52,63.61,64.31,58.009,478500
2018-02-16,64.1,65.06,63.53,64.12,57.8376,345400
2018-02-20,63.82,64.54,63.49,63.64,57.4046,251900
2018-02-21,63.72,64.58,63.22,63.64,57.4046,237800
2018-02-22,63.97,63.97,63.08,63.55,57.3234,397600
2018-02-23,63.86,64.23,63.28,64.23,57.9368,278900
2018-02-26,64.5,64.85,64.06,64.82,58.469,352700
2018-02-27,64.85,65.38,63.26,63.29,57.0889,628800
2018-02-28,63.02,64.37,61.12,62.96,56.7912,1144200
2018-03-01,63.67,63.86,62.69,63.56,57.3325,910300
2018-03-02,63.32,64.0,62.74,63.77,57.5219,735100
2018-03-05,63.15,64.54,62.96,64.42,58.1082,430900
2018-03-06,64.74,64.74,63.6,63.92,57.6572,422800
2018-03-07,63.36,64.1,62.98,63.97,57.7023,282000
2018-03-08,64.28,64.64,63.56,64.37,58.0631,260300
2018-03-09,64.44,65.68,63.91,65.61,59.3291,514900
2018-03-12,65.64,65.82,64.39,64.61,58.4248,255200
2018-03-13,65.01,65.4,64.2,64.35,58.1897,921500
2018-03-14,64.68,64.68,63.24,63.79,57.6833,576300
2018-03-15,63.81,63.81,63.0,63.37,57.3035,428100
2018-03-16,63.55,63.81,63.04,63.5,57.4211,748800
2018-03-19,63.35,63.73,62.95,63.32,57.2583,999200
2018-03-20,63.44,64.43,63.44,64.32,58.1626,508500
2018-03-21,64.53,66.79,64.49,66.23,59.8897,606500
2018-03-22,65.65,66.24,65.12,65.29,59.0397,1062300
2018-03-23,65.28,66.79,64.93,65.28,59.0307,722900
2018-03-26,66.0,67.38,65.29,67.37,60.9206,996500
2018-03-27,67.69,67.69,65.05,65.55,59.2748,1033500
2018-03-28,65.45,65.8,64.21,64.5,58.3253,680000
2018-03-29,64.27,64.27,62.17,63.53,57.4482,926300
2018-04-02,63.31,63.58,61.7,62.61,56.6163,577700
2018-04-03,62.66,64.05,62.38,63.72,57.62,984900
2018-04-04,62.77,64.04,62.63,63.93,57.8099,344500
2018-04-05,64.48,65.35,64.03,65.23,58.9855,527800
2018-04-06,64.8,65.33,63.94,64.59,58.4067,625400
2018-04-09,64.87,65.51,64.61,64.83,58.6237,394800
2018-04-10,65.48,65.54,64.78,65.34,59.0849,462500
2018-04-11,65.1,66.13,65.03,65.86,59.5551,562500
2018-04-12,66.07,66.42,65.87,65.99,59.6727,464000
2018-04-13,66.24,66.6,65.53,66.57,60.1972,528900
2018-04-16,66.98,67.6,66.7,67.53,61.0653,369300
2018-04-17,68.38,70.69,68.38,69.35,62.711,945400
2018-04-18,69.74,70.17,69.11,69.93,63.2355,376800
2018-04-19,69.92,70.99,69.7,70.61,63.8504,369000
2018-04-20,70.96,71.04,70.24,70.94,64.1488,446100
2018-04-23,71.04,71.58,70.53,70.78,64.0041,345800
2018-04-24,71.15,72.18,68.45,69.29,62.6568,631900
2018-04-25,69.07,69.7,68.38,68.89,62.295,545700
2018-04-26,69.0,69.56,68.27,69.15,62.5302,442800
2018-04-27,69.23,69.23,68.09,68.31,61.7706,522600
2018-04-30,68.33,69.03,67.8,67.8,61.3094,465600
2018-05-01,67.64,67.97,65.55,66.94,60.5318,504900
2018-05-02,66.98,67.67,66.49,66.52,60.1519,524800
2018-05-03,66.23,66.82,65.29,66.31,59.9621,668800
2018-05-04,66.37,67.51,66.35,66.5,60.1339,813700
2018-05-07,68.31,69.95,67.47,67.7,61.219,1194100
2018-05-08,67.7,67.87,65.82,66.59,60.2152,1515400
2018-05-09,66.53,66.94,66.11,66.56,60.1881,564000
2018-05-10,66.58,67.91,66.37,67.48,61.02,582600
2018-05-11,67.25,67.73,67.07,67.62,61.1467,438900
2018-05-14,67.88,68.17,67.29,67.53,61.0653,816600
2018-05-15,67.43,67.89,67.24,67.76,61.2732,502500
2018-05-16,67.88,68.47,67.88,68.35,61.8068,490100
2018-05-17,67.93,68.71,67.93,68.37,61.9699,372000
2018-05-18,68.37,68.82,68.12,68.44,62.0334,400500
2018-05-21,68.77,69.15,68.43,68.59,62.1693,415000
2018-05-22,68.61,68.61,67.84,67.99,61.6255,445100
2018-05-23,67.63,68.05,67.45,68.04,61.6708,280300
2018-05-24,67.07,68.12,65.9,68.1,61.7252,516900
2018-05-25,67.95,68.1,67.55,67.78,61.4351,379500
2018-05-29,67.36,67.68,66.48,67.25,60.9548,306900
2018-05-30,67.55,67.8,66.98,67.49,61.1723,575200
2018-05-31,67.65,67.65,66.61,66.74,60.4925,312900
2018-06-01,67.11,67.69,67.07,67.45,61.136,320800
2018-06-04,67.73,67.83,66.63,66.9,60.6375,448500
2018-06-05,66.86,67.18,66.54,67.17,60.8822,660500
2018-06-06,67.45,67.77,66.7,67.39,61.0817,586300
2018-06-07,67.46,67.58,66.07,66.58,60.3475,545100
2018-06-08,66.55,67.36,66.39,67.36,61.0545,502500
2018-06-11,67.29,68.03,67.13,67.57,61.2448,373200
2018-06-12,67.56,67.6,66.71,66.79,60.5378,373400
2018-06-13,66.73,66.99,66.07,66.47,60.2478,590700
2018-06-14,66.68,66.77,65.73,65.91,59.7402,415700
2018-06-15,65.57,65.92,65.25,65.39,59.2689,439100
2018-06-18,65.27,65.45,64.75,65.08,58.9879,787200
2018-06-19,64.44,64.56,62.8,62.95,57.0573,1045400
2018-06-20,63.08,63.38,62.41,63.07,57.1661,748700
2018-06-21,63.15,63.32,62.44,62.64,56.7763,571100
2018-06-22,63.0,63.03,61.86,62.29,56.4591,917400
2018-06-25,62.04,62.09,61.36,61.87,56.0784,552300
2018-06-26,61.96,62.56,61.69,62.2,56.3775,430500
2018-06-27,62.01,63.11,61.53,61.55,55.7883,554800
2018-06-28,61.46,62.08,60.93,61.86,56.0693,374500
2018-06-29,62.2,62.76,61.97,62.32,56.4862,452500
2018-07-02,61.92,62.53,61.67,62.36,56.5225,624000
2018-07-03,62.78,63.53,62.67,62.99,57.0935,393100
2018-07-05,63.2,63.3,62.38,62.95,57.0573,912200
2018-07-06,62.9,63.2,62.47,62.91,57.021,485100
2018-07-09,63.21,63.95,63.21,63.91,57.9274,859400
2018-07-10,64.03,64.4,63.92,64.18,58.1721,448500
2018-07-11,63.77,64.17,63.48,63.65,57.6917,548600
2018-07-12,63.66,63.93,63.18,63.62,57.6646,483100
2018-07-13,63.72,64.32,63.32,63.93,57.9455,191000
2018-07-16,64.15,64.35,63.7,63.9,57.9184,570100
2018-07-17,63.88,64.56,63.81,64.49,58.4531,644900
2018-07-18,64.48,65.24,64.22,64.97,58.8882,220300
2018-07-19,64.78,65.31,64.62,65.23,59.1239,188600
2018-07-20,65.07,65.54,64.82,64.84,58.7704,177300
2018-07-23,64.78,64.78,63.77,63.82,57.8458,237500
2018-07-24,64.21,64.89,63.67,64.78,58.716,619300
2018-07-25,64.59,65.07,63.69,65.02,58.9335,516800
2018-07-26,64.95,65.99,64.95,65.72,59.568,384400
2018-07-27,65.69,65.98,65.13,65.45,59.3233,162400
2018-07-30,65.49,65.78,64.08,64.13,58.1268,280000
2018-07-31,64.47,65.99,64.33,65.76,59.6042,298900
2018-08-01,65.76,66.13,65.38,65.48,59.3504,327600
2018-08-02,65.45,65.85,65.03,65.67,59.5227,289400
2018-08-03,65.82,66.9,65.57,66.77,60.5197,400200
2018-08-06,66.7,67.42,66.24,66.81,60.5559,787100
2018-08-07,64.68,64.92,60.61,64.18,58.1721,2419800
2018-08-08,63.61,63.9,62.54,62.62,56.7582,1164900
2018-08-09,62.62,63.32,62.44,62.74,56.8669,607700
2018-08-10,62.48,63.11,62.27,62.45,56.6041,659700
2018-08-13,62.4,63.3,62.4,62.77,56.8941,468800
2018-08-14,62.97,63.51,62.64,63.24,57.3201,764100
2018-08-15,62.85,63.01,62.12,62.6,56.74,543000
2018-08-16,63.07,63.34,62.68,63.27,57.3473,649300
2018-08-17,62.92,63.69,62.86,62.98,57.2292,596100
2018-08-20,63.17,64.17,62.98,63.91,58.0743,395900
2018-08-21,63.87,64.68,63.87,64.46,58.574,478500
2018-08-22,64.35,64.42,63.85,64.0,58.1561,580900
2018-08-23,63.94,64.05,62.53,62.65,56.9293,532000
2018-08-24,62.8,63.19,62.65,63.18,57.4109,357200
2018-08-27,63.29,63.81,63.27,63.45,57.6563,421200
2018-08-28,63.84,63.93,63.12,63.75,57.9289,500500
2018-08-29,63.75,63.89,62.66,62.7,56.9748,500200
2018-08-30,62.61,62.78,60.91,61.04,55.4663,528800
2018-08-31,61.03,61.47,60.7,61.32,55.7208,563600
2018-09-04,61.09,61.21,60.55,61.02,55.4482,550500
2018-09-05,60.98,61.24,60.82,60.92,55.3573,485800
2018-09-06,60.94,61.61,60.85,61.58,55.957,468300
2018-09-07,61.38,62.08,61.36,61.54,55.9207,478900
2018-09-10,61.73,62.11,61.58,61.79,56.1479,505800
2018-09-11,61.57,61.68,61.14,61.23,55.639,389500
2018-09-12,61.19,61.62,60.97,61.48,55.8662,313300
2018-09-13,61.61,62.64,61.51,62.2,56.5204,479800
2018-09-14,62.16,62.86,62.16,62.57,56.8566,343700
2018-09-17,62.46,63.18,62.39,63.14,57.3746,628900
2018-09-18,63.1,63.62,62.66,63.31,57.5291,720200
2018-09-19,63.42,64.01,62.04,62.19,56.5113,642100
2018-09-20,62.37,62.93,61.67,62.89,57.1474,621800
2018-09-21,63.23,63.31,62.58,62.69,56.9657,957800
2018-09-24,62.48,62.51,61.54,61.97,56.3114,348000
2018-09-25,62.02,62.4,61.75,62.1,56.4296,337700
2018-09-26,62.24,62.26,61.36,61.59,55.9661,541800
2018-09-27,61.63,62.1,61.24,61.83,56.1842,264400
2018-09-28,61.71,62.76,61.71,62.54,56.8294,394700
2018-10-01,63.04,63.2,62.37,63.06,57.3019,422900
2018-10-02,62.88,63.48,62.88,63.18,57.4109,373900
2018-10-03,63.35,63.66,62.95,63.06,57.3019,373000
2018-10-04,63.01,63.59,62.17,62.94,57.1928,544500
2018-10-05,63.01,63.55,62.63,62.67,56.9475,384000
2018-10-08,62.5,62.67,61.53,61.93,56.2751,426000
2018-10-09,61.82,61.88,60.09,60.23,54.7303,499300
2018-10-10,60.26,60.26,58.09,58.17,52.8584,425800
2018-10-11,57.65,58.12,56.8,57.25,52.0224,631000
2018-10-12,58.03,58.24,56.94,57.51,52.2587,455200
2018-10-15,57.66,58.76,57.6,58.49,53.1492,391700
2018-10-16,58.84,60.4,58.46,60.23,54.7303,484000
2018-10-17,60.14,60.3,59.43,59.97,54.4941,317300
2018-10-18,59.8,60.28,59.12,59.35,53.9307,386200
2018-10-19,59.34,59.48,58.79,59.11,53.7126,295200
2018-10-22,59.2,59.21,58.52,59.06,53.6671,293200
2018-10-23,58.26,60.1,58.26,59.81,54.3487,655500
2018-10-24,59.82,60.16,57.88,58.02,52.7221,583900
2018-10-25,58.31,58.43,56.86,56.97,51.768,727900
2018-10-26,56.48,58.13,56.26,57.52,52.2678,393100
2018-10-29,58.25,58.63,55.46,56.02,50.9047,484700
2018-10-30,55.94,57.4,55.59,57.25,52.0224,396500
2018-10-31,57.84,58.74,57.36,58.46,53.1219,473600
2018-11-01,58.77,60.06,58.58,59.81,54.3487,446100
2018-11-02,60.2,60.71,59.27,59.91,54.4395,312000
2018-11-05,60.16,60.62,59.32,60.15,54.6576,561200
2018-11-06,60.22,61.14,60.0,60.67,55.1301,666100
2018-11-07,52.0,52.3,44.5,46.26,42.0359,6691300
2018-11-08,45.42,47.16,44.81,46.45,42.2086,2559400
2018-11-09,46.29,47.92,46.26,47.29,42.9719,1861700
2018-11-12,46.89,46.98,44.13,44.23,40.1913,1465700
2018-11-13,44.19,44.71,41.98,42.34,38.4739,2194500
2018-11-14,42.65,44.49,42.65,43.86,39.8551,1491300
2018-11-15,43.6,44.11,42.78,43.45,39.4825,1558600
2018-11-16,43.33,45.11,43.33,44.85,40.7547,1061000
2018-11-19,44.45,44.78,43.04,43.31,39.4962,1158700
2018-11-20,42.66,42.7,41.31,41.78,38.1009,1042200
2018-11-21,42.04,43.85,42.04,43.19,39.3868,1292200
2018-11-23,42.8,43.29,42.37,42.86,39.0858,314900
2018-11-26,43.13,43.62,42.59,42.73,38.9673,931200
2018-11-27,42.64,43.43,41.94,43.28,39.4688,1239000
2018-11-28,43.56,45.13,43.46,45.0,41.0374,1030200
2018-11-29,44.82,45.5,44.82,45.02,41.0556,1056200
2018-11-30,44.88,45.55,44.23,45.22,41.238,1043600
2018-12-03,46.03,46.6,45.05,45.17,41.1924,1038500
2018-12-04,45.17,45.17,42.94,43.02,39.2317,1432100
2018-12-06,42.36,42.88,40.91,42.8,39.0311,1560000
2018-12-07,42.94,43.25,41.4,41.86,38.1739,1518600
2018-12-10,41.7,42.47,41.13,41.54,37.8821,1734300
2018-12-11,42.09,42.09,40.22,41.12,37.499,1205300
2018-12-12,41.67,42.32,41.12,42.06,38.3563,1142200
2018-12-13,41.83,42.48,41.7,42.18,38.4657,1023700
2018-12-14,41.48,42.4,41.48,41.82,38.1374,1586500
2018-12-17,41.65,42.58,40.54,41.13,37.5082,1566300
2018-12-18,41.54,42.16,40.58,40.76,37.1707,1108900
2018-12-19,40.58,41.76,39.82,40.07,36.5415,951000
2018-12-20,39.78,40.24,37.73,38.77,35.356,1125900
2018-12-21,38.77,38.95,37.12,37.16,33.8878,1907000
2018-12-24,36.74,37.08,36.02,36.76,33.523,493500
2018-12-26,37.04,37.59,35.91,37.57,34.2616,852100
2018-12-27,37.15,37.38,36.14,37.24,33.9607,1131900
2018-12-28,37.43,37.92,36.66,36.92,33.6689,1051400
2018-12-31,37.23,38.26,36.69,38.23,34.8635,933300
2019-01-02,37.78,39.03,37.43,38.9,35.4745,882600
2019-01-03,38.59,38.97,37.4,38.1,34.745,744000
2019-01-04,38.59,39.75,38.41,39.63,36.1403,618900
2019-01-07,39.52,40.3,39.34,39.79,36.2862,777800
2019-01-08,40.0,40.36,39.52,40.34,36.7877,875100
2019-01-09,40.43,40.83,40.26,40.66,37.0795,501500
2019-01-10,40.34,40.73,39.71,40.63,37.0522,519400
2019-01-11,40.5,40.68,40.13,40.62,37.0431,738300
2019-01-14,40.21,40.83,40.16,40.55,36.9792,673800
2019-01-15,40.64,41.19,40.31,41.06,37.4443,533900
2019-01-16,40.97,42.08,40.85,42.01,38.3107,1076100
2019-01-17,41.85,43.2,41.6,43.03,39.2408,900500
2019-01-18,43.43,44.51,43.26,44.2,40.3078,1140800
2019-01-22,44.04,44.42,43.01,43.57,39.7333,921000
2019-01-23,43.86,44.14,42.97,43.2,39.3959,726600
2019-01-24,43.41,44.36,43.26,44.25,40.3534,499400
2019-01-25,44.53,45.15,44.53,45.08,41.1103,392900
2019-01-28,44.5,45.34,44.5,45.17,41.1924,536200
2019-01-29,45.34,45.86,45.0,45.59,41.5754,550600
2019-01-30,45.95,46.41,44.96,45.94,41.8946,507400
2019-01-31,46.16,46.48,45.53,46.42,42.3323,636100
2019-02-01,46.61,46.85,46.15,46.8,42.6789,529500
2019-02-04,46.86,48.11,46.8,48.05,43.8188,715700
2019-02-05,48.1,48.7,47.93,48.4,44.138,848500
2019-02-06,48.41,48.77,48.07,48.53,44.2565,444900
2019-02-07,48.37,48.8,47.99,48.59,44.3113,547100
2019-02-08,48.08,48.65,47.84,48.42,44.1562,503100
2019-02-11,48.6,48.88,48.22,48.62,44.3386,740100
2019-02-12,48.96,49.31,48.52,49.13,44.8037,471200
2019-02-13,49.24,49.48,48.66,49.39,45.0408,453500
2019-02-14,49.37,50.12,49.11,50.09,45.6792,529300
2019-02-15,50.4,51.46,50.14,51.45,46.9194,547700
2019-02-19,51.33,51.84,51.09,51.54,47.0015,541900
2019-02-20,51.5,51.97,51.31,51.84,47.2751,545000
2019-02-21,51.8,52.04,51.45,51.88,47.3115,522700
2019-02-22,52.15,53.05,52.02,53.03,48.3603,544900
2019-02-25,53.21,53.63,52.81,52.87,48.2144,1168100
2019-02-26,54.75,57.76,52.16,53.08,48.4059,2546500
2019-02-27,53.44,53.94,53.0,53.13,48.4515,1354100
2019-02-28,53.19,53.89,52.33,52.35,47.7401,805800
2019-03-01,51.85,52.51,51.44,51.76,47.2021,1027300
2019-03-04,51.9,51.96,50.33,50.46,46.0166,1161100
2019-03-05,50.46,50.97,50.39,50.42,45.9801,589900
2019-03-06,50.36,50.68,49.03,49.08,44.7581,632100
2019-03-07,48.96,49.34,48.55,49.3,44.9587,1162000
2019-03-08,48.74,48.76,47.99,48.71,44.5744,461600
2019-03-11,48.39,49.13,48.08,49.05,44.8855,765500
2019-03-12,49.07,49.91,48.8,49.64,45.4254,794800
2019-03-13,49.74,49.8,49.26,49.55,45.3431,742700
2019-03-14,49.5,49.6,48.87,49.09,44.9221,590700
2019-03-15,49.33,49.74,49.06,49.4,45.2058,1750800
2019-03-18,49.36,50.45,49.29,50.4,46.1209,707700
2019-03-19,50.52,50.92,49.94,50.0,45.7549,762000
2019-03-20,50.02,50.06,49.24,49.57,45.3614,484200
2019-03-21,49.39,50.3,49.34,49.79,45.5627,227000
2019-03-22,49.62,49.81,48.08,48.08,43.9979,309700
2019-03-25,48.08,48.6,47.85,48.51,44.3914,351100
2019-03-26,48.88,48.92,48.38,48.78,44.6384,356000
2019-03-27,48.81,48.92,48.07,48.23,44.1351,741300
2019-03-28,48.45,49.58,48.26,49.41,45.215,743100
2019-03-29,49.66,50.25,49.43,49.58,45.3705,493700
2019-04-01,49.97,50.86,49.85,50.84,46.5235,402700
2019-04-02,50.82,50.97,49.99,50.2,45.9379,425600
2019-04-03,50.44,50.65,49.71,49.96,45.7182,300300
2019-04-04,50.0,50.77,50.0,50.45,46.1667,317000
2019-04-05,50.54,51.18,50.43,50.9,46.5784,377100
2019-04-08,50.71,51.15,50.5,51.15,46.8072,383200
2019-04-09,50.84,50.84,50.32,50.45,46.1667,411700
2019-04-10,50.58,50.72,50.24,50.72,46.4137,264500
2019-04-11,50.78,51.21,50.64,51.21,46.8621,598700
2019-04-12,51.62,52.13,51.58,52.05,47.6308,351600
2019-04-15,52.07,52.57,51.55,52.13,47.704,443800
2019-04-16,52.27,52.45,51.75,52.18,47.7498,354300
2019-04-17,52.55,52.59,51.29,51.43,47.0635,348300
2019-04-18,51.57,52.02,51.25,51.89,47.4844,182200
2019-04-22,51.64,52.01,51.38,51.7,47.3105,288100
2019-04-23,52.02,53.06,51.87,52.7,48.2256,453100
2019-04-24,52.87,52.87,51.79,51.97,47.5576,274000
2019-04-25,51.63,51.71,50.44,51.06,46.7249,460800
2019-04-26,51.01,51.41,50.83,50.92,46.5967,293100
2019-04-29,50.91,51.26,50.6,51.14,46.7981,215100
2019-04-30,51.11,51.29,50.77,51.1,46.7615,522100
2019-05-01,51.36,51.67,50.7,50.7,46.3954,432800
2019-05-02,50.69,50.69,46.05,49.71,45.4895,1549900
2019-05-03,49.59,50.26,49.34,49.73,45.5078,1137500
2019-05-06,49.21,50.66,49.21,50.52,46.2307,409000
2019-05-07,50.0,50.35,49.53,50.0,45.7549,475800
2019-05-08,50.08,50.55,49.88,50.24,45.9745,454500
2019-05-09,49.96,50.08,49.25,49.89,45.6542,305400
2019-05-10,49.55,49.99,48.85,49.95,45.7091,431200
2019-05-13,48.96,49.27,47.84,48.24,44.1443,454800
2019-05-14,48.32,48.99,48.12,48.93,44.7757,351800
2019-05-15,48.3,49.11,48.14,48.83,44.6842,350900
2019-05-16,48.92,49.59,48.66,48.96,44.9597,263700
2019-05-17,48.6,49.09,48.1,48.1,44.1699,279400
2019-05-20,47.76,47.95,47.35,47.54,43.6557,251000
2019-05-21,47.87,48.72,47.59,48.65,44.675,208900
2019-05-22,48.42,48.42,47.89,48.08,44.1516,367200
2019-05-23,47.15,48.37,46.75,47.67,43.7751,815700
2019-05-24,48.03,48.1,47.46,47.8,43.8945,468800
2019-05-28,47.8,48.27,47.72,47.95,44.0322,580300
2019-05-29,47.97,48.18,47.69,47.88,43.9679,585300
2019-05-30,47.85,48.12,46.83,46.87,43.0405,418700
2019-05-31,46.4,46.57,46.07,46.54,42.7374,399100
2019-06-03,46.37,47.04,46.24,46.86,43.0313,451600
2019-06-04,47.32,48.11,47.14,48.0,44.0781,247800
2019-06-05,48.18,48.21,47.57,47.98,44.0598,708200
2019-06-06,48.13,48.6,47.55,48.33,44.3812,286000
2019-06-07,48.62,48.76,48.18,48.44,44.4822,345500
2019-06-10,48.92,49.26,48.61,48.8,44.8128,370300
2019-06-11,49.19,49.29,48.63,49.09,45.0791,730900
2019-06-12,49.06,49.1,48.85,49.05,45.0423,284200
2019-06-13,49.31,50.08,49.1,50.05,45.9606,433800
2019-06-14,50.07,50.25,49.81,49.96,45.878,393400
2019-06-17,49.98,49.98,49.29,49.76,45.6943,563400
2019-06-18,50.08,51.03,49.84,50.76,46.6126,417500
2019-06-19,50.74,50.92,50.17,50.4,46.282,743800
2019-06-20,51.74,51.83,51.17,51.74,47.5125,480500
2019-06-21,51.57,51.62,50.83,50.93,46.7687,878000
2019-06-24,51.05,51.57,50.76,51.01,46.8422,390100
2019-06-25,50.98,51.41,50.56,51.25,47.0626,706500
2019-06-26,51.33,51.35,50.83,51.03,46.8606,424600
2019-06-27,51.23,51.58,50.92,51.44,47.237,309400
2019-06-28,51.64,52.19,51.39,52.1,47.8431,1123200
2019-07-01,52.63,52.9,51.39,51.68,47.4574,362300
2019-07-02,51.68,52.17,51.39,51.74,47.5125,475500
2019-07-03,51.92,52.21,51.48,52.1,47.8431,120600
2019-07-05,51.79,52.29,51.5,52.21,47.9441,366100
2019-07-08,51.95,52.16,51.64,51.99,47.7421,306900
2019-07-09,51.84,52.17,51.43,52.08,47.8248,553100
2019-07-10,52.34,52.64,51.9,52.0,47.7513,550800
2019-07-11,52.02,52.29,51.76,52.03,47.7789,353400
2019-07-12,52.11,53.05,52.11,52.94,48.6145,256800
2019-07-15,52.98,53.16,52.3,52.66,48.3574,308700
2019-07-16,52.6,53.12,52.44,53.01,48.6788,279400
2019-07-17,53.01,53.28,52.47,53.05,48.7155,399500
2019-07-18,52.9,53.11,52.8,52.93,48.6053,310200
2019-07-19,53.09,53.37,52.76,52.99,48.6604,255100
2019-07-22,52.99,53.3,51.99,52.08,47.8248,737800
2019-07-23,52.43,53.12,52.25,53.09,48.7522,186000
2019-07-24,52.78,53.5,52.78,53.4,49.0369,223500
2019-07-25,53.49,54.0,53.0,53.51,49.1379,326200
2019-07-26,53.66,53.88,53.43,53.6,49.2206,197700
2019-07-29,53.51,53.73,53.37,53.58,49.2022,284400
2019-07-30,53.28,54.07,53.11,54.0,49.5879,359900
2019-07-31,54.23,54.6,53.61,53.91,49.5052,583200
2019-08-01,53.92,53.92,51.28,51.53,47.3197,441800
2019-08-02,51.37,51.52,50.35,50.4,46.282,554600
2019-08-05,49.63,49.63,48.13,48.7,44.7209,610300
2019-08-06,55.0,56.25,53.36,55.85,51.2867,1407700
2019-08-07,55.33,56.64,54.01,56.49,51.8744,781200
2019-08-08,56.63,57.69,56.55,57.03,52.3703,745400
2019-08-09,56.67,57.34,55.55,56.82,52.1775,406700
2019-08-12,56.53,56.95,55.74,55.84,51.2775,512200
2019-08-13,55.77,56.73,55.3,56.31,51.7091,441200
2019-08-14,55.52,56.22,55.12,55.64,51.0939,403900
2019-08-15,55.68,56.03,54.65,55.11,50.7623,389600
2019-08-16,55.45,56.22,55.28,56.07,51.6466,482400
2019-08-19,56.79,57.14,54.65,56.63,52.1624,245900
2019-08-20,56.77,56.91,56.25,56.67,52.1992,296300
2019-08-21,57.3,57.36,56.71,57.01,52.5124,207300
2019-08-22,57.32,57.81,56.87,57.57,53.0282,224800
2019-08-23,57.31,57.6,56.0,56.17,51.7387,205700
2019-08-26,56.74,56.74,55.65,56.02,51.6005,367200
2019-08-27,56.15,56.53,55.68,56.12,51.6926,329900
2019-08-28,56.12,57.0,55.46,57.0,52.5032,298600
2019-08-29,57.61,58.76,57.61,58.65,54.023,365600
2019-08-30,58.99,59.6,58.87,59.2,54.5296,374600
2019-09-03,58.6,59.71,58.24,59.44,54.7507,752100
2019-09-04,60.0,60.0,59.06,59.13,54.4652,278400
2019-09-05,59.79,60.23,59.51,59.71,54.9994,412700
2019-09-06,59.81,60.17,59.35,59.9,55.1744,266400
2019-09-09,60.16,60.18,58.88,59.23,54.5573,374300
2019-09-10,59.11,60.1,58.62,59.99,55.2573,577100
2019-09-11,60.0,60.33,59.41,60.03,55.2941,734400
2019-09-12,60.19,60.19,59.47,59.9,55.1744,316000
2019-09-13,60.0,60.04,59.36,59.8,55.0823,448700
2019-09-16,59.92,60.6,59.59,59.86,55.1376,781600
2019-09-17,59.79,60.75,59.44,60.41,55.6442,752500
2019-09-18,60.38,60.4,59.28,60.28,55.5244,635500
2019-09-19,60.12,61.0,59.74,60.05,55.3126,453100
2019-09-20,60.1,60.53,59.02,59.63,54.9257,889100
2019-09-23,59.3,59.87,59.1,59.22,54.5481,297100
2019-09-24,59.34,59.36,58.0,58.17,53.5809,396100
2019-09-25,58.27,58.77,57.87,58.5,53.8848,508200
2019-09-26,58.62,58.85,58.11,58.46,53.848,216900
2019-09-27,58.57,58.57,57.35,57.84,53.2769,446600
2019-09-30,57.95,57.99,57.08,57.21,52.6966,336100
2019-10-01,57.58,57.85,55.91,55.91,51.4992,316200
2019-10-02,55.54,55.67,54.64,55.22,50.8636,477500
2019-10-03,55.3,56.65,54.98,56.38,51.9321,560800
2019-10-04,56.53,56.72,55.35,55.68,51.2873,374800
2019-10-07,55.48,55.77,55.09,55.38,51.011,316800
2019-10-08,55.08,55.25,54.41,54.62,50.3109,312700
2019-10-09,55.03,55.03,54.47,54.68,50.3662,239900
2019-10-10,54.73,55.52,54.53,55.17,50.8176,396800
2019-10-11,55.78,56.42,55.48,55.82,51.4163,377800
2019-10-14,55.57,55.84,55.39,55.53,51.1491,177600
2019-10-15,55.7,56.56,55.47,56.48,52.0242,446800
2019-10-16,56.26,56.61,55.69,56.17,51.7387,679100
2019-10-17,56.37,56.87,56.35,56.67,52.1992,359100
2019-10-18,56.49,56.87,55.57,56.33,51.8861,477200
2019-10-21,56.54,56.91,55.78,55.86,51.4531,650800
2019-10-22,55.95,56.4,55.76,56.36,51.9137,348200
2019-10-23,56.18,56.47,55.96,56.4,51.9505,388000
2019-10-24,56.62,57.5,56.05,57.4,52.8716,309600
2019-10-25,57.16,57.52,57.03,57.43,52.8993,225800
2019-10-28,57.65,58.1,57.37,57.68,53.1295,242900
2019-10-29,57.36,58.51,57.36,57.97,53.3967,406600
2019-10-30,57.79,58.41,57.52,58.01,53.4335,323600
2019-10-31,57.95,58.3,57.35,58.1,53.5164,517700
2019-11-01,58.35,58.86,58.25,58.38,53.7743,442200
2019-11-04,58.79,59.26,58.5,59.01,54.3546,877400
2019-11-05,60.0,62.94,59.34,60.28,55.5244,1528400
2019-11-06,60.21,60.88,60.1,60.7,55.9113,888800
2019-11-07,61.13,61.44,60.0,60.21,55.4599,560900
2019-11-08,60.12,61.43,60.12,61.01,56.1968,427500
2019-11-11,60.43,61.23,60.43,61.03,56.2152,348800
2019-11-12,60.91,61.29,60.55,60.75,55.9573,458100
2019-11-13,60.64,61.35,60.35,60.87,56.0679,334900
2019-11-14,60.81,61.51,60.76,61.16,56.335,351100
2019-11-15,61.4,61.84,61.24,61.5,56.6482,259500
2019-11-18,61.33,61.38,60.52,60.73,55.9389,405400
2019-11-19,60.68,60.97,60.64,60.79,56.1514,308600
2019-11-20,60.75,61.93,60.75,61.65,56.9458,618300
2019-11-21,61.69,61.69,60.87,60.96,56.3084,294000
2019-11-22,61.12,61.3,60.14,60.5,55.8835,287400
2019-11-25,60.62,61.17,60.4,60.46,55.8466,270000
2019-11-26,60.27,61.06,60.27,60.85,56.2068,285600
2019-11-27,60.92,61.0,60.66,60.79,56.1514,212500
2019-11-29,60.65,60.77,60.06,60.13,55.5417,121700
2019-12-02,60.06,60.36,58.97,58.98,54.4795,222600
2019-12-03,58.61,58.92,58.16,58.79,54.304,411900
2019-12-04,58.93,59.92,58.93,59.6,55.0522,577300
2019-12-05,59.74,60.47,59.68,59.94,55.3662,336500
2019-12-06,60.44,60.75,60.3,60.51,55.8927,275900
2019-12-09,60.34,60.73,60.23,60.53,55.9112,641800
2019-12-10,60.65,60.87,60.12,60.28,55.6803,692100
2019-12-11,60.32,61.67,60.3,61.66,56.955,620000
2019-12-12,61.51,62.36,61.33,62.01,57.2783,484500
2019-12-13,61.98,62.62,61.65,62.35,57.5923,339700
2019-12-16,62.53,63.07,62.16,62.74,57.9526,686000
2019-12-17,62.82,62.92,62.14,62.32,57.5646,383800
2019-12-18,62.41,62.66,61.77,62.32,57.5646,717000
2019-12-19,62.36,62.77,62.04,62.63,57.851,408300
2019-12-20,62.81,63.7,62.74,63.7,58.8393,599800
2019-12-23,63.91,64.11,63.05,63.46,58.6176,460600
2019-12-24,63.56,63.6,62.88,63.26,58.4329,81300
2019-12-26,63.3,63.3,62.73,63.1,58.2851,178800
2019-12-27,63.27,63.27,62.67,62.75,57.9618,168500
2019-12-30,62.83,63.29,62.63,62.66,57.8787,286500
2019-12-31,62.66,62.9,61.82,62.08,57.3429,389200
2020-01-02,62.39,63.63,62.39,63.63,58.7747,342600
2020-01-03,63.26,65.46,63.26,65.43,60.4373,537600
2020-01-06,65.35,66.16,65.2,65.27,60.2895,910200
2020-01-07,65.16,66.46,65.01,66.31,61.2502,480500
2020-01-08,66.39,66.61,65.31,65.68,60.6682,480600
2020-01-09,65.83,66.23,65.8,66.0,60.9638,357300
2020-01-10,65.85,66.04,64.67,64.81,59.8646,343400
2020-01-13,65.0,65.58,64.93,65.34,60.3542,266900
2020-01-14,65.21,65.4,64.83,64.99,60.0309,463900
2020-01-15,65.0,65.64,64.86,65.15,60.1787,563200
2020-01-16,65.94,66.71,65.81,66.38,61.3148,391900
2020-01-17,66.59,66.65,66.12,66.17,61.1208,336500
2020-01-21,65.91,66.15,64.71,65.29,60.308,383600
2020-01-22,65.29,65.47,64.64,64.68,59.7445,467100
2020-01-23,64.76,66.49,63.78,66.3,61.2409,436500
2020-01-24,66.46,66.6,65.39,65.9,60.8714,253800
2020-01-27,64.76,65.64,64.63,65.33,60.3449,327100
2020-01-28,65.65,66.26,65.14,65.87,60.8437,487600
2020-01-29,66.33,66.33,65.1,65.5,60.502,483700
2020-01-30,65.01,65.46,63.89,65.37,60.3819,460000
2020-01-31,65.14,65.3,63.28,63.59,58.7377,358500
2020-02-03,63.46,64.43,63.4,63.68,58.8208,346200
2020-02-04,64.42,64.96,64.13,64.7,59.763,553600
2020-02-05,65.27,65.99,65.03,65.68,60.6682,386900
2020-02-06,65.83,66.21,65.54,65.54,60.5389,252800
2020-02-07,65.38,66.02,65.19,65.69,60.6775,530300
2020-02-10,65.61,66.45,65.61,66.38,61.3148,454300
2020-02-11,66.38,67.31,66.38,67.19,62.063,439100
2020-02-12,67.37,67.95,67.15,67.86,62.6819,592600
2020-02-13,67.6,68.75,67.6,68.55,63.3192,359400
2020-02-14,68.52,68.8,68.09,68.63,63.3931,224300
2020-02-18,68.52,69.42,68.28,69.35,64.0582,268000
2020-02-19,69.5,69.93,69.39,69.81,64.4831,302400
2020-02-20,69.62,70.57,69.33,70.43,65.0558,420400
2020-02-21,70.26,70.32,69.86,70.15,64.7971,434600
2020-02-24,68.25,69.75,67.62,69.38,64.0859,479800
2020-02-25,66.0,66.0,59.13,60.76,56.1237,1937000
2020-02-26,61.0,61.78,60.41,61.21,56.5393,1173600
2020-02-27,60.11,60.11,56.51,56.77,52.4381,1451400
2020-02-28,54.63,55.98,53.51,54.84,50.6554,1168600
2020-03-02,55.58,55.7,54.06,55.47,51.2373,1219100
2020-03-03,55.58,56.88,54.03,54.41,50.2582,835900
2020-03-04,55.53,55.77,53.81,54.76,50.5815,927600
2020-03-05,53.56,53.76,51.61,52.84,48.808,745900
2020-03-06,51.08,52.33,50.53,51.66,47.8902,654400
2020-03-09,48.01,48.82,46.24,46.52,43.1253,759700
2020-03-10,47.74,49.32,46.94,49.25,45.6561,1451400
2020-03-11,48.94,49.87,48.17,48.91,45.3409,1318800
2020-03-12,45.72,50.88,43.04,49.97,46.3236,1831000
2020-03-13,52.33,53.7,50.29,52.57,48.7338,1967600
2020-03-16,48.2,52.35,47.51,48.78,45.2204,1294000
2020-03-17,49.32,50.43,46.12,47.67,44.1914,1280600
2020-03-18,44.49,50.37,41.12,42.03,38.963,843000
2020-03-19,42.22,45.58,40.4,42.28,39.1947,1161600
2020-03-20,42.92,45.95,42.2,42.79,39.6675,876500
2020-03-23,42.16,45.18,41.02,43.25,40.0939,935100
2020-03-24,45.41,48.18,44.32,45.68,42.3466,982200
2020-03-25,46.2,47.6,44.4,44.77,41.503,816800
2020-03-26,45.36,49.0,45.26,48.38,44.8496,1097700
2020-03-27,46.88,48.38,46.25,47.17,43.7279,1037600
2020-03-30,46.99,48.21,45.54,47.45,43.9875,790500
2020-03-31,47.3,50.03,47.29,48.71,45.1555,1010100
2020-04-01,47.21,49.13,46.76,47.99,44.488,597000
2020-04-02,47.3,50.42,47.0,50.23,46.5646,884400
2020-04-03,50.76,51.58,49.14,50.58,46.8891,712400
2020-04-06,51.66,52.96,50.73,51.0,47.2784,724300
2020-04-07,53.13,53.13,50.06,50.17,46.509,883700
2020-04-08,50.42,52.4,50.3,50.44,46.7593,750900
2020-04-09,51.48,52.67,50.76,51.3,47.5565,761100
2020-04-13,51.14,51.3,49.5,50.36,46.6851,578200
2020-04-14,50.92,51.63,50.62,51.01,47.2877,576200
2020-04-15,50.17,50.67,49.72,50.38,46.7037,476600
2020-04-16,50.4,51.11,50.05,50.92,47.2042,518100
2020-04-17,52.41,52.91,51.11,52.34,48.5206,416300
2020-04-20,51.45,52.49,51.35,51.79,48.0108,458900
2020-04-21,50.88,52.03,49.9,50.36,46.6851,399200
2020-04-22,51.1,51.97,50.14,51.3,47.5565,484000
2020-04-23,51.92,52.95,51.5,51.92,48.1313,378300
2020-04-24,51.96,52.58,51.0,51.71,47.9366,521800
2020-04-27,51.89,54.09,51.89,53.42,49.5218,602800
2020-04-28,54.0,54.71,53.33,53.75,49.8277,377000
2020-04-29,54.16,54.97,53.56,53.75,49.8277,583000
2020-04-30,53.23,53.63,52.88,53.06,49.1881,669500
2020-05-01,52.44,52.92,51.28,51.71,47.9366,479200
2020-05-04,51.21,51.94,50.32,51.06,47.334,644800
2020-05-05,52.83,54.82,52.27,54.15,50.1985,771800
2020-05-06,54.53,56.1,54.21,55.68,51.6169,728100
2020-05-07,57.41,57.48,55.82,56.24,52.136,588600
2020-05-08,57.0,59.14,56.65,58.59,54.3146,877600
2020-05-11,58.0,58.9,57.28,58.37,54.1106,633500
2020-05-12,58.53,58.71,55.54,55.74,51.6725,545400
2020-05-13,55.38,55.38,53.44,54.05,50.1058,703800
2020-05-14,53.44,53.65,50.68,51.62,47.8532,1271100
2020-05-15,51.5,55.78,51.14,55.0,51.1749,975900
2020-05-18,56.85,58.15,56.24,57.74,53.7243,571100
2020-05-19,57.62,59.4,57.42,57.42,53.4266,644100
2020-05-20,57.9,58.33,56.84,57.24,53.2591,691200
2020-05-21,57.04,57.8,56.32,57.39,53.3987,604300
2020-05-22,57.27,57.38,56.57,57.05,53.0823,446400
2020-05-26,58.54,59.29,58.28,58.79,54.7013,415600
2020-05-27,61.21,61.82,60.07,61.78,57.4833,515200
2020-05-28,62.35,65.6,62.35,63.25,58.8511,1571000
2020-05-29,62.85,63.15,62.17,62.57,58.2184,793800
2020-06-01,62.58,63.56,61.81,61.94,57.6322,620800
2020-06-02,62.24,62.36,61.62,62.02,57.7067,531500
2020-06-03,62.49,63.37,61.64,62.04,57.7253,591600
2020-06-04,61.88,62.57,60.65,61.18,56.9251,656900
2020-06-05,62.68,62.68,60.71,61.09,56.8413,754000
2020-06-08,61.66,63.25,61.2,63.19,58.7953,598200
2020-06-09,62.67,63.72,61.67,63.11,58.7208,335300
2020-06-10,63.51,63.51,62.16,62.49,58.144,443600
2020-06-11,60.62,61.24,59.35,59.41,55.2782,604500
2020-06-12,60.97,61.42,57.81,58.79,54.7013,579800
2020-06-15,57.6,59.98,57.28,59.34,55.213,815900
2020-06-16,61.3,61.65,59.57,59.95,55.7806,385800
2020-06-17,60.0,60.78,59.98,60.25,56.0597,393400
2020-06-18,59.74,60.05,58.49,58.93,54.8316,320400
2020-06-19,59.54,60.12,57.97,58.27,54.2175,925500
2020-06-22,58.8,58.94,58.03,58.63,54.5524,265100
2020-06-23,59.13,59.26,57.93,57.97,53.9383,694100
2020-06-24,57.69,57.75,55.87,55.9,52.0123,369500
2020-06-25,55.4,56.22,54.72,56.19,52.2821,503000
2020-06-26,55.91,56.57,55.2,55.2,51.361,534300
2020-06-29,55.65,56.19,55.49,56.11,52.2077,437600
2020-06-30,56.19,56.77,55.76,56.64,52.7008,490700
2020-07-01,56.98,57.47,56.33,56.46,52.5333,281000
2020-07-02,57.0,57.39,56.01,56.07,52.1705,320700
2020-07-06,56.84,56.99,55.52,55.99,52.096,488800
2020-07-07,55.77,56.24,53.99,54.21,50.4398,590200
2020-07-08,54.18,54.62,53.51,53.6,49.8722,440200
2020-07-09,53.42,53.62,51.12,51.4,47.8252,457400
2020-07-10,51.26,52.18,51.02,52.1,48.4766,672200
2020-07-13,52.53,52.58,50.8,50.86,47.3228,367200
2020-07-14,50.53,50.8,49.6,50.44,46.932,341900
2020-07-15,50.93,52.0,50.88,51.68,48.0858,784100
2020-07-16,51.58,52.61,51.25,52.45,48.8022,413700
2020-07-17,52.97,53.35,52.45,52.66,48.9976,422700
2020-07-20,52.36,52.67,51.6,52.37,48.7278,278700
2020-07-21,52.27,53.63,52.27,53.02,49.3326,374500
2020-07-22,52.88,54.35,52.64,54.21,50.4398,440800
2020-07-23,54.18,55.43,54.18,54.31,50.5329,432000
2020-07-24,54.31,54.67,53.69,53.82,50.0769,342800
2020-07-27,53.56,54.01,53.28,53.48,49.7606,313700
2020-07-28,53.53,54.4,53.42,54.01,50.2537,372200
2020-07-29,54.16,54.5,53.83,54.23,50.4584,304700
2020-07-30,53.79,54.4,53.6,53.87,50.1235,377800
2020-07-31,53.92,54.68,53.58,54.52,50.7283,439700
2020-08-03,54.44,54.63,53.52,54.37,50.5887,525300
2020-08-04,57.58,61.71,57.23,58.84,54.7478,1009300
2020-08-05,59.37,59.37,57.55,58.07,54.0314,687000
2020-08-06,57.7,58.31,55.77,56.41,52.4868,577500
2020-08-07,56.55,57.68,56.55,57.36,53.3708,593800
2020-08-10,57.92,59.26,57.83,58.98,54.8781,515900
2020-08-11,59.75,59.89,59.07,59.2,55.0828,513700
2020-08-12,59.38,59.55,58.21,58.48,54.4129,355000
2020-08-13,58.0,58.64,57.79,58.08,54.0407,240200
2020-08-14,57.41,59.25,57.41,59.14,55.027,370500
2020-08-17,59.2,59.46,58.4,58.49,54.4222,280300
2020-08-18,58.35,58.83,57.96,58.21,54.3381,306700
2020-08-19,57.97,59.02,57.72,58.32,54.4408,301200
2020-08-20,57.88,58.13,57.12,57.42,53.6007,378900
2020-08-21,57.12,57.52,56.33,56.62,52.8539,521900
2020-08-24,56.94,58.18,56.51,58.13,54.2635,348800
2020-08-25,58.2,58.98,57.93,58.47,54.5809,441500
2020-08-26,58.0,58.04,55.37,55.78,52.0698,654900
2020-08-27,55.85,56.4,55.27,55.3,51.6217,527300
2020-08-28,55.59,56.22,55.26,56.0,52.2751,431100
2020-08-31,55.87,56.06,55.42,55.61,51.9111,272500
2020-09-01,55.26,55.76,54.94,55.03,51.3697,343400
2020-09-02,55.0,57.17,54.93,57.07,53.274,803000
2020-09-03,57.2,57.57,56.42,57.38,53.5634,991200
2020-09-04,57.91,58.89,57.33,58.53,54.6369,654400
2020-09-08,58.16,58.2,56.77,57.21,53.4047,667800
2020-09-09,58.46,58.52,57.51,58.3,54.4222,1013800
2020-09-10,58.52,59.02,56.25,56.45,52.6952,814500
2020-09-11,56.41,56.61,55.98,56.49,52.7326,471100
2020-09-14,56.72,57.51,56.72,57.43,53.61,363100
2020-09-15,57.33,57.69,56.85,57.19,53.386,408100
2020-09-16,57.31,58.08,57.21,57.74,53.8994,408600
2020-09-17,57.32,58.7,56.99,58.42,54.5342,490800
2020-09-18,58.41,59.59,58.4,59.25,55.309,1176900
2020-09-21,58.6,58.74,57.83,57.96,54.1048,634300
2020-09-22,58.31,58.98,58.05,58.82,54.9076,347000
2020-09-23,59.03,59.71,57.7,57.71,53.8714,680300
2020-09-24,57.7,57.89,56.11,56.76,52.9846,436200
2020-09-25,56.57,57.53,56.28,57.37,53.554,356200
2020-09-28,57.74,58.62,57.74,57.86,54.0114,187800
2020-09-29,57.62,57.85,57.05,57.27,53.4607,211800
2020-09-30,57.47,57.9,56.02,56.31,52.5645,355900
2020-10-01,56.38,56.97,55.65,56.65,52.8819,431900
2020-10-02,55.87,57.37,55.87,56.42,52.6672,486000
2020-10-05,56.89,57.38,56.02,56.18,52.4432,365000
2020-10-06,56.37,56.67,54.88,55.0,51.3417,646900
2020-10-07,55.3,55.76,54.69,55.44,51.7524,690300
2020-10-08,55.64,58.02,55.64,57.97,54.1141,420900
2020-10-09,57.84,58.56,57.42,57.85,54.0021,446400
2020-10-12,58.16,58.87,57.9,58.81,54.8982,394200
2020-10-13,58.59,58.99,57.67,57.83,53.9834,390400
2020-10-14,57.72,59.24,57.72,58.71,54.8049,506800
2020-10-15,59.32,59.84,58.66,58.91,54.9916,583000
2020-10-16,59.1,59.35,57.89,57.93,54.0768,274600
2020-10-19,57.85,58.49,56.65,56.94,53.1526,203400
2020-10-20,57.13,57.48,56.09,56.17,52.4338,273900
2020-10-21,56.09,56.35,55.53,55.78,52.0698,506400
2020-10-22,55.68,57.46,55.68,57.27,53.4607,475600
2020-10-23,57.62,58.13,57.46,57.64,53.8061,353300
2020-10-26,56.99,57.08,55.86,56.63,52.8632,480100
2020-10-27,56.43,56.51,55.89,56.0,52.2751,298900
2020-10-28,55.3,55.87,53.63,53.72,50.1468,456400
2020-10-29,53.48,54.65,53.07,54.18,50.5762,402300
2020-10-30,54.14,55.23,54.01,55.01,51.351,401400
2020-11-02,54.74,56.18,53.02,54.93,51.2763,782600
2020-11-03,55.73,56.42,54.9,55.43,51.7431,395300
2020-11-04,55.11,56.01,54.07,54.29,50.6789,374600
2020-11-05,54.43,55.37,54.01,54.78,51.1363,484400
2020-11-06,54.77,55.28,54.29,55.06,51.3977,400200
2020-11-09,57.36,57.47,54.13,54.37,50.7536,476500
2020-11-10,54.81,55.51,54.4,55.13,51.463,446200
2020-11-11,55.21,55.7,54.97,55.55,51.8551,396400
2020-11-12,55.38,56.13,55.22,55.28,51.603,421600
2020-11-13,55.76,56.72,55.76,56.37,52.6205,279300
2020-11-16,56.88,57.17,56.07,56.53,52.7699,372800
2020-11-17,55.87,56.96,55.75,56.67,52.9006,305500
2020-11-18,56.83,57.9,56.83,56.96,53.1713,370200
2020-11-19,56.61,57.21,55.81,57.01,53.3961,307200
2020-11-20,57.1,57.59,55.89,55.89,52.3471,456700
2020-11-23,56.22,57.35,56.07,57.05,53.4335,280700
2020-11-24,57.54,58.89,57.36,58.64,54.9227,309800
2020-11-25,58.51,58.53,57.43,58.11,54.4263,297200
2020-11-27,58.12,58.65,57.29,57.56,53.9112,108600
2020-11-30,57.63,58.27,56.48,56.88,53.2743,274100
2020-12-01,57.3,57.71,56.64,56.94,53.3305,293300
2020-12-02,56.91,57.17,56.09,56.71,53.1151,254700
2020-12-03,56.74,57.95,56.59,56.74,53.1432,274100
2020-12-04,56.96,57.73,56.75,57.64,53.9861,394800
2020-12-07,57.85,58.66,57.22,58.61,54.8946,333700
2020-12-08,58.53,60.23,58.53,60.14,56.3277,475100
2020-12-09,60.03,60.72,59.67,60.62,56.7772,497400
2020-12-10,60.21,62.14,60.09,62.1,58.1634,473800
2020-12-11,61.91,63.38,61.85,62.6,58.6317,664700
2020-12-14,62.46,62.75,60.78,61.1,57.2268,779800
2020-12-15,61.27,62.48,61.08,62.13,58.1915,595300
2020-12-16,62.17,62.76,60.71,61.03,57.1612,261000
2020-12-17,61.2,61.88,60.23,60.52,56.6836,446800
2020-12-18,60.42,61.28,59.97,60.16,56.3464,939200
2020-12-21,59.17,60.14,58.39,59.48,55.7095,261600
2020-12-22,59.47,59.83,58.93,59.0,55.2599,241400
2020-12-23,59.81,61.24,59.61,61.2,57.3205,374200
2020-12-24,61.13,61.13,60.1,60.14,56.3277,108600
2020-12-28,60.39,61.13,60.15,60.31,56.4869,144200
2020-12-29,60.31,60.48,59.29,59.64,55.8593,152700
2020-12-30,59.77,61.0,59.77,60.16,56.3464,254400
2020-12-31,60.0,60.82,59.38,60.28,56.4588,222100
2021-01-04,60.28,60.91,58.87,58.95,55.2131,316400
2021-01-05,58.95,59.88,58.95,59.22,55.466,367300
2021-01-06,59.42,61.53,59.42,61.0,57.1331,324100
2021-01-07,59.08,60.29,58.79,58.91,55.1756,368700
2021-01-08,59.22,59.94,58.74,59.23,55.4753,289900
2021-01-11,58.89,60.1,58.89,59.8,56.0092,245300
2021-01-12,59.9,61.02,59.82,60.33,56.5056,282900
2021-01-13,60.42,60.63,59.76,60.09,56.2808,270000
2021-01-14,61.0,61.77,60.61,61.22,57.3392,304900
2021-01-15,60.9,60.9,59.83,59.85,56.056,245900
2021-01-19,60.0,60.55,59.75,59.99,56.1872,358700
2021-01-20,60.17,60.45,58.65,58.88,55.1475,348800
2021-01-21,58.86,59.48,57.92,58.31,54.6137,268400
2021-01-22,58.0,58.75,57.79,58.18,54.4919,340700
2021-01-25,58.16,59.5,57.87,57.96,54.2858,232100
2021-01-26,57.93,58.3,57.11,57.31,53.6771,325800
2021-01-27,56.62,56.88,54.21,54.89,51.4105,438300
2021-01-28,54.76,55.77,54.63,55.13,51.6352,401000
2021-01-29,54.79,55.23,53.9,53.92,50.5019,425200
2021-02-01,54.11,55.15,53.67,54.94,51.4573,353800
2021-02-02,55.49,56.3,55.14,56.03,52.4782,444900
2021-02-03,55.6,56.25,55.33,55.44,51.9256,309700
2021-02-04,56.23,56.78,55.59,56.45,52.8716,387500
2021-02-05,56.69,57.05,55.95,56.11,52.5531,340200
2021-02-08,56.38,57.12,56.37,56.99,53.3773,395300
2021-02-09,56.99,57.48,56.58,56.71,53.1151,306400
2021-02-10,56.8,57.98,56.8,57.1,53.4804,370400
2021-02-11,57.24,58.95,57.24,58.56,54.8478,408800
2021-02-12,58.4,59.18,58.17,59.15,55.4004,274700
2021-02-16,59.58,60.35,58.7,59.43,55.6627,460400
2021-02-17,59.35,60.11,59.09,59.69,55.9062,345300
2021-02-18,59.49,59.86,58.91,58.91,55.1756,1210400
2021-02-19,59.18,59.52,58.33,58.59,54.8759,1014100
2021-02-22,58.36,58.95,57.24,57.73,54.0704,696400
2021-02-23,56.01,58.06,54.7,57.45,53.8082,1703700
2021-02-24,57.66,60.96,57.64,60.29,56.4682,610800
2021-02-25,59.96,60.57,59.21,59.34,55.5784,328900
2021-02-26,59.4,59.4,57.73,58.01,54.3327,621500
2021-03-01,58.75,60.01,58.55,60.0,56.1965,489200
2021-03-02,60.07,61.16,59.67,60.45,56.618,690100
2021-03-03,60.5,61.0,59.86,59.9,56.1029,553500
2021-03-04,59.63,59.89,57.52,58.04,54.3608,515000
2021-03-05,58.51,59.97,57.16,59.75,55.9624,466200
2021-03-08,60.0,61.2,59.62,59.99,56.1872,476400
2021-03-09,60.0,61.11,59.59,59.63,56.0462,735000
2021-03-10,59.9,61.03,59.23,61.03,57.362,232800
2021-03-11,61.09,62.71,60.78,61.9,58.1798,332200
2021-03-12,61.91,63.35,61.86,63.08,59.2888,376800
2021-03-15,63.2,64.36,63.12,64.34,60.4731,344300
2021-03-16,64.39,64.39,63.05,63.66,59.834,259200
2021-03-17,63.49,64.87,63.05,64.77,60.8773,322000
2021-03-18,64.56,65.76,64.23,64.47,60.5953,483300
2021-03-19,64.27,65.12,63.12,64.87,60.9712,630100
2021-03-22,64.76,65.18,64.15,64.56,60.6799,357000
2021-03-23,64.23,64.72,63.01,63.34,59.5332,315300
2021-03-24,63.38,64.72,63.38,63.99,60.1441,302400
2021-03-25,63.79,64.32,62.68,64.28,60.4167,591900
2021-03-26,64.57,64.79,63.91,64.79,60.8961,195900
2021-03-29,64.81,66.19,64.81,65.82,61.8641,240400
2021-03-30,65.65,66.17,65.3,66.0,62.0333,215400
2021-03-31,66.3,66.81,65.78,65.94,61.9769,410700
2021-04-01,66.32,66.89,65.28,66.87,62.8511,326100
2021-04-05,67.46,68.38,67.31,67.88,63.8004,347700
2021-04-06,67.89,68.67,67.8,68.1,64.0071,323300
2021-04-07,67.93,68.18,67.02,67.21,63.1706,242800
2021-04-08,67.34,67.75,67.07,67.71,63.6406,462400
2021-04-09,67.82,67.85,66.97,67.32,63.274,223800
2021-04-12,67.4,67.95,67.05,67.95,63.8661,237500
2021-04-13,67.77,67.83,67.0,67.03,63.0014,261700
2021-04-14,67.0,67.84,66.64,67.25,63.2082,390400
2021-04-15,67.28,67.76,66.92,67.56,63.4996,273300
2021-04-16,67.98,68.47,67.38,68.02,63.9319,203800
2021-04-19,68.1,68.13,67.35,67.67,63.603,198700
2021-04-20,67.52,67.97,67.04,67.35,63.3022,273200
2021-04-21,67.39,67.8,67.18,67.77,63.697,359800
2021-04-22,67.7,67.98,67.08,67.18,63.1424,413000
2021-04-23,67.11,67.54,66.69,67.37,63.321,199300
2021-04-26,67.71,67.72,66.91,67.19,63.1518,394100
2021-04-27,67.21,67.61,67.01,67.58,63.5184,252100
2021-04-28,67.55,67.77,67.03,67.25,63.2082,249900
2021-04-29,67.42,68.03,67.29,67.67,63.603,388300
2021-04-30,67.56,67.89,66.7,66.92,62.8981,308000
2021-05-03,66.94,67.48,66.54,67.27,63.227,334600
2021-05-04,68.38,68.68,66.39,67.18,63.1424,311800
2021-05-05,67.11,67.11,65.3,65.62,61.6762,303000
2021-05-06,65.51,65.68,64.91,65.38,61.4506,252500
2021-05-07,65.23,66.54,65.01,66.0,62.0333,330700
2021-05-10,66.0,66.46,65.74,65.85,61.8923,190500
2021-05-11,65.28,66.05,65.05,65.13,61.2156,344300
2021-05-12,65.04,65.63,63.3,63.31,59.505,241800
2021-05-13,63.19,64.4,63.13,63.59,59.7682,353500
2021-05-14,64.11,65.08,63.67,65.01,61.1028,296000
2021-05-17,64.84,65.0,64.0,64.44,60.5671,141600
2021-05-18,63.97,64.18,62.45,62.47,58.9075,299200
2021-05-19,61.95,62.17,61.19,62.04,58.502,221600
2021-05-20,62.08,62.51,61.71,62.35,58.7943,195500
2021-05-21,62.48,62.92,62.2,62.43,58.8697,151400
2021-05-24,62.92,62.92,61.79,61.98,58.4454,198700
2021-05-25,62.13,62.63,61.72,62.0,58.4643,233300
2021-05-26,62.0,62.41,61.78,62.38,58.8226,193700
2021-05-27,62.75,62.91,62.07,62.55,58.9829,334000
2021-05-28,62.56,62.83,62.12,62.54,58.9735,177100
2021-06-01,62.95,63.37,62.62,63.1,59.5015,269100
2021-06-02,63.3,63.36,62.72,63.25,59.643,221300
2021-06-03,63.01,63.67,62.91,63.62,59.9919,355100
2021-06-04,63.78,64.29,63.61,63.99,60.3408,201200
2021-06-07,63.91,64.36,63.69,64.14,60.4822,249800
2021-06-08,64.35,64.73,63.92,64.12,60.4634,209500
2021-06-09,64.29,64.46,63.55,64.17,60.5105,211900
2021-06-10,64.33,64.56,63.84,63.89,60.2465,184600
2021-06-11,64.11,64.51,63.72,64.05,60.3974,280900
2021-06-14,63.8,64.41,63.3,64.28,60.6142,611400
2021-06-15,64.58,64.91,63.64,63.65,60.0202,243500
2021-06-16,63.8,63.87,62.43,62.72,59.1432,358400
2021-06-17,62.48,62.48,60.31,60.44,56.9932,486500
2021-06-18,59.95,59.97,59.21,59.21,55.8334,646200
2021-06-21,59.67,60.58,59.52,60.46,57.0121,643700
2021-06-22,60.55,60.55,59.59,60.01,56.5878,326600
2021-06-23,58.87,59.25,58.25,58.86,55.5033,300800
2021-06-24,59.04,59.08,58.41,58.74,55.3902,241200
2021-06-25,58.74,59.45,58.74,59.28,55.8994,780700
2021-06-28,59.12,59.12,57.93,58.35,55.0224,244100
2021-06-29,58.28,58.71,57.6,57.67,54.3812,259200
2021-06-30,57.5,58.26,57.5,58.12,54.8055,258200
2021-07-01,58.18,58.49,57.88,58.12,54.8055,173300
2021-07-02,58.15,58.99,57.81,58.52,55.1827,258000
2021-07-06,58.55,58.55,57.36,58.15,54.8338,242700
2021-07-07,58.18,58.64,57.5,58.18,54.8621,328300
2021-07-08,57.42,57.98,57.14,57.24,53.9757,446800
2021-07-09,57.69,58.43,57.35,58.39,55.0601,504400
2021-07-12,58.04,58.34,57.6,58.01,54.7018,271500
2021-07-13,57.65,58.02,57.47,57.95,54.6452,289100
2021-07-14,57.96,58.33,56.99,57.3,54.0323,270400
2021-07-15,56.89,57.52,56.82,57.05,53.7966,164800
2021-07-16,57.42,57.42,56.64,57.17,53.9097,279900
2021-07-19,56.84,56.84,54.98,55.35,52.1935,399700
2021-07-20,55.41,58.39,55.41,58.07,54.7584,590500
2021-07-21,58.48,58.65,57.54,57.83,54.5321,314200
2021-07-22,57.97,57.97,56.87,57.47,54.1926,165700
2021-07-23,57.84,57.84,57.29,57.7,54.4095,156900
2021-07-26,57.63,57.79,57.35,57.6,54.3152,200500
2021-07-27,57.58,57.89,57.14,57.36,54.0889,187200
2021-07-28,57.76,57.86,56.72,57.5,54.2209,141000
2021-07-29,57.7,58.43,57.58,57.81,54.5132,203500
2021-07-30,57.5,58.01,57.3,57.43,54.1549,212400
2021-08-02,57.89,58.16,56.76,56.92,53.674,248600
2021-08-03,55.5,56.28,52.47,55.17,52.0238,892400
2021-08-04,54.44,55.3,52.85,52.88,49.8644,578900
2021-08-05,52.97,53.57,52.31,52.65,49.6475,721100
2021-08-06,53.04,54.03,53.02,53.94,50.8639,358300
2021-08-09,54.3,54.6,53.62,54.19,51.0996,403100
2021-08-10,54.12,55.61,54.12,55.38,52.2218,412100
2021-08-11,55.5,55.73,54.83,55.66,52.4858,257600
2021-08-12,55.29,55.91,55.18,55.66,52.4858,253500
2021-08-13,55.7,55.7,55.26,55.28,52.1275,325800
2021-08-16,55.11,55.9,54.57,55.39,52.2312,466600
2021-08-17,55.25,56.07,55.04,55.66,52.4858,322600
2021-08-18,55.35,55.52,54.85,54.88,51.9463,383600
2021-08-19,54.77,55.22,53.67,53.9,51.0187,512000
2021-08-20,53.62,55.9,53.62,55.84,52.855,1735600
2021-08-23,56.2,56.46,55.65,56.43,53.4134,358700
2021-08-24,56.65,57.28,56.59,57.26,54.1991,337500
2021-08-25,57.29,58.04,56.83,57.61,54.5303,465200
2021-08-26,57.5,58.13,57.46,57.49,54.4168,336700
2021-08-27,57.59,58.45,57.44,57.47,54.3978,371400
2021-08-30,57.46,57.57,56.95,57.0,53.953,295400
2021-08-31,57.06,57.65,56.78,57.43,54.36,299200
2021-09-01,57.83,57.83,56.98,57.05,54.0003,696300
2021-09-02,56.85,57.86,56.61,57.66,54.5777,1385300
2021-09-03,57.72,58.0,57.24,57.48,54.4073,427900
2021-09-07,57.23,57.77,57.15,57.4,54.3316,483300
2021-09-08,57.52,57.65,56.7,57.04,53.9908,312300
2021-09-09,56.75,57.02,56.49,56.87,53.8299,338900
2021-09-10,56.97,57.04,55.95,56.5,53.4797,402400
2021-09-13,56.9,57.19,56.09,56.95,53.9056,312900
2021-09-14,57.1,57.1,54.56,54.61,51.6907,470000
2021-09-15,54.56,55.22,54.41,54.71,51.7854,440100
2021-09-16,54.8,56.77,54.71,55.36,52.4006,637100
2021-09-17,55.63,55.78,54.51,55.2,52.2492,986700
2021-09-20,54.37,54.84,53.08,54.79,51.8611,494400
2021-09-21,55.1,55.31,54.02,54.68,51.757,330800
2021-09-22,55.13,55.4,54.4,54.55,51.6339,323900
2021-09-23,54.86,55.92,54.59,55.57,52.5994,338300
2021-09-24,55.62,55.8,55.27,55.31,52.3533,306500
2021-09-27,55.55,56.16,55.46,55.79,52.8076,324100
2021-09-28,55.71,55.82,54.86,54.97,52.0315,318400
2021-09-29,55.04,55.16,54.3,54.38,51.473,285400
2021-09-30,54.5,54.89,53.83,53.86,50.9808,266600
2021-10-01,54.1,55.48,53.41,55.03,52.0883,505500
2021-10-04,55.0,56.01,54.86,55.85,52.8644,630500
2021-10-05,56.09,57.35,55.52,56.92,53.8772,626000
2021-10-06,56.57,57.78,56.38,57.75,54.6629,402900
2021-10-07,58.0,58.51,57.67,58.02,54.9184,304900
2021-10-08,58.17,58.44,57.68,57.69,54.6061,381700
2021-10-11,57.76,58.74,57.58,58.11,55.0036,301800
2021-10-12,58.06,59.12,57.7,58.22,55.1077,262900
2021-10-13,58.14,58.16,56.07,56.2,53.1957,515500
2021-10-14,56.38,57.65,56.0,56.87,53.8299,294100
2021-10-15,57.14,57.71,56.4,56.43,53.4134,301500
2021-10-18,56.15,57.02,55.87,56.55,53.527,321900
2021-10-19,57.02,57.08,56.63,56.78,53.7447,227400
2021-10-20,56.85,58.04,56.49,57.96,54.8616,366700
2021-10-21,57.88,58.19,57.38,58.16,55.051,159100
2021-10-22,58.41,58.49,57.83,58.12,55.0131,309000
2021-10-25,58.23,58.74,57.9,58.32,55.2024,730900
2021-10-26,58.28,58.28,56.82,57.15,54.0949,464300
2021-10-27,57.01,57.45,55.88,55.88,52.8928,253600
2021-10-28,55.95,62.53,55.95,57.0,53.953,1510000
2021-10-29,56.9,57.36,55.9,56.74,53.7069,453300
2021-11-01,57.16,58.02,56.97,57.61,54.5303,410100
2021-11-02,52.0,53.46,50.82,53.23,50.3845,1105600
2021-11-03,53.0,55.04,52.86,54.85,51.9179,537100
2021-11-04,55.28,55.5,54.0,54.37,51.4636,429900
2021-11-05,54.77,55.53,54.46,55.08,52.1356,599700
2021-11-08,55.02,55.3,53.31,53.48,50.6211,479700
2021-11-09,53.49,53.87,53.01,53.19,50.3466,470300
2021-11-10,53.27,53.69,52.47,52.66,49.845,548600
2021-11-11,52.54,52.78,51.9,52.07,49.2865,314400
2021-11-12,52.13,53.5,52.0,53.24,50.394,367300
2021-11-15,53.77,54.01,53.19,53.36,50.5076,291000
2021-11-16,53.27,53.57,51.87,52.05,49.2676,496100
2021-11-17,52.1,52.29,51.64,51.72,48.9552,391400
2021-11-18,51.44,51.51,50.31,51.47,48.9172,522000
2021-11-19,51.29,51.71,51.2,51.36,48.8127,376800
2021-11-22,51.41,51.96,51.33,51.41,48.8602,848300
2021-11-23,51.7,52.18,51.04,51.23,48.6891,1905200
2021-11-24,51.2,51.51,50.43,50.5,47.9953,1462600
2021-11-26,49.84,49.97,48.92,49.35,46.9024,431700
2021-11-29,49.75,49.75,48.42,48.57,46.161,705400
2021-11-30,48.68,48.68,47.54,47.7,45.3342,1440400
2021-12-01,48.15,48.99,46.8,46.81,44.4883,4265200
2021-12-02,47.3,48.62,46.86,48.17,45.7809,2742600
2021-12-03,48.19,48.33,46.83,47.49,45.1346,1070900
2021-12-06,48.15,49.0,47.84,48.45,46.047,1343700
2021-12-07,48.59,49.53,48.24,48.27,45.8759,803400
2021-12-08,48.27,48.76,48.11,48.22,45.8284,956200
2021-12-09,47.89,48.37,47.31,47.89,45.5148,1082000
2021-12-10,48.14,48.51,47.42,47.83,45.4577,633200
2021-12-13,47.63,48.22,47.63,47.8,45.4292,702200
2021-12-14,47.37,48.43,47.37,47.66,45.2962,734200
2021-12-15,47.68,48.2,46.91,48.07,45.6858,703100
2021-12-16,48.23,48.73,47.89,47.89,45.5148,973600
2021-12-17,47.72,48.63,47.15,47.39,45.0396,1226300
2021-12-20,46.7,46.82,45.5,46.25,43.9561,948700
2021-12-21,46.56,48.13,46.56,47.55,45.1916,555900
2021-12-22,47.55,47.8,47.13,47.17,44.8305,339400
2021-12-23,47.28,48.15,47.11,47.85,45.4767,368900
2021-12-27,47.91,48.03,47.5,47.96,45.5813,369300
2021-12-28,47.77,48.51,47.61,48.18,45.7904,601400
2021-12-29,48.24,48.32,48.0,48.19,45.7999,264800
2021-12-30,48.2,48.73,47.98,48.02,45.6383,291300
2021-12-31,47.84,48.38,47.66,47.88,45.5053,419900
2022-01-03,48.0,48.75,48.0,48.53,46.123,430100
2022-01-04,48.7,49.2,48.6,49.18,46.7408,732100
2022-01-05,49.1,49.35,47.77,47.84,45.4672,569600
2022-01-06,48.09,48.56,47.24,48.2,45.8094,536600
2022-01-07,48.36,49.3,48.3,49.03,46.5982,562900
2022-01-10,49.26,49.3,48.11,48.3,45.9044,757200
2022-01-11,48.52,48.89,48.07,48.82,46.3986,540500
2022-01-12,48.44,49.0,47.9,48.14,45.7524,522700
2022-01-13,47.4,48.89,46.4,48.13,45.7429,1055000
2022-01-14,47.86,48.5,46.94,48.3,45.9044,1284300
2022-01-18,48.0,48.81,47.49,48.46,46.0565,660200
2022-01-19,48.95,49.66,48.51,49.18,46.7408,718300
2022-01-20,49.64,49.9,48.52,48.62,46.2086,693300
2022-01-21,48.28,49.13,48.08,48.42,46.0185,983100
2022-01-24,47.63,48.18,46.8,48.04,45.6573,940300
2022-01-25,47.62,48.18,46.6,47.65,45.2867,699200
2022-01-26,47.71,48.3,45.23,45.57,43.3098,1190600
2022-01-27,45.79,46.26,44.04,44.23,42.0363,1138300
2022-01-28,44.0,44.23,42.58,43.62,41.4565,1620200
2022-01-31,43.37,44.66,42.74,44.51,42.3024,893100
2022-02-01,44.51,44.92,43.92,44.26,42.0648,735500
2022-02-02,44.39,44.91,44.02,44.38,42.1788,578200
2022-02-03,44.13,44.72,43.96,44.04,41.8557,504100
2022-02-04,43.88,44.03,42.8,43.34,41.1904,700700
2022-02-07,43.52,44.11,43.04,43.72,41.5516,503600
2022-02-08,43.75,44.32,43.45,44.2,42.0078,512100
2022-02-09,44.54,45.34,44.36,45.31,43.0627,470100
2022-02-10,45.0,45.58,43.56,43.78,41.6086,342600
2022-02-11,43.68,44.49,43.68,44.15,41.9603,558300
2022-02-14,44.04,44.36,43.68,44.08,41.8937,889700
2022-02-15,44.38,44.98,44.3,44.79,42.5685,683600
2022-02-16,44.82,45.26,44.52,44.76,42.54,768300
2022-02-17,44.73,44.73,44.05,44.48,42.2739,638200
2022-02-18,44.5,44.59,43.72,43.84,41.6656,732200
2022-02-22,43.57,43.66,42.77,42.78,40.6582,805600
2022-02-23,44.17,46.37,43.48,45.15,42.9107,1366400
2022-02-24,44.64,48.87,44.44,48.6,46.1895,1818000
2022-02-25,48.79,49.92,48.14,49.59,47.1304,1058500
2022-02-28,49.73,53.48,49.63,53.42,50.7705,2774900
2022-03-01,53.26,54.3,52.92,54.04,51.3597,1400900
2022-03-02,53.86,54.05,52.8,53.03,50.3998,1480100
2022-03-03,53.46,53.67,52.51,53.18,50.5424,987700
2022-03-04,53.0,53.77,52.79,53.29,50.6469,739200
2022-03-07,53.59,55.76,53.48,55.73,52.9659,1732600
2022-03-08,55.77,57.1,53.49,53.68,51.0176,1610400
2022-03-09,53.38,53.85,52.31,52.92,50.5023,1114800
2022-03-10,52.56,55.14,52.56,53.41,50.9699,924400
2022-03-11,53.6,54.35,52.56,52.6,50.1969,639000
2022-03-14,52.56,52.56,50.93,51.96,49.5861,1344800
2022-03-15,52.14,53.15,51.78,52.95,50.5309,1183200
2022-03-16,53.61,53.63,51.5,52.49,50.0919,1121900
2022-03-17,52.47,53.65,52.16,53.41,50.9699,697400
2022-03-18,53.05,54.05,52.96,54.01,51.5425,1226500
2022-03-21,54.39,55.36,53.9,54.46,51.9719,491000
2022-03-22,54.64,55.43,54.38,54.78,52.2773,864300
2022-03-23,54.82,55.21,54.43,54.75,52.2486,329500
2022-03-24,54.5,54.87,54.2,54.78,52.2773,403500
2022-03-25,54.81,55.57,54.81,55.37,52.8403,417700
2022-03-28,55.1,55.19,54.31,54.59,52.096,484100
2022-03-29,54.32,54.71,53.7,54.03,51.5615,429000
2022-03-30,54.08,55.14,54.06,54.96,52.4491,398600
2022-03-31,54.71,55.21,53.86,53.86,51.3993,536700
2022-04-01,53.85,54.2,53.2,54.18,51.7047,497300
2022-04-04,53.94,54.25,53.09,54.01,51.5425,525200
2022-04-05,54.05,54.46,53.36,53.42,50.9794,912000
2022-04-06,53.17,55.02,53.16,53.98,51.5138,658800
2022-04-07,53.87,55.44,53.61,55.41,52.8785,474400
2022-04-08,55.34,56.01,54.88,54.94,52.43,547300
2022-04-11,55.01,55.4,54.48,54.65,52.1532,377200
2022-04-12,54.92,55.4,54.62,54.75,52.2486,473800
2022-04-13,54.93,55.69,54.69,54.95,52.4395,364600
2022-04-14,55.26,56.13,55.21,55.83,53.2793,404700
2022-04-18,55.73,57.01,55.64,55.94,53.3843,617300
2022-04-19,55.82,56.91,55.82,56.24,53.6706,433000
2022-04-20,56.53,57.0,56.17,56.66,54.0714,443300
2022-04-21,56.88,57.03,55.1,55.45,52.9167,769800
2022-04-22,55.47,56.07,54.61,54.65,52.1532,485100
2022-04-25,54.64,54.64,52.43,53.37,50.9317,528100
2022-04-26,52.96,53.6,52.22,52.27,49.882,416600
2022-04-27,52.1,52.83,51.62,52.15,49.7674,451700
2022-04-28,52.5,52.96,52.04,52.78,50.3687,441000
2022-04-29,52.64,53.37,51.84,51.92,49.5479,1181000
2022-05-02,51.48,52.54,50.16,50.76,48.4409,521700
2022-05-03,50.77,51.39,50.56,50.75,48.4314,837100
2022-05-04,50.78,52.7,50.59,52.46,50.0633,417400
2022-05-05,52.19,52.27,50.64,51.19,48.8513,473700
2022-05-06,51.02,51.05,49.71,50.33,48.0306,518000
2022-05-09,49.9,49.91,47.63,47.85,45.6639,628800
2022-05-10,48.1,49.83,45.78,48.14,45.9406,963700
2022-05-11,47.58,48.71,46.3,46.44,44.3183,527000
2022-05-12,46.08,47.44,46.08,47.36,45.1963,595100
2022-05-13,47.61,48.9,47.61,48.75,46.5228,529300
2022-05-16,48.93,49.52,48.63,49.35,47.0954,369000
2022-05-17,49.8,50.86,49.8,50.29,47.9924,341300
2022-05-18,50.08,50.64,49.72,50.01,47.7252,387400
2022-05-19,49.5,50.49,48.99,50.12,48.0415,492000
2022-05-20,50.19,50.22,48.53,49.3,47.2555,493000
2022-05-23,49.33,50.0,49.18,49.61,47.5527,263800
2022-05-24,49.51,50.49,49.21,50.28,48.1949,264100
2022-05-25,50.27,50.79,50.02,50.3,48.2141,688100
2022-05-26,50.61,51.53,50.51,50.62,48.5208,293200
2022-05-27,51.02,51.8,50.84,51.75,49.6039,290500
2022-05-31,51.69,51.98,50.77,51.2,49.0767,286100
2022-06-01,51.46,51.46,50.06,50.32,48.2332,430800
2022-06-02,50.48,50.88,50.1,50.85,48.7412,519300
2022-06-03,50.99,51.56,50.67,51.26,49.1342,225200
2022-06-06,51.55,52.01,50.99,51.61,49.4697,333700
2022-06-07,51.18,52.32,51.18,52.28,50.1119,335100
2022-06-08,52.17,52.51,51.4,51.62,49.4793,305000
2022-06-09,52.08,54.58,52.08,54.13,51.8852,832500
2022-06-10,53.4,53.7,52.58,53.1,50.8979,834000
2022-06-13,52.31,53.2,51.11,52.19,50.0257,932300
2022-06-14,52.18,52.62,51.55,51.79,49.6423,749500
2022-06-15,51.95,52.2,50.48,51.23,49.1055,687300
2022-06-16,50.66,50.82,49.18,49.29,47.2459,566500
2022-06-17,49.16,50.39,49.16,49.91,47.8402,1667400
2022-06-21,50.59,50.89,49.79,50.59,48.492,539300
2022-06-22,49.99,50.44,49.52,50.26,48.1757,651200
2022-06-23,50.32,51.09,50.09,50.57,48.4729,462600
2022-06-24,51.23,53.17,51.0,53.17,50.965,1244500
2022-06-27,53.56,54.27,52.79,53.79,51.5593,380500
2022-06-28,54.01,54.75,52.96,53.14,50.9363,345200
2022-06-29,53.3,53.93,52.76,53.52,51.3005,479600
2022-06-30,53.3,55.4,53.22,55.09,52.8054,609400
2022-07-01,55.12,56.64,54.72,56.44,54.0994,780800
2022-07-05,55.98,56.13,53.43,54.7,52.4316,702000
2022-07-06,54.82,56.23,54.36,55.75,53.438,644400
2022-07-07,55.77,56.56,55.53,56.29,53.9557,412400
2022-07-08,56.51,57.07,56.15,56.48,54.1378,628000
2022-07-11,56.46,56.98,55.79,55.94,53.6202,358400
2022-07-12,55.92,56.61,54.88,55.05,52.7671,587500
2022-07-13,54.4,55.61,54.4,54.58,52.3166,432900
2022-07-14,53.88,54.28,53.29,54.04,51.799,380000
2022-07-15,54.27,54.5,53.78,54.15,51.9044,332600
2022-07-18,54.44,54.65,52.98,53.02,50.8213,439500
2022-07-19,53.02,54.83,53.01,54.63,52.3645,561500
2022-07-20,54.74,54.93,54.21,54.63,52.3645,372800
2022-07-21,54.55,55.41,54.32,55.24,52.9492,590600
2022-07-22,55.49,55.8,54.45,54.77,52.4987,334800
2022-07-25,54.88,55.48,54.7,54.92,52.6425,287800
2022-07-26,54.92,55.3,54.7,54.8,52.5274,407000
2022-07-27,55.2,55.5,54.08,54.54,52.2782,428400
2022-07-28,55.15,55.92,54.3,55.62,53.3134,678100
2022-07-29,55.82,57.0,55.65,56.68,54.3295,620000
2022-08-01,56.72,57.05,56.19,56.84,54.4828,417300
2022-08-02,56.9,57.32,56.23,56.66,54.3103,467400
2022-08-03,56.66,56.66,55.26,56.22,53.8886,424500
2022-08-04,56.22,56.86,55.81,56.21,53.879,430800
2022-08-05,56.07,56.39,55.61,56.19,53.8598,642300
2022-08-08,56.33,56.89,55.6,55.94,53.6202,669600
2022-08-09,56.99,57.5,55.42,55.63,53.323,701300
2022-08-10,56.16,56.47,55.09,55.26,52.9684,1102500
2022-08-11,55.29,55.57,53.7,53.87,51.636,1400800
2022-08-12,54.2,54.92,53.76,54.8,52.5274,466300
2022-08-15,54.6,55.49,54.22,54.92,52.6425,596100
2022-08-16,54.65,55.11,54.39,54.56,52.2974,409000
2022-08-17,54.08,54.51,53.78,54.15,51.9044,400500
2022-08-18,54.17,54.41,53.96,54.31,52.2701,484500
2022-08-19,54.31,54.4,53.47,53.74,51.7215,433200
2022-08-22,53.34,53.78,52.85,53.03,51.0382,501200
2022-08-23,53.0,53.36,52.91,53.15,51.1537,476200
2022-08-24,53.69,53.96,53.09,53.58,51.5675,539400
2022-08-25,53.7,54.31,53.57,54.31,52.2701,238500
2022-08-26,54.54,54.55,53.04,53.05,51.0574,306100
2022-08-29,52.6,53.54,52.02,53.08,51.0863,415200
2022-08-30,53.6,53.6,52.37,52.5,50.5281,796000
2022-08-31,52.5,52.85,52.03,52.13,50.172,355800
2022-09-01,51.62,51.89,51.2,51.73,49.787,532400
2022-09-02,52.15,52.28,51.28,51.42,49.4887,337900
2022-09-06,51.33,51.9,51.2,51.48,49.5464,441200
2022-09-07,51.18,54.21,51.18,54.07,52.0391,751300
2022-09-08,53.82,54.0,52.38,53.0,51.0093,535500
2022-09-09,53.32,54.63,53.32,54.42,52.376,471800
2022-09-12,54.52,54.95,54.25,54.6,52.5492,463600
2022-09-13,53.81,54.24,52.96,53.07,51.0767,328700
2022-09-14,53.54,54.77,53.45,54.28,52.2413,476000
2022-09-15,54.08,54.72,53.64,53.91,51.8852,561800
2022-09-16,53.31,53.31,51.98,52.65,50.6725,744100
2022-09-19,52.25,53.48,52.25,53.27,51.2692,324500
2022-09-20,53.18,53.18,52.12,52.64,50.6628,333600
2022-09-21,53.34,53.67,52.02,52.03,50.0758,337500
2022-09-22,51.79,52.16,51.19,51.6,49.6619,300800
2022-09-23,51.11,51.18,49.14,50.62,48.7187,550600
2022-09-26,50.39,51.38,50.19,50.52,48.6225,729600
2022-09-27,50.94,51.51,50.45,50.75,48.8438,799000
2022-09-28,50.62,51.87,50.45,51.47,49.5368,599600
2022-09-29,51.13,51.13,49.68,50.85,48.9401,599500
2022-09-30,50.51,51.47,50.32,50.37,48.4781,398400
2022-10-03,50.78,51.97,50.78,51.7,49.7582,440200
2022-10-04,52.33,53.59,52.0,53.56,51.5483,651600
2022-10-05,53.12,53.28,52.12,52.37,50.403,396600
2022-10-06,52.26,52.64,52.11,52.64,50.6628,529000
2022-10-07,52.57,52.6,51.67,52.16,50.2009,336300
2022-10-10,52.32,53.21,52.21,52.38,50.4126,323000
2022-10-11,52.45,53.48,52.25,52.97,50.9805,454300
2022-10-12,53.01,53.64,51.81,51.82,49.8736,426700
2022-10-13,51.08,52.99,50.82,52.79,50.8072,565700
2022-10-14,52.91,53.06,51.82,52.06,50.1046,361200
2022-10-17,52.58,53.61,52.48,52.64,50.6628,370500
2022-10-18,53.59,55.07,53.24,54.79,52.7321,796700
2022-10-19,54.43,55.09,54.09,54.66,52.607,391700
2022-10-20,54.55,55.17,54.09,54.27,52.2316,288600
2022-10-21,54.29,55.47,53.73,55.45,53.3673,378600
2022-10-24,55.81,56.2,55.39,55.72,53.6272,236500
2022-10-25,55.72,56.34,55.53,55.96,53.8582,371100
2022-10-26,56.27,56.73,55.76,55.87,53.7715,325900
2022-10-27,56.34,56.9,55.72,55.86,53.7619,491600
2022-10-28,56.1,57.79,55.9,57.43,55.2729,671100
2022-10-31,57.05,57.41,56.37,56.98,54.8398,741300
2022-11-01,57.34,58.11,57.11,57.63,55.4654,568000
2022-11-02,57.74,58.42,57.0,57.0,54.8591,460300
2022-11-03,56.51,57.1,56.1,56.7,54.5704,348800
2022-11-04,56.87,57.31,55.55,56.59,54.4645,333500
2022-11-07,56.8,57.55,56.17,57.47,55.3114,447000
2022-11-08,55.4,57.4,55.4,56.98,54.8398,744700
2022-11-09,56.89,58.31,56.73,58.23,56.0429,455100
2022-11-10,59.38,62.26,59.38,62.17,59.8349,1341900
2022-11-11,62.0,62.84,60.24,60.39,58.1218,1455200
2022-11-14,60.49,60.52,58.46,58.5,56.3027,704000
2022-11-15,58.98,60.01,58.63,59.51,57.2748,970500
2022-11-16,59.51,60.05,58.83,59.68,57.4384,622400
2022-11-17,59.0,59.6,58.49,58.95,56.7358,417100
2022-11-18,59.31,59.31,58.23,59.0,56.9967,515500
2022-11-21,59.02,59.68,58.9,59.02,57.016,531200
2022-11-22,59.26,59.44,58.78,59.0,56.9967,743000
2022-11-23,59.03,60.49,58.8,60.3,58.2525,2019500
2022-11-25,60.76,61.4,60.4,60.94,58.8708,150500
2022-11-28,60.41,60.83,59.85,60.03,57.9917,391600
2022-11-29,60.13,60.52,59.7,60.05,58.011,246800
2022-11-30,60.19,60.89,59.48,60.89,58.8225,352000
2022-12-01,61.18,61.57,60.58,61.25,59.1703,423000
2022-12-02,60.59,62.31,60.59,62.23,60.117,396600
2022-12-05,61.63,61.88,61.24,61.38,59.2959,233700
2022-12-06,61.46,61.53,60.66,60.79,58.7259,624900
2022-12-07,60.57,61.09,59.27,59.35,57.3348,453100
2022-12-08,60.24,60.88,59.63,60.53,58.4747,642000
2022-12-09,60.38,60.8,59.65,59.68,57.6536,317400
2022-12-12,59.85,60.69,59.69,60.42,58.3685,304400
2022-12-13,61.22,61.51,59.71,59.84,57.8082,697800
2022-12-14,59.73,60.31,59.45,59.71,57.6826,301200
2022-12-15,59.51,59.62,58.53,58.68,56.6875,401300
2022-12-16,58.32,59.22,58.21,58.96,56.958,666000
2022-12-19,59.0,59.4,57.53,57.82,55.8567,621600
2022-12-20,57.71,57.98,57.29,57.49,55.538,470000
2022-12-21,57.91,58.71,57.67,58.68,56.6875,313300
2022-12-22,58.25,58.38,57.18,58.05,56.0789,349600
2022-12-23,58.17,58.3,57.59,58.24,56.2625,240700
2022-12-27,58.52,58.79,58.02,58.16,56.1852,231700
2022-12-28,58.4,58.54,57.55,57.56,55.6056,219300
2022-12-29,57.6,58.23,57.58,57.91,55.9437,289300
2022-12-30,57.93,58.18,57.28,58.08,56.1079,297100
2023-01-03,58.08,58.08,56.97,57.6,55.6442,452600
2023-01-04,57.48,58.17,57.34,57.53,55.5766,307600
2023-01-05,57.53,58.18,56.8,56.87,54.939,493100
2023-01-06,57.4,58.42,57.21,58.03,56.0596,440700
2023-01-09,58.15,58.18,57.03,57.28,55.3351,389700
2023-01-10,57.26,57.8,56.82,57.67,55.7118,417100
2023-01-11,57.93,59.03,57.93,59.02,57.016,434600
2023-01-12,59.17,59.28,58.65,58.65,56.6586,323800
2023-01-13,58.06,58.18,57.25,57.51,55.5573,983700
2023-01-17,57.49,58.07,57.08,57.19,55.2481,417900
2023-01-18,57.27,57.62,56.23,56.28,54.369,894600
2023-01-19,56.0,56.22,55.47,55.6,53.7121,526200
2023-01-20,55.86,56.72,55.5,56.54,54.6202,482200
2023-01-23,56.6,57.7,56.5,57.64,55.6828,461500
2023-01-24,57.0,58.84,57.0,58.72,56.7262,330100
2023-01-25,58.38,60.6,58.0,60.5,58.4457,781600
2023-01-26,60.93,61.18,60.42,60.95,58.8805,479700
2023-01-27,61.02,61.44,60.61,61.17,59.093,382300
2023-01-30,61.3,61.4,60.05,60.05,58.011,282700
2023-01-31,60.02,61.1,59.93,60.86,58.7935,358000
2023-02-01,60.64,61.14,60.14,60.55,58.494,480600
2023-02-02,60.54,61.36,59.3,61.01,58.9384,1128000
2023-02-03,60.89,61.18,60.17,60.29,58.2429,260200
2023-02-06,60.21,60.74,59.89,60.11,58.069,646900
2023-02-07,59.69,60.57,59.39,60.55,58.494,465100
2023-02-08,60.3,60.57,59.47,59.51,57.4894,302700
2023-02-09,59.81,60.02,58.8,59.0,56.9967,360300
2023-02-10,59.15,59.9,59.06,59.73,57.7019,223500
2023-02-13,59.99,60.73,59.7,59.89,57.8565,385400
2023-02-14,59.83,60.22,59.45,59.9,57.8661,482600
2023-02-15,59.59,60.58,59.38,60.48,58.4264,303800
2023-02-16,59.95,61.16,59.79,60.38,58.3298,364800
2023-02-17,60.46,60.61,59.94,60.53,58.4747,455700
2023-02-21,60.52,60.52,59.28,59.65,57.6246,368400
2023-02-22,59.38,60.1,59.33,59.42,57.4024,378500
2023-02-23,59.53,60.53,59.06,59.34,57.3251,410300
2023-02-24,60.99,61.56,59.58,60.91,58.8418,1106500
2023-02-27,61.07,61.94,60.9,61.7,59.605,713500
2023-02-28,61.72,62.01,61.08,61.11,59.035,752000
2023-03-01,61.0,62.46,60.84,62.33,60.2136,680000
2023-03-02,62.03,62.94,62.03,62.45,60.3295,581600
2023-03-03,62.57,63.27,62.28,63.14,60.9961,784100
2023-03-06,63.11,63.35,61.5,61.81,59.7113,706400
2023-03-07,61.84,62.5,61.73,61.75,59.6533,319600
2023-03-08,61.85,62.93,61.58,62.74,60.6097,1063200
2023-03-09,63.59,64.62,62.98,63.23,61.3078,1505800
2023-03-10,63.09,63.58,61.14,61.24,59.3783,889400
2023-03-13,60.39,61.76,60.29,61.4,59.5334,1043000
2023-03-14,61.78,62.21,60.73,61.46,59.5916,1096900
2023-03-15,61.37,61.78,60.41,61.73,59.8534,901600
2023-03-16,61.58,63.16,61.32,62.92,61.0072,872600
2023-03-17,62.86,62.86,61.02,61.04,59.1844,720900
2023-03-20,61.39,62.47,61.31,61.87,59.9892,504400
2023-03-21,62.59,62.93,62.25,62.63,60.726,399100
2023-03-22,62.62,62.69,60.96,61.01,59.1553,406300
2023-03-23,60.97,61.56,60.64,60.9,59.0486,303800
2023-03-24,60.55,61.46,60.4,61.26,59.3977,339700
2023-03-27,61.76,62.12,61.12,61.45,59.5819,486900
2023-03-28,61.36,62.33,61.36,62.29,60.3964,502000
2023-03-29,62.54,62.86,62.02,62.8,60.8909,604800
2023-03-30,62.99,63.5,62.2,62.53,60.6291,265200
2023-03-31,62.85,63.12,62.61,63.04,61.1236,310900
2023-04-03,63.15,63.8,63.04,63.59,61.6569,352600
2023-04-04,63.63,63.71,62.42,62.71,60.8036,334100
2023-04-05,62.55,62.89,61.96,62.45,60.5515,389100
2023-04-06,62.5,62.98,62.01,62.25,60.3576,326200
2023-04-10,62.14,63.02,62.14,62.9,60.9878,324800
2023-04-11,63.07,63.68,63.06,63.21,61.2884,331500
2023-04-12,63.36,64.11,63.04,63.94,61.9962,462400
2023-04-13,64.09,64.86,63.37,64.76,62.7913,579500
2023-04-14,64.38,64.85,63.9,64.06,62.1126,356900
2023-04-17,64.11,64.38,63.76,64.05,62.1029,354200
2023-04-18,64.53,64.95,64.09,64.38,62.4228,556300
2023-04-19,64.37,64.42,63.85,64.05,62.1029,354800
2023-04-20,63.86,64.11,63.55,63.81,61.8702,365300
2023-04-21,63.93,64.05,63.15,63.93,61.9865,519000
2023-04-24,63.94,64.28,63.63,64.19,62.2386,401600
2023-04-25,63.99,64.15,63.16,63.33,61.4048,456800
2023-04-26,63.17,63.83,63.01,63.37,61.4435,708800
2023-04-27,63.34,64.26,63.29,64.18,62.2289,397100
2023-04-28,64.2,64.91,64.11,64.58,62.6168,478500
2023-05-01,64.6,65.3,64.39,64.68,62.7137,563900
2023-05-02,64.62,64.67,63.47,64.26,62.3065,364600
2023-05-03,64.46,65.69,64.46,64.8,62.8301,607300
2023-05-04,64.6,64.72,63.02,64.11,62.161,485500
2023-05-05,64.36,65.5,64.25,65.23,63.247,609800
2023-05-08,65.21,65.67,64.59,65.08,63.1016,472700
2023-05-09,65.57,67.24,64.33,66.66,64.6335,1210500
2023-05-10,67.24,67.5,66.57,66.99,64.9535,707000
2023-05-11,66.58,67.18,66.1,66.48,64.459,476300
2023-05-12,66.61,66.94,66.05,66.57,64.5463,420200
2023-05-15,66.73,67.46,66.48,67.06,65.0214,396700
2023-05-16,67.06,67.14,66.31,66.89,64.8565,308300
2023-05-17,67.43,67.47,66.74,66.93,64.8953,384700
2023-05-18,66.65,66.92,65.76,66.54,64.7396,446800
2023-05-19,66.87,67.16,65.94,66.15,64.3602,281700
2023-05-22,66.15,66.75,65.87,66.13,64.3407,272800
2023-05-23,65.77,65.97,65.15,65.17,63.4067,308900
2023-05-24,65.17,65.17,64.25,64.46,62.7159,363100
2023-05-25,64.28,64.28,62.43,62.48,60.7895,547300
2023-05-26,62.41,62.73,61.53,61.63,59.9625,569400
2023-05-30,61.59,61.95,60.81,61.06,59.4079,427000
2023-05-31,60.78,61.11,60.17,60.32,58.6879,429500
2023-06-01,60.67,61.52,60.5,61.46,59.7971,446200
2023-06-02,61.65,63.17,61.51,62.99,61.2857,531800
2023-06-05,64.95,65.8,64.44,64.55,62.8035,1216400
2023-06-06,64.3,64.88,63.79,64.08,62.3462,786800
2023-06-07,64.01,64.6,63.92,64.24,62.5019,873500
2023-06-08,64.33,64.91,64.18,64.65,62.9008,675000
2023-06-09,64.62,65.03,64.43,64.9,63.144,645400
2023-06-12,64.93,66.93,64.76,66.69,64.8856,1095200
2023-06-13,66.63,67.57,66.33,67.55,65.7223,1114700
2023-06-14,67.6,67.86,67.01,67.42,65.5958,1013000
2023-06-15,67.17,68.1,67.11,67.73,65.8975,1026800
2023-06-16,67.99,69.76,67.95,69.73,67.8433,15142700
2023-06-20,69.3,69.92,68.73,68.8,66.9385,1885000
2023-06-21,68.77,68.95,68.16,68.74,66.8801,1071600
2023-06-22,68.3,68.87,67.71,68.62,66.7634,757100
2023-06-23,68.36,68.57,67.27,67.6,65.771,1125900
2023-06-26,67.41,68.93,67.15,68.86,66.9969,926600
2023-06-27,68.86,70.32,68.86,69.84,67.9504,832000
2023-06-28,70.08,70.25,69.51,70.22,68.3201,726000
2023-06-29,70.2,71.57,70.05,71.38,69.4487,691100
2023-06-30,71.62,71.94,70.87,71.57,69.6336,622400
2023-07-03,71.4,71.72,70.82,71.38,69.4487,236900
2023-07-05,71.16,71.5,70.57,70.86,68.9428,536300
2023-07-06,70.6,71.33,70.15,70.9,68.9817,505600
2023-07-07,70.88,71.44,70.76,70.94,69.0206,444700
2023-07-10,70.9,71.66,70.9,71.24,69.3125,689000
2023-07-11,71.06,71.44,70.7,71.26,69.3319,900600
2023-07-12,71.52,71.58,70.71,70.87,68.9525,458300
2023-07-13,70.77,71.19,70.62,70.65,68.7384,434700
2023-07-14,70.54,70.54,69.08,69.11,67.2401,566600
2023-07-17,69.11,70.62,69.07,70.48,68.573,422300
2023-07-18,70.66,71.11,69.94,69.97,68.0769,550900
2023-07-19,69.88,70.0,68.96,69.5,67.6196,600400
2023-07-20,70.0,70.47,69.68,70.35,68.4466,866000
2023-07-21,70.42,70.65,69.94,70.49,68.5828,469100
2023-07-24,70.37,70.73,69.79,69.85,67.9601,433800
2023-07-25,69.4,70.05,68.94,69.98,68.0866,537300
2023-07-26,69.84,70.65,69.69,69.93,68.0379,461800
2023-07-27,69.74,69.74,67.91,68.37,66.5202,594200
2023-07-28,68.56,68.92,68.14,68.7,66.8412,675700
2023-07-31,68.94,69.24,68.58,69.0,67.1331,913200
2023-08-01,68.79,69.72,68.79,69.36,67.4834,516100
2023-08-02,69.07,69.82,68.81,68.88,67.0163,587000
2023-08-03,68.87,68.96,68.16,68.62,66.7634,609000
2023-08-04,74.19,76.02,72.88,73.85,71.8519,2229500
2023-08-07,74.02,76.26,74.02,75.7,73.6518,1087000
2023-08-08,75.55,75.82,73.12,73.29,71.307,1173600
2023-08-09,73.68,73.98,72.95,73.0,71.0249,628900
2023-08-10,72.86,73.63,72.66,73.1,71.1221,348500
2023-08-11,73.17,73.49,72.39,73.45,71.4627,340100
2023-08-14,73.6,74.34,73.44,74.0,71.9978,429200
2023-08-15,73.64,73.96,73.34,73.37,71.3849,366800
2023-08-16,73.03,73.47,72.19,72.28,70.5455,424600
2023-08-17,72.44,72.72,70.95,70.99,69.2865,442500
2023-08-18,70.64,71.8,70.21,71.46,69.7452,859800
2023-08-21,71.54,71.78,71.21,71.37,69.6573,776700
2023-08-22,72.02,72.87,71.88,72.62,70.8773,633500
2023-08-23,72.7,73.07,72.15,73.06,71.3068,391600
2023-08-24,72.8,73.57,72.64,72.78,71.0335,473500
2023-08-25,73.3,73.39,72.34,72.65,70.9066,303700
2023-08-28,72.64,73.73,72.64,73.71,71.9412,337100
2023-08-29,73.41,73.81,72.78,73.53,71.7655,259500
2023-08-30,73.78,74.41,73.78,73.91,72.1364,398000
2023-08-31,74.13,74.37,73.76,73.76,71.99,324400
2023-09-01,73.99,74.32,73.71,73.97,72.1949,379700
2023-09-05,73.71,73.8,72.39,72.43,70.6919,425900
2023-09-06,72.27,72.61,71.8,72.23,70.4967,402400
2023-09-07,72.27,73.1,71.94,73.04,71.2873,420100
2023-09-08,73.0,73.49,72.0,72.1,70.3698,419800
2023-09-11,72.1,73.1,71.55,73.04,71.2873,381500
2023-09-12,72.91,73.94,72.76,73.38,71.6191,539500
2023-09-13,73.23,73.56,72.98,73.33,71.5703,466900
2023-09-14,73.27,74.36,73.22,74.34,72.5561,657900
2023-09-15,74.17,74.86,74.05,74.82,73.0245,1686800
2023-09-18,75.08,76.89,75.07,76.48,74.6447,896300
2023-09-19,76.48,76.93,75.17,75.19,73.3857,714100
2023-09-20,75.49,75.94,74.87,74.94,73.1417,533400
2023-09-21,74.74,74.8,73.55,74.16,72.3804,383800
2023-09-22,74.12,74.74,74.03,74.07,72.2925,420900
2023-09-25,73.88,75.05,73.71,74.81,73.0148,561000
2023-09-26,74.62,75.18,74.17,74.2,72.4194,569000
2023-09-27,74.31,74.62,73.39,74.38,72.5951,442800
2023-09-28,74.65,75.34,74.55,75.06,73.2588,433500
2023-09-29,75.19,75.59,74.9,74.98,73.1807,587300
2023-10-02,74.91,75.19,72.18,72.72,70.9749,504600
2023-10-03,72.53,73.38,72.53,72.84,71.092,502200
2023-10-04,72.62,73.43,72.14,73.02,71.2677,488000
2023-10-05,73.07,73.48,72.42,72.76,71.014,294200
2023-10-06,72.76,74.43,72.55,74.08,72.3023,500500
2023-10-09,74.68,77.56,74.46,77.47,75.6109,611300
2023-10-10,77.94,77.96,76.89,77.01,75.162,573400
2023-10-11,77.06,77.44,76.91,77.38,75.5231,566600
2023-10-12,77.49,77.49,76.3,76.71,74.8692,355700
2023-10-13,77.1,77.65,76.36,77.36,75.5036,409600
2023-10-16,77.63,78.82,77.47,77.97,76.099,487200
2023-10-17,77.65,79.42,77.65,78.29,76.4113,642400
2023-10-18,78.29,78.66,77.29,77.43,75.5719,524500
2023-10-19,77.17,78.12,76.88,77.18,75.3279,640800
2023-10-20,76.88,77.72,76.46,76.51,74.674,598000
2023-10-23,76.48,76.68,74.81,75.0,73.2002,411300
2023-10-24,75.97,76.21,74.97,75.29,73.4833,396400
2023-10-25,75.86,76.41,75.48,75.53,73.7175,396200
2023-10-26,75.63,76.33,75.47,75.68,73.8639,421000
2023-10-27,75.57,75.87,73.36,74.01,72.234,416300
2023-10-30,74.36,74.6,72.91,73.15,71.3946,560800
2023-10-31,73.43,74.9,73.14,74.28,72.4975,606900
2023-11-01,74.35,74.6,73.71,74.58,72.7903,1083200
2023-11-02,75.36,77.63,74.94,76.9,75.0546,948600
2023-11-03,76.45,77.11,75.72,76.13,74.3031,742200
2023-11-06,76.16,76.68,74.62,76.2,74.3714,574600
2023-11-07,76.14,76.48,75.75,76.06,74.2348,393800
2023-11-08,76.17,76.93,75.38,76.02,74.1957,330600
2023-11-09,76.36,76.81,75.16,75.27,73.4637,412100
2023-11-10,75.57,76.64,75.25,76.6,74.7618,641200
2023-11-13,76.87,77.57,76.51,76.85,75.0058,468600
2023-11-14,77.25,78.71,76.89,78.46,76.5772,334000
2023-11-15,78.36,78.56,76.09,76.39,74.5569,774600
2023-11-16,76.56,77.02,76.0,77.01,75.162,532600
2023-11-17,77.38,77.7,76.91,77.34,75.4841,323300
2023-11-20,77.21,78.5,76.79,78.24,76.5902,503900
2023-11-21,78.29,78.43,77.86,77.86,76.2183,255600
2023-11-22,77.86,78.38,77.85,78.36,76.7077,171400
2023-11-24,78.6,79.23,78.6,78.82,77.158,135500
2023-11-27,78.7,78.73,77.82,78.1,76.4532,294200
2023-11-28,78.25,78.25,77.02,77.19,75.5624,650600
2023-11-29,77.48,77.8,76.61,76.71,75.0925,465700
2023-11-30,76.78,78.13,76.56,78.03,76.3847,392500
2023-12-01,78.03,79.16,77.83,78.83,77.1678,258400
2023-12-04,78.74,81.61,78.74,81.45,79.7325,698800
2023-12-05,81.31,81.66,79.74,79.95,78.2642,542000
2023-12-06,79.84,80.65,79.84,80.6,78.9005,369900
2023-12-07,80.72,81.04,79.5,79.69,78.0097,338200
2023-12-08,79.9,80.37,79.06,79.24,77.5691,402300
2023-12-11,79.09,79.94,79.09,79.64,77.9607,697500
2023-12-12,79.64,80.81,79.43,80.01,78.3229,460500
2023-12-13,80.03,80.24,79.43,79.89,78.2054,468000
2023-12-14,79.62,79.95,77.22,77.32,75.6896,1001700
2023-12-15,76.98,77.8,76.31,76.58,74.9652,1583000
2023-12-18,76.62,77.82,76.6,77.56,75.9246,543000
2023-12-19,77.56,77.86,76.91,77.29,75.6603,488000
2023-12-20,77.03,77.07,76.14,76.16,74.5541,711600
2023-12-21,76.59,77.26,76.43,76.7,75.0827,605500
2023-12-22,77.01,77.41,76.51,77.05,75.4253,830900
2023-12-26,76.99,77.47,76.85,77.01,75.3862,353000
2023-12-27,76.84,77.08,76.43,76.64,75.024,327100
2023-12-28,76.44,77.06,76.35,76.59,74.975,289400
2023-12-29,76.57,76.88,76.15,76.73,75.1121,513700
2024-01-02,76.58,77.15,76.18,76.34,74.7303,460300
2024-01-03,76.17,76.46,75.5,75.83,74.2311,620000
2024-01-04,76.0,76.54,75.68,75.9,74.2996,826200
2024-01-05,76.02,76.08,74.84,75.06,73.4773,494100
2024-01-08,74.94,76.82,74.69,76.8,75.1806,514400
2024-01-09,76.44,76.66,75.5,76.45,74.838,428900
2024-01-10,77.04,78.4,76.4,78.11,76.463,654200
2024-01-11,78.23,78.25,77.31,78.03,76.3847,405400
2024-01-12,78.66,80.1,78.55,79.96,78.274,486500
2024-01-16,79.71,79.96,78.75,79.5,77.8237,568700
2024-01-17,79.2,80.11,79.0,79.23,77.5594,302600
2024-01-18,79.51,79.65,78.47,79.38,77.7062,382400
2024-01-19,79.75,79.76,78.86,79.52,77.8432,254000
2024-01-22,79.74,80.44,79.61,80.29,78.597,360000
2024-01-23,80.23,81.13,80.23,81.09,79.3801,371900
2024-01-24,81.37,81.79,80.74,80.78,79.0767,287100
2024-01-25,81.25,81.57,80.48,81.43,79.713,529500
2024-01-26,81.67,82.33,81.38,81.92,80.1926,297700
2024-01-29,82.07,82.49,81.49,82.48,80.7408,326200
2024-01-30,82.59,83.26,82.2,82.88,81.1324,770200
2024-01-31,83.18,83.43,81.48,81.48,79.7619,639700
2024-02-01,81.85,83.57,81.4,83.51,81.7491,447700
2024-02-02,83.14,83.27,81.87,83.21,81.4554,381800
2024-02-05,82.79,82.92,81.66,82.82,81.0737,389000
2024-02-06,83.14,83.66,82.79,83.01,81.2597,302500
2024-02-07,83.21,84.38,82.96,83.95,82.1798,306600
2024-02-08,83.82,84.17,83.26,83.84,82.0721,322100
2024-02-09,84.21,85.45,83.6,85.19,83.3937,386000
2024-02-12,85.18,86.15,84.94,84.96,83.1685,360200
2024-02-13,84.47,85.61,83.71,84.24,82.4637,467100
2024-02-14,85.21,86.85,84.68,86.78,84.9502,397400
2024-02-15,87.01,87.72,86.92,87.19,85.3515,500400
2024-02-16,87.23,88.16,86.96,87.71,85.8606,532900
2024-02-20,87.71,88.39,87.53,87.7,85.8508,503300
2024-02-21,87.79,88.64,87.61,88.47,86.6045,614800
2024-02-22,88.96,90.11,88.75,90.09,88.1904,467400
2024-02-23,90.21,90.37,89.46,89.83,87.9359,563600
2024-02-26,90.07,90.57,89.44,89.89,87.9946,1086300
2024-02-27,89.22,89.94,88.68,89.28,87.3974,843100
2024-02-28,93.31,101.11,91.95,100.77,98.6452,1698500
2024-02-29,102.0,102.91,98.86,100.83,98.7039,1129200
2024-03-01,100.54,102.59,100.12,102.38,100.2212,874800
2024-03-04,103.06,105.11,102.83,104.38,102.179,648900
2024-03-05,106.0,107.18,104.42,104.84,102.6294,709100
2024-03-06,105.0,106.15,104.84,105.6,103.3733,539500
2024-03-07,105.5,106.49,104.96,105.55,103.3244,720300
2024-03-08,105.24,105.67,102.36,103.19,101.2444,764600
2024-03-11,103.09,103.25,101.71,101.86,99.9394,566700
2024-03-12,101.71,102.03,100.92,101.29,99.3802,797800
2024-03-13,101.25,101.86,100.62,101.24,99.3311,1158100
2024-03-14,101.34,101.53,98.13,99.35,97.4768,723400
2024-03-15,98.5,99.9,98.49,99.45,97.5749,1534700
2024-03-18,99.72,100.1,99.0,99.81,97.9281,597800
2024-03-19,99.98,101.12,99.69,101.09,99.1839,511500
2024-03-20,101.09,101.69,99.55,100.59,98.6934,527800
2024-03-21,100.98,101.93,100.44,101.75,99.8315,362400
2024-03-22,102.09,102.93,101.2,102.54,100.6066,503000
2024-03-25,101.29,102.41,100.86,101.47,99.5568,635300
2024-03-26,101.37,101.54,99.8,100.26,98.3696,624200
2024-03-27,101.25,102.13,100.81,101.93,100.0081,640800
2024-03-28,102.04,103.49,101.72,102.62,100.6851,675700
2024-04-01,102.81,102.85,101.24,101.9,99.9787,482100
2024-04-02,101.59,101.89,101.04,101.56,99.6451,491000
2024-04-03,101.28,102.05,100.62,100.68,98.7817,876100
2024-04-04,101.5,102.0,100.74,101.14,99.233,677700
2024-04-05,101.03,101.6,100.35,100.47,98.5756,679000
2024-04-08,100.61,101.12,99.53,99.71,97.83,592800
2024-04-09,99.43,99.71,96.59,97.03,95.2005,775200
2024-04-10,95.99,97.08,95.69,96.5,94.6805,936700
2024-04-11,96.49,96.78,95.88,95.97,94.1605,559700
2024-04-12,96.13,96.5,93.9,94.56,92.7771,995400
2024-04-15,95.77,95.94,92.84,93.85,92.0805,642600
2024-04-16,93.76,94.15,92.87,93.63,91.8646,710800
2024-04-17,93.94,94.57,92.85,92.91,91.1582,472500
2024-04-18,92.75,93.87,92.69,93.48,91.7174,635100
2024-04-19,93.83,94.06,91.35,91.6,89.8729,620700
2024-04-22,92.19,92.55,91.67,92.31,90.5695,910000
2024-04-23,92.84,93.81,92.84,93.7,91.9333,539700
2024-04-24,93.88,94.55,93.46,94.15,92.3748,524100
2024-04-25,93.46,94.9,92.76,94.69,92.9046,456200
2024-04-26,94.82,96.42,94.53,95.99,94.1801,582700
2024-04-29,96.15,97.66,96.01,96.99,95.1613,652500
2024-04-30,96.73,97.3,95.55,95.77,93.9642,557000
2024-05-01,95.99,97.4,95.55,95.73,93.925,402500
2024-05-02,96.13,96.46,94.93,95.54,93.7386,572900
2024-05-03,96.07,97.56,94.75,97.34,95.5047,676200
2024-05-06,98.0,98.9,97.75,98.88,97.0156,772100
2024-05-07,92.68,95.26,86.7,87.04,85.3989,1983400
2024-05-08,87.35,88.8,87.14,88.07,86.4094,933300
2024-05-09,88.11,89.2,87.45,88.94,87.263,566900
2024-05-10,89.24,90.2,89.21,89.9,88.2049,656000
2024-05-13,90.0,90.34,88.69,88.69,87.0178,563900
2024-05-14,88.84,89.27,87.72,89.21,87.5279,370400
2024-05-15,89.5,90.94,89.5,90.53,88.8231,530400
2024-05-16,90.38,90.7,88.59,88.64,87.1999,444600
2024-05-17,88.87,89.22,87.98,88.41,86.9736,467500
2024-05-20,88.87,89.7,88.28,88.49,87.0523,556900
2024-05-21,88.5,89.2,88.44,88.46,87.0228,363000
2024-05-22,88.46,88.96,88.01,88.68,87.2392,287000
2024-05-23,89.0,89.0,87.51,87.68,86.2555,495700
2024-05-24,88.18,89.39,87.89,89.01,87.5639,550900
2024-05-28,89.28,89.58,87.62,87.93,86.5014,314200
2024-05-29,87.92,88.9,87.63,88.0,86.5703,610500
2024-05-30,88.01,89.54,88.01,89.26,87.8098,485000
2024-05-31,89.43,92.56,88.95,92.13,90.6332,1208400
2024-06-03,91.67,92.64,89.5,90.08,88.6165,720200
2024-06-04,89.51,90.15,88.89,89.21,87.7606,531200
2024-06-05,89.35,90.77,88.82,90.69,89.2166,417300
2024-06-06,90.41,91.0,89.17,89.69,88.2328,577700
2024-06-07,89.7,90.46,88.26,89.45,87.9967,367000
2024-06-10,88.96,89.4,88.67,89.07,87.6229,415100
2024-06-11,88.71,89.05,87.66,88.49,87.0523,396100
2024-06-12,89.13,89.85,88.97,89.51,88.0557,347000
2024-06-13,89.48,89.5,88.49,89.02,87.5737,228700
2024-06-14,89.43,89.85,87.7,89.42,87.9672,619300
2024-06-17,89.21,91.31,88.92,91.21,89.7281,438500
2024-06-18,91.21,92.57,90.76,92.55,91.0463,580200
2024-06-20,92.5,93.48,92.03,92.49,90.9873,582300
2024-06-21,92.44,93.33,91.71,93.01,91.4989,1337900
2024-06-24,92.9,94.67,92.9,94.02,92.4924,640300
2024-06-25,94.02,94.33,93.06,94.25,92.7187,418900
2024-06-26,94.64,95.58,94.2,95.49,93.9386,646800
2024-06-27,96.0,96.47,94.78,94.98,93.4369,673400
2024-06-28,95.25,96.26,94.27,95.0,93.4565,769100
2024-07-01,95.55,95.67,93.24,94.03,92.5023,502300
2024-07-02,94.0,94.59,93.76,94.27,92.7384,386500
2024-07-03,94.38,95.56,94.01,95.47,93.9189,329500
2024-07-05,95.89,95.89,94.37,95.11,93.5647,241200
2024-07-08,95.46,96.35,95.22,95.53,93.9779,289000
2024-07-09,95.47,95.98,94.27,94.3,92.7679,346800
2024-07-10,94.45,95.84,94.39,95.66,94.1058,272000
2024-07-11,96.06,98.11,95.71,97.25,95.67,423900
2024-07-12,98.0,99.44,97.34,98.43,96.8308,440000
2024-07-15,99.41,100.15,98.86,99.08,97.4703,459200
2024-07-16,99.69,104.31,99.45,103.98,102.2906,590700
2024-07-17,103.48,104.25,102.5,103.17,101.4938,511700
2024-07-18,103.27,104.58,102.69,103.13,101.4545,385400
2024-07-19,102.75,102.89,101.56,102.0,100.3428,737900
2024-07-22,102.97,104.59,102.52,104.22,102.5267,402900
2024-07-23,104.15,106.42,104.14,105.74,104.022,378200
2024-07-24,102.76,103.68,99.78,100.02,98.395,646300
2024-07-25,100.07,101.24,98.6,98.73,97.1259,762300
2024-07-26,100.0,100.4,99.01,99.14,97.5293,536900
2024-07-29,99.72,99.9,98.05,98.28,96.6832,538500
2024-07-30,98.85,99.64,97.73,97.79,96.2012,598300
2024-07-31,99.55,100.58,98.32,99.49,97.8736,555400
2024-08-01,100.0,100.83,97.74,98.58,96.9784,479000
2024-08-02,97.14,97.35,94.13,94.39,92.8564,901200
2024-08-05,92.01,93.19,89.84,92.38,90.8791,984000
2024-08-06,95.37,96.77,90.69,93.24,91.7251,796000
2024-08-07,94.93,96.55,94.23,94.3,92.7679,639600
2024-08-08,95.0,97.75,94.5,97.57,95.9848,442700
2024-08-09,97.82,98.43,96.96,97.84,96.2504,387700
2024-08-12,98.25,98.25,96.85,97.24,95.6601,399200
2024-08-13,97.54,98.49,96.37,97.34,95.7585,327500
2024-08-14,97.83,98.31,97.04,97.07,95.4929,293600
2024-08-15,98.43,99.27,97.3,98.2,96.6045,449700
2024-08-16,98.04,99.03,97.47,98.22,96.8609,636400
2024-08-19,98.25,99.66,98.25,99.45,98.0739,466200
2024-08-20,99.45,99.67,98.35,99.19,97.8175,312500
2024-08-21,99.53,100.65,97.86,100.62,99.2277,362900
2024-08-22,100.63,101.28,100.16,100.69,99.2968,268500
2024-08-23,101.14,102.3,101.0,102.08,100.6675,393600
2024-08-26,102.52,102.61,101.37,101.39,99.9871,240700
2024-08-27,101.19,101.99,100.6,101.39,99.9871,339000
2024-08-28,101.87,102.63,101.29,101.65,100.2435,342300
2024-08-29,102.0,104.32,101.66,102.5,101.0817,510500
2024-08-30,102.5,103.38,101.8,103.0,101.5748,442300
2024-09-03,102.5,103.21,98.81,98.92,97.5513,618500
2024-09-04,98.61,99.27,98.21,98.7,97.3343,386100
2024-09-05,98.82,99.11,96.67,97.56,96.2101,318700
2024-09-06,97.56,97.94,95.7,95.74,94.4153,379400
2024-09-09,96.29,96.81,95.69,96.37,95.0365,371000
2024-09-10,96.66,97.08,94.94,95.76,94.435,234100
2024-09-11,95.53,96.96,94.07,96.55,95.2141,422100
2024-09-12,96.52,98.7,96.06,98.46,97.0976,455800
2024-09-13,98.64,99.15,97.97,98.42,97.0582,589900
2024-09-16,98.8,99.11,98.05,98.35,96.9891,502400
2024-09-17,98.16,98.48,96.9,97.77,96.4172,585500
2024-09-18,98.26,98.5,96.71,97.09,95.7466,486600
2024-09-19,98.5,98.65,97.1,98.02,96.6637,447000
2024-09-20,100.0,102.99,98.7,102.84,101.417,2186800
2024-09-23,103.0,107.4,102.42,105.62,104.1586,1054400
2024-09-24,105.6,106.94,104.81,106.71,105.2335,567500
2024-09-25,107.26,107.87,105.55,106.29,104.8193,640200
2024-09-26,106.77,108.25,106.1,107.31,105.8252,738100
2024-09-27,107.1,108.84,106.24,108.59,107.0874,788100
2024-09-30,108.22,111.14,108.0,108.7,107.1959,1369100
2024-10-01,108.83,111.86,107.83,111.65,110.1051,792100
2024-10-02,111.64,113.56,111.25,113.28,111.7126,895400
2024-10-03,114.05,117.63,113.88,117.15,115.529,1262100
2024-10-04,117.79,118.09,116.17,117.71,116.0813,825900
2024-10-07,117.41,117.46,115.85,116.24,114.6316,750700
2024-10-08,116.74,117.44,115.61,116.82,115.2036,445700
2024-10-09,116.9,119.05,116.54,118.3,116.6631,465400
2024-10-10,117.9,117.9,115.48,115.83,114.2273,765900
2024-10-11,116.32,117.63,116.1,117.42,115.7953,639400
2024-10-14,118.07,119.53,117.23,119.32,117.669,755200
2024-10-15,119.98,120.61,118.89,118.92,117.2745,828700
2024-10-16,121.67,125.0,121.04,124.7,122.9745,1623600
2024-10-17,125.88,127.09,124.27,125.1,123.369,1118300
2024-10-18,125.94,127.1,124.5,126.21,124.4636,921500
2024-10-21,127.1,128.0,125.52,126.75,124.9962,1130300
2024-10-22,125.91,126.48,123.57,123.63,121.9193,737000
2024-10-23,123.5,124.62,122.3,122.91,121.2093,645200
2024-10-24,122.99,123.33,120.98,122.37,120.6768,795100
2024-10-25,123.25,124.09,122.13,123.03,121.3277,576500
2024-10-28,123.43,125.15,122.76,123.76,122.0476,994400
2024-10-29,123.12,126.23,123.06,125.53,123.7931,792300
2024-10-30,125.12,126.0,124.27,124.85,123.1225,649400
2024-10-31,124.2,124.81,121.64,121.75,120.0654,790100
2024-11-01,123.68,125.27,122.48,122.58,120.8839,860800
2024-11-04,120.63,121.58,118.75,119.68,118.024,2363400
2024-11-05,120.87,123.93,114.05,116.95,115.3318,1950000
2024-11-06,123.01,123.43,115.88,118.33,116.6927,1240400
2024-11-07,119.5,122.06,119.5,121.05,119.375,1021700
2024-11-08,121.65,125.0,121.17,124.57,122.8463,1119300
2024-11-11,126.19,127.73,125.6,126.51,124.7595,820300
2024-11-12,127.48,127.73,124.95,126.93,125.1737,1120700
2024-11-13,127.21,134.22,127.12,132.11,130.282,1950800
2024-11-14,136.13,136.31,128.23,128.23,126.4557,1283700
2024-11-15,126.55,128.04,124.26,126.25,124.5031,968400
2024-11-18,126.94,127.68,125.65,126.19,124.4439,856000
2024-11-19,125.68,130.54,125.41,130.33,128.7716,1009100
2024-11-20,130.11,130.34,127.16,129.76,128.2083,803200
2024-11-21,131.0,134.5,130.3,133.28,131.6863,1105300
2024-11-22,134.1,135.43,131.77,132.89,131.3009,1058900
2024-11-25,133.5,133.99,129.58,130.39,128.8308,948200
2024-11-26,130.99,133.39,129.88,132.36,130.7773,521500
2024-11-27,133.98,134.16,129.33,130.45,128.8901,512800
2024-11-29,132.02,132.32,130.56,130.85,129.2853,324000
2024-12-02,131.55,131.55,128.68,129.13,127.5859,438900
2024-12-03,129.15,130.38,128.05,129.2,127.655,598100
2024-12-04,129.38,131.19,128.78,130.5,128.9395,740100
2024-12-05,130.0,130.2,127.76,127.97,126.4398,647300
2024-12-06,128.2,128.5,125.34,126.01,124.5032,887200
2024-12-09,126.0,126.0,121.27,122.2,120.7388,820200
2024-12-10,122.21,122.79,121.26,122.1,120.64,729500
2024-12-11,124.34,124.86,122.1,122.84,121.3711,741800
2024-12-12,124.3,124.54,122.55,122.65,121.1834,624900
2024-12-13,122.34,123.8,120.39,120.91,119.4642,734800
2024-12-16,120.75,122.89,119.31,121.86,120.4028,689400
2024-12-17,120.62,120.94,117.15,118.07,116.6581,910700
2024-12-18,118.3,119.11,113.43,113.72,112.3602,1093300
2024-12-19,114.95,115.23,112.63,112.96,111.6092,1190300
2024-12-20,112.0,114.19,111.22,113.28,111.9254,1790800
2024-12-23,113.04,113.6,110.67,111.88,110.5422,1396400
2024-12-24,111.56,113.06,110.67,112.87,111.5203,330600
2024-12-26,111.74,113.68,111.59,113.0,111.6488,465300
2024-12-27,111.83,113.77,111.75,112.52,111.1745,438500
2024-12-30,111.24,113.82,110.59,112.16,110.8188,815500
2024-12-31,112.62,112.78,110.69,111.39,110.058,454700
2025-01-02,112.02,113.04,110.81,111.48,110.1469,449300
2025-01-03,111.6,113.94,111.51,113.5,112.1428,771700
2025-01-06,114.0,115.69,113.0,114.78,113.4075,793500
2025-01-07,117.43,120.04,114.52,115.13,113.7533,1013200
2025-01-08,114.56,115.28,111.8,114.53,113.1605,720400
2025-01-10,114.0,115.45,113.06,114.69,113.3186,544100
2025-01-13,113.06,114.6,111.16,114.54,113.1704,974500
2025-01-14,115.66,117.24,114.76,117.11,115.7096,574500
2025-01-15,119.0,119.71,117.67,118.51,117.0929,698200
2025-01-16,119.76,121.47,117.96,121.13,119.6816,723700
2025-01-17,121.26,123.85,120.12,122.43,120.966,898000
2025-01-21,124.4,126.75,122.8,126.68,125.1652,899600
2025-01-22,127.48,128.99,126.37,128.33,126.7955,1268300
2025-01-23,128.0,129.51,125.18,128.46,126.9239,976300
2025-01-24,128.42,128.72,125.86,127.65,126.1236,714700
2025-01-27,123.6,123.8,111.01,111.46,110.1272,2603600
2025-01-28,115.26,115.56,110.65,112.06,110.72,2356300
2025-01-29,112.71,114.65,111.19,112.14,110.7991,941800
2025-01-30,113.0,115.39,112.44,115.24,113.862,717100
2025-01-31,115.24,115.61,112.86,112.93,111.5796,947700
2025-02-03,110.32,113.43,109.51,112.31,110.967,890100
2025-02-04,112.67,113.48,110.86,111.35,110.0185,637500
2025-02-05,112.5,114.17,111.62,113.21,111.8563,884800
2025-02-06,113.15,113.59,111.14,112.8,111.4512,752800
2025-02-07,113.4,114.81,112.82,114.43,113.0617,781700
2025-02-10,115.0,115.65,113.43,114.07,112.706,636100
2025-02-11,113.5,113.62,110.72,111.89,110.552,591900
2025-02-12,110.0,111.67,108.01,109.39,108.0819,801500
2025-02-13,110.39,110.74,107.15,109.12,107.8152,808200
2025-02-14,109.26,109.26,105.1,106.83,105.5526,986600
2025-02-18,107.0,107.29,105.65,106.74,105.4636,1095600
2025-02-19,108.0,109.79,107.41,107.69,106.4023,1045000
2025-02-20,107.27,107.67,103.5,104.82,103.5666,1408500
2025-02-21,104.94,105.55,100.69,101.38,100.1677,912100
2025-02-24,102.15,102.85,99.76,99.9,98.7054,1173000
2025-02-25,102.75,106.89,102.66,104.07,102.8256,1548900
2025-02-26,105.07,108.45,105.02,106.64,105.3648,1616700
2025-02-27,106.97,107.5,101.89,102.13,100.9088,1271000
2025-02-28,101.48,103.98,101.21,103.97,102.7268,808400
2025-03-03,104.08,104.88,101.03,101.5,100.2863,894200
2025-03-04,99.75,103.46,98.89,101.25,100.0393,1339000
2025-03-05,101.99,104.18,101.7,103.94,102.6971,865200
2025-03-06,101.48,102.26,99.67,100.24,99.0413,797700
2025-03-07,99.52,100.39,96.12,99.56,98.3695,1027800
2025-03-10,97.04,99.01,95.55,96.59,95.435,982400
2025-03-11,96.09,98.54,95.56,96.9,95.9897,789500
2025-03-12,99.1,99.28,96.71,98.07,97.1488,961900
2025-03-13,97.6,97.97,95.8,97.07,96.1581,590100
2025-03-14,98.03,98.83,97.32,98.27,97.3469,806700
2025-03-17,97.12,100.03,97.0,100.0,99.0606,1434400
2025-03-18,99.79,100.31,98.48,98.96,98.0304,1156000
2025-03-19,99.39,103.02,98.98,102.54,101.5768,1540400
2025-03-20,101.14,102.85,100.08,100.39,99.447,1291100
2025-03-21,99.97,100.49,98.08,99.38,98.4464,3417300
2025-03-24,101.33,104.26,100.19,104.08,103.1023,918800
2025-03-25,103.73,105.01,103.1,104.74,103.7561,592700
2025-03-26,104.74,105.0,102.3,102.34,101.3786,624800
2025-03-27,102.02,102.55,100.88,101.44,100.4871,559700
2025-03-28,100.73,101.28,98.65,99.21,98.278,749300
2025-03-31,97.96,99.2,96.11,98.65,97.7233,889100
2025-04-01,98.76,100.84,97.52,100.49,99.546,617900
2025-04-02,98.68,102.29,98.46,101.9,100.9428,559800
2025-04-03,96.95,99.11,94.33,95.42,94.5236,2002200
2025-04-04,93.4,93.7,86.7,89.24,88.4017,1166400
2025-04-07,87.0,93.63,84.21,90.02,89.1744,1504400
2025-04-08,94.87,96.85,91.77,93.17,92.2948,2226200
2025-04-09,92.04,104.48,91.7,104.08,103.1023,2109600
2025-04-10,100.54,102.66,97.95,101.02,100.071,1169400
2025-04-11,100.54,103.83,99.41,103.25,102.2801,939400
2025-04-14,105.0,105.0,102.86,103.87,102.8943,615500
2025-04-15,103.9,105.44,103.64,104.08,103.1023,492400
2025-04-16,102.78,104.5,102.34,103.86,102.8844,744200
2025-04-17,103.49,104.61,102.75,103.71,102.7358,814000
2025-04-21,102.6,102.6,99.63,100.46,99.5163,778400
2025-04-22,101.69,102.42,100.12,102.31,101.3489,655500
2025-04-23,105.81,107.08,104.21,104.64,103.657,737600
2025-04-24,104.88,108.31,104.1,107.93,106.9161,595200
2025-04-25,108.18,109.33,107.25,108.97,107.9464,532900
2025-04-28,109.34,110.43,107.45,108.51,107.4907,568200
2025-04-29,108.3,109.45,108.01,109.24,108.2138,481300
2025-04-30,107.51,109.38,106.15,109.12,108.095,647700
2025-05-01,110.05,112.02,109.35,111.12,110.0762,772400
2025-05-02,112.52,114.41,111.7,112.61,111.5522,753500
2025-05-05,111.51,113.13,111.21,112.01,110.9578,1133300
2025-05-06,107.89,108.64,102.42,108.13,107.1142,2396500
2025-05-07,108.19,108.63,106.52,107.76,106.7477,945300
2025-05-08,108.63,109.58,106.69,107.95,106.9359,1037500
2025-05-09,108.41,108.84,106.49,108.37,107.352,899900
2025-05-12,112.02,112.02,105.07,107.09,106.084,1373300
2025-05-13,107.77,109.06,106.83,107.19,106.1831,757700
2025-05-14,107.77,108.38,106.78,107.14,106.1336,877500
2025-05-15,107.41,109.01,107.06,108.83,107.8077,813400
2025-05-16,109.0,110.19,108.0,109.69,108.6596,691600
2025-05-19,108.59,110.05,108.53,109.99,109.2057,536000
2025-05-20,109.42,111.04,109.42,110.21,109.4241,951900
2025-05-21,109.76,110.02,107.16,107.39,106.6242,683900
2025-05-22,107.23,108.22,106.22,107.62,106.8526,377800
2025-05-23,113.01,119.94,109.09,119.49,118.6379,2594300
2025-05-27,122.06,125.08,120.56,122.36,121.4875,2373400
2025-05-28,123.49,127.64,123.06,126.59,125.6873,2185700
2025-05-29,126.25,127.46,124.54,125.25,124.3568,1420900
2025-05-30,124.5,125.61,123.12,125.6,124.7044,1157500
2025-06-02,125.57,126.48,124.3,126.1,125.2008,800700
2025-06-03,127.88,130.44,126.91,128.35,127.4347,1233100
2025-06-04,128.6,129.64,127.78,128.87,127.951,832400
2025-06-05,129.2,129.4,127.51,128.94,128.0206,889900
2025-06-06,129.85,130.0,128.52,129.72,128.795,731900
2025-06-09,132.23,133.6,129.36,132.62,131.6743,1438300
2025-06-10,131.49,134.44,130.73,131.71,130.7708,1928700
2025-06-11,131.83,136.11,128.96,135.8,134.8316,1436700
2025-06-12,134.0,138.51,134.0,137.78,136.7975,1714100
2025-06-13,137.39,139.54,137.07,138.07,137.0854,1151900
2025-06-16,140.33,145.33,138.86,139.67,138.674,2405700
2025-06-17,140.49,142.13,138.13,141.12,140.1137,1626700
2025-06-18,141.9,143.88,139.95,140.53,139.5279,1367800
2025-06-20,140.93,143.34,137.7,142.32,141.3051,3523400
2025-06-23,140.9,143.34,138.62,142.06,141.047,1829900
2025-06-24,142.34,143.03,140.09,142.31,141.2952,1127500
2025-06-25,142.93,144.19,140.68,140.86,139.8556,1474200
2025-06-26,141.81,142.95,140.6,141.87,140.8584,1238900
2025-06-27,142.58,144.53,141.94,143.19,142.1689,1326500
2025-06-30,144.75,144.75,142.36,144.06,143.0327,1032900
2025-07-01,143.27,144.49,137.94,140.37,139.369,2217300
2025-07-02,139.89,141.77,139.0,140.77,139.7662,1195400
2025-07-03,141.05,143.53,141.05,142.91,141.8909,718200
2025-07-07,143.03,144.58,141.8,143.79,142.7646,823300
2025-07-08,143.0,143.61,136.86,137.37,136.3904,1946900
2025-07-09,138.37,138.7,136.65,137.56,136.5791,792200
2025-07-10,137.25,137.54,133.84,136.45,135.477,876500
2025-07-11,136.17,137.52,135.72,137.06,136.0826,614300
2025-07-14,136.93,139.95,136.79,138.65,137.6613,1044500
2025-07-15,139.94,139.94,137.32,137.45,136.4698,821200
2025-07-16,137.19,139.96,136.29,139.85,138.8527,930700
2025-07-17,140.21,143.47,139.95,142.34,141.325,1269400
2025-07-18,143.1,144.11,141.47,142.95,141.9306,862300
2025-07-21,143.7,144.48,140.02,140.36,139.3591,784500
2025-07-22,139.24,140.79,136.18,140.04,139.0414,844300
2025-07-23,140.98,144.81,140.98,143.37,142.3476,1389100
2025-07-24,143.86,144.65,142.72,143.84,142.8143,659400
2025-07-25,145.0,148.75,143.45,147.96,146.9049,1026200
2025-07-28,149.5,149.95,147.21,149.83,148.7616,1077200
2025-07-29,150.61,151.41,149.36,150.28,149.2084,1016400
2025-07-30,150.82,152.78,149.0,152.38,151.2934,1206200
2025-07-31,152.38,153.53,150.53,151.93,150.8466,902800
2025-08-01,145.55,150.57,143.07,149.5,148.4339,1375800
2025-08-04,151.27,154.78,149.57,154.51,153.4082,1642100
2025-08-05,176.05,189.25,173.5,182.0,180.7022,4758200
2025-08-06,180.44,181.27,177.19,179.74,178.4583,1829700
2025-08-07,179.86,181.16,177.0,179.53,178.2498,1000400
2025-08-08,180.56,181.24,177.59,179.19,177.9122,1044300
2025-08-11,178.03,180.76,176.5,177.89,176.6215,806100
2025-08-12,177.89,179.77,175.51,179.51,178.2299,1111500
2025-08-13,184.69,184.99,174.28,176.76,175.4995,1451200
2025-08-14,177.48,178.22,173.14,174.7,173.4542,837700
2025-08-15,174.5,174.66,170.71,173.5,172.2628,902000
2025-08-18,173.56,174.55,170.2,170.94,169.9659,2027100
2025-08-19,169.51,169.51,163.63,165.76,164.8155,1760200
2025-08-20,165.11,165.35,161.67,163.56,162.628,1408800
2025-08-21,164.0,166.37,163.62,165.34,164.3979,917100
2025-08-22,165.95,167.77,163.06,163.09,162.1607,1278300
2025-08-25,163.86,164.98,162.68,162.84,161.9121,1074200
2025-08-26,164.21,167.59,163.09,166.52,165.5711,1276400
2025-08-27,166.49,166.83,164.48,165.6,164.6564,994300
2025-08-28,165.87,166.69,164.72,165.83,164.8851,811000
2025-08-29,165.61,166.38,161.2,162.04,161.1167,847300
2025-09-02,160.04,160.78,157.42,160.03,159.1181,712400
2025-09-03,161.74,161.9,159.0,160.95,160.0329,1015100
2025-09-04,161.4,164.17,161.02,163.79,162.8567,1112400
2025-09-05,165.5,166.75,158.56,163.64,162.7076,1467800
2025-09-08,163.64,165.72,162.98,163.75,162.8169,856900
2025-09-09,163.0,163.99,159.87,162.23,161.3056,773400
2025-09-10,164.75,166.22,163.79,166.13,165.1834,784400
2025-09-11,166.88,171.85,166.25,170.1,169.1308,1095400
2025-09-12,170.0,171.5,168.32,168.33,167.3708,688800
2025-09-15,170.03,174.94,168.56,174.3,173.3068,1181000
2025-09-16,175.0,179.07,172.71,176.65,175.6434,1867000
2025-09-17,176.0,177.24,167.91,168.38,167.4206,1797800
2025-09-18,169.0,174.66,168.0,174.03,173.0383,1184900
2025-09-19,174.14,176.06,172.07,174.5,173.5057,2477400
2025-09-22,174.51,178.73,172.25,178.19,177.1746,1046500
2025-09-23,177.51,182.0,177.04,178.02,177.0056,1087900
2025-09-24,178.65,179.76,174.92,175.02,174.0227,612900
2025-09-25,172.23,177.65,170.88,176.21,175.2059,854000
2025-09-26,177.66,180.98,177.5,180.62,179.5908,879800
2025-09-29,183.45,184.99,181.04,181.96,180.9232,1081100
2025-09-30,182.0,185.39,181.78,184.37,183.3194,948700
2025-10-01,184.0,188.4,182.1,187.18,186.1134,1311800
2025-10-02,188.24,190.01,183.22,185.7,184.6419,985400
2025-10-03,186.43,188.81,183.71,186.64,185.5765,1127600
2025-10-06,188.37,193.25,188.0,191.38,190.2895,1299500
2025-10-07,192.03,195.6,189.57,191.39,190.2994,1356700
2025-10-08,193.0,197.52,191.99,197.01,195.8874,817900
2025-10-09,197.57,199.72,194.17,195.6,194.4854,1000700
2025-10-10,195.6,198.24,189.89,190.08,188.9969,1063200
2025-10-13,194.19,199.78,193.05,197.37,196.2454,903000
2025-10-14,195.04,204.96,193.25,202.46,201.3064,1514400
2025-10-15,213.4,214.0,201.17,203.82,202.6586,2535500
2025-10-16,207.01,214.72,205.0,209.01,207.819,2113800
2025-10-17,206.0,209.59,196.98,203.12,201.9626,1877200
2025-10-20,206.0,208.78,202.85,207.72,206.5364,1004100
2025-10-21,206.0,207.72,200.01,205.24,204.0705,1421700
2025-10-22,205.0,206.43,190.5,191.17,190.0807,2111300
2025-10-23,191.0,200.43,191.0,199.92,198.7808,1046400
2025-10-24,202.0,203.58,200.78,203.28,202.1217,804100
2025-10-27,205.08,207.14,202.37,204.03,202.8674,698400
2025-10-28,213.3,214.0,206.51,207.62,206.437,1246500
2025-10-29,207.6,215.62,205.51,213.69,212.4724,1241800
2025-10-30,213.58,218.5,211.82,213.8,212.5817,1075600
2025-10-31,215.0,216.74,211.47,213.61,212.3928,1087100
2025-11-03,214.02,216.93,211.38,215.86,214.63,1496400
2025-11-04,204.29,207.0,195.36,200.39,199.2481,2342900
2025-11-05,195.7,202.0,194.96,198.12,196.9911,2236700
2025-11-06,197.97,198.0,190.4,193.93,192.825,2992700
2025-11-07,189.35,193.62,185.0,193.55,192.4471,1462800
2025-11-10,197.5,199.17,193.3,198.79,197.6572,1178400
2025-11-11,197.74,198.5,191.51,195.65,194.5351,847000
2025-11-12,196.37,200.0,194.41,196.77,195.6488,1232900
2025-11-13,195.46,195.5,176.57,177.88,176.8664,2190200
2025-11-14,175.0,182.88,172.41,178.31,177.294,1868000
2025-11-17,179.44,181.01,173.27,176.18,175.1761,1382900
2025-11-18,175.0,177.78,171.74,175.91,174.9076,1223300
2025-11-19,176.18,181.22,174.65,179.81,179.0399,1000600
2025-11-20,185.0,187.04,175.03,175.28,174.5293,1131500
2025-11-21,172.01,174.73,164.01,169.81,169.0827,1737400
2025-11-24,171.45,175.12,169.82,174.62,173.8721,971000
2025-11-25,174.0,176.26,170.81,175.26,174.5094,972700
2025-11-26,177.98,179.79,175.59,178.18,177.4168,597300
2025-11-28,179.9,180.0,177.56,178.88,178.1138,373100
2025-12-01,176.52,176.97,174.28,174.93,174.1808,675500
2025-12-02,178.26,179.2,175.62,176.2,175.4453,781300
2025-12-03,175.66,175.66,171.69,174.71,173.9617,824900
2025-12-04,175.0,182.5,174.07,178.33,177.5662,1537500
2025-12-05,181.0,181.48,174.87,177.87,177.1082,813100
2025-12-08,178.97,180.38,176.2,178.75,177.9844,551600
2025-12-09,177.97,180.0,177.11,177.16,176.4012,699300
2025-12-10,176.65,182.0,174.0,179.65,178.8805,1657800
2025-12-11,178.94,183.94,172.25,183.38,182.5946,1811400
2025-12-12,183.58,183.75,174.12,175.03,174.2803,1842800
2025-12-15,176.57,176.91,170.05,174.37,173.6232,1210300
2025-12-16,173.06,174.89,171.28,173.2,172.4582,803600
2025-12-17,173.2,174.0,167.03,168.12,167.3999,940300
2025-12-18,172.78,173.71,169.86,170.75,170.0187,949100
2025-12-19,170.89,176.88,170.74,176.43,175.6743,1664800
2025-12-22,179.85,180.0,177.7,178.41,177.6459,653400
2025-12-23,177.91,181.01,177.04,177.62,176.8592,759100
2025-12-24,178.2,178.2,176.42,177.18,176.4211,257400
2025-12-26,177.31,177.6,174.8,175.88,175.1267,425600
2025-12-29,174.75,177.61,174.38,175.49,174.7384,559100
2025-12-30,176.51,176.53,173.97,174.36,173.6132,603100
2025-12-31,175.02,175.07,172.61,172.84,172.0997,630000
2026-01-02,174.53,182.03,173.75,181.85,181.0711,760300
2026-01-05,186.0,189.89,186.0,189.02,188.2104,1273700
2026-01-06,189.02,195.5,188.0,195.3,194.4635,1039300
2026-01-07,195.06,197.72,192.08,192.24,191.4166,802700
2026-01-08,197.74,200.13,189.68,193.2,192.3725,1405900
2026-01-09,196.37,203.0,195.96,201.46,200.5971,1015600
2026-01-12,201.5,207.41,201.5,206.62,205.735,1172000
2026-01-13,207.84,211.6,206.62,210.54,209.6382,1019100
2026-01-14,208.58,209.0,200.33,204.08,203.2059,1276900
2026-01-15,208.0,218.89,207.5,213.25,212.3366,1843300
2026-01-16,214.68,220.57,213.3,217.89,216.9567,1825600
2026-01-20,212.1,216.0,204.31,206.07,205.1874,1496900
2026-01-21,208.4,210.26,202.94,209.52,208.6226,1141500
2026-01-22,211.27,211.78,204.85,206.33,205.4463,1147500
2026-01-23,206.96,207.96,202.5,207.75,206.8602,603100
2026-01-26,206.72,211.27,204.5,206.04,205.1575,982200
2026-01-27,205.95,214.13,203.18,212.4,211.4903,1028400
2026-01-28,213.06,216.53,206.81,216.3,215.3736,1324600
2026-01-29,217.39,219.85,205.13,210.18,209.2798,1133800
2026-01-30,206.5,212.0,202.57,205.43,204.5501,767000
2026-02-02,202.92,206.75,201.1,206.04,205.1575,735700
2026-02-03,210.0,212.99,204.49,210.88,209.9768,841200
2026-02-04,211.0,211.0,183.51,190.1,189.2858,1923600
2026-02-05,186.11,192.28,184.25,187.42,186.6172,1111500
2026-02-06,193.49,198.79,192.0,197.19,196.3454,1267600
2026-02-09,197.58,206.46,196.52,203.0,202.1305,961100
2026-02-10,203.5,203.5,198.22,199.83,198.9741,846000
2026-02-11,203.0,204.62,194.13,198.5,197.6498,598700
2026-02-12,203.01,205.91,196.6,196.9,196.0567,656600
2026-02-13,198.07,202.79,193.28,200.4,199.5417,833200
2026-02-17,197.47,203.08,195.94,201.09,200.2287,532400
2026-02-18,203.26,206.0,200.0,202.25,201.3837,511100
2026-02-19,201.67,209.22,201.17,209.07,208.1745,552300
2026-02-20,207.74,212.7,202.8,206.44,205.5558,824000
2026-02-23,204.0,206.0,197.62,198.38,197.5303,989000
2026-02-24,211.48,215.81,200.55,204.23,203.3553,1404200
2026-02-25,206.88,211.03,203.99,208.27,207.378,1100900
2026-02-26,209.49,210.93,201.09,207.24,206.3524,1097800
2026-02-27,203.63,207.58,202.61,205.98,205.0978,800500
2026-03-02,204.73,218.65,204.69,216.47,215.5428,1253100
2026-03-03,210.94,212.73,199.79,205.83,204.9484,1094000
2026-03-04,205.75,208.93,201.01,205.57,204.6895,677800
2026-03-05,202.5,204.21,190.03,195.5,194.6627,1273800
2026-03-06,190.0,198.75,189.34,195.23,194.3938,728800
2026-03-09,194.0,201.51,193.23,200.39,199.5317,1027900
2026-03-10,199.97,202.43,195.67,195.91,195.0709,816600
2026-03-11,194.9,199.14,193.25,195.98,195.4099,811400
2026-03-12,196.03,199.5,191.0,197.82,197.2446,1198500
2026-03-13,200.0,200.62,188.84,194.13,193.5653,1375700
2026-03-16,197.31,205.96,197.3,204.67,204.0746,1429300
2026-03-17,203.57,208.13,202.93,207.48,206.8764,915400
2026-03-18,207.48,212.52,206.49,208.98,208.3721,1142100
2026-03-19,202.04,212.87,200.55,210.12,209.5088,1061000
2026-03-20,209.66,211.51,197.22,199.75,199.1689,1632900
2026-03-23,199.82,210.22,199.82,204.85,204.2541,789000
2026-03-24,203.0,208.31,202.25,204.76,204.1644,802600
2026-03-25,211.35,222.29,209.76,222.13,221.4838,1348400
2026-03-26,217.72,219.8,204.5,205.09,204.4934,1471200
2026-03-27,202.8,207.97,202.0,202.59,202.0007,923200
2026-03-30,204.19,204.37,189.0,191.59,191.0327,1038200
2026-03-31,195.09,205.74,194.3,204.49,203.8952,1010900
2026-04-01,206.59,216.07,206.59,212.81,212.1909,1124800
2026-04-02,207.0,218.85,205.07,214.98,214.3546,679700
2026-04-06,217.12,218.77,214.39,215.98,215.3517,693600
2026-04-07,215.82,218.09,211.7,214.44,213.8162,829800
2026-04-08,224.09,233.17,224.0,231.78,231.1058,1576700
2026-04-09,231.4,237.9,230.24,230.29,229.6201,1112300
2026-04-10,230.38,233.68,228.47,229.57,228.9022,759500
2026-04-13,229.01,234.27,228.0,232.83,232.1527,673800
2026-04-14,236.32,239.64,233.52,238.27,237.5769,710400
2026-04-15,238.21,240.41,235.33,238.42,237.7264,782200
2026-04-16,240.0,241.82,230.43,230.8,230.1286,1020800
2026-04-17,233.8,238.24,232.38,235.78,235.0941,1385100
2026-04-20,235.0,236.37,226.49,228.24,227.5761,840300
2026-04-21,229.0,229.9,216.0,216.66,216.0298,1150500
2026-04-22,220.84,224.85,212.86,219.1,218.4627,1221200
2026-04-23,222.39,226.45,218.0,225.51,224.854,1171300
2026-04-24,226.0,227.77,220.44,223.15,222.5009,858200
2026-04-27,223.03,224.0,217.02,222.07,221.424,743100
2026-04-28,218.37,221.11,212.0,216.18,215.5511,795700
2026-04-29,216.22,216.24,205.65,208.08,207.4747,948500
2026-04-30,209.8,217.11,208.5,216.39,215.7605,1241400
2026-05-01,217.0,218.26,213.0,216.31,215.6808,610000
2026-05-04,217.26,221.02,215.72,216.68,216.0497,1059500
2026-05-05,217.77,227.12,203.05,206.15,205.5503,1708900
2026-05-06,208.45,215.78,205.95,215.2,214.574,1028600
2026-05-07,216.01,216.23,203.57,209.89,209.2794,1502400
2026-05-08,212.73,213.46,203.38,205.33,204.7327,1007400
2026-05-11,201.65,212.1,199.23,210.8,210.1868,1028500
2026-05-12,207.13,207.76,201.15,206.83,206.2283,1241100
2026-05-13,206.9,209.66,201.15,206.83,206.2283,1039900
2026-05-14,207.16,211.58,205.04,210.94,210.3264,1065300
2026-05-15,208.22,209.0,202.25,204.72,204.1245,848800
2026-05-18,206.15,206.16,199.51,201.94,201.3526,1012400
2026-05-19,198.94,201.26,193.0,197.33,197.0194,1069900
2026-05-20,200.0,204.2,198.5,202.66,202.341,731300
2026-05-21,201.16,203.87,198.0,202.52,202.2012,396700
2026-05-22,204.55,206.22,201.75,202.91,202.5906,456800
2026-05-26,208.23,208.83,202.25,204.38,204.0583,1114600
2026-05-27,204.28,204.5,198.0,198.95,198.6369,664100
2026-05-28,198.84,200.41,196.0,199.27,198.9564,920600
2026-05-29,199.73,199.94,193.69,195.88,195.5717,1277400
2026-06-01,189.99,191.54,184.57,188.39,188.0935,1423600
2026-06-02,187.42,188.43,183.29,187.26,186.9653,1563300
2026-06-03,185.96,187.47,182.5,184.72,184.4293,1272600
2026-06-04,183.76,190.76,183.02,190.76,190.4597,854900
2026-06-05,188.76,190.22,184.07,185.95,185.6573,682500
2026-06-08,189.31,189.31,185.69,187.46,187.1649,874200
2026-06-09,188.89,193.49,179.46,188.96,188.6626,1020700
2026-06-10,187.5,189.79,181.28,183.0,182.712,895400
2026-06-11,183.4,194.92,182.85,194.68,194.3736,795100
2026-06-12,196.5,198.61,192.92,193.45,193.1455,619000
2026-06-15,198.5,199.05,193.56,193.94,193.6348,724500
2026-06-16,194.99,200.01,194.74,196.93,196.62,847100
2026-06-17,197.0,205.44,196.25,203.07,202.7504,1060600
2026-06-18,207.28,210.93,202.78,205.4,205.0767,2279900
2026-06-22,208.25,214.51,207.55,210.0,209.6695,1105900
2026-06-23,205.63,215.38,204.0,209.89,209.5596,1146400
2026-06-24,209.7,211.21,205.4,205.65,205.3263,778000
2026-06-25,207.49,211.02,203.01,204.77,204.4477,664700
2026-06-26,200.0,202.11,194.96,197.91,197.5985,3059700
2026-06-29,197.33,199.31,188.25,189.25,188.9521,1223600
2026-06-30,191.14,194.94,189.73,194.65,194.3436,791000
2026-07-01,193.64,194.99,191.15,191.25,190.949,806700
2026-07-02,193.7,197.9,186.86,191.06,190.7593,586700
2026-07-06,191.58,197.99,191.58,196.89,196.5801,495000
2026-07-07,194.17,195.32,184.7,186.08,185.7871,937000
2026-07-08,183.09,186.93,180.5,184.11,183.8202,835200
2026-07-09,187.0,189.24,184.52,186.99,186.6957,529100
2026-07-10,186.81,188.67,184.22,186.0,185.7072,643400
2026-07-13,183.76,184.56,176.03,177.14,176.8612,1189100
2026-07-14,181.59,182.74,178.49,179.83,179.547,1252700
2026-07-15,181.6,183.46,174.99,176.91,176.6315,1085200
2026-07-16,174.52,175.98,170.16,173.74,173.4665,967000
2026-07-17,170.0,174.87,167.67,171.18,170.9106,1204600
2026-07-20,173.13,174.87,169.44,169.56,169.2931,678600
2026-07-21,171.78,173.99,168.32,173.09,172.8176,976300
2026-07-22,171.41,179.15,171.41,175.17,174.8943,929200
2026-07-23,174.88,180.5,174.65,176.67,176.3919,717300
2026-07-24,177.06,178.34,174.16,174.52,174.2453,502700
2026-07-27,178.5,181.54,173.01,176.53,176.2522,748800
2026-07-28,173.91,173.91,165.46,169.67,169.4029,854400
2026-07-29,168.0,168.0,157.1,157.44,157.1922,1316600
2026-07-30,161.37,166.42,159.77,165.59,165.3294,926300
2026-07-31,168.49,170.46,164.71,168.7,168.4345,887600
2026-08-03,167.66,174.84,166.96,173.79,173.5164,1161600
2026-08-04,173.5,178.5,170.91,172.4,172.1286,1766800
2026-08-05,172.0,173.43,168.24,168.28,168.0151,1020100
2026-08-06,168.0,172.54,166.31,166.7,166.4376,658600
2026-08-07,169.0,171.33,164.47,169.9,169.6326,674600
2026-08-10,170.96,172.0,168.81,168.88,168.6142,476800
2026-08-11,170.77,173.13,168.92,169.71,169.4429,619400
2026-08-12,173.5,174.49,168.37,172.56,172.2884,951100
2026-08-13,172.46,173.7,167.23,170.35,170.0819,674400
2026-08-14,170.0,173.5,169.51,173.22,172.9474,537600
2026-08-17,172.76,174.6,170.1,171.54,171.27,1605300
2026-08-18,168.11,169.08,164.77,165.01,165.01,723000
2026-08-19,165.24,165.36,158.72,162.26,162.26,1070100
2026-08-20,161.3,161.47,154.59,156.44,156.44,1111300
2026-08-21,158.97,159.62,156.28,156.78,156.78,900200
2026-08-24,155.49,156.75,149.17,149.52,149.52,1712000
2026-08-25,151.8,152.6,147.74,149.73,149.73,1885300
2026-08-26,150.93,156.31,150.44,153.16,153.16,1382500
2026-08-27,156.5,158.9,154.54,155.85,155.85,1064700
2026-08-28,156.26,156.26,152.5,152.85,152.85,870000
2026-08-31,151.88,152.64,150.77,152.29,152.29,1008300
2026-09-01,151.0,161.67,151.0,161.54,161.54,1964800
2026-09-02,160.99,160.99,154.0,155.67,155.67,934900
2026-09-03,158.5,161.8,157.06,160.25,160.25,1227400
2026-09-04,158.39,161.91,157.0,157.59,157.59,651500
2026-09-08,158.0,162.91,157.5,160.41,160.41,979500
2026-09-09,160.28,160.71,156.61,156.71,156.71,629700
2026-09-10,154.5,158.0,152.17,152.49,152.49,873100
2026-09-11,154.29,154.29,149.42,150.12,150.12,764300
2026-09-14,146.23,149.06,144.65,148.53,148.53,1185000
2026-09-15,150.49,150.51,146.0,146.7,146.7,913600
2026-09-16,146.57,147.87,144.33,145.66,145.66,1014400
2026-09-17,148.06,149.01,145.89,146.35,146.35,840200
2026-09-18,146.47,147.94,145.2,147.52,147.52,2801900
2026-09-21,149.11,150.0,146.38,147.47,147.47,1011400
2026-09-22,147.79,147.42,143.525,145.44,145.44,555061
