date,open,high,low,close,adj_close,volume
2015-01-02,16.34,16.56,16.27,16.37,14.6195,1139600
2015-01-05,16.12,16.2,15.64,15.87,14.1729,1905800
2015-01-06,15.87,16.13,15.74,15.83,14.1372,1445300
2015-01-07,15.98,16.16,15.63,15.69,14.0122,1209200
2015-01-08,15.84,16.24,15.8,16.04,14.3247,1743900
2015-01-09,15.96,16.01,15.63,15.75,14.0658,1459000
2015-01-12,15.61,15.63,15.15,15.45,13.7978,1582000
2015-01-13,15.46,15.48,14.67,14.76,13.1816,3855700
2015-01-14,14.48,14.55,14.03,14.2,12.6815,4090200
2015-01-15,14.4,14.43,13.97,14.02,12.5208,2626300
2015-01-16,13.98,14.39,13.98,14.35,12.8155,1802700
2015-01-20,14.47,14.47,14.03,14.05,12.5475,2826200
2015-01-21,14.23,14.36,14.08,14.32,12.7887,1939200
2015-01-22,14.46,14.55,14.21,14.34,12.8065,1171500
2015-01-23,14.3,14.38,14.1,14.31,12.7797,1680300
2015-01-26,14.31,14.47,14.2,14.26,12.7351,1376400
2015-01-27,14.18,14.62,14.05,14.59,13.0298,1924500
2015-01-28,14.51,14.57,14.06,14.1,12.5922,2264000
2015-01-29,14.14,14.16,13.66,13.91,12.4225,2430000
2015-01-30,13.74,14.24,13.63,14.02,12.5208,2412000
2015-02-02,14.25,15.18,14.22,15.15,13.5299,3247500
2015-02-03,15.3,15.75,14.97,15.29,13.6549,3146400
2015-02-04,15.15,15.16,14.66,14.98,13.3781,2302300
2015-02-05,15.15,15.51,15.08,15.24,13.6103,2350000
2015-02-06,15.29,15.57,14.91,15.07,13.4585,2685800
2015-02-09,15.17,16.24,15.04,15.35,13.7085,3772700
2015-02-10,15.28,15.87,15.27,15.82,14.1283,2477600
2015-02-11,15.69,15.79,15.19,15.21,13.5835,2402000
2015-02-12,15.44,15.87,15.31,15.42,13.771,2549100
2015-02-13,15.65,15.8,15.53,15.67,13.9943,1494500
2015-02-17,15.82,16.26,15.74,16.19,14.4587,2112300
2015-02-18,16.02,16.16,15.88,15.94,14.2354,951900
2015-02-19,15.76,16.02,15.62,15.94,14.2354,842600
2015-02-20,15.92,16.05,15.49,15.68,14.0032,963400
2015-02-23,15.43,15.84,15.33,15.59,13.9229,965500
2015-02-24,15.71,15.98,15.68,15.94,14.2354,1265800
2015-02-25,16.0,16.07,15.57,15.66,13.9854,1232900
2015-02-26,15.59,15.71,15.2,15.27,13.6371,1171800
2015-02-27,15.23,15.72,15.22,15.45,13.7978,1129000
2015-03-02,15.31,15.32,14.83,15.06,13.4495,1532500
2015-03-03,15.13,15.19,14.99,14.99,13.387,1336000
2015-03-04,14.97,15.11,14.82,15.1,13.4853,1543000
2015-03-05,15.1,15.27,15.03,15.19,13.5656,1168300
2015-03-06,14.99,15.07,14.58,14.73,13.1548,1184200
2015-03-09,14.99,15.02,14.44,14.46,12.9137,1602300
2015-03-10,14.26,14.49,13.86,13.96,12.4672,2212500
2015-03-11,14.0,14.06,13.62,13.8,12.3243,2284600
2015-03-12,14.15,14.43,13.91,14.39,12.8512,1726100
2015-03-13,14.26,14.31,13.88,14.03,12.5297,1656900
2015-03-16,14.01,14.46,13.9,14.36,12.8244,1739100
2015-03-17,14.18,14.67,14.18,14.65,13.0834,1235800
2015-03-18,14.39,14.99,14.35,14.87,13.2799,1065500
2015-03-19,14.59,14.95,14.31,14.4,12.8601,1198100
2015-03-20,14.52,15.1,14.52,14.79,13.2084,1685300
2015-03-23,14.81,15.08,14.71,14.91,13.3156,2607700
2015-03-24,14.9,15.24,14.71,15.17,13.5478,1161300
2015-03-25,15.2,15.41,15.01,15.08,13.4674,912800
2015-03-26,15.16,15.36,14.79,14.83,13.2441,1225600
2015-03-27,14.86,14.87,13.98,14.0,12.5707,1932200
2015-03-30,14.01,14.15,13.92,14.03,12.5976,1818600
2015-03-31,13.82,14.02,13.76,13.93,12.5079,1538300
2015-04-01,14.08,14.22,14.03,14.16,12.7144,1373600
2015-04-02,14.46,14.8,14.39,14.73,13.2262,1984600
2015-04-06,14.9,14.99,14.73,14.77,13.2621,1085400
2015-04-07,14.9,14.9,14.64,14.67,13.1723,1277300
2015-04-08,14.8,14.96,14.5,14.52,13.0376,964700
2015-04-09,14.79,15.06,14.75,14.94,13.4147,1308800
2015-04-10,15.02,15.29,14.97,15.21,13.6572,2423000
2015-04-13,15.69,15.69,15.47,15.51,13.9265,3035100
2015-04-14,15.64,15.75,15.07,15.21,13.6572,3445600
2015-04-15,15.58,16.56,15.44,16.36,14.6898,5465500
2015-04-16,16.27,16.4,16.04,16.23,14.573,2323900
2015-04-17,16.19,16.21,15.94,16.11,14.4653,2520600
2015-04-20,16.14,16.47,16.12,16.2,14.5461,1498400
2015-04-21,16.15,16.25,15.8,15.93,14.3037,1085100
2015-04-22,16.15,17.2,16.11,16.88,15.1567,4557200
2015-04-23,16.88,17.41,16.77,17.27,15.5069,3241500
2015-04-24,17.29,17.48,17.05,17.3,15.5338,2256400
2015-04-27,17.35,17.53,17.09,17.12,15.3722,2245900
2015-04-28,17.22,17.54,17.2,17.48,15.6954,2056600
2015-04-29,17.16,17.77,16.99,17.46,15.6775,2522200
2015-04-30,17.43,17.72,17.16,17.58,15.7852,2344600
2015-05-01,17.54,17.57,17.0,17.16,15.4081,2416900
2015-05-04,17.28,17.35,17.09,17.22,15.462,1027800
2015-05-05,17.29,17.55,16.77,16.83,15.1118,3224500
2015-05-06,16.83,16.93,16.57,16.77,15.0579,1572800
2015-05-07,16.66,16.68,16.24,16.67,14.9681,1500000
2015-05-08,16.85,17.27,16.67,17.15,15.3991,1789500
2015-05-11,17.16,17.26,16.92,16.94,15.2106,1112900
2015-05-12,16.97,17.2,16.85,17.02,15.2824,1737000
2015-05-13,17.18,17.25,16.99,17.18,15.4261,1612800
2015-05-14,17.24,17.46,17.18,17.21,15.453,1188100
2015-05-15,17.1,17.28,16.84,17.21,15.453,1777900
2015-05-18,17.09,17.09,16.9,17.08,15.3363,1085100
2015-05-19,16.86,16.88,15.78,16.15,14.5012,4960500
2015-05-20,16.16,16.17,15.74,15.78,14.169,2732000
2015-05-21,15.82,15.85,15.59,15.63,14.0343,1851700
2015-05-22,15.5,15.54,15.17,15.28,13.72,2303100
2015-05-26,15.17,15.29,14.88,15.08,13.5405,3162200
2015-05-27,15.06,15.22,14.91,15.01,13.4776,1392900
2015-05-28,14.9,14.91,14.68,14.88,13.3609,1449200
2015-05-29,14.82,15.07,14.73,14.99,13.4596,1402100
2015-06-01,15.04,15.12,14.78,15.09,13.5494,1428500
2015-06-02,15.23,15.74,15.23,15.53,13.9445,2045300
2015-06-03,15.45,15.54,15.25,15.4,13.8278,1562200
2015-06-04,15.3,15.52,15.23,15.4,13.8278,995600
2015-06-05,15.24,15.67,15.15,15.4,13.8278,1044600
2015-06-08,15.36,15.44,15.12,15.14,13.5943,1372600
2015-06-09,15.16,15.44,15.14,15.3,13.738,1151000
2015-06-10,15.53,15.62,15.34,15.41,13.8368,1573800
2015-06-11,15.4,15.5,15.16,15.33,13.7649,763300
2015-06-12,15.21,15.6,15.21,15.5,13.9176,1141200
2015-06-15,15.34,15.35,15.02,15.11,13.5674,1058900
2015-06-16,15.07,15.14,14.92,15.11,13.5674,704700
2015-06-17,15.18,15.29,14.9,15.18,13.6302,898800
2015-06-18,15.34,15.36,15.02,15.07,13.5315,703100
2015-06-19,14.87,15.1,14.75,14.83,13.316,1174900
2015-06-22,14.82,15.07,14.77,14.93,13.4058,930000
2015-06-23,14.86,15.24,14.76,15.22,13.6662,794800
2015-06-24,15.18,15.18,14.94,14.97,13.4417,953600
2015-06-25,14.97,14.97,14.69,14.83,13.316,1105200
2015-06-26,14.92,14.92,14.5,14.58,13.1634,1405200
2015-06-29,14.38,14.4,14.18,14.21,12.8293,1600600
2015-06-30,14.29,14.38,14.08,14.28,12.8925,1547700
2015-07-01,14.33,14.49,14.19,14.24,12.8564,884100
2015-07-02,14.23,14.6,14.09,14.52,13.1092,1126900
2015-07-06,14.15,14.2,13.91,13.95,12.5946,1390900
2015-07-07,13.87,14.13,13.32,14.06,12.6939,2313200
2015-07-08,13.88,14.02,13.37,13.52,12.2064,1968800
2015-07-09,13.8,13.95,13.4,13.42,12.1161,1398700
2015-07-10,13.59,13.59,13.16,13.41,12.1071,2086800
2015-07-13,13.44,13.69,13.24,13.62,12.2967,1514500
2015-07-14,13.65,13.96,13.55,13.87,12.5224,2302900
2015-07-15,13.82,13.86,13.53,13.62,12.2967,1743600
2015-07-16,13.67,13.69,13.25,13.26,11.9716,2172000
2015-07-17,13.27,13.27,12.88,12.99,11.7279,4992000
2015-07-20,12.96,13.1,12.91,13.01,11.7459,2423400
2015-07-21,13.08,13.41,13.04,13.19,11.9084,1343600
2015-07-22,12.99,13.31,12.89,13.29,11.9987,2260600
2015-07-23,13.26,13.3,13.07,13.26,11.9716,2522200
2015-07-24,13.13,13.43,13.03,13.4,12.098,2395600
2015-07-27,13.34,13.35,12.9,12.94,11.6827,2672700
2015-07-28,13.02,13.46,12.88,13.41,12.1071,2909300
2015-07-29,13.35,13.73,13.35,13.62,12.2967,1786500
2015-07-30,13.55,13.75,13.27,13.72,12.387,2732000
2015-07-31,13.8,14.11,13.66,13.73,12.396,2327400
2015-08-03,13.68,13.85,13.54,13.72,12.387,953300
2015-08-04,13.67,13.97,13.6,13.8,12.4592,3354000
2015-08-05,13.96,14.26,13.91,13.92,12.5675,2506900
2015-08-06,13.84,14.24,13.66,14.21,12.8293,1964200
2015-08-07,14.08,14.24,13.74,13.74,12.405,1600200
2015-08-10,13.77,14.72,13.76,14.62,13.1995,2651700
2015-08-11,14.39,14.59,14.04,14.53,13.1183,3062700
2015-08-12,14.5,14.79,14.42,14.66,13.2356,1883200
2015-08-13,14.53,14.53,14.28,14.36,12.9648,1922600
2015-08-14,14.44,14.54,14.25,14.26,12.8745,892400
2015-08-17,14.3,14.3,14.1,14.22,12.8384,932000
2015-08-18,14.2,14.29,14.07,14.19,12.8113,839100
2015-08-19,14.06,14.07,13.72,13.88,12.5314,1289500
2015-08-20,13.81,14.14,13.79,13.88,12.5314,1227100
2015-08-21,13.8,13.94,13.4,13.46,12.1522,1974800
2015-08-24,12.72,13.31,12.61,12.61,11.3848,3462600
2015-08-25,13.1,13.13,12.38,12.42,11.2133,2586400
2015-08-26,12.7,12.86,12.43,12.81,11.5654,1635500
2015-08-27,12.93,13.73,12.91,13.45,12.1432,2225800
2015-08-28,13.32,13.74,13.29,13.62,12.2967,1789400
2015-08-31,13.34,14.15,13.19,14.06,12.6939,2493200
2015-09-01,13.75,13.79,13.2,13.38,12.08,2518200
2015-09-02,13.46,13.82,13.2,13.62,12.2967,2157000
2015-09-03,13.59,14.02,13.56,13.76,12.4231,1262800
2015-09-04,13.5,13.61,13.33,13.36,12.0619,1297000
2015-09-08,13.86,14.14,13.6,14.1,12.73,1938500
2015-09-09,14.29,14.59,13.99,14.01,12.6488,1764900
2015-09-10,13.93,14.15,13.74,13.75,12.414,1862800
2015-09-11,13.7,13.78,13.52,13.66,12.3328,1512600
2015-09-14,13.64,13.78,13.42,13.58,12.2606,2157900
2015-09-15,13.64,13.82,13.61,13.76,12.4231,1292000
2015-09-16,13.83,14.25,13.81,13.98,12.6217,3326800
2015-09-17,13.99,14.02,13.69,13.71,12.3779,2577300
2015-09-18,13.59,13.75,13.21,13.32,12.0258,2024500
2015-09-21,13.33,13.41,13.02,13.07,11.8001,1839300
2015-09-22,12.88,12.94,12.51,12.79,11.5473,2185400
2015-09-23,12.8,12.85,12.29,12.3,11.1049,1856600
2015-09-24,12.22,12.44,11.94,12.35,11.1501,2564400
2015-09-25,12.42,12.52,12.32,12.4,11.1952,1256600
2015-09-28,12.22,12.22,11.6,11.7,10.6275,2594000
2015-09-29,11.75,11.93,11.67,11.86,10.7728,2088500
2015-09-30,12.04,12.2,11.85,12.17,11.0544,1681200
2015-10-01,12.39,12.48,11.92,12.06,10.9545,1632600
2015-10-02,11.99,12.62,11.99,12.57,11.4177,1872100
2015-10-05,12.73,13.18,12.73,13.07,11.8719,1406000
2015-10-06,13.07,13.5,13.06,13.45,12.2171,1879100
2015-10-07,13.63,14.09,13.53,13.89,12.6167,2263600
2015-10-08,13.95,14.27,13.83,14.15,12.8529,1755900
2015-10-09,14.21,14.29,13.92,14.16,12.862,1744400
2015-10-12,14.2,14.2,13.78,14.04,12.753,1075000
2015-10-13,13.74,14.21,13.71,14.02,12.7348,1600700
2015-10-14,14.02,14.37,14.02,14.18,12.8802,1450200
2015-10-15,14.17,14.47,14.13,14.33,13.0164,1404400
2015-10-16,14.36,14.39,14.13,14.3,12.9892,1217600
2015-10-19,14.15,14.21,13.92,14.07,12.7802,867200
2015-10-20,14.02,14.37,14.0,14.25,12.9437,1018800
2015-10-21,14.24,14.27,14.02,14.09,12.7984,801300
2015-10-22,14.21,14.42,14.04,14.19,12.8892,1252600
2015-10-23,14.2,14.43,14.04,14.43,13.1072,1930200
2015-10-26,14.52,14.52,14.05,14.1,12.8075,1269400
2015-10-27,13.92,14.07,13.77,13.89,12.6167,1114400
2015-10-28,13.95,14.4,13.95,14.23,12.9256,1288100
2015-10-29,14.16,14.4,14.06,14.21,12.9074,1316500
2015-10-30,14.27,14.27,13.97,14.17,12.8711,2228300
2015-11-02,13.55,13.99,13.29,13.82,12.5532,3586700
2015-11-03,13.77,13.91,13.48,13.53,12.2897,2545900
2015-11-04,13.53,13.61,13.09,13.19,11.9809,1740500
2015-11-05,13.11,13.12,12.84,12.96,11.772,1557100
2015-11-06,12.78,12.94,12.61,12.77,11.5994,1563600
2015-11-09,12.74,12.88,12.5,12.53,11.3814,1435800
2015-11-10,12.49,12.58,12.35,12.52,11.3723,1497800
2015-11-11,12.56,12.68,12.47,12.52,11.3723,1779100
2015-11-12,12.38,12.53,12.28,12.36,11.227,1689300
2015-11-13,12.33,12.46,12.11,12.23,11.1089,1086700
2015-11-16,12.23,12.41,12.08,12.22,11.0998,2339100
2015-11-17,12.23,12.43,12.09,12.17,11.0544,1203400
2015-11-18,12.24,12.42,12.15,12.36,11.227,1609900
2015-11-19,12.48,12.52,12.25,12.38,11.2452,886300
2015-11-20,12.38,12.5,12.04,12.06,10.9545,1558000
2015-11-23,12.01,12.21,11.93,11.95,10.8546,1355000
2015-11-24,11.93,12.22,11.92,12.15,11.0362,2213900
2015-11-25,12.13,12.23,12.04,12.07,10.9636,1074800
2015-11-27,12.01,12.11,11.92,12.1,10.9908,628800
2015-11-30,12.08,12.29,12.04,12.22,11.0998,1333200
2015-12-01,12.2,12.52,12.2,12.49,11.3451,1242300
2015-12-02,12.47,12.51,12.04,12.12,11.009,1521800
2015-12-03,12.23,12.24,11.86,11.88,10.791,1569800
2015-12-04,11.88,12.17,11.7,12.11,10.9999,1683500
2015-12-07,11.95,11.95,11.6,11.69,10.6184,1552700
2015-12-08,11.52,11.84,11.4,11.68,10.6093,2218100
2015-12-09,11.8,12.09,11.67,11.89,10.8001,1422900
2015-12-10,11.81,12.25,11.79,12.13,11.0181,1486900
2015-12-11,11.86,11.92,11.6,11.62,10.5548,1459900
2015-12-14,11.64,11.67,11.26,11.31,10.2732,2172200
2015-12-15,11.41,11.8,11.32,11.69,10.6184,1734100
2015-12-16,11.66,12.03,11.63,12.0,10.9,1561900
2015-12-17,11.99,11.99,11.61,11.66,10.5912,1330300
2015-12-18,11.74,12.12,11.68,12.08,10.9727,2741600
2015-12-21,12.13,12.2,11.92,12.02,10.9182,1472300
2015-12-22,11.96,12.37,11.9,12.25,11.1271,1202400
2015-12-23,12.42,12.57,12.31,12.53,11.3814,1197100
2015-12-24,12.5,12.61,12.47,12.53,11.3814,549600
2015-12-28,12.48,12.48,12.15,12.24,11.118,1155900
2015-12-29,12.37,12.46,12.23,12.4,11.33,907900
2015-12-30,12.23,12.32,12.13,12.13,11.0833,845400
2015-12-31,12.13,12.34,12.07,12.33,11.266,1053000
2016-01-04,11.95,12.1,11.71,12.05,11.0102,2206600
2016-01-05,12.05,12.06,11.73,11.83,10.8092,1250400
2016-01-06,11.59,11.7,11.38,11.48,10.4894,1161600
2016-01-07,11.22,11.41,10.94,10.97,10.0234,1962400
2016-01-08,11.1,11.58,11.05,11.44,10.4528,1702200
2016-01-11,11.54,11.55,11.14,11.26,10.2883,1581000
2016-01-12,11.4,11.6,11.06,11.45,10.462,2129900
2016-01-13,11.84,11.84,11.03,11.1,10.1422,1446400
2016-01-14,11.2,11.37,11.0,11.3,10.3249,1366200
2016-01-15,10.82,10.93,10.57,10.81,9.8772,2475800
2016-01-19,11.16,11.19,10.72,10.9,9.9594,1899400
2016-01-20,10.67,10.97,10.31,10.87,9.932,1627500
2016-01-21,10.95,11.34,10.72,11.19,10.2244,1853300
2016-01-22,11.52,11.67,11.3,11.59,10.5899,1315800
2016-01-25,11.49,11.54,11.14,11.18,10.2153,1054400
2016-01-26,11.41,11.64,11.3,11.57,10.5716,995400
2016-01-27,11.47,11.78,11.33,11.53,10.535,1198600
2016-01-28,11.89,11.96,11.58,11.92,10.8914,1576400
2016-01-29,12.02,12.15,11.9,12.14,11.0924,1280300
2016-02-01,12.0,12.15,11.8,12.12,11.0741,909700
2016-02-02,11.77,11.79,11.56,11.73,10.7178,966000
2016-02-03,11.92,12.24,11.71,12.22,11.1655,1364300
2016-02-04,12.41,12.54,12.27,12.41,11.3391,2482000
2016-02-05,12.19,12.4,12.04,12.34,11.2752,1427000
2016-02-08,11.67,11.74,11.46,11.48,10.4894,2562600
2016-02-09,11.36,11.44,10.63,10.86,9.9229,3319500
2016-02-10,10.88,11.05,10.64,10.66,9.7401,1476800
2016-02-11,10.48,10.81,10.41,10.76,9.8315,1698300
2016-02-12,10.98,11.57,10.93,11.43,10.4437,1370500
2016-02-16,11.56,11.65,11.26,11.51,10.5168,1619000
2016-02-17,11.68,12.17,11.68,12.13,11.0833,1492100
2016-02-18,12.21,12.3,11.92,12.09,11.0467,1674700
2016-02-19,11.8,12.07,11.75,12.03,10.9919,965900
2016-02-22,12.29,12.45,12.27,12.36,11.2934,1613000
2016-02-23,12.12,12.34,11.93,12.01,10.9736,1058100
2016-02-24,11.59,12.15,11.59,12.15,11.1015,1081200
2016-02-25,12.12,12.23,11.81,12.04,11.001,1630600
2016-02-26,12.22,12.3,11.94,11.98,10.9462,1457700
2016-02-29,12.04,12.2,11.97,12.11,11.065,1486900
2016-03-01,12.25,12.48,12.08,12.28,11.2203,1194800
2016-03-02,12.22,12.4,12.0,12.4,11.33,1662000
2016-03-03,12.39,12.67,12.29,12.65,11.5584,1816800
2016-03-04,12.73,12.79,12.41,12.48,11.4031,2111200
2016-03-07,12.45,12.78,12.36,12.63,11.5401,3921500
2016-03-08,12.54,12.54,11.91,11.91,10.8823,1655700
2016-03-09,12.08,12.11,11.81,11.88,10.8548,1641300
2016-03-10,11.91,12.01,11.57,11.71,10.6995,3092900
2016-03-11,11.91,12.12,11.89,11.99,10.9554,2912500
2016-03-14,11.86,11.98,11.73,11.95,10.9188,1430400
2016-03-15,11.78,12.45,11.74,12.42,11.3482,3879000
2016-03-16,12.39,13.07,12.36,12.98,11.8599,5339100
2016-03-17,13.11,13.59,13.1,13.22,12.0792,3348000
2016-03-18,13.27,13.47,13.14,13.34,12.1889,1957800
2016-03-21,13.36,13.54,13.08,13.09,11.9604,2509200
2016-03-22,13.05,13.2,12.97,13.07,11.9422,1965900
2016-03-23,13.07,13.07,12.65,12.68,11.5858,1546000
2016-03-24,12.5,12.79,12.42,12.73,11.6315,1715600
2016-03-28,12.75,12.76,12.48,12.65,11.5584,1352300
2016-03-29,12.42,12.82,12.39,12.74,11.711,1188100
2016-03-30,12.88,13.2,12.85,13.07,12.0143,3124800
2016-03-31,13.14,13.24,12.79,12.84,11.8029,1408100
2016-04-01,12.58,12.69,12.4,12.69,11.665,837500
2016-04-04,12.64,12.68,12.23,12.24,11.2514,1339400
2016-04-05,12.08,12.19,11.94,11.94,10.9756,2353700
2016-04-06,12.02,12.33,11.95,12.3,11.3065,1168800
2016-04-07,12.12,12.16,11.84,11.93,10.9664,1901000
2016-04-08,12.18,12.23,12.01,12.05,11.0767,1041000
2016-04-11,12.1,12.27,12.01,12.07,11.0951,1495100
2016-04-12,12.17,12.52,12.11,12.43,11.426,4380900
2016-04-13,12.55,12.83,12.55,12.64,11.6191,1578600
2016-04-14,12.6,12.7,12.49,12.61,11.5915,1082000
2016-04-15,12.54,12.54,12.3,12.46,11.4536,945300
2016-04-18,12.26,12.63,12.25,12.38,11.3801,1363000
2016-04-19,12.57,12.88,12.48,12.87,11.8305,2018300
2016-04-20,12.9,13.05,12.77,12.78,11.7478,1555500
2016-04-21,12.82,12.85,12.29,12.3,11.3065,2523200
2016-04-22,12.3,13.25,12.29,13.1,12.0419,4013500
2016-04-25,13.03,13.09,12.71,12.93,11.8856,1661600
2016-04-26,13.03,13.08,12.82,13.03,11.9776,3000000
2016-04-27,13.03,13.49,13.02,13.45,12.3636,1995100
2016-04-28,13.4,13.5,13.09,13.11,12.0511,1989100
2016-04-29,13.08,13.13,12.45,12.51,11.4996,3509800
2016-05-02,12.55,12.56,12.24,12.34,11.3433,1810700
2016-05-03,12.18,12.26,11.97,12.03,11.0583,2226500
2016-05-04,11.93,12.14,11.82,11.93,10.9664,1317300
2016-05-05,12.13,12.16,11.51,11.6,10.6631,2315000
2016-05-06,11.59,11.83,11.56,11.62,10.6815,1249200
2016-05-09,11.52,11.7,11.44,11.59,10.6539,2315600
2016-05-10,11.68,11.81,11.62,11.8,10.8469,1373900
2016-05-11,11.85,11.99,11.75,11.78,10.8285,1013500
2016-05-12,11.89,12.24,11.69,11.72,10.7734,2759100
2016-05-13,11.67,11.82,11.53,11.57,10.6355,1081600
2016-05-16,11.7,11.81,11.58,11.59,10.6539,872400
2016-05-17,11.57,11.88,11.47,11.74,10.7918,1293800
2016-05-18,11.64,11.72,11.37,11.43,10.5068,1368500
2016-05-19,11.28,11.44,11.23,11.41,10.4884,820800
2016-05-20,11.47,11.53,11.31,11.39,10.47,970400
2016-05-23,11.31,11.69,11.28,11.65,10.709,1058200
2016-05-24,11.55,11.79,11.37,11.6,10.6631,1972300
2016-05-25,11.67,11.93,11.65,11.69,10.7458,949100
2016-05-26,11.92,11.96,11.68,11.71,10.7642,1195400
2016-05-27,11.66,11.78,11.58,11.71,10.7642,758300
2016-05-31,11.72,11.82,11.62,11.63,10.6906,2270900
2016-06-01,11.56,11.61,11.33,11.4,10.4792,2014100
2016-06-02,11.33,11.6,11.33,11.6,10.6631,1898600
2016-06-03,11.7,11.77,11.58,11.71,10.7642,1137900
2016-06-06,11.77,12.06,11.76,12.04,11.0675,1225900
2016-06-07,12.11,12.18,12.01,12.14,11.1595,1661000
2016-06-08,12.33,12.43,12.17,12.24,11.2514,1710900
2016-06-09,12.22,12.22,11.97,12.0,11.0308,1024500
2016-06-10,11.96,11.96,11.65,11.7,10.755,1010000
2016-06-13,11.65,11.77,11.57,11.62,10.6815,1289800
2016-06-14,11.56,11.64,11.21,11.3,10.3873,1448900
2016-06-15,11.3,11.37,11.16,11.24,10.3321,1194600
2016-06-16,11.11,11.28,10.95,11.23,10.323,1119400
2016-06-17,11.33,11.38,11.15,11.19,10.2862,1025900
2016-06-20,11.42,11.5,11.19,11.21,10.3046,2193200
2016-06-21,11.2,11.21,11.04,11.17,10.2678,2133500
2016-06-22,11.29,11.32,11.1,11.15,10.2494,861200
2016-06-23,11.3,11.52,11.2,11.43,10.5068,1011500
2016-06-24,10.87,11.08,10.81,10.84,9.9645,1835200
2016-06-27,10.77,10.9,10.61,10.7,9.8358,2877200
2016-06-28,10.79,10.83,10.41,10.54,9.758,2324200
2016-06-29,10.67,10.87,10.6,10.79,9.9894,1475500
2016-06-30,10.81,11.02,10.72,10.97,10.1561,1873800
2016-07-01,10.93,11.05,10.83,10.93,10.1191,687200
2016-07-05,10.85,10.92,10.55,10.61,9.8228,1432900
2016-07-06,10.58,10.65,10.48,10.57,9.7858,1531300
2016-07-07,10.71,10.72,10.34,10.43,9.6562,1703100
2016-07-08,10.56,10.68,10.48,10.57,9.7858,2072500
2016-07-11,10.68,10.73,10.55,10.57,9.7858,1112600
2016-07-12,10.7,10.89,10.65,10.79,9.9894,2262700
2016-07-13,10.82,10.82,10.58,10.68,9.8876,2278100
2016-07-14,10.79,10.97,10.75,10.92,10.1098,1981700
2016-07-15,10.93,10.99,10.73,10.79,9.9894,983800
2016-07-18,10.73,10.8,10.68,10.77,9.9709,989300
2016-07-19,10.69,10.71,10.51,10.59,9.8043,1375600
2016-07-20,10.53,10.7,10.51,10.61,9.8228,1235600
2016-07-21,10.57,10.66,10.42,10.53,9.7487,1966700
2016-07-22,10.5,10.54,10.28,10.35,9.5821,1568200
2016-07-25,10.3,10.34,10.15,10.26,9.4988,1485100
2016-07-26,10.22,10.55,10.2,10.55,9.7673,2321300
2016-07-27,10.6,10.68,10.49,10.63,9.8413,2753500
2016-07-28,10.4,10.42,9.39,9.5,8.7952,8255200
2016-07-29,9.58,9.85,9.38,9.56,8.8507,4257000
2016-08-01,9.55,9.63,9.07,9.14,8.4619,2927200
2016-08-02,9.49,9.56,9.29,9.45,8.7489,3235400
2016-08-03,9.45,9.48,9.25,9.48,8.7766,2062700
2016-08-04,9.47,9.68,9.41,9.43,8.7304,2051200
2016-08-05,9.43,9.53,9.3,9.52,8.8137,1474800
2016-08-08,9.65,9.72,9.56,9.69,8.9711,1834300
2016-08-09,9.73,9.75,9.49,9.52,8.8137,1532800
2016-08-10,9.61,9.63,9.39,9.45,8.7489,1227300
2016-08-11,9.52,9.79,9.49,9.78,9.0544,2120800
2016-08-12,9.84,9.84,9.65,9.74,9.0174,1496300
2016-08-15,9.82,9.87,9.67,9.85,9.1192,1395900
2016-08-16,9.9,9.92,9.67,9.67,8.9525,1458300
2016-08-17,9.65,9.66,9.51,9.61,8.897,1392600
2016-08-18,9.62,9.65,9.5,9.55,8.8414,1339200
2016-08-19,9.49,9.56,9.43,9.45,8.7489,1417500
2016-08-22,9.4,9.46,9.31,9.42,8.7211,1350500
2016-08-23,9.45,9.57,9.39,9.5,8.7952,1271300
2016-08-24,9.47,9.66,9.46,9.56,8.8507,1481800
2016-08-25,9.55,9.56,9.39,9.42,8.7211,1169100
2016-08-26,9.45,9.59,9.28,9.29,8.6007,1461500
2016-08-29,9.3,9.38,9.25,9.35,8.6563,3082000
2016-08-30,9.36,9.49,9.31,9.34,8.647,1563100
2016-08-31,9.31,9.32,9.09,9.22,8.5359,2237500
2016-09-01,9.19,9.22,9.05,9.13,8.4526,3526700
2016-09-02,9.24,9.32,9.18,9.3,8.61,3161500
2016-09-06,9.4,9.52,9.31,9.49,8.7859,2222800
2016-09-07,9.51,9.59,9.35,9.37,8.6748,1568200
2016-09-08,9.41,9.43,9.27,9.33,8.6378,1655000
2016-09-09,9.2,9.28,9.01,9.04,8.3693,2579200
2016-09-12,8.96,9.1,8.93,9.03,8.36,2893100
2016-09-13,8.99,8.99,8.57,8.64,7.999,3157100
2016-09-14,8.63,8.85,8.59,8.68,8.036,3379900
2016-09-15,8.68,8.9,8.68,8.84,8.1841,2039900
2016-09-16,8.78,8.81,8.68,8.77,8.1193,1752000
2016-09-19,8.91,8.91,8.71,8.75,8.1008,2567400
2016-09-20,8.78,8.92,8.71,8.74,8.0915,1805300
2016-09-21,8.82,8.96,8.8,8.96,8.2952,1373000
2016-09-22,9.08,9.16,8.89,8.95,8.286,1345400
2016-09-23,8.89,9.0,8.75,8.84,8.1841,1781900
2016-09-26,8.81,8.86,8.69,8.71,8.0638,1115000
2016-09-27,8.64,8.67,8.5,8.56,7.9249,2487500
2016-09-28,8.55,8.65,8.33,8.63,8.0613,3778300
2016-09-29,8.72,8.83,8.62,8.68,8.108,2882900
2016-09-30,8.74,8.82,8.55,8.56,7.9959,1974500
2016-10-03,8.56,8.62,8.37,8.43,7.8745,2099700
2016-10-04,8.39,8.42,8.09,8.1,7.5662,4302700
2016-10-05,8.22,8.23,8.09,8.13,7.5942,3163200
2016-10-06,8.08,8.21,7.92,8.04,7.5102,2439700
2016-10-07,8.07,8.08,7.86,7.88,7.3607,3007100
2016-10-10,7.92,8.03,7.88,7.96,7.4354,1900900
2016-10-11,7.98,8.02,7.88,7.94,7.4168,2139800
2016-10-12,7.89,7.93,7.74,7.76,7.2486,2165100
2016-10-13,7.67,7.83,7.45,7.82,7.3047,4116900
2016-10-14,7.91,8.07,7.87,8.02,7.4915,3583800
2016-10-17,7.97,8.06,7.88,7.91,7.3887,2307000
2016-10-18,8.01,8.01,7.84,8.0,7.4728,1485900
2016-10-19,8.07,8.09,8.0,8.03,7.5008,1528800
2016-10-20,8.0,8.15,7.93,8.12,7.5849,2081200
2016-10-21,8.05,8.09,8.0,8.04,7.5102,1342900
2016-10-24,8.05,8.06,7.87,7.88,7.3607,1852000
2016-10-25,7.93,8.01,7.81,7.88,7.3607,2114100
2016-10-26,7.83,8.1,7.83,7.94,7.4168,2321500
2016-10-27,7.96,8.04,7.88,7.93,7.4074,1965300
2016-10-28,7.92,8.05,7.88,7.93,7.4074,1777400
2016-10-31,7.93,7.94,7.69,7.7,7.1926,1701800
2016-11-01,7.74,7.74,7.41,7.46,6.9684,3169700
2016-11-02,7.68,8.35,7.6,8.34,7.7904,6947400
2016-11-03,8.34,8.34,7.97,8.23,7.6876,5495500
2016-11-04,8.16,8.58,8.12,8.24,7.697,4049800
2016-11-07,8.4,8.5,8.24,8.25,7.7063,2536400
2016-11-08,8.32,8.63,8.23,8.48,7.9212,4310600
2016-11-09,8.41,8.6,8.35,8.54,7.9772,5296100
2016-11-10,8.64,9.1,8.59,8.94,8.3509,5074700
2016-11-11,8.99,9.01,8.6,8.71,8.136,3615500
2016-11-14,8.75,8.88,8.7,8.87,8.2855,2631400
2016-11-15,8.86,9.05,8.71,8.97,8.3789,2759100
2016-11-16,8.92,9.3,8.9,9.2,8.5937,3551200
2016-11-17,9.29,9.29,9.16,9.24,8.6311,1802500
2016-11-18,9.33,9.33,9.05,9.08,8.4816,1624200
2016-11-21,9.32,9.43,9.13,9.18,8.575,2238100
2016-11-22,9.15,9.29,9.06,9.26,8.6498,2625300
2016-11-23,9.21,9.39,9.14,9.22,8.6124,2094400
2016-11-25,9.32,9.33,9.16,9.26,8.6498,1250800
2016-11-28,9.29,9.38,9.17,9.31,8.6965,2138800
2016-11-29,9.22,9.29,9.07,9.07,8.4723,2179600
2016-11-30,9.2,9.28,9.11,9.19,8.5844,2308500
2016-12-01,9.29,9.74,9.29,9.49,8.8646,3238700
2016-12-02,9.47,9.55,9.36,9.42,8.7992,1458700
2016-12-05,9.47,9.8,9.46,9.76,9.1168,2553600
2016-12-06,9.72,10.0,9.69,9.93,9.2756,2658400
2016-12-07,10.0,10.37,9.95,10.25,9.5745,4013400
2016-12-08,10.38,10.57,10.32,10.44,9.752,3698800
2016-12-09,10.7,10.77,10.53,10.59,9.8921,2922300
2016-12-12,10.71,10.73,10.35,10.36,9.6773,2249400
2016-12-13,10.45,10.52,10.21,10.45,9.7613,2523400
2016-12-14,10.41,10.48,10.06,10.07,9.4064,3100200
2016-12-15,9.98,10.38,9.96,10.35,9.6679,3003000
2016-12-16,10.34,10.9,10.3,10.79,10.0789,6161300
2016-12-19,10.79,10.85,10.54,10.59,9.8921,3331500
2016-12-20,10.58,10.89,10.55,10.72,10.0135,3192700
2016-12-21,10.7,10.72,10.48,10.48,9.7894,1746100
2016-12-22,10.45,10.65,10.29,10.6,9.9015,5599000
2016-12-23,10.8,10.85,10.48,10.51,9.8174,2910500
2016-12-27,10.57,10.66,10.41,10.53,9.8361,2243500
2016-12-28,10.42,10.54,10.17,10.24,9.6329,3401900
2016-12-29,10.2,10.42,10.12,10.33,9.7175,1897400
2016-12-30,10.38,10.58,10.34,10.47,9.8492,2223900
2017-01-03,10.5,10.56,10.23,10.4,9.7834,2431100
2017-01-04,10.49,10.71,10.46,10.69,10.0562,2504900
2017-01-05,10.8,11.25,10.76,10.93,10.282,4701000
2017-01-06,10.99,11.01,10.67,10.77,10.1315,1632000
2017-01-09,10.85,10.85,10.63,10.75,10.1126,2388600
2017-01-10,10.82,11.93,10.8,11.85,11.1474,7319600
2017-01-11,11.99,12.44,11.87,12.43,11.693,8587500
2017-01-12,12.78,13.36,12.5,12.66,11.9094,8491000
2017-01-13,12.61,13.3,12.4,13.29,12.502,5358500
2017-01-17,13.3,13.36,12.94,13.27,12.4832,4791200
2017-01-18,11.89,12.12,10.71,10.85,10.2067,15215200
2017-01-19,10.86,11.95,10.84,11.92,11.2133,7462100
2017-01-20,11.96,12.28,11.61,11.74,11.0439,4186300
2017-01-23,11.78,12.12,11.72,12.08,11.3638,2983900
2017-01-24,12.25,12.99,12.21,12.95,12.1822,5783200
2017-01-25,13.02,13.33,12.61,12.84,12.0787,6476500
2017-01-26,12.85,13.06,12.77,12.97,12.201,3844000
2017-01-27,12.93,13.05,12.79,12.98,12.2104,2693400
2017-01-30,12.94,12.96,12.45,12.61,11.8624,3851400
2017-01-31,12.66,12.82,12.56,12.75,11.9941,2193900
2017-02-01,11.42,11.42,11.02,11.27,10.6018,9550900
2017-02-02,11.28,11.31,10.5,10.74,10.1032,8041900
2017-02-03,10.71,10.85,10.57,10.67,10.0374,3810900
2017-02-06,10.71,10.73,10.34,10.45,9.8304,3716500
2017-02-07,10.37,10.76,10.37,10.68,10.0468,3655900
2017-02-08,10.72,11.02,10.6,10.89,10.2443,4177200
2017-02-09,10.89,11.04,10.7,10.84,10.1973,3807400
2017-02-10,10.9,11.33,10.87,11.13,10.4701,4136600
2017-02-13,11.34,11.76,11.23,11.73,11.0345,4073800
2017-02-14,12.01,12.37,11.87,12.36,11.6272,4856000
2017-02-15,12.26,12.33,11.74,11.85,11.1474,4926100
2017-02-16,11.91,12.1,11.74,11.84,11.138,2710200
2017-02-17,11.79,11.94,11.68,11.72,11.0251,1737100
2017-02-21,11.77,11.77,11.43,11.49,10.8088,3000800
2017-02-22,11.37,11.49,11.29,11.41,10.7335,2939400
2017-02-23,11.44,11.51,11.26,11.27,10.6018,2796500
2017-02-24,11.26,11.28,10.93,10.95,10.3008,3944900
2017-02-27,11.09,11.35,10.91,11.29,10.6206,2481700
2017-02-28,11.21,11.28,11.04,11.09,10.4325,2224300
2017-03-01,11.18,11.28,11.0,11.04,10.3854,3178300
2017-03-02,11.08,11.17,10.88,10.89,10.2443,2975400
2017-03-03,10.91,10.97,10.79,10.87,10.2255,1698700
2017-03-06,10.82,10.9,10.71,10.89,10.2443,2505100
2017-03-07,10.85,11.07,10.8,11.01,10.3572,3108000
2017-03-08,11.04,11.34,10.99,11.16,10.4983,3065700
2017-03-09,11.09,11.32,10.82,10.88,10.2349,2801200
2017-03-10,10.89,11.09,10.79,11.06,10.4043,2329600
2017-03-13,11.18,11.18,10.97,11.0,10.3478,2651000
2017-03-14,10.98,11.0,10.73,10.79,10.1503,2628800
2017-03-15,10.88,10.91,10.72,10.88,10.2349,3304900
2017-03-16,10.97,11.19,10.88,11.16,10.4983,2878400
2017-03-17,11.18,11.3,11.02,11.06,10.4043,1792400
2017-03-20,11.03,11.08,10.91,11.01,10.3572,1333300
2017-03-21,11.02,11.15,10.62,10.64,10.0092,2733800
2017-03-22,10.6,10.89,10.55,10.86,10.2161,2479000
2017-03-23,10.87,11.08,10.8,10.99,10.3384,1866800
2017-03-24,11.02,11.14,10.86,10.89,10.2443,1757900
2017-03-27,10.76,11.08,10.73,11.03,10.376,2781100
2017-03-28,11.05,11.21,10.98,11.2,10.536,3351500
2017-03-29,11.12,11.3,11.1,11.27,10.6733,2214300
2017-03-30,11.27,11.38,11.16,11.22,10.6259,1687600
2017-03-31,11.13,11.28,11.07,11.07,10.4839,2256500
2017-04-03,11.08,11.13,10.89,11.02,10.4365,1847100
2017-04-04,10.97,11.11,10.8,11.1,10.5123,1417100
2017-04-05,11.17,11.34,10.85,10.88,10.3039,2502800
2017-04-06,10.92,11.16,10.85,11.12,10.5312,2362900
2017-04-07,11.17,11.25,11.09,11.16,10.5691,932100
2017-04-10,11.2,11.73,11.17,11.6,10.9858,3491900
2017-04-11,11.65,11.91,11.62,11.8,11.1752,3429200
2017-04-12,11.69,11.7,11.24,11.33,10.7301,2788000
2017-04-13,11.34,11.45,11.11,11.11,10.5218,1887200
2017-04-17,11.15,11.19,11.05,11.14,10.5502,1312400
2017-04-18,11.04,11.06,10.76,10.87,10.2945,1501400
2017-04-19,10.87,10.93,10.58,10.62,10.0577,2058300
2017-04-20,10.62,10.81,10.62,10.65,10.0861,2121700
2017-04-21,10.65,10.79,10.6,10.73,10.1619,1504900
2017-04-24,10.89,11.0,10.83,10.91,10.3323,1295000
2017-04-25,10.93,11.16,10.87,11.12,10.5312,1834400
2017-04-26,11.1,11.12,10.89,10.89,10.3134,1465500
2017-04-27,10.91,10.91,10.38,10.5,9.944,3199100
2017-04-28,10.51,10.52,9.33,9.59,9.0822,8673700
2017-05-01,9.61,9.81,9.6,9.67,9.158,3192700
2017-05-02,9.75,9.93,9.59,9.93,9.4042,4182300
2017-05-03,9.87,9.93,9.62,9.79,9.2716,3496600
2017-05-04,9.74,9.75,9.37,9.51,9.0065,2574100
2017-05-05,9.51,9.74,9.5,9.72,9.2054,1744700
2017-05-08,9.7,9.95,9.69,9.93,9.4042,1631100
2017-05-09,10.02,10.11,9.88,9.96,9.4326,1687700
2017-05-10,9.96,10.03,9.9,9.98,9.4516,1810700
2017-05-11,9.95,9.99,9.76,9.83,9.3095,1413500
2017-05-12,9.85,9.99,9.73,9.82,9.3001,1297600
2017-05-15,10.08,10.08,9.84,9.93,9.4042,1673800
2017-05-16,10.0,10.04,9.83,9.9,9.3758,1762300
2017-05-17,9.81,9.89,9.54,9.56,9.0538,2306300
2017-05-18,9.53,9.71,9.36,9.68,9.1675,2103600
2017-05-19,9.74,9.87,9.72,9.84,9.319,996700
2017-05-22,9.84,9.97,9.79,9.96,9.4326,835400
2017-05-23,9.95,10.05,9.83,9.86,9.3379,1580000
2017-05-24,9.83,9.83,9.45,9.63,9.1201,3600900
2017-05-25,9.63,9.68,9.35,9.42,8.9212,2298500
2017-05-26,9.45,9.57,9.39,9.53,9.0254,998400
2017-05-30,9.45,9.46,9.36,9.39,8.8928,1145900
2017-05-31,9.31,9.36,9.03,9.22,8.7318,3263800
2017-06-01,9.23,9.46,9.19,9.42,8.9212,1590500
2017-06-02,9.4,9.42,9.11,9.13,8.6466,2277900
2017-06-05,9.11,9.26,9.01,9.21,8.7224,1967200
2017-06-06,9.19,9.2,8.95,9.05,8.5708,2074000
2017-06-07,9.04,9.18,8.97,9.04,8.5614,1212600
2017-06-08,9.05,9.4,9.05,9.4,8.9023,1967700
2017-06-09,9.47,9.58,9.32,9.5,8.997,1221500
2017-06-12,9.49,9.7,9.36,9.45,8.9496,1455600
2017-06-13,9.51,9.62,9.41,9.53,9.0254,1101100
2017-06-14,9.57,9.58,9.24,9.25,8.7602,1008600
2017-06-15,9.17,9.23,9.04,9.14,8.6561,1398200
2017-06-16,9.13,9.2,9.01,9.17,8.6845,1408500
2017-06-19,9.23,9.44,9.17,9.28,8.7886,1892400
2017-06-20,9.2,9.22,9.03,9.1,8.6182,3861600
2017-06-21,9.12,9.23,8.99,9.07,8.5898,1375300
2017-06-22,9.09,9.25,9.09,9.11,8.6276,1670700
2017-06-23,9.12,9.41,9.08,9.34,8.8455,2134500
2017-06-26,9.4,9.56,9.4,9.55,9.0444,1181300
2017-06-27,9.58,9.68,9.45,9.5,8.997,2757700
2017-06-28,9.51,9.62,9.43,9.53,9.0982,1659800
2017-06-29,9.61,9.65,9.41,9.44,9.0123,2270800
2017-06-30,9.28,9.33,8.96,9.1,8.6877,4990200
2017-07-03,9.12,9.29,9.12,9.19,8.7736,835000
2017-07-05,9.16,9.29,9.1,9.24,8.8213,2121500
2017-07-06,9.24,9.37,9.2,9.22,8.8022,1688600
2017-07-07,9.23,9.31,9.08,9.27,8.85,882000
2017-07-10,9.29,9.7,9.22,9.59,9.1555,1807000
2017-07-11,9.57,9.59,9.28,9.57,9.1364,1302700
2017-07-12,9.61,9.81,9.58,9.61,9.1746,1392400
2017-07-13,9.59,9.8,9.55,9.78,9.3369,1300100
2017-07-14,9.85,9.97,9.81,9.97,9.5183,1549400
2017-07-17,10.02,10.21,9.97,10.05,9.5946,2043500
2017-07-18,9.96,10.02,9.55,9.72,9.2796,3583400
2017-07-19,9.77,10.12,9.76,10.03,9.5755,2463100
2017-07-20,10.04,10.15,9.93,10.08,9.6233,1568800
2017-07-21,10.05,10.06,9.82,9.94,9.4896,1665500
2017-07-24,9.94,10.02,9.86,9.94,9.4896,1307700
2017-07-25,10.0,10.24,9.99,10.15,9.6901,1770000
2017-07-26,10.16,10.2,9.95,10.11,9.6519,1868500
2017-07-27,10.1,10.68,10.06,10.33,9.8619,3257000
2017-07-28,10.41,10.6,10.31,10.56,10.0815,3101100
2017-07-31,10.57,10.58,10.23,10.25,9.7856,2580200
2017-08-01,10.28,10.31,10.07,10.28,9.8142,1996900
2017-08-02,10.23,10.34,10.18,10.26,9.7951,1409600
2017-08-03,10.25,10.27,10.06,10.11,9.6519,2023200
2017-08-04,10.11,10.15,10.05,10.1,9.6424,5140800
2017-08-07,10.11,10.31,10.1,10.15,9.6901,1026100
2017-08-08,10.1,10.26,10.06,10.17,9.7092,2060900
2017-08-09,10.12,10.22,10.06,10.15,9.6901,1391900
2017-08-10,10.06,10.11,9.65,9.66,9.2223,3169300
2017-08-11,9.62,9.8,9.58,9.71,9.27,2159000
2017-08-14,9.72,9.82,9.69,9.71,9.27,913000
2017-08-15,9.69,9.72,9.55,9.6,9.165,1142200
2017-08-16,9.67,9.75,9.64,9.7,9.2605,1344900
2017-08-17,9.7,9.82,9.64,9.65,9.2128,1131200
2017-08-18,9.62,9.71,9.55,9.68,9.2414,3216200
2017-08-21,9.71,9.84,9.69,9.74,9.2987,843700
2017-08-22,9.79,9.96,9.78,9.8,9.356,1906200
2017-08-23,9.73,9.9,9.72,9.79,9.3464,1332200
2017-08-24,9.82,9.98,9.76,9.92,9.4705,1347000
2017-08-25,10.0,10.03,9.91,9.99,9.5374,1299000
2017-08-28,10.0,10.02,9.79,9.82,9.3751,1319900
2017-08-29,9.74,10.0,9.65,9.99,9.5374,1688700
2017-08-30,9.96,10.02,9.82,9.88,9.4323,1649700
2017-08-31,9.9,10.05,9.89,10.03,9.5755,1386300
2017-09-01,10.09,10.15,9.97,10.01,9.5564,1083000
2017-09-05,10.03,10.13,9.86,9.96,9.5087,1774000
2017-09-06,9.98,10.13,9.93,10.07,9.6137,1266900
2017-09-07,10.08,10.22,10.02,10.13,9.671,1256700
2017-09-08,10.05,10.08,9.88,9.95,9.4992,1032700
2017-09-11,9.97,10.27,9.97,10.2,9.7378,1365100
2017-09-12,10.23,10.35,10.2,10.26,9.7951,1368100
2017-09-13,10.28,10.33,10.16,10.2,9.7378,1265700
2017-09-14,10.16,10.19,10.02,10.03,9.5755,1155300
2017-09-15,10.07,10.17,10.01,10.14,9.6806,2108500
2017-09-18,10.14,10.26,10.06,10.08,9.6233,1364100
2017-09-19,10.13,10.14,10.0,10.04,9.5851,918700
2017-09-20,10.08,10.19,9.99,10.05,9.5946,1165300
2017-09-21,10.03,10.08,9.95,9.97,9.5183,1914900
2017-09-22,10.01,10.03,9.81,9.98,9.5278,1966600
2017-09-25,10.04,10.04,9.92,9.94,9.4896,1735100
2017-09-26,9.93,10.01,9.9,9.92,9.4705,1369600
2017-09-27,9.94,9.98,9.81,9.89,9.4419,1711700
2017-09-28,9.76,10.13,9.76,10.09,9.7114,2294500
2017-09-29,10.08,10.08,9.59,9.67,9.3071,3861100
2017-10-02,9.65,9.86,9.65,9.71,9.3456,2327600
2017-10-03,9.61,9.62,8.76,8.82,8.489,13460200
2017-10-04,8.85,9.23,8.85,9.19,8.8451,4734700
2017-10-05,9.19,9.44,9.15,9.41,9.0569,2323600
2017-10-06,9.37,9.37,9.21,9.32,8.9703,1378400
2017-10-09,9.35,9.35,9.17,9.19,8.8451,930900
2017-10-10,9.29,9.36,9.19,9.19,8.8451,1434800
2017-10-11,9.21,9.28,9.07,9.13,8.7874,1279900
2017-10-12,9.11,9.12,8.99,9.0,8.6623,2148900
2017-10-13,9.04,9.2,8.95,9.15,8.8066,1716500
2017-10-16,9.17,9.26,9.1,9.13,8.7874,1508100
2017-10-17,9.11,9.2,9.07,9.09,8.7489,1111100
2017-10-18,9.11,9.19,9.07,9.11,8.7682,1115500
2017-10-19,9.06,9.11,8.95,9.03,8.6912,1069400
2017-10-20,9.0,9.05,8.95,9.01,8.6719,906500
2017-10-23,9.03,9.07,8.9,8.9,8.566,1170700
2017-10-24,8.9,8.94,8.82,8.89,8.5564,1186000
2017-10-25,8.96,8.97,8.82,8.9,8.566,1453300
2017-10-26,8.91,8.91,8.79,8.84,8.5083,2121300
2017-10-27,8.41,8.41,7.68,8.3,7.9885,7127600
2017-10-30,8.27,8.3,8.02,8.07,7.7672,2688300
2017-10-31,8.06,8.18,8.0,8.14,7.8345,2250000
2017-11-01,8.24,8.41,8.18,8.41,8.0944,3004600
2017-11-02,8.45,8.64,8.42,8.51,8.1907,2435200
2017-11-03,8.47,8.52,8.37,8.48,8.1618,1145600
2017-11-06,8.52,8.72,8.5,8.7,8.3735,2026300
2017-11-07,8.78,9.01,8.73,8.92,8.5853,2705900
2017-11-08,8.96,9.11,8.94,9.02,8.6815,1627300
2017-11-09,8.64,9.74,8.63,9.34,8.9895,8050900
2017-11-10,9.35,9.64,9.33,9.36,9.0088,2554200
2017-11-13,9.32,9.47,9.21,9.38,9.028,3099200
2017-11-14,9.33,9.36,9.04,9.06,8.72,1634300
2017-11-15,8.89,8.96,8.63,8.85,8.5179,2174500
2017-11-16,8.91,9.16,8.87,9.11,8.7682,1979300
2017-11-17,9.1,9.4,9.1,9.39,9.0376,1276600
2017-11-20,9.33,9.55,9.31,9.47,9.1146,1403900
2017-11-21,9.52,9.77,9.52,9.71,9.3456,2542700
2017-11-22,9.74,9.9,9.69,9.87,9.4996,1826700
2017-11-24,9.98,10.06,9.87,9.9,9.5285,1355500
2017-11-27,9.92,9.94,9.18,9.2,8.8548,3726300
2017-11-28,9.15,9.21,8.9,9.03,8.6912,3597400
2017-11-29,9.07,9.21,8.99,9.14,8.797,1893800
2017-11-30,9.19,9.39,9.12,9.38,9.028,1883900
2017-12-01,9.46,9.55,9.35,9.48,9.1243,1660300
2017-12-04,9.87,11.18,9.83,10.71,10.3081,10866700
2017-12-05,10.65,10.91,10.35,10.62,10.2215,3509300
2017-12-06,10.6,10.77,10.25,10.3,9.9135,1944000
2017-12-07,10.3,10.47,10.23,10.41,10.0194,1447400
2017-12-08,10.43,10.52,10.32,10.37,9.9809,1462000
2017-12-11,10.39,10.65,10.36,10.57,10.1734,1892500
2017-12-12,10.6,10.67,10.42,10.46,10.0675,1706800
2017-12-13,10.54,10.57,10.39,10.39,10.0001,1058500
2017-12-14,10.38,10.51,10.29,10.32,9.9327,1321300
2017-12-15,10.36,10.41,10.07,10.09,9.7114,1859400
2017-12-18,10.09,10.41,10.09,10.38,9.9905,1787200
2017-12-19,10.36,10.38,10.15,10.22,9.8365,1241500
2017-12-20,10.25,10.25,9.84,9.99,9.6151,2602100
2017-12-21,10.01,10.07,9.84,9.85,9.4804,1806300
2017-12-22,9.77,9.8,9.4,9.42,9.0665,4167000
2017-12-26,9.42,9.46,9.24,9.36,9.0088,1617600
2017-12-27,9.44,9.47,9.22,9.3,8.951,2517800
2017-12-28,9.26,9.38,9.15,9.37,9.0957,2437400
2017-12-29,9.39,9.39,9.21,9.23,8.9598,1328900
2018-01-02,9.29,9.71,9.23,9.69,9.4063,2599100
2018-01-03,9.72,9.78,9.38,9.68,9.3966,2688700
2018-01-04,9.74,9.82,9.6,9.78,9.4937,1419700
2018-01-05,9.86,9.88,9.71,9.79,9.5034,1127900
2018-01-08,9.78,9.84,9.54,9.56,9.2801,1972600
2018-01-09,9.57,9.58,9.28,9.36,9.086,3492200
2018-01-10,9.33,9.67,9.3,9.53,9.251,4254800
2018-01-11,9.57,9.87,9.52,9.8,9.5131,2216300
2018-01-12,9.85,9.98,9.7,9.86,9.5713,2878100
2018-01-16,9.89,9.89,9.47,9.55,9.2704,2469400
2018-01-17,9.63,9.81,9.6,9.72,9.4354,3291700
2018-01-18,9.65,9.72,9.56,9.65,9.3675,1514800
2018-01-19,9.65,9.7,9.5,9.62,9.3383,2173100
2018-01-22,9.63,9.68,9.47,9.64,9.3578,3212500
2018-01-23,9.63,9.68,9.46,9.66,9.3772,2490500
2018-01-24,9.72,9.86,9.55,9.68,9.3966,1351400
2018-01-25,9.8,9.8,9.45,9.49,9.2121,1074500
2018-01-26,9.52,9.52,9.19,9.23,8.9598,2275700
2018-01-29,9.23,9.28,9.08,9.09,8.8239,2188000
2018-01-30,9.03,9.13,8.79,9.06,8.7947,2375300
2018-01-31,9.14,9.24,8.98,9.2,8.9306,1834900
2018-02-01,9.2,9.43,9.14,9.42,9.1442,2028200
2018-02-02,9.27,9.3,9.08,9.11,8.8433,3093800
2018-02-05,9.07,9.2,8.81,8.9,8.6394,2740400
2018-02-06,8.76,9.3,8.75,9.26,8.9889,2559600
2018-02-07,9.19,9.35,9.15,9.24,8.9695,2425800
2018-02-08,9.2,9.35,8.92,8.93,8.6685,3853300
2018-02-09,9.03,9.33,8.34,8.53,8.2803,5079200
2018-02-12,8.54,8.81,8.34,8.78,8.5229,3213900
2018-02-13,8.74,9.03,8.56,9.02,8.7559,3072100
2018-02-14,8.93,9.34,8.91,9.31,9.0374,2617100
2018-02-15,9.3,9.35,9.07,9.35,9.0762,2846500
2018-02-16,9.3,9.48,9.21,9.23,8.9598,1999700
2018-02-20,9.15,9.22,9.03,9.09,8.8239,1076100
2018-02-21,9.05,9.2,8.98,9.03,8.7656,1316300
2018-02-22,9.03,9.21,9.0,9.03,8.7656,1224800
2018-02-23,9.1,9.21,9.04,9.19,8.9209,929900
2018-02-26,9.24,9.34,9.16,9.3,9.0277,897500
2018-02-27,9.31,9.42,9.09,9.09,8.8239,1316600
2018-02-28,9.16,9.17,8.81,8.82,8.5618,1391200
2018-03-01,8.8,8.96,8.73,8.94,8.6782,1244000
2018-03-02,8.81,8.99,8.76,8.97,8.7074,940100
2018-03-05,8.89,9.17,8.87,9.15,8.8821,856800
2018-03-06,9.24,9.41,9.19,9.38,9.1054,1443900
2018-03-07,9.29,9.52,9.28,9.45,9.1733,1935100
2018-03-08,9.45,9.48,9.06,9.11,8.8433,1206300
2018-03-09,9.18,9.22,9.03,9.17,8.9015,1249800
2018-03-12,9.17,9.31,9.15,9.26,8.9889,1294000
2018-03-13,9.25,9.29,9.18,9.21,8.9403,1243800
2018-03-14,9.3,9.34,9.12,9.14,8.8724,1456900
2018-03-15,9.12,9.25,9.07,9.23,8.9598,1072100
2018-03-16,9.24,9.41,9.18,9.39,9.1151,1176800
2018-03-19,9.34,9.37,9.04,9.07,8.8044,1434600
2018-03-20,9.09,9.14,8.85,8.91,8.6491,2527800
2018-03-21,8.91,9.29,8.91,9.27,8.9986,1377700
2018-03-22,9.13,9.37,9.08,9.09,8.8239,1284800
2018-03-23,9.16,9.16,8.9,8.97,8.7074,2165600
2018-03-26,9.07,9.22,8.99,9.11,8.8433,3302600
2018-03-27,9.12,9.26,9.02,9.05,8.785,1516800
2018-03-28,9.03,9.04,8.87,8.95,8.688,1000000
2018-03-29,8.98,9.1,8.9,9.09,8.8239,1059900
2018-04-02,9.05,9.29,9.02,9.24,8.9695,2429800
2018-04-03,9.3,9.78,9.29,9.71,9.4257,4132100
2018-04-04,9.59,9.7,9.47,9.65,9.3675,2496400
2018-04-05,9.64,10.07,9.63,9.98,9.6878,2674500
2018-04-06,9.94,10.06,9.76,9.81,9.5228,1918500
2018-04-09,9.9,10.07,9.73,9.78,9.4937,1365200
2018-04-10,9.96,10.12,9.92,9.97,9.6781,2348500
2018-04-11,9.92,10.14,9.91,10.03,9.7363,1157300
2018-04-12,10.02,10.12,9.93,9.94,9.649,1139500
2018-04-13,9.99,10.08,9.85,9.94,9.649,1520200
2018-04-16,9.95,10.64,9.8,10.25,9.9499,8171200
2018-04-17,10.31,10.43,10.15,10.4,10.0955,2456700
2018-04-18,10.47,10.62,10.29,10.55,10.2411,2929500
2018-04-19,10.58,10.66,10.47,10.6,10.2896,1679000
2018-04-20,10.57,10.67,10.42,10.57,10.2605,2565500
2018-04-23,10.47,10.56,10.21,10.23,9.9305,3308700
2018-04-24,10.29,10.34,10.11,10.18,9.8819,1709700
2018-04-25,10.12,10.25,10.12,10.2,9.9014,1772000
2018-04-26,10.2,10.2,9.95,10.07,9.7752,1983100
2018-04-27,10.29,10.43,9.91,10.38,10.0761,2613800
2018-04-30,10.34,10.64,10.22,10.53,10.2217,1993100
2018-05-01,10.54,11.26,10.5,11.15,10.8235,5485200
2018-05-02,11.08,11.67,11.08,11.4,11.0662,6055000
2018-05-03,11.44,11.45,11.05,11.21,10.8818,2885100
2018-05-04,11.04,11.28,11.04,11.24,10.9109,2413200
2018-05-07,11.25,11.55,11.24,11.31,10.9789,1621100
2018-05-08,11.31,11.48,11.2,11.28,10.9497,1864300
2018-05-09,11.38,11.56,11.36,11.4,11.0662,1338200
2018-05-10,11.45,11.52,11.37,11.46,11.1245,1091500
2018-05-11,11.45,11.55,11.38,11.51,11.173,1925700
2018-05-14,11.5,11.68,11.5,11.55,11.2118,1498600
2018-05-15,11.51,11.51,11.29,11.46,11.1245,1584900
2018-05-16,11.51,11.53,11.38,11.48,11.1439,1309800
2018-05-17,11.49,11.57,11.41,11.44,11.1051,1285000
2018-05-18,11.36,11.42,11.21,11.36,11.0274,1346600
2018-05-21,11.38,11.41,11.29,11.38,11.0468,744400
2018-05-22,11.21,11.21,10.54,10.62,10.3091,5378500
2018-05-23,10.5,10.75,10.49,10.68,10.3673,1481400
2018-05-24,10.59,10.73,10.58,10.64,10.3285,882200
2018-05-25,10.54,10.77,10.46,10.62,10.3091,1557100
2018-05-29,10.47,10.6,10.41,10.53,10.2217,1633800
2018-05-30,10.56,10.91,10.54,10.86,10.542,1319200
2018-05-31,10.75,10.86,10.31,10.33,10.0275,2610500
2018-06-01,10.4,10.55,10.36,10.45,10.144,1454400
2018-06-04,10.55,11.0,10.52,10.96,10.6391,3098300
2018-06-05,10.94,11.59,10.92,11.34,11.008,5833900
2018-06-06,11.54,12.12,11.42,12.11,11.7554,5935200
2018-06-07,12.12,12.16,11.57,11.75,11.406,3888100
2018-06-08,11.75,12.08,11.68,11.68,11.338,3085300
2018-06-11,11.64,11.93,11.64,11.72,11.3769,1489700
2018-06-12,11.72,12.07,11.71,11.86,11.5128,2259400
2018-06-13,11.95,12.06,11.9,11.99,11.6389,2502500
2018-06-14,12.02,12.19,11.98,12.1,11.7457,1711700
2018-06-15,12.0,12.02,11.59,11.82,11.4739,2094000
2018-06-18,11.78,11.87,11.55,11.67,11.3283,3143500
2018-06-19,11.47,11.58,11.31,11.36,11.0274,2695100
2018-06-20,11.47,11.62,11.42,11.48,11.1439,2122900
2018-06-21,11.48,11.48,11.05,11.1,10.775,2001800
2018-06-22,11.4,11.4,11.19,11.34,11.008,1531300
2018-06-25,11.31,11.31,11.1,11.16,10.8332,1631800
2018-06-26,10.8,11.12,10.73,11.07,10.7459,1943400
2018-06-27,11.08,11.29,11.06,11.06,10.7362,2339500
2018-06-28,11.07,11.17,10.95,11.07,10.7459,1555800
2018-06-29,11.18,11.39,11.16,11.25,10.9206,1278300
2018-07-02,11.08,11.23,11.07,11.19,10.8624,778000
2018-07-03,11.3,11.37,11.04,11.13,10.8041,895700
2018-07-05,11.2,11.32,10.68,10.83,10.5129,2779100
2018-07-06,10.79,10.98,10.76,10.97,10.6488,1438700
2018-07-09,11.09,11.1,10.95,11.08,10.7556,851500
2018-07-10,10.96,11.13,10.95,11.12,10.7944,841800
2018-07-11,10.97,11.15,10.85,10.86,10.542,1200400
2018-07-12,10.97,11.0,10.84,10.88,10.5614,1050400
2018-07-13,10.86,11.02,10.85,10.96,10.6391,1171100
2018-07-16,10.93,10.94,10.62,10.78,10.4644,2439800
2018-07-17,10.76,11.04,10.7,10.94,10.6197,1968000
2018-07-18,11.01,11.14,10.52,10.87,10.5517,3676700
2018-07-19,10.65,10.87,10.53,10.6,10.2896,1265800
2018-07-20,10.56,11.2,10.52,11.16,10.8332,2839900
2018-07-23,11.16,11.21,10.94,10.98,10.6585,1227900
2018-07-24,11.03,11.13,10.78,10.87,10.5517,1845900
2018-07-25,10.79,11.11,10.75,10.92,10.6003,3008200
2018-07-26,10.73,12.15,10.73,11.29,10.9594,5982400
2018-07-27,11.14,11.16,10.64,10.83,10.5129,4766000
2018-07-30,10.87,10.92,10.56,10.64,10.3285,2596300
2018-07-31,10.63,10.81,10.45,10.8,10.4838,2182900
2018-08-01,10.7,10.91,10.53,10.87,10.5517,2437300
2018-08-02,10.77,11.18,10.68,11.11,10.7847,1959100
2018-08-03,11.12,11.21,10.95,11.17,10.843,1737600
2018-08-06,11.16,11.29,11.1,11.14,10.8138,1061600
2018-08-07,11.17,11.18,10.99,11.02,10.6973,1206900
2018-08-08,11.07,11.11,10.89,11.11,10.7847,1458800
2018-08-09,11.1,11.16,11.02,11.04,10.7168,1007200
2018-08-10,10.98,11.08,10.74,10.77,10.4547,1896400
2018-08-13,10.73,10.79,10.46,10.47,10.1635,1251600
2018-08-14,10.59,10.83,10.56,10.74,10.4255,1673400
2018-08-15,10.48,10.63,10.21,10.31,10.0081,2066900
2018-08-16,10.32,10.58,10.32,10.42,10.1149,1431500
2018-08-17,10.39,10.44,10.26,10.36,10.0567,968100
2018-08-20,10.37,10.41,10.26,10.27,9.9693,1287100
2018-08-21,10.31,10.36,10.13,10.15,9.8528,1659700
2018-08-22,10.17,10.48,10.17,10.42,10.1149,2156100
2018-08-23,10.35,10.44,10.26,10.35,10.047,1618400
2018-08-24,10.41,10.5,10.27,10.3,9.9984,1046800
2018-08-27,10.33,10.57,10.3,10.51,10.2023,1506100
2018-08-28,10.63,10.69,10.33,10.43,10.1246,1828500
2018-08-29,10.48,10.58,10.42,10.47,10.1635,1040400
2018-08-30,10.42,10.48,10.32,10.38,10.0761,828400
2018-08-31,10.3,10.45,10.3,10.41,10.1052,1938300
2018-09-04,10.33,10.33,10.08,10.11,9.814,1732300
2018-09-05,10.07,10.07,9.69,9.97,9.6781,3478200
2018-09-06,9.97,10.09,9.7,9.76,9.4742,1684800
2018-09-07,9.68,9.75,9.39,9.72,9.4354,1996900
2018-09-10,9.75,9.81,9.39,9.42,9.1442,2142100
2018-09-11,9.4,9.63,9.39,9.49,9.2121,1871400
2018-09-12,9.5,9.71,9.49,9.69,9.4063,1628500
2018-09-13,9.7,9.78,9.58,9.67,9.3869,1043100
2018-09-14,9.64,9.77,9.6,9.67,9.3869,1027400
2018-09-17,9.68,9.91,9.62,9.64,9.3578,1753600
2018-09-18,9.72,9.73,9.59,9.68,9.3966,1438500
2018-09-19,9.7,9.78,9.65,9.68,9.3966,1714400
2018-09-20,9.74,10.04,9.69,9.98,9.6878,1928100
2018-09-21,10.01,10.1,9.88,9.92,9.6296,1263000
2018-09-24,9.96,9.97,9.79,9.85,9.5616,1319700
2018-09-25,9.91,9.96,9.79,9.81,9.5228,817900
2018-09-26,9.86,9.99,9.48,9.83,9.5422,3422000
2018-09-27,11.47,11.96,11.02,11.34,11.008,14885400
2018-09-28,11.34,11.6,11.28,11.4,11.0662,5019300
2018-10-01,11.49,11.57,11.22,11.24,10.9109,2166400
2018-10-02,11.24,11.45,11.17,11.44,11.1051,2467100
2018-10-03,11.42,11.89,11.39,11.65,11.3089,3602800
2018-10-04,11.67,12.34,11.6,12.23,11.8719,6092500
2018-10-05,12.12,12.38,12.07,12.08,11.7263,3517100
2018-10-08,12.02,12.06,11.76,12.04,11.6875,1236600
2018-10-09,12.03,12.21,11.85,12.09,11.736,1333200
2018-10-10,11.97,12.07,11.68,11.7,11.3574,2480800
2018-10-11,11.54,11.82,11.29,11.6,11.2604,4402100
2018-10-12,11.74,11.75,11.45,11.5,11.1633,3325600
2018-10-15,11.56,11.64,11.36,11.57,11.2312,3139400
2018-10-16,11.57,11.95,11.56,11.79,11.4448,1515900
2018-10-17,11.73,11.88,11.69,11.84,11.4933,1090900
2018-10-18,11.75,11.86,11.55,11.56,11.2215,950100
2018-10-19,11.49,11.72,11.4,11.49,11.1536,1596800
2018-10-22,11.5,11.58,11.35,11.48,11.1439,1011200
2018-10-23,11.26,11.26,11.02,11.18,10.8527,1632200
2018-10-24,11.11,11.21,10.89,10.9,10.5809,2049900
2018-10-25,10.96,11.02,10.79,11.0,10.6779,1609400
2018-10-26,10.71,10.89,10.37,10.61,10.2994,3173800
2018-10-29,10.72,10.87,10.3,10.41,10.1052,1740300
2018-10-30,10.31,10.48,10.19,10.47,10.1635,1824400
2018-10-31,10.56,10.99,10.5,10.72,10.4061,2807500
2018-11-01,10.83,11.1,10.82,11.06,10.7362,3204600
2018-11-02,11.4,11.42,10.76,11.14,10.8138,2345600
2018-11-05,11.34,12.22,11.31,12.1,11.7457,5464500
2018-11-06,12.09,12.71,12.06,12.5,12.134,6481800
2018-11-07,12.6,12.78,12.41,12.48,12.1146,3330600
2018-11-08,12.44,12.55,12.11,12.15,11.7943,2177200
2018-11-09,12.01,12.18,11.85,11.97,11.6195,3692600
2018-11-12,12.03,12.05,11.77,11.78,11.4351,1590200
2018-11-13,11.77,11.93,11.58,11.68,11.338,1902600
2018-11-14,11.76,11.88,11.25,11.35,11.0177,2853500
2018-11-15,11.37,11.98,11.35,11.88,11.5322,2261800
2018-11-16,11.84,12.06,11.8,11.92,11.571,1454600
2018-11-19,12.24,12.62,12.21,12.24,11.8816,3091600
2018-11-20,12.08,12.19,11.79,11.82,11.4739,2483800
2018-11-21,11.97,12.09,11.86,11.91,11.5613,1192000
2018-11-23,11.8,11.8,11.5,11.66,11.3186,916200
2018-11-26,11.86,12.01,11.73,11.78,11.4351,1617200
2018-11-27,11.72,11.77,11.46,11.55,11.2118,1281200
2018-11-28,11.53,12.27,11.47,12.16,11.804,3128900
2018-11-29,12.1,12.16,11.79,11.93,11.6381,1494500
2018-11-30,11.81,11.99,11.68,11.88,11.5894,1599900
2018-12-03,12.19,12.29,11.97,12.13,11.8332,1762700
2018-12-04,12.09,12.21,11.83,11.88,11.5894,1705500
2018-12-06,11.64,11.78,11.28,11.78,11.4918,2069900
2018-12-07,11.89,12.09,11.46,11.51,11.2284,1872900
2018-12-10,11.4,11.82,11.34,11.69,11.404,2430600
2018-12-11,11.87,11.94,11.56,11.67,11.3845,1504200
2018-12-12,11.86,12.18,11.75,12.03,11.7357,2346300
2018-12-13,12.09,12.24,11.85,12.03,11.7357,2154100
2018-12-14,11.97,12.15,11.87,11.96,11.6674,3962100
2018-12-17,11.88,11.9,11.33,11.42,11.1406,2348000
2018-12-18,11.5,11.52,11.31,11.38,11.1016,1492300
2018-12-19,11.51,11.66,11.0,11.03,10.7601,1874000
2018-12-20,10.97,11.13,10.67,10.91,10.6431,2696900
2018-12-21,10.86,11.08,10.73,10.8,10.5358,3648100
2018-12-24,10.76,10.9,10.61,10.75,10.487,998400
2018-12-26,10.75,11.34,10.72,11.32,11.0431,1516000
2018-12-27,10.88,11.1,10.73,11.1,10.8284,2415500
2018-12-28,11.19,11.31,11.08,11.15,10.8772,1470000
2018-12-31,11.23,11.44,11.18,11.35,11.0723,1095200
2019-01-02,11.09,11.5,10.95,11.39,11.1113,1714700
2019-01-03,11.37,11.43,11.15,11.29,11.0138,1372100
2019-01-04,11.52,11.7,11.46,11.57,11.2869,1979500
2019-01-07,11.61,11.75,11.41,11.71,11.4235,1713500
2019-01-08,11.77,12.12,11.72,12.01,11.7162,2244600
2019-01-09,12.12,12.3,12.05,12.21,11.9113,1653300
2019-01-10,12.03,12.33,11.9,12.28,11.9796,1655100
2019-01-11,12.18,12.29,12.08,12.12,11.8235,1077000
2019-01-14,12.02,12.21,11.98,12.12,11.8235,1288000
2019-01-15,12.09,12.41,12.08,12.41,12.1064,3202800
2019-01-16,12.41,12.47,12.32,12.4,12.0966,1506700
2019-01-17,12.35,12.35,11.79,11.83,11.5406,4290300
2019-01-18,11.94,11.94,11.67,11.86,11.5698,2003000
2019-01-22,11.71,11.8,11.53,11.57,11.2869,2042000
2019-01-23,11.67,11.67,11.46,11.5,11.2186,1830400
2019-01-24,11.51,11.67,11.5,11.66,11.3747,1263300
2019-01-25,11.76,12.11,11.76,12.11,11.8137,1422400
2019-01-28,12.0,12.07,11.91,12.05,11.7552,1479100
2019-01-29,12.15,12.43,12.15,12.33,12.0283,1887100
2019-01-30,12.44,12.45,11.71,12.04,11.7454,3685400
2019-01-31,12.1,12.33,12.06,12.12,11.8235,1482800
2019-02-01,12.22,12.22,12.02,12.11,11.8137,1032100
2019-02-04,12.03,12.78,11.94,12.78,12.4673,3870100
2019-02-05,12.8,13.04,12.61,12.94,12.6234,3465300
2019-02-06,12.98,12.98,12.66,12.69,12.3795,2613500
2019-02-07,12.61,12.78,12.53,12.69,12.3795,1846800
2019-02-08,12.67,12.72,12.28,12.34,12.0381,2553600
2019-02-11,12.49,12.82,12.23,12.32,12.0186,3485000
2019-02-12,12.37,12.5,12.11,12.12,11.8235,2228400
2019-02-13,12.2,12.24,12.08,12.16,11.8625,1421800
2019-02-14,12.11,12.27,12.06,12.17,11.8723,1231500
2019-02-15,12.26,12.33,12.22,12.31,12.0088,1367900
2019-02-19,12.27,12.27,11.84,11.85,11.5601,3007300
2019-02-20,11.85,12.07,11.82,12.03,11.7357,1866400
2019-02-21,11.96,12.09,11.87,12.08,11.7845,1329900
2019-02-22,12.17,12.33,12.1,12.25,11.9503,1300900
2019-02-25,12.27,12.39,12.07,12.13,11.8332,2255100
2019-02-26,12.14,12.21,11.93,11.95,11.6576,1460900
2019-02-27,11.97,12.01,11.83,11.87,11.5796,1595800
2019-02-28,11.87,11.87,11.52,11.59,11.3064,2053200
2019-03-01,11.66,11.69,11.44,11.53,11.2479,1399100
2019-03-04,11.59,11.69,11.33,11.5,11.2186,1797800
2019-03-05,11.5,11.62,11.47,11.6,11.3162,1595200
2019-03-06,11.6,11.86,11.57,11.72,11.4333,1566900
2019-03-07,11.78,11.78,11.5,11.59,11.3064,1468100
2019-03-08,11.48,11.67,11.29,11.66,11.3747,1692200
2019-03-11,11.67,11.94,11.66,11.88,11.5894,1688200
2019-03-12,11.9,11.96,11.72,11.9,11.6089,1371000
2019-03-13,11.95,12.02,11.85,12.0,11.7064,1291400
2019-03-14,12.0,12.31,11.9,12.22,11.921,3728900
2019-03-15,12.21,12.47,12.19,12.42,12.1161,2506700
2019-03-18,12.46,12.59,12.28,12.3,11.9991,1873700
2019-03-19,12.39,12.48,12.18,12.22,11.921,1203600
2019-03-20,12.2,12.27,12.02,12.17,11.8723,944800
2019-03-21,12.15,12.27,12.08,12.11,11.8137,1217900
2019-03-22,12.03,12.05,11.73,11.81,11.5211,1634300
2019-03-25,11.81,12.04,11.63,11.85,11.5601,1786400
2019-03-26,11.93,12.03,11.8,11.92,11.6284,1097900
2019-03-27,11.92,12.11,11.78,11.88,11.5894,1188200
2019-03-28,11.88,11.97,11.79,11.91,11.6186,1120400
2019-03-29,11.97,11.99,11.75,11.79,11.5016,1296900
2019-04-01,11.89,11.89,11.74,11.85,11.5601,1756300
2019-04-02,11.87,11.89,11.65,11.7,11.4138,1345300
2019-04-03,11.76,11.86,11.52,11.58,11.2967,3047700
2019-04-04,11.64,11.75,11.48,11.57,11.2869,1827600
2019-04-05,11.57,11.64,11.51,11.63,11.3455,2268100
2019-04-08,11.67,11.99,11.67,11.85,11.5601,1769200
2019-04-09,11.8,11.94,11.77,11.85,11.5601,1141200
2019-04-10,11.9,12.0,11.76,11.87,11.5796,2112100
2019-04-11,11.77,11.97,11.54,11.96,11.6674,2379700
2019-04-12,12.05,12.12,11.75,11.77,11.482,1389100
2019-04-15,11.77,11.78,11.61,11.67,11.3845,1563500
2019-04-16,11.71,11.71,11.56,11.62,11.3357,1152900
2019-04-17,11.68,11.81,11.66,11.77,11.482,1399000
2019-04-18,11.73,11.87,11.59,11.79,11.5016,1381600
2019-04-22,11.8,11.92,11.7,11.89,11.5991,831800
2019-04-23,11.84,11.94,11.78,11.86,11.5698,1118500
2019-04-24,11.84,11.85,11.45,11.47,11.1894,1671800
2019-04-25,11.42,11.45,11.09,11.21,10.9357,2986300
2019-04-26,11.22,11.36,11.2,11.25,10.9748,1227300
2019-04-29,11.23,11.28,11.06,11.07,10.7992,2297600
2019-04-30,11.08,11.21,10.9,11.04,10.7699,2311200
2019-05-01,10.86,11.11,10.35,10.89,10.6236,3147600
2019-05-02,10.88,10.97,10.44,10.58,10.3212,3847200
2019-05-03,10.63,10.94,10.58,10.89,10.6236,2294800
2019-05-06,10.7,10.8,10.5,10.76,10.4968,1823800
2019-05-07,10.6,10.66,10.36,10.52,10.2626,2230500
2019-05-08,10.42,10.57,10.21,10.29,10.0383,2880300
2019-05-09,10.23,10.41,10.15,10.37,10.1163,2816000
2019-05-10,10.48,10.52,10.2,10.34,10.087,2738800
2019-05-13,10.12,10.24,9.97,10.18,9.9309,2882300
2019-05-14,10.23,10.24,10.04,10.12,9.8724,1351700
2019-05-15,10.09,10.11,9.98,10.04,9.7944,1148900
2019-05-16,10.03,10.21,10.01,10.19,9.9407,1431500
2019-05-17,10.15,10.22,10.05,10.1,9.8529,1377200
2019-05-20,10.05,10.28,10.05,10.27,10.0187,1675100
2019-05-21,10.3,10.45,10.27,10.4,10.1456,2880800
2019-05-22,10.36,10.39,10.12,10.17,9.9212,2238000
2019-05-23,10.05,10.22,10.01,10.21,9.9602,1861800
2019-05-24,10.32,10.34,10.01,10.03,9.7846,1810400
2019-05-28,10.03,10.25,10.02,10.08,9.8334,1687000
2019-05-29,10.01,10.11,9.96,10.1,9.8529,2720000
2019-05-30,10.08,10.18,9.97,10.03,9.7846,1448200
2019-05-31,9.94,10.13,9.91,10.09,9.8431,1802600
2019-06-03,10.17,10.36,10.16,10.32,10.0675,1557300
2019-06-04,10.34,10.63,10.24,10.3,10.048,3255300
2019-06-05,10.31,10.4,10.08,10.13,9.8822,1618200
2019-06-06,10.15,10.17,10.03,10.11,9.8627,1808500
2019-06-07,10.2,10.28,10.11,10.27,10.0187,1311800
2019-06-10,10.27,10.35,10.14,10.18,9.9309,1314300
2019-06-11,10.28,10.37,10.18,10.2,9.9505,863700
2019-06-12,10.14,10.26,10.09,10.21,9.9602,1801200
2019-06-13,10.25,10.51,10.25,10.4,10.1456,2148300
2019-06-14,10.32,10.42,10.29,10.32,10.0675,1175400
2019-06-17,10.3,10.35,10.21,10.24,9.9895,1150000
2019-06-18,10.34,10.42,10.23,10.42,10.1651,1147900
2019-06-19,10.37,10.47,10.28,10.41,10.1553,1335600
2019-06-20,10.52,10.71,10.5,10.58,10.3212,2716800
2019-06-21,10.59,10.71,10.48,10.63,10.3699,3536700
2019-06-24,10.69,10.78,10.57,10.6,10.3407,1876400
2019-06-25,10.57,10.57,10.4,10.41,10.1553,1501200
2019-06-26,10.46,10.6,10.35,10.55,10.2919,1806700
2019-06-27,10.54,10.57,10.29,10.45,10.1943,1620300
2019-06-28,10.44,10.74,10.36,10.73,10.4675,2012600
2019-07-01,10.76,10.78,10.59,10.76,10.4968,1316400
2019-07-02,10.77,10.8,10.65,10.74,10.4772,1291500
2019-07-03,10.8,10.8,10.67,10.79,10.526,746800
2019-07-05,10.73,10.82,10.67,10.81,10.5455,1248900
2019-07-08,10.81,10.86,10.67,10.81,10.5455,1042600
2019-07-09,10.75,10.84,10.66,10.83,10.565,1236900
2019-07-10,10.85,10.96,10.69,10.7,10.4382,1095600
2019-07-11,10.67,10.74,10.52,10.64,10.3797,1203000
2019-07-12,10.64,11.19,10.59,11.1,10.8284,6724200
2019-07-15,10.99,10.99,9.91,10.22,9.97,10726100
2019-07-16,10.21,10.44,10.01,10.06,9.8139,5246800
2019-07-17,10.09,10.22,9.97,10.09,9.8431,2128400
2019-07-18,10.07,10.27,10.04,10.26,10.009,2946200
2019-07-19,10.22,10.35,10.16,10.23,9.9797,1987900
2019-07-22,10.21,10.36,10.05,10.33,10.0773,3147500
2019-07-23,10.31,10.31,10.03,10.06,9.8139,2577500
2019-07-24,10.01,10.12,9.93,9.93,9.6871,2531400
2019-07-25,9.94,9.96,9.1,9.19,8.9652,7091500
2019-07-26,9.2,9.31,8.99,9.22,8.9944,4494700
2019-07-29,9.28,9.29,9.01,9.12,8.8969,2641900
2019-07-30,9.03,9.21,9.02,9.19,8.9652,1645600
2019-07-31,9.15,9.31,9.08,9.19,8.9652,2239100
2019-08-01,9.15,9.19,8.92,8.99,8.7701,2674800
2019-08-02,8.92,9.02,8.79,8.88,8.6627,2714800
2019-08-05,8.79,8.8,8.52,8.67,8.4579,2963000
2019-08-06,8.69,8.83,8.55,8.78,8.5652,3475300
2019-08-07,8.65,8.73,8.54,8.72,8.5067,2972300
2019-08-08,8.73,8.84,8.65,8.8,8.5847,1504400
2019-08-09,8.78,8.86,8.54,8.61,8.3994,2544300
2019-08-12,8.61,8.62,8.39,8.59,8.3798,1925500
2019-08-13,8.55,8.56,8.35,8.47,8.2628,1766900
2019-08-14,8.35,8.43,8.1,8.16,7.9604,2211500
2019-08-15,8.18,8.24,8.06,8.13,7.9311,2444600
2019-08-16,8.2,8.29,8.03,8.24,8.0384,2297300
2019-08-19,8.31,8.63,8.31,8.62,8.4091,3029000
2019-08-20,8.71,8.77,8.56,8.74,8.5262,3732600
2019-08-21,8.8,8.98,8.76,8.98,8.7603,2658800
2019-08-22,8.97,9.05,8.75,8.79,8.575,3483600
2019-08-23,8.78,8.78,8.41,8.42,8.214,2641800
2019-08-26,8.45,8.51,8.39,8.46,8.253,1322800
2019-08-27,8.48,8.54,8.3,8.41,8.2042,1451800
2019-08-28,8.48,8.64,8.32,8.56,8.3506,1772600
2019-08-29,8.65,8.71,8.57,8.59,8.3798,1260600
2019-08-30,8.69,8.81,8.63,8.77,8.5554,1487800
2019-09-03,8.65,8.81,8.63,8.72,8.5067,1264600
2019-09-04,8.84,8.97,8.8,8.85,8.6335,1159800
2019-09-05,8.96,9.17,8.86,9.0,8.7798,2247900
2019-09-06,8.94,9.17,8.81,9.03,8.8091,3553800
2019-09-09,9.06,9.12,8.95,9.1,8.8774,2223000
2019-09-10,9.12,9.23,9.07,9.12,8.8969,2243900
2019-09-11,9.16,9.48,9.13,9.42,9.1895,3874400
2019-09-12,9.35,9.6,9.31,9.57,9.3359,3148800
2019-09-13,9.61,9.72,9.47,9.69,9.4529,2003600
2019-09-16,9.79,9.81,9.51,9.59,9.3554,2310000
2019-09-17,9.48,9.7,9.47,9.62,9.3846,1387600
2019-09-18,9.55,9.62,9.32,9.39,9.1603,1287400
2019-09-19,9.43,9.45,9.26,9.27,9.0432,2214700
2019-09-20,9.28,9.4,9.21,9.35,9.1213,1665500
2019-09-23,9.31,9.54,9.31,9.53,9.2968,1335400
2019-09-24,9.51,9.56,9.37,9.55,9.3164,1807300
2019-09-25,9.46,9.78,9.45,9.75,9.5115,2456900
2019-09-26,9.72,9.72,9.56,9.65,9.4139,2512300
2019-09-27,9.59,9.65,9.52,9.59,9.3554,1153800
2019-09-30,9.54,9.6,9.43,9.5,9.2676,1595800
2019-10-01,9.43,9.54,9.11,9.24,9.0139,2580200
2019-10-02,9.17,9.32,9.09,9.29,9.0627,1985500
2019-10-03,9.25,9.41,9.23,9.35,9.1213,1578900
2019-10-04,9.33,9.46,9.3,9.34,9.1115,1434200
2019-10-07,9.35,9.46,9.24,9.38,9.1505,1503000
2019-10-08,9.33,9.35,9.13,9.29,9.0627,1421400
2019-10-09,9.33,9.34,9.2,9.24,9.0139,1606500
2019-10-10,9.31,9.65,9.28,9.56,9.3261,3459900
2019-10-11,9.65,9.72,9.36,9.38,9.1505,1796500
2019-10-14,9.28,9.36,9.18,9.29,9.0627,1588300
2019-10-15,9.36,9.48,9.26,9.27,9.0432,1533300
2019-10-16,9.29,9.34,9.2,9.29,9.0627,1444200
2019-10-17,9.41,9.46,9.06,9.07,8.8481,1705100
2019-10-18,9.08,9.28,9.02,9.19,8.9652,1422400
2019-10-21,9.28,9.35,9.17,9.2,8.9749,1591100
2019-10-22,9.23,9.32,9.1,9.11,8.8871,2765700
2019-10-23,9.17,9.36,9.15,9.32,9.092,2692900
2019-10-24,9.25,9.33,9.05,9.1,8.8774,2360600
2019-10-25,9.09,9.25,9.09,9.13,8.9066,2102200
2019-10-28,9.2,9.26,9.1,9.12,8.8969,1887600
2019-10-29,9.1,9.18,8.94,9.1,8.8774,2901400
2019-10-30,9.1,9.34,8.98,9.12,8.8969,3842000
2019-10-31,9.11,9.11,8.81,8.93,8.7115,3676000
2019-11-01,8.72,9.28,8.71,9.21,8.9847,3787100
2019-11-04,9.32,10.01,9.31,10.0,9.7553,3976400
2019-11-05,10.04,10.09,9.72,9.81,9.57,2602800
2019-11-06,9.78,9.78,9.55,9.55,9.3164,1414900
2019-11-07,9.63,9.74,9.52,9.63,9.3944,1235000
2019-11-08,9.58,9.82,9.52,9.59,9.3554,1790300
2019-11-11,9.5,9.64,9.46,9.59,9.3554,728700
2019-11-12,9.62,9.65,9.45,9.5,9.2676,770900
2019-11-13,9.47,9.47,9.3,9.36,9.131,902900
2019-11-14,9.34,9.41,9.3,9.37,9.1408,659700
2019-11-15,9.4,9.6,9.4,9.56,9.3261,849900
2019-11-18,9.6,9.6,9.22,9.26,9.0335,1537200
2019-11-19,9.3,9.43,9.22,9.41,9.1798,1132900
2019-11-20,9.4,9.69,9.37,9.64,9.4042,2311800
2019-11-21,9.65,9.71,9.43,9.62,9.3846,1283600
2019-11-22,9.66,9.69,9.43,9.46,9.2286,1095000
2019-11-25,9.46,9.49,9.35,9.38,9.1505,1196600
2019-11-26,9.35,9.39,9.22,9.31,9.1407,766100
2019-11-27,9.25,9.39,9.25,9.39,9.2192,1067500
2019-11-29,9.35,9.35,9.24,9.25,9.0818,606900
2019-12-02,9.17,9.22,9.03,9.13,8.964,1596200
2019-12-03,9.1,9.2,9.03,9.17,9.0032,1312400
2019-12-04,9.24,9.4,9.21,9.35,9.18,2752400
2019-12-05,9.4,9.45,9.16,9.29,9.1211,1809600
2019-12-06,9.37,9.83,9.3,9.77,9.5923,4164600
2019-12-09,9.71,9.8,9.1,9.12,8.9542,4292700
2019-12-10,9.12,9.15,8.85,8.96,8.7971,2086700
2019-12-11,9.02,9.26,9.0,9.1,8.9345,2351400
2019-12-12,9.13,9.33,9.12,9.27,9.1014,2077400
2019-12-13,9.25,9.27,9.04,9.12,8.9542,1794600
2019-12-16,9.25,9.42,8.9,8.92,8.7578,2200800
2019-12-17,8.98,8.99,8.65,8.73,8.5712,3315200
2019-12-18,8.77,8.87,8.65,8.76,8.6007,2138200
2019-12-19,8.7,8.85,8.68,8.8,8.64,1692900
2019-12-20,8.75,8.8,8.61,8.64,8.4829,3928200
2019-12-23,8.62,8.88,8.62,8.85,8.6891,3171300
2019-12-24,8.87,8.94,8.8,8.86,8.6989,1062000
2019-12-26,8.9,9.01,8.86,8.92,8.7578,1341000
2019-12-27,8.9,8.92,8.81,8.83,8.6694,1561900
2019-12-30,8.83,8.97,8.81,8.9,8.7382,1880200
2019-12-31,8.89,8.96,8.8,8.9,8.7382,1492700
2020-01-02,8.9,8.96,8.85,8.94,8.7774,1417200
2020-01-03,8.92,9.06,8.85,9.05,8.8854,1945600
2020-01-06,9.1,9.34,9.03,9.2,9.0327,3638900
2020-01-07,9.14,9.2,8.95,9.01,8.8462,1974600
2020-01-08,9.01,9.12,8.9,8.9,8.7382,1207500
2020-01-09,8.9,8.9,8.56,8.61,8.4534,3278500
2020-01-10,8.65,9.04,8.65,8.95,8.7872,3162100
2020-01-13,8.97,9.1,8.91,9.1,8.9345,2014100
2020-01-14,9.11,9.18,8.9,8.99,8.8265,1577600
2020-01-15,8.99,9.02,8.77,8.77,8.6105,2249500
2020-01-16,8.84,8.97,8.79,8.9,8.7382,1954900
2020-01-17,8.98,9.0,8.8,8.88,8.7185,2078900
2020-01-21,8.85,8.87,8.65,8.75,8.5909,2228500
2020-01-22,8.78,8.79,8.54,8.64,8.4829,2829500
2020-01-23,8.55,8.57,8.47,8.54,8.3847,1971200
2020-01-24,8.51,8.54,8.31,8.42,8.2669,1976700
2020-01-27,8.26,8.31,8.12,8.23,8.0803,2919000
2020-01-28,8.25,8.38,8.23,8.35,8.1982,1668700
2020-01-29,8.35,8.4,8.29,8.38,8.2276,1650400
2020-01-30,8.3,8.35,8.14,8.34,8.1883,2823200
2020-01-31,8.29,8.34,8.05,8.07,7.9232,3136200
2020-02-03,8.07,8.31,8.0,8.3,8.1491,3442300
2020-02-04,8.44,8.73,8.44,8.7,8.5418,2964900
2020-02-05,8.77,8.79,8.52,8.77,8.6105,1994900
2020-02-06,8.8,8.8,8.53,8.65,8.4927,1630200
2020-02-07,8.83,9.25,8.45,8.57,8.4142,5158100
2020-02-10,8.51,8.83,8.42,8.8,8.64,3569900
2020-02-11,8.86,9.35,8.83,9.23,9.0622,5107500
2020-02-12,9.3,9.59,9.26,9.5,9.3272,3332200
2020-02-13,9.44,9.45,9.25,9.31,9.1407,1418600
2020-02-14,9.31,9.4,9.24,9.24,9.072,1235800
2020-02-18,9.21,9.31,9.15,9.27,9.1014,1805100
2020-02-19,9.31,9.37,9.21,9.21,9.0425,1358600
2020-02-20,9.19,9.28,9.06,9.07,8.9051,1563000
2020-02-21,9.03,9.08,8.89,9.04,8.8756,1921900
2020-02-24,8.74,8.93,8.64,8.89,8.7283,1968600
2020-02-25,8.87,8.88,8.59,8.6,8.4436,2428000
2020-02-26,8.69,8.72,8.49,8.52,8.3651,2215000
2020-02-27,8.36,8.46,8.14,8.31,8.1589,2399500
2020-02-28,8.11,8.68,8.0,8.68,8.5222,5378200
2020-03-02,8.71,8.75,8.33,8.61,8.4534,3956300
2020-03-03,8.62,8.87,8.39,8.67,8.5123,3224100
2020-03-04,8.8,8.87,8.67,8.7,8.5418,3021700
2020-03-05,8.54,8.84,8.49,8.8,8.64,2274000
2020-03-06,8.61,8.62,8.35,8.48,8.3258,2790300
2020-03-09,7.9,7.93,7.13,7.16,7.0298,3910200
2020-03-10,7.47,7.5,6.91,7.43,7.2949,3186100
2020-03-11,7.3,7.3,6.81,7.02,6.8923,3079200
2020-03-12,6.5,6.68,6.0,6.44,6.3229,3574200
2020-03-13,6.71,6.79,6.37,6.73,6.6076,3651400
2020-03-16,6.01,6.35,5.82,6.25,6.1363,3334900
2020-03-17,6.3,6.57,6.1,6.55,6.4309,2726900
2020-03-18,6.09,6.37,5.3,5.5,5.4,3597600
2020-03-19,5.57,6.09,5.36,6.04,5.9302,2604700
2020-03-20,6.14,6.48,6.1,6.3,6.1854,3532800
2020-03-23,6.21,6.47,6.13,6.21,6.0971,2347400
2020-03-24,6.66,6.76,6.14,6.7,6.5782,3839200
2020-03-25,6.78,6.78,6.25,6.43,6.3131,5953800
2020-03-26,6.46,6.66,6.07,6.64,6.5193,10254600
2020-03-27,6.43,6.97,6.35,6.92,6.7942,11271600
2020-03-30,6.95,7.41,6.72,7.38,7.2458,5184000
2020-03-31,7.48,7.87,7.2,7.64,7.5011,3925800
2020-04-01,7.54,7.92,7.36,7.75,7.6091,3614400
2020-04-02,7.88,8.25,7.55,8.04,7.8938,4377300
2020-04-03,8.0,8.56,7.8,8.55,8.3945,7212800
2020-04-06,8.4,8.92,8.36,8.9,8.7382,5311300
2020-04-07,9.04,9.54,8.9,9.02,8.856,6336800
2020-04-08,9.05,9.22,8.61,9.0,8.8363,4222600
2020-04-09,9.09,9.38,9.0,9.27,9.1014,2990600
2020-04-13,9.19,9.35,9.1,9.23,9.0622,3369400
2020-04-14,9.3,9.57,9.06,9.25,9.0818,3538400
2020-04-15,8.96,9.49,8.88,9.42,9.2487,3202000
2020-04-16,9.54,9.85,9.48,9.69,9.5138,4255300
2020-04-17,9.69,9.84,9.44,9.74,9.5629,5461200
2020-04-20,9.74,9.9,9.59,9.71,9.5334,3916900
2020-04-21,9.55,9.66,9.42,9.43,9.2585,2398500
2020-04-22,9.57,9.69,9.39,9.54,9.3665,3947800
2020-04-23,9.65,10.06,9.52,9.83,9.6512,8223400
2020-04-24,9.97,10.34,9.95,10.18,9.9949,5401400
2020-04-27,10.21,10.27,10.01,10.02,9.8378,3187900
2020-04-28,10.11,10.41,9.85,10.17,9.9851,2568000
2020-04-29,10.27,10.41,10.09,10.14,9.9556,3028600
2020-04-30,10.01,10.27,9.9,9.96,9.7789,2649100
2020-05-01,9.81,10.35,9.66,10.29,10.1029,3776100
2020-05-04,10.4,11.05,10.36,10.88,10.6821,6134000
2020-05-05,10.95,11.26,10.91,10.96,10.7607,3953000
2020-05-06,10.99,11.05,10.61,10.62,10.4269,2675300
2020-05-07,10.76,10.92,10.55,10.59,10.3974,3148000
2020-05-08,10.8,10.86,10.61,10.74,10.5447,2915900
2020-05-11,10.66,10.86,10.61,10.67,10.476,2448400
2020-05-12,10.65,10.88,10.62,10.65,10.4563,3561100
2020-05-13,10.73,10.78,10.17,10.26,10.0734,3293300
2020-05-14,10.1,10.12,9.74,9.79,9.612,5016000
2020-05-15,10.0,10.06,9.79,9.84,9.6611,3430700
2020-05-18,10.15,10.2,9.78,9.8,9.6218,2920100
2020-05-19,9.8,9.98,9.71,9.79,9.612,3364800
2020-05-20,9.97,10.1,9.83,10.07,9.8869,2947400
2020-05-21,10.13,10.16,9.79,9.87,9.6905,1399600
2020-05-22,9.78,9.98,9.74,9.95,9.7691,1244900
2020-05-26,10.1,10.29,10.06,10.29,10.1029,2199500
2020-05-27,10.39,10.66,10.15,10.64,10.4465,2786600
2020-05-28,10.65,10.73,10.44,10.55,10.3581,1609200
2020-05-29,10.56,10.9,10.5,10.87,10.6723,2211900
2020-06-01,10.87,10.98,10.61,10.69,10.4956,1835400
2020-06-02,10.73,10.88,10.61,10.84,10.6429,1910300
2020-06-03,10.89,10.89,10.52,10.61,10.4171,1896800
2020-06-04,10.51,10.6,10.24,10.28,10.0931,1935200
2020-06-05,10.49,10.56,10.22,10.26,10.0734,2363200
2020-06-08,10.37,10.49,10.21,10.43,10.2403,1857400
2020-06-09,10.25,10.79,10.14,10.75,10.5545,2425200
2020-06-10,10.8,10.8,10.38,10.45,10.26,1470600
2020-06-11,10.18,10.28,9.8,9.83,9.6512,2728900
2020-06-12,9.9,10.35,9.8,10.2,10.0145,7028300
2020-06-15,9.87,10.25,9.79,10.08,9.8967,1821800
2020-06-16,10.32,10.35,9.97,10.14,9.9556,2108500
2020-06-17,10.13,10.4,10.1,10.12,9.936,1934600
2020-06-18,10.03,10.4,10.02,10.33,10.1421,1517000
2020-06-19,10.49,10.53,9.97,10.31,10.1225,4286500
2020-06-22,10.32,10.32,10.04,10.1,9.9163,1771700
2020-06-23,10.18,10.23,10.0,10.07,9.8869,2602800
2020-06-24,9.81,10.0,9.65,9.68,9.504,2906000
2020-06-25,9.71,9.97,9.65,9.93,9.7494,2524000
2020-06-26,9.97,9.97,9.66,9.88,9.7003,1822400
2020-06-29,10.13,10.21,9.91,10.09,9.9065,1887800
2020-06-30,10.03,10.29,9.95,10.25,10.0636,1421300
2020-07-01,10.24,10.35,9.99,10.16,9.9752,1792500
2020-07-02,10.26,10.38,10.12,10.12,9.936,1401200
2020-07-06,10.23,10.66,10.23,10.37,10.1814,3311300
2020-07-07,10.33,10.83,10.28,10.79,10.5938,2948500
2020-07-08,10.8,10.99,10.75,10.81,10.6134,2025200
2020-07-09,10.82,10.87,10.5,10.61,10.4171,2634400
2020-07-10,10.59,10.86,10.59,10.85,10.6527,1404400
2020-07-13,10.91,11.05,10.64,10.65,10.4563,1864500
2020-07-14,10.72,11.06,10.6,10.88,10.6821,2667900
2020-07-15,11.0,11.56,10.87,11.56,11.3498,4285700
2020-07-16,11.5,11.64,11.3,11.3,11.0945,2427200
2020-07-17,11.46,11.96,11.31,11.87,11.6541,5119000
2020-07-20,12.01,12.33,11.83,11.96,11.7425,4684200
2020-07-21,12.05,12.14,11.66,11.68,11.4676,2389100
2020-07-22,11.81,12.15,11.73,11.97,11.7523,3270400
2020-07-23,12.0,12.29,11.87,12.0,11.7818,2858700
2020-07-24,11.94,12.01,11.85,11.91,11.6934,1588900
2020-07-27,12.01,12.24,12.01,12.13,11.9094,2410300
2020-07-28,12.1,12.18,11.94,11.98,11.7621,2376300
2020-07-29,11.75,11.77,10.22,10.52,10.3287,12994600
2020-07-30,10.34,10.42,10.08,10.26,10.0734,5063700
2020-07-31,10.26,10.32,10.1,10.16,9.9752,4853000
2020-08-03,10.22,10.28,10.05,10.23,10.044,2632800
2020-08-04,10.23,10.47,10.15,10.45,10.26,2875800
2020-08-05,10.52,10.68,10.28,10.39,10.2011,3268300
2020-08-06,10.43,10.46,10.22,10.31,10.1225,2356400
2020-08-07,10.28,10.41,10.19,10.37,10.1814,1745900
2020-08-10,10.39,10.48,10.24,10.33,10.1421,1277800
2020-08-11,10.35,10.47,10.13,10.15,9.9654,1963600
2020-08-12,10.32,10.59,10.31,10.46,10.2698,1836500
2020-08-13,10.46,10.62,10.41,10.47,10.2796,1203400
2020-08-14,10.47,10.49,10.35,10.43,10.2403,998800
2020-08-17,10.51,10.54,10.31,10.39,10.2011,1854100
2020-08-18,10.45,10.46,10.3,10.39,10.2011,1463700
2020-08-19,10.43,10.7,10.43,10.6,10.4072,1642300
2020-08-20,10.6,10.99,10.55,10.96,10.7607,2255500
2020-08-21,11.03,11.18,10.51,10.55,10.3581,2730200
2020-08-24,10.57,10.7,10.5,10.64,10.4465,1268600
2020-08-25,10.66,11.21,10.66,11.07,10.8687,3401800
2020-08-26,11.1,11.17,10.87,11.15,10.9472,1845800
2020-08-27,11.15,11.42,11.08,11.33,11.124,2251600
2020-08-28,11.5,11.8,11.39,11.69,11.4774,2825300
2020-08-31,11.66,11.77,11.56,11.57,11.3596,1963800
2020-09-01,11.63,11.69,11.37,11.55,11.34,1532500
2020-09-02,11.53,11.59,11.2,11.28,11.0749,1820400
2020-09-03,11.25,11.4,10.84,10.88,10.6821,2614200
2020-09-04,10.89,11.03,10.72,10.87,10.6723,1809000
2020-09-08,10.46,10.85,10.4,10.55,10.3581,1536700
2020-09-09,10.74,10.96,10.7,10.89,10.692,1573300
2020-09-10,10.93,11.0,10.68,10.7,10.5054,1411400
2020-09-11,10.73,11.05,10.71,10.94,10.7411,1559400
2020-09-14,11.05,11.35,11.0,11.28,11.0749,2030100
2020-09-15,11.44,11.53,11.12,11.18,10.9767,1545400
2020-09-16,11.37,11.37,11.08,11.14,10.9374,1569400
2020-09-17,11.03,11.07,10.83,10.86,10.6625,1579300
2020-09-18,10.88,10.88,10.43,10.48,10.2894,3156300
2020-09-21,10.3,10.57,10.19,10.45,10.26,2020900
2020-09-22,10.5,10.69,10.48,10.65,10.4563,1506600
2020-09-23,10.65,10.66,10.09,10.11,9.9261,1932800
2020-09-24,10.04,10.22,9.94,10.07,9.8869,3206800
2020-09-25,10.01,10.09,9.91,10.03,9.8476,1566600
2020-09-28,10.07,10.17,9.99,10.11,9.9261,1464500
2020-09-29,10.09,10.24,10.04,10.18,9.9949,1409100
2020-09-30,10.19,10.3,10.06,10.1,9.9163,1284100
2020-10-01,10.1,10.12,9.81,9.85,9.6709,2054400
2020-10-02,9.74,9.82,9.54,9.75,9.5727,3823000
2020-10-05,9.8,9.96,9.78,9.89,9.7102,1186700
2020-10-06,9.9,9.93,9.61,9.61,9.4352,2155900
2020-10-07,9.72,9.8,9.53,9.76,9.5825,1893700
2020-10-08,9.82,9.83,9.66,9.69,9.5138,1404300
2020-10-09,9.7,9.77,9.59,9.73,9.5531,1938900
2020-10-12,9.76,9.78,9.48,9.63,9.4549,1148600
2020-10-13,9.64,9.71,9.4,9.44,9.2683,1676800
2020-10-14,9.45,9.64,9.38,9.5,9.3272,1519900
2020-10-15,9.35,9.44,9.24,9.35,9.18,1424200
2020-10-16,9.38,9.41,9.25,9.26,9.0916,1294000
2020-10-19,9.3,9.57,9.28,9.38,9.2094,1149400
2020-10-20,9.45,9.67,9.43,9.64,9.4647,1527500
2020-10-21,9.64,9.83,9.6,9.66,9.4843,1201100
2020-10-22,9.68,9.86,9.62,9.8,9.6218,1836700
2020-10-23,9.9,9.93,9.61,9.74,9.5629,1084200
2020-10-26,9.61,9.69,9.49,9.59,9.4156,1284300
2020-10-27,9.51,9.68,9.49,9.59,9.4156,1640700
2020-10-28,9.38,9.49,9.34,9.39,9.2192,2044100
2020-10-29,9.35,9.61,9.31,9.57,9.396,1982700
2020-10-30,9.56,9.6,9.36,9.51,9.3371,1335900
2020-11-02,9.55,9.65,9.51,9.55,9.3763,1646900
2020-11-03,9.72,9.86,9.63,9.72,9.5432,2378200
2020-11-04,9.64,9.8,9.01,9.07,8.9051,4742500
2020-11-05,9.07,9.45,9.07,9.25,9.0818,3998700
2020-11-06,9.3,9.48,9.24,9.32,9.1505,1929900
2020-11-09,9.59,9.73,9.5,9.52,9.3469,2624400
2020-11-10,9.58,9.7,9.48,9.64,9.4647,2040000
2020-11-11,9.7,10.32,9.7,10.13,9.9458,3241000
2020-11-12,10.14,10.23,9.6,9.62,9.4451,2039900
2020-11-13,9.66,9.83,9.55,9.64,9.4647,1618700
2020-11-16,9.73,9.84,9.56,9.57,9.396,2546400
2020-11-17,9.55,9.75,9.32,9.64,9.4647,1743500
2020-11-18,9.7,9.85,9.6,9.68,9.504,1688600
2020-11-19,9.65,9.9,9.61,9.87,9.6905,1328000
2020-11-20,9.87,9.96,9.73,9.95,9.7691,2041300
2020-11-23,10.0,10.04,9.86,9.92,9.7396,1456000
2020-11-24,9.99,10.37,9.92,10.34,10.152,2226700
2020-11-25,10.34,10.36,10.15,10.15,9.9654,1436300
2020-11-27,10.18,10.31,10.11,10.13,10.0059,710500
2020-11-30,10.15,10.18,9.89,10.02,9.8973,2009900
2020-12-01,10.19,10.21,9.82,9.92,9.7985,2875600
2020-12-02,9.86,10.21,9.78,10.19,10.0652,1411200
2020-12-03,10.29,10.51,10.06,10.09,9.9664,1997100
2020-12-04,10.14,11.08,10.14,11.07,10.9344,5216800
2020-12-07,11.58,12.65,11.38,12.15,12.0012,11615700
2020-12-08,12.32,12.45,11.91,12.15,12.0012,5600400
2020-12-09,12.18,12.23,11.5,11.56,11.4184,3944900
2020-12-10,11.61,12.55,11.5,12.46,12.3074,7198000
2020-12-11,12.5,13.52,12.23,13.33,13.1667,13006500
2020-12-14,13.55,14.42,13.27,13.28,13.1173,9937100
2020-12-15,13.53,14.09,13.17,13.94,13.7693,7344900
2020-12-16,13.75,13.94,13.31,13.49,13.3248,3882300
2020-12-17,13.29,13.46,12.61,13.13,12.9692,6355500
2020-12-18,13.23,13.63,13.1,13.35,13.1865,4596400
2020-12-21,12.94,13.27,12.86,13.24,13.0778,3184100
2020-12-22,13.29,13.47,12.97,13.15,12.9889,2564300
2020-12-23,13.24,14.07,13.1,13.56,13.3939,5801500
2020-12-24,13.79,13.8,13.42,13.53,13.3643,1524100
2020-12-28,13.8,14.16,13.57,13.65,13.4828,3386200
2020-12-29,13.7,13.74,13.29,13.5,13.3346,2739100
2020-12-30,13.5,13.62,13.34,13.39,13.226,3887800
2020-12-31,13.37,13.47,13.22,13.4,13.2359,3312700
2021-01-04,13.46,13.67,13.18,13.39,13.226,6790800
2021-01-05,13.46,14.69,13.45,14.57,14.3915,8560400
2021-01-06,14.61,14.86,14.35,14.42,14.2434,5435200
2021-01-07,14.56,14.87,14.39,14.68,14.5002,3964300
2021-01-08,14.66,14.77,14.09,14.31,14.1347,2989100
2021-01-11,13.85,14.33,13.75,14.19,14.0162,2067500
2021-01-12,14.21,14.32,13.72,13.77,13.6013,4068800
2021-01-13,13.77,13.86,13.34,13.68,13.5124,2811200
2021-01-14,13.8,14.05,13.48,13.84,13.6705,4067200
2021-01-15,13.76,13.76,12.83,12.96,12.8013,9669200
2021-01-19,13.04,13.15,12.5,12.92,12.7617,7146300
2021-01-20,13.09,13.19,12.43,12.63,12.4753,5747100
2021-01-21,12.65,12.73,12.21,12.41,12.258,3562400
2021-01-22,12.24,12.47,12.16,12.37,12.2185,3982400
2021-01-25,12.42,12.8,12.3,12.73,12.5741,5074400
2021-01-26,13.01,13.29,12.85,12.94,12.7815,3921400
2021-01-27,12.77,12.96,12.31,12.62,12.4654,6506400
2021-01-28,12.58,12.83,12.51,12.79,12.6333,4644300
2021-01-29,12.79,13.07,12.36,12.42,12.2679,6053400
2021-02-01,12.6,15.16,12.49,14.63,14.4508,23200000
2021-02-02,14.39,14.81,13.54,13.67,13.5026,9844000
2021-02-03,13.66,14.0,13.37,13.67,13.5026,5019100
2021-02-04,13.68,13.71,13.1,13.45,13.2853,4691700
2021-02-05,13.67,14.21,13.44,14.0,13.8285,6963200
2021-02-08,14.36,14.93,14.16,14.76,14.5792,6629200
2021-02-09,14.86,15.49,14.86,15.14,14.9546,8816500
2021-02-10,16.09,16.75,15.52,16.44,16.2386,12055900
2021-02-11,16.48,16.6,15.34,15.66,15.4682,8259300
2021-02-12,15.59,15.95,15.32,15.77,15.5768,5040300
2021-02-16,16.54,17.06,16.41,16.94,16.7325,8521200
2021-02-17,17.17,17.18,16.25,16.76,16.5547,6959300
2021-02-18,16.88,16.88,15.97,15.98,15.7843,5877000
2021-02-19,16.19,16.77,16.01,16.6,16.3967,5793400
2021-02-22,16.46,16.81,16.25,16.32,16.1201,5530300
2021-02-23,16.02,16.18,15.06,16.02,15.8238,5866700
2021-02-24,15.74,16.27,15.63,16.16,15.9621,4028600
2021-02-25,16.35,16.77,16.16,16.41,16.209,6915100
2021-02-26,16.16,16.33,15.45,15.66,15.4682,5206400
2021-03-01,16.06,16.13,15.73,16.01,15.8139,7320300
2021-03-02,16.0,17.59,15.96,17.27,17.0585,12947900
2021-03-03,17.45,17.99,17.14,17.37,17.1572,8228500
2021-03-04,16.84,17.2,15.81,16.27,16.0707,8783700
2021-03-05,16.58,16.63,14.5,15.8,15.6065,9737700
2021-03-08,16.06,16.29,15.42,15.43,15.241,3869500
2021-03-09,15.57,16.07,15.54,15.75,15.5571,5843200
2021-03-10,15.87,16.17,15.69,16.1,15.9028,2934000
2021-03-11,16.34,16.69,16.2,16.51,16.3078,3682700
2021-03-12,16.45,17.27,16.26,17.24,17.0288,4573800
2021-03-15,17.5,18.65,17.38,18.62,18.3919,7545500
2021-03-16,18.71,19.71,18.17,18.7,18.471,14765000
2021-03-17,18.93,19.31,18.43,19.28,19.0438,12480000
2021-03-18,19.12,19.35,17.69,17.83,17.6116,7576000
2021-03-19,17.77,17.98,17.23,17.77,17.5523,6520600
2021-03-22,17.98,18.23,17.56,17.6,17.3844,3734300
2021-03-23,17.44,17.5,16.61,16.77,16.5646,7494100
2021-03-24,16.99,17.19,16.7,16.77,16.5646,4818700
2021-03-25,16.34,16.8,15.98,16.74,16.535,5583800
2021-03-26,17.08,17.22,16.23,16.65,16.4461,5428600
2021-03-29,16.71,16.71,15.59,16.5,16.2979,6976900
2021-03-30,16.28,16.35,15.75,16.05,15.8534,8081000
2021-03-31,16.45,17.23,16.33,16.61,16.4066,8330000
2021-04-01,17.02,17.53,16.71,17.25,17.0387,5088100
2021-04-05,17.48,18.5,17.31,18.33,18.1055,7034800
2021-04-06,18.4,18.55,17.59,17.75,17.5326,5199200
2021-04-07,17.67,17.8,17.08,17.32,17.1079,3631500
2021-04-08,17.2,17.7,17.2,17.64,17.4239,3445300
2021-04-09,17.65,17.72,17.2,17.21,16.9992,2973700
2021-04-12,17.14,17.21,16.38,16.75,16.5448,6034400
2021-04-13,16.75,16.93,16.59,16.79,16.5843,2869200
2021-04-14,16.91,17.07,16.54,16.56,16.3572,3380100
2021-04-15,16.9,16.95,16.42,16.59,16.3868,3319400
2021-04-16,16.61,16.67,16.05,16.41,16.209,3437400
2021-04-19,16.45,16.6,15.94,16.21,16.0114,4413600
2021-04-20,15.98,16.03,15.49,15.98,15.7843,5060200
2021-04-21,15.82,16.56,15.77,16.48,16.2781,7835800
2021-04-22,16.63,16.66,16.01,16.12,15.9226,4040300
2021-04-23,16.21,16.46,16.08,16.41,16.209,3321300
2021-04-26,16.54,16.86,16.35,16.47,16.2683,2700100
2021-04-27,16.58,16.79,16.43,16.76,16.5547,2278900
2021-04-28,16.59,17.43,16.5,17.27,17.0585,4668100
2021-04-29,17.38,17.45,16.86,17.04,16.8313,3574300
2021-04-30,16.9,17.14,16.76,16.81,16.6041,3619200
2021-05-03,17.02,18.74,16.97,18.5,18.2734,7817800
2021-05-04,18.39,18.44,17.73,18.18,17.9573,4735300
2021-05-05,18.55,19.39,18.36,18.93,18.6981,10117700
2021-05-06,19.01,19.08,18.09,18.16,17.9376,6439000
2021-05-07,18.14,20.25,17.85,20.08,19.834,10888800
2021-05-10,20.01,20.27,19.34,19.65,19.4093,6911500
2021-05-11,18.82,19.72,18.37,19.64,19.3994,5768400
2021-05-12,19.65,19.8,19.13,19.25,19.0142,4195600
2021-05-13,18.97,19.41,18.17,18.69,18.4611,6164100
2021-05-14,19.0,19.81,18.97,19.66,19.4192,3402400
2021-05-17,19.67,20.38,19.55,20.35,20.1007,5955000
2021-05-18,20.44,20.54,19.97,20.02,19.7748,3882400
2021-05-19,19.49,19.57,19.02,19.3,19.0636,6261900
2021-05-20,19.3,19.75,19.07,19.67,19.4291,2956000
2021-05-21,19.93,20.03,19.42,19.47,19.2315,3070500
2021-05-24,19.54,19.57,19.22,19.25,19.0142,2490500
2021-05-25,19.23,19.52,19.12,19.29,19.0537,2627800
2021-05-26,19.45,19.91,19.36,19.66,19.4192,4219600
2021-05-27,19.83,20.84,19.62,20.57,20.318,6526800
2021-05-28,20.8,20.87,19.81,19.97,19.7254,4905800
2021-06-01,20.15,21.5,20.14,21.14,20.8811,10099200
2021-06-02,21.15,21.28,20.74,21.12,20.8613,4145500
2021-06-03,20.49,21.27,20.48,20.98,20.723,3440000
2021-06-04,21.27,21.47,20.81,21.42,21.1576,4333600
2021-06-07,21.39,21.85,21.28,21.59,21.3256,5692500
2021-06-08,21.63,21.77,21.22,21.54,21.2762,3334900
2021-06-09,21.55,21.7,21.3,21.35,21.0885,3389900
2021-06-10,21.51,21.84,21.17,21.63,21.3651,3155900
2021-06-11,21.79,21.95,21.39,21.4,21.1379,2827300
2021-06-14,21.08,21.16,18.9,19.26,19.0241,16513200
2021-06-15,19.32,20.32,19.17,20.18,19.9328,5949900
2021-06-16,19.94,20.54,19.94,20.28,20.0316,4249400
2021-06-17,19.69,20.0,18.79,19.3,19.0636,5860100
2021-06-18,18.77,19.23,18.59,18.82,18.5895,5380200
2021-06-21,18.86,19.52,18.41,19.48,19.2414,6050100
2021-06-22,19.4,19.88,19.09,19.8,19.5575,4358500
2021-06-23,19.9,20.32,19.56,19.7,19.4587,3360600
2021-06-24,19.81,20.15,19.65,20.03,19.7847,2372500
2021-06-25,20.23,20.5,19.84,19.95,19.7056,2678700
2021-06-28,20.0,20.0,19.22,19.25,19.0142,2728400
2021-06-29,19.25,19.42,19.06,19.14,18.9056,1742700
2021-06-30,19.16,19.39,18.91,19.18,18.9451,2731100
2021-07-01,19.51,19.74,18.7,19.38,19.1426,4053100
2021-07-02,19.38,19.65,18.62,19.15,18.9154,2800000
2021-07-06,19.21,19.23,18.49,18.74,18.5105,3306100
2021-07-07,18.87,19.23,18.35,18.76,18.5302,2862500
2021-07-08,18.21,18.39,17.83,18.09,17.8684,4822800
2021-07-09,18.17,18.59,17.99,18.33,18.1055,3628500
2021-07-12,18.23,18.28,17.92,18.03,17.8092,3090400
2021-07-13,17.89,18.05,17.66,17.75,17.5326,4198600
2021-07-14,17.85,18.22,17.39,17.51,17.2955,3142700
2021-07-15,17.39,17.79,17.01,17.38,17.1671,7649200
2021-07-16,17.51,17.58,16.61,16.83,16.6239,5328700
2021-07-19,16.25,16.45,16.0,16.45,16.2485,5362100
2021-07-20,16.37,16.86,16.15,16.74,16.535,3634300
2021-07-21,16.96,17.48,16.9,17.29,17.0782,2894100
2021-07-22,17.36,17.4,17.01,17.27,17.0585,1776400
2021-07-23,17.34,17.45,17.04,17.08,16.8708,2229600
2021-07-26,17.17,17.63,17.08,17.37,17.1572,2853200
2021-07-27,17.25,17.29,16.86,17.04,16.8313,3181900
2021-07-28,17.1,18.11,17.04,17.68,17.4634,4445000
2021-07-29,17.92,18.4,17.66,18.05,17.8289,2732600
2021-07-30,17.88,17.97,17.6,17.8,17.582,2785000
2021-08-02,18.13,18.42,17.36,17.43,17.2165,3083600
2021-08-03,17.41,17.49,17.04,17.33,17.1177,3449500
2021-08-04,17.25,17.35,16.85,16.87,16.6634,3407100
2021-08-05,16.86,17.36,16.8,16.99,16.7819,2373900
2021-08-06,17.11,17.33,16.86,17.25,17.0387,2262200
2021-08-09,17.12,17.25,16.91,17.01,16.8016,1972300
2021-08-10,17.1,17.73,16.99,17.58,17.3647,3464000
2021-08-11,17.59,17.64,17.16,17.41,17.1968,2283400
2021-08-12,17.29,17.52,17.05,17.19,16.9794,1322800
2021-08-13,17.15,17.3,16.73,16.76,16.5547,1827200
2021-08-16,16.43,16.57,16.1,16.46,16.2584,3223800
2021-08-17,16.32,16.45,15.94,16.07,15.8732,2801500
2021-08-18,15.98,16.35,15.89,16.06,15.8633,3398800
2021-08-19,15.79,15.91,15.34,15.63,15.4386,5828200
2021-08-20,15.6,16.26,15.37,16.11,15.9127,4156600
2021-08-23,16.44,17.03,16.44,16.82,16.614,3698200
2021-08-24,17.01,17.3,16.88,17.13,16.9202,3083700
2021-08-25,17.18,17.43,17.02,17.19,16.9794,1896700
2021-08-26,17.15,17.42,16.99,17.1,16.8905,2200700
2021-08-27,17.16,18.11,17.16,17.8,17.582,3009300
2021-08-30,18.01,18.13,17.73,17.89,17.6709,2220500
2021-08-31,18.06,18.63,17.95,18.52,18.2932,3941500
2021-09-01,18.65,19.25,18.57,19.16,18.9253,6673100
2021-09-02,19.49,20.74,19.46,20.72,20.4662,14057600
2021-09-03,21.17,22.38,20.91,21.59,21.3256,14743300
2021-09-07,21.74,23.06,21.62,22.86,22.58,14016300
2021-09-08,23.12,23.12,21.67,22.85,22.5701,13194700
2021-09-09,22.7,23.17,22.01,22.95,22.6689,8386300
2021-09-10,23.12,25.08,22.72,24.43,24.1308,22879800
2021-09-13,25.64,26.57,24.29,24.46,24.1604,28212400
2021-09-14,24.72,25.0,23.65,24.32,24.0221,14325600
2021-09-15,24.88,25.34,24.24,24.73,24.4271,12867000
2021-09-16,24.48,24.52,23.87,24.03,23.7357,8577400
2021-09-17,23.86,24.34,22.22,22.46,22.1849,14528400
2021-09-20,21.48,21.7,20.63,21.31,21.049,13864300
2021-09-21,21.69,22.01,20.99,21.08,20.8218,7791900
2021-09-22,21.47,22.05,21.01,21.01,20.7527,7156000
2021-09-23,21.31,21.4,20.55,21.29,21.0292,7897200
2021-09-24,20.86,20.99,19.91,20.07,19.8242,10960700
2021-09-27,20.27,21.08,19.98,20.95,20.6934,10577700
2021-09-28,21.23,21.75,20.64,20.98,20.723,8621400
2021-09-29,21.04,21.15,20.34,20.58,20.3279,4461300
2021-09-30,20.73,22.14,20.45,21.73,21.4638,13685000
2021-10-01,21.85,22.19,21.17,22.11,21.8392,6668400
2021-10-04,22.58,23.23,21.68,21.85,21.5824,10632200
2021-10-05,22.0,22.45,21.65,21.98,21.7108,5048200
2021-10-06,21.4,21.87,20.96,21.67,21.4046,6177800
2021-10-07,21.94,22.62,21.65,22.41,22.1355,4762600
2021-10-08,22.54,22.79,21.27,21.31,21.049,5331400
2021-10-11,21.6,21.84,21.16,21.53,21.2663,4968500
2021-10-12,21.63,24.54,21.47,24.49,24.19,15630500
2021-10-13,24.3,25.88,23.93,25.64,25.3259,15024800
2021-10-14,25.7,25.83,24.86,25.29,24.9802,9231400
2021-10-15,25.5,25.56,24.68,24.99,24.6839,6528600
2021-10-18,26.1,27.14,25.86,26.47,26.1458,14316900
2021-10-19,27.02,27.42,26.24,26.62,26.2939,7992900
2021-10-20,26.37,26.92,25.81,26.87,26.5409,5579600
2021-10-21,26.7,26.87,25.92,26.02,25.7013,4992600
2021-10-22,25.98,26.31,25.19,25.93,25.6124,4945100
2021-10-25,26.19,27.03,26.17,26.5,26.1754,4688100
2021-10-26,26.47,27.08,25.96,26.83,26.5014,4131700
2021-10-27,25.48,27.09,25.0,25.45,25.1383,6945700
2021-10-28,25.13,25.6,24.9,25.47,25.158,5463400
2021-10-29,24.63,25.16,23.41,24.3,24.0024,11735900
2021-11-01,24.58,25.35,24.48,25.14,24.8321,4856500
2021-11-02,25.0,25.08,24.41,25.07,24.7629,3729600
2021-11-03,25.62,27.6,25.49,27.19,26.857,11873900
2021-11-04,27.51,27.65,26.72,27.15,26.8174,6450900
2021-11-05,27.21,27.3,26.41,26.99,26.6594,3640600
2021-11-08,27.44,28.49,27.01,28.09,27.7459,9010600
2021-11-09,28.03,28.13,27.0,27.72,27.3805,5368300
2021-11-10,27.41,27.99,26.15,26.36,26.0371,6399500
2021-11-11,26.6,28.07,26.45,27.55,27.2125,5278700
2021-11-12,27.28,27.97,26.95,27.57,27.2323,3310200
2021-11-15,27.65,27.96,26.8,27.13,26.7977,3428700
2021-11-16,27.15,27.28,26.14,26.32,25.9976,4344200
2021-11-17,26.21,26.95,25.88,26.18,25.8593,4238000
2021-11-18,26.2,26.75,25.96,26.64,26.3137,3987000
2021-11-19,25.99,26.16,25.18,25.29,24.9802,7758900
2021-11-22,25.45,25.53,24.63,24.66,24.3579,6518700
2021-11-23,25.2,26.18,25.15,25.46,25.1481,6711000
2021-11-24,25.25,25.44,24.92,25.24,24.9308,2801000
2021-11-26,24.05,24.31,23.4,24.08,23.7851,4871500
2021-11-29,24.6,25.11,24.29,24.98,24.7388,4428300
2021-11-30,24.64,24.88,22.8,23.18,22.9561,8946500
2021-12-01,23.7,23.86,22.4,22.41,22.1936,5509100
2021-12-02,22.4,23.2,22.17,23.12,22.8967,4909500
2021-12-03,23.12,23.63,21.66,21.95,21.738,5842100
2021-12-06,21.74,22.22,20.94,22.11,21.8965,5888700
2021-12-07,22.96,23.6,22.82,23.39,23.1641,5144700
2021-12-08,23.59,23.84,23.13,23.25,23.0255,3246100
2021-12-09,23.15,23.33,22.35,22.59,22.3718,4361500
2021-12-10,22.76,22.79,21.92,21.95,21.738,4780700
2021-12-13,22.0,22.28,21.3,21.42,21.2131,4070400
2021-12-14,21.06,21.56,20.97,21.17,20.9655,3645300
2021-12-15,21.01,22.28,20.6,22.15,21.9361,6931200
2021-12-16,22.61,22.96,21.63,21.73,21.5201,4492000
2021-12-17,21.1,21.92,21.01,21.15,20.9457,5651200
2021-12-20,20.54,20.83,20.02,20.77,20.5694,6075000
2021-12-21,21.15,22.3,21.03,22.25,22.0351,5342100
2021-12-22,22.2,22.35,21.87,22.19,21.9757,3549300
2021-12-23,22.37,22.49,22.14,22.22,22.0054,2294500
2021-12-27,22.37,23.04,22.2,23.03,22.8076,3546900
2021-12-28,23.0,23.21,22.11,22.2,21.9856,3285900
2021-12-29,22.2,22.55,21.81,22.03,21.8172,2771300
2021-12-30,22.0,22.23,21.71,21.8,21.5895,3474500
2021-12-31,21.78,21.99,21.58,21.81,21.5994,2591000
2022-01-03,22.61,23.41,22.42,22.71,22.4907,5237700
2022-01-04,22.91,23.94,22.79,23.64,23.4117,7177200
2022-01-05,24.96,26.54,24.11,24.18,23.9465,16183100
2022-01-06,24.63,24.8,22.63,22.72,22.5006,10257700
2022-01-07,23.11,23.81,22.44,23.67,23.4414,6560000
2022-01-10,23.35,23.4,22.66,23.25,23.0255,4845500
2022-01-11,23.35,23.7,22.7,23.51,23.2829,4774700
2022-01-12,24.0,24.64,23.54,23.84,23.6098,8995100
2022-01-13,24.02,24.34,22.89,22.99,22.768,4451700
2022-01-14,22.7,23.05,22.01,22.55,22.3322,4929200
2022-01-18,22.5,22.52,21.53,21.58,21.3716,5732800
2022-01-19,22.0,22.41,21.31,21.82,21.6093,6927300
2022-01-20,22.17,22.58,21.37,21.4,21.1933,4580400
2022-01-21,20.84,21.22,19.98,20.16,19.9653,8736000
2022-01-24,18.92,20.14,18.53,20.05,19.8564,9075800
2022-01-25,19.62,20.23,19.08,20.01,19.8167,7701200
2022-01-26,20.51,20.67,19.18,19.28,19.0938,6453500
2022-01-27,19.47,19.84,18.29,18.42,18.2421,7587100
2022-01-28,18.4,19.07,18.03,19.04,18.8561,7209100
2022-01-31,19.04,19.48,18.58,19.43,19.2424,5667500
2022-02-01,19.68,20.53,19.22,20.24,20.0445,6725100
2022-02-02,20.63,20.89,19.68,19.82,19.6286,5932900
2022-02-03,19.49,19.6,19.06,19.12,18.9353,4029300
2022-02-04,19.05,19.91,19.04,19.89,19.6979,4250700
2022-02-07,19.72,20.21,19.64,19.94,19.7474,3580800
2022-02-08,19.81,19.93,19.35,19.84,19.6484,5034800
2022-02-09,21.2,22.78,21.12,22.78,22.56,12556600
2022-02-10,22.29,23.81,22.15,22.4,22.1837,11233400
2022-02-11,21.84,22.6,21.77,22.25,22.0351,5562300
2022-02-14,22.14,22.47,21.64,21.73,21.5201,4179500
2022-02-15,21.77,22.18,21.58,21.97,21.7578,3794400
2022-02-16,21.94,22.26,21.46,21.53,21.3221,4049000
2022-02-17,21.38,21.6,20.93,21.04,20.8368,3811500
2022-02-18,20.85,21.17,20.19,20.22,20.0247,3938300
2022-02-22,20.15,20.95,20.06,20.7,20.5001,3949300
2022-02-23,20.99,21.28,20.51,20.53,20.3317,4555200
2022-02-24,20.3,22.78,20.22,22.26,22.045,14929000
2022-02-25,22.22,22.82,21.75,22.81,22.5897,8473000
2022-02-28,23.49,24.73,23.38,24.58,24.3426,14298100
2022-03-01,25.0,25.09,24.04,24.45,24.2139,9652800
2022-03-02,24.8,25.23,24.38,25.07,24.8279,7822700
2022-03-03,25.51,25.65,24.18,24.55,24.3129,6446400
2022-03-04,23.21,23.76,22.29,23.48,23.2532,12566400
2022-03-07,24.54,25.24,23.83,23.99,23.7583,11014300
2022-03-08,24.4,26.28,23.86,25.29,25.0458,16491100
2022-03-09,24.7,27.64,24.4,27.05,26.7888,19595900
2022-03-10,27.04,28.18,26.6,27.52,27.2542,15200500
2022-03-11,27.34,27.96,26.81,27.11,26.8482,9962900
2022-03-14,26.54,26.58,25.23,25.76,25.5112,13226900
2022-03-15,25.0,25.36,24.01,25.0,24.7586,12788700
2022-03-16,25.41,25.82,23.58,24.8,24.5605,10110300
2022-03-17,25.14,27.2,25.1,27.12,26.8581,15530400
2022-03-18,27.14,27.63,26.48,27.39,27.1255,9703600
2022-03-21,27.76,30.04,27.67,29.27,28.9873,17911400
2022-03-22,29.35,29.5,28.56,29.19,28.9081,8701700
2022-03-23,29.62,30.49,28.98,29.04,28.7595,8768600
2022-03-24,29.11,29.39,28.51,29.0,28.7199,6106800
2022-03-25,29.11,29.47,28.41,28.76,28.4822,5630700
2022-03-28,28.33,28.48,27.54,28.08,27.8088,6048700
2022-03-29,27.21,27.93,26.16,27.51,27.2443,7337300
2022-03-30,27.9,29.13,27.84,28.07,27.7989,6734400
2022-03-31,28.7,30.0,28.6,29.1,28.819,13149200
2022-04-01,29.49,30.4,28.74,29.03,28.7496,7555800
2022-04-04,29.38,29.55,28.15,28.43,28.1554,4972100
2022-04-05,29.0,30.21,28.27,28.34,28.0663,8087100
2022-04-06,28.31,28.55,27.51,28.24,27.9673,6884100
2022-04-07,28.5,30.97,28.47,30.59,30.2946,15929400
2022-04-08,30.55,30.78,29.83,30.31,30.0173,7177300
2022-04-11,30.86,31.42,29.88,30.63,30.3342,8361000
2022-04-12,31.27,31.92,30.68,30.95,30.6511,8400900
2022-04-13,31.67,32.49,31.37,31.59,31.2849,10098400
2022-04-14,31.58,31.81,31.04,31.4,31.0967,5949600
2022-04-18,31.41,31.62,30.35,30.6,30.3045,6193800
2022-04-19,30.67,30.73,29.91,30.22,29.9281,5050600
2022-04-20,30.23,31.77,29.35,31.55,31.2453,7778100
2022-04-21,31.53,31.57,27.98,28.29,28.0168,11792700
2022-04-22,28.25,29.05,27.19,27.74,27.4721,9149500
2022-04-25,26.64,27.32,25.92,26.99,26.7293,9818700
2022-04-26,27.25,27.52,26.21,26.36,26.1054,8111300
2022-04-27,26.65,26.89,26.01,26.23,25.9767,6520600
2022-04-28,26.19,26.57,25.21,26.39,26.1351,6969300
2022-04-29,26.48,27.15,25.64,25.81,25.5607,6636200
2022-05-02,25.32,25.67,24.67,25.45,25.2042,6287600
2022-05-03,25.47,26.27,25.47,25.75,25.5013,6326100
2022-05-04,25.94,26.66,25.03,26.38,26.1252,7458600
2022-05-05,26.47,27.61,24.08,24.48,24.2436,14922500
2022-05-06,24.47,24.5,22.96,23.84,23.6098,10719100
2022-05-09,23.16,23.16,20.72,21.02,20.817,13156900
2022-05-10,21.7,22.3,20.98,21.52,21.3122,7932900
2022-05-11,21.79,22.38,20.72,20.78,20.5793,7685100
2022-05-12,20.33,21.43,20.02,20.59,20.3912,9244200
2022-05-13,21.16,22.83,21.16,22.01,21.7974,10377600
2022-05-16,22.17,23.1,21.88,22.55,22.3322,8573000
2022-05-17,23.2,23.73,22.65,23.57,23.3424,7453000
2022-05-18,23.52,23.94,22.51,22.94,22.7185,7225000
2022-05-19,22.6,23.68,22.56,23.11,22.8868,5950600
2022-05-20,23.6,23.81,22.86,23.46,23.2334,6843200
2022-05-23,23.71,24.12,23.3,24.12,23.8871,4683100
2022-05-24,23.88,24.02,23.25,23.72,23.4909,4554000
2022-05-25,23.64,24.23,23.47,24.08,23.8474,4681000
2022-05-26,24.06,24.87,23.95,24.68,24.4416,4754400
2022-05-27,24.85,25.39,24.69,25.24,24.9962,5001400
2022-05-31,25.65,25.98,24.2,24.47,24.2337,6848200
2022-06-01,24.59,24.99,23.92,24.28,24.0455,4596100
2022-06-02,24.29,26.2,24.28,25.47,25.224,7962300
2022-06-03,25.28,25.35,24.73,25.0,24.7586,3861200
2022-06-06,25.29,25.31,24.68,24.97,24.7288,3466700
2022-06-07,24.63,27.89,24.61,27.0,26.7392,20514600
2022-06-08,27.46,28.28,26.76,27.31,27.0462,11364800
2022-06-09,26.9,26.99,26.12,26.15,25.8975,4676300
2022-06-10,25.5,25.9,25.15,25.53,25.2834,5792900
2022-06-13,24.24,24.32,22.98,23.19,22.966,8744400
2022-06-14,23.2,23.28,22.03,22.27,22.0549,7710000
2022-06-15,22.77,22.99,21.74,22.51,22.2926,8040600
2022-06-16,21.84,22.13,20.88,21.27,21.0646,8252900
2022-06-17,21.2,21.56,20.55,20.67,20.4704,6756200
2022-06-21,21.45,22.35,21.23,21.91,21.6984,5547400
2022-06-22,21.0,21.37,20.47,21.18,20.9755,5386500
2022-06-23,21.19,21.42,20.42,21.15,20.9457,5089900
2022-06-24,21.49,23.13,21.4,22.5,22.2827,7869700
2022-06-27,22.83,23.51,22.64,22.96,22.7383,4624400
2022-06-28,23.38,23.5,22.31,22.59,22.3718,6093100
2022-06-29,22.74,22.91,21.68,21.76,21.5499,3763200
2022-06-30,21.32,21.37,20.34,21.02,20.817,5314300
2022-07-01,20.85,22.1,20.7,21.82,21.6093,5213300
2022-07-05,21.17,21.25,20.55,21.02,20.817,5062900
2022-07-06,21.35,21.7,20.35,20.89,20.6882,5604400
2022-07-07,21.56,22.49,21.53,22.27,22.0549,4909800
2022-07-08,22.26,22.64,21.89,22.27,22.0549,3462100
2022-07-11,21.91,22.25,21.48,21.77,21.5598,3558000
2022-07-12,21.37,21.76,20.99,21.35,21.1438,3840300
2022-07-13,20.87,21.87,20.87,21.46,21.2527,2788100
2022-07-14,21.04,22.3,20.72,22.14,21.9262,6369100
2022-07-15,22.8,22.95,21.79,22.39,22.1738,5013600
2022-07-18,22.84,23.18,22.51,22.64,22.4213,3832100
2022-07-19,22.88,23.78,22.75,23.68,23.4513,5136800
2022-07-20,23.71,24.07,23.48,23.85,23.6197,5259200
2022-07-21,23.42,23.61,22.79,23.34,23.1146,3816400
2022-07-22,23.46,23.72,22.35,22.53,22.3124,4965100
2022-07-25,22.78,22.97,22.09,22.96,22.7383,3556400
2022-07-26,23.02,23.47,22.64,23.12,22.8967,8237400
2022-07-27,23.9,25.47,23.81,25.14,24.8972,12156900
2022-07-28,25.51,25.75,24.63,25.54,25.2933,5560700
2022-07-29,25.6,25.88,25.15,25.77,25.5211,4751800
2022-08-01,25.4,25.62,24.66,24.82,24.5803,3926400
2022-08-02,24.59,25.53,24.57,25.17,24.9269,4939200
2022-08-03,25.63,25.68,24.31,24.66,24.4218,3970500
2022-08-04,24.64,25.02,24.38,24.9,24.6595,3418600
2022-08-05,24.4,25.89,24.32,25.77,25.5211,3504600
2022-08-08,26.14,26.6,25.72,25.89,25.64,4355300
2022-08-09,25.85,26.04,24.77,25.1,24.8576,3664300
2022-08-10,25.76,25.76,24.71,25.48,25.2339,3125900
2022-08-11,25.53,26.13,25.32,25.34,25.0953,3547800
2022-08-12,25.27,25.51,24.81,25.46,25.2141,3285400
2022-08-15,24.66,25.16,24.4,25.04,24.7982,3740100
2022-08-16,25.22,25.66,24.72,25.54,25.2933,4669000
2022-08-17,25.44,26.07,24.4,24.49,24.2535,4800300
2022-08-18,24.75,24.78,24.12,24.51,24.2733,3441600
2022-08-19,24.03,24.06,22.41,22.54,22.3223,7475800
2022-08-22,22.25,22.76,21.97,22.64,22.4213,4523200
2022-08-23,23.02,23.71,22.94,23.54,23.3127,3962700
2022-08-24,24.86,27.33,24.7,27.01,26.7491,16524200
2022-08-25,27.16,27.95,26.53,27.25,26.9868,8820300
2022-08-26,27.25,27.32,26.31,26.66,26.4025,4772100
2022-08-29,26.51,29.53,26.39,29.14,28.8586,16768700
2022-08-30,29.24,29.95,28.03,29.68,29.3934,14042200
2022-08-31,28.9,29.92,28.61,29.15,28.8685,9031000
2022-09-01,28.65,28.86,27.89,28.55,28.2743,7997200
2022-09-02,29.02,29.48,28.25,28.82,28.5417,6653900
2022-09-06,29.61,30.75,28.32,28.67,28.3931,13477800
2022-09-07,28.51,29.69,28.12,29.42,29.1359,5646800
2022-09-08,29.34,30.69,29.28,30.19,29.8984,6673300
2022-09-09,30.76,31.29,29.86,30.21,29.9182,7434000
2022-09-12,30.51,30.64,29.67,30.29,29.9975,4034200
2022-09-13,29.19,30.41,29.05,29.78,29.4924,6414400
2022-09-14,29.78,30.86,29.63,30.47,30.1757,6436800
2022-09-15,30.01,30.4,28.55,28.9,28.6209,7206400
2022-09-16,28.27,28.43,27.35,27.95,27.6801,9215500
2022-09-19,27.2,28.53,27.15,28.3,28.0267,3504200
2022-09-20,27.99,29.01,27.56,28.4,28.1257,5654300
2022-09-21,28.52,28.6,27.36,27.45,27.1849,5028100
2022-09-22,27.65,27.88,26.75,27.01,26.7491,4527300
2022-09-23,26.34,26.35,24.66,25.29,25.0458,8857000
2022-09-26,25.06,25.95,24.97,25.12,24.8774,5854500
2022-09-27,25.83,26.78,25.61,26.42,26.1648,7821900
2022-09-28,26.61,27.56,26.21,27.3,27.0363,6385800
2022-09-29,27.27,27.3,26.61,26.94,26.6798,3346700
2022-09-30,26.65,27.59,26.23,26.51,26.254,5510600
2022-10-03,27.26,28.09,27.18,27.51,27.2443,4965700
2022-10-04,28.35,28.43,27.6,27.97,27.6999,5720600
2022-10-05,27.6,28.04,26.98,27.83,27.5612,3753800
2022-10-06,27.52,27.87,26.8,26.82,26.561,4176900
2022-10-07,26.71,27.42,26.49,26.7,26.4421,3850600
2022-10-10,26.83,27.02,25.37,25.39,25.1448,6008500
2022-10-11,25.51,26.38,25.0,25.82,25.5706,6008900
2022-10-12,22.43,22.71,21.42,22.3,22.0846,47933300
2022-10-13,21.8,22.72,21.58,22.38,22.1639,18498400
2022-10-14,22.46,22.6,21.02,21.29,21.0844,16128900
2022-10-17,21.87,23.05,21.81,22.65,22.4313,12556600
2022-10-18,23.02,23.48,22.58,23.27,23.0453,10635200
2022-10-19,23.41,23.41,22.7,22.79,22.5699,6833400
2022-10-20,22.77,23.71,22.65,23.2,22.9759,7374400
2022-10-21,23.15,23.88,22.95,23.8,23.5701,5967400
2022-10-24,23.71,23.95,23.2,23.87,23.6395,5864200
2022-10-25,23.88,24.67,23.78,24.55,24.3129,6064000
2022-10-26,24.58,25.23,24.5,24.98,24.7388,6858400
2022-10-27,25.68,25.94,23.89,23.92,23.689,8849400
2022-10-28,24.01,24.43,23.15,24.24,24.0059,8098100
2022-10-31,23.95,24.2,23.05,23.72,23.4909,7242400
2022-11-01,24.35,24.55,23.58,23.63,23.4018,4366200
2022-11-02,23.67,24.12,23.03,23.08,22.8571,5130000
2022-11-03,22.84,23.77,22.82,23.11,22.8868,4215900
2022-11-04,23.74,23.99,22.34,22.8,22.5798,7648000
2022-11-07,23.26,24.01,22.97,23.84,23.6098,6028100
2022-11-08,23.92,24.71,23.68,24.47,24.2337,4470000
2022-11-09,24.18,24.41,23.32,23.42,23.1938,5348900
2022-11-10,24.47,24.61,23.53,24.05,23.8177,6269100
2022-11-11,24.33,25.05,24.22,24.44,24.204,5723500
2022-11-14,24.32,24.48,23.91,24.29,24.0554,3736600
2022-11-15,24.66,25.14,24.33,24.75,24.511,4619800
2022-11-16,24.54,24.74,23.92,23.99,23.7583,3196300
2022-11-17,23.64,23.77,23.32,23.66,23.4315,4074700
2022-11-18,23.51,23.86,23.22,23.84,23.6098,3958800
2022-11-21,23.32,23.48,22.57,23.08,22.8571,5601900
2022-11-22,23.43,23.99,23.22,23.9,23.6692,3832700
2022-11-23,23.96,24.29,23.77,24.2,23.9663,2281600
2022-11-25,24.38,24.38,23.97,24.2,23.9663,1511700
2022-11-28,23.86,23.86,23.07,23.07,22.8472,4658000
2022-11-29,23.14,23.5,22.94,23.31,23.1743,2768100
2022-11-30,23.65,24.4,23.39,24.38,24.2381,4101000
2022-12-01,24.53,24.74,23.71,23.77,23.6316,3776100
2022-12-02,23.53,24.01,23.36,23.77,23.6316,3632800
2022-12-05,23.79,23.91,22.64,22.65,22.5181,4499300
2022-12-06,22.6,22.67,21.65,21.78,21.6532,5457100
2022-12-07,21.65,21.94,21.33,21.53,21.4046,7005600
2022-12-08,22.15,22.31,21.71,21.84,21.7128,5843700
2022-12-09,21.82,22.15,21.65,21.67,21.5438,3176700
2022-12-12,21.48,22.27,21.44,22.21,22.0807,4337900
2022-12-13,22.79,22.88,22.0,22.17,22.0409,4362900
2022-12-14,22.11,22.42,21.89,22.14,22.0111,3547900
2022-12-15,21.81,21.96,21.62,21.7,21.5737,3501700
2022-12-16,21.45,21.87,21.36,21.71,21.5836,5169100
2022-12-19,21.71,21.84,21.25,21.41,21.2853,4313400
2022-12-20,21.42,21.86,21.22,21.77,21.6432,4459600
2022-12-21,22.15,22.19,21.64,22.11,21.9813,4509600
2022-12-22,21.92,22.2,21.51,22.02,21.8918,4088700
2022-12-23,22.15,22.5,22.03,22.42,22.2895,4147600
2022-12-27,22.39,23.06,22.3,22.81,22.6772,4368600
2022-12-28,22.81,22.9,22.29,22.47,22.3392,3176400
2022-12-29,22.59,22.87,22.43,22.59,22.4585,3100700
2022-12-30,22.49,22.72,22.34,22.67,22.538,2972300
2023-01-03,22.72,23.26,22.57,22.94,22.8064,5738700
2023-01-04,22.86,22.99,22.4,22.52,22.3889,4351400
2023-01-05,22.47,22.96,22.16,22.86,22.7269,3578200
2023-01-06,23.12,24.57,23.09,24.44,24.2977,6323200
2023-01-09,24.75,25.41,24.54,24.89,24.7451,5537600
2023-01-10,24.91,25.35,24.74,25.33,25.1825,3428800
2023-01-11,25.48,25.59,24.99,25.38,25.2322,4241500
2023-01-12,25.5,25.68,25.03,25.62,25.4708,3445300
2023-01-13,25.31,25.57,25.06,25.49,25.3416,2971500
2023-01-17,25.61,25.66,25.3,25.42,25.272,2930100
2023-01-18,25.68,25.68,24.6,24.61,24.4667,4951400
2023-01-19,24.47,25.38,24.39,25.32,25.1726,3208000
2023-01-20,25.4,26.83,25.35,26.3,26.1469,7307500
2023-01-23,26.3,26.87,26.11,26.87,26.7136,3549000
2023-01-24,26.84,26.99,26.1,26.96,26.803,3103400
2023-01-25,26.6,27.46,26.58,27.34,27.1808,3752900
2023-01-26,27.67,27.74,26.82,26.99,26.8329,3793300
2023-01-27,26.9,28.17,26.85,27.63,27.4691,7614800
2023-01-30,27.33,28.24,27.22,27.81,27.6481,6129300
2023-01-31,27.81,28.15,27.49,28.01,27.8469,5403300
2023-02-01,27.96,29.02,27.75,28.66,28.4931,6862700
2023-02-02,28.84,29.36,28.12,28.47,28.3042,6740600
2023-02-03,28.12,28.67,27.58,27.76,27.5984,5859300
2023-02-06,27.52,27.7,27.11,27.27,27.1112,3824700
2023-02-07,27.22,27.86,27.07,27.76,27.5984,3744600
2023-02-08,27.74,27.96,27.28,27.32,27.1609,4146300
2023-02-09,28.9,29.54,28.01,28.52,28.3539,8910900
2023-02-10,28.88,29.65,28.71,29.21,29.0399,6125400
2023-02-13,29.19,29.26,28.52,28.92,28.7516,4099300
2023-02-14,28.7,29.35,28.34,29.16,28.9902,4484700
2023-02-15,28.8,29.73,28.74,29.62,29.4475,3960000
2023-02-16,29.2,29.58,28.73,28.75,28.5826,4855300
2023-02-17,28.47,28.82,28.05,28.79,28.6224,4126500
2023-02-21,28.39,28.67,27.13,27.14,26.982,6495100
2023-02-22,27.16,27.38,26.47,27.13,26.972,4464700
2023-02-23,27.46,27.47,26.86,27.09,26.9323,2567600
2023-02-24,26.88,27.42,26.65,27.29,27.1311,3212200
2023-02-27,27.35,27.92,27.18,27.76,27.5984,3375200
2023-02-28,27.85,27.95,27.31,27.34,27.1808,4371500
2023-03-01,27.38,28.01,27.33,27.91,27.7475,3681600
2023-03-02,27.65,28.02,27.44,27.83,27.668,2849100
2023-03-03,28.08,28.58,27.88,28.31,28.1452,3699400
2023-03-06,28.1,28.2,27.23,27.27,27.1112,4182800
2023-03-07,27.0,27.12,26.13,26.35,26.1966,6560000
2023-03-08,26.22,26.51,25.83,26.15,25.9977,5050700
2023-03-09,26.21,26.49,25.76,26.3,26.1469,6424500
2023-03-10,26.14,26.29,25.32,25.45,25.3018,6145500
2023-03-13,25.0,26.22,24.67,25.37,25.2223,5654400
2023-03-14,25.69,25.89,25.24,25.49,25.3416,4039100
2023-03-15,24.61,24.73,23.69,24.35,24.2082,7582800
2023-03-16,24.18,24.99,23.85,24.61,24.4667,4176100
2023-03-17,24.44,25.01,24.22,24.94,24.7948,3836000
2023-03-20,25.14,25.24,24.72,24.87,24.7252,3490500
2023-03-21,25.2,25.55,24.97,25.4,25.2521,3686700
2023-03-22,25.4,25.46,24.58,24.6,24.4568,2432300
2023-03-23,24.75,25.31,24.15,24.39,24.248,3915000
2023-03-24,23.97,24.17,23.73,24.04,23.9,3658500
2023-03-27,24.65,24.74,24.39,24.62,24.4767,3830100
2023-03-28,24.66,25.32,24.65,25.31,25.1626,2347500
2023-03-29,25.71,26.2,25.4,25.88,25.7293,3587600
2023-03-30,26.06,26.39,25.87,26.24,26.0872,2817600
2023-03-31,26.26,26.41,25.93,26.17,26.0176,4032800
2023-04-03,26.64,26.67,26.0,26.19,26.0375,3429300
2023-04-04,26.11,26.24,25.09,25.4,25.2521,4853300
2023-04-05,25.35,25.87,25.0,25.1,24.9539,3471500
2023-04-06,25.0,25.27,24.64,25.25,25.103,2138900
2023-04-10,25.1,25.32,24.9,25.26,25.1129,2070100
2023-04-11,25.46,25.54,25.12,25.32,25.1726,3723600
2023-04-12,25.58,25.65,25.18,25.33,25.1825,3236600
2023-04-13,25.51,26.71,25.51,26.39,26.2363,4456400
2023-04-14,26.27,26.49,25.77,26.2,26.0475,2901200
2023-04-17,26.34,26.42,25.84,26.04,25.8884,2420600
2023-04-18,26.1,26.2,25.56,25.99,25.8387,3237300
2023-04-19,25.66,25.81,25.42,25.56,25.4112,2724200
2023-04-20,25.26,25.6,25.11,25.56,25.4112,3742300
2023-04-21,25.46,25.73,25.22,25.49,25.3416,2348600
2023-04-24,25.38,25.71,25.35,25.53,25.3814,1801200
2023-04-25,25.5,26.19,25.42,26.1,25.948,3580100
2023-04-26,26.13,27.13,26.03,26.24,26.0872,4607100
2023-04-27,26.52,26.86,26.34,26.61,26.4551,4184700
2023-04-28,26.91,27.68,25.72,27.49,27.3299,6813800
2023-05-01,27.47,28.15,27.4,27.74,27.5785,5980700
2023-05-02,27.5,27.76,26.66,26.92,26.7633,4769600
2023-05-03,26.92,27.34,26.68,26.82,26.6638,4132200
2023-05-04,26.72,26.92,26.52,26.61,26.4551,3315100
2023-05-05,26.9,27.71,26.9,27.56,27.3995,2790900
2023-05-08,27.78,27.92,27.39,27.47,27.3101,2846600
2023-05-09,27.49,28.64,27.32,28.52,28.3539,3954600
2023-05-10,28.75,29.06,28.19,28.62,28.4534,3665800
2023-05-11,28.22,28.68,27.52,27.72,27.5586,2836500
2023-05-12,27.73,28.01,27.33,27.71,27.5487,2715500
2023-05-15,27.88,28.01,27.53,27.57,27.4095,2150600
2023-05-16,27.33,27.77,26.78,27.05,26.8925,4711800
2023-05-17,27.3,27.56,26.99,27.28,27.1212,2805100
2023-05-18,27.18,27.33,26.78,27.28,27.1212,2454700
2023-05-19,27.44,27.54,26.83,26.92,26.7633,2298000
2023-05-22,26.89,28.61,26.89,27.95,27.7873,5008200
2023-05-23,27.64,28.57,27.52,28.32,28.1551,3784600
2023-05-24,28.06,28.27,27.53,27.85,27.6878,4919200
2023-05-25,27.78,28.35,27.5,27.75,27.5884,5534600
2023-05-26,28.0,28.04,26.92,27.35,27.1908,3850000
2023-05-30,27.21,27.28,26.24,26.67,26.5147,3356200
2023-05-31,26.39,28.02,26.15,27.84,27.6779,6216500
2023-06-01,27.99,31.02,27.99,30.3,30.1236,19361600
2023-06-02,30.69,30.98,29.89,30.08,29.9049,7286600
2023-06-05,30.14,31.45,30.14,30.89,30.7101,5275800
2023-06-06,30.63,30.81,29.94,30.6,30.4218,3815600
2023-06-07,30.7,31.05,29.72,29.81,29.6364,4860000
2023-06-08,29.93,30.99,29.76,30.61,30.4318,4694400
2023-06-09,30.58,30.86,29.96,30.76,30.5809,2551200
2023-06-12,30.62,32.0,30.58,31.95,31.764,7346100
2023-06-13,32.26,33.0,31.22,31.58,31.3961,8654300
2023-06-14,32.0,32.0,30.86,31.21,31.0283,6565200
2023-06-15,30.93,31.93,30.91,31.64,31.4558,4874600
2023-06-16,31.73,31.99,31.48,31.76,31.5751,4297000
2023-06-20,31.98,32.28,31.39,31.95,31.764,4604700
2023-06-21,31.74,31.84,31.33,31.35,31.1675,4032900
2023-06-22,30.9,31.18,30.6,30.87,30.6903,3543000
2023-06-23,30.43,30.48,29.88,29.9,29.7259,4722000
2023-06-26,29.85,30.29,29.73,29.91,29.7359,3904400
2023-06-27,30.04,30.12,29.32,29.58,29.4078,4204600
2023-06-28,29.55,30.18,29.25,30.02,29.8452,3732400
2023-06-29,30.07,31.1,30.01,30.88,30.7002,5437400
2023-06-30,30.99,31.42,30.9,31.33,31.1476,4091400
2023-07-03,31.23,31.36,30.45,30.74,30.561,2173500
2023-07-05,30.6,30.74,30.1,30.5,30.3224,4024400
2023-07-06,30.28,30.45,29.17,29.29,29.1195,4930700
2023-07-07,29.37,30.01,29.29,29.59,29.4177,2974300
2023-07-10,29.5,30.42,29.38,30.35,30.1733,2918900
2023-07-11,30.37,31.26,30.33,31.21,31.0283,3302400
2023-07-12,31.45,31.88,31.41,31.45,31.2669,2862900
2023-07-13,31.83,32.75,31.75,32.34,32.1517,5219000
2023-07-14,32.37,32.37,31.38,31.54,31.3564,2492400
2023-07-17,31.44,31.8,31.18,31.63,31.4458,2596800
2023-07-18,31.7,33.03,31.59,32.94,32.7482,6057300
2023-07-19,33.27,33.48,32.43,32.92,32.7283,3653400
2023-07-20,32.75,33.25,32.58,32.86,32.6687,2781800
2023-07-21,33.0,33.11,32.37,32.64,32.45,3883800
2023-07-24,32.57,33.35,32.47,32.97,32.778,3615100
2023-07-25,33.09,33.92,32.77,33.53,33.3348,4484900
2023-07-26,33.68,33.87,32.79,33.74,33.5436,4048300
2023-07-27,33.96,34.05,32.93,32.98,32.788,3355900
2023-07-28,33.1,33.98,33.1,33.97,33.7722,2795600
2023-07-31,34.38,35.24,34.06,35.16,34.9553,5481500
2023-08-01,34.85,34.87,34.17,34.54,34.3389,4561300
2023-08-02,33.33,33.56,31.58,33.22,33.0266,11929800
2023-08-03,33.47,34.01,32.92,33.72,33.5237,5497700
2023-08-04,33.66,34.13,33.19,33.5,33.305,3767200
2023-08-07,33.74,34.51,33.67,33.93,33.7324,3013100
2023-08-08,33.36,34.08,32.89,34.0,33.802,3028100
2023-08-09,34.23,34.49,33.99,34.26,34.0605,2816500
2023-08-10,34.58,34.89,33.91,34.19,33.9909,3922000
2023-08-11,34.0,35.09,33.96,34.8,34.5974,3712300
2023-08-14,34.66,35.19,34.17,34.8,34.5974,2556100
2023-08-15,34.62,34.7,33.81,33.89,33.6927,2764100
2023-08-16,33.92,34.63,33.87,34.06,33.8617,2829900
2023-08-17,34.34,34.49,33.95,34.02,33.8219,2792500
2023-08-18,33.66,34.86,33.63,34.67,34.4681,3889400
2023-08-21,35.1,36.21,34.95,36.05,35.8401,7307200
2023-08-22,36.2,36.28,35.67,36.2,35.9892,3281500
2023-08-23,35.94,36.48,35.83,35.96,35.7506,4755400
2023-08-24,35.94,36.28,35.58,35.73,35.522,2870200
2023-08-25,35.99,36.53,35.15,36.38,36.1682,4092300
2023-08-28,36.38,36.78,36.19,36.6,36.3869,3032900
2023-08-29,36.57,36.83,36.24,36.51,36.2974,2795400
2023-08-30,36.69,37.4,36.45,36.94,36.7249,3180800
2023-08-31,37.15,37.34,36.54,37.0,36.7846,3721400
2023-09-01,37.37,37.89,37.13,37.35,37.1325,3350800
2023-09-05,36.73,37.42,35.9,37.14,36.9238,4602100
2023-09-06,37.02,37.36,36.31,36.84,36.6255,2550000
2023-09-07,36.48,37.28,36.44,37.1,36.884,2768500
2023-09-08,37.4,37.57,36.76,37.05,36.8343,1784500
2023-09-11,37.04,37.63,36.91,37.49,37.2717,3826300
2023-09-12,37.42,38.63,37.4,38.14,37.9179,3584100
2023-09-13,38.47,39.45,38.3,38.93,38.7033,5572900
2023-09-14,39.6,40.01,38.99,39.89,39.6577,8291900
2023-09-15,40.13,41.65,40.08,40.3,40.0654,9131700
2023-09-18,40.43,40.53,39.71,40.41,40.1747,5206100
2023-09-19,40.65,40.86,38.82,39.14,38.9121,6155400
2023-09-20,39.0,40.29,39.0,39.5,39.27,3701800
2023-09-21,39.04,39.31,38.27,38.77,38.5443,3671500
2023-09-22,39.24,40.54,39.24,39.98,39.7472,5570900
2023-09-25,40.17,41.83,40.05,41.49,41.2484,8557400
2023-09-26,41.21,41.59,40.37,40.62,40.3835,4740000
2023-09-27,40.91,41.45,39.55,40.35,40.1151,5225100
2023-09-28,40.93,42.17,40.71,41.15,40.9104,7505000
2023-09-29,41.1,41.22,39.52,39.64,39.4092,8414600
2023-10-02,39.65,39.78,37.06,37.57,37.3513,11284700
2023-10-03,37.34,38.15,36.92,37.08,36.8641,5576400
2023-10-04,36.74,36.74,35.18,36.16,35.9495,8957100
2023-10-05,35.81,37.39,35.81,37.13,36.9138,5787400
2023-10-06,37.3,38.19,36.9,37.68,37.4606,5121400
2023-10-09,37.92,37.92,36.15,37.36,37.1425,4228400
2023-10-10,37.5,38.32,37.49,37.75,37.5302,4288500
2023-10-11,37.68,37.73,36.34,37.22,37.0033,5283700
2023-10-12,37.44,37.47,35.79,36.18,35.9694,4504300
2023-10-13,36.41,36.76,35.77,36.41,36.198,5325700
2023-10-16,36.6,36.81,35.8,36.18,35.9694,3941000
2023-10-17,36.07,38.23,35.98,37.67,37.4507,7024300
2023-10-18,37.89,38.38,37.4,37.87,37.6495,4213100
2023-10-19,37.68,39.01,36.91,38.34,38.1168,6137600
2023-10-20,38.59,38.81,37.49,38.19,37.9676,4731600
2023-10-23,37.78,38.67,37.06,38.27,38.0472,2819800
2023-10-24,38.54,39.43,38.18,38.81,38.584,4774800
2023-10-25,39.26,39.77,38.73,39.25,39.0215,4682300
2023-10-26,39.0,39.27,37.43,38.35,38.1267,6322900
2023-10-27,38.61,38.83,37.81,37.93,37.7092,3507500
2023-10-30,38.25,38.7,37.14,37.86,37.6396,4868500
2023-10-31,39.78,41.51,39.0,40.91,40.6718,13147500
2023-11-01,41.46,41.69,40.32,41.05,40.811,5113300
2023-11-02,41.47,43.11,41.36,42.84,42.5906,7325100
2023-11-03,42.85,43.02,41.76,41.95,41.7058,5512900
2023-11-06,42.26,42.33,40.71,40.81,40.5724,3995100
2023-11-07,40.5,41.52,39.65,41.16,40.9204,4600600
2023-11-08,41.09,41.38,40.08,40.45,40.2145,4981100
2023-11-09,40.94,42.73,40.81,42.22,41.9742,5871900
2023-11-10,42.32,42.82,41.64,42.5,42.2526,4164600
2023-11-13,42.51,44.35,42.51,43.73,43.4754,5745600
2023-11-14,43.97,44.17,42.7,44.07,43.8134,4847500
2023-11-15,44.12,44.24,42.96,43.17,42.9187,4238600
2023-11-16,43.05,44.22,43.04,43.94,43.6842,4679400
2023-11-17,44.25,44.99,43.99,44.6,44.3403,5219300
2023-11-20,44.71,45.45,44.56,45.35,45.086,3891400
2023-11-21,45.3,45.83,44.15,44.77,44.5093,5111600
2023-11-22,44.83,45.16,43.96,45.0,44.738,3349800
2023-11-24,45.31,45.72,44.9,45.13,44.8672,1872000
2023-11-27,44.89,45.71,44.71,45.43,45.1655,4082500
2023-11-28,45.48,45.6,44.73,45.23,44.9667,4155200
2023-11-29,45.23,45.33,44.03,44.19,44.0184,5073200
2023-11-30,44.15,46.09,44.05,45.92,45.7416,4925300
2023-12-01,45.72,46.76,45.26,45.4,45.2237,5041500
2023-12-04,46.45,46.57,45.71,45.96,45.7815,3976700
2023-12-05,45.92,46.05,45.26,45.72,45.5424,3058100
2023-12-06,45.67,46.17,44.6,44.89,44.7156,3583600
2023-12-07,44.91,44.95,44.05,44.22,44.0482,4573600
2023-12-08,44.35,45.28,44.24,45.09,44.9149,3746400
2023-12-11,45.12,45.43,44.66,45.06,44.885,4278900
2023-12-12,44.96,45.97,44.68,45.92,45.7416,4867900
2023-12-13,46.0,46.16,44.53,45.65,45.4727,6407500
2023-12-14,46.05,46.58,44.11,46.21,46.0305,7920700
2023-12-15,46.36,46.76,44.72,44.96,44.7854,5044100
2023-12-18,45.37,46.95,45.37,46.34,46.16,5454500
2023-12-19,46.53,46.74,43.33,43.77,43.6,11122900
2023-12-20,43.76,43.77,42.64,42.67,42.5043,7627800
2023-12-21,42.67,43.91,42.66,43.64,43.4705,4661900
2023-12-22,43.89,44.49,43.55,43.62,43.4506,4003100
2023-12-26,43.9,44.02,43.28,43.89,43.7195,2287500
2023-12-27,43.84,44.25,43.57,43.62,43.4506,2193300
2023-12-28,43.3,43.54,42.83,42.9,42.7334,3993300
2023-12-29,42.96,43.57,42.86,43.1,42.9326,2620800
2024-01-02,43.05,43.18,41.74,42.04,41.8767,4024400
2024-01-03,41.57,42.32,41.17,41.51,41.3488,4091900
2024-01-04,41.53,43.06,41.22,42.64,42.4744,6765500
2024-01-05,42.63,43.12,42.2,42.25,42.0859,2589100
2024-01-08,42.47,42.82,41.95,42.71,42.5441,3212400
2024-01-09,42.47,45.12,42.19,44.73,44.5563,6491900
2024-01-10,45.5,45.91,44.88,45.15,44.9746,5648500
2024-01-11,45.33,46.69,44.9,46.66,46.4788,5128500
2024-01-12,48.78,51.22,48.68,49.92,49.7261,17501500
2024-01-16,50.13,51.08,48.84,48.96,48.7698,8802100
2024-01-17,48.05,48.39,46.84,47.92,47.7339,9410300
2024-01-18,48.28,48.55,46.46,47.81,47.6243,4234600
2024-01-19,47.82,47.95,45.83,46.99,46.8075,6483700
2024-01-22,46.97,47.38,46.02,46.18,46.0006,4688800
2024-01-23,46.15,48.08,45.99,47.32,47.1362,4506500
2024-01-24,47.79,48.81,47.24,47.44,47.2557,5267100
2024-01-25,47.8,47.81,45.57,45.98,45.8014,4084700
2024-01-26,45.93,46.63,45.47,46.36,46.1799,3252900
2024-01-29,46.22,47.18,45.28,47.09,46.9071,3509800
2024-01-30,47.09,48.2,46.55,47.9,47.7139,4699800
2024-01-31,48.0,48.45,47.43,47.75,47.5645,3803600
2024-02-01,49.91,51.33,49.36,50.56,50.3636,8850500
2024-02-02,50.33,50.4,48.64,49.01,48.8196,5319500
2024-02-05,48.71,48.76,47.32,48.31,48.1224,6626800
2024-02-06,48.58,48.58,47.53,47.62,47.435,4290300
2024-02-07,47.5,48.31,47.12,48.05,47.8634,5431100
2024-02-08,47.43,48.34,44.55,44.72,44.5463,12531600
2024-02-09,44.1,45.06,43.66,44.06,43.8889,6861900
2024-02-12,43.75,44.15,43.15,43.64,43.4705,4661900
2024-02-13,43.15,43.3,41.55,41.86,41.6974,5940600
2024-02-14,42.26,42.35,41.21,42.25,42.0859,3932700
2024-02-15,42.35,43.02,41.81,42.32,42.1556,3210700
2024-02-16,42.48,43.06,42.15,42.18,42.0162,3517600
2024-02-20,42.29,42.71,41.06,41.47,41.3089,4868400
2024-02-21,40.69,42.3,40.4,41.73,41.5679,6976100
2024-02-22,41.83,42.61,40.84,41.05,40.8906,5440800
2024-02-23,40.84,41.19,40.03,40.19,40.0339,5601800
2024-02-26,40.04,41.29,39.74,40.87,40.7113,7189800
2024-02-27,41.0,42.26,40.85,41.63,41.4683,6040300
2024-02-28,41.5,41.55,40.37,40.76,40.6017,4423800
2024-02-29,41.14,41.8,40.18,40.53,40.3726,4779100
2024-03-01,40.68,42.58,40.66,41.97,41.807,5334900
2024-03-04,42.23,42.79,41.17,41.3,41.1396,4396600
2024-03-05,41.19,41.98,40.78,40.86,40.7013,2606100
2024-03-06,41.25,41.86,41.17,41.63,41.4683,3280900
2024-03-07,41.7,44.09,41.67,44.07,43.8988,6182700
2024-03-08,44.36,44.47,40.7,41.23,41.0699,6576300
2024-03-11,40.88,41.3,40.3,40.77,40.6116,4034300
2024-03-12,40.96,42.15,40.66,41.96,41.797,3718600
2024-03-13,42.1,42.74,39.13,39.57,39.4163,9191600
2024-03-14,39.31,40.33,39.02,39.95,39.7948,5334800
2024-03-15,40.08,41.76,39.78,41.11,40.9503,6702300
2024-03-18,41.4,42.3,40.9,41.95,41.7871,4513100
2024-03-19,41.56,41.65,40.36,41.16,41.0001,3398400
2024-03-20,40.92,42.23,40.81,41.98,41.8169,2711000
2024-03-21,42.44,43.0,42.0,42.64,42.4744,3030300
2024-03-22,42.64,43.43,42.34,43.19,43.0222,2573300
2024-03-25,43.42,44.2,41.93,41.97,41.807,3623700
2024-03-26,42.18,42.71,41.32,42.1,41.9365,2082100
2024-03-27,42.12,42.73,41.8,42.71,42.5441,2063900
2024-03-28,42.75,43.79,42.64,43.32,43.1517,4247600
2024-04-01,44.5,46.89,44.23,46.75,46.5684,7548000
2024-04-02,46.26,47.69,45.71,47.68,47.4948,4701800
2024-04-03,47.86,49.98,47.74,49.86,49.6663,7506800
2024-04-04,49.53,50.43,48.22,48.36,48.1722,6142300
2024-04-05,48.43,50.08,47.8,49.21,49.0189,3315200
2024-04-08,49.26,49.26,47.19,48.75,48.5606,4162000
2024-04-09,49.37,49.5,46.94,47.9,47.7139,3425300
2024-04-10,47.34,49.35,47.02,49.16,48.9691,4290900
2024-04-11,49.31,50.93,48.44,50.47,50.274,5881700
2024-04-12,51.1,52.64,49.16,49.59,49.3974,8956400
2024-04-15,49.8,50.79,47.9,48.32,48.1323,4655000
2024-04-16,47.77,48.8,46.27,48.19,48.0028,4572600
2024-04-17,48.59,49.66,47.98,48.41,48.222,2665900
2024-04-18,48.47,49.28,47.84,48.17,47.9829,2533600
2024-04-19,47.91,48.9,47.72,48.1,47.9132,2203100
2024-04-22,47.57,47.96,46.67,47.29,47.1063,4047700
2024-04-23,47.2,48.92,47.01,48.68,48.4909,3699300
2024-04-24,48.72,49.52,48.1,48.76,48.5706,2881500
2024-04-25,48.63,49.78,47.88,49.16,48.9691,2030800
2024-04-26,49.38,49.65,48.29,49.35,49.1583,3083400
2024-04-29,49.66,50.6,48.42,49.42,49.228,5424800
2024-04-30,48.12,49.14,45.1,45.63,45.4528,8863200
2024-05-01,47.67,48.2,46.63,46.92,46.7377,6482200
2024-05-02,47.05,48.94,46.92,48.42,48.2319,3578400
2024-05-03,48.94,49.09,47.52,48.41,48.222,2224700
2024-05-06,48.73,50.95,48.71,50.73,50.533,4909800
2024-05-07,51.53,52.8,50.99,51.75,51.549,6534200
2024-05-08,51.1,51.65,49.96,50.56,50.3636,2993900
2024-05-09,50.86,52.28,50.82,52.23,52.0271,2993500
2024-05-10,52.74,53.17,50.5,50.91,50.7123,2829300
2024-05-13,50.85,50.85,48.91,48.98,48.7897,3785000
2024-05-14,49.16,50.16,49.0,49.98,49.7859,2786000
2024-05-15,50.08,50.6,49.37,49.97,49.7759,2092800
2024-05-16,49.88,50.24,49.37,49.83,49.6365,2842900
2024-05-17,50.11,53.38,49.86,53.05,52.8439,5683800
2024-05-20,53.91,54.54,53.29,54.0,53.7903,4346600
2024-05-21,53.56,54.93,53.3,53.73,53.5213,3581100
2024-05-22,53.46,53.58,51.85,52.14,51.9375,3540200
2024-05-23,52.24,52.59,51.18,51.69,51.4892,3565600
2024-05-24,52.0,53.9,51.72,52.99,52.7842,2535000
2024-05-28,53.51,55.0,53.07,54.13,53.9198,2706200
2024-05-29,53.51,54.65,52.67,54.34,54.1289,3027100
2024-05-30,53.85,55.76,53.71,54.77,54.5573,3500200
2024-05-31,54.86,56.24,54.62,55.51,55.2944,4629700
2024-06-03,55.73,56.08,53.39,54.1,53.8899,3381400
2024-06-04,53.24,53.77,51.75,53.62,53.4117,4118200
2024-06-05,53.93,54.9,53.9,54.28,54.0692,3605100
2024-06-06,54.25,55.73,54.01,55.47,55.2545,2723300
2024-06-07,54.68,55.01,53.39,53.4,53.1926,2169500
2024-06-10,53.5,54.24,53.28,53.6,53.3918,2018600
2024-06-11,52.95,52.98,50.16,50.81,50.6126,4446900
2024-06-12,51.6,52.64,51.1,52.44,52.2363,3083800
2024-06-13,52.48,53.79,52.36,52.92,52.7144,2895500
2024-06-14,52.58,53.0,51.71,51.9,51.6984,2251100
2024-06-17,51.5,52.05,50.89,51.29,51.0908,2641900
2024-06-18,51.0,52.81,50.96,52.4,52.1965,2359200
2024-06-20,52.0,52.64,51.04,52.22,52.0172,2795200
2024-06-21,51.96,52.15,50.62,51.57,51.3697,2061700
2024-06-24,51.86,52.22,50.26,50.44,50.2441,2746000
2024-06-25,50.23,50.49,49.19,50.04,49.8456,2421400
2024-06-26,49.61,50.77,49.56,50.49,50.2939,2183800
2024-06-27,50.91,51.84,50.54,51.76,51.559,2779400
2024-06-28,52.31,52.32,48.81,49.2,49.0089,3771900
2024-07-01,49.68,50.68,49.44,50.22,50.0249,2098800
2024-07-02,50.18,50.4,49.11,49.73,49.5368,1926700
2024-07-03,50.3,51.09,50.02,50.56,50.3636,1651600
2024-07-05,50.66,50.75,49.08,49.93,49.7361,1843100
2024-07-08,49.8,49.83,48.26,48.73,48.5407,3836100
2024-07-09,48.65,49.92,48.39,48.99,48.7997,2000800
2024-07-10,50.18,53.8,50.0,53.72,53.5113,5888000
2024-07-11,53.72,54.21,53.21,53.72,53.5113,2608400
2024-07-12,53.85,53.85,52.76,52.87,52.6646,2201300
2024-07-15,52.11,53.21,51.98,52.22,52.0172,1693900
2024-07-16,52.34,52.43,50.9,51.37,51.1705,2051600
2024-07-17,50.54,50.7,46.93,47.47,47.2856,6938900
2024-07-18,48.33,48.33,46.15,46.45,46.2696,5194200
2024-07-19,46.1,47.08,45.82,46.63,46.4489,2916800
2024-07-22,47.13,47.87,46.64,47.61,47.4251,2855000
2024-07-23,47.3,47.66,46.55,47.36,47.176,2326400
2024-07-24,46.99,47.45,46.13,46.49,46.3094,2276000
2024-07-25,45.77,45.85,43.57,44.58,44.4068,5525600
2024-07-26,45.43,45.69,44.68,45.19,45.0145,3115500
2024-07-29,45.14,45.45,44.15,44.64,44.4666,2622300
2024-07-30,44.3,44.84,43.65,44.28,44.108,3080400
2024-07-31,45.0,45.97,43.63,45.49,45.3133,6071700
2024-08-01,44.35,44.44,40.62,41.02,40.8607,8510100
2024-08-02,40.05,40.06,37.77,38.03,37.8823,9842700
2024-08-05,36.0,37.45,35.43,36.9,36.7567,10602000
2024-08-06,37.6,38.99,36.64,38.18,38.0317,7968200
2024-08-07,39.64,40.52,38.08,38.11,37.962,6573800
2024-08-08,38.73,39.51,37.94,39.15,38.9979,3990300
2024-08-09,39.6,39.83,38.95,39.55,39.3964,2884200
2024-08-12,39.93,40.79,38.39,39.09,38.9382,4040200
2024-08-13,39.45,39.45,38.4,39.22,39.0677,2838300
2024-08-14,39.79,40.48,39.58,39.85,39.6952,3028000
2024-08-15,40.43,41.1,40.11,40.78,40.6216,3640000
2024-08-16,40.51,40.66,39.76,40.26,40.1036,3300400
2024-08-19,40.6,41.7,40.53,41.22,41.0599,2768000
2024-08-20,41.24,41.9,40.94,41.38,41.2193,2649100
2024-08-21,41.63,41.95,41.28,41.41,41.2492,2299300
2024-08-22,41.52,42.02,40.19,40.36,40.2032,3287700
2024-08-23,42.65,43.49,41.85,42.61,42.4445,7567900
2024-08-26,43.54,44.45,42.14,42.33,42.1656,4274800
2024-08-27,41.5,42.52,40.85,41.9,41.7373,2437300
2024-08-28,41.2,41.61,40.36,40.71,40.5519,2946800
2024-08-29,40.93,41.06,40.22,40.25,40.0937,2450500
2024-08-30,40.39,40.87,40.15,40.84,40.6814,2646800
2024-09-03,40.0,40.18,37.68,37.95,37.8026,5436700
2024-09-04,37.88,39.82,37.85,39.0,38.8485,4981900
2024-09-05,39.15,39.23,37.92,38.1,37.952,2434200
2024-09-06,37.83,38.07,35.89,36.96,36.8164,4793800
2024-09-09,37.49,37.75,36.84,37.04,36.8961,3600400
2024-09-10,37.24,37.71,36.86,37.7,37.5536,2935400
2024-09-11,37.95,40.26,37.86,39.98,39.8247,8484600
2024-09-12,40.38,41.29,40.23,40.74,40.5818,4459600
2024-09-13,40.92,41.08,39.68,40.33,40.1734,2943300
2024-09-16,40.52,40.75,39.94,40.59,40.4323,2029600
2024-09-17,41.05,41.18,40.14,40.3,40.1435,2944100
2024-09-18,40.3,41.05,39.8,40.11,39.9542,2259100
2024-09-19,41.46,41.65,40.7,41.08,40.9204,2461300
2024-09-20,43.49,44.95,43.25,44.4,44.2275,10165400
2024-09-23,45.44,46.83,44.87,46.02,45.8412,7757800
2024-09-24,47.32,47.48,46.28,46.77,46.5883,4364400
2024-09-25,46.7,48.09,46.54,47.59,47.4052,4659400
2024-09-26,48.34,49.28,47.64,48.06,47.8733,6835700
2024-09-27,48.24,48.65,47.62,47.98,47.7936,3185700
2024-09-30,47.98,48.33,47.4,47.76,47.5745,5078800
2024-10-01,48.07,48.92,47.64,48.64,48.4511,3675400
2024-10-02,48.72,49.76,48.53,49.44,49.248,3172300
2024-10-03,50.0,50.19,49.29,49.96,49.7659,4937700
2024-10-04,50.18,52.2,49.55,51.84,51.6386,6878800
2024-10-07,51.5,52.32,50.63,51.42,51.2203,4488300
2024-10-08,50.28,51.92,50.2,51.58,51.3797,3385100
2024-10-09,51.01,51.01,49.73,50.58,50.3835,4187200
2024-10-10,50.18,50.68,49.91,50.49,50.2939,2305300
2024-10-11,49.89,51.61,49.89,51.35,51.1505,2628500
2024-10-14,51.35,52.16,51.03,51.88,51.6785,3248500
2024-10-15,52.04,52.45,50.12,51.71,51.5091,5008300
2024-10-16,53.38,55.97,53.05,55.78,55.5633,10271200
2024-10-17,55.55,57.55,55.05,56.67,56.4499,9245000
2024-10-18,56.95,58.65,56.15,58.02,57.7946,6041400
2024-10-21,58.5,58.72,57.42,57.92,57.695,4551300
2024-10-22,57.15,57.61,55.31,56.68,56.4598,4841500
2024-10-23,56.19,56.25,53.3,54.08,53.8699,6296300
2024-10-24,54.91,55.21,53.18,53.85,53.6408,4872500
2024-10-25,53.8,54.87,53.46,53.79,53.5811,3510100
2024-10-28,53.26,55.75,53.05,55.17,54.9557,4265000
2024-10-29,55.0,55.47,54.36,54.77,54.5573,2473500
2024-10-30,54.56,54.73,53.59,53.98,53.7703,2824600
2024-10-31,53.42,53.7,51.31,52.22,52.0172,4988900
2024-11-01,53.04,53.67,52.26,52.5,52.2961,4298100
2024-11-04,51.24,51.75,50.16,51.15,50.9513,4587700
2024-11-05,51.59,51.98,50.96,51.26,51.0609,2903300
2024-11-06,52.6,52.6,50.78,51.21,51.0111,5921400
2024-11-07,51.8,54.48,51.21,53.58,53.3719,5817000
2024-11-08,53.75,54.11,51.84,52.54,52.3359,4050800
2024-11-11,52.75,52.75,50.91,52.08,51.8777,3139600
2024-11-12,51.6,54.67,51.33,54.41,54.1987,6283200
2024-11-13,55.64,56.0,52.38,52.98,52.7742,5121300
2024-11-14,52.75,54.09,52.71,53.11,52.9037,3413200
2024-11-15,52.59,56.47,51.71,53.59,53.3818,10937800
2024-11-18,54.36,57.31,54.06,55.9,55.6829,6850400
2024-11-19,56.18,57.84,55.58,57.46,57.2368,4948900
2024-11-20,58.37,59.24,56.69,57.61,57.3862,4440400
2024-11-21,58.74,60.98,58.02,60.93,60.6933,6295800
2024-11-22,60.16,60.52,58.64,60.11,59.8765,3873500
2024-11-25,60.5,60.78,57.9,58.11,57.8843,3792600
2024-11-26,57.73,58.91,57.11,58.62,58.3923,3037400
2024-11-27,58.68,58.92,57.62,57.81,57.6977,2241000
2024-11-29,58.59,60.55,58.3,59.45,59.3345,2813800
2024-12-02,60.1,61.05,58.17,58.83,58.7157,3098300
2024-12-03,58.83,59.64,57.74,59.39,59.2746,2748900
2024-12-04,60.05,60.71,58.77,59.61,59.4942,2794600
2024-12-05,59.5,61.42,59.25,61.14,61.0212,3689000
2024-12-06,61.5,62.55,60.67,61.06,60.9413,3483500
2024-12-09,61.67,61.9,57.33,57.52,57.4082,5459500
2024-12-10,56.92,57.5,55.78,56.42,56.3104,5823000
2024-12-11,56.67,57.9,56.05,57.81,57.6977,3118000
2024-12-12,57.0,57.38,55.36,56.0,55.8912,4413800
2024-12-13,55.83,56.25,54.26,54.29,54.1845,3750800
2024-12-16,54.08,54.72,53.24,54.19,54.0847,3156900
2024-12-17,53.15,53.67,52.35,53.42,53.3162,3681900
2024-12-18,53.67,54.77,51.7,51.93,51.8291,3947600
2024-12-19,52.6,53.29,51.76,52.91,52.8072,3664200
2024-12-20,51.79,53.43,51.6,52.44,52.3381,3553800
2024-12-23,52.13,53.3,52.13,53.14,53.0367,1846000
2024-12-24,53.39,53.42,51.86,52.62,52.5177,1257100
2024-12-26,52.58,53.0,51.52,52.56,52.4579,1246600
2024-12-27,52.39,52.75,51.44,52.49,52.388,1921500
2024-12-30,51.77,52.45,51.2,51.33,51.2303,2073300
2024-12-31,51.6,51.8,50.85,51.39,51.2901,2823100
2025-01-02,51.27,52.79,51.01,52.16,52.0586,3766900
2025-01-03,52.76,53.14,51.78,53.12,53.0168,3172400
2025-01-06,54.18,56.16,53.95,54.81,54.7035,3869100
2025-01-07,55.6,55.6,51.31,51.58,51.4798,4473800
2025-01-08,51.62,51.62,49.55,51.38,51.2802,5201400
2025-01-10,50.9,51.38,49.03,49.24,49.1443,3644200
2025-01-13,48.64,49.79,48.18,48.8,48.7052,2925900
2025-01-14,49.37,50.28,49.03,49.06,48.9647,2307000
2025-01-15,50.47,50.48,49.66,49.67,49.5735,2366800
2025-01-16,50.24,50.46,48.78,49.51,49.4138,3343600
2025-01-17,49.52,52.59,49.21,51.63,51.5297,6237000
2025-01-21,52.2,53.62,52.05,53.56,53.4559,4616000
2025-01-22,54.71,57.23,54.09,56.32,56.2106,6868300
2025-01-23,56.25,57.23,55.5,56.86,56.7495,4711200
2025-01-24,57.55,58.33,55.21,56.0,55.8912,6097500
2025-01-27,51.36,51.91,47.37,47.51,47.4177,14256500
2025-01-28,48.1,48.67,46.54,48.6,48.5056,7245500
2025-01-29,48.72,50.25,48.51,50.07,49.9727,5188700
2025-01-30,51.11,51.64,49.97,50.3,50.2023,5231800
2025-01-31,50.79,51.33,48.66,49.44,49.3439,3819000
2025-02-03,47.44,48.56,46.88,47.45,47.3578,5044300
2025-02-04,48.41,50.81,48.41,50.32,50.2222,3453900
2025-02-05,50.25,50.98,49.6,50.35,50.2522,3534900
2025-02-06,50.73,50.85,48.18,48.7,48.6054,3297000
2025-02-07,48.9,50.72,48.8,49.93,49.833,3547300
2025-02-10,50.5,51.25,50.11,50.36,50.2621,2631600
2025-02-11,50.14,50.55,49.5,49.85,49.7531,3206000
2025-02-12,49.2,51.01,48.97,49.63,49.5336,3038000
2025-02-13,49.46,49.98,48.52,49.08,48.9846,4539400
2025-02-14,49.29,49.37,46.73,47.19,47.0983,5179500
2025-02-18,47.3,48.06,46.12,47.92,47.8269,4688000
2025-02-19,46.93,47.47,45.91,46.55,46.4595,5303400
2025-02-20,48.5,48.81,46.08,46.54,46.4496,5174700
2025-02-21,46.42,46.49,43.08,43.48,43.3955,7348200
2025-02-24,43.61,44.14,42.36,43.28,43.1959,5578700
2025-02-25,43.35,43.91,42.86,43.59,43.5053,4893500
2025-02-26,44.67,45.51,44.07,44.72,44.6331,5080800
2025-02-27,45.64,46.25,43.19,43.48,43.3955,5695200
2025-02-28,42.9,44.08,42.4,44.04,43.9544,3135900
2025-03-03,44.64,44.75,40.7,41.11,41.0301,5522300
2025-03-04,40.04,42.77,39.31,41.89,41.8086,8631100
2025-03-05,42.55,43.14,41.93,42.99,42.9065,3518200
2025-03-06,41.95,43.47,41.64,42.13,42.0481,3651700
2025-03-07,42.35,42.35,40.72,41.83,41.7487,4137700
2025-03-10,40.86,41.45,40.0,40.64,40.561,5791300
2025-03-11,40.69,42.48,40.32,41.73,41.6489,4299500
2025-03-12,43.52,43.84,42.15,42.6,42.5172,4787100
2025-03-13,42.38,43.11,41.42,41.81,41.7288,3382500
2025-03-14,42.54,43.13,42.16,42.47,42.3875,3951200
2025-03-17,42.57,43.68,42.55,43.33,43.2458,2481100
2025-03-18,43.2,43.48,42.38,43.09,43.0063,2389900
2025-03-19,43.54,44.34,43.39,44.19,44.1041,3029500
2025-03-20,43.66,45.81,43.66,44.85,44.7628,4191900
2025-03-21,44.64,45.02,44.02,44.53,44.4435,2993200
2025-03-24,45.36,46.21,45.06,45.74,45.6511,2388400
2025-03-25,45.54,45.87,44.05,44.48,44.3936,2775000
2025-03-26,44.45,44.61,42.97,43.25,43.166,2639300
2025-03-27,42.94,43.33,42.19,42.63,42.5472,2260800
2025-03-28,42.28,43.25,41.62,41.83,41.7487,2481700
2025-03-31,40.5,41.39,40.44,41.16,41.08,4832600
2025-04-01,41.85,42.29,40.5,41.8,41.7188,3071100
2025-04-02,41.02,42.63,41.02,42.47,42.3875,2367800
2025-04-03,40.72,41.81,40.43,40.91,40.8305,5631400
2025-04-04,39.62,40.01,36.43,37.83,37.7565,9420300
2025-04-07,36.0,39.27,35.0,37.16,37.0878,6239800
2025-04-08,38.79,38.97,36.01,36.68,36.6087,4940600
2025-04-09,36.49,41.04,36.03,40.05,39.9722,6838800
2025-04-10,38.85,39.84,37.77,38.68,38.6048,4305700
2025-04-11,38.59,41.39,38.59,40.84,40.7606,4790500
2025-04-14,41.94,42.04,40.53,41.31,41.2297,2997500
2025-04-15,41.38,41.97,40.79,40.81,40.7307,2421700
2025-04-16,40.44,42.05,40.44,41.28,41.1998,3345100
2025-04-17,41.24,41.69,40.83,41.18,41.1,2257400
2025-04-21,41.22,41.41,38.98,39.61,39.533,3145800
2025-04-22,40.19,40.73,39.89,40.18,40.1019,2580900
2025-04-23,41.6,42.58,41.3,41.97,41.8884,4548900
2025-04-24,42.23,43.98,42.1,43.89,43.8047,3173800
2025-04-25,43.45,44.18,43.21,43.99,43.9045,2340900
2025-04-28,43.85,45.46,43.74,45.32,45.2319,3309800
2025-04-29,45.32,45.98,44.84,45.42,45.3317,2708000
2025-04-30,44.82,45.43,43.83,45.15,45.0623,3501200
2025-05-01,46.0,46.53,44.52,45.51,45.4216,4882000
2025-05-02,46.5,47.74,46.25,47.01,46.9186,4139000
2025-05-05,46.77,46.8,45.78,46.41,46.3198,2692200
2025-05-06,45.49,48.48,45.42,48.15,48.0564,5743300
2025-05-07,48.0,49.97,47.87,49.74,49.6433,5395200
2025-05-08,50.41,50.97,49.15,49.24,49.1443,4566300
2025-05-09,49.41,50.94,48.81,50.73,50.6314,5168000
2025-05-12,52.45,52.6,50.7,51.16,51.0606,5117700
2025-05-13,51.1,52.48,51.09,51.96,51.859,4568000
2025-05-14,52.06,53.48,51.82,53.3,53.1964,4819600
2025-05-15,52.77,52.91,51.1,51.59,51.4897,5913300
2025-05-16,51.46,51.66,50.7,51.27,51.1704,4545900
2025-05-19,50.3,51.34,50.03,51.18,51.0805,3035300
2025-05-20,51.7,52.61,51.46,52.4,52.2982,3041100
2025-05-21,52.12,53.22,51.84,52.17,52.0686,3070300
2025-05-22,51.9,53.3,51.7,52.81,52.7074,3169700
2025-05-23,56.07,58.75,55.11,58.69,58.5759,13341300
2025-05-27,60.65,62.27,59.81,60.47,60.3525,13926600
2025-05-28,60.38,61.25,60.08,60.41,60.2926,7431300
2025-05-29,60.89,61.18,58.51,59.15,59.0351,7191900
2025-05-30,58.43,58.92,57.63,58.53,58.4163,5413300
2025-06-02,58.8,59.22,58.18,58.18,58.0669,3475200
2025-06-03,60.71,60.97,58.91,59.68,59.564,5818700
2025-06-04,59.34,60.07,59.1,59.95,59.8335,3311200
2025-06-05,59.97,60.35,59.1,60.03,59.9133,3422700
2025-06-06,60.03,60.54,59.25,60.42,60.3026,3328900
2025-06-09,63.2,68.12,63.17,66.91,66.78,16021100
2025-06-10,66.63,66.79,62.59,63.83,63.706,10657500
2025-06-11,64.51,67.41,64.19,66.33,66.2011,7928300
2025-06-12,65.5,67.25,65.44,66.14,66.0115,4439100
2025-06-13,65.54,66.8,64.84,66.66,66.5305,5083200
2025-06-16,68.8,71.31,68.27,69.36,69.2252,11181200
2025-06-17,69.78,69.92,68.56,69.25,69.1154,4245200
2025-06-18,69.35,70.3,68.86,69.67,69.5346,4390100
2025-06-20,69.88,69.97,67.76,68.27,68.1373,5507700
2025-06-23,67.66,70.58,67.6,69.72,69.5845,5086400
2025-06-24,70.11,72.79,69.96,72.34,72.1994,5802500
2025-06-25,72.1,72.67,71.09,71.43,71.2912,3953200
2025-06-26,72.65,75.01,71.82,74.46,74.3153,7823300
2025-06-27,74.72,75.42,72.36,73.27,73.1276,8007500
2025-06-30,74.0,74.42,72.5,74.23,74.0858,4105800
2025-07-01,73.57,73.94,71.26,71.67,71.5307,6175200
2025-07-02,71.46,72.31,70.68,71.66,71.5207,4886000
2025-07-03,72.0,73.5,71.24,73.45,73.3073,2774000
2025-07-07,72.64,75.21,71.66,75.19,75.0439,5686100
2025-07-08,74.6,75.16,70.39,71.94,71.8002,6422000
2025-07-09,71.72,72.49,70.71,71.55,71.411,4122900
2025-07-10,71.87,71.87,69.32,70.82,70.6824,6329500
2025-07-11,70.65,72.85,70.42,72.7,72.5587,4033700
2025-07-14,72.31,75.41,72.0,75.14,74.994,6277200
2025-07-15,76.05,76.56,73.63,75.8,75.6527,6068400
2025-07-16,76.27,76.75,74.51,76.19,76.0419,4388600
2025-07-17,76.0,78.51,75.41,77.91,77.7586,5384800
2025-07-18,78.53,80.05,77.38,78.97,78.8165,4633400
2025-07-21,79.29,79.35,76.21,77.08,76.9302,5126400
2025-07-22,76.6,78.36,75.45,77.9,77.7486,5325700
2025-07-23,77.5,79.9,77.44,79.15,78.9962,4909000
2025-07-24,79.15,80.06,78.87,79.92,79.7647,3695700
2025-07-25,79.53,79.92,77.71,79.6,79.4453,3508700
2025-07-28,79.88,79.9,77.9,79.14,78.9862,3534900
2025-07-29,79.17,80.32,78.18,78.69,78.5371,3714300
2025-07-30,77.81,79.05,76.8,77.75,77.5989,4376900
2025-07-31,79.95,80.06,73.86,74.93,74.7844,7921500
2025-08-01,72.91,73.63,70.82,72.93,72.7883,6061800
2025-08-04,73.51,75.38,73.0,75.26,75.1137,3438200
2025-08-05,75.6,76.57,73.68,74.59,74.445,4324900
2025-08-06,75.44,77.56,74.84,76.55,76.4012,4451900
2025-08-07,76.88,76.88,75.13,76.37,76.2216,3332000
2025-08-08,76.75,78.71,76.7,76.92,76.7705,3769000
2025-08-11,76.51,78.19,74.74,77.67,77.5191,3296200
2025-08-12,77.66,78.87,76.96,78.43,78.2776,3087300
2025-08-13,78.49,78.96,73.6,75.6,75.4531,5341300
2025-08-14,75.5,77.15,75.18,75.55,75.4032,3002800
2025-08-15,75.3,75.61,73.36,75.6,75.4531,2663100
2025-08-18,75.42,76.95,74.8,76.82,76.6707,2658800
2025-08-19,76.48,76.82,73.29,73.82,73.6765,4162400
2025-08-20,72.66,73.09,68.96,70.47,70.3331,8106300
2025-08-21,70.79,71.52,70.47,71.43,71.2912,3032900
2025-08-22,73.64,75.58,72.75,74.91,74.7644,4584000
2025-08-25,75.16,75.96,74.45,74.97,74.8243,2861900
2025-08-26,74.83,77.32,74.65,76.51,76.3613,2837000
2025-08-27,76.45,76.45,75.09,75.28,75.1337,1862200
2025-08-28,75.53,79.42,75.47,78.63,78.4772,3989900
2025-08-29,80.99,83.02,76.27,77.39,77.2396,6985300
2025-09-02,74.41,75.69,73.2,75.42,75.2734,4950700
2025-09-03,76.0,77.67,75.42,77.17,77.02,3618300
2025-09-04,76.93,77.96,75.73,76.31,76.1617,2194900
2025-09-05,77.03,77.79,74.63,75.85,75.7026,2481200
2025-09-08,76.76,77.47,74.99,77.24,77.0899,2469500
2025-09-09,77.96,79.54,77.01,77.39,77.2396,3714600
2025-09-10,78.17,81.58,77.99,79.47,79.3156,4657100
2025-09-11,79.4,81.39,78.69,79.89,79.7347,3701200
2025-09-12,79.48,79.75,77.53,78.11,77.9582,3651100
2025-09-15,78.48,86.37,78.22,86.32,86.1523,10202900
2025-09-16,86.33,86.33,79.71,80.23,80.0741,7893300
2025-09-17,81.85,82.34,80.31,81.81,81.651,3893600
2025-09-18,82.7,83.3,81.34,82.61,82.4495,4374400
2025-09-19,83.0,86.84,82.4,86.18,86.0125,7982600
2025-09-22,86.8,87.15,82.95,86.31,86.1423,6029900
2025-09-23,86.71,88.45,85.13,86.89,86.7211,4657400
2025-09-24,87.78,89.13,82.95,83.09,82.9285,6363600
2025-09-25,80.4,86.46,79.3,85.66,85.4935,6950700
2025-09-26,85.66,88.0,84.78,85.58,85.4137,3414200
2025-09-29,87.23,87.67,83.93,84.46,84.2959,3541900
2025-09-30,83.65,84.6,82.53,83.86,83.697,4494100
2025-10-01,83.09,84.41,82.39,83.49,83.3278,3961500
2025-10-02,84.29,85.76,82.72,84.2,84.0364,3300700
2025-10-03,84.6,86.0,83.53,84.17,84.0064,3528500
2025-10-06,86.38,88.65,85.15,85.31,85.1442,6015700
2025-10-07,86.17,89.03,84.52,86.45,86.282,4003200
2025-10-08,87.17,88.48,85.14,86.21,86.0425,3552200
2025-10-09,87.15,87.87,85.77,86.73,86.5615,3920400
2025-10-10,87.41,91.58,86.35,86.65,86.4816,7190300
2025-10-13,90.0,94.36,89.73,92.15,91.9709,6821200
2025-10-14,89.7,95.98,87.28,93.19,93.0089,7770500
2025-10-15,96.0,97.79,90.28,93.46,93.2784,6175100
2025-10-16,94.25,95.97,90.4,91.13,90.9529,4921400
2025-10-17,87.79,89.53,85.0,86.59,86.4217,6135100
2025-10-20,87.65,87.7,84.79,85.9,85.7331,3758500
2025-10-21,84.3,84.32,80.53,82.77,82.6092,5869500
2025-10-22,82.29,84.64,80.75,83.54,83.3777,5320100
2025-10-23,84.78,87.08,83.59,86.3,86.1323,4536300
2025-10-24,87.0,89.19,86.27,88.13,87.9587,4036700
2025-10-27,87.6,88.98,84.29,86.62,86.4517,4116100
2025-10-28,100.53,110.16,98.0,106.91,106.7022,24708000
2025-10-29,104.16,109.66,104.11,106.67,106.4627,8371100
2025-10-30,105.82,107.2,103.67,104.72,104.5165,4575200
2025-10-31,105.97,106.74,100.75,102.21,102.0114,5691000
2025-11-03,103.28,103.65,100.37,100.85,100.654,4805300
2025-11-04,97.32,98.71,95.55,96.95,96.7616,5005700
2025-11-05,95.0,97.9,93.0,95.24,95.0549,4928500
2025-11-06,94.35,94.67,89.42,90.24,90.0646,7109500
2025-11-07,88.2,92.53,86.41,92.26,92.0807,6592300
2025-11-10,96.24,96.96,93.5,94.24,94.0569,4873400
2025-11-11,92.94,93.43,90.59,92.52,92.3402,3301000
2025-11-12,93.03,94.02,90.72,92.57,92.3901,2737000
2025-11-13,91.87,92.28,85.69,85.98,85.8129,4771900
2025-11-14,83.38,86.36,82.2,84.76,84.5953,4893300
2025-11-17,83.83,84.92,81.88,83.03,82.8686,3938400
2025-11-18,81.82,84.27,81.3,83.3,83.1381,5055800
2025-11-19,84.2,88.06,83.6,86.24,86.0724,6242200
2025-11-20,87.55,89.87,81.71,81.98,81.8207,6292900
2025-11-21,81.8,82.0,77.7,79.44,79.2856,7150000
2025-11-24,79.69,83.48,79.16,83.34,83.178,3923100
2025-11-25,84.0,87.67,82.43,87.35,87.1803,5827200
2025-11-26,88.81,89.66,87.7,88.81,88.6374,2924800
2025-11-28,89.0,89.31,88.03,88.51,88.338,1747800
2025-12-01,87.14,88.69,86.38,87.53,87.53,2507800
2025-12-02,88.1,90.39,87.62,88.23,88.23,2540300
2025-12-03,88.1,90.04,86.4,89.45,89.45,1890600
2025-12-04,89.28,94.53,89.28,94.09,94.09,4185000
2025-12-05,95.0,95.0,90.66,91.27,91.27,4654500
2025-12-08,91.66,92.69,90.66,90.9,90.9,2608300
2025-12-09,90.0,93.88,89.76,93.36,93.36,3192800
2025-12-10,93.02,93.84,89.01,93.76,93.76,3792500
2025-12-11,93.19,96.57,92.26,95.74,95.74,3263100
2025-12-12,95.15,95.98,88.79,91.49,91.49,5592300
2025-12-15,92.42,93.49,89.44,89.78,89.78,3856800
2025-12-16,88.96,89.94,86.74,87.05,87.05,3986400
2025-12-17,88.21,88.24,84.29,84.85,84.85,3535000
2025-12-18,86.46,88.45,86.13,87.58,87.58,2785800
2025-12-19,88.26,91.68,87.94,89.99,89.99,6289400
2025-12-22,91.99,94.88,90.92,91.71,91.71,3302600
2025-12-23,91.71,95.1,91.71,93.41,93.41,2167300
2025-12-24,93.08,94.28,92.65,93.34,93.34,1151200
2025-12-26,93.92,94.3,92.5,92.84,92.84,1322600
2025-12-29,91.67,95.67,91.61,92.84,92.84,2005500
2025-12-30,93.3,93.64,91.23,91.37,91.37,2140700
2025-12-31,91.13,92.7,90.89,91.49,91.49,1598200
2026-01-02,93.0,99.08,92.82,98.56,98.56,4768200
2026-01-05,100.17,100.89,96.43,100.17,100.17,4887200
2026-01-06,101.15,102.81,99.16,102.09,102.09,3797900
2026-01-07,102.3,104.15,101.0,103.94,103.94,3965500
2026-01-08,104.47,106.22,102.83,105.76,105.76,4966600
2026-01-09,109.58,114.45,106.12,107.56,107.56,6850000
2026-01-12,108.5,111.12,107.08,109.79,109.79,3814000
2026-01-13,111.11,111.47,108.38,108.92,108.92,3802900
2026-01-14,108.96,111.86,106.87,110.79,110.79,3400900
2026-01-15,111.05,114.39,109.8,112.84,112.84,3813000
2026-01-16,114.57,118.54,113.3,116.44,116.44,5628700
2026-01-20,115.27,118.29,114.52,115.8,115.8,4188700
2026-01-21,119.65,122.42,117.15,122.33,122.33,5503300
2026-01-22,124.73,126.47,120.51,121.87,121.87,4021600
2026-01-23,122.91,124.11,120.61,124.04,124.04,3401500
2026-01-26,126.88,128.4,120.29,121.26,121.26,4825700
2026-01-27,122.13,127.14,120.4,125.97,125.97,4367000
2026-01-28,128.01,134.13,126.56,134.09,134.09,6208100
2026-01-29,135.24,135.24,126.0,133.67,133.67,7212400
2026-01-30,128.5,130.23,121.54,123.39,123.39,7236800
2026-02-02,122.19,126.11,119.3,120.21,120.21,5398600
2026-02-03,125.53,128.15,122.55,126.15,126.15,5320400
2026-02-04,125.29,125.6,110.19,114.82,114.82,9143000
2026-02-05,111.0,114.77,109.0,109.28,109.28,5927000
2026-02-06,112.34,114.07,110.82,113.63,113.63,4496700
2026-02-09,114.27,120.84,114.22,120.68,120.68,3616600
2026-02-10,120.28,120.98,117.56,118.09,118.09,3481800
2026-02-11,121.58,121.76,115.0,119.18,119.18,3330600
2026-02-12,119.0,120.53,115.6,116.39,116.39,3956800
2026-02-13,113.25,115.17,109.8,112.9,112.9,5975200
2026-02-17,110.75,114.29,107.92,112.94,112.94,3724300
2026-02-18,114.5,118.22,113.7,116.5,116.5,2693800
2026-02-19,115.53,119.78,114.27,119.03,119.03,2938300
2026-02-20,118.89,123.32,117.9,121.35,121.35,4784600
2026-02-23,122.0,122.74,117.23,118.75,118.75,2771300
2026-02-24,118.74,122.25,115.4,121.08,121.08,3468100
2026-02-25,122.55,124.3,119.45,119.72,119.72,3431500
2026-02-26,118.39,119.38,114.57,118.18,118.18,3628700
2026-02-27,116.2,119.17,116.0,118.4,118.4,2115900
2026-03-02,118.84,126.13,116.87,125.74,125.74,4348700
2026-03-03,118.0,119.53,112.58,117.79,117.79,5520600
2026-03-04,119.51,121.23,114.81,120.24,120.24,2855100
2026-03-05,118.05,119.23,111.05,114.24,114.24,3892200
2026-03-06,111.4,114.6,108.66,109.68,109.68,4112200
2026-03-09,107.18,116.41,106.44,116.14,116.14,3306800
2026-03-10,116.5,122.3,116.5,120.08,120.08,5357000
2026-03-11,119.18,120.05,114.31,115.39,115.39,3474300
2026-03-12,116.23,116.81,110.81,115.3,115.3,4007700
2026-03-13,115.75,116.41,105.0,107.92,107.92,6618900
2026-03-16,108.67,111.98,107.71,110.31,110.31,3507200
2026-03-17,110.23,114.05,109.72,111.52,111.52,2562600
2026-03-18,111.2,111.5,108.82,109.4,109.4,2682200
2026-03-19,105.0,107.4,101.82,106.6,106.6,3958100
2026-03-20,106.37,106.88,100.11,101.55,101.55,5443200
2026-03-23,102.5,106.69,102.0,105.57,105.57,3932300
2026-03-24,104.42,108.28,102.89,108.04,108.04,2914500
2026-03-25,110.31,112.13,108.7,109.02,109.02,2516800
2026-03-26,107.52,108.6,104.3,104.67,104.67,2541300
2026-03-27,102.77,105.68,101.38,103.92,103.92,3182800
2026-03-30,104.54,106.29,101.28,102.84,102.84,2722000
2026-03-31,104.78,109.23,104.05,108.61,108.61,3989500
2026-04-01,111.5,114.46,110.74,111.13,111.13,2879900
2026-04-02,106.75,112.74,106.01,112.57,112.57,2348600
2026-04-06,112.31,114.36,109.33,110.48,110.48,1722100
2026-04-07,109.57,111.1,107.77,110.23,110.23,1808400
2026-04-08,116.0,119.8,114.95,115.9,115.9,3500600
2026-04-09,115.2,116.61,112.83,115.54,115.54,2210500
2026-04-10,116.82,119.15,115.9,116.04,116.04,2134500
2026-04-13,115.0,116.71,113.56,116.7,116.7,2664900
2026-04-14,119.5,119.5,114.74,116.06,116.06,3463800
2026-04-15,116.43,121.34,115.2,119.11,119.11,3124300
2026-04-16,121.09,122.75,119.59,120.27,120.27,3387100
2026-04-17,121.02,123.69,117.61,120.66,120.66,4220500
2026-04-20,120.12,123.69,117.68,123.62,123.62,2992700
2026-04-21,124.0,124.5,116.45,116.61,116.61,3814800
2026-04-22,118.91,126.6,118.1,126.47,126.47,3840000
2026-04-23,129.14,131.21,121.75,123.85,123.85,4424200
2026-04-24,125.4,125.6,121.91,122.15,122.15,2285300
2026-04-27,122.0,124.81,120.3,123.11,123.11,1982700
2026-04-28,119.97,121.79,115.48,116.31,116.31,3167600
2026-04-29,116.54,116.92,111.86,114.29,114.29,2273800
2026-04-30,115.76,123.14,115.76,123.04,123.04,3007700
2026-05-01,121.9,122.39,117.9,120.6,120.6,2168700
2026-05-04,120.5,122.35,118.09,118.26,118.26,3292300
2026-05-05,122.21,124.72,113.3,114.46,114.46,5412100
2026-05-06,117.6,124.57,116.5,123.76,123.76,3845600
2026-05-07,123.42,124.0,118.03,118.71,118.71,3121500
2026-05-08,120.26,120.44,116.05,116.75,116.75,2182400
2026-05-11,114.23,121.54,113.2,120.14,120.14,3158200
2026-05-12,117.5,118.45,112.35,116.93,116.93,3892500
2026-05-13,115.77,116.75,112.02,115.39,115.39,3366200
2026-05-14,114.99,115.18,110.12,112.51,112.51,3165700
2026-05-15,109.56,110.0,107.25,107.51,107.51,3080300
2026-05-18,107.38,108.6,103.43,105.14,105.14,3297800
2026-05-19,103.5,104.79,101.95,103.52,103.52,3440400
2026-05-20,105.09,106.15,103.3,104.02,104.02,2547800
2026-05-21,104.44,106.9,102.46,105.33,105.33,2922100
2026-05-22,105.66,106.38,103.68,104.75,104.75,2555500
2026-05-26,107.39,108.96,105.38,108.17,108.17,2996900
2026-05-27,107.5,109.17,105.81,107.44,107.44,2059500
2026-05-28,106.33,111.32,105.56,110.63,110.63,2981300
2026-05-29,111.0,113.8,108.64,112.7,112.7,3035200
2026-06-01,110.83,114.36,109.11,112.59,112.59,2661200
2026-06-02,112.83,122.3,112.2,120.51,120.51,4817000
2026-06-03,119.57,120.66,112.55,114.56,114.56,3928600
2026-06-04,113.88,114.85,112.4,114.02,114.02,2163900
2026-06-05,112.28,112.5,102.45,103.44,103.44,3894300
2026-06-08,106.79,107.04,104.67,105.44,105.44,2159100
2026-06-09,105.94,106.87,98.57,102.27,102.27,4456800
2026-06-10,99.93,101.58,93.83,95.03,95.03,6960900
2026-06-11,96.26,99.65,94.55,98.97,98.97,4725200
2026-06-12,99.99,101.97,99.38,100.96,100.96,2551100
2026-06-15,105.0,107.95,104.49,107.02,107.02,3353800
2026-06-16,107.06,110.37,105.77,107.88,107.88,2575600
2026-06-17,108.75,109.63,105.53,105.67,105.67,2541300
2026-06-18,107.24,109.56,105.82,106.49,106.49,3099500
2026-06-22,106.16,108.52,104.29,107.07,107.07,2635300
2026-06-23,103.79,111.49,103.62,108.89,108.89,3840100
2026-06-24,107.58,108.56,104.51,106.64,106.64,2882700
2026-06-25,106.93,108.12,102.17,103.58,103.58,3042600
2026-06-26,102.52,106.63,101.7,104.49,104.49,2349500
2026-06-29,104.51,104.9,101.33,103.47,103.47,2418400
2026-06-30,102.63,103.47,99.8,101.86,101.86,3268000
2026-07-01,101.17,104.2,96.82,97.39,97.39,4063100
2026-07-02,98.75,101.87,94.79,96.54,96.54,3809400
2026-07-06,97.11,100.19,97.11,97.5,97.5,2787500
2026-07-07,95.48,96.06,92.92,94.67,94.67,3416700
2026-07-08,93.03,94.94,91.6,94.73,94.73,2546600
2026-07-09,95.5,96.75,95.16,95.74,95.74,2161400
2026-07-10,96.5,97.74,95.07,95.99,95.99,2321800
2026-07-13,94.4,95.24,89.22,90.2,90.2,6235600
2026-07-14,91.8,93.0,91.17,91.57,91.57,4234700
2026-07-15,92.57,93.19,89.32,90.98,90.98,3770000
2026-07-16,89.48,89.52,86.44,87.36,87.36,5089100
2026-07-17,85.95,86.73,83.15,85.62,85.62,5202700
2026-07-20,85.42,85.68,84.36,84.85,84.85,4973600
2026-07-21,86.48,88.86,85.89,88.68,88.68,4981800
2026-07-22,90.35,92.06,89.86,90.37,90.37,4151600
2026-07-23,88.88,90.48,88.07,89.33,89.33,3233300
2026-07-24,89.35,89.47,86.31,87.86,87.86,3828900
2026-07-27,90.55,91.75,87.75,89.35,89.35,3084800
2026-07-28,87.24,87.77,84.52,86.96,86.96,3304800
2026-07-29,86.6,86.95,83.5,84.57,84.57,3145200
2026-07-30,86.79,88.38,86.15,88.23,88.23,4174100
2026-07-31,90.63,91.41,83.93,86.38,86.38,5599300
2026-08-03,85.6,89.91,85.02,89.72,89.72,2908900
2026-08-04,91.06,94.82,91.0,93.09,93.09,3996800
2026-08-05,94.49,95.9,93.8,94.27,94.27,3532800
2026-08-06,93.61,96.4,92.7,93.62,93.62,2441500
2026-08-07,96.17,97.89,94.8,97.39,97.39,3220100
2026-08-10,98.33,99.08,96.76,97.31,97.31,1993300
2026-08-11,98.21,99.58,97.75,98.73,98.73,1901200
2026-08-12,99.6,100.14,97.71,99.03,99.03,2591500
2026-08-13,98.5,99.95,97.5,97.75,97.75,2396100
2026-08-14,97.4,99.74,97.4,97.74,97.74,2170500
2026-08-17,97.87,100.65,97.01,98.58,98.58,2518000
2026-08-18,96.42,97.25,93.91,96.03,96.03,2585800
2026-08-19,97.8,98.77,96.66,97.98,97.98,1928700
2026-08-20,97.0,97.35,94.1,95.59,95.59,2106500
2026-08-21,97.78,102.82,97.47,102.51,102.51,3938500
2026-08-24,102.27,103.73,100.29,102.27,102.27,2201000
2026-08-25,103.5,107.77,102.75,106.96,106.96,3717600
2026-08-26,107.06,111.54,106.91,107.36,107.36,3872800
2026-08-27,108.13,108.97,105.14,106.33,106.33,2313900
2026-08-28,105.74,106.47,99.53,100.01,100.01,4190900
2026-08-31,99.6,99.9,97.53,98.76,98.76,3128400
2026-09-01,96.0,97.42,94.69,96.26,96.26,2210500
2026-09-02,96.0,98.37,95.13,96.38,96.38,2526400
2026-09-03,98.99,101.53,98.69,100.62,100.62,3228900
2026-09-04,99.54,101.54,99.52,100.74,100.74,1554900
2026-09-08,102.5,104.12,101.5,101.97,101.97,2216100
2026-09-09,101.77,102.3,99.34,100.41,100.41,1705400
2026-09-10,98.33,99.6,97.26,97.42,97.42,2129800
2026-09-11,98.05,98.27,96.37,96.68,96.68,2137700
2026-09-14,93.1,94.43,91.97,93.26,93.26,3466900
2026-09-15,93.75,94.4,91.01,91.21,91.21,2264700
2026-09-16,92.55,92.93,89.74,90.9,90.9,2114600
2026-09-17,92.62,93.1,91.6,92.8,92.8,2120600
2026-09-18,94.18,96.09,90.68,91.62,91.62,8497500
2026-09-21,93.3,94.66,91.65,93.23,93.23,3057100
2026-09-22,93.97,95.36,92.25,94.59,94.59,3099259
2026-09-23,93.6,93.69,90.76,90.8,90.8,2589200
2026-09-24,89.6,90.48,88.04,88.12,88.12,3455423
