date,open,high,low,close,adj_close,volume
2015-01-02,11.77,11.95,11.65,11.73,11.73,278500
2015-01-05,11.73,11.73,11.47,11.58,11.58,199300
2015-01-06,11.55,11.6,11.39,11.43,11.43,336300
2015-01-07,11.48,11.6,11.3,11.51,11.51,195500
2015-01-08,11.59,11.67,11.5,11.54,11.54,235200
2015-01-09,11.52,11.58,11.4,11.44,11.44,176500
2015-01-12,11.44,11.52,11.23,11.49,11.49,402500
2015-01-13,11.52,11.79,11.52,11.61,11.61,352800
2015-01-14,11.55,11.65,11.4,11.53,11.53,272900
2015-01-15,11.58,11.63,11.41,11.41,11.41,155800
2015-01-16,11.38,11.52,11.38,11.41,11.41,201900
2015-01-20,11.45,11.5,11.29,11.31,11.31,416800
2015-01-21,11.3,11.54,11.2,11.27,11.27,1166700
2015-01-22,11.22,11.35,11.13,11.29,11.29,522100
2015-01-23,11.26,11.3,11.18,11.24,11.24,198600
2015-01-26,11.24,11.36,11.2,11.23,11.23,437900
2015-01-27,11.13,11.25,11.05,11.16,11.16,628100
2015-01-28,11.15,11.16,10.82,10.85,10.85,1082900
2015-01-29,10.96,11.2,10.67,11.18,11.18,717500
2015-01-30,11.04,11.29,10.92,11.19,11.19,554900
2015-02-02,11.28,11.33,11.06,11.17,11.17,832100
2015-02-03,11.18,11.45,11.13,11.31,11.31,605500
2015-02-04,11.26,11.38,11.15,11.2,11.2,1149200
2015-02-05,11.29,11.67,11.26,11.61,11.61,820200
2015-02-06,11.68,11.84,11.55,11.63,11.63,646900
2015-02-09,11.63,11.94,11.61,11.66,11.66,491100
2015-02-10,11.74,11.8,11.65,11.71,11.71,446400
2015-02-11,11.67,11.84,11.65,11.71,11.71,204700
2015-02-12,11.87,11.94,11.8,11.88,11.88,173400
2015-02-13,11.88,12.06,11.88,11.98,11.98,179000
2015-02-17,12.0,12.09,11.93,12.02,12.02,126900
2015-02-18,11.97,12.09,11.89,11.97,11.97,131900
2015-02-19,11.84,11.94,11.81,11.87,11.87,139900
2015-02-20,11.96,12.1,11.76,11.96,11.96,135000
2015-02-23,11.94,12.07,11.83,11.99,11.99,242800
2015-02-24,11.93,12.17,11.92,12.07,12.07,161300
2015-02-25,12.05,12.12,11.91,11.93,11.93,137700
2015-02-26,11.88,12.02,11.85,11.92,11.92,110200
2015-02-27,11.94,11.94,11.74,11.78,11.78,188600
2015-03-02,11.78,12.0,11.75,11.95,11.95,284900
2015-03-03,11.93,12.02,11.8,11.82,11.82,161900
2015-03-04,11.76,11.86,11.57,11.82,11.82,226500
2015-03-05,11.82,11.92,11.67,11.71,11.71,134200
2015-03-06,11.61,11.7,11.43,11.46,11.46,191900
2015-03-09,11.45,11.68,11.45,11.63,11.63,182900
2015-03-10,11.58,11.58,11.35,11.37,11.37,158400
2015-03-11,11.34,11.67,11.34,11.65,11.65,160700
2015-03-12,11.74,11.84,11.68,11.8,11.8,133100
2015-03-13,11.77,11.77,11.53,11.65,11.65,107700
2015-03-16,11.62,11.75,11.62,11.69,11.69,204200
2015-03-17,11.57,11.57,11.4,11.51,11.51,240200
2015-03-18,11.44,11.69,11.43,11.59,11.59,164800
2015-03-19,11.49,11.62,11.39,11.4,11.4,217800
2015-03-20,11.46,11.59,11.39,11.51,11.51,189700
2015-03-23,11.54,11.57,11.4,11.46,11.46,194600
2015-03-24,11.37,11.47,11.34,11.46,11.46,214700
2015-03-25,11.52,11.52,10.99,11.04,11.04,169900
2015-03-26,11.02,11.16,10.86,11.13,11.13,219700
2015-03-27,11.11,11.2,11.07,11.12,11.12,113100
2015-03-30,11.16,11.16,11.03,11.11,11.11,234600
2015-03-31,11.08,11.16,11.03,11.11,11.11,123600
2015-04-01,11.07,11.08,10.88,11.02,11.02,248000
2015-04-02,11.05,11.24,11.02,11.17,11.17,213500
2015-04-06,11.22,11.83,11.19,11.63,11.63,303600
2015-04-07,11.66,11.71,11.52,11.57,11.57,164100
2015-04-08,11.69,11.9,11.62,11.65,11.65,158400
2015-04-09,11.61,11.67,11.55,11.56,11.56,109500
2015-04-10,11.55,11.73,11.55,11.71,11.71,103300
2015-04-13,11.71,11.75,11.57,11.6,11.6,74400
2015-04-14,11.67,11.81,11.59,11.76,11.76,112300
2015-04-15,11.81,11.87,11.71,11.81,11.81,88800
2015-04-16,11.76,11.86,11.69,11.7,11.7,74800
2015-04-17,11.67,11.67,11.36,11.4,11.4,122900
2015-04-20,11.46,11.5,11.31,11.5,11.5,146800
2015-04-21,11.97,12.35,11.85,11.94,11.94,553500
2015-04-22,11.98,12.1,11.82,12.01,12.01,341700
2015-04-23,11.97,12.23,11.97,12.17,12.17,296800
2015-04-24,12.18,12.21,12.01,12.2,12.2,170000
2015-04-27,12.33,12.45,12.18,12.24,12.24,524200
2015-04-28,12.24,12.29,12.11,12.19,12.19,353200
2015-04-29,12.15,12.24,12.14,12.18,12.18,462200
2015-04-30,12.15,12.21,12.1,12.21,12.21,694700
2015-05-01,12.29,12.5,12.2,12.44,12.44,515400
2015-05-04,12.45,12.78,12.42,12.67,12.67,917600
2015-05-05,12.77,12.77,12.38,12.43,12.43,606400
2015-05-06,12.52,12.52,12.38,12.46,12.46,398000
2015-05-07,12.45,12.47,12.3,12.38,12.38,400300
2015-05-08,12.48,12.53,12.37,12.51,12.51,577800
2015-05-11,12.49,12.59,12.45,12.55,12.55,280700
2015-05-12,12.55,12.6,12.45,12.53,12.53,368300
2015-05-13,12.52,12.6,12.47,12.55,12.55,238600
2015-05-14,12.59,12.68,12.54,12.68,12.68,356500
2015-05-15,12.62,12.65,12.56,12.59,12.59,418200
2015-05-18,12.56,12.64,12.54,12.64,12.64,326900
2015-05-19,12.56,12.65,12.52,12.63,12.63,293800
2015-05-20,12.61,12.67,12.52,12.64,12.64,617500
2015-05-21,12.6,12.67,12.54,12.62,12.62,478800
2015-05-22,12.6,12.67,12.52,12.62,12.62,306000
2015-05-26,12.6,12.75,12.55,12.72,12.72,723100
2015-05-27,12.74,12.78,12.65,12.75,12.75,345600
2015-05-28,12.73,12.81,12.68,12.77,12.77,219000
2015-05-29,12.75,12.83,12.71,12.8,12.8,624800
2015-06-01,12.71,12.87,12.67,12.81,12.81,1320800
2015-06-02,12.84,13.07,12.7,12.7,12.7,1179500
2015-06-03,12.68,12.7,12.2,12.46,12.46,3622300
2015-06-04,12.4,12.51,12.2,12.24,12.24,700800
2015-06-05,12.27,12.36,12.1,12.35,12.35,440400
2015-06-08,12.36,12.41,12.19,12.27,12.27,823000
2015-06-09,12.33,12.39,12.28,12.34,12.34,698500
2015-06-10,12.45,12.55,12.36,12.37,12.37,345000
2015-06-11,12.37,12.52,12.37,12.45,12.45,331500
2015-06-12,12.38,12.42,12.28,12.4,12.4,299300
2015-06-15,12.3,12.38,12.07,12.19,12.19,410200
2015-06-16,12.21,12.33,12.13,12.32,12.32,243500
2015-06-17,12.36,12.36,12.21,12.26,12.26,218500
2015-06-18,12.23,12.33,12.1,12.12,12.12,398100
2015-06-19,12.09,12.24,11.99,12.18,12.18,438300
2015-06-22,12.29,12.34,12.2,12.22,12.22,261400
2015-06-23,12.2,12.26,12.06,12.17,12.17,357900
2015-06-24,12.13,12.19,11.99,12.02,12.02,292100
2015-06-25,12.02,12.08,11.93,12.03,12.03,204900
2015-06-26,12.01,12.01,11.79,11.87,11.87,312900
2015-06-29,11.76,11.81,11.59,11.62,11.62,381800
2015-06-30,11.65,11.72,11.51,11.64,11.64,312000
2015-07-01,11.74,11.82,11.62,11.68,11.68,384000
2015-07-02,11.64,11.93,11.64,11.72,11.72,379700
2015-07-06,11.52,11.62,11.44,11.49,11.49,237400
2015-07-07,11.43,11.51,11.15,11.47,11.47,273000
2015-07-08,11.32,11.42,11.23,11.34,11.34,330200
2015-07-09,11.46,11.64,11.29,11.31,11.31,456500
2015-07-10,11.42,11.45,11.13,11.26,11.26,303600
2015-07-13,11.37,11.74,11.21,11.3,11.3,359200
2015-07-14,11.39,11.66,11.31,11.44,11.44,204400
2015-07-15,11.41,11.56,11.33,11.38,11.38,323100
2015-07-16,11.36,11.57,11.26,11.44,11.44,220800
2015-07-17,11.43,11.57,11.23,11.36,11.36,250700
2015-07-20,11.4,11.54,11.33,11.47,11.47,307600
2015-07-21,11.52,11.76,11.49,11.72,11.72,422400
2015-07-22,11.62,11.81,11.6,11.8,11.8,284700
2015-07-23,11.84,11.84,11.66,11.68,11.68,269600
2015-07-24,12.02,12.96,12.0,12.82,12.82,912000
2015-07-27,12.8,12.82,12.44,12.48,12.48,616600
2015-07-28,12.56,13.0,12.42,12.95,12.95,545900
2015-07-29,12.94,13.49,12.92,13.45,13.45,640400
2015-07-30,13.43,13.45,13.16,13.18,13.18,377300
2015-07-31,13.23,13.49,13.12,13.38,13.38,413900
2015-08-03,13.35,13.35,12.9,12.95,12.95,404600
2015-08-04,12.89,13.22,12.82,13.0,13.0,545700
2015-08-05,13.0,13.37,12.96,13.25,13.25,504400
2015-08-06,13.25,13.42,13.14,13.19,13.19,405800
2015-08-07,13.15,13.3,13.05,13.12,13.12,365700
2015-08-10,13.17,13.41,13.09,13.38,13.38,432100
2015-08-11,13.22,13.35,13.13,13.29,13.29,279700
2015-08-12,13.26,13.29,12.74,12.95,12.95,417200
2015-08-13,12.94,12.98,12.82,12.82,12.82,272400
2015-08-14,12.78,13.07,12.78,13.05,13.05,237400
2015-08-17,13.0,13.2,12.89,13.09,13.09,314800
2015-08-18,13.12,13.12,12.97,13.11,13.11,278700
2015-08-19,13.06,13.13,12.82,12.91,12.91,228900
2015-08-20,12.77,12.89,12.64,12.68,12.68,254100
2015-08-21,12.56,12.58,12.15,12.24,12.24,682200
2015-08-24,11.77,12.18,11.53,11.7,11.7,816200
2015-08-25,12.04,12.11,11.51,11.52,11.52,554900
2015-08-26,11.8,11.82,11.51,11.8,11.8,590800
2015-08-27,11.94,12.16,11.81,12.13,12.13,478000
2015-08-28,12.03,12.27,11.99,12.22,12.22,289100
2015-08-31,12.16,12.33,12.1,12.21,12.21,252100
2015-09-01,11.97,12.15,11.92,12.01,12.01,345400
2015-09-02,12.14,12.17,11.94,12.0,12.0,265100
2015-09-03,12.04,12.44,12.03,12.24,12.24,273900
2015-09-04,12.12,12.21,12.04,12.11,12.11,181100
2015-09-08,12.31,12.38,12.25,12.28,12.28,242200
2015-09-09,12.38,12.54,12.28,12.47,12.47,298300
2015-09-10,12.47,12.63,12.4,12.56,12.56,387000
2015-09-11,12.47,12.55,12.37,12.53,12.53,374000
2015-09-14,12.54,12.66,12.52,12.6,12.6,259400
2015-09-15,12.64,12.71,12.57,12.67,12.67,187700
2015-09-16,12.68,12.97,12.68,12.9,12.9,168200
2015-09-17,12.94,13.06,12.89,12.93,12.93,153100
2015-09-18,12.79,13.04,12.74,12.92,12.92,375400
2015-09-21,12.99,13.08,12.68,12.73,12.73,232400
2015-09-22,12.59,12.59,12.38,12.47,12.47,216100
2015-09-23,12.45,12.53,12.22,12.34,12.34,241200
2015-09-24,12.25,12.59,12.19,12.55,12.55,326100
2015-09-25,12.74,12.87,12.6,12.73,12.73,209900
2015-09-28,12.67,12.71,12.39,12.51,12.51,191400
2015-09-29,12.53,12.64,12.46,12.54,12.54,172900
2015-09-30,12.67,12.9,12.62,12.89,12.89,190400
2015-10-01,12.95,13.04,12.71,12.93,12.93,355800
2015-10-02,12.84,12.88,12.67,12.79,12.79,193900
2015-10-05,12.85,13.21,12.85,13.18,13.18,209000
2015-10-06,13.21,13.26,12.91,13.05,13.05,288100
2015-10-07,13.13,13.14,12.97,12.97,12.97,363200
2015-10-08,12.97,13.07,12.91,13.05,13.05,289100
2015-10-09,13.05,13.21,13.01,13.11,13.11,217800
2015-10-12,13.13,13.33,13.06,13.3,13.3,104000
2015-10-13,13.22,13.36,13.06,13.08,13.08,197800
2015-10-14,13.08,13.16,13.0,13.02,13.02,212300
2015-10-15,13.1,13.25,13.0,13.23,13.23,295500
2015-10-16,13.22,13.25,13.08,13.13,13.13,194700
2015-10-19,13.1,13.13,12.87,13.01,13.01,296900
2015-10-20,13.14,13.29,12.98,13.11,13.11,577900
2015-10-21,12.67,12.75,10.78,10.98,10.98,4171100
2015-10-22,11.0,11.48,10.65,11.45,11.45,1088300
2015-10-23,11.48,11.55,11.29,11.37,11.37,692600
2015-10-26,11.32,11.41,11.05,11.1,11.1,339300
2015-10-27,11.0,11.11,10.79,10.85,10.85,485400
2015-10-28,10.91,11.07,10.76,10.94,10.94,528400
2015-10-29,10.83,10.98,10.78,10.94,10.94,268500
2015-10-30,10.85,11.24,10.85,11.22,11.22,274000
2015-11-02,11.23,11.29,11.08,11.16,11.16,271500
2015-11-03,11.17,11.54,11.09,11.44,11.44,240700
2015-11-04,11.47,11.49,11.24,11.39,11.39,173400
2015-11-05,11.4,11.43,11.24,11.26,11.26,208400
2015-11-06,11.23,11.37,11.09,11.26,11.26,315000
2015-11-09,11.17,11.33,11.16,11.28,11.28,230000
2015-11-10,11.24,11.26,10.99,11.05,11.05,189100
2015-11-11,11.07,11.18,11.02,11.11,11.11,218200
2015-11-12,11.02,11.09,10.95,10.99,10.99,158400
2015-11-13,10.88,10.93,10.7,10.83,10.83,364600
2015-11-16,10.85,11.21,10.81,11.16,11.16,175600
2015-11-17,11.13,11.2,11.0,11.03,11.03,218100
2015-11-18,11.13,11.2,11.02,11.12,11.12,161600
2015-11-19,11.12,11.35,11.12,11.3,11.3,128900
2015-11-20,11.36,11.5,11.36,11.39,11.39,135000
2015-11-23,11.39,11.57,11.34,11.49,11.49,156400
2015-11-24,11.51,11.53,11.19,11.28,11.28,256500
2015-11-25,11.22,11.52,11.2,11.41,11.41,288400
2015-11-27,11.35,11.49,11.34,11.48,11.48,94400
2015-11-30,11.48,11.53,11.28,11.28,11.28,187700
2015-12-01,11.32,11.4,11.18,11.37,11.37,592700
2015-12-02,11.31,11.43,11.23,11.29,11.29,147100
2015-12-03,11.37,11.38,11.2,11.24,11.24,133900
2015-12-04,11.21,11.32,11.14,11.17,11.17,100800
2015-12-07,11.09,11.15,10.94,10.99,10.99,175200
2015-12-08,10.83,10.94,10.78,10.85,10.85,238500
2015-12-09,10.8,11.05,10.62,10.66,10.66,267300
2015-12-10,10.66,10.8,10.61,10.72,10.72,238900
2015-12-11,10.64,10.76,10.59,10.6,10.6,115700
2015-12-14,10.57,10.72,10.56,10.64,10.64,197100
2015-12-15,10.69,10.9,10.65,10.76,10.76,250500
2015-12-16,10.82,10.94,10.66,10.81,10.81,151300
2015-12-17,10.8,10.91,10.67,10.68,10.68,122300
2015-12-18,10.65,10.79,10.59,10.72,10.72,124000
2015-12-21,10.77,10.8,10.63,10.71,10.71,81400
2015-12-22,10.72,10.93,10.64,10.9,10.9,107900
2015-12-23,10.95,11.04,10.86,11.01,11.01,82800
2015-12-24,11.04,11.15,11.04,11.07,11.07,39800
2015-12-28,11.04,11.1,10.87,10.92,10.92,63600
2015-12-29,10.97,11.35,10.97,11.31,11.31,136800
2015-12-30,11.25,11.34,11.19,11.2,11.2,78300
2015-12-31,11.16,11.24,11.03,11.03,11.03,89000
2016-01-04,10.89,10.95,10.71,10.91,10.91,149000
2016-01-05,10.91,11.04,10.76,10.87,10.87,117600
2016-01-06,10.68,10.96,10.68,10.93,10.93,310400
2016-01-07,10.73,10.85,10.7,10.82,10.82,217700
2016-01-08,10.82,10.83,10.48,10.55,10.55,348200
2016-01-11,10.63,10.65,10.11,10.2,10.2,185500
2016-01-12,10.25,10.38,10.07,10.3,10.3,140600
2016-01-13,10.36,10.38,9.94,9.99,9.99,128900
2016-01-14,10.01,10.19,9.83,10.12,10.12,156500
2016-01-15,9.71,9.82,9.27,9.34,9.34,249600
2016-01-19,9.22,9.44,9.11,9.21,9.21,263700
2016-01-20,9.1,9.43,9.03,9.36,9.36,143100
2016-01-21,9.48,9.89,9.31,9.65,9.65,208000
2016-01-22,9.82,10.07,9.82,9.96,9.96,85400
2016-01-25,9.9,9.95,9.5,9.74,9.74,227100
2016-01-26,9.87,10.1,9.87,10.03,10.03,175200
2016-01-27,10.01,10.15,9.75,9.83,9.83,323600
2016-01-28,9.55,9.59,8.07,8.29,8.29,887500
2016-01-29,8.53,9.06,8.53,9.06,9.06,771100
2016-02-01,9.02,9.15,8.86,9.06,9.06,226600
2016-02-02,8.91,9.07,8.85,8.96,8.96,160200
2016-02-03,9.07,9.46,9.04,9.41,9.41,263200
2016-02-04,9.43,9.87,9.38,9.58,9.58,364100
2016-02-05,9.54,9.58,9.21,9.24,9.24,222400
2016-02-08,9.08,9.16,9.01,9.11,9.11,131900
2016-02-09,9.07,9.4,9.05,9.14,9.14,180900
2016-02-10,9.11,9.51,9.11,9.35,9.35,135700
2016-02-11,9.21,9.29,9.07,9.19,9.19,157000
2016-02-12,9.28,9.4,9.21,9.3,9.3,108500
2016-02-16,9.39,9.51,9.28,9.48,9.48,158600
2016-02-17,9.55,9.88,9.55,9.75,9.75,150500
2016-02-18,9.85,9.96,9.76,9.88,9.88,147100
2016-02-19,9.82,9.87,9.7,9.82,9.82,80000
2016-02-22,9.99,10.04,9.68,9.68,9.68,223000
2016-02-23,9.63,9.85,9.61,9.79,9.79,110600
2016-02-24,9.67,10.01,9.6,9.98,9.98,100600
2016-02-25,9.98,10.21,9.87,10.17,10.17,101600
2016-02-26,10.29,10.3,10.11,10.16,10.16,106000
2016-02-29,10.17,10.38,10.12,10.27,10.27,74000
2016-03-01,10.35,10.63,10.32,10.58,10.58,79500
2016-03-02,10.57,10.67,10.41,10.62,10.62,92300
2016-03-03,10.52,10.91,10.49,10.9,10.9,129600
2016-03-04,10.81,10.99,10.7,10.79,10.79,125700
2016-03-07,10.77,10.97,10.7,10.97,10.97,111300
2016-03-08,10.89,11.02,10.69,10.86,10.86,173900
2016-03-09,10.92,11.08,10.81,10.84,10.84,111300
2016-03-10,10.84,10.91,10.65,10.71,10.71,94600
2016-03-11,10.84,10.93,10.81,10.88,10.88,47600
2016-03-14,10.88,11.0,10.87,10.9,10.9,43900
2016-03-15,10.83,10.83,10.47,10.47,10.47,185400
2016-03-16,10.46,10.59,10.27,10.49,10.49,319200
2016-03-17,10.48,10.73,10.48,10.68,10.68,356700
2016-03-18,10.65,10.84,10.56,10.67,10.67,184400
2016-03-21,10.6,10.73,9.9,10.0,10.0,1210000
2016-03-22,10.03,10.77,9.94,10.75,10.75,388000
2016-03-23,10.67,10.8,10.59,10.72,10.72,182900
2016-03-24,10.58,10.83,10.56,10.76,10.76,338000
2016-03-28,10.81,11.04,10.68,10.68,10.68,205400
2016-03-29,10.61,11.01,10.61,10.89,10.89,213300
2016-03-30,10.93,11.17,10.88,10.91,10.91,332300
2016-03-31,10.96,11.11,10.8,10.98,10.98,345800
2016-04-01,10.87,11.06,10.64,10.97,10.97,270400
2016-04-04,11.0,11.01,10.87,10.91,10.91,201400
2016-04-05,10.81,10.93,10.77,10.88,10.88,145500
2016-04-06,10.87,11.05,10.78,10.98,10.98,166700
2016-04-07,10.95,10.96,10.77,10.83,10.83,293700
2016-04-08,10.96,11.04,10.83,10.89,10.89,169400
2016-04-11,10.95,11.08,10.89,10.9,10.9,149800
2016-04-12,10.68,10.68,10.31,10.49,10.49,533500
2016-04-13,10.49,10.77,10.46,10.71,10.71,346100
2016-04-14,10.67,10.92,10.58,10.75,10.75,335700
2016-04-15,10.51,10.7,10.45,10.59,10.59,308900
2016-04-18,10.56,10.79,10.49,10.71,10.71,193300
2016-04-19,10.72,10.78,10.54,10.59,10.59,342000
2016-04-20,10.54,10.58,10.42,10.51,10.51,301200
2016-04-21,10.98,11.35,10.78,11.0,11.0,805100
2016-04-22,11.03,11.14,10.89,10.96,10.96,345200
2016-04-25,10.91,11.04,10.8,10.84,10.84,202100
2016-04-26,10.94,10.94,10.76,10.77,10.77,247300
2016-04-27,10.81,10.84,10.66,10.74,10.74,514500
2016-04-28,10.67,10.73,10.55,10.66,10.66,512900
2016-04-29,10.63,10.85,10.56,10.73,10.73,313000
2016-05-02,10.73,10.79,10.53,10.75,10.75,199100
2016-05-03,10.67,10.67,10.38,10.38,10.38,799900
2016-05-04,10.31,10.41,10.23,10.31,10.31,569700
2016-05-05,10.33,10.33,10.11,10.12,10.12,233800
2016-05-06,10.13,10.25,10.09,10.18,10.18,241700
2016-05-09,10.16,10.25,10.09,10.15,10.15,256700
2016-05-10,10.17,10.22,10.11,10.16,10.16,566900
2016-05-11,10.15,10.22,10.05,10.05,10.05,825300
2016-05-12,10.11,10.18,9.82,9.85,9.85,878700
2016-05-13,9.84,10.16,9.75,9.99,9.99,2579300
2016-05-16,10.09,10.36,10.09,10.22,10.22,1279600
2016-05-17,10.25,10.3,10.07,10.1,10.1,1167400
2016-05-18,10.08,10.28,10.01,10.11,10.11,1143600
2016-05-19,10.01,10.14,9.97,10.1,10.1,620900
2016-05-20,10.16,10.27,10.09,10.14,10.14,1030900
2016-05-23,10.16,10.22,10.15,10.16,10.16,446100
2016-05-24,10.19,10.3,10.16,10.2,10.2,555400
2016-05-25,10.25,10.34,10.17,10.26,10.26,504500
2016-05-26,10.3,10.74,10.28,10.65,10.65,597600
2016-05-27,10.64,10.88,10.63,10.76,10.76,177900
2016-05-31,10.71,10.78,10.6,10.65,10.65,208900
2016-06-01,10.63,10.69,10.52,10.68,10.68,316600
2016-06-02,10.65,10.8,10.62,10.8,10.8,169100
2016-06-03,10.85,10.86,10.65,10.77,10.77,138200
2016-06-06,10.75,10.9,10.74,10.84,10.84,211200
2016-06-07,10.8,10.88,10.78,10.82,10.82,197300
2016-06-08,10.89,11.03,10.75,10.9,10.9,364600
2016-06-09,10.83,10.85,10.67,10.8,10.8,234700
2016-06-10,10.7,10.72,10.58,10.69,10.69,382100
2016-06-13,10.66,10.66,10.46,10.48,10.48,171100
2016-06-14,10.44,10.53,10.42,10.46,10.46,280700
2016-06-15,10.44,10.55,10.41,10.43,10.43,187700
2016-06-16,10.32,10.4,10.2,10.35,10.35,186700
2016-06-17,10.36,10.46,10.21,10.4,10.4,187100
2016-06-20,10.53,10.56,10.37,10.39,10.39,219500
2016-06-21,10.37,10.4,10.24,10.28,10.28,189600
2016-06-22,10.32,10.37,10.09,10.12,10.12,229900
2016-06-23,10.23,10.31,10.21,10.24,10.24,167700
2016-06-24,9.87,9.92,9.71,9.73,9.73,294100
2016-06-27,9.62,9.62,9.14,9.24,9.24,440700
2016-06-28,9.31,9.38,9.18,9.27,9.27,190600
2016-06-29,9.31,9.4,9.09,9.13,9.13,366000
2016-06-30,9.15,9.35,9.04,9.3,9.3,341600
2016-07-01,9.29,9.44,9.26,9.35,9.35,131600
2016-07-05,9.35,9.35,8.88,9.02,9.02,363500
2016-07-06,9.02,9.06,8.83,9.03,9.03,266500
2016-07-07,9.05,9.2,9.05,9.14,9.14,254400
2016-07-08,9.22,9.3,9.17,9.29,9.29,337400
2016-07-11,9.32,9.36,9.16,9.3,9.3,224100
2016-07-12,9.39,9.45,9.37,9.38,9.38,193900
2016-07-13,9.44,9.51,9.33,9.5,9.5,291800
2016-07-14,9.52,9.72,9.52,9.68,9.68,253900
2016-07-15,9.71,9.8,9.58,9.77,9.77,200600
2016-07-18,9.8,9.95,9.74,9.82,9.82,266600
2016-07-19,9.79,9.96,9.76,9.92,9.92,349700
2016-07-20,9.94,10.13,9.89,10.07,10.07,373500
2016-07-21,10.12,10.16,10.0,10.08,10.08,413300
2016-07-22,10.75,11.08,10.66,10.85,10.85,1102700
2016-07-25,10.88,11.08,10.82,10.96,10.96,411100
2016-07-26,10.96,11.23,10.95,11.22,11.22,344300
2016-07-27,11.39,11.45,11.27,11.32,11.32,412000
2016-07-28,11.33,11.36,11.16,11.21,11.21,268100
2016-07-29,10.99,11.22,10.95,11.08,11.08,360300
2016-08-01,11.33,11.46,11.11,11.24,11.24,442600
2016-08-02,11.3,11.36,10.96,11.08,11.08,299600
2016-08-03,11.04,11.21,11.03,11.17,11.17,257100
2016-08-04,11.15,11.17,10.94,11.07,11.07,349000
2016-08-05,11.04,11.23,10.97,11.14,11.14,371900
2016-08-08,11.14,11.17,11.1,11.11,11.11,356100
2016-08-09,11.11,11.16,11.09,11.15,11.15,232800
2016-08-10,11.18,11.22,10.95,10.96,10.96,477100
2016-08-11,10.94,11.04,10.9,10.95,10.95,312400
2016-08-12,10.92,11.06,10.92,11.0,11.0,406900
2016-08-15,11.0,11.2,10.96,10.99,10.99,242300
2016-08-16,11.01,11.01,10.88,10.89,10.89,354500
2016-08-17,10.91,10.91,10.77,10.81,10.81,378500
2016-08-18,10.81,10.84,10.63,10.67,10.67,351600
2016-08-19,10.62,10.86,10.58,10.83,10.83,238600
2016-08-22,10.76,10.76,10.56,10.57,10.57,191800
2016-08-23,10.6,10.83,10.58,10.71,10.71,208800
2016-08-24,10.72,10.74,10.6,10.63,10.63,104300
2016-08-25,10.67,10.75,10.54,10.72,10.72,154500
2016-08-26,10.79,10.86,10.71,10.77,10.77,170000
2016-08-29,10.74,10.8,10.66,10.75,10.75,97900
2016-08-30,10.72,10.8,10.66,10.75,10.75,140600
2016-08-31,10.74,10.74,10.58,10.66,10.66,173600
2016-09-01,10.7,10.78,10.62,10.74,10.74,138900
2016-09-02,10.81,10.97,10.8,10.92,10.92,157500
2016-09-06,10.93,10.99,10.82,10.94,10.94,182300
2016-09-07,10.97,10.97,10.81,10.93,10.93,164100
2016-09-08,10.88,10.96,10.83,10.84,10.84,91700
2016-09-09,10.75,10.76,10.6,10.63,10.63,202700
2016-09-12,10.6,10.7,10.48,10.65,10.65,167400
2016-09-13,10.6,10.6,10.4,10.41,10.41,97500
2016-09-14,10.43,10.48,10.29,10.36,10.36,87400
2016-09-15,10.38,10.47,10.3,10.46,10.46,108100
2016-09-16,10.41,10.46,10.28,10.28,10.28,137300
2016-09-19,10.35,10.46,10.21,10.31,10.31,159500
2016-09-20,10.36,10.37,10.29,10.34,10.34,176100
2016-09-21,10.43,10.61,10.41,10.47,10.47,176200
2016-09-22,10.51,10.64,10.51,10.64,10.64,81000
2016-09-23,10.58,10.59,10.49,10.56,10.56,118700
2016-09-26,10.5,10.62,10.44,10.47,10.47,131900
2016-09-27,10.48,10.48,10.3,10.43,10.43,131300
2016-09-28,10.43,10.62,10.42,10.6,10.6,158600
2016-09-29,10.59,10.82,10.59,10.7,10.7,126800
2016-09-30,10.73,10.87,10.7,10.83,10.83,105000
2016-10-03,10.85,10.87,10.72,10.83,10.83,103200
2016-10-04,10.8,10.93,10.74,10.78,10.78,92200
2016-10-05,10.83,11.0,10.83,10.91,10.91,77400
2016-10-06,10.92,10.92,10.81,10.82,10.82,65500
2016-10-07,10.83,10.83,10.59,10.72,10.72,55600
2016-10-10,10.82,10.9,10.69,10.72,10.72,40300
2016-10-11,10.66,10.71,10.45,10.48,10.48,89400
2016-10-12,10.46,10.51,10.37,10.37,10.37,182500
2016-10-13,10.33,10.4,10.16,10.3,10.3,176600
2016-10-14,10.3,10.5,10.3,10.4,10.4,137700
2016-10-17,10.43,10.47,10.38,10.45,10.45,77900
2016-10-18,10.54,10.63,10.38,10.42,10.42,202500
2016-10-19,10.4,10.48,10.3,10.46,10.46,142600
2016-10-20,10.39,10.46,10.35,10.44,10.44,126600
2016-10-21,11.0,11.65,10.83,11.49,11.49,780600
2016-10-24,11.52,11.86,11.4,11.62,11.62,788700
2016-10-25,11.65,11.75,11.45,11.66,11.66,373500
2016-10-26,11.6,12.0,11.6,11.82,11.82,343400
2016-10-27,11.97,12.19,11.89,11.95,11.95,373000
2016-10-28,12.0,12.2,11.89,11.91,11.91,488200
2016-10-31,12.0,12.02,11.77,11.85,11.85,494500
2016-11-01,11.86,12.3,11.86,12.12,12.12,541800
2016-11-02,12.18,12.27,12.08,12.13,12.13,281700
2016-11-03,12.13,12.15,11.87,11.88,11.88,255900
2016-11-04,11.94,12.02,11.81,11.84,11.84,205600
2016-11-07,11.96,12.13,11.9,11.96,11.96,385600
2016-11-08,11.96,12.12,11.91,12.1,12.1,288200
2016-11-09,11.95,12.06,11.47,12.04,12.04,432900
2016-11-10,12.15,12.29,11.99,12.03,12.03,313800
2016-11-11,12.0,12.1,11.95,11.97,11.97,245800
2016-11-14,11.92,12.13,11.88,11.93,11.93,358400
2016-11-15,11.92,12.37,11.92,12.32,12.32,348900
2016-11-16,12.3,12.59,12.27,12.55,12.55,493300
2016-11-17,12.55,12.57,12.36,12.36,12.36,448100
2016-11-18,12.43,12.51,12.31,12.35,12.35,259700
2016-11-21,12.39,12.43,12.19,12.28,12.28,324100
2016-11-22,12.32,12.4,12.21,12.25,12.25,157100
2016-11-23,12.25,12.46,12.21,12.36,12.36,298300
2016-11-25,12.27,12.5,12.25,12.39,12.39,143700
2016-11-28,12.38,12.4,12.23,12.24,12.24,258900
2016-11-29,12.21,12.38,12.15,12.24,12.24,248400
2016-11-30,12.25,12.33,12.14,12.14,12.14,218600
2016-12-01,12.22,12.22,11.77,11.81,11.81,234600
2016-12-02,11.75,11.93,11.72,11.89,11.89,318900
2016-12-05,11.91,12.16,11.91,12.1,12.1,352800
2016-12-06,12.12,12.28,12.02,12.24,12.24,238100
2016-12-07,12.28,12.41,12.21,12.33,12.33,363100
2016-12-08,12.41,12.5,12.14,12.18,12.18,232400
2016-12-09,12.14,12.32,12.11,12.27,12.27,164400
2016-12-12,12.27,12.33,12.18,12.2,12.2,163400
2016-12-13,12.22,12.36,12.14,12.15,12.15,176800
2016-12-14,12.17,12.26,11.93,11.98,11.98,211200
2016-12-15,11.98,12.17,11.8,11.96,11.96,254000
2016-12-16,12.09,12.09,11.92,11.99,11.99,230700
2016-12-19,11.91,12.23,11.89,12.04,12.04,378200
2016-12-20,12.0,12.19,11.98,12.16,12.16,337400
2016-12-21,12.12,12.28,11.99,12.01,12.01,259000
2016-12-22,11.97,12.11,11.86,11.88,11.88,185700
2016-12-23,11.86,11.92,11.83,11.83,11.83,97700
2016-12-27,11.76,12.01,11.7,11.98,11.98,145100
2016-12-28,11.92,12.06,11.85,11.86,11.86,184600
2016-12-29,11.85,11.98,11.85,11.94,11.94,107200
2016-12-30,11.97,12.04,11.83,11.85,11.85,92400
2017-01-03,11.86,11.92,11.6,11.77,11.77,288300
2017-01-04,11.85,12.32,11.83,12.2,12.2,407500
2017-01-05,12.2,12.26,12.11,12.16,12.16,176100
2017-01-06,12.23,12.3,12.11,12.23,12.23,240800
2017-01-09,12.24,12.38,12.14,12.17,12.17,230000
2017-01-10,12.12,12.45,12.12,12.27,12.27,339300
2017-01-11,12.2,12.34,12.19,12.3,12.3,206600
2017-01-12,12.27,12.42,12.1,12.42,12.42,222300
2017-01-13,12.44,12.46,12.33,12.38,12.38,136800
2017-01-17,12.47,12.49,12.16,12.17,12.17,232500
2017-01-18,12.2,12.46,12.15,12.23,12.23,236100
2017-01-19,12.17,12.2,11.91,12.0,12.0,341000
2017-01-20,12.07,12.14,11.93,12.08,12.08,268100
2017-01-23,12.13,12.17,11.96,12.11,12.11,510300
2017-01-24,12.15,12.22,12.1,12.15,12.15,228600
2017-01-25,12.25,12.61,12.19,12.59,12.59,488700
2017-01-26,12.66,12.87,12.44,12.77,12.77,1024300
2017-01-27,13.21,14.54,13.21,14.18,14.18,2667100
2017-01-30,14.29,14.39,13.63,13.66,13.66,835600
2017-01-31,13.72,13.92,13.6,13.88,13.88,559600
2017-02-01,13.99,14.05,13.59,13.63,13.63,632500
2017-02-02,13.63,13.7,13.48,13.65,13.65,536200
2017-02-03,13.77,13.86,13.66,13.67,13.67,712200
2017-02-06,13.68,13.75,13.51,13.51,13.51,475500
2017-02-07,13.51,13.67,13.42,13.47,13.47,554800
2017-02-08,13.4,13.54,13.36,13.44,13.44,315800
2017-02-09,13.52,13.77,13.46,13.61,13.61,575000
2017-02-10,13.67,13.7,13.42,13.5,13.5,451800
2017-02-13,13.46,13.95,13.45,13.8,13.8,605000
2017-02-14,13.83,13.83,13.58,13.6,13.6,283300
2017-02-15,13.62,13.86,13.6,13.8,13.8,324800
2017-02-16,13.8,13.84,13.62,13.74,13.74,288700
2017-02-17,13.74,13.94,13.66,13.89,13.89,301700
2017-02-21,13.89,14.39,13.89,14.05,14.05,736000
2017-02-22,13.99,14.05,13.81,13.87,13.87,263300
2017-02-23,13.86,13.98,13.74,13.96,13.96,323800
2017-02-24,13.97,14.02,13.62,13.74,13.74,453600
2017-02-27,13.65,13.73,13.51,13.6,13.6,263900
2017-02-28,13.56,13.6,13.17,13.23,13.23,343300
2017-03-01,13.4,13.75,13.38,13.7,13.7,482900
2017-03-02,13.7,13.8,13.56,13.59,13.59,301800
2017-03-03,13.58,13.71,13.51,13.56,13.56,316300
2017-03-06,13.49,13.5,13.22,13.32,13.32,324000
2017-03-07,13.34,13.52,13.23,13.41,13.41,338800
2017-03-08,13.42,13.46,13.28,13.39,13.39,265600
2017-03-09,13.35,13.62,13.34,13.47,13.47,248300
2017-03-10,13.58,13.65,13.44,13.54,13.54,398200
2017-03-13,13.5,13.63,13.45,13.59,13.59,205200
2017-03-14,13.47,13.67,13.47,13.6,13.6,229600
2017-03-15,13.59,13.85,13.59,13.81,13.81,218500
2017-03-16,13.8,14.01,13.8,13.91,13.91,188800
2017-03-17,13.99,14.0,13.83,13.83,13.83,243300
2017-03-20,13.78,13.89,13.71,13.81,13.81,173700
2017-03-21,13.91,14.04,13.73,13.77,13.77,373700
2017-03-22,13.82,14.15,13.69,14.13,14.13,514400
2017-03-23,14.18,14.32,14.11,14.22,14.22,322400
2017-03-24,14.3,14.44,14.27,14.32,14.32,333200
2017-03-27,14.16,14.29,13.9,14.18,14.18,287100
2017-03-28,14.21,14.6,14.21,14.58,14.58,350900
2017-03-29,14.7,14.7,14.13,14.16,14.16,491800
2017-03-30,14.18,14.25,14.1,14.17,14.17,244400
2017-03-31,14.24,14.57,14.21,14.53,14.53,401300
2017-04-03,14.53,14.57,14.19,14.32,14.32,410800
2017-04-04,14.28,14.69,14.28,14.57,14.57,502700
2017-04-05,14.6,14.64,14.42,14.44,14.44,358300
2017-04-06,14.67,14.74,14.34,14.43,14.43,342400
2017-04-07,14.48,14.6,14.41,14.46,14.46,413300
2017-04-10,14.51,14.69,14.51,14.59,14.59,359300
2017-04-11,14.52,14.57,14.29,14.44,14.44,322000
2017-04-12,14.52,14.55,14.22,14.28,14.28,262100
2017-04-13,14.26,14.47,14.2,14.23,14.23,280200
2017-04-17,14.29,14.55,14.14,14.53,14.53,281300
2017-04-18,14.46,14.53,14.22,14.26,14.26,438400
2017-04-19,14.3,14.44,14.19,14.32,14.32,472700
2017-04-20,14.15,14.32,13.59,14.2,14.2,1463000
2017-04-21,14.25,14.53,14.19,14.26,14.26,699700
2017-04-24,14.53,14.53,14.32,14.45,14.45,339000
2017-04-25,14.51,14.63,14.43,14.58,14.58,396500
2017-04-26,14.51,14.69,14.51,14.54,14.54,642900
2017-04-27,14.55,14.6,14.34,14.43,14.43,394400
2017-04-28,14.4,14.4,14.17,14.25,14.25,417400
2017-05-01,14.34,14.38,14.15,14.19,14.19,551300
2017-05-02,14.17,14.32,14.06,14.1,14.1,545800
2017-05-03,14.05,14.08,13.81,13.85,13.85,400100
2017-05-04,13.82,13.92,13.67,13.78,13.78,301800
2017-05-05,13.78,13.83,13.72,13.79,13.79,491200
2017-05-08,13.74,13.94,13.74,13.88,13.88,451700
2017-05-09,13.91,14.09,13.86,13.98,13.98,324900
2017-05-10,14.0,14.28,14.0,14.19,14.19,490600
2017-05-11,14.08,14.18,14.01,14.15,14.15,387800
2017-05-12,14.11,14.28,13.93,13.98,13.98,360900
2017-05-15,14.05,14.19,14.01,14.1,14.1,391300
2017-05-16,14.19,14.25,14.1,14.23,14.23,453100
2017-05-17,14.06,14.15,13.71,13.73,13.73,358700
2017-05-18,13.64,13.77,13.32,13.58,13.58,445500
2017-05-19,13.64,13.8,13.64,13.73,13.73,269600
2017-05-22,13.72,13.84,13.65,13.79,13.79,182000
2017-05-23,13.83,13.86,13.63,13.71,13.71,262400
2017-05-24,13.65,13.89,13.65,13.85,13.85,238200
2017-05-25,13.87,13.93,13.71,13.83,13.83,315100
2017-05-26,13.83,13.89,13.77,13.78,13.78,192200
2017-05-30,13.76,13.85,13.69,13.81,13.81,163900
2017-05-31,13.86,13.86,13.58,13.74,13.74,204500
2017-06-01,13.8,14.03,13.78,14.03,14.03,259600
2017-06-02,14.03,14.13,13.98,14.01,14.01,168800
2017-06-05,13.95,14.01,13.86,13.89,13.89,214400
2017-06-06,13.86,13.9,13.73,13.83,13.83,291100
2017-06-07,13.83,14.01,13.77,13.83,13.83,272700
2017-06-08,13.79,13.97,13.75,13.97,13.97,303500
2017-06-09,13.99,14.19,13.87,14.04,14.04,350700
2017-06-12,13.98,14.11,13.91,14.0,14.0,455900
2017-06-13,14.11,14.2,14.03,14.07,14.07,257200
2017-06-14,14.08,14.14,13.79,13.85,13.85,265600
2017-06-15,13.77,13.79,13.52,13.69,13.69,356700
2017-06-16,13.69,13.79,13.56,13.59,13.59,286400
2017-06-19,13.59,13.9,13.59,13.81,13.81,287800
2017-06-20,13.76,13.82,13.7,13.74,13.74,176800
2017-06-21,13.79,13.82,13.71,13.79,13.79,172500
2017-06-22,13.48,13.62,13.33,13.54,13.54,333900
2017-06-23,13.52,13.79,13.47,13.69,13.69,289100
2017-06-26,13.72,13.85,13.65,13.71,13.71,419100
2017-06-27,13.76,13.9,13.67,13.72,13.72,373500
2017-06-28,13.8,14.06,13.78,13.98,13.98,245400
2017-06-29,13.92,14.0,13.55,13.69,13.69,422100
2017-06-30,13.73,13.73,13.49,13.58,13.58,322900
2017-07-03,13.66,13.73,13.47,13.56,13.56,160700
2017-07-05,13.51,13.57,13.18,13.36,13.36,628800
2017-07-06,13.32,13.34,13.14,13.22,13.22,251500
2017-07-07,13.26,13.43,13.25,13.38,13.38,222600
2017-07-10,13.38,13.56,13.32,13.55,13.55,184700
2017-07-11,13.55,13.67,13.46,13.67,13.67,237100
2017-07-12,13.78,13.9,13.66,13.85,13.85,245100
2017-07-13,13.88,13.9,13.74,13.75,13.75,157600
2017-07-14,13.75,13.84,13.62,13.64,13.64,378100
2017-07-17,13.68,13.82,13.56,13.76,13.76,422900
2017-07-18,13.73,13.86,13.63,13.8,13.8,313800
2017-07-19,13.88,13.92,13.8,13.8,13.8,398900
2017-07-20,13.8,13.83,13.61,13.61,13.61,333700
2017-07-21,13.59,13.63,13.36,13.38,13.38,364500
2017-07-24,13.43,13.52,13.23,13.45,13.45,474600
2017-07-25,13.46,13.49,13.34,13.44,13.44,625500
2017-07-26,13.35,13.35,12.32,12.71,12.71,1300200
2017-07-27,12.7,12.71,12.24,12.35,12.35,748600
2017-07-28,12.36,12.36,12.06,12.06,12.06,593700
2017-07-31,12.1,12.13,11.85,11.89,11.89,447300
2017-08-01,11.92,12.03,11.83,11.87,11.87,492800
2017-08-02,11.86,11.96,11.73,11.93,11.93,388000
2017-08-03,11.93,11.96,11.83,11.88,11.88,383100
2017-08-04,11.9,11.9,11.67,11.67,11.67,227200
2017-08-07,11.66,11.8,11.61,11.64,11.64,237800
2017-08-08,11.63,11.64,11.43,11.56,11.56,507200
2017-08-09,11.49,11.55,11.4,11.4,11.4,364400
2017-08-10,11.34,11.43,11.27,11.31,11.31,458500
2017-08-11,11.2,11.57,11.2,11.55,11.55,490100
2017-08-14,11.61,11.7,11.55,11.6,11.6,506700
2017-08-15,11.59,11.65,11.46,11.5,11.5,275600
2017-08-16,11.51,11.62,11.46,11.58,11.58,358600
2017-08-17,11.52,11.66,11.48,11.54,11.54,563100
2017-08-18,11.57,11.59,11.41,11.41,11.41,287700
2017-08-21,11.4,11.51,11.32,11.48,11.48,278300
2017-08-22,11.49,11.6,11.32,11.36,11.36,258000
2017-08-23,11.3,11.48,11.27,11.35,11.35,205900
2017-08-24,11.4,11.49,11.34,11.35,11.35,256800
2017-08-25,11.39,11.46,11.39,11.41,11.41,356900
2017-08-28,11.46,11.46,11.28,11.41,11.41,218900
2017-08-29,11.3,11.39,11.27,11.36,11.36,189700
2017-08-30,11.36,11.42,11.33,11.38,11.38,256800
2017-08-31,11.44,11.5,11.38,11.49,11.49,264800
2017-09-01,11.53,11.66,11.51,11.63,11.63,169500
2017-09-05,11.55,11.6,11.43,11.46,11.46,229000
2017-09-06,11.46,11.62,11.4,11.54,11.54,462300
2017-09-07,11.57,12.22,11.55,12.1,12.1,1208500
2017-09-08,12.04,12.17,11.96,12.1,12.1,524900
2017-09-11,12.18,12.38,12.06,12.33,12.33,639500
2017-09-12,12.31,12.4,12.21,12.29,12.29,332800
2017-09-13,12.3,12.35,12.17,12.31,12.31,320400
2017-09-14,12.28,12.42,12.25,12.4,12.4,358400
2017-09-15,12.41,12.51,12.31,12.47,12.47,373200
2017-09-18,12.47,12.53,12.38,12.46,12.46,296800
2017-09-19,12.47,12.57,12.46,12.51,12.51,248400
2017-09-20,12.54,12.54,12.28,12.32,12.32,290000
2017-09-21,12.3,12.39,12.26,12.35,12.35,208100
2017-09-22,12.33,12.57,12.33,12.48,12.48,273500
2017-09-25,12.42,12.48,12.2,12.21,12.21,274300
2017-09-26,12.31,12.37,12.22,12.28,12.28,242000
2017-09-27,12.36,12.41,12.15,12.36,12.36,409300
2017-09-28,12.34,12.5,12.33,12.36,12.36,295300
2017-09-29,12.38,12.6,12.37,12.38,12.38,459000
2017-10-02,12.41,12.59,12.38,12.58,12.58,277800
2017-10-03,12.58,12.66,12.43,12.55,12.55,235600
2017-10-04,12.53,12.76,12.53,12.68,12.68,269500
2017-10-05,12.64,12.68,12.48,12.5,12.5,216600
2017-10-06,12.48,12.63,12.42,12.59,12.59,180400
2017-10-09,12.6,12.67,12.56,12.63,12.63,148700
2017-10-10,12.6,12.67,12.45,12.5,12.5,256400
2017-10-11,12.5,12.59,12.44,12.52,12.52,236100
2017-10-12,12.5,12.53,12.39,12.43,12.43,141200
2017-10-13,12.44,12.5,12.39,12.45,12.45,152300
2017-10-16,12.43,12.75,12.43,12.54,12.54,494300
2017-10-17,12.54,12.56,12.3,12.32,12.32,143800
2017-10-18,12.33,12.44,12.28,12.33,12.33,386400
2017-10-19,12.26,12.28,12.09,12.15,12.15,334100
2017-10-20,12.16,12.42,12.13,12.3,12.3,230900
2017-10-23,12.36,12.4,12.22,12.32,12.32,158000
2017-10-24,12.32,12.38,12.2,12.22,12.22,163700
2017-10-25,12.19,12.24,11.94,11.98,11.98,349000
2017-10-26,12.0,12.01,11.86,11.9,11.9,172100
2017-10-27,11.49,11.49,10.46,10.78,10.78,2037600
2017-10-30,10.67,10.67,10.39,10.45,10.45,822800
2017-10-31,10.37,10.38,10.01,10.05,10.05,1352700
2017-11-01,10.03,10.1,9.79,10.1,10.1,1263500
2017-11-02,10.1,10.14,9.89,9.92,9.92,1233100
2017-11-03,9.95,10.14,9.91,10.04,10.04,705200
2017-11-06,10.02,10.48,10.01,10.44,10.44,750100
2017-11-07,10.41,10.41,10.09,10.13,10.13,984100
2017-11-08,10.17,10.42,10.13,10.36,10.36,831100
2017-11-09,10.33,10.61,10.28,10.56,10.56,1061400
2017-11-10,10.59,10.7,10.51,10.56,10.56,754400
2017-11-13,10.48,10.67,10.4,10.65,10.65,830600
2017-11-14,10.61,10.69,10.58,10.61,10.61,578500
2017-11-15,10.52,10.56,10.33,10.54,10.54,720700
2017-11-16,10.56,10.68,10.56,10.63,10.63,791100
2017-11-17,10.62,10.77,10.58,10.74,10.74,881900
2017-11-20,10.79,10.82,10.61,10.76,10.76,1139100
2017-11-21,10.83,10.83,10.58,10.67,10.67,762600
2017-11-22,10.73,10.84,10.67,10.79,10.79,422000
2017-11-24,10.78,10.84,10.74,10.82,10.82,117800
2017-11-27,10.84,10.84,10.66,10.69,10.69,558100
2017-11-28,10.67,10.88,10.67,10.75,10.75,888900
2017-11-29,10.73,10.78,10.62,10.64,10.64,1095200
2017-11-30,10.66,10.93,10.65,10.84,10.84,797300
2017-12-01,10.87,10.95,10.51,10.6,10.6,1085100
2017-12-04,10.69,10.76,10.53,10.55,10.55,760400
2017-12-05,10.55,10.65,10.41,10.43,10.43,466400
2017-12-06,10.4,10.45,10.3,10.31,10.31,559600
2017-12-07,10.29,10.37,10.19,10.23,10.23,357600
2017-12-08,10.3,10.32,10.15,10.24,10.24,715100
2017-12-11,10.27,10.44,10.26,10.36,10.36,421600
2017-12-12,10.34,10.5,10.34,10.35,10.35,473700
2017-12-13,10.36,10.44,10.34,10.36,10.36,553600
2017-12-14,10.34,10.4,10.3,10.32,10.32,705400
2017-12-15,10.39,10.49,10.35,10.41,10.41,538200
2017-12-18,10.46,10.55,10.36,10.5,10.5,535900
2017-12-19,10.46,10.58,10.37,10.56,10.56,1031700
2017-12-20,10.6,10.73,10.53,10.68,10.68,548500
2017-12-21,10.74,10.74,10.53,10.59,10.59,666200
2017-12-22,10.57,10.59,10.5,10.54,10.54,331100
2017-12-26,10.52,10.56,10.34,10.43,10.43,399200
2017-12-27,10.47,10.51,10.37,10.46,10.46,521600
2017-12-28,10.45,10.54,10.4,10.46,10.46,486200
2017-12-29,10.51,10.53,10.39,10.48,10.48,527400
2018-01-02,10.5,10.65,10.43,10.6,10.6,580400
2018-01-03,10.66,10.67,10.51,10.55,10.55,361700
2018-01-04,10.63,10.72,10.58,10.67,10.67,347100
2018-01-05,10.73,10.81,10.67,10.71,10.71,607100
2018-01-08,10.72,10.8,10.65,10.77,10.77,600700
2018-01-09,10.83,11.11,10.83,11.01,11.01,711000
2018-01-10,10.97,11.06,10.92,10.98,10.98,888400
2018-01-11,10.97,11.06,10.9,11.03,11.03,552100
2018-01-12,11.01,11.21,11.01,11.1,11.1,496700
2018-01-16,11.15,11.17,10.99,11.0,11.0,617000
2018-01-17,11.07,11.22,11.0,11.21,11.21,676100
2018-01-18,11.12,11.33,11.12,11.3,11.3,664100
2018-01-19,11.32,11.72,11.32,11.47,11.47,1895900
2018-01-22,11.44,11.47,11.09,11.16,11.16,2874100
2018-01-23,11.16,11.21,10.99,11.09,11.09,2142200
2018-01-24,11.17,11.19,10.93,11.03,11.03,1604100
2018-01-25,10.35,10.58,10.25,10.42,10.42,3480800
2018-01-26,10.44,10.56,10.33,10.55,10.55,1581000
2018-01-29,10.54,10.54,10.41,10.51,10.51,1202700
2018-01-30,10.36,10.44,10.26,10.36,10.36,1302400
2018-01-31,10.42,10.46,10.05,10.1,10.1,1519700
2018-02-01,10.0,10.19,9.98,10.14,10.14,1152300
2018-02-02,10.09,10.31,10.02,10.31,10.31,1131100
2018-02-05,10.25,10.33,10.14,10.16,10.16,1759900
2018-02-06,9.97,10.28,9.97,10.22,10.22,1156400
2018-02-07,10.17,10.44,10.16,10.39,10.39,980200
2018-02-08,10.45,10.6,10.24,10.24,10.24,1104200
2018-02-09,10.33,10.38,10.11,10.33,10.33,1270100
2018-02-12,10.37,10.61,10.37,10.53,10.53,973400
2018-02-13,10.44,10.55,10.42,10.46,10.46,790900
2018-02-14,10.43,10.79,10.39,10.66,10.66,958300
2018-02-15,10.72,10.72,10.52,10.64,10.64,849000
2018-02-16,10.61,10.72,10.59,10.68,10.68,714500
2018-02-20,10.64,10.84,10.62,10.69,10.69,539600
2018-02-21,10.72,10.74,10.61,10.62,10.62,444800
2018-02-22,10.67,10.67,10.4,10.43,10.43,615300
2018-02-23,10.51,10.66,10.39,10.63,10.63,730800
2018-02-26,10.68,10.92,10.65,10.89,10.89,432700
2018-02-27,10.9,11.05,10.84,10.92,10.92,543300
2018-02-28,10.98,11.01,10.83,10.88,10.88,420500
2018-03-01,10.9,11.09,10.78,10.78,10.78,487100
2018-03-02,10.7,10.88,10.6,10.88,10.88,473200
2018-03-05,10.8,11.02,10.77,10.89,10.89,434200
2018-03-06,10.98,11.02,10.82,10.97,10.97,450800
2018-03-07,10.89,11.02,10.88,10.9,10.9,416500
2018-03-08,10.95,11.04,10.89,10.95,10.95,337300
2018-03-09,10.98,11.05,10.9,10.94,10.94,436300
2018-03-12,10.99,11.09,10.92,11.03,11.03,432300
2018-03-13,11.02,11.22,11.02,11.17,11.17,1220700
2018-03-14,11.22,11.31,11.19,11.27,11.27,884300
2018-03-15,11.25,11.42,11.25,11.33,11.33,708800
2018-03-16,11.4,11.46,11.28,11.32,11.32,533500
2018-03-19,11.3,11.37,11.24,11.29,11.29,408100
2018-03-20,11.24,11.32,11.12,11.16,11.16,624100
2018-03-21,11.22,11.3,11.11,11.19,11.19,538000
2018-03-22,11.12,11.14,10.91,10.96,10.96,622900
2018-03-23,10.94,10.94,10.69,10.69,10.69,519300
2018-03-26,10.8,10.8,10.51,10.61,10.61,618900
2018-03-27,10.63,10.64,10.33,10.36,10.36,618500
2018-03-28,10.36,10.46,10.27,10.28,10.28,473100
2018-03-29,10.3,10.41,10.24,10.35,10.35,550700
2018-04-02,10.32,10.33,10.03,10.1,10.1,453900
2018-04-03,10.14,10.2,10.04,10.15,10.15,379000
2018-04-04,10.04,10.14,9.98,10.12,10.12,399200
2018-04-05,10.19,10.23,10.08,10.11,10.11,397600
2018-04-06,10.03,10.14,9.88,9.98,9.98,399400
2018-04-09,10.05,10.07,9.88,9.94,9.94,346100
2018-04-10,10.06,10.12,9.94,10.09,10.09,625500
2018-04-11,10.06,10.24,10.06,10.17,10.17,412800
2018-04-12,10.2,10.3,10.13,10.3,10.3,282700
2018-04-13,10.39,10.39,10.16,10.27,10.27,513400
2018-04-16,10.3,10.38,10.22,10.32,10.32,264600
2018-04-17,10.34,10.48,10.26,10.42,10.42,241500
2018-04-18,10.39,10.63,10.39,10.6,10.6,466700
2018-04-19,10.51,10.63,10.47,10.47,10.47,513400
2018-04-20,10.48,10.48,10.31,10.37,10.37,348700
2018-04-23,10.41,10.44,10.33,10.37,10.37,385900
2018-04-24,10.49,10.58,10.42,10.55,10.55,443500
2018-04-25,10.55,10.76,10.53,10.66,10.66,592600
2018-04-26,10.69,10.86,10.61,10.77,10.77,709700
2018-04-27,11.03,11.39,10.93,11.23,11.23,1218500
2018-04-30,11.38,11.62,11.25,11.5,11.5,947900
2018-05-01,11.39,11.56,11.37,11.5,11.5,779000
2018-05-02,11.55,11.87,11.54,11.81,11.81,618900
2018-05-03,11.8,11.84,11.63,11.67,11.67,665900
2018-05-04,11.64,11.9,11.52,11.89,11.89,563300
2018-05-07,11.89,11.97,11.86,11.9,11.9,404000
2018-05-08,11.88,12.04,11.79,11.8,11.8,315600
2018-05-09,11.87,11.98,11.83,11.89,11.89,475200
2018-05-10,11.92,12.13,11.92,12.05,12.05,550100
2018-05-11,12.05,12.08,11.92,12.02,12.02,331600
2018-05-14,12.06,12.1,11.99,12.09,12.09,324500
2018-05-15,12.0,12.15,11.95,12.11,12.11,454600
2018-05-16,12.13,12.16,12.06,12.1,12.1,284100
2018-05-17,12.09,12.09,11.96,11.97,11.97,649700
2018-05-18,11.95,11.95,11.79,11.88,11.88,310300
2018-05-21,11.99,12.07,11.89,11.99,11.99,233900
2018-05-22,12.0,12.05,11.93,12.0,12.0,380700
2018-05-23,11.95,12.0,11.92,11.95,11.95,367800
2018-05-24,11.89,11.94,11.81,11.92,11.92,316300
2018-05-25,11.9,12.1,11.87,12.05,12.05,299100
2018-05-29,12.05,12.1,11.88,12.01,12.01,800100
2018-05-30,12.09,12.12,12.01,12.08,12.08,309400
2018-05-31,12.08,12.1,11.95,12.01,12.01,506700
2018-06-01,12.05,12.13,12.02,12.11,12.11,261100
2018-06-04,12.2,12.29,12.16,12.21,12.21,433400
2018-06-05,12.21,12.3,12.19,12.3,12.3,467900
2018-06-06,12.36,12.47,12.33,12.36,12.36,439200
2018-06-07,12.34,12.38,12.29,12.33,12.33,346400
2018-06-08,12.32,12.4,12.31,12.38,12.38,187700
2018-06-11,12.35,12.43,12.32,12.42,12.42,213600
2018-06-12,12.45,12.45,12.35,12.42,12.42,240000
2018-06-13,12.43,12.46,12.26,12.31,12.31,203800
2018-06-14,12.42,12.46,12.22,12.24,12.24,301300
2018-06-15,12.17,12.22,12.05,12.06,12.06,457600
2018-06-18,12.0,12.01,11.8,11.92,11.92,480700
2018-06-19,11.85,11.87,11.62,11.81,11.81,231000
2018-06-20,11.81,11.86,11.68,11.69,11.69,265700
2018-06-21,11.7,11.77,11.56,11.62,11.62,333300
2018-06-22,11.66,11.79,11.56,11.79,11.79,188400
2018-06-25,11.76,11.76,11.58,11.7,11.7,294500
2018-06-26,11.69,11.8,11.66,11.74,11.74,218800
2018-06-27,11.76,12.0,11.76,11.77,11.77,371700
2018-06-28,11.8,11.83,11.65,11.79,11.79,389400
2018-06-29,11.81,11.99,11.8,11.87,11.87,460700
2018-07-02,11.83,11.88,11.69,11.85,11.85,175400
2018-07-03,11.93,12.0,11.84,11.88,11.88,131800
2018-07-05,11.87,12.11,11.87,12.1,12.1,229800
2018-07-06,12.07,12.19,11.99,12.08,12.08,810600
2018-07-09,12.12,12.31,12.06,12.21,12.21,396300
2018-07-10,12.19,12.31,12.17,12.25,12.25,307900
2018-07-11,12.21,12.21,12.04,12.12,12.12,224100
2018-07-12,12.16,12.34,12.16,12.28,12.28,152000
2018-07-13,12.28,12.44,12.16,12.18,12.18,386000
2018-07-16,12.2,12.28,12.14,12.22,12.22,170100
2018-07-17,12.21,12.38,12.18,12.32,12.32,175000
2018-07-18,12.33,12.42,12.29,12.36,12.36,385500
2018-07-19,12.35,12.45,12.27,12.41,12.41,209800
2018-07-20,12.44,12.48,12.31,12.32,12.32,207100
2018-07-23,12.33,12.33,12.2,12.3,12.3,163500
2018-07-24,12.33,12.5,12.32,12.35,12.35,194800
2018-07-25,12.34,12.39,12.17,12.24,12.24,334400
2018-07-26,12.2,12.23,11.99,12.0,12.0,482600
2018-07-27,11.99,11.99,11.7,11.74,11.74,365400
2018-07-30,11.73,11.98,11.68,11.86,11.86,341400
2018-07-31,11.95,12.01,11.74,11.81,11.81,408700
2018-08-01,12.01,12.55,12.0,12.0,12.0,682500
2018-08-02,12.01,12.01,11.75,11.75,11.75,379100
2018-08-03,11.72,11.89,11.67,11.86,11.86,299900
2018-08-06,11.87,12.11,11.86,12.04,12.04,267000
2018-08-07,12.01,12.21,12.01,12.11,12.11,293700
2018-08-08,12.02,12.28,12.02,12.2,12.2,339800
2018-08-09,12.15,12.29,12.13,12.26,12.26,331900
2018-08-10,12.18,12.3,12.08,12.21,12.21,480700
2018-08-13,12.2,12.36,12.19,12.28,12.28,391100
2018-08-14,12.29,12.34,12.21,12.32,12.32,241800
2018-08-15,12.21,12.26,12.1,12.17,12.17,471900
2018-08-16,12.24,12.33,12.16,12.17,12.17,298600
2018-08-17,12.19,12.29,12.19,12.25,12.25,226500
2018-08-20,12.27,12.35,12.23,12.34,12.34,188300
2018-08-21,12.35,12.59,12.35,12.45,12.45,266800
2018-08-22,12.45,12.53,12.38,12.48,12.48,177300
2018-08-23,12.47,12.48,12.29,12.29,12.29,170700
2018-08-24,12.33,12.33,12.21,12.26,12.26,205900
2018-08-27,12.27,12.41,12.27,12.34,12.34,286100
2018-08-28,12.4,12.42,12.29,12.32,12.32,180100
2018-08-29,12.32,12.41,12.28,12.37,12.37,152900
2018-08-30,12.31,12.36,12.26,12.32,12.32,132400
2018-08-31,12.28,12.39,12.23,12.3,12.3,325200
2018-09-04,12.24,12.24,11.93,12.15,12.15,290500
2018-09-05,12.18,12.18,11.94,12.01,12.01,239000
2018-09-06,11.98,12.14,11.97,12.08,12.08,255900
2018-09-07,12.04,12.17,12.0,12.07,12.07,278400
2018-09-10,12.16,12.17,12.05,12.09,12.09,274300
2018-09-11,12.12,12.16,11.99,12.12,12.12,316200
2018-09-12,12.11,12.25,12.04,12.08,12.08,321300
2018-09-13,12.15,12.22,11.91,11.97,11.97,215000
2018-09-14,11.96,12.09,11.93,12.0,12.0,248200
2018-09-17,12.0,12.01,11.76,11.78,11.78,152400
2018-09-18,11.78,11.82,11.53,11.64,11.64,272000
2018-09-19,11.62,11.64,11.5,11.53,11.53,241800
2018-09-20,11.4,11.48,10.78,11.01,11.01,1741800
2018-09-21,11.04,11.04,10.86,10.9,10.9,513800
2018-09-24,10.9,10.93,10.78,10.86,10.86,338100
2018-09-25,10.82,10.89,10.68,10.71,10.71,313400
2018-09-26,10.73,10.99,10.65,10.94,10.94,419200
2018-09-27,10.94,11.02,10.91,10.92,10.92,287300
2018-09-28,10.91,10.94,10.82,10.83,10.83,225100
2018-10-01,10.93,10.93,10.76,10.81,10.81,198000
2018-10-02,10.79,10.82,10.72,10.76,10.76,277500
2018-10-03,10.79,10.84,10.62,10.75,10.75,347500
2018-10-04,10.69,10.74,10.53,10.63,10.63,402800
2018-10-05,10.58,10.67,10.38,10.41,10.41,234200
2018-10-08,10.34,10.34,10.17,10.23,10.23,172800
2018-10-09,10.19,10.26,9.96,9.97,9.97,429200
2018-10-10,10.45,10.69,10.01,10.03,10.03,1216200
2018-10-11,10.43,11.08,10.43,10.81,10.81,1822900
2018-10-12,10.95,10.96,10.61,10.77,10.77,1103500
2018-10-15,10.76,10.96,10.63,10.64,10.64,469200
2018-10-16,10.74,10.83,10.58,10.83,10.83,539900
2018-10-17,10.84,11.19,10.69,11.04,11.04,1205400
2018-10-18,11.01,11.13,10.83,11.11,11.11,592800
2018-10-19,11.13,11.21,10.95,10.97,10.97,362700
2018-10-22,10.98,11.12,10.98,11.0,11.0,504100
2018-10-23,10.89,11.18,10.73,11.04,11.04,927100
2018-10-24,10.91,11.14,10.81,11.06,11.06,821300
2018-10-25,10.27,10.61,9.11,9.84,9.84,1777600
2018-10-26,9.62,9.8,9.44,9.72,9.72,812700
2018-10-29,9.84,10.21,9.78,9.97,9.97,942300
2018-10-30,10.0,10.46,10.0,10.15,10.15,600400
2018-10-31,10.15,10.49,10.11,10.38,10.38,661700
2018-11-01,10.46,10.63,10.46,10.51,10.51,542300
2018-11-02,10.47,10.9,10.46,10.78,10.78,697400
2018-11-05,10.76,10.82,10.45,10.53,10.53,419300
2018-11-06,10.52,10.7,10.4,10.51,10.51,467700
2018-11-07,10.54,10.63,10.41,10.6,10.6,595200
2018-11-08,10.47,10.74,10.47,10.7,10.7,516700
2018-11-09,10.61,10.64,10.25,10.31,10.31,293500
2018-11-12,10.27,10.33,9.97,9.99,9.99,338600
2018-11-13,9.98,10.2,9.96,9.99,9.99,272400
2018-11-14,10.02,10.12,9.8,9.87,9.87,327300
2018-11-15,9.87,9.96,9.78,9.91,9.91,271900
2018-11-16,9.79,10.21,9.79,10.12,10.12,455300
2018-11-19,10.06,10.09,9.68,9.81,9.81,386100
2018-11-20,9.67,9.91,9.62,9.76,9.76,353100
2018-11-21,9.81,10.03,9.78,9.82,9.82,281700
2018-11-23,9.79,10.11,9.79,10.02,10.02,312900
2018-11-26,10.07,10.23,9.95,10.04,10.04,379700
2018-11-27,9.97,10.11,9.97,10.03,10.03,256200
2018-11-28,10.03,10.25,9.93,10.25,10.25,420900
2018-11-29,10.24,10.43,10.22,10.3,10.3,508900
2018-11-30,10.26,10.38,10.2,10.29,10.29,441800
2018-12-03,10.44,10.5,9.99,10.06,10.06,442500
2018-12-04,9.96,10.12,9.8,9.8,9.8,469300
2018-12-06,9.68,9.68,9.49,9.62,9.62,448100
2018-12-07,9.61,9.75,9.53,9.66,9.66,411100
2018-12-10,9.64,9.67,9.52,9.58,9.58,429700
2018-12-11,9.6,9.74,9.57,9.58,9.58,551700
2018-12-12,9.64,9.89,9.59,9.65,9.65,252700
2018-12-13,9.74,9.76,9.32,9.35,9.35,268900
2018-12-14,9.31,9.34,9.07,9.1,9.1,327200
2018-12-17,9.04,9.22,8.89,8.92,8.92,194700
2018-12-18,9.01,9.07,8.84,8.88,8.88,246000
2018-12-19,8.95,8.98,8.72,8.74,8.74,249000
2018-12-20,8.7,8.87,8.67,8.76,8.76,269500
2018-12-21,8.78,8.89,8.66,8.7,8.7,323100
2018-12-24,8.65,8.75,8.6,8.62,8.62,150200
2018-12-26,8.61,8.73,8.5,8.72,8.72,231200
2018-12-27,8.57,8.85,8.57,8.74,8.74,518700
2018-12-28,8.73,8.84,8.71,8.74,8.74,604200
2018-12-31,8.77,8.86,8.69,8.77,8.77,275200
2019-01-02,8.7,8.92,8.69,8.84,8.84,408800
2019-01-03,8.75,8.83,8.67,8.71,8.71,340400
2019-01-04,8.79,8.79,8.63,8.67,8.67,297800
2019-01-07,8.7,8.9,8.65,8.83,8.83,374000
2019-01-08,8.88,8.91,8.74,8.76,8.76,248900
2019-01-09,8.79,8.98,8.79,8.92,8.92,361200
2019-01-10,8.92,9.13,8.85,9.07,9.07,644700
2019-01-11,9.08,9.33,9.08,9.2,9.2,489800
2019-01-14,9.17,9.17,8.97,9.07,9.07,329000
2019-01-15,9.13,9.17,8.98,9.06,9.06,357600
2019-01-16,9.08,9.28,9.06,9.09,9.09,289500
2019-01-17,9.13,9.23,8.93,9.18,9.18,526500
2019-01-18,9.23,9.42,9.18,9.2,9.2,499100
2019-01-22,9.21,9.21,9.03,9.15,9.15,295300
2019-01-23,9.15,9.2,9.12,9.15,9.15,228100
2019-01-24,9.22,9.42,9.21,9.35,9.35,360500
2019-01-25,9.36,9.72,9.35,9.64,9.64,411700
2019-01-28,9.6,9.61,9.37,9.49,9.49,277000
2019-01-29,9.66,9.86,9.55,9.81,9.81,491400
2019-01-30,9.79,9.86,9.58,9.82,9.82,315900
2019-01-31,9.88,9.96,9.67,9.93,9.93,605200
2019-02-01,8.54,8.61,7.53,8.1,8.1,2769500
2019-02-04,8.11,8.24,7.91,8.01,8.01,937900
2019-02-05,8.0,8.07,7.76,8.04,8.04,864200
2019-02-06,8.02,8.34,8.01,8.21,8.21,787500
2019-02-07,8.18,8.34,8.12,8.23,8.23,751300
2019-02-08,8.19,8.34,8.16,8.28,8.28,583900
2019-02-11,8.28,8.71,8.26,8.66,8.66,803300
2019-02-12,8.75,8.87,8.63,8.67,8.67,766400
2019-02-13,8.65,8.71,8.56,8.7,8.7,609300
2019-02-14,8.71,8.89,8.64,8.79,8.79,780000
2019-02-15,8.8,9.04,8.78,8.95,8.95,603300
2019-02-19,8.95,9.23,8.93,9.13,9.13,645300
2019-02-20,9.11,9.27,9.03,9.07,9.07,495900
2019-02-21,9.03,9.23,9.0,9.16,9.16,749800
2019-02-22,9.13,9.4,9.13,9.38,9.38,531200
2019-02-25,9.43,9.55,9.35,9.4,9.4,565100
2019-02-26,9.36,9.53,9.28,9.52,9.52,869400
2019-02-27,9.56,9.61,9.39,9.4,9.4,321200
2019-02-28,9.35,9.35,9.17,9.21,9.21,478800
2019-03-01,9.19,9.45,9.19,9.32,9.32,430200
2019-03-04,9.33,9.45,9.28,9.33,9.33,256300
2019-03-05,9.34,9.34,9.19,9.2,9.2,346600
2019-03-06,9.17,9.17,9.04,9.06,9.06,404200
2019-03-07,9.05,9.08,8.8,8.86,8.86,365200
2019-03-08,8.79,8.88,8.74,8.83,8.83,152900
2019-03-11,8.85,9.06,8.85,9.0,9.0,363100
2019-03-12,9.02,9.06,8.9,8.97,8.97,214700
2019-03-13,8.97,9.03,8.87,8.91,8.91,256600
2019-03-14,8.88,8.96,8.81,8.92,8.92,406900
2019-03-15,8.96,9.06,8.82,8.84,8.84,391300
2019-03-18,8.87,8.87,8.71,8.76,8.76,146800
2019-03-19,8.82,8.82,8.66,8.68,8.68,181800
2019-03-20,8.65,8.66,8.5,8.62,8.62,292600
2019-03-21,8.61,8.82,8.56,8.78,8.78,179000
2019-03-22,8.74,8.76,8.46,8.48,8.48,184300
2019-03-25,8.45,8.57,8.32,8.54,8.54,202400
2019-03-26,8.6,8.61,8.35,8.38,8.38,274100
2019-03-27,8.38,8.45,8.34,8.38,8.38,113500
2019-03-28,8.34,8.41,8.3,8.32,8.32,173100
2019-03-29,8.37,8.49,8.29,8.45,8.45,187100
2019-04-01,8.52,8.62,8.49,8.55,8.55,222800
2019-04-02,8.55,8.58,8.45,8.53,8.53,205400
2019-04-03,8.54,8.78,8.54,8.61,8.61,336900
2019-04-04,8.61,8.8,8.57,8.67,8.67,264400
2019-04-05,8.7,8.78,8.64,8.75,8.75,229900
2019-04-08,8.71,8.77,8.63,8.68,8.68,226400
2019-04-09,8.69,8.69,8.56,8.62,8.62,189500
2019-04-10,8.61,8.69,8.57,8.67,8.67,165400
2019-04-11,8.66,8.75,8.58,8.71,8.71,167200
2019-04-12,8.78,8.82,8.65,8.7,8.7,130800
2019-04-15,8.7,8.83,8.7,8.8,8.8,160700
2019-04-16,8.84,8.96,8.82,8.88,8.88,126800
2019-04-17,8.9,8.97,8.83,8.84,8.84,180600
2019-04-18,8.76,8.81,8.71,8.75,8.75,164100
2019-04-22,8.75,8.75,8.6,8.65,8.65,180700
2019-04-23,8.71,8.8,8.63,8.7,8.7,494800
2019-04-24,8.72,8.79,8.56,8.61,8.61,350400
2019-04-25,7.83,7.83,7.11,7.31,7.31,1534200
2019-04-26,7.22,7.3,6.9,7.17,7.17,995600
2019-04-29,7.16,7.32,7.11,7.28,7.28,509400
2019-04-30,7.22,7.28,7.06,7.13,7.13,462500
2019-05-01,7.13,7.29,7.12,7.17,7.17,973400
2019-05-02,7.14,7.24,7.08,7.11,7.11,475900
2019-05-03,7.13,7.29,7.12,7.26,7.26,385000
2019-05-06,7.18,7.31,7.16,7.3,7.3,405000
2019-05-07,7.24,7.36,7.24,7.33,7.33,313800
2019-05-08,7.33,7.41,7.26,7.34,7.34,501400
2019-05-09,7.3,7.44,7.27,7.39,7.39,442000
2019-05-10,7.36,7.41,7.25,7.3,7.3,291500
2019-05-13,7.19,7.23,7.11,7.14,7.14,732600
2019-05-14,7.18,7.22,7.03,7.08,7.08,707300
2019-05-15,7.03,7.16,7.0,7.11,7.11,521100
2019-05-16,7.11,7.15,7.0,7.02,7.02,572600
2019-05-17,6.97,7.02,6.93,6.95,6.95,223500
2019-05-20,6.84,6.98,6.84,6.95,6.95,306800
2019-05-21,6.99,7.16,6.99,7.06,7.06,376100
2019-05-22,7.02,7.1,6.86,6.87,6.87,292800
2019-05-23,6.84,6.86,6.53,6.55,6.55,468200
2019-05-24,6.58,6.64,6.48,6.52,6.52,363500
2019-05-28,6.51,6.68,6.5,6.64,6.64,313300
2019-05-29,6.58,6.62,6.4,6.42,6.42,430300
2019-05-30,6.44,6.46,6.4,6.46,6.46,274400
2019-05-31,6.4,6.42,6.22,6.28,6.28,283600
2019-06-03,6.3,6.37,6.25,6.25,6.25,240800
2019-06-04,6.31,6.44,6.29,6.43,6.43,180200
2019-06-05,6.44,6.46,6.17,6.22,6.22,419000
2019-06-06,6.25,6.33,6.18,6.3,6.3,160100
2019-06-07,6.33,6.4,6.28,6.37,6.37,180400
2019-06-10,6.41,6.52,6.35,6.39,6.39,167500
2019-06-11,6.42,6.5,6.33,6.42,6.42,241800
2019-06-12,6.38,6.42,6.35,6.38,6.38,174500
2019-06-13,6.38,6.42,6.35,6.38,6.38,300800
2019-06-14,6.34,6.36,6.25,6.32,6.32,287300
2019-06-17,6.35,6.41,6.29,6.32,6.32,291300
2019-06-18,6.36,6.52,6.36,6.46,6.46,344100
2019-06-19,6.5,6.56,6.4,6.47,6.47,399800
2019-06-20,6.61,6.61,6.51,6.59,6.59,498200
2019-06-21,6.61,6.63,6.49,6.6,6.6,188800
2019-06-24,6.62,6.74,6.57,6.67,6.67,213700
2019-06-25,6.7,6.7,6.55,6.64,6.64,290400
2019-06-26,6.68,6.79,6.63,6.71,6.71,999800
2019-06-27,6.74,6.8,6.7,6.78,6.78,180700
2019-06-28,6.77,6.87,6.77,6.83,6.83,160700
2019-07-01,6.92,7.2,6.92,7.03,7.03,944400
2019-07-02,7.04,7.04,6.77,6.81,6.81,370800
2019-07-03,6.81,6.88,6.8,6.86,6.86,149200
2019-07-05,6.85,6.95,6.8,6.93,6.93,416300
2019-07-08,6.93,6.93,6.74,6.74,6.74,284100
2019-07-09,6.69,6.74,6.59,6.61,6.61,168400
2019-07-10,6.63,6.68,6.52,6.54,6.54,579700
2019-07-11,6.53,6.57,6.45,6.48,6.48,482200
2019-07-12,6.52,6.72,6.49,6.62,6.62,365300
2019-07-15,6.64,6.71,6.52,6.69,6.69,597400
2019-07-16,6.66,6.71,6.58,6.61,6.61,228300
2019-07-17,6.6,6.73,6.56,6.64,6.64,248300
2019-07-18,6.66,6.66,6.55,6.57,6.57,146800
2019-07-19,6.59,6.7,6.56,6.67,6.67,300400
2019-07-22,6.68,6.81,6.68,6.73,6.73,189500
2019-07-23,6.73,6.88,6.73,6.81,6.81,278300
2019-07-24,6.82,7.16,6.8,7.1,7.1,763200
2019-07-25,6.5,7.1,6.41,6.98,6.98,885000
2019-07-26,6.99,7.08,6.93,7.02,7.02,349300
2019-07-29,7.04,7.25,7.02,7.16,7.16,480900
2019-07-30,7.13,7.2,7.11,7.16,7.16,673500
2019-07-31,7.16,7.22,7.06,7.09,7.09,491300
2019-08-01,7.1,7.17,6.95,6.98,6.98,409400
2019-08-02,6.97,6.97,6.77,6.9,6.9,344800
2019-08-05,6.77,6.88,6.75,6.78,6.78,155100
2019-08-06,6.77,6.88,6.58,6.6,6.6,239500
2019-08-07,6.54,6.63,6.45,6.62,6.62,255900
2019-08-08,6.64,6.93,6.64,6.92,6.92,316200
2019-08-09,6.86,6.94,6.8,6.82,6.82,552300
2019-08-12,6.81,6.81,6.63,6.67,6.67,119100
2019-08-13,6.63,6.79,6.56,6.69,6.69,183200
2019-08-14,6.61,6.61,6.45,6.52,6.52,248500
2019-08-15,6.48,6.55,6.4,6.49,6.49,552400
2019-08-16,6.57,6.78,6.55,6.78,6.78,240600
2019-08-19,6.88,6.88,6.76,6.81,6.81,196100
2019-08-20,6.76,6.79,6.64,6.65,6.65,245200
2019-08-21,6.7,6.82,6.68,6.76,6.76,384800
2019-08-22,6.79,6.92,6.79,6.83,6.83,198700
2019-08-23,6.74,6.8,6.52,6.55,6.55,223600
2019-08-26,6.58,6.6,6.37,6.4,6.4,282500
2019-08-27,6.44,6.44,6.1,6.16,6.16,315400
2019-08-28,6.11,6.33,6.08,6.22,6.22,185100
2019-08-29,6.3,6.47,6.3,6.43,6.43,173900
2019-08-30,6.44,6.54,6.44,6.47,6.47,95600
2019-09-03,6.45,6.45,6.29,6.39,6.39,242200
2019-09-04,6.42,6.6,6.42,6.58,6.58,221800
2019-09-05,6.64,6.95,6.62,6.92,6.92,221400
2019-09-06,6.95,7.13,6.92,7.1,7.1,203600
2019-09-09,7.1,7.33,7.1,7.3,7.3,393600
2019-09-10,7.28,7.43,7.26,7.4,7.4,229900
2019-09-11,7.41,7.45,7.3,7.37,7.37,205200
2019-09-12,7.36,7.42,7.28,7.36,7.36,405300
2019-09-13,7.34,7.47,7.27,7.37,7.37,253900
2019-09-16,7.37,7.5,7.31,7.37,7.37,179200
2019-09-17,7.32,7.32,7.17,7.29,7.29,144100
2019-09-18,7.28,7.33,7.18,7.22,7.22,63700
2019-09-19,7.21,7.33,7.21,7.24,7.24,99600
2019-09-20,7.22,7.32,7.15,7.29,7.29,218900
2019-09-23,7.27,7.4,7.22,7.33,7.33,114300
2019-09-24,7.37,7.44,7.21,7.23,7.23,143300
2019-09-25,7.22,7.35,7.2,7.32,7.32,126300
2019-09-26,7.31,7.43,7.29,7.42,7.42,166300
2019-09-27,7.43,7.51,7.28,7.3,7.3,108800
2019-09-30,7.38,7.38,7.12,7.17,7.17,146000
2019-10-01,7.16,7.28,6.93,6.94,6.94,257900
2019-10-02,6.89,6.89,6.51,6.86,6.86,348400
2019-10-03,6.85,6.87,6.59,6.59,6.59,252900
2019-10-04,6.61,6.76,6.53,6.69,6.69,208700
2019-10-07,6.68,6.71,6.59,6.59,6.59,205400
2019-10-08,6.52,6.55,6.35,6.47,6.47,429600
2019-10-09,6.49,6.63,6.49,6.5,6.5,120700
2019-10-10,6.45,6.56,6.38,6.53,6.53,307000
2019-10-11,6.61,6.74,6.61,6.67,6.67,116600
2019-10-14,6.65,6.7,6.6,6.67,6.67,83800
2019-10-15,6.69,6.82,6.62,6.75,6.75,174000
2019-10-16,6.69,6.96,6.64,6.83,6.83,206600
2019-10-17,6.85,6.87,6.74,6.81,6.81,136800
2019-10-18,6.78,6.85,6.65,6.66,6.66,323700
2019-10-21,6.7,6.89,6.68,6.82,6.82,212000
2019-10-22,6.82,6.82,6.72,6.74,6.74,312500
2019-10-23,6.72,6.74,6.64,6.69,6.69,790700
2019-10-24,6.78,7.0,6.72,6.88,6.88,389000
2019-10-25,6.77,6.96,5.95,6.43,6.43,1396600
2019-10-28,6.43,7.07,6.43,6.91,6.91,666200
2019-10-29,6.83,7.04,6.79,6.88,6.88,1105000
2019-10-30,6.93,7.08,6.84,7.07,7.07,994800
2019-10-31,7.08,7.28,6.99,7.22,7.22,870600
2019-11-01,7.22,7.48,7.22,7.37,7.37,554100
2019-11-04,7.35,7.69,7.35,7.68,7.68,908200
2019-11-05,7.68,7.84,7.56,7.65,7.65,1544500
2019-11-06,7.62,7.79,7.56,7.71,7.71,500700
2019-11-07,7.79,7.93,7.78,7.88,7.88,591900
2019-11-08,7.9,7.93,7.77,7.83,7.83,442800
2019-11-11,7.74,8.08,7.74,8.03,8.03,336800
2019-11-12,7.99,8.03,7.86,7.93,7.93,180800
2019-11-13,7.85,8.07,7.82,8.06,8.06,224800
2019-11-14,8.0,8.09,7.77,7.78,7.78,409400
2019-11-15,7.8,7.95,7.8,7.87,7.87,209600
2019-11-18,7.81,7.83,7.62,7.62,7.62,312700
2019-11-19,7.7,7.7,7.59,7.61,7.61,268700
2019-11-20,7.56,7.64,7.48,7.57,7.57,367900
2019-11-21,7.58,7.65,7.51,7.6,7.6,236900
2019-11-22,7.58,7.68,7.56,7.57,7.57,322100
2019-11-25,7.58,7.74,7.55,7.7,7.7,192400
2019-11-26,7.68,7.7,7.58,7.61,7.61,390500
2019-11-27,7.62,7.73,7.61,7.73,7.73,229800
2019-11-29,7.73,7.78,7.68,7.75,7.75,164800
2019-12-02,7.79,7.83,7.52,7.54,7.54,554200
2019-12-03,7.49,7.53,7.34,7.51,7.51,396800
2019-12-04,7.56,7.78,7.56,7.7,7.7,304600
2019-12-05,7.71,7.78,7.65,7.67,7.67,381000
2019-12-06,7.69,7.77,7.59,7.63,7.63,318600
2019-12-09,7.62,7.63,7.49,7.54,7.54,367700
2019-12-10,7.52,7.57,7.49,7.5,7.5,275900
2019-12-11,7.55,7.69,7.47,7.68,7.68,663700
2019-12-12,7.7,7.98,7.66,7.92,7.92,545600
2019-12-13,7.92,7.99,7.87,7.9,7.9,455600
2019-12-16,7.96,8.12,7.93,8.06,8.06,363400
2019-12-17,8.13,8.22,8.05,8.2,8.2,453900
2019-12-18,8.22,8.31,8.0,8.27,8.27,674300
2019-12-19,8.29,8.54,8.21,8.5,8.5,769100
2019-12-20,8.5,8.53,8.34,8.44,8.44,261100
2019-12-23,8.19,8.35,8.19,8.27,8.27,377200
2019-12-24,8.25,8.25,8.13,8.19,8.19,291600
2019-12-26,8.21,8.21,8.09,8.14,8.14,159700
2019-12-27,8.18,8.18,8.1,8.11,8.11,198200
2019-12-30,8.08,8.33,8.04,8.25,8.25,247500
2019-12-31,8.25,8.36,8.21,8.27,8.27,184400
2020-01-02,8.31,8.36,8.16,8.33,8.33,289900
2020-01-03,8.24,8.27,8.13,8.2,8.2,237300
2020-01-06,8.19,8.22,8.1,8.13,8.13,218800
2020-01-07,8.13,8.24,8.09,8.21,8.21,125200
2020-01-08,8.2,8.42,8.2,8.37,8.37,447700
2020-01-09,8.46,8.53,8.32,8.33,8.33,222900
2020-01-10,8.36,8.43,8.33,8.43,8.43,307400
2020-01-13,8.46,8.53,8.43,8.47,8.47,632900
2020-01-14,8.46,8.52,8.41,8.43,8.43,519800
2020-01-15,8.4,8.6,8.4,8.58,8.58,485200
2020-01-16,8.61,8.97,8.61,8.93,8.93,387900
2020-01-17,9.01,9.05,8.79,8.85,8.85,261900
2020-01-21,8.79,8.86,8.73,8.8,8.8,358400
2020-01-22,8.79,8.95,8.79,8.81,8.81,576000
2020-01-23,8.79,8.96,8.69,8.9,8.9,412800
2020-01-24,8.99,9.01,8.77,8.82,8.82,415700
2020-01-27,8.67,8.8,8.6,8.72,8.72,491300
2020-01-28,8.77,9.04,8.73,8.93,8.93,2071900
2020-01-29,9.01,9.09,8.85,8.85,8.85,800100
2020-01-30,9.18,9.29,8.78,9.14,9.14,2520100
2020-01-31,9.15,9.29,9.02,9.04,9.04,1280100
2020-02-03,9.15,9.15,8.89,8.89,8.89,840400
2020-02-04,8.95,9.07,8.93,8.99,8.99,960400
2020-02-05,9.09,9.15,8.99,9.06,9.06,1197300
2020-02-06,9.08,9.13,8.74,8.76,8.76,553400
2020-02-07,8.73,8.73,8.23,8.26,8.26,666900
2020-02-10,8.21,8.21,7.93,8.05,8.05,766700
2020-02-11,8.08,8.23,8.03,8.14,8.14,907300
2020-02-12,8.19,8.42,8.19,8.37,8.37,598300
2020-02-13,8.35,8.35,8.19,8.21,8.21,242300
2020-02-14,8.21,8.22,8.04,8.05,8.05,278600
2020-02-18,8.01,8.01,7.79,7.87,7.87,412700
2020-02-19,7.96,7.96,7.75,7.84,7.84,479200
2020-02-20,7.78,7.92,7.77,7.83,7.83,396500
2020-02-21,7.8,7.8,7.57,7.59,7.59,249200
2020-02-24,7.34,7.44,7.29,7.29,7.29,511200
2020-02-25,7.29,7.34,6.99,7.01,7.01,469700
2020-02-26,7.02,7.18,6.92,6.93,6.93,271200
2020-02-27,6.78,6.78,6.56,6.6,6.6,819600
2020-02-28,6.36,6.36,6.09,6.32,6.32,858800
2020-03-02,6.36,6.43,6.18,6.41,6.41,1012500
2020-03-03,6.4,6.64,6.36,6.47,6.47,520200
2020-03-04,6.54,6.63,6.41,6.62,6.62,343300
2020-03-05,6.44,6.6,6.39,6.5,6.5,326000
2020-03-06,6.28,6.46,6.24,6.44,6.44,472000
2020-03-09,5.94,6.09,5.6,5.61,5.61,375800
2020-03-10,5.75,5.85,5.15,5.36,5.36,655000
2020-03-11,5.22,5.34,5.02,5.07,5.07,422100
2020-03-12,4.6,4.67,4.0,4.02,4.02,794200
2020-03-13,4.21,4.36,4.08,4.34,4.34,927300
2020-03-16,3.78,4.17,3.69,3.77,3.77,381300
2020-03-17,3.79,4.0,3.6,3.77,3.77,821000
2020-03-18,3.45,3.54,2.63,2.83,2.83,662500
2020-03-19,3.0,3.14,2.69,2.94,2.94,889400
2020-03-20,2.99,3.23,2.84,2.9,2.9,860500
2020-03-23,2.95,2.95,2.69,2.84,2.84,1157500
2020-03-24,2.9,3.15,2.9,2.98,2.98,1321900
2020-03-25,3.1,3.4,2.9,3.2,3.2,1586500
2020-03-26,3.3,3.76,3.27,3.52,3.52,721100
2020-03-27,3.43,3.43,3.11,3.33,3.33,465100
2020-03-30,3.25,3.55,3.13,3.52,3.52,687800
2020-03-31,3.5,3.65,3.43,3.5,3.5,903200
2020-04-01,3.35,3.37,3.2,3.33,3.33,697300
2020-04-02,3.28,3.7,3.27,3.42,3.42,777700
2020-04-03,3.49,3.5,3.26,3.34,3.34,1133800
2020-04-06,3.48,3.6,3.4,3.49,3.49,849700
2020-04-07,3.62,3.76,3.46,3.47,3.47,1812900
2020-04-08,3.51,3.96,3.48,3.92,3.92,448400
2020-04-09,4.1,4.28,4.04,4.17,4.17,471200
2020-04-13,4.2,4.41,4.11,4.39,4.39,556100
2020-04-14,4.5,4.58,4.46,4.54,4.54,503800
2020-04-15,4.41,4.41,4.1,4.14,4.14,470000
2020-04-16,4.13,4.31,4.13,4.24,4.24,397900
2020-04-17,4.37,4.56,4.37,4.53,4.53,438900
2020-04-20,4.46,4.71,4.38,4.66,4.66,671900
2020-04-21,4.6,4.65,4.32,4.45,4.45,624500
2020-04-22,4.54,4.64,4.36,4.52,4.52,468900
2020-04-23,4.69,4.78,4.59,4.59,4.59,543000
2020-04-24,4.58,4.77,4.47,4.74,4.74,436300
2020-04-27,4.88,4.88,4.59,4.79,4.79,605500
2020-04-28,4.91,5.25,4.85,5.15,5.15,845000
2020-04-29,5.53,6.39,5.38,6.13,6.13,1438400
2020-04-30,6.09,6.52,5.95,6.23,6.23,701800
2020-05-01,6.04,6.19,5.97,6.04,6.04,953500
2020-05-04,5.96,6.03,5.48,5.53,5.53,631900
2020-05-05,5.65,5.95,5.62,5.64,5.64,607000
2020-05-06,5.78,5.78,5.47,5.6,5.6,446000
2020-05-07,5.66,5.82,5.63,5.73,5.73,437800
2020-05-08,5.82,5.94,5.76,5.9,5.9,365000
2020-05-11,5.84,5.84,5.66,5.66,5.66,768500
2020-05-12,5.73,5.76,5.64,5.67,5.67,456700
2020-05-13,5.63,5.69,5.47,5.67,5.67,660900
2020-05-14,5.53,5.63,5.31,5.53,5.53,419800
2020-05-15,5.44,5.48,5.33,5.44,5.44,422100
2020-05-18,5.6,5.75,5.6,5.68,5.68,219700
2020-05-19,5.67,6.07,5.59,5.98,5.98,724200
2020-05-20,6.23,6.26,6.09,6.11,6.11,479300
2020-05-21,6.06,6.45,6.06,6.33,6.33,578000
2020-05-22,6.31,6.34,6.19,6.31,6.31,345600
2020-05-26,6.48,6.55,6.41,6.44,6.44,507600
2020-05-27,6.5,6.86,6.41,6.79,6.79,1189200
2020-05-28,6.82,6.97,6.7,6.74,6.74,513300
2020-05-29,6.71,6.85,6.64,6.78,6.78,449200
2020-06-01,6.79,6.93,6.65,6.84,6.84,337200
2020-06-02,6.84,7.07,6.84,6.9,6.9,256500
2020-06-03,7.0,7.17,7.0,7.11,7.11,337700
2020-06-04,7.05,7.18,7.05,7.14,7.14,485600
2020-06-05,7.29,7.78,7.26,7.52,7.52,1699200
2020-06-08,7.64,7.84,7.63,7.69,7.69,761600
2020-06-09,7.59,7.66,7.42,7.5,7.5,695000
2020-06-10,7.49,7.51,6.93,6.93,6.93,591200
2020-06-11,6.71,6.74,6.08,6.09,6.09,425800
2020-06-12,6.28,6.59,6.27,6.57,6.57,490900
2020-06-15,6.36,6.58,6.19,6.51,6.51,344600
2020-06-16,6.75,6.85,6.56,6.65,6.65,481500
2020-06-17,6.65,6.74,6.34,6.41,6.41,270000
2020-06-18,6.31,6.53,6.28,6.42,6.42,254400
2020-06-19,6.54,6.55,6.33,6.4,6.4,326700
2020-06-22,6.34,6.5,6.3,6.45,6.45,240600
2020-06-23,6.54,6.65,6.38,6.61,6.61,581000
2020-06-24,6.61,6.63,6.33,6.47,6.47,309100
2020-06-25,6.41,6.48,6.33,6.46,6.46,235300
2020-06-26,6.37,6.45,6.27,6.38,6.38,251600
2020-06-29,6.42,6.73,6.35,6.69,6.69,255100
2020-06-30,6.7,6.9,6.6,6.83,6.83,279500
2020-07-01,6.84,6.84,6.4,6.4,6.4,158700
2020-07-02,6.56,6.89,6.52,6.84,6.84,559300
2020-07-06,7.01,7.01,6.81,6.9,6.9,270700
2020-07-07,6.82,6.94,6.63,6.65,6.65,324100
2020-07-08,6.65,6.82,6.53,6.8,6.8,313700
2020-07-09,6.8,6.88,6.62,6.66,6.66,231100
2020-07-10,6.64,6.84,6.61,6.79,6.79,180300
2020-07-13,6.89,7.05,6.86,6.93,6.93,525200
2020-07-14,6.97,6.98,6.75,6.96,6.96,289000
2020-07-15,7.09,7.28,7.07,7.28,7.28,326400
2020-07-16,7.25,7.27,7.15,7.23,7.23,215100
2020-07-17,7.25,7.25,7.1,7.13,7.13,160800
2020-07-20,7.07,7.19,7.04,7.15,7.15,203700
2020-07-21,7.24,7.28,7.12,7.18,7.18,196900
2020-07-22,7.2,7.21,6.97,7.0,7.0,189200
2020-07-23,7.0,7.19,7.0,7.12,7.12,299800
2020-07-24,7.06,7.06,6.93,6.93,6.93,258800
2020-07-27,7.02,7.05,6.96,7.0,7.0,612400
2020-07-28,7.01,7.41,6.97,7.12,7.12,572200
2020-07-29,7.58,8.26,7.5,7.99,7.99,961800
2020-07-30,8.27,8.4,7.95,8.32,8.32,920400
2020-07-31,8.35,8.38,8.14,8.27,8.27,545400
2020-08-03,8.35,8.35,7.99,8.16,8.16,348500
2020-08-04,8.15,8.31,8.14,8.24,8.24,623900
2020-08-05,8.27,8.42,8.21,8.3,8.3,462900
2020-08-06,8.26,8.51,8.17,8.36,8.36,454300
2020-08-07,8.25,8.36,8.1,8.34,8.34,300800
2020-08-10,8.35,8.44,8.23,8.42,8.42,324200
2020-08-11,8.51,8.54,8.3,8.31,8.31,249400
2020-08-12,8.39,8.42,8.26,8.4,8.4,245200
2020-08-13,8.42,8.56,8.38,8.39,8.39,191900
2020-08-14,8.38,8.39,8.17,8.24,8.24,304700
2020-08-17,8.29,8.36,8.2,8.22,8.22,292200
2020-08-18,8.21,8.29,7.93,8.05,8.05,347800
2020-08-19,8.03,8.29,8.03,8.15,8.15,249700
2020-08-20,8.07,8.07,7.88,7.93,7.93,225500
2020-08-21,7.91,7.91,7.79,7.84,7.84,196200
2020-08-24,7.88,8.1,7.88,7.99,7.99,246400
2020-08-25,8.03,8.03,7.81,7.88,7.88,215500
2020-08-26,7.85,8.01,7.82,7.99,7.99,411600
2020-08-27,7.99,8.04,7.86,7.92,7.92,198300
2020-08-28,7.94,8.23,7.94,8.21,8.21,211000
2020-08-31,8.2,8.25,7.94,7.95,7.95,210800
2020-09-01,7.92,8.16,7.83,8.15,8.15,220300
2020-09-02,8.16,8.3,8.04,8.29,8.29,189700
2020-09-03,8.24,8.26,7.7,7.71,7.71,259300
2020-09-04,7.78,7.8,7.35,7.58,7.58,241600
2020-09-08,7.4,7.46,7.26,7.26,7.26,283200
2020-09-09,7.36,7.36,7.23,7.26,7.26,345700
2020-09-10,7.31,7.37,7.15,7.15,7.15,280200
2020-09-11,7.19,7.23,7.02,7.07,7.07,304300
2020-09-14,7.14,7.23,7.08,7.11,7.11,708500
2020-09-15,7.15,7.39,7.14,7.2,7.2,407200
2020-09-16,7.28,7.28,7.15,7.24,7.24,370800
2020-09-17,7.21,7.59,7.13,7.54,7.54,567500
2020-09-18,7.54,7.77,7.47,7.68,7.68,482100
2020-09-21,7.5,7.5,7.05,7.21,7.21,573600
2020-09-22,7.21,7.38,7.2,7.34,7.34,473300
2020-09-23,7.38,7.44,6.87,6.88,6.88,461000
2020-09-24,6.92,7.12,6.77,6.99,6.99,247300
2020-09-25,6.93,6.99,6.78,6.79,6.79,249600
2020-09-28,6.87,7.04,6.84,6.99,6.99,273000
2020-09-29,6.99,7.05,6.91,6.95,6.95,547700
2020-09-30,6.92,7.02,6.88,6.9,6.9,311200
2020-10-01,6.89,7.01,6.79,6.94,6.94,303900
2020-10-02,6.79,7.14,6.78,7.06,7.06,349600
2020-10-05,7.15,7.33,7.15,7.24,7.24,360400
2020-10-06,7.27,7.43,7.18,7.2,7.2,311100
2020-10-07,7.31,7.42,7.26,7.39,7.39,250800
2020-10-08,7.47,7.64,7.42,7.61,7.61,216700
2020-10-09,7.65,7.72,7.3,7.31,7.31,203700
2020-10-12,7.32,7.4,7.26,7.31,7.31,103500
2020-10-13,7.26,7.28,7.06,7.06,7.06,305500
2020-10-14,7.06,7.18,7.02,7.09,7.09,181600
2020-10-15,7.02,7.12,6.93,7.12,7.12,277700
2020-10-16,7.15,7.23,7.08,7.1,7.1,314500
2020-10-19,7.1,7.25,7.04,7.13,7.13,215300
2020-10-20,7.2,7.22,7.05,7.05,7.05,166200
2020-10-21,7.03,7.09,6.87,6.88,6.88,214800
2020-10-22,6.93,6.96,6.77,6.89,6.89,275100
2020-10-23,6.95,7.02,6.82,6.97,6.97,424300
2020-10-26,6.85,6.85,6.41,6.52,6.52,547000
2020-10-27,6.55,6.71,6.49,6.66,6.66,312500
2020-10-28,6.89,7.02,5.89,6.04,6.04,757000
2020-10-29,5.96,6.15,5.77,6.13,6.13,514000
2020-10-30,6.11,6.11,5.82,5.87,5.87,403300
2020-11-02,5.87,6.08,5.83,5.93,5.93,294200
2020-11-03,6.05,6.36,6.04,6.28,6.28,404400
2020-11-04,6.25,6.34,6.13,6.18,6.18,334800
2020-11-05,6.24,6.46,6.24,6.44,6.44,483700
2020-11-06,6.49,6.55,6.33,6.52,6.52,305000
2020-11-09,6.98,7.13,6.82,7.1,7.1,578600
2020-11-10,7.09,7.1,6.71,6.76,6.76,639100
2020-11-11,6.79,6.9,6.72,6.82,6.82,418800
2020-11-12,6.79,6.81,6.66,6.7,6.7,413700
2020-11-13,6.75,7.08,6.75,7.07,7.07,584300
2020-11-16,7.18,7.18,7.04,7.14,7.14,284900
2020-11-17,7.08,7.18,6.99,7.14,7.14,207400
2020-11-18,7.15,7.25,7.08,7.1,7.1,195400
2020-11-19,7.07,7.14,7.01,7.1,7.1,183500
2020-11-20,7.17,7.19,7.08,7.17,7.17,344200
2020-11-23,7.21,7.46,7.21,7.46,7.46,239000
2020-11-24,7.62,8.02,7.51,8.0,8.0,384600
2020-11-25,7.98,7.99,7.84,7.92,7.92,298800
2020-11-27,7.96,7.98,7.83,7.91,7.91,106400
2020-11-30,7.9,7.9,7.45,7.53,7.53,523300
2020-12-01,7.65,7.76,7.5,7.6,7.6,699300
2020-12-02,7.59,7.73,7.43,7.68,7.68,224000
2020-12-03,7.81,8.05,7.77,7.99,7.99,360700
2020-12-04,8.06,8.29,8.01,8.28,8.28,298800
2020-12-07,8.29,8.29,8.02,8.23,8.23,335300
2020-12-08,8.24,8.28,8.14,8.22,8.22,326300
2020-12-09,8.26,8.4,8.14,8.21,8.21,304200
2020-12-10,8.18,8.26,8.07,8.18,8.18,224800
2020-12-11,8.09,8.13,7.97,8.0,8.0,259200
2020-12-14,8.08,8.12,7.96,8.0,8.0,309500
2020-12-15,8.08,8.23,8.0,8.23,8.23,168300
2020-12-16,8.28,8.28,7.93,8.01,8.01,300800
2020-12-17,8.11,8.23,8.0,8.21,8.21,243700
2020-12-18,8.16,8.25,7.98,8.02,8.02,250200
2020-12-21,7.91,7.94,7.69,7.86,7.86,327100
2020-12-22,7.87,7.9,7.69,7.69,7.69,194200
2020-12-23,7.74,7.87,7.72,7.77,7.77,184500
2020-12-24,7.79,7.79,7.59,7.71,7.71,134200
2020-12-28,7.83,7.89,7.7,7.73,7.73,182100
2020-12-29,7.73,7.75,7.63,7.67,7.67,187100
2020-12-30,7.73,8.07,7.72,8.03,8.03,375300
2020-12-31,8.03,8.17,8.0,8.07,8.07,187600
2021-01-04,8.15,8.19,7.82,7.91,7.91,230200
2021-01-05,7.85,8.05,7.85,8.04,8.04,207800
2021-01-06,8.1,8.29,8.06,8.2,8.2,329800
2021-01-07,8.21,8.36,8.14,8.35,8.35,197300
2021-01-08,8.36,8.49,8.27,8.35,8.35,206100
2021-01-11,8.24,8.43,8.23,8.37,8.37,166200
2021-01-12,8.43,8.46,8.22,8.28,8.28,233200
2021-01-13,8.34,8.34,8.1,8.23,8.23,183100
2021-01-14,8.33,8.76,8.3,8.63,8.63,299200
2021-01-15,8.61,8.68,8.47,8.47,8.47,284600
2021-01-19,8.59,8.65,8.47,8.61,8.61,228100
2021-01-20,8.71,8.84,8.61,8.77,8.77,203600
2021-01-21,8.82,8.95,8.76,8.86,8.86,318900
2021-01-22,8.73,8.85,8.7,8.84,8.84,193900
2021-01-25,8.83,8.83,8.47,8.65,8.65,257400
2021-01-26,8.7,8.82,8.66,8.76,8.76,221800
2021-01-27,8.45,8.5,7.87,8.38,8.38,344700
2021-01-28,8.42,8.56,7.91,8.49,8.49,497600
2021-01-29,8.45,8.6,8.07,8.07,8.07,423500
2021-02-01,8.25,8.25,7.81,8.1,8.1,929100
2021-02-02,8.27,8.41,8.15,8.37,8.37,257300
2021-02-03,8.34,8.79,8.34,8.67,8.67,388500
2021-02-04,8.74,8.94,8.58,8.94,8.94,376900
2021-02-05,9.0,9.08,8.85,9.03,9.03,284500
2021-02-08,9.16,9.38,9.04,9.27,9.27,343100
2021-02-09,9.26,9.28,9.0,9.25,9.25,359000
2021-02-10,9.21,9.27,9.1,9.16,9.16,265000
2021-02-11,9.19,9.21,8.82,9.01,9.01,402500
2021-02-12,8.92,8.92,8.67,8.73,8.73,277700
2021-02-16,8.81,8.91,8.75,8.82,8.82,309900
2021-02-17,8.8,8.8,8.42,8.54,8.54,246600
2021-02-18,8.5,8.5,8.28,8.3,8.3,281300
2021-02-19,8.38,8.7,8.32,8.67,8.67,430800
2021-02-22,8.58,8.68,8.45,8.54,8.54,254600
2021-02-23,8.48,8.64,8.22,8.42,8.42,359500
2021-02-24,8.4,8.69,8.36,8.69,8.69,484400
2021-02-25,8.67,8.68,8.19,8.19,8.19,452300
2021-02-26,8.28,8.42,8.12,8.28,8.28,411300
2021-03-01,8.45,8.58,8.4,8.47,8.47,310200
2021-03-02,8.54,8.56,8.41,8.42,8.42,271400
2021-03-03,8.39,8.6,8.38,8.45,8.45,167900
2021-03-04,8.42,8.48,8.14,8.17,8.17,352900
2021-03-05,8.32,8.36,7.95,8.35,8.35,326100
2021-03-08,8.25,8.56,8.21,8.48,8.48,347000
2021-03-09,8.53,8.79,8.53,8.73,8.73,267200
2021-03-10,8.82,8.85,8.61,8.71,8.71,267800
2021-03-11,8.77,8.8,8.59,8.68,8.68,235800
2021-03-12,8.63,8.68,8.57,8.59,8.59,195800
2021-03-15,8.59,8.8,8.58,8.77,8.77,209500
2021-03-16,8.81,9.0,8.72,8.73,8.73,229800
2021-03-17,8.65,8.93,8.56,8.86,8.86,223300
2021-03-18,8.76,8.89,8.48,8.49,8.49,242800
2021-03-19,8.48,8.6,8.32,8.5,8.5,236300
2021-03-22,8.58,8.66,8.44,8.62,8.62,315900
2021-03-23,8.56,8.56,8.1,8.24,8.24,907500
2021-03-24,8.3,8.44,8.08,8.14,8.14,566300
2021-03-25,8.19,8.23,7.94,8.14,8.14,402000
2021-03-26,8.18,8.27,8.01,8.27,8.27,253000
2021-03-29,8.21,8.38,8.16,8.21,8.21,214000
2021-03-30,8.17,8.29,8.09,8.28,8.28,155000
2021-03-31,8.31,8.43,8.29,8.37,8.37,211700
2021-04-01,8.39,8.72,8.39,8.71,8.71,301900
2021-04-05,8.82,8.89,8.63,8.86,8.86,259900
2021-04-06,8.86,8.91,8.72,8.85,8.85,286700
2021-04-07,8.83,8.83,8.62,8.62,8.62,130500
2021-04-08,8.66,8.81,8.57,8.8,8.8,255100
2021-04-09,8.82,8.82,8.58,8.63,8.63,194700
2021-04-12,8.57,8.67,8.48,8.59,8.59,550900
2021-04-13,8.55,8.55,8.37,8.45,8.45,279300
2021-04-14,8.5,8.6,8.38,8.4,8.4,250000
2021-04-15,8.4,8.48,8.28,8.34,8.34,314400
2021-04-16,8.41,8.6,8.37,8.45,8.45,189600
2021-04-19,8.47,8.53,8.28,8.3,8.3,234700
2021-04-20,8.25,8.28,7.95,7.98,7.98,334900
2021-04-21,7.93,8.15,7.85,8.15,8.15,171000
2021-04-22,8.2,8.2,8.02,8.11,8.11,229700
2021-04-23,8.11,8.3,8.11,8.29,8.29,242700
2021-04-26,8.34,8.5,8.32,8.43,8.43,273100
2021-04-27,8.44,8.53,8.29,8.46,8.46,321000
2021-04-28,8.54,8.56,8.36,8.49,8.49,376000
2021-04-29,8.43,8.47,7.9,8.25,8.25,762600
2021-04-30,8.3,8.55,8.21,8.33,8.33,686800
2021-05-03,8.39,8.59,8.33,8.38,8.38,348800
2021-05-04,8.34,8.39,8.06,8.12,8.12,374300
2021-05-05,8.2,8.2,7.95,8.05,8.05,463700
2021-05-06,8.04,8.17,7.87,8.17,8.17,305800
2021-05-07,8.13,8.32,8.12,8.31,8.31,300000
2021-05-10,8.29,8.32,8.16,8.31,8.31,358200
2021-05-11,8.16,8.34,7.98,8.32,8.32,426100
2021-05-12,8.24,8.3,8.01,8.09,8.09,492100
2021-05-13,8.12,8.31,8.04,8.24,8.24,445700
2021-05-14,8.31,8.5,8.24,8.41,8.41,417800
2021-05-17,8.34,8.52,8.33,8.49,8.49,302000
2021-05-18,8.48,8.56,8.42,8.53,8.53,300800
2021-05-19,8.39,8.66,8.38,8.65,8.65,349800
2021-05-20,8.64,8.66,8.44,8.57,8.57,326000
2021-05-21,8.59,8.63,8.43,8.49,8.49,228800
2021-05-24,8.6,8.73,8.52,8.65,8.65,182400
2021-05-25,8.63,8.73,8.35,8.36,8.36,295400
2021-05-26,8.36,8.41,8.18,8.3,8.3,291000
2021-05-27,8.38,8.71,8.34,8.69,8.69,475900
2021-05-28,8.75,8.75,8.55,8.62,8.62,292500
2021-06-01,8.72,8.72,8.48,8.6,8.6,274300
2021-06-02,8.6,8.62,8.39,8.43,8.43,221600
2021-06-03,8.38,8.47,8.26,8.42,8.42,196800
2021-06-04,8.45,8.66,8.45,8.62,8.62,295300
2021-06-07,8.7,8.8,8.57,8.62,8.62,289000
2021-06-08,8.62,8.66,8.47,8.52,8.52,117600
2021-06-09,8.52,8.55,8.45,8.45,8.45,101300
2021-06-10,8.47,8.49,8.41,8.43,8.43,106700
2021-06-11,8.48,8.5,8.3,8.31,8.31,124100
2021-06-14,8.29,8.29,8.13,8.15,8.15,324800
2021-06-15,8.16,8.45,8.15,8.29,8.29,501500
2021-06-16,8.26,8.28,8.16,8.24,8.24,173400
2021-06-17,8.24,8.26,7.98,8.05,8.05,575300
2021-06-18,8.05,8.05,7.76,7.77,7.77,515900
2021-06-21,7.82,7.98,7.79,7.97,7.97,336400
2021-06-22,7.97,8.0,7.8,7.9,7.9,296400
2021-06-23,7.86,7.95,7.79,7.8,7.8,201000
2021-06-24,7.88,7.93,7.8,7.9,7.9,158700
2021-06-25,7.93,8.11,7.92,8.1,8.1,265400
2021-06-28,8.14,8.14,8.02,8.09,8.09,349100
2021-06-29,8.07,8.14,7.95,8.01,8.01,392900
2021-06-30,7.98,7.98,7.77,7.85,7.85,446700
2021-07-01,7.9,8.12,7.85,8.08,8.08,251400
2021-07-02,8.11,8.17,7.98,8.07,8.07,363300
2021-07-06,8.07,8.07,7.75,7.81,7.81,540100
2021-07-07,7.8,7.84,7.52,7.62,7.62,403700
2021-07-08,7.5,7.63,7.44,7.53,7.53,253500
2021-07-09,7.63,7.8,7.6,7.72,7.72,259400
2021-07-12,7.66,7.76,7.62,7.74,7.74,213300
2021-07-13,7.69,7.76,7.63,7.68,7.68,234500
2021-07-14,7.7,7.81,7.58,7.61,7.61,363100
2021-07-15,7.6,7.63,7.43,7.49,7.49,257400
2021-07-16,7.56,7.58,7.32,7.35,7.35,321300
2021-07-19,7.22,7.24,7.04,7.08,7.08,506200
2021-07-20,7.08,7.32,7.01,7.27,7.27,486700
2021-07-21,7.31,7.51,7.31,7.49,7.49,347800
2021-07-22,7.49,7.49,7.27,7.28,7.28,258800
2021-07-23,7.34,7.37,7.25,7.36,7.36,283800
2021-07-26,7.32,7.53,7.31,7.46,7.46,334300
2021-07-27,7.76,8.69,7.76,8.6,8.6,1267600
2021-07-28,8.6,9.03,8.51,8.96,8.96,732300
2021-07-29,9.05,9.05,8.74,8.82,8.82,711500
2021-07-30,8.81,8.99,8.72,8.87,8.87,1511700
2021-08-02,9.0,9.09,8.88,8.92,8.92,382800
2021-08-03,9.01,9.15,8.8,9.09,9.09,412500
2021-08-04,9.02,9.14,8.7,8.71,8.71,407200
2021-08-05,8.74,8.8,8.68,8.7,8.7,238500
2021-08-06,8.74,8.79,8.66,8.77,8.77,199700
2021-08-09,8.74,8.76,8.62,8.72,8.72,389700
2021-08-10,8.73,8.84,8.71,8.77,8.77,173000
2021-08-11,8.79,8.79,8.64,8.75,8.75,467500
2021-08-12,8.7,8.81,8.66,8.79,8.79,492500
2021-08-13,8.73,8.8,8.71,8.73,8.73,161000
2021-08-16,8.67,8.77,8.63,8.69,8.69,193700
2021-08-17,8.66,8.7,8.57,8.66,8.66,280300
2021-08-18,8.61,8.77,8.61,8.7,8.7,291500
2021-08-19,8.59,8.7,8.52,8.69,8.69,396900
2021-08-20,8.65,8.81,8.59,8.76,8.76,164000
2021-08-23,8.83,8.93,8.75,8.93,8.93,243000
2021-08-24,8.93,9.1,8.92,9.09,9.09,178900
2021-08-25,9.06,9.17,9.04,9.13,9.13,255200
2021-08-26,9.14,9.19,9.08,9.13,9.13,441700
2021-08-27,9.13,9.52,9.13,9.52,9.52,369800
2021-08-30,9.57,9.57,9.4,9.47,9.47,545600
2021-08-31,9.47,9.5,9.31,9.5,9.5,289300
2021-09-01,9.5,9.5,9.33,9.35,9.35,275300
2021-09-02,9.35,9.38,9.22,9.31,9.31,488800
2021-09-03,9.33,9.41,9.27,9.35,9.35,216000
2021-09-07,9.37,9.38,9.23,9.27,9.27,177400
2021-09-08,9.27,9.27,9.01,9.06,9.06,287300
2021-09-09,9.05,9.05,8.78,8.82,8.82,279500
2021-09-10,8.89,8.89,8.72,8.75,8.75,267100
2021-09-13,8.81,8.81,8.64,8.75,8.75,327700
2021-09-14,8.83,8.83,8.6,8.62,8.62,203600
2021-09-15,8.61,8.71,8.53,8.71,8.71,247100
2021-09-16,8.71,8.71,8.54,8.62,8.62,201600
2021-09-17,8.61,8.61,8.44,8.45,8.45,231900
2021-09-20,8.29,8.32,8.03,8.17,8.17,277700
2021-09-21,8.24,8.24,8.05,8.05,8.05,229100
2021-09-22,8.4,9.6,8.4,9.46,9.46,1146900
2021-09-23,9.51,9.96,9.51,9.67,9.67,931800
2021-09-24,9.59,9.68,9.45,9.46,9.46,758800
2021-09-27,9.38,9.5,9.32,9.4,9.4,411800
2021-09-28,9.32,9.33,9.09,9.13,9.13,621600
2021-09-29,9.12,9.16,8.84,9.0,9.0,393500
2021-09-30,9.09,9.19,8.84,8.88,8.88,346500
2021-10-01,8.94,9.3,8.86,9.25,9.25,507700
2021-10-04,9.17,9.2,8.99,9.06,9.06,393500
2021-10-05,9.08,9.15,9.05,9.1,9.1,143800
2021-10-06,8.99,9.03,8.89,8.97,8.97,254400
2021-10-07,9.1,9.2,9.05,9.18,9.18,167300
2021-10-08,9.16,9.35,9.16,9.33,9.33,221300
2021-10-11,9.27,9.53,9.27,9.36,9.36,177100
2021-10-12,9.38,9.38,9.18,9.2,9.2,270100
2021-10-13,9.2,9.27,9.15,9.21,9.21,225000
2021-10-14,9.3,9.45,9.25,9.4,9.4,322900
2021-10-15,9.58,9.65,9.32,9.32,9.32,324300
2021-10-18,9.3,9.32,9.11,9.26,9.26,371200
2021-10-19,9.21,9.3,9.1,9.14,9.14,167300
2021-10-20,9.12,9.25,9.06,9.24,9.24,159700
2021-10-21,9.24,9.37,9.18,9.34,9.34,284300
2021-10-22,9.32,9.48,9.28,9.34,9.34,246900
2021-10-25,9.39,9.49,9.32,9.45,9.45,266000
2021-10-26,9.92,10.53,9.85,10.07,10.07,830500
2021-10-27,10.14,10.16,9.62,9.8,9.8,626600
2021-10-28,9.7,9.88,9.41,9.81,9.81,648400
2021-10-29,9.82,9.86,9.63,9.82,9.82,254500
2021-11-01,9.89,10.36,9.89,10.23,10.23,873200
2021-11-02,10.28,10.43,10.12,10.41,10.41,278100
2021-11-03,10.39,10.69,10.35,10.62,10.62,405100
2021-11-04,10.62,10.71,10.5,10.58,10.58,257300
2021-11-05,10.69,11.07,10.65,11.01,11.01,464100
2021-11-08,11.02,11.24,11.02,11.09,11.09,510300
2021-11-09,11.13,11.54,11.02,11.5,11.5,664500
2021-11-10,11.47,11.7,11.28,11.28,11.28,498000
2021-11-11,11.3,11.64,11.28,11.54,11.54,312900
2021-11-12,11.54,11.77,11.54,11.6,11.6,381100
2021-11-15,11.69,11.88,11.53,11.55,11.55,432700
2021-11-16,11.58,11.69,11.31,11.32,11.32,400600
2021-11-17,11.3,11.51,11.28,11.47,11.47,293600
2021-11-18,11.42,11.59,11.38,11.43,11.43,376100
2021-11-19,11.27,11.42,11.2,11.22,11.22,286600
2021-11-22,11.25,11.43,11.18,11.23,11.23,327500
2021-11-23,11.23,11.37,11.14,11.25,11.25,246600
2021-11-24,11.15,11.33,11.15,11.25,11.25,257800
2021-11-26,11.0,11.12,10.69,10.78,10.78,264800
2021-11-29,10.97,11.0,10.42,10.43,10.43,729900
2021-11-30,10.3,10.43,10.02,10.23,10.23,431600
2021-12-01,10.58,10.58,9.83,9.85,9.85,1035500
2021-12-02,9.98,10.45,9.94,10.38,10.38,440300
2021-12-03,10.43,10.6,10.28,10.55,10.55,446200
2021-12-06,10.65,10.87,10.54,10.67,10.67,343800
2021-12-07,10.9,11.02,10.81,10.93,10.93,324500
2021-12-08,10.95,10.98,10.82,10.86,10.86,216300
2021-12-09,10.8,10.8,10.56,10.57,10.57,273800
2021-12-10,10.63,10.7,10.46,10.68,10.68,309800
2021-12-13,10.64,10.7,10.3,10.38,10.38,278800
2021-12-14,10.34,10.48,10.26,10.38,10.38,317800
2021-12-15,10.39,10.57,10.22,10.56,10.56,315000
2021-12-16,10.72,10.86,10.54,10.56,10.56,573600
2021-12-17,10.5,10.83,10.47,10.52,10.52,449900
2021-12-20,10.25,10.26,9.93,10.12,10.12,472800
2021-12-21,10.21,10.57,10.21,10.54,10.54,302100
2021-12-22,10.58,10.81,10.54,10.76,10.76,386000
2021-12-23,10.83,11.0,10.79,10.88,10.88,662500
2021-12-27,11.02,11.28,10.94,11.24,11.24,359100
2021-12-28,11.27,11.28,11.09,11.17,11.17,173400
2021-12-29,11.33,11.35,11.1,11.17,11.17,245200
2021-12-30,11.18,11.26,11.03,11.03,11.03,187800
2021-12-31,11.0,11.17,11.0,11.13,11.13,225000
2022-01-03,11.14,11.37,11.13,11.21,11.21,315000
2022-01-04,11.21,11.76,11.21,11.73,11.73,995900
2022-01-05,11.76,12.04,11.62,11.63,11.63,653000
2022-01-06,11.69,11.78,11.34,11.37,11.37,435300
2022-01-07,11.41,11.45,11.08,11.09,11.09,372900
2022-01-10,11.0,11.09,10.76,10.89,10.89,397500
2022-01-11,10.77,11.37,10.77,11.26,11.26,408800
2022-01-12,11.37,11.46,11.21,11.38,11.38,366400
2022-01-13,11.52,11.87,11.44,11.58,11.58,553900
2022-01-14,11.51,11.73,11.47,11.58,11.58,570600
2022-01-18,11.39,11.39,11.01,11.09,11.09,431700
2022-01-19,11.15,11.34,10.78,10.8,10.8,497600
2022-01-20,10.88,11.13,10.7,10.71,10.71,440200
2022-01-21,10.59,10.9,10.52,10.67,10.67,583600
2022-01-24,10.43,10.84,10.15,10.79,10.79,691600
2022-01-25,10.6,11.13,10.55,10.94,10.94,790800
2022-01-26,11.15,11.22,10.89,10.97,10.97,554100
2022-01-27,11.34,12.41,11.34,11.64,11.64,1034100
2022-01-28,11.73,12.49,11.63,12.48,12.48,713100
2022-01-31,12.43,12.53,12.11,12.45,12.45,1010500
2022-02-01,12.5,12.86,12.17,12.85,12.85,1391600
2022-02-02,13.0,13.4,12.53,12.66,12.66,1176900
2022-02-03,12.55,12.71,12.46,12.61,12.61,891200
2022-02-04,12.52,12.56,11.96,12.16,12.16,900200
2022-02-07,12.19,12.24,11.79,11.83,11.83,1192300
2022-02-08,11.82,11.91,11.7,11.78,11.78,1541400
2022-02-09,11.88,12.35,11.75,12.21,12.21,1080800
2022-02-10,11.99,12.38,11.99,12.1,12.1,934900
2022-02-11,12.1,12.39,11.88,11.99,11.99,779300
2022-02-14,11.96,12.19,11.87,11.99,11.99,557600
2022-02-15,12.15,12.55,12.06,12.51,12.51,642000
2022-02-16,12.54,12.64,12.37,12.48,12.48,809600
2022-02-17,12.31,12.44,12.2,12.32,12.32,606800
2022-02-18,12.31,12.5,12.27,12.36,12.36,553600
2022-02-22,12.24,12.4,12.01,12.03,12.03,734700
2022-02-23,12.12,12.33,11.73,11.77,11.77,622800
2022-02-24,11.35,11.68,11.17,11.64,11.64,694900
2022-02-25,11.76,12.09,11.73,12.08,12.08,522000
2022-02-28,11.87,12.11,11.84,11.89,11.89,460100
2022-03-01,11.89,11.95,11.48,11.5,11.5,475600
2022-03-02,11.55,12.01,11.55,11.86,11.86,506300
2022-03-03,11.91,12.02,11.72,11.98,11.98,486000
2022-03-04,11.77,11.78,11.39,11.51,11.51,473900
2022-03-07,11.46,11.54,10.83,10.86,10.86,792200
2022-03-08,10.92,11.81,10.78,11.47,11.47,1020200
2022-03-09,11.79,11.91,11.59,11.88,11.88,423600
2022-03-10,11.71,11.75,11.38,11.5,11.5,533100
2022-03-11,11.57,11.69,11.48,11.65,11.65,502400
2022-03-14,11.75,11.75,11.29,11.3,11.3,412700
2022-03-15,11.34,11.62,11.31,11.6,11.6,391200
2022-03-16,11.87,12.63,11.86,12.5,12.5,955500
2022-03-17,12.42,12.63,12.31,12.6,12.6,973500
2022-03-18,12.54,12.54,12.07,12.19,12.19,970700
2022-03-21,12.3,12.63,12.22,12.42,12.42,661700
2022-03-22,12.46,12.57,12.3,12.32,12.32,347700
2022-03-23,12.24,12.34,12.07,12.09,12.09,345800
2022-03-24,12.13,12.23,11.85,12.2,12.2,698700
2022-03-25,12.3,12.37,12.07,12.27,12.27,633200
2022-03-28,12.24,12.27,11.98,12.17,12.17,436800
2022-03-29,12.25,12.7,12.19,12.24,12.24,862900
2022-03-30,12.24,12.24,11.9,11.92,11.92,447000
2022-03-31,11.9,12.02,11.53,11.91,11.91,653000
2022-04-01,11.95,12.02,11.79,11.91,11.91,739900
2022-04-04,12.02,12.02,11.64,11.8,11.8,787600
2022-04-05,11.74,11.78,11.34,11.36,11.36,817700
2022-04-06,11.29,11.34,11.13,11.24,11.24,616000
2022-04-07,11.24,11.29,11.01,11.26,11.26,506800
2022-04-08,11.2,11.38,11.07,11.29,11.29,491000
2022-04-11,11.17,11.26,10.99,11.02,11.02,505000
2022-04-12,11.07,11.36,11.07,11.1,11.1,278200
2022-04-13,11.09,11.39,11.09,11.3,11.3,403400
2022-04-14,11.28,11.4,11.11,11.12,11.12,285900
2022-04-18,11.08,11.19,10.98,11.02,11.02,247800
2022-04-19,10.95,11.21,10.93,11.11,11.11,543800
2022-04-20,11.26,11.44,11.22,11.33,11.33,611600
2022-04-21,11.42,11.53,11.1,11.14,11.14,317300
2022-04-22,11.09,11.1,10.87,10.97,10.97,765100
2022-04-25,10.82,10.94,10.45,10.9,10.9,891000
2022-04-26,10.82,10.82,10.56,10.57,10.57,408500
2022-04-27,10.59,10.68,10.47,10.62,10.62,455300
2022-04-28,11.19,11.57,10.91,11.4,11.4,1278200
2022-04-29,11.45,11.63,11.21,11.23,11.23,892900
2022-05-02,11.13,11.14,10.67,10.83,10.83,1149100
2022-05-03,10.83,11.21,10.79,11.11,11.11,456100
2022-05-04,11.08,11.2,10.79,11.18,11.18,472700
2022-05-05,11.01,11.04,10.61,10.73,10.73,599000
2022-05-06,10.6,10.72,10.42,10.54,10.54,515500
2022-05-09,10.3,10.44,9.98,10.02,10.02,591000
2022-05-10,10.16,10.37,10.04,10.2,10.2,497500
2022-05-11,10.19,10.48,10.1,10.13,10.13,668600
2022-05-12,9.99,10.37,9.91,10.05,10.05,649300
2022-05-13,10.11,10.67,10.11,10.59,10.59,607300
2022-05-16,10.5,10.85,10.5,10.72,10.72,498700
2022-05-17,10.88,11.37,10.87,11.35,11.35,559800
2022-05-18,11.21,11.42,10.95,11.05,11.05,610100
2022-05-19,10.81,11.13,10.67,10.69,10.69,386200
2022-05-20,10.74,10.77,10.05,10.27,10.27,382500
2022-05-23,10.34,10.52,10.29,10.49,10.49,321700
2022-05-24,10.37,10.43,10.18,10.37,10.37,486300
2022-05-25,10.26,10.44,10.19,10.32,10.32,325100
2022-05-26,10.35,10.62,10.35,10.55,10.55,317100
2022-05-27,10.67,10.95,10.66,10.93,10.93,285800
2022-05-31,10.88,11.09,10.77,11.03,11.03,470600
2022-06-01,11.09,11.13,10.82,11.05,11.05,355000
2022-06-02,11.09,11.3,11.05,11.15,11.15,340400
2022-06-03,11.04,11.16,10.97,11.14,11.14,318000
2022-06-06,11.34,11.45,11.09,11.2,11.2,312500
2022-06-07,11.05,11.3,11.03,11.26,11.26,280100
2022-06-08,11.19,11.34,11.11,11.19,11.19,346300
2022-06-09,11.05,11.25,10.99,10.99,10.99,209500
2022-06-10,10.77,11.0,10.73,10.85,10.85,320700
2022-06-13,10.5,10.57,10.23,10.27,10.27,427900
2022-06-14,10.35,10.5,10.25,10.41,10.41,562600
2022-06-15,10.48,10.75,10.37,10.6,10.6,579100
2022-06-16,10.36,10.37,9.56,9.58,9.58,928800
2022-06-17,9.64,9.74,9.29,9.5,9.5,740700
2022-06-21,9.75,10.23,9.75,9.94,9.94,515900
2022-06-22,9.74,9.94,9.65,9.76,9.76,279300
2022-06-23,9.73,9.77,9.44,9.58,9.58,218800
2022-06-24,9.72,9.91,9.66,9.89,9.89,345900
2022-06-27,9.97,10.36,9.92,10.29,10.29,228800
2022-06-28,10.35,10.44,9.98,9.99,9.99,396600
2022-06-29,9.95,10.0,9.72,9.79,9.79,449000
2022-06-30,9.72,9.8,9.47,9.72,9.72,346200
2022-07-01,9.59,9.69,9.3,9.63,9.63,329400
2022-07-05,9.56,9.6,9.12,9.43,9.43,488000
2022-07-06,9.38,9.6,9.28,9.52,9.52,399200
2022-07-07,9.59,10.05,9.59,9.92,9.92,370900
2022-07-08,9.92,9.95,9.64,9.78,9.78,567200
2022-07-11,9.66,9.7,9.57,9.6,9.6,193100
2022-07-12,9.58,9.82,9.58,9.72,9.72,204500
2022-07-13,9.57,9.73,9.44,9.67,9.67,221300
2022-07-14,9.48,9.6,9.32,9.59,9.59,242600
2022-07-15,9.69,9.75,9.53,9.75,9.75,170500
2022-07-18,9.78,10.01,9.71,9.74,9.74,212000
2022-07-19,9.89,10.17,9.88,10.09,10.09,578000
2022-07-20,10.0,10.35,10.0,10.34,10.34,244600
2022-07-21,10.32,10.62,10.21,10.6,10.6,357400
2022-07-22,10.66,10.66,10.35,10.4,10.4,274500
2022-07-25,10.42,10.6,10.33,10.58,10.58,406200
2022-07-26,10.71,10.91,9.18,9.94,9.94,1357100
2022-07-27,10.45,10.63,9.93,10.18,10.18,1196600
2022-07-28,10.27,10.53,10.26,10.5,10.5,792100
2022-07-29,10.45,10.71,10.44,10.54,10.54,685900
2022-08-01,10.48,10.53,10.32,10.44,10.44,300300
2022-08-02,10.42,10.58,10.31,10.51,10.51,395000
2022-08-03,10.6,11.12,10.54,11.04,11.04,657200
2022-08-04,11.11,11.17,10.72,10.96,10.96,571100
2022-08-05,10.82,11.02,10.77,10.94,10.94,771000
2022-08-08,10.99,11.06,10.83,10.99,10.99,314000
2022-08-09,10.91,10.98,10.74,10.79,10.79,503400
2022-08-10,11.02,11.42,10.97,11.4,11.4,452300
2022-08-11,11.5,11.54,11.27,11.3,11.3,291300
2022-08-12,11.31,11.4,11.25,11.34,11.34,337700
2022-08-15,11.21,11.31,11.09,11.22,11.22,193800
2022-08-16,11.3,11.48,11.19,11.46,11.46,241700
2022-08-17,11.38,11.69,11.21,11.32,11.32,393200
2022-08-18,11.48,11.69,11.45,11.64,11.64,650400
2022-08-19,11.49,11.54,11.22,11.28,11.28,220800
2022-08-22,11.2,11.2,11.01,11.04,11.04,173400
2022-08-23,11.0,11.21,11.0,11.1,11.1,179300
2022-08-24,11.13,11.17,11.05,11.08,11.08,189800
2022-08-25,11.09,11.32,11.04,11.32,11.32,205600
2022-08-26,11.31,11.42,10.69,10.71,10.71,405900
2022-08-29,10.66,10.72,10.55,10.65,10.65,207200
2022-08-30,10.65,10.68,10.14,10.2,10.2,471600
2022-08-31,10.21,10.45,10.11,10.32,10.32,411000
2022-09-01,10.28,10.28,9.64,9.76,9.76,285200
2022-09-02,9.82,10.01,9.72,9.85,9.85,261600
2022-09-06,9.92,9.99,9.67,9.71,9.71,233700
2022-09-07,9.65,9.99,9.61,9.95,9.95,255600
2022-09-08,9.87,9.99,9.73,9.95,9.95,419300
2022-09-09,9.98,10.21,9.9,10.16,10.16,518400
2022-09-12,10.23,10.45,10.23,10.38,10.38,237600
2022-09-13,10.12,10.15,9.87,9.88,9.88,269300
2022-09-14,9.9,10.0,9.73,9.91,9.91,330100
2022-09-15,9.89,9.94,9.71,9.76,9.76,187600
2022-09-16,9.58,9.62,9.35,9.45,9.45,369100
2022-09-19,9.28,9.52,9.28,9.49,9.49,227600
2022-09-20,9.29,9.33,9.09,9.16,9.16,177900
2022-09-21,9.23,9.23,8.93,8.98,8.98,403200
2022-09-22,9.02,9.02,8.7,8.85,8.85,412100
2022-09-23,8.68,8.73,8.45,8.55,8.55,250600
2022-09-26,8.48,8.66,8.21,8.28,8.28,391200
2022-09-27,8.36,8.54,8.26,8.36,8.36,499300
2022-09-28,8.36,8.72,8.35,8.66,8.66,645400
2022-09-29,8.53,8.56,8.39,8.47,8.47,387700
2022-09-30,8.44,8.63,8.33,8.41,8.41,411400
2022-10-03,8.53,8.77,8.46,8.7,8.7,521700
2022-10-04,8.92,9.19,8.92,9.12,9.12,467300
2022-10-05,9.0,9.15,8.93,9.11,9.11,604700
2022-10-06,9.05,9.19,8.98,9.07,9.07,462900
2022-10-07,8.88,9.0,8.82,8.99,8.99,304900
2022-10-10,9.05,9.05,8.7,8.73,8.73,388300
2022-10-11,8.7,8.84,8.47,8.55,8.55,477500
2022-10-12,8.55,8.68,8.46,8.64,8.64,278400
2022-10-13,8.43,8.92,8.34,8.86,8.86,234400
2022-10-14,8.96,8.96,8.57,8.63,8.63,211500
2022-10-17,8.81,9.13,8.81,9.04,9.04,505200
2022-10-18,9.26,9.53,9.2,9.26,9.26,516200
2022-10-19,9.22,9.31,9.14,9.19,9.19,646800
2022-10-20,9.19,9.43,9.12,9.14,9.14,324200
2022-10-21,9.1,9.29,9.07,9.25,9.25,361900
2022-10-24,9.3,9.59,9.22,9.5,9.5,505000
2022-10-25,10.91,11.68,10.86,11.06,11.06,1611400
2022-10-26,11.23,11.6,10.87,10.88,10.88,996600
2022-10-27,11.02,11.09,10.72,10.77,10.77,953700
2022-10-28,10.85,11.28,10.83,11.06,11.06,952000
2022-10-31,10.99,11.16,10.85,10.96,10.96,704800
2022-11-01,11.21,11.26,10.92,11.07,11.07,564000
2022-11-02,11.01,11.15,10.72,10.72,10.72,495000
2022-11-03,10.58,10.61,10.33,10.46,10.46,487900
2022-11-04,10.69,10.9,10.51,10.64,10.64,349900
2022-11-07,10.64,10.84,10.47,10.73,10.73,260700
2022-11-08,10.75,11.09,10.7,10.99,10.99,443600
2022-11-09,10.92,11.05,10.76,10.89,10.89,275800
2022-11-10,11.45,11.45,11.16,11.28,11.28,380400
2022-11-11,11.41,11.72,11.41,11.45,11.45,400500
2022-11-14,11.4,11.8,11.32,11.44,11.44,558300
2022-11-15,11.64,11.78,11.36,11.39,11.39,419100
2022-11-16,11.34,11.45,11.1,11.44,11.44,472600
2022-11-17,11.26,11.27,11.09,11.21,11.21,369400
2022-11-18,11.32,11.32,11.05,11.2,11.2,277800
2022-11-21,11.21,11.28,11.06,11.07,11.07,250700
2022-11-22,11.09,11.18,10.98,11.18,11.18,394700
2022-11-23,11.18,11.21,10.99,11.18,11.18,275400
2022-11-25,11.18,11.3,11.15,11.25,11.25,131200
2022-11-28,11.09,11.09,10.95,10.96,10.96,437100
2022-11-29,10.98,11.03,10.77,10.85,10.85,369800
2022-11-30,10.85,11.18,10.79,11.16,11.16,304800
2022-12-01,11.24,11.34,11.17,11.24,11.24,458600
2022-12-02,11.07,11.35,11.07,11.21,11.21,498900
2022-12-05,11.14,11.25,10.8,10.84,10.84,366500
2022-12-06,10.87,10.87,10.65,10.77,10.77,362000
2022-12-07,10.69,10.81,10.58,10.8,10.8,234200
2022-12-08,10.8,11.14,10.8,11.07,11.07,200700
2022-12-09,11.01,11.14,10.94,10.98,10.98,252600
2022-12-12,11.01,11.07,10.87,10.9,10.9,429000
2022-12-13,11.2,11.42,11.18,11.39,11.39,420700
2022-12-14,11.42,11.55,11.24,11.4,11.4,385200
2022-12-15,11.22,11.26,10.9,10.91,10.91,282300
2022-12-16,10.79,11.1,10.71,11.03,11.03,488000
2022-12-19,11.03,11.13,10.79,10.83,10.83,212900
2022-12-20,10.77,10.98,10.76,10.91,10.91,241600
2022-12-21,11.0,11.28,11.0,11.1,11.1,240400
2022-12-22,10.94,10.99,10.57,10.84,10.84,316500
2022-12-23,10.81,10.91,10.72,10.86,10.86,108100
2022-12-27,10.83,10.97,10.8,10.84,10.84,268900
2022-12-28,10.81,11.03,10.73,10.74,10.74,337800
2022-12-29,10.84,11.19,10.8,11.13,11.13,332200
2022-12-30,11.0,11.31,10.94,11.27,11.27,310100
2023-01-03,11.32,11.52,11.28,11.35,11.35,374700
2023-01-04,11.48,11.75,11.28,11.31,11.31,308400
2023-01-05,11.2,11.29,10.99,10.99,10.99,418600
2023-01-06,11.09,11.45,11.05,11.38,11.38,269400
2023-01-09,11.48,11.82,11.47,11.74,11.74,297900
2023-01-10,11.75,12.08,11.7,12.06,12.06,583500
2023-01-11,12.1,12.48,12.07,12.43,12.43,516400
2023-01-12,12.49,12.8,12.38,12.69,12.69,364800
2023-01-13,12.62,13.03,12.55,13.0,13.0,502500
2023-01-17,13.1,13.18,12.87,13.05,13.05,587100
2023-01-18,13.1,13.21,12.78,12.79,12.79,562300
2023-01-19,12.63,12.85,12.52,12.74,12.74,581600
2023-01-20,12.79,13.02,12.7,12.98,12.98,244700
2023-01-23,13.01,13.26,13.0,13.18,13.18,328800
2023-01-24,13.27,13.36,13.09,13.2,13.2,373500
2023-01-25,13.04,13.22,12.97,13.15,13.15,670700
2023-01-26,13.63,14.28,13.02,13.13,13.13,998800
2023-01-27,13.2,13.47,13.08,13.2,13.2,554200
2023-01-30,13.02,13.05,12.72,12.74,12.74,670400
2023-01-31,12.79,13.34,12.67,13.33,13.33,547600
2023-02-01,13.12,13.56,13.09,13.47,13.47,482100
2023-02-02,13.53,13.97,13.53,13.7,13.7,952600
2023-02-03,13.52,13.91,13.44,13.68,13.68,542800
2023-02-06,13.5,13.6,13.4,13.53,13.53,470900
2023-02-07,13.54,13.59,13.25,13.38,13.38,398500
2023-02-08,13.28,13.48,13.25,13.35,13.35,243600
2023-02-09,13.49,13.57,13.23,13.25,13.25,300100
2023-02-10,13.17,13.48,13.17,13.39,13.39,316800
2023-02-13,13.38,13.74,13.33,13.6,13.6,505900
2023-02-14,13.56,13.79,13.42,13.7,13.7,747600
2023-02-15,13.58,13.81,13.56,13.66,13.66,422200
2023-02-16,13.46,13.65,13.41,13.45,13.45,321400
2023-02-17,13.44,13.47,13.11,13.17,13.17,470600
2023-02-21,13.1,13.2,12.92,12.95,12.95,543800
2023-02-22,12.97,13.08,12.81,13.01,13.01,944900
2023-02-23,13.1,13.22,12.9,13.11,13.11,331500
2023-02-24,12.91,13.13,12.83,13.12,13.12,365300
2023-02-27,13.25,13.28,13.04,13.05,13.05,274000
2023-02-28,13.04,13.04,12.85,12.95,12.95,592400
2023-03-01,12.95,13.19,12.93,13.01,13.01,281100
2023-03-02,12.85,13.14,12.78,13.02,13.02,352300
2023-03-03,13.13,13.32,13.07,13.2,13.2,260300
2023-03-06,13.15,13.29,13.05,13.09,13.09,303200
2023-03-07,13.11,13.11,12.83,13.0,13.0,291300
2023-03-08,13.06,13.24,13.02,13.15,13.15,712700
2023-03-09,13.13,13.23,12.81,12.83,12.83,254800
2023-03-10,12.78,12.85,12.41,12.51,12.51,575300
2023-03-13,12.27,12.78,12.21,12.38,12.38,648300
2023-03-14,12.61,12.85,12.23,12.37,12.37,894200
2023-03-15,12.08,12.09,11.74,11.87,11.87,700800
2023-03-16,11.73,12.0,11.53,11.9,11.9,614800
2023-03-17,11.84,12.09,11.81,12.0,12.0,372600
2023-03-20,12.05,12.3,12.02,12.24,12.24,232600
2023-03-21,12.4,12.63,12.32,12.41,12.41,212000
2023-03-22,12.4,12.57,12.31,12.31,12.31,259400
2023-03-23,12.44,12.69,12.37,12.44,12.44,328400
2023-03-24,12.34,12.39,12.24,12.37,12.37,215200
2023-03-27,12.51,12.66,12.41,12.54,12.54,325000
2023-03-28,12.5,12.5,12.23,12.35,12.35,315800
2023-03-29,12.5,12.65,12.42,12.58,12.58,793900
2023-03-30,12.7,12.86,12.64,12.64,12.64,314200
2023-03-31,12.71,12.93,12.69,12.9,12.9,423300
2023-04-03,12.84,13.01,12.58,12.64,12.64,530400
2023-04-04,12.6,12.61,12.2,12.38,12.38,484400
2023-04-05,12.36,12.43,11.97,12.15,12.15,378400
2023-04-06,11.97,12.2,11.92,11.95,11.95,772300
2023-04-10,12.01,12.27,11.94,12.25,12.25,1236800
2023-04-11,12.32,12.42,12.22,12.31,12.31,529400
2023-04-12,12.44,12.64,12.37,12.47,12.47,472100
2023-04-13,12.47,12.63,12.36,12.54,12.54,658300
2023-04-14,12.51,12.74,12.4,12.5,12.5,226600
2023-04-17,12.49,12.58,12.44,12.54,12.54,241900
2023-04-18,12.53,12.65,12.35,12.4,12.4,244100
2023-04-19,12.26,12.32,12.12,12.15,12.15,453600
2023-04-20,12.09,12.15,11.91,11.99,11.99,590600
2023-04-21,11.98,11.99,11.78,11.89,11.89,482100
2023-04-24,11.93,12.01,11.73,11.77,11.77,532800
2023-04-25,11.62,11.67,11.33,11.35,11.35,537700
2023-04-26,11.3,11.85,11.26,11.76,11.76,885900
2023-04-27,11.96,12.1,11.22,11.25,11.25,938200
2023-04-28,11.19,11.19,10.75,10.86,10.86,848600
2023-05-01,10.8,10.96,10.66,10.7,10.7,965900
2023-05-02,10.62,10.71,10.5,10.66,10.66,1009000
2023-05-03,10.7,10.97,10.7,10.77,10.77,573200
2023-05-04,10.72,10.87,10.63,10.63,10.63,523000
2023-05-05,10.75,11.1,10.75,11.02,11.02,513200
2023-05-08,11.1,11.24,10.97,11.14,11.14,321800
2023-05-09,11.01,11.02,10.81,10.91,10.91,580800
2023-05-10,11.03,11.05,10.87,10.93,10.93,594500
2023-05-11,10.87,11.0,10.79,10.94,10.94,275800
2023-05-12,10.98,11.1,10.77,10.91,10.91,474500
2023-05-15,10.97,11.08,10.85,11.05,11.05,361000
2023-05-16,10.96,11.32,10.96,11.15,11.15,274300
2023-05-17,11.23,11.34,11.14,11.25,11.25,332200
2023-05-18,11.29,11.43,11.24,11.4,11.4,228500
2023-05-19,11.52,11.52,11.38,11.42,11.42,249400
2023-05-22,11.45,11.53,11.33,11.42,11.42,152600
2023-05-23,11.35,11.58,11.32,11.38,11.38,452200
2023-05-24,11.27,11.34,11.13,11.2,11.2,350200
2023-05-25,11.23,11.66,11.23,11.63,11.63,512800
2023-05-26,11.72,12.97,11.72,12.85,12.85,1122600
2023-05-30,13.01,13.18,12.76,12.91,12.91,845200
2023-05-31,12.85,12.87,12.61,12.73,12.73,612400
2023-06-01,12.73,12.98,12.54,12.85,12.85,660200
2023-06-02,13.01,13.23,12.91,13.12,13.12,485000
2023-06-05,13.13,13.13,12.86,13.03,13.03,312600
2023-06-06,12.23,12.72,12.22,12.56,12.56,4125100
2023-06-07,12.73,12.9,12.64,12.87,12.87,1346900
2023-06-08,12.93,12.97,12.78,12.86,12.86,1070500
2023-06-09,12.88,13.19,12.87,13.03,13.03,1552300
2023-06-12,13.08,13.56,13.02,13.46,13.46,1145700
2023-06-13,13.64,13.76,13.52,13.55,13.55,866500
2023-06-14,13.53,13.72,13.46,13.58,13.58,685400
2023-06-15,13.58,13.86,13.51,13.86,13.86,1707500
2023-06-16,14.0,14.28,13.83,14.24,14.24,1193300
2023-06-20,14.3,14.97,14.24,14.78,14.78,1204500
2023-06-21,14.7,14.83,14.35,14.73,14.73,801900
2023-06-22,14.77,14.91,14.63,14.64,14.64,684600
2023-06-23,14.39,14.5,14.17,14.24,14.24,566600
2023-06-26,14.26,14.43,14.14,14.14,14.14,502500
2023-06-27,14.1,14.29,13.51,14.26,14.26,1358000
2023-06-28,14.14,14.4,14.12,14.26,14.26,528200
2023-06-29,14.34,14.48,14.31,14.37,14.37,348500
2023-06-30,14.52,14.56,14.44,14.5,14.5,636500
2023-07-03,14.5,14.64,14.43,14.57,14.57,195700
2023-07-05,14.46,14.85,14.39,14.84,14.84,713800
2023-07-06,14.69,14.79,14.37,14.54,14.54,635100
2023-07-07,14.64,15.13,14.59,14.99,14.99,993400
2023-07-10,15.05,15.38,14.92,15.37,15.37,926200
2023-07-11,15.47,15.86,15.45,15.85,15.85,1226500
2023-07-12,16.01,16.25,15.97,15.99,15.99,1205200
2023-07-13,16.11,16.56,16.05,16.46,16.46,1097800
2023-07-14,16.51,16.61,15.62,15.84,15.84,994600
2023-07-17,15.88,16.36,15.84,16.25,16.25,756200
2023-07-18,16.2,16.37,15.98,16.33,16.33,597100
2023-07-19,16.39,16.6,16.29,16.43,16.43,546500
2023-07-20,16.32,16.45,15.89,16.05,16.05,466700
2023-07-21,16.22,16.22,16.02,16.06,16.06,339200
2023-07-24,16.04,16.31,15.98,16.24,16.24,529200
2023-07-25,16.27,16.56,16.25,16.52,16.52,692100
2023-07-26,16.35,16.58,16.28,16.46,16.46,782900
2023-07-27,20.51,20.66,17.73,18.01,18.01,5220200
2023-07-28,19.41,21.41,19.32,20.72,20.72,6285300
2023-07-31,20.98,22.01,20.92,21.98,21.98,3789100
2023-08-01,21.82,22.68,21.19,21.38,21.38,3201100
2023-08-02,20.32,21.15,20.3,20.88,20.88,4432400
2023-08-03,20.75,21.27,20.56,21.05,21.05,1761600
2023-08-04,21.11,21.94,21.11,21.35,21.35,2154300
2023-08-07,21.47,21.68,21.42,21.54,21.54,1366700
2023-08-08,21.22,21.27,20.65,21.14,21.14,1902400
2023-08-09,21.25,21.25,20.4,20.76,20.76,1319200
2023-08-10,21.0,21.23,20.7,20.83,20.83,1484400
2023-08-11,20.72,21.02,20.71,20.89,20.89,879800
2023-08-14,20.83,21.63,20.77,21.39,21.39,2124600
2023-08-15,21.39,21.41,20.63,21.0,21.0,1620500
2023-08-16,21.06,21.35,21.04,21.08,21.08,1175700
2023-08-17,21.39,21.79,20.57,20.83,20.83,1839400
2023-08-18,20.46,20.62,20.22,20.53,20.53,1595300
2023-08-21,20.55,21.02,20.55,20.68,20.68,1061800
2023-08-22,20.79,21.51,20.76,21.45,21.45,3225700
2023-08-23,21.5,22.44,21.24,22.11,22.11,2718500
2023-08-24,22.52,23.19,21.89,22.12,22.12,4179300
2023-08-25,22.01,22.19,21.4,21.81,21.81,1444200
2023-08-28,21.93,22.9,21.92,22.74,22.74,1813600
2023-08-29,22.67,23.35,22.35,22.94,22.94,2015000
2023-08-30,22.92,23.04,22.41,22.53,22.53,1442500
2023-08-31,22.55,23.44,22.5,23.31,23.31,1892600
2023-09-01,23.5,23.89,23.22,23.51,23.51,1502400
2023-09-05,23.5,23.56,22.73,23.56,23.56,1479200
2023-09-06,23.41,23.65,23.17,23.39,23.39,1248400
2023-09-07,23.22,23.48,23.07,23.27,23.27,1411100
2023-09-08,23.3,23.46,23.13,23.36,23.36,1461400
2023-09-11,23.71,24.29,23.64,24.1,24.1,1818800
2023-09-12,24.08,24.46,23.92,24.15,24.15,2033700
2023-09-13,24.15,24.29,23.29,23.38,23.38,1602000
2023-09-14,23.55,23.77,23.05,23.49,23.49,1485900
2023-09-15,23.38,23.51,22.63,22.79,22.79,1045100
2023-09-18,22.87,23.03,22.68,22.75,22.75,1174100
2023-09-19,22.76,22.94,22.32,22.68,22.68,1588200
2023-09-20,22.77,23.13,22.44,22.48,22.48,999100
2023-09-21,22.19,22.56,21.73,22.3,22.3,1395800
2023-09-22,22.49,22.88,22.49,22.55,22.55,940400
2023-09-25,22.36,23.15,22.36,23.03,23.03,987600
2023-09-26,22.82,22.92,22.23,22.57,22.57,1242200
2023-09-27,22.78,23.5,22.78,23.27,23.27,1222600
2023-09-28,23.36,24.43,23.36,24.42,24.42,1993200
2023-09-29,24.66,25.26,24.34,24.52,24.52,2531200
2023-10-02,24.5,24.74,24.27,24.37,24.37,1694800
2023-10-03,24.1,24.41,23.49,23.7,23.7,1902800
2023-10-04,23.77,24.85,23.71,24.42,24.42,2770500
2023-10-05,24.96,25.85,24.5,25.79,25.79,3082600
2023-10-06,25.59,26.6,25.42,26.42,26.42,3107100
2023-10-09,26.21,26.9,26.14,26.7,26.7,1866400
2023-10-10,26.72,26.84,25.92,26.05,26.05,1720700
2023-10-11,26.16,26.99,26.16,26.5,26.5,1691700
2023-10-12,26.54,27.17,26.22,26.7,26.7,1602900
2023-10-13,26.75,26.8,25.83,25.91,25.91,1314400
2023-10-16,27.3,27.58,26.44,26.82,26.82,2726900
2023-10-17,26.78,27.29,26.33,27.27,27.27,1582700
2023-10-18,27.0,27.33,26.11,26.19,26.19,1158400
2023-10-19,26.59,26.69,25.72,26.05,26.05,1383800
2023-10-20,25.97,26.17,25.37,25.81,25.81,1723000
2023-10-23,25.74,26.21,24.68,25.71,25.71,2369400
2023-10-24,25.89,26.45,25.58,26.01,26.01,2629300
2023-10-25,26.15,26.19,25.11,25.31,25.31,3629800
2023-10-26,24.26,24.3,20.87,22.68,22.68,7653100
2023-10-27,22.93,23.3,21.91,22.38,22.38,3017800
2023-10-30,22.82,23.0,21.89,22.25,22.25,2694500
2023-10-31,22.33,23.52,22.11,23.35,23.35,2238400
2023-11-01,23.46,24.15,23.4,24.14,24.14,1556900
2023-11-02,24.63,25.14,24.56,24.83,24.83,1891000
2023-11-03,25.05,25.7,25.01,25.66,25.66,1360700
2023-11-06,25.71,26.07,24.8,24.82,24.82,2031800
2023-11-07,24.76,25.13,24.37,24.8,24.8,1033100
2023-11-08,24.7,25.29,24.64,24.96,24.96,1265500
2023-11-09,25.09,25.27,24.37,24.45,24.45,992900
2023-11-10,24.64,25.53,24.63,25.48,25.48,1276100
2023-11-13,25.51,26.0,25.21,25.62,25.62,1003300
2023-11-14,26.48,26.9,26.29,26.88,26.88,1686300
2023-11-15,27.0,27.99,26.64,27.22,27.22,3026700
2023-11-16,27.12,27.55,27.01,27.5,27.5,1259900
2023-11-17,27.68,28.38,27.59,28.05,28.05,2190700
2023-11-20,28.24,28.39,27.54,28.13,28.13,1369400
2023-11-21,27.98,27.98,26.44,26.82,26.82,1912900
2023-11-22,26.95,27.42,26.37,26.61,26.61,1182500
2023-11-24,26.9,27.28,26.69,27.12,27.12,411000
2023-11-27,27.02,27.33,26.56,27.05,27.05,1302800
2023-11-28,27.0,27.56,26.77,26.99,26.99,1293700
2023-11-29,26.22,28.3,25.89,27.28,27.28,3082100
2023-11-30,27.75,27.75,26.7,26.96,26.96,1748400
2023-12-01,26.77,27.62,26.15,27.13,27.13,3061800
2023-12-04,26.84,27.04,26.3,26.86,26.86,1202200
2023-12-05,26.57,27.25,26.41,27.12,27.12,1595100
2023-12-06,27.51,27.58,25.84,25.87,25.87,1925300
2023-12-07,26.0,27.44,26.0,26.65,26.65,2238300
2023-12-08,26.5,27.42,26.45,27.19,27.19,1286600
2023-12-11,27.2,28.12,26.9,27.7,27.7,2169800
2023-12-12,27.75,27.85,27.12,27.48,27.48,1350800
2023-12-13,27.14,28.72,27.11,28.15,28.15,3049300
2023-12-14,28.51,29.09,27.73,29.03,29.03,1928000
2023-12-15,28.95,29.54,28.44,29.48,29.48,1838500
2023-12-18,29.63,29.81,29.03,29.41,29.41,1190000
2023-12-19,29.75,29.79,29.28,29.38,29.38,985400
2023-12-20,29.11,29.69,28.56,28.68,28.68,1000600
2023-12-21,29.16,29.76,29.07,29.68,29.68,868900
2023-12-22,29.8,30.02,29.57,29.82,29.82,562100
2023-12-26,30.11,30.34,29.86,29.95,29.95,1076100
2023-12-27,30.15,30.36,29.44,29.49,29.49,1625800
2023-12-28,29.54,29.74,29.23,29.59,29.59,1276900
2023-12-29,29.48,29.89,29.03,29.28,29.28,727800
2024-01-02,28.64,28.95,27.87,28.27,28.27,1465700
2024-01-03,27.96,28.54,27.64,28.17,28.17,1351100
2024-01-04,28.01,28.41,27.86,27.92,27.92,1074200
2024-01-05,27.92,28.32,27.85,27.91,27.91,966900
2024-01-08,28.01,28.95,27.84,28.83,28.83,1411900
2024-01-09,28.5,28.95,27.94,28.75,28.75,1501800
2024-01-10,28.95,29.73,28.86,29.52,29.52,2019100
2024-01-11,29.52,29.89,28.15,28.71,28.71,1512400
2024-01-12,28.71,29.22,28.51,28.73,28.73,807100
2024-01-16,28.5,28.78,28.02,28.51,28.51,1107800
2024-01-17,28.0,28.16,26.62,27.59,27.59,2991900
2024-01-18,28.13,28.72,27.88,28.59,28.59,1511800
2024-01-19,28.91,31.25,28.69,30.9,30.9,3630200
2024-01-22,31.83,32.54,31.14,31.64,31.64,2653200
2024-01-23,31.79,31.92,30.4,30.58,30.58,2010700
2024-01-24,31.2,31.51,30.55,30.66,30.66,1574400
2024-01-25,30.99,32.3,30.84,31.72,31.72,2168200
2024-01-26,31.6,32.43,31.5,31.99,31.99,2782500
2024-01-29,32.1,32.61,31.82,32.55,32.55,2649900
2024-01-30,34.49,34.72,32.55,33.09,33.09,4895400
2024-01-31,32.93,35.23,32.8,34.36,34.36,4479500
2024-02-01,34.7,36.34,34.51,36.12,36.12,4348200
2024-02-02,36.1,36.43,35.37,36.07,36.07,3711500
2024-02-05,36.07,37.27,36.0,36.93,36.93,2971700
2024-02-06,37.04,37.51,35.56,36.26,36.26,2716800
2024-02-07,36.26,37.1,36.11,36.36,36.36,1965200
2024-02-08,36.58,37.89,36.39,37.54,37.54,1862400
2024-02-09,38.0,38.71,37.28,38.66,38.66,2141800
2024-02-12,38.95,39.11,38.17,38.24,38.24,2401100
2024-02-13,36.42,37.67,36.0,37.5,37.5,2223000
2024-02-14,38.29,39.3,37.73,39.12,39.12,1574800
2024-02-15,39.33,40.0,38.55,39.87,39.87,2632100
2024-02-16,40.0,40.22,38.93,39.53,39.53,1850500
2024-02-20,39.01,39.3,37.11,37.46,37.46,2707100
2024-02-21,36.76,37.37,36.11,37.2,37.2,1675200
2024-02-22,39.26,41.8,38.8,41.77,41.77,4481100
2024-02-23,41.7,41.86,40.02,40.43,40.43,2175800
2024-02-26,41.06,41.98,40.69,41.76,41.76,1843100
2024-02-27,41.81,42.45,41.09,41.76,41.76,1216900
2024-02-28,41.19,41.65,40.97,41.15,41.15,1134700
2024-02-29,41.96,42.87,41.76,42.53,42.53,1363400
2024-03-01,43.27,46.34,43.18,45.3,45.3,3657200
2024-03-04,45.33,47.6,45.32,47.15,47.15,3222200
2024-03-05,46.5,47.15,45.24,45.78,45.78,2497100
2024-03-06,46.77,48.13,46.4,47.2,47.2,1837300
2024-03-07,47.57,48.44,47.33,47.37,47.37,1915000
2024-03-08,47.87,49.36,46.0,46.1,46.1,2651300
2024-03-11,45.02,45.48,42.1,43.66,43.66,4280900
2024-03-12,44.3,45.35,44.27,45.2,45.2,2204000
2024-03-13,44.7,45.51,44.04,45.03,45.03,1886600
2024-03-14,44.84,45.06,43.6,44.42,44.42,1292400
2024-03-15,43.62,44.46,43.12,43.97,43.97,2484800
2024-03-18,44.63,45.88,44.56,44.69,44.69,1860300
2024-03-19,43.78,43.78,41.5,43.02,43.02,3035700
2024-03-20,43.07,44.22,42.6,44.05,44.05,2577300
2024-03-21,45.25,47.26,44.86,47.05,47.05,2599100
2024-03-22,46.48,47.07,45.83,47.03,47.03,1105800
2024-03-25,46.68,47.43,46.29,46.34,46.34,1096400
2024-03-26,46.71,47.35,46.23,46.37,46.37,1341000
2024-03-27,46.77,47.14,44.51,45.56,45.56,1500400
2024-03-28,45.25,45.69,44.7,44.94,44.94,1079600
2024-04-01,45.09,46.13,45.06,45.9,45.9,970900
2024-04-02,44.56,47.01,43.94,46.9,46.9,2597900
2024-04-03,46.42,49.31,46.41,49.26,49.26,2834900
2024-04-04,50.2,51.12,47.86,48.07,48.07,2926200
2024-04-05,48.57,49.61,48.13,49.39,49.39,1833600
2024-04-08,50.25,50.51,48.55,49.43,49.43,1590500
2024-04-09,49.4,49.43,46.05,47.05,47.05,2837800
2024-04-10,45.75,47.12,45.18,46.06,46.06,1542200
2024-04-11,46.32,46.44,45.34,46.02,46.02,1373900
2024-04-12,45.0,45.68,44.33,44.74,44.74,1691600
2024-04-15,45.3,45.92,44.18,44.35,44.35,1450100
2024-04-16,43.9,45.83,43.28,45.71,45.71,1442200
2024-04-17,45.76,46.62,44.36,44.62,44.62,1529800
2024-04-18,44.62,45.31,43.4,43.81,43.81,1739600
2024-04-19,42.87,43.78,40.32,40.73,40.73,5610100
2024-04-22,41.79,43.26,41.21,42.98,42.98,3067100
2024-04-23,43.88,44.99,43.55,43.76,43.76,4447400
2024-04-24,44.89,45.9,43.36,44.1,44.1,2623700
2024-04-25,44.29,46.1,41.81,43.25,43.25,4363400
2024-04-26,43.01,43.61,41.71,43.46,43.46,3271500
2024-04-29,43.65,44.19,42.19,44.02,44.02,1707400
2024-04-30,43.88,44.55,43.11,43.33,43.33,1920800
2024-05-01,42.77,44.3,41.81,43.43,43.43,2954600
2024-05-02,44.01,44.21,41.87,44.0,44.0,2983500
2024-05-03,44.76,45.37,44.14,44.86,44.86,2483100
2024-05-06,45.97,47.16,45.57,46.9,46.9,2858100
2024-05-07,47.0,47.97,46.86,47.87,47.87,1875700
2024-05-08,47.52,49.6,47.46,49.33,49.33,2252200
2024-05-09,49.48,49.48,47.97,48.28,48.28,1296600
2024-05-10,49.08,49.4,48.31,48.51,48.51,1128700
2024-05-13,49.03,49.12,46.72,46.78,46.78,1433600
2024-05-14,46.52,48.35,46.52,48.0,48.0,1992700
2024-05-15,50.63,52.46,49.44,52.06,52.06,4959100
2024-05-16,51.92,53.01,51.31,52.42,52.42,3265400
2024-05-17,52.8,52.8,51.41,51.58,51.58,1314900
2024-05-20,51.85,52.89,51.71,52.67,52.67,1708600
2024-05-21,52.32,52.83,51.92,52.64,52.64,1034700
2024-05-22,52.79,54.28,52.79,53.88,53.88,2940000
2024-05-23,55.78,57.13,54.95,55.37,55.37,3845300
2024-05-24,55.8,58.99,55.4,58.8,58.8,2630200
2024-05-28,60.9,61.06,58.74,59.41,59.41,2773100
2024-05-29,59.02,59.7,57.68,59.23,59.23,1627500
2024-05-30,59.2,59.23,56.84,57.4,57.4,1857000
2024-05-31,57.33,57.49,53.58,55.92,55.92,3843300
2024-06-03,56.85,57.12,54.65,55.57,55.57,1544500
2024-06-04,54.74,54.84,51.89,52.71,52.71,2533400
2024-06-05,53.86,56.47,53.06,56.37,56.37,2691500
2024-06-06,56.37,56.43,52.48,52.49,52.49,2139700
2024-06-07,52.08,52.48,50.89,52.25,52.25,2619900
2024-06-10,51.88,54.84,51.88,54.54,54.54,2134900
2024-06-11,54.0,54.37,52.92,53.23,53.23,1691100
2024-06-12,54.06,55.34,53.89,54.89,54.89,2598000
2024-06-13,55.86,56.9,55.23,56.77,56.77,1810900
2024-06-14,56.57,56.58,54.6,55.71,55.71,1714900
2024-06-17,56.91,57.47,55.15,57.02,57.02,2035700
2024-06-18,57.2,60.13,57.07,59.09,59.09,2541200
2024-06-20,59.16,60.15,55.8,55.8,55.8,3069500
2024-06-21,54.74,55.96,53.22,55.91,55.91,1897300
2024-06-24,55.36,55.49,53.33,53.38,53.38,2185200
2024-06-25,54.2,55.84,54.0,55.81,55.81,1476400
2024-06-26,55.55,56.83,55.07,55.3,55.3,2158000
2024-06-27,55.52,57.25,54.86,57.2,57.2,2211500
2024-06-28,57.35,58.37,56.48,57.33,57.33,1476000
2024-07-01,58.0,58.23,55.65,57.79,57.79,1213200
2024-07-02,56.95,58.86,56.95,58.67,58.67,1310900
2024-07-03,59.11,59.77,58.44,58.53,58.53,1014600
2024-07-05,58.76,59.29,57.52,57.62,57.62,1139900
2024-07-08,58.0,60.55,57.79,59.17,59.17,1448200
2024-07-09,59.6,60.65,59.12,59.26,59.26,1249100
2024-07-10,59.62,62.09,59.1,61.47,61.47,1879100
2024-07-11,61.8,61.94,58.04,59.48,59.48,2130500
2024-07-12,59.4,60.71,58.44,59.4,59.4,1201300
2024-07-15,59.95,62.17,59.75,61.23,61.23,2091100
2024-07-16,61.81,63.49,61.29,63.27,63.27,2385400
2024-07-17,61.15,61.5,56.23,56.84,56.84,4686300
2024-07-18,58.0,58.07,54.49,56.32,56.32,2872400
2024-07-19,56.15,57.75,55.92,56.5,56.5,1716600
2024-07-22,57.38,58.0,55.93,56.9,56.9,1791500
2024-07-23,56.78,58.7,56.63,57.88,57.88,1489300
2024-07-24,56.29,56.68,53.06,53.39,53.39,3996800
2024-07-25,55.8,55.88,50.33,51.07,51.07,6869200
2024-07-26,53.72,54.5,52.44,52.67,52.67,3249000
2024-07-29,53.03,53.41,49.88,50.0,50.0,3610400
2024-07-30,50.37,51.31,48.34,48.88,48.88,3597300
2024-07-31,51.81,53.2,51.72,52.44,52.44,3277600
2024-08-01,51.58,54.12,49.63,50.39,50.39,2825600
2024-08-02,47.51,47.7,45.52,46.29,46.29,4529100
2024-08-05,41.1,48.3,40.25,46.88,46.88,3461200
2024-08-06,47.15,47.75,45.42,47.08,47.08,1760500
2024-08-07,48.19,48.53,44.11,44.48,44.48,4231300
2024-08-08,45.52,46.52,44.11,46.24,46.24,2656200
2024-08-09,46.25,47.79,46.1,47.78,47.78,1408900
2024-08-12,48.0,49.79,47.88,49.18,49.18,2072800
2024-08-13,49.88,51.63,49.83,51.19,51.19,2043500
2024-08-14,52.15,52.36,50.85,52.27,52.27,1311700
2024-08-15,53.3,56.61,53.18,56.0,56.0,2211000
2024-08-16,55.55,55.69,54.3,54.78,54.78,1269700
2024-08-19,54.42,54.83,53.25,54.16,54.16,1704200
2024-08-20,54.5,55.34,54.0,54.03,54.03,1576000
2024-08-21,54.05,54.12,53.35,53.67,53.67,1481000
2024-08-22,53.96,54.07,52.62,52.65,52.65,1213600
2024-08-23,53.36,54.58,52.97,53.14,53.14,1423000
2024-08-26,53.0,53.01,50.93,51.0,51.0,1215800
2024-08-27,50.42,51.53,50.02,50.33,50.33,1787700
2024-08-28,50.01,50.27,48.54,50.0,50.0,2289900
2024-08-29,50.21,52.16,50.14,50.57,50.57,2288900
2024-08-30,51.1,51.25,49.59,50.92,50.92,1494400
2024-09-03,50.0,50.14,46.34,46.45,46.45,1484300
2024-09-04,45.62,46.76,45.01,46.65,46.65,2354100
2024-09-05,45.89,47.03,45.4,45.9,45.9,1659300
2024-09-06,45.43,45.65,40.65,41.03,41.03,5456700
2024-09-09,42.36,44.09,42.2,42.57,42.57,3216700
2024-09-10,42.54,43.57,41.75,43.49,43.49,2105100
2024-09-11,43.64,45.35,42.76,45.32,45.32,2713400
2024-09-12,45.38,46.92,45.06,45.55,45.55,1666200
2024-09-13,45.81,46.25,45.43,45.87,45.87,1121100
2024-09-16,45.07,46.21,44.46,46.14,46.14,1423600
2024-09-17,46.9,47.69,46.14,46.99,46.99,1120600
2024-09-18,47.13,48.28,46.66,46.83,46.83,1558500
2024-09-19,49.09,49.79,48.36,49.71,49.71,2550100
2024-09-20,49.11,49.9,48.18,48.73,48.73,1272400
2024-09-23,49.0,49.66,48.77,49.63,49.63,1040400
2024-09-24,49.86,50.4,48.96,49.99,49.99,884800
2024-09-25,49.99,50.79,49.9,50.72,50.72,1527600
2024-09-26,52.21,53.52,51.23,52.09,52.09,1618600
2024-09-27,52.03,52.13,50.63,51.08,51.08,904600
2024-09-30,50.35,51.33,50.17,51.12,51.12,1063700
2024-10-01,50.94,51.05,49.19,49.63,49.63,1791800
2024-10-02,49.46,50.62,48.97,50.35,50.35,1307000
2024-10-03,50.12,51.53,50.03,51.47,51.47,1463200
2024-10-04,52.74,54.06,52.25,53.83,53.83,1940300
2024-10-07,53.42,54.78,53.37,54.33,54.33,1153900
2024-10-08,54.96,55.97,54.52,55.71,55.71,1536200
2024-10-09,56.3,58.83,55.93,58.1,58.1,2876600
2024-10-10,57.5,61.27,57.11,61.25,61.25,2611000
2024-10-11,61.72,63.85,61.57,63.06,63.06,3898700
2024-10-14,64.19,64.56,62.63,63.16,63.16,2081400
2024-10-15,63.15,64.0,59.65,61.11,61.11,3359300
2024-10-16,61.74,61.98,58.19,58.42,58.42,2954200
2024-10-17,60.05,60.22,57.76,58.18,58.18,2143200
2024-10-18,58.41,59.13,57.76,57.82,57.82,1410300
2024-10-21,57.19,57.66,56.26,56.68,56.68,2340500
2024-10-22,56.36,57.08,55.62,56.0,56.0,2006200
2024-10-23,55.5,57.71,55.3,57.47,57.47,3585900
2024-10-24,62.7,68.44,62.6,67.94,67.94,7506100
2024-10-25,67.96,70.07,67.51,69.38,69.38,3806500
2024-10-28,70.19,70.72,69.11,70.3,70.3,2928900
2024-10-29,70.2,70.39,68.64,69.96,69.96,2089800
2024-10-30,69.55,70.81,67.66,69.78,69.78,2080800
2024-10-31,69.09,69.6,67.3,68.4,68.4,1541900
2024-11-01,68.46,71.56,68.25,70.22,70.22,2232800
2024-11-04,71.15,73.18,70.72,72.32,72.32,2401000
2024-11-05,73.94,76.28,73.5,75.63,75.63,2877300
2024-11-06,78.96,81.07,77.78,81.0,81.0,3327200
2024-11-07,81.79,85.67,79.8,85.33,85.33,3783900
2024-11-08,85.07,86.36,83.7,85.85,85.85,2269400
2024-11-11,87.17,87.99,83.3,84.63,84.63,2552300
2024-11-12,83.09,84.38,82.56,84.06,84.06,1794200
2024-11-13,83.84,85.41,81.93,82.05,82.05,2377800
2024-11-14,83.0,83.16,80.48,80.48,80.48,2331900
2024-11-15,78.78,82.44,77.78,82.18,82.18,3182200
2024-11-18,84.4,86.4,83.41,83.97,83.97,2774300
2024-11-19,83.51,87.32,83.36,86.82,86.82,2234200
2024-11-20,87.8,88.68,84.71,86.98,86.98,1758300
2024-11-21,88.54,93.15,88.53,91.44,91.44,3552100
2024-11-22,91.73,91.73,86.44,89.16,89.16,3258200
2024-11-25,90.44,91.32,84.74,85.6,85.6,2446600
2024-11-26,85.6,86.95,85.06,86.67,86.67,1610700
2024-11-27,86.38,86.71,81.29,83.16,83.16,3868500
2024-11-29,83.57,85.38,83.57,85.24,85.24,1006800
2024-12-02,85.93,87.08,84.91,84.96,84.96,1831400
2024-12-03,84.88,89.54,84.51,89.42,89.42,2324500
2024-12-04,90.3,91.64,88.0,89.53,89.53,1923800
2024-12-05,89.55,92.57,89.28,92.08,92.08,1573800
2024-12-06,92.44,96.0,91.95,94.86,94.86,2271600
2024-12-09,94.03,94.19,89.09,90.42,90.42,2126800
2024-12-10,91.16,92.52,87.83,88.0,88.0,1635100
2024-12-11,88.88,90.88,88.08,89.97,89.97,1299600
2024-12-12,89.2,92.43,88.55,91.01,91.01,1447200
2024-12-13,93.87,99.34,93.87,99.2,99.2,4118800
2024-12-16,99.96,100.51,97.64,99.01,99.01,2110600
2024-12-17,98.01,100.44,95.22,97.81,97.81,1561200
2024-12-18,99.43,99.6,91.52,92.11,92.11,2639200
2024-12-19,93.25,95.92,92.12,93.05,93.05,1700300
2024-12-20,90.21,98.05,89.52,95.45,95.45,2059000
2024-12-23,95.9,98.75,95.8,97.52,97.52,1512200
2024-12-24,98.03,99.26,96.83,97.53,97.53,881000
2024-12-26,97.5,98.7,96.63,98.25,98.25,863000
2024-12-27,97.0,97.95,94.11,95.1,95.1,1449200
2024-12-30,93.33,95.49,91.87,93.82,93.82,1099300
2024-12-31,93.95,94.18,91.56,92.3,92.3,1555700
2025-01-02,92.83,94.63,90.31,93.07,93.07,1351300
2025-01-03,94.0,97.18,93.99,96.92,96.92,1099600
2025-01-06,99.76,101.09,98.24,98.76,98.76,2004900
2025-01-07,98.78,101.72,96.73,98.27,98.27,2110900
2025-01-08,98.3,103.46,97.71,102.47,102.47,2648700
2025-01-10,101.97,104.92,99.17,103.64,103.64,3070200
2025-01-13,100.0,102.1,96.07,100.44,100.44,2711200
2025-01-14,102.56,104.77,101.46,103.11,103.11,2401300
2025-01-15,106.48,108.25,103.5,107.5,107.5,2911700
2025-01-16,109.83,115.52,109.82,110.72,110.72,3476900
2025-01-17,112.0,114.19,109.5,113.28,113.28,2650300
2025-01-21,119.33,119.77,114.35,118.1,118.1,3684600
2025-01-22,123.81,131.23,121.86,123.27,123.27,4909700
2025-01-23,121.09,124.61,120.41,122.92,122.92,2734500
2025-01-24,124.15,126.01,121.42,121.69,121.69,2410200
2025-01-27,105.63,107.73,86.12,87.36,87.36,17004700
2025-01-28,91.65,95.25,88.57,94.48,94.48,8526900
2025-01-29,98.23,102.61,97.83,100.49,100.49,8028000
2025-01-30,117.1,117.67,111.0,114.15,114.15,10280600
2025-01-31,118.0,133.67,116.6,123.47,123.47,11221300
2025-02-03,110.8,126.15,109.0,120.88,120.88,8356500
2025-02-04,122.69,133.15,120.53,131.98,131.98,5376000
2025-02-05,135.05,144.27,132.25,143.67,143.67,8512100
2025-02-06,136.0,136.01,127.01,133.22,133.22,9273200
2025-02-07,134.35,140.03,128.78,129.7,129.7,5205700
2025-02-10,125.0,132.69,124.02,130.23,130.23,3369300
2025-02-11,126.85,128.44,124.45,126.58,126.58,2682900
2025-02-12,124.0,131.16,122.29,129.32,129.32,3326700
2025-02-13,131.34,135.25,127.21,129.78,129.78,3855800
2025-02-14,128.89,132.89,123.81,132.06,132.06,2710500
2025-02-18,135.45,137.89,129.84,132.29,132.29,3555200
2025-02-19,131.06,135.54,128.03,131.58,131.58,2839800
2025-02-20,130.42,130.81,121.27,125.02,125.02,4618100
2025-02-21,128.37,130.21,118.6,119.25,119.25,4468600
2025-02-24,120.0,121.46,108.88,110.88,110.88,6429900
2025-02-25,106.57,111.98,102.25,106.11,106.11,5503000
2025-02-26,112.5,115.49,110.0,111.68,111.68,5174800
2025-02-27,116.33,117.37,106.69,107.87,107.87,5170000
2025-02-28,103.31,108.57,101.18,107.05,107.05,6518800
2025-03-03,108.1,109.28,90.64,92.8,92.8,8103100
2025-03-04,90.01,93.45,86.18,90.22,90.22,7223400
2025-03-05,91.18,91.9,87.97,90.95,90.95,4131800
2025-03-06,86.5,87.17,80.98,81.62,81.62,5910200
2025-03-07,82.36,87.66,80.26,87.53,87.53,6697400
2025-03-10,82.75,84.61,78.33,81.15,81.15,6342300
2025-03-11,81.82,87.15,80.81,86.59,86.59,4832400
2025-03-12,92.06,92.69,87.95,89.58,89.58,5888700
2025-03-13,89.09,90.2,85.44,86.41,86.41,3302300
2025-03-14,89.08,92.41,86.88,91.58,91.58,3685400
2025-03-17,91.6,92.95,89.0,91.78,91.78,2598600
2025-03-18,90.88,91.03,86.23,87.47,87.47,3287900
2025-03-19,87.49,93.2,86.16,91.92,91.92,3248500
2025-03-20,91.61,98.64,90.93,95.65,95.65,4341100
2025-03-21,94.45,96.63,91.62,95.95,95.95,2894000
2025-03-24,100.26,101.52,98.78,99.98,99.98,3018600
2025-03-25,100.0,100.5,94.56,97.37,97.37,3423000
2025-03-26,96.32,96.48,87.11,87.66,87.66,5566800
2025-03-27,85.62,86.4,81.98,84.39,84.39,4160100
2025-03-28,83.78,86.58,81.44,82.69,82.69,4019100
2025-03-31,76.13,79.93,75.59,78.81,78.81,5854200
2025-04-01,79.03,80.5,76.56,79.06,79.06,3882200
2025-04-02,77.51,84.32,77.11,82.35,82.35,3714700
2025-04-03,74.07,76.44,68.93,69.19,69.19,7388600
2025-04-04,64.26,66.84,58.05,66.15,66.15,9755600
2025-04-07,61.16,75.1,61.07,70.39,70.39,8582400
2025-04-08,75.9,76.79,67.51,68.85,68.85,7031900
2025-04-09,68.99,85.38,68.83,82.06,82.06,9583000
2025-04-10,79.1,81.02,75.26,76.48,76.48,4847600
2025-04-11,76.62,81.43,75.15,79.13,79.13,5847600
2025-04-14,84.17,85.95,78.99,80.88,80.88,4093300
2025-04-15,82.48,85.32,82.05,82.57,82.57,4168200
2025-04-16,79.0,81.88,77.86,80.56,80.56,4198700
2025-04-17,80.01,86.1,78.54,84.04,84.04,5283700
2025-04-21,82.48,84.53,78.84,80.59,80.59,3395300
2025-04-22,81.83,85.68,80.98,82.77,82.77,3337800
2025-04-23,88.52,92.75,87.13,88.19,88.19,4989500
2025-04-24,90.23,95.22,90.1,92.14,92.14,7728100
2025-04-25,90.01,94.19,88.12,89.05,89.05,6941600
2025-04-28,89.54,91.2,85.55,87.76,87.76,4187700
2025-04-29,87.5,88.45,86.18,87.05,87.05,3076200
2025-04-30,83.3,85.71,81.88,85.35,85.35,3420200
2025-05-01,90.24,93.52,89.02,89.21,89.21,5626400
2025-05-02,91.23,96.63,91.22,94.07,94.07,3329400
2025-05-05,92.75,94.43,91.67,92.36,92.36,2590500
2025-05-06,90.0,95.81,90.0,95.19,95.19,2756600
2025-05-07,94.45,96.75,92.76,96.55,96.55,2742500
2025-05-08,99.0,99.68,94.7,96.33,96.33,3038200
2025-05-09,97.37,98.49,92.3,93.05,93.05,2693300
2025-05-12,99.69,100.59,95.67,100.32,100.32,5604700
2025-05-13,100.66,110.75,100.66,109.87,109.87,6400500
2025-05-14,113.5,116.1,110.37,113.45,113.45,5633000
2025-05-15,110.96,112.76,108.96,111.49,111.49,2890300
2025-05-16,111.6,113.29,110.29,113.25,113.25,2373400
2025-05-19,110.2,112.52,109.09,111.6,111.6,2919800
2025-05-20,110.6,113.4,109.9,112.66,112.66,3209300
2025-05-21,112.66,117.5,111.76,114.03,114.03,4790800
2025-05-22,113.75,120.04,113.75,118.32,118.32,4071900
2025-05-23,116.39,121.28,115.38,119.47,119.47,2909200
2025-05-27,123.99,124.67,117.34,118.88,118.88,3520900
2025-05-28,118.74,119.35,114.71,118.12,118.12,2934400
2025-05-29,118.81,119.01,114.92,116.37,116.37,3653400
2025-05-30,114.28,115.71,110.54,115.38,115.38,4391300
2025-06-02,114.96,116.88,112.74,116.64,116.64,3027300
2025-06-03,118.23,121.58,116.95,121.26,121.26,3284500
2025-06-04,121.44,122.81,118.14,119.9,119.9,2411500
2025-06-05,120.32,122.23,118.52,119.31,119.31,2911200
2025-06-06,121.03,122.38,118.25,120.73,120.73,2464900
2025-06-09,122.97,123.49,118.6,122.65,122.65,2914700
2025-06-10,123.0,126.25,117.28,121.51,121.51,4322600
2025-06-11,122.91,129.52,122.03,127.69,127.69,5465200
2025-06-12,126.35,131.7,125.76,130.73,130.73,4018700
2025-06-13,127.0,129.56,124.72,125.33,125.33,2718300
2025-06-16,127.83,132.7,127.2,128.24,128.24,3085500
2025-06-17,128.36,134.87,128.24,132.18,132.18,3006400
2025-06-18,134.3,139.89,133.36,136.25,136.25,3944900
2025-06-20,138.32,139.23,133.73,135.23,135.23,2591100
2025-06-23,133.93,136.53,130.68,136.34,136.34,3218200
2025-06-24,138.0,143.98,136.03,143.84,143.84,3335400
2025-06-25,145.57,152.23,145.53,149.04,149.04,4852600
2025-06-26,150.39,152.98,149.5,150.15,150.15,3011400
2025-06-27,150.15,155.35,149.69,152.67,152.67,4106600
2025-06-30,154.4,157.35,152.35,156.11,156.11,2805300
2025-07-01,154.9,155.5,144.27,148.91,148.91,4771500
2025-07-02,149.36,155.31,147.0,154.9,154.9,4136800
2025-07-03,154.88,160.63,154.33,159.26,159.26,2227800
2025-07-07,157.27,159.0,153.66,154.0,154.0,3497500
2025-07-08,156.09,157.99,152.43,155.7,155.7,2985000
2025-07-09,156.8,163.95,155.41,160.9,160.9,3371700
2025-07-10,162.62,163.05,152.92,158.83,158.83,3545400
2025-07-11,157.26,162.14,156.54,161.03,161.03,2184100
2025-07-14,160.35,162.94,158.11,162.24,162.24,1910500
2025-07-15,165.49,165.83,158.79,160.49,160.49,3037100
2025-07-16,159.9,161.75,156.15,160.1,160.1,2447300
2025-07-17,159.76,162.89,157.99,162.89,162.89,2403900
2025-07-18,161.19,162.28,154.54,160.12,160.12,4124700
2025-07-21,157.41,164.51,154.63,163.02,163.02,3590500
2025-07-22,160.97,160.97,153.11,156.91,156.91,3844400
2025-07-23,158.39,168.85,158.15,168.79,168.79,4590500
2025-07-24,172.05,173.63,161.84,163.98,163.98,4169100
2025-07-25,165.86,170.38,164.52,170.22,170.22,2587200
2025-07-28,169.9,173.71,169.19,173.37,173.37,4777000
2025-07-29,186.5,208.66,183.17,202.0,202.0,14567300
2025-07-30,204.0,214.47,198.59,202.41,202.41,6618400
2025-07-31,209.17,210.71,198.75,199.86,199.86,4614200
2025-08-01,189.08,198.65,188.78,194.74,194.74,4545600
2025-08-04,199.05,204.47,195.85,201.45,201.45,2485300
2025-08-05,202.5,205.26,191.6,196.51,196.51,3715000
2025-08-06,194.92,199.09,191.6,198.63,198.63,2944600
2025-08-07,201.2,205.59,197.8,201.21,201.21,3050100
2025-08-08,202.25,209.24,201.76,207.66,207.66,3023800
2025-08-11,207.65,211.71,203.57,204.6,204.6,2754200
2025-08-12,206.0,213.73,205.57,213.45,213.45,2715200
2025-08-13,216.54,218.8,201.21,204.22,204.22,4069500
2025-08-14,199.6,200.5,192.13,196.64,196.64,4232600
2025-08-15,195.92,196.28,189.16,195.48,195.48,2430100
2025-08-18,194.76,197.49,191.32,194.88,194.88,1652900
2025-08-19,193.67,193.82,182.5,184.73,184.73,3648300
2025-08-20,181.03,183.13,173.23,182.9,182.9,3809900
2025-08-21,183.29,184.01,179.5,181.34,181.34,1357400
2025-08-22,181.21,190.33,179.01,188.92,188.92,2865800
2025-08-25,188.48,193.96,186.75,192.91,192.91,1909600
2025-08-26,192.05,199.55,192.05,198.62,198.62,1984100
2025-08-27,199.36,202.17,195.34,202.1,202.1,1764700
2025-08-28,203.57,214.63,203.46,212.33,212.33,3224500
2025-08-29,210.36,211.0,193.17,194.75,194.75,3939500
2025-09-02,187.8,200.64,183.66,200.63,200.63,3182400
2025-09-03,202.25,212.3,199.78,211.87,211.87,3827000
2025-09-04,211.2,221.59,210.62,221.34,221.34,3861600
2025-09-05,242.84,257.4,234.08,242.68,242.68,7696700
2025-09-08,246.52,254.7,244.15,244.33,244.33,4783500
2025-09-09,244.12,250.15,239.02,244.08,244.08,3151200
2025-09-10,252.6,254.0,242.16,253.03,253.03,3692000
2025-09-11,251.4,252.13,242.57,245.74,245.74,3175600
2025-09-12,245.45,246.99,237.73,241.77,241.77,2140400
2025-09-15,241.12,250.7,238.13,248.99,248.99,2747300
2025-09-16,249.0,258.16,248.23,254.39,254.39,2521000
2025-09-17,253.03,254.29,239.8,247.66,247.66,3272300
2025-09-18,253.01,256.47,246.14,252.04,252.04,2743000
2025-09-19,252.16,255.24,242.78,252.93,252.93,3756400
2025-09-22,252.63,257.0,249.28,254.79,254.79,2212600
2025-09-23,256.33,261.83,252.0,257.64,257.64,2545600
2025-09-24,255.9,256.08,239.78,240.46,240.46,3413400
2025-09-25,227.24,247.58,227.0,244.64,244.64,3831300
2025-09-26,245.25,250.0,237.94,243.79,243.79,2145300
2025-09-29,246.89,251.45,245.12,245.95,245.95,1900300
2025-09-30,247.55,250.3,239.59,246.38,246.38,1899100
2025-10-01,241.46,252.3,238.67,251.69,251.69,2093400
2025-10-02,257.03,257.58,246.49,250.91,250.91,1731400
2025-10-03,245.99,249.0,231.44,233.67,233.67,3695900
2025-10-06,240.45,244.58,233.82,235.34,235.34,3081700
2025-10-07,237.22,243.09,230.24,237.79,237.79,1863800
2025-10-08,238.94,254.99,238.64,254.88,254.88,3187200
2025-10-09,254.4,260.58,248.16,259.78,259.78,1490500
2025-10-10,262.05,263.9,243.71,243.72,243.72,2815600
2025-10-13,263.76,270.15,250.83,261.06,261.06,3289800
2025-10-14,247.9,255.79,238.23,247.75,247.75,3236800
2025-10-15,253.19,271.7,253.19,269.96,269.96,2802600
2025-10-16,290.37,296.85,276.37,279.86,279.86,4806700
2025-10-17,272.46,286.43,271.14,276.46,276.46,2367700
2025-10-20,284.01,287.0,268.67,273.5,273.5,2317000
2025-10-21,272.42,274.7,261.48,264.69,264.69,1834000
2025-10-22,273.51,279.7,262.0,270.89,270.89,3146800
2025-10-23,270.0,284.39,269.93,282.73,282.73,1950700
2025-10-24,295.01,300.75,292.0,296.62,296.62,2865700
2025-10-27,306.69,314.29,301.69,301.82,301.82,5348200
2025-10-28,346.01,355.5,314.56,326.45,326.45,7721700
2025-10-29,340.0,349.9,332.12,337.77,337.77,4002700
2025-10-30,332.41,348.92,329.24,340.13,340.13,2788400
2025-10-31,349.01,360.99,333.25,344.48,344.48,2799100
2025-11-03,346.26,350.41,333.64,349.01,349.01,1865900
2025-11-04,331.67,348.68,330.2,335.79,335.79,2064700
2025-11-05,335.0,363.4,332.71,352.61,352.61,2762800
2025-11-06,353.0,361.77,332.8,340.76,340.76,2580000
2025-11-07,329.82,331.0,303.5,322.1,322.1,4986200
2025-11-10,340.68,346.2,335.0,344.61,344.61,2310900
2025-11-11,340.5,340.5,327.69,331.86,331.86,1845600
2025-11-12,336.36,338.58,329.0,334.57,334.57,1653300
2025-11-13,327.44,327.44,283.0,292.75,292.75,6005200
2025-11-14,277.6,311.24,275.77,310.88,310.88,4941800
2025-11-17,306.9,324.8,304.08,309.37,309.37,3016900
2025-11-18,304.47,312.87,297.5,299.92,299.92,3095200
2025-11-19,301.68,328.5,301.68,312.48,312.48,3295700
2025-11-20,330.5,330.5,278.85,282.28,282.28,4564100
2025-11-21,278.23,284.55,263.08,280.06,280.06,5335000
2025-11-24,284.3,324.02,282.68,322.54,322.54,5153900
2025-11-25,323.57,331.2,316.5,327.75,327.75,3196300
2025-11-26,322.05,336.31,315.0,332.24,332.24,2589000
2025-11-28,333.13,344.78,331.0,344.41,344.41,1528200
2025-12-01,336.29,337.0,316.73,318.37,318.37,3142000
2025-12-02,321.92,335.0,303.23,304.29,304.29,3611800
2025-12-03,305.0,314.79,297.35,308.41,308.41,2026300
2025-12-04,307.0,326.0,304.0,322.79,322.79,1932500
2025-12-05,324.41,327.95,320.62,325.09,325.09,1395700
2025-12-08,335.0,343.0,332.15,340.76,340.76,2489400
2025-12-09,337.15,344.75,332.38,342.03,342.03,1356000
2025-12-10,342.0,353.38,333.79,348.66,348.66,1750000
2025-12-11,341.53,351.83,327.0,351.41,351.41,2890400
2025-12-12,342.29,342.29,304.01,306.5,306.5,4856300
2025-12-15,311.0,311.6,299.0,302.98,302.98,2553700
2025-12-16,297.57,305.4,286.25,288.87,288.87,2893600
2025-12-17,293.29,296.3,266.0,275.83,275.83,5056800
2025-12-18,289.59,291.9,266.06,270.92,270.92,3234700
2025-12-19,275.35,293.87,274.45,292.29,292.29,3770400
2025-12-22,301.62,306.86,293.6,306.86,306.86,1961000
2025-12-23,302.3,309.74,301.7,303.46,303.46,1200000
2025-12-24,304.01,312.61,302.15,308.59,308.59,649000
2025-12-26,311.61,311.61,302.25,303.56,303.56,998600
2025-12-29,296.0,308.53,293.08,303.22,303.22,1541100
2025-12-30,303.25,306.94,299.1,299.4,299.4,1120500
2025-12-31,299.4,304.01,295.28,295.61,295.61,1164900
2026-01-02,298.1,312.8,297.46,302.4,302.4,2083300
2026-01-05,307.34,310.53,286.84,293.24,293.24,2730000
2026-01-06,286.74,305.75,272.68,305.0,305.0,3074300
2026-01-07,299.56,311.2,296.56,305.87,305.87,1689700
2026-01-08,310.55,312.3,281.22,288.6,288.6,3048000
2026-01-09,293.45,305.34,289.0,302.3,302.3,2225800
2026-01-12,299.8,315.69,297.2,314.7,314.7,1598900
2026-01-13,317.02,333.78,313.09,328.56,328.56,2567400
2026-01-14,325.69,327.0,304.54,310.04,310.04,2649200
2026-01-15,313.5,322.72,307.0,313.53,313.53,2004300
2026-01-16,313.45,316.46,299.38,313.6,313.6,1946600
2026-01-20,303.84,319.99,301.82,310.76,310.76,1673600
2026-01-21,310.82,319.4,296.56,309.76,309.76,2637800
2026-01-22,300.92,304.0,273.99,290.93,290.93,5785000
2026-01-23,290.98,304.78,276.67,303.09,303.09,3282500
2026-01-26,303.09,311.73,297.43,308.25,308.25,2591200
2026-01-27,312.96,337.06,312.9,333.17,333.17,3443400
2026-01-28,343.5,352.2,330.1,345.23,345.23,5297900
2026-01-29,332.04,334.31,285.66,300.0,300.0,8841900
2026-01-30,295.23,308.0,279.0,280.99,280.99,4525500
2026-02-02,285.18,294.88,278.47,285.11,285.11,4479200
2026-02-03,291.61,300.25,282.0,297.45,297.45,2692800
2026-02-04,290.0,290.65,266.5,275.86,275.86,4322500
2026-02-05,276.5,303.0,272.72,294.89,294.89,5244100
2026-02-06,305.13,317.0,304.36,307.53,307.53,3582100
2026-02-09,304.62,322.35,301.5,319.21,319.21,2427900
2026-02-10,323.92,325.01,296.87,297.93,297.93,2779900
2026-02-11,307.46,309.0,282.34,295.68,295.68,2932000
2026-02-12,295.11,295.15,274.25,274.79,274.79,3632900
2026-02-13,279.28,284.68,272.0,280.66,280.66,2122700
2026-02-17,276.34,290.77,271.0,286.66,286.66,1719000
2026-02-18,286.3,301.68,286.3,291.4,291.4,1811300
2026-02-19,285.94,292.01,279.25,291.33,291.33,1883500
2026-02-20,290.15,300.65,287.0,292.69,292.69,1835900
2026-02-23,288.54,299.24,285.5,296.68,296.68,1574200
2026-02-24,299.6,307.1,292.97,296.35,296.35,1529400
2026-02-25,299.36,305.0,293.56,293.98,293.98,2107700
2026-02-26,297.05,299.28,272.95,279.16,279.16,3262200
2026-02-27,276.99,278.19,270.46,277.63,277.63,2215900
2026-03-02,266.59,275.95,261.28,266.98,266.98,2541300
2026-03-03,254.63,262.5,250.0,256.95,256.95,2021300
2026-03-04,261.3,274.67,257.69,270.64,270.64,1932800
2026-03-05,275.55,275.55,257.59,265.83,265.83,1562700
2026-03-06,258.7,265.85,249.02,249.52,249.52,1930300
2026-03-09,245.13,268.15,244.51,267.95,267.95,2731400
2026-03-10,268.84,278.0,265.85,269.2,269.2,1715300
2026-03-11,267.22,272.88,263.75,265.8,265.8,1420400
2026-03-12,260.69,269.98,257.25,264.89,264.89,1293200
2026-03-13,264.0,271.73,262.13,263.46,263.46,1129400
2026-03-16,270.91,278.98,269.02,270.53,270.53,1620200
2026-03-17,270.62,284.75,269.02,281.95,281.95,1584000
2026-03-18,281.3,287.1,273.55,273.58,273.58,1370500
2026-03-19,268.97,285.0,264.17,284.3,284.3,1417700
2026-03-20,283.26,283.8,265.51,269.1,269.1,1754300
2026-03-23,273.71,293.0,273.04,286.98,286.98,2119000
2026-03-24,284.86,301.53,281.45,301.52,301.52,2027700
2026-03-25,306.13,309.38,299.2,302.22,302.22,1867900
2026-03-26,292.76,294.74,272.5,273.38,273.38,1805400
2026-03-27,270.66,281.94,269.68,280.22,280.22,1351400
2026-03-30,281.02,282.4,253.11,257.27,257.27,2149500
2026-03-31,261.21,282.92,258.06,281.68,281.68,2257500
2026-04-01,288.92,296.78,285.39,288.73,288.73,1871200
2026-04-02,275.0,296.07,271.5,294.84,294.84,1659800
2026-04-06,295.15,301.08,286.15,292.3,292.3,1318100
2026-04-07,293.8,303.99,286.65,297.34,297.34,1518100
2026-04-08,316.89,320.88,304.35,320.7,320.7,2627000
2026-04-09,320.76,328.58,313.68,328.33,328.33,1562200
2026-04-10,336.74,354.75,335.37,351.31,351.31,3336300
2026-04-13,349.0,368.88,345.0,365.46,365.46,2763400
2026-04-14,374.9,392.12,368.09,384.35,384.35,3608900
2026-04-15,382.61,393.0,375.0,381.94,381.94,2422500
2026-04-16,375.99,387.95,370.45,382.32,382.32,2406800
2026-04-17,388.42,399.36,387.0,396.01,396.01,1964800
2026-04-20,399.0,404.95,390.16,401.12,401.12,1648500
2026-04-21,405.0,407.68,394.2,403.03,403.03,2182000
2026-04-22,409.73,411.3,400.53,401.74,401.74,1570900
2026-04-23,400.9,412.46,388.97,391.6,391.6,1873700
2026-04-24,405.0,420.63,403.0,410.21,410.21,2031200
2026-04-27,421.15,423.25,400.01,422.21,422.21,3390200
2026-04-28,356.51,392.7,350.01,361.54,361.54,5607000
2026-04-29,372.49,377.01,358.73,376.54,376.54,3156100
2026-04-30,394.86,411.23,383.56,409.59,409.59,3392400
2026-05-01,407.0,426.55,401.0,418.93,418.93,2339600
2026-05-04,423.44,426.4,407.72,420.73,420.73,1740900
2026-05-05,424.8,435.0,416.0,417.66,417.66,1823300
2026-05-06,428.0,429.31,398.22,413.87,413.87,2265400
2026-05-07,411.0,411.0,375.0,385.21,385.21,3171300
2026-05-08,389.36,395.0,373.53,375.55,375.55,2539900
2026-05-11,374.71,391.4,370.54,380.99,380.99,1970500
2026-05-12,374.8,377.23,358.51,374.07,374.07,1871500
2026-05-13,380.25,380.25,358.85,372.55,372.55,1776000
2026-05-14,369.5,382.59,365.0,381.59,381.59,1535700
2026-05-15,367.53,367.53,357.55,358.55,358.55,1904100
2026-05-18,357.0,361.35,333.11,342.67,342.67,2161800
2026-05-19,333.74,347.91,324.5,339.13,339.13,2213800
2026-05-20,347.41,358.15,344.0,346.48,346.48,1718500
2026-05-21,342.16,354.77,342.0,354.77,354.77,1416500
2026-05-22,360.6,368.83,346.0,367.37,367.37,1750000
2026-05-26,381.05,381.05,366.61,370.84,370.84,2164500
2026-05-27,370.51,371.08,354.06,357.7,357.7,2060200
2026-05-28,356.11,361.09,340.0,351.02,351.02,2499500
2026-05-29,357.84,387.43,351.52,385.39,385.39,3148300
2026-06-01,385.34,427.96,381.85,426.55,426.55,3449900
2026-06-02,440.07,474.03,437.5,472.4,472.4,4081200
2026-06-03,465.65,469.46,441.49,458.14,458.14,2285600
2026-06-04,419.7,427.15,401.08,425.36,425.36,2889600
2026-06-05,412.06,412.94,367.0,371.71,371.71,3570200
2026-06-08,389.9,389.9,374.02,386.5,386.5,2233400
2026-06-09,385.0,391.5,344.9,371.86,371.86,2384200
2026-06-10,362.85,381.0,358.51,362.92,362.92,1272100
2026-06-11,365.93,387.59,362.49,385.86,385.86,1733300
2026-06-12,387.53,398.48,380.0,393.12,393.12,1169900
2026-06-15,408.0,414.13,393.73,403.45,403.45,1546900
2026-06-16,403.0,405.62,381.36,382.01,382.01,1279600
2026-06-17,389.23,392.47,377.45,380.37,380.37,1197200
2026-06-18,391.32,393.56,372.06,372.55,372.55,2079700
2026-06-22,372.44,378.38,359.4,376.84,376.84,1927700
2026-06-23,353.7,357.54,346.52,351.2,351.2,1914800
2026-06-24,351.0,376.54,347.57,362.24,362.24,2720400
2026-06-25,374.17,374.17,349.0,361.4,361.4,2514000
2026-06-26,351.39,353.08,336.54,337.53,337.53,1432400
2026-06-29,339.78,344.36,322.25,343.25,343.25,1925500
2026-06-30,345.34,365.67,343.18,364.8,364.8,1770200
2026-07-01,348.01,362.78,336.68,361.62,361.62,1312800
2026-07-02,354.0,362.53,328.5,336.21,336.21,2132800
2026-07-06,340.0,359.77,339.17,350.2,350.2,1506700
2026-07-07,339.9,349.62,330.18,345.06,345.06,1689800
2026-07-08,340.0,361.15,340.0,360.74,360.74,1325100
2026-07-09,373.73,378.0,353.82,354.78,354.78,1488400
2026-07-10,353.98,361.64,347.37,359.85,359.85,1169300
2026-07-13,350.3,364.01,339.14,345.18,345.18,1339500
2026-07-14,353.74,353.82,342.0,345.03,345.03,1256100
2026-07-15,349.7,350.9,322.5,334.77,334.77,1866000
2026-07-16,328.46,329.36,300.8,303.86,303.86,2916300
2026-07-17,293.0,308.83,282.21,301.34,301.34,2117700
2026-07-20,306.04,316.9,304.5,307.34,307.34,1616600
2026-07-21,317.05,342.13,312.46,339.59,339.59,3143800
2026-07-22,331.14,341.66,331.14,335.5,335.5,1345500
2026-07-23,334.27,349.31,331.64,334.75,334.75,2268600
2026-07-24,332.2,332.2,303.72,305.28,305.28,2394600
2026-07-27,306.82,323.55,289.26,318.24,318.24,4979600
2026-07-28,328.0,350.91,317.12,350.2,350.2,7884000
2026-07-29,350.99,351.5,317.61,328.43,328.43,4199900
2026-07-30,346.95,357.97,344.25,352.59,352.59,3640700
2026-07-31,364.53,374.5,330.13,331.44,331.44,3420400
2026-08-03,321.48,345.44,312.59,341.91,341.91,2383600
2026-08-04,355.21,374.59,344.35,371.15,371.15,3078100
2026-08-05,369.97,378.99,361.62,362.76,362.76,1813500
2026-08-06,311.0,325.76,307.0,314.53,314.53,8762900
2026-08-07,315.0,319.48,305.75,317.83,317.83,3329300
2026-08-10,320.0,329.37,314.47,314.59,314.59,2298400
2026-08-11,319.0,319.08,309.5,310.38,310.38,2243700
2026-08-12,320.08,339.74,318.63,339.46,339.46,3419000
2026-08-13,336.75,365.52,335.01,347.63,347.63,3511400
2026-08-14,349.63,353.31,333.43,335.05,335.05,2443400
2026-08-17,337.58,346.24,335.63,340.4,340.4,2164000
2026-08-18,330.37,331.13,308.52,310.59,310.59,3315400
2026-08-19,311.99,314.26,292.5,301.36,301.36,2695300
2026-08-20,301.0,304.16,294.56,302.0,302.0,1565500
2026-08-21,304.6,306.0,292.64,296.55,296.55,1676900
2026-08-24,298.63,299.0,284.55,294.57,294.57,1651400
2026-08-25,303.83,307.34,298.46,306.86,306.86,1748900
2026-08-26,305.21,313.11,303.19,307.32,307.32,1515500
2026-08-27,316.56,325.82,313.6,317.38,317.38,1897200
2026-08-28,315.0,316.0,298.53,298.7,298.7,1850000
2026-08-31,299.71,302.08,296.42,299.4,299.4,1271200
2026-09-01,293.88,296.98,287.5,292.59,292.59,1437400
2026-09-02,291.24,291.75,273.8,277.77,277.77,3252600
2026-09-03,282.64,314.09,280.7,309.84,309.84,3895000
2026-09-04,316.3,318.41,308.3,312.35,312.35,2165700
2026-09-08,318.37,336.58,317.31,329.97,329.97,2982000
2026-09-09,333.5,346.72,331.64,333.6,333.6,2871300
2026-09-10,324.92,335.9,322.07,325.22,325.22,1301200
2026-09-11,329.05,353.0,324.1,346.55,346.55,2556700
2026-09-14,323.15,325.21,313.0,316.08,316.08,2383500
2026-09-15,317.69,324.89,313.6,316.81,316.81,1581400
2026-09-16,320.2,329.96,318.0,323.83,323.83,1707000
2026-09-17,337.75,353.96,329.52,329.94,329.94,2079700
2026-09-18,332.06,339.9,328.92,332.63,332.63,2050900
2026-09-21,341.45,348.0,333.1,344.4,344.4,2000000
2026-09-22,342.49,359.05,341.5,356.09,356.09,2114362
2026-09-23,356.02,367.8999,354.37,361.84,361.84,2273282
