date,open,high,low,close,adj_close,volume
2015-01-02,6652.7998,6868.7998,6436.7998,6825.6001,6825.6001,713
2015-01-05,6782.3999,6868.7998,6480.0,6609.6001,6609.6001,709
2015-01-06,6566.3999,6652.7998,6091.2002,6264.0,6264.0,1243
2015-01-07,6264.0,6393.6001,6091.2002,6220.7998,6220.7998,623
2015-01-08,6264.0,6393.6001,6177.6001,6350.3999,6350.3999,447
2015-01-09,6393.6001,6393.6001,6177.6001,6177.6001,6177.6001,481
2015-01-12,6134.3999,6307.2002,5875.2002,6048.0,6048.0,871
2015-01-13,6048.0,6177.6001,5745.6001,5875.2002,5875.2002,634
2015-01-14,5745.6001,5832.0,5270.3999,5400.0,5400.0,1915
2015-01-15,5572.7998,5616.0,4536.0,4752.0,4752.0,2641
2015-01-16,4924.7998,4968.0,4579.2002,4924.7998,4924.7998,1290
2015-01-20,5054.3999,5097.6001,4665.6001,4708.7998,4708.7998,1193
2015-01-21,4708.7998,4924.7998,4708.7998,4838.3999,4838.3999,718
2015-01-22,4881.6001,5011.2002,4665.6001,4838.3999,4838.3999,1484
2015-01-23,4924.7998,4924.7998,4752.0,4838.3999,4838.3999,504
2015-01-26,5011.2002,5572.7998,4968.0,5486.3999,5486.3999,1713
2015-01-27,5486.3999,5961.6001,5356.7998,5788.7998,5788.7998,1383
2015-01-28,5875.2002,5875.2002,5270.3999,5356.7998,5356.7998,1370
2015-01-29,5356.7998,5443.2002,5054.3999,5356.7998,5356.7998,701
2015-01-30,5270.3999,5443.2002,5184.0,5184.0,5184.0,512
2015-02-02,5184.0,5270.3999,4924.7998,5097.6001,5097.6001,819
2015-02-03,5140.7998,5443.2002,5140.7998,5443.2002,5443.2002,755
2015-02-04,5313.6001,5443.2002,5270.3999,5313.6001,5313.6001,354
2015-02-05,5356.7998,5443.2002,5313.6001,5400.0,5400.0,378
2015-02-06,5400.0,5486.3999,5313.6001,5356.7998,5356.7998,448
2015-02-09,5356.7998,5443.2002,5313.6001,5356.7998,5356.7998,399
2015-02-10,5400.0,5486.3999,5356.7998,5486.3999,5486.3999,639
2015-02-11,5616.0,6048.0,5616.0,5745.6001,5745.6001,1950
2015-02-12,5918.3999,6048.0,5616.0,5659.2002,5659.2002,855
2015-02-13,5875.2002,5875.2002,5529.6001,5659.2002,5659.2002,552
2015-02-17,5616.0,5659.2002,5486.3999,5572.7998,5572.7998,446
2015-02-18,5529.6001,5616.0,5486.3999,5486.3999,5486.3999,374
2015-02-19,5486.3999,5702.3999,5443.2002,5572.7998,5572.7998,532
2015-02-20,5572.7998,5788.7998,5529.6001,5745.6001,5745.6001,515
2015-02-23,5832.0,5875.2002,5659.2002,5659.2002,5659.2002,772
2015-02-24,5659.2002,5745.6001,5572.7998,5659.2002,5659.2002,502
2015-02-25,5616.0,5702.3999,5443.2002,5486.3999,5486.3999,565
2015-02-26,5400.0,5486.3999,5356.7998,5400.0,5400.0,463
2015-02-27,5400.0,5745.6001,5400.0,5659.2002,5659.2002,678
2015-03-02,5659.2002,5745.6001,5529.6001,5745.6001,5745.6001,1020
2015-03-03,5702.3999,5702.3999,5529.6001,5529.6001,5529.6001,629
2015-03-04,5529.6001,5616.0,5443.2002,5529.6001,5529.6001,523
2015-03-05,5572.7998,5745.6001,5529.6001,5702.3999,5702.3999,1391
2015-03-06,5702.3999,6264.0,5659.2002,6091.2002,6091.2002,2857
2015-03-09,6220.7998,6220.7998,5529.6001,5616.0,5616.0,1441
2015-03-10,5616.0,5702.3999,5486.3999,5529.6001,5529.6001,1142
2015-03-11,5659.2002,6004.7998,5486.3999,5659.2002,5659.2002,1188
2015-03-12,5745.6001,5745.6001,5486.3999,5529.6001,5529.6001,739
2015-03-13,5529.6001,5616.0,5313.6001,5356.7998,5356.7998,1260
2015-03-16,5400.0,5616.0,5227.2002,5529.6001,5529.6001,1323
2015-03-17,5400.0,5486.3999,5227.2002,5270.3999,5270.3999,608
2015-03-18,5356.7998,5443.2002,5270.3999,5356.7998,5356.7998,393
2015-03-19,5443.2002,5832.0,5356.7998,5659.2002,5659.2002,1239
2015-03-20,5659.2002,5788.7998,5443.2002,5616.0,5616.0,846
2015-03-23,5572.7998,5702.3999,5529.6001,5659.2002,5659.2002,420
2015-03-24,5616.0,5659.2002,5529.6001,5572.7998,5572.7998,357
2015-03-25,5572.7998,5616.0,5313.6001,5356.7998,5356.7998,1152
2015-03-26,5443.2002,5486.3999,5313.6001,5356.7998,5356.7998,576
2015-03-27,5400.0,5443.2002,5227.2002,5356.7998,5356.7998,770
2015-03-30,5356.7998,5400.0,5140.7998,5313.6001,5313.6001,1087
2015-03-31,5313.6001,5443.2002,5270.3999,5400.0,5400.0,654
2015-04-01,5313.6001,5400.0,5227.2002,5400.0,5400.0,477
2015-04-02,5400.0,5572.7998,5313.6001,5486.3999,5486.3999,987
2015-04-06,5572.7998,5832.0,5486.3999,5745.6001,5745.6001,935
2015-04-07,5832.0,5875.2002,5529.6001,5572.7998,5572.7998,539
2015-04-08,5616.0,5702.3999,5572.7998,5659.2002,5659.2002,455
2015-04-09,5616.0,5702.3999,5529.6001,5616.0,5616.0,424
2015-04-10,5659.2002,5702.3999,5486.3999,5529.6001,5529.6001,459
2015-04-13,5616.0,5659.2002,5529.6001,5529.6001,5529.6001,548
2015-04-14,5572.7998,5702.3999,5572.7998,5572.7998,5572.7998,347
2015-04-15,5616.0,5659.2002,5486.3999,5529.6001,5529.6001,502
2015-04-16,5529.6001,5572.7998,5400.0,5443.2002,5443.2002,377
2015-04-17,5529.6001,5702.3999,5486.3999,5529.6001,5529.6001,928
2015-04-20,5702.3999,5788.7998,5529.6001,5745.6001,5745.6001,2007
2015-04-21,5832.0,5832.0,5659.2002,5659.2002,5659.2002,566
2015-04-22,5702.3999,5788.7998,5529.6001,5616.0,5616.0,1377
2015-04-23,5616.0,5659.2002,5572.7998,5659.2002,5659.2002,329
2015-04-24,5659.2002,5702.3999,5616.0,5616.0,5616.0,250
2015-04-27,5616.0,5659.2002,5529.6001,5572.7998,5572.7998,388
2015-04-28,5529.6001,5616.0,5443.2002,5486.3999,5486.3999,879
2015-04-29,5443.2002,5529.6001,5400.0,5443.2002,5443.2002,392
2015-04-30,5443.2002,5486.3999,5270.3999,5313.6001,5313.6001,768
2015-05-01,5270.3999,5356.7998,5270.3999,5356.7998,5356.7998,468
2015-05-04,5356.7998,5356.7998,5270.3999,5270.3999,5270.3999,344
2015-05-05,5400.0,5659.2002,5400.0,5400.0,5400.0,886
2015-05-06,5356.7998,5443.2002,5270.3999,5356.7998,5356.7998,602
2015-05-07,5313.6001,5486.3999,5270.3999,5313.6001,5313.6001,950
2015-05-08,5313.6001,5356.7998,5227.2002,5227.2002,5227.2002,587
2015-05-11,5227.2002,5400.0,5227.2002,5356.7998,5356.7998,491
2015-05-12,5356.7998,5486.3999,5270.3999,5400.0,5400.0,765
2015-05-13,5400.0,5486.3999,5356.7998,5356.7998,5356.7998,1033
2015-05-14,5443.2002,5529.6001,5400.0,5443.2002,5443.2002,1138
2015-05-15,5443.2002,5486.3999,5270.3999,5313.6001,5313.6001,654
2015-05-18,5356.7998,5356.7998,5227.2002,5270.3999,5270.3999,472
2015-05-19,5270.3999,5313.6001,5184.0,5184.0,5184.0,498
2015-05-20,5184.0,5227.2002,5011.2002,5011.2002,5011.2002,774
2015-05-21,4968.0,5097.6001,4968.0,5097.6001,5097.6001,629
2015-05-22,5140.7998,5140.7998,5011.2002,5054.3999,5054.3999,468
2015-05-26,5011.2002,5011.2002,4838.3999,4924.7998,4924.7998,682
2015-05-27,4968.0,5184.0,4968.0,5184.0,5184.0,952
2015-05-28,5270.3999,5313.6001,5054.3999,5270.3999,5270.3999,763
2015-05-29,5313.6001,5356.7998,5227.2002,5313.6001,5313.6001,437
2015-06-01,5313.6001,5313.6001,5097.6001,5097.6001,5097.6001,449
2015-06-02,5140.7998,5400.0,5097.6001,5313.6001,5313.6001,716
2015-06-03,5356.7998,5356.7998,5184.0,5313.6001,5313.6001,507
2015-06-04,5313.6001,5356.7998,5227.2002,5270.3999,5270.3999,296
2015-06-05,5270.3999,5313.6001,5140.7998,5270.3999,5270.3999,342
2015-06-08,5356.7998,5356.7998,5184.0,5227.2002,5227.2002,723
2015-06-09,4752.0,5054.3999,4665.6001,4968.0,4968.0,1373
2015-06-10,4968.0,5011.2002,4795.2002,4838.3999,4838.3999,781
2015-06-11,4795.2002,4838.3999,4708.7998,4795.2002,4795.2002,737
2015-06-12,4752.0,4795.2002,4708.7998,4752.0,4752.0,541
2015-06-15,4752.0,4752.0,4622.3999,4665.6001,4665.6001,483
2015-06-16,4579.2002,4622.3999,4449.6001,4536.0,4536.0,1146
2015-06-17,4492.7998,4579.2002,4492.7998,4579.2002,4579.2002,300
2015-06-18,4536.0,4665.6001,4536.0,4622.3999,4622.3999,450
2015-06-19,4665.6001,4665.6001,4449.6001,4449.6001,4449.6001,780
2015-06-22,4406.3999,4492.7998,4104.0,4104.0,4104.0,1830
2015-06-23,4104.0,4190.3999,3715.2,4147.2002,4147.2002,1929
2015-06-24,4104.0,4190.3999,3974.3999,4104.0,4104.0,532
2015-06-25,4147.2002,4363.2002,4060.8,4320.0,4320.0,689
2015-06-26,4276.7998,4579.2002,4276.7998,4449.6001,4449.6001,1335
2015-06-29,4363.2002,4536.0,4104.0,4363.2002,4363.2002,1202
2015-06-30,4320.0,4449.6001,4190.3999,4233.6001,4233.6001,510
2015-07-01,4147.2002,4406.3999,3974.3999,4017.6001,4017.6001,664
2015-07-02,4060.8,4147.2002,3801.6001,3931.2,3931.2,893
2015-07-06,3888.0,4017.6001,3758.3999,3888.0,3888.0,704
2015-07-07,3974.3999,4017.6001,3844.8,3974.3999,3974.3999,552
2015-07-08,3974.3999,4017.6001,3888.0,3931.2,3931.2,456
2015-07-09,3888.0,4060.8,3844.8,3888.0,3888.0,536
2015-07-10,3931.2,4017.6001,3801.6001,3801.6001,3801.6001,611
2015-07-13,3801.6001,4060.8,3801.6001,3931.2,3931.2,869
2015-07-14,3888.0,4104.0,3888.0,4017.6001,4017.6001,351
2015-07-15,4060.8,4060.8,3888.0,3931.2,3931.2,283
2015-07-16,3974.3999,4060.8,3931.2,3974.3999,3974.3999,312
2015-07-17,3931.2,4017.6001,3888.0,3974.3999,3974.3999,308
2015-07-20,4017.6001,4017.6001,3844.8,3888.0,3888.0,593
2015-07-21,3931.2,3974.3999,3844.8,3844.8,3844.8,257
2015-07-22,3844.8,3888.0,3801.6001,3844.8,3844.8,269
2015-07-23,3888.0,3888.0,3758.3999,3758.3999,3758.3999,403
2015-07-24,3715.2,3801.6001,3542.3999,3628.8,3628.8,588
2015-07-27,3628.8,3672.0,3499.2,3542.3999,3542.3999,361
2015-07-28,3499.2,3758.3999,3499.2,3672.0,3672.0,325
2015-07-29,3628.8,3844.8,3628.8,3844.8,3844.8,389
2015-07-30,3888.0,4017.6001,3628.8,3628.8,3628.8,367
2015-07-31,3628.8,3801.6001,3585.6001,3628.8,3628.8,322
2015-08-03,3542.3999,3672.0,3499.2,3499.2,3499.2,477
2015-08-04,3542.3999,3672.0,3369.6001,3456.0,3456.0,538
2015-08-05,3412.8,3585.6001,3240.0,3283.2,3283.2,765
2015-08-06,3240.0,3369.6001,3024.0,3153.6001,3153.6001,598
2015-08-07,3153.6001,3240.0,2937.6001,2980.8,2980.8,608
2015-08-10,3110.3999,3844.8,3110.3999,3844.8,3844.8,1269
2015-08-11,3758.3999,3801.6001,3456.0,3585.6001,3585.6001,428
2015-08-12,3456.0,3628.8,3369.6001,3628.8,3628.8,352
2015-08-13,3542.3999,3715.2,3456.0,3499.2,3499.2,110
2015-08-14,3456.0,3628.8,3456.0,3499.2,3499.2,159
2015-08-17,3499.2,3585.6001,3412.8,3456.0,3456.0,169
2015-08-18,3369.6001,3628.8,3326.3999,3585.6001,3585.6001,165
2015-08-19,3585.6001,3672.0,3456.0,3542.3999,3542.3999,278
2015-08-20,3542.3999,3585.6001,3326.3999,3369.6001,3369.6001,272
2015-08-21,3283.2,3369.6001,3067.2,3196.8,3196.8,449
2015-08-24,2808.0,3153.6001,2764.8,3024.0,3024.0,424
2015-08-25,3240.0,3369.6001,3110.3999,3196.8,3196.8,477
2015-08-26,3196.8,3412.8,3067.2,3153.6001,3153.6001,216
2015-08-27,3196.8,3240.0,3024.0,3196.8,3196.8,382
2015-08-28,3153.6001,3542.3999,3153.6001,3456.0,3456.0,504
2015-08-31,3499.2,3585.6001,3412.8,3585.6001,3585.6001,235
2015-09-01,3672.0,4104.0,3628.8,3628.8,3628.8,944
2015-09-02,3672.0,3801.6001,3499.2,3801.6001,3801.6001,307
2015-09-03,3888.0,3974.3999,3672.0,3715.2,3715.2,270
2015-09-04,3672.0,3931.2,3672.0,3931.2,3931.2,213
2015-09-08,4017.6001,4017.6001,3844.8,3888.0,3888.0,390
2015-09-09,3931.2,4233.6001,3844.8,4017.6001,4017.6001,737
2015-09-10,4017.6001,4320.0,3888.0,4147.2002,4147.2002,513
2015-09-11,4190.3999,4190.3999,3974.3999,4060.8,4060.8,341
2015-09-14,4104.0,4147.2002,3844.8,3974.3999,3974.3999,337
2015-09-15,3974.3999,3974.3999,3844.8,3931.2,3931.2,254
2015-09-16,3931.2,4060.8,3801.6001,4017.6001,4017.6001,325
2015-09-17,4060.8,4060.8,3888.0,3974.3999,3974.3999,243
2015-09-18,3974.3999,4060.8,3715.2,3715.2,3715.2,411
2015-09-21,3801.6001,3888.0,3672.0,3672.0,3672.0,360
2015-09-22,3715.2,3715.2,3456.0,3542.3999,3542.3999,386
2015-09-23,3628.8,3628.8,3240.0,3326.3999,3326.3999,485
2015-09-24,3326.3999,3326.3999,3110.3999,3153.6001,3153.6001,546
2015-09-25,3240.0,3326.3999,2980.8,3024.0,3024.0,588
2015-09-28,3024.0,3283.2,2980.8,3196.8,3196.8,547
2015-09-29,3240.0,3283.2,2894.3999,2894.3999,2894.3999,1265
2015-09-30,2980.8,3196.8,2937.6001,3196.8,3196.8,471
2015-10-01,3196.8,3283.2,3024.0,3067.2,3067.2,262
2015-10-02,3067.2,3153.6001,2980.8,3153.6001,3153.6001,284
2015-10-05,3240.0,3628.8,3240.0,3628.8,3628.8,854
2015-10-06,3628.8,3844.8,3499.2,3715.2,3715.2,672
2015-10-07,3758.3999,4104.0,3672.0,4060.8,4060.8,1088
2015-10-08,4104.0,4104.0,3888.0,3974.3999,3974.3999,457
2015-10-09,3974.3999,4104.0,3974.3999,3974.3999,3974.3999,464
2015-10-12,3931.2,4060.8,3758.3999,3801.6001,3801.6001,349
2015-10-13,3715.2,3844.8,3585.6001,3672.0,3672.0,307
2015-10-14,3672.0,3801.6001,3628.8,3715.2,3715.2,288
2015-10-15,3801.6001,3888.0,3758.3999,3888.0,3888.0,252
2015-10-16,3931.2,4060.8,3801.6001,3844.8,3844.8,438
2015-10-19,3801.6001,3844.8,3672.0,3758.3999,3758.3999,294
2015-10-20,3715.2,3758.3999,3585.6001,3585.6001,3585.6001,339
2015-10-21,3628.8,3628.8,3456.0,3456.0,3456.0,281
2015-10-22,3456.0,3715.2,3412.8,3672.0,3672.0,334
2015-10-23,3672.0,3715.2,3542.3999,3585.6001,3585.6001,235
2015-10-26,3585.6001,3672.0,3542.3999,3585.6001,3585.6001,208
2015-10-27,3542.3999,3585.6001,3326.3999,3369.6001,3369.6001,768
2015-10-28,3628.8,3758.3999,3542.3999,3715.2,3715.2,451
2015-10-29,3715.2,3758.3999,3585.6001,3585.6001,3585.6001,189
2015-10-30,3628.8,3844.8,3499.2,3801.6001,3801.6001,465
2015-11-02,3888.0,4104.0,3844.8,3931.2,3931.2,724
2015-11-03,3974.3999,4233.6001,3974.3999,4060.8,4060.8,860
2015-11-04,4233.6001,4406.3999,4017.6001,4147.2002,4147.2002,572
2015-11-05,4147.2002,4233.6001,3931.2,3931.2,3931.2,281
2015-11-06,3974.3999,4060.8,3758.3999,4060.8,4060.8,421
2015-11-09,4060.8,4104.0,3758.3999,3844.8,3844.8,406
2015-11-10,3844.8,3931.2,3499.2,3628.8,3628.8,389
2015-11-11,3758.3999,3758.3999,3499.2,3585.6001,3585.6001,321
2015-11-12,3628.8,3628.8,3499.2,3499.2,3499.2,292
2015-11-13,3499.2,3628.8,3456.0,3499.2,3499.2,228
2015-11-16,3542.3999,3672.0,3412.8,3456.0,3456.0,403
2015-11-17,3499.2,3585.6001,3326.3999,3326.3999,3326.3999,349
2015-11-18,3326.3999,3412.8,3240.0,3369.6001,3369.6001,475
2015-11-19,3369.6001,3412.8,3240.0,3283.2,3283.2,371
2015-11-20,3412.8,3499.2,3326.3999,3412.8,3412.8,664
2015-11-23,3456.0,3585.6001,3369.6001,3499.2,3499.2,298
2015-11-24,3499.2,3672.0,3499.2,3672.0,3672.0,188
2015-11-25,3715.2,3758.3999,3628.8,3628.8,3628.8,237
2015-11-27,3499.2,3715.2,3456.0,3672.0,3672.0,152
2015-11-30,3715.2,3844.8,3672.0,3715.2,3715.2,430
2015-12-01,3758.3999,3801.6001,3672.0,3758.3999,3758.3999,216
2015-12-02,3844.8,3844.8,3672.0,3758.3999,3758.3999,209
2015-12-03,3715.2,3844.8,3542.3999,3542.3999,3542.3999,422
2015-12-04,3373.2,3416.3999,2808.0,2898.0,2898.0,2742
2015-12-07,2912.3999,2916.0,2808.0,2829.6001,2829.6001,1125
2015-12-08,2728.8,2790.0,2203.2,2412.0,2412.0,4322
2015-12-09,2343.6001,2646.0,2296.8,2541.6001,2541.6001,2353
2015-12-10,2476.8,2541.6001,2419.2,2462.3999,2462.3999,1199
2015-12-11,2448.0,2448.0,2304.0,2332.8,2332.8,1399
2015-12-14,2336.3999,2473.2,2282.3999,2296.8,2296.8,1158
2015-12-15,2307.6001,2358.0,1983.6,1994.4,1994.4,3706
2015-12-16,2016.0,2160.0,1933.2,1965.6,1965.6,2662
2015-12-17,1962.0,2095.2,1882.8,2048.3999,2048.3999,1824
2015-12-18,2066.3999,2098.8,1965.6,1998.0,1998.0,1992
2015-12-21,2034.0,2088.0,1940.4,2026.8,2026.8,1676
2015-12-22,2044.8,2052.0,1954.8,1976.4,1976.4,948
2015-12-23,1987.2,2052.0,1965.6,1983.6,1983.6,1260
2015-12-24,1965.6,2019.6,1908.0,1972.8,1972.8,1272
2015-12-28,1944.0,1972.8,1890.0,1897.2,1897.2,1264
2015-12-29,1908.0,1965.6,1832.4,1882.8,1882.8,1328
2015-12-30,1857.6,1929.6,1821.6,1846.8,1846.8,1344
2015-12-31,1825.2,1836.0,1764.0,1785.6,1785.6,2078
2016-01-04,1980.0,2070.0,1814.4,2008.8,2008.8,6090
2016-01-05,2052.0,2224.8,2052.0,2116.8,2116.8,5232
2016-01-06,2138.3999,2275.2,2131.2,2221.2,2221.2,2438
2016-01-07,2170.8,2170.8,1890.0,1915.2,1915.2,2538
2016-01-08,2268.0,2538.0,2156.3999,2217.6001,2217.6001,8546
2016-01-11,2401.2,2426.3999,2073.6001,2116.8,2116.8,3739
2016-01-12,2124.0,2196.0,1926.0,1980.0,1980.0,2744
2016-01-13,2016.0,2052.0,1818.0,1872.0,1872.0,2336
2016-01-14,1872.0,1915.2,1764.0,1843.2,1843.2,2234
2016-01-15,1746.0,1818.0,1684.8,1774.8,1774.8,2165
2016-01-19,1803.6,1936.8,1695.6,1782.0,1782.0,1744
2016-01-20,1749.6,1800.0,1623.6,1771.2,1771.2,1984
2016-01-21,1764.0,1872.0,1706.4,1807.2,1807.2,1356
2016-01-22,1832.4,1918.8,1810.8,1908.0,1908.0,1372
2016-01-25,1890.0,1926.0,1803.6,1818.0,1818.0,1009
2016-01-26,1832.4,1908.0,1800.0,1879.2,1879.2,1218
2016-01-27,1893.6,1947.6,1854.0,1882.8,1882.8,1101
2016-01-28,1918.8,1944.0,1843.2,1875.6,1875.6,1289
2016-01-29,1875.6,1976.4,1868.4,1918.8,1918.8,1529
2016-02-01,1944.0,2008.8,1854.0,1900.8,1900.8,1614
2016-02-02,1890.0,1890.0,1800.0,1821.6,1821.6,1499
2016-02-03,1828.8,1854.0,1742.4,1832.4,1832.4,1006
2016-02-04,1810.8,1940.4,1807.2,1868.4,1868.4,1092
2016-02-05,1839.6,1886.4,1728.0,1825.2,1825.2,1246
2016-02-08,1800.0,1800.0,1731.6,1774.8,1774.8,1209
2016-02-09,1764.0,1774.8,1702.8,1731.6,1731.6,1012
2016-02-10,1728.0,1800.0,1710.0,1720.8,1720.8,698
2016-02-11,1731.6,1753.2,1656.0,1692.0,1692.0,978
2016-02-12,1731.6,1742.4,1641.6,1720.8,1720.8,1028
2016-02-16,1756.8,1800.0,1713.6,1792.8,1792.8,738
2016-02-17,1800.0,1886.4,1796.4,1861.2,1861.2,1323
2016-02-18,1872.0,1893.6,1782.0,1861.2,1861.2,829
2016-02-19,1854.0,1854.0,1760.4,1789.2,1789.2,799
2016-02-22,1821.6,1864.8,1800.0,1850.4,1850.4,1200
2016-02-23,1800.0,1836.0,1764.0,1774.8,1774.8,1017
2016-02-24,1764.0,1854.0,1728.0,1843.2,1843.2,869
2016-02-25,1825.2,1836.0,1778.4,1807.2,1807.2,884
2016-02-26,1810.8,1951.2,1782.0,1922.4,1922.4,1834
2016-02-29,1922.4,2131.2,1915.2,2055.6001,2055.6001,3180
2016-03-01,2088.0,2091.6001,1969.2,2026.8,2026.8,1690
2016-03-02,1983.6,2192.3999,1980.0,2167.2,2167.2,2045
2016-03-03,2167.2,2408.3999,2142.0,2322.0,2322.0,2309
2016-03-04,2343.6001,2473.2,2278.8,2300.3999,2300.3999,2316
2016-03-07,2325.6001,2448.0,2325.6001,2448.0,2448.0,1893
2016-03-08,2455.2,2484.0,2253.6001,2307.6001,2307.6001,2665
2016-03-09,2466.0,2556.0,2340.0,2545.2,2545.2,3913
2016-03-10,2296.8,2520.0,2203.2,2235.6001,2235.6001,4188
2016-03-11,2268.0,2289.6001,2196.0,2289.6001,2289.6001,1579
2016-03-14,2340.0,2674.8,2311.2,2606.3999,2606.3999,4621
2016-03-15,2617.2,2664.0,2455.2,2545.2,2545.2,1804
2016-03-16,2548.8,2682.0,2523.6001,2592.0,2592.0,1768
2016-03-17,2599.2,2790.0,2599.2,2779.2,2779.2,2538
2016-03-18,2818.8,2908.8,2793.6001,2876.3999,2876.3999,3058
2016-03-21,2775.6001,2826.0,2664.0,2718.0,2718.0,2234
2016-03-22,2692.8,2804.3999,2667.6001,2685.6001,2685.6001,1454
2016-03-23,2692.8,2750.3999,2466.0,2466.0,2466.0,2358
2016-03-24,2448.0,2520.0,2347.2,2498.3999,2498.3999,1226
2016-03-28,2516.3999,2556.0,2394.0,2437.2,2437.2,1081
2016-03-29,2415.6001,2556.0,2347.2,2516.3999,2516.3999,1678
2016-03-30,2505.6001,2545.2,2383.2,2419.2,2419.2,979
2016-03-31,2386.8,2455.2,2350.8,2437.2,2437.2,863
2016-04-01,2394.0,2397.6001,2340.0,2361.6001,2361.6001,809
2016-04-04,2347.2,2440.8,2340.0,2365.2,2365.2,830
2016-04-05,2340.0,2394.0,2296.8,2358.0,2358.0,1139
2016-04-06,2343.6001,2404.8,2304.0,2390.3999,2390.3999,903
2016-04-07,2368.8,2404.8,2293.2,2318.3999,2318.3999,685
2016-04-08,2332.8,2419.2,2296.8,2322.0,2322.0,1301
2016-04-11,2419.2,2455.2,2347.2,2415.6001,2415.6001,1614
2016-04-12,2448.0,2592.0,2383.2,2559.6001,2559.6001,1890
2016-04-13,2566.8,2646.0,2491.2,2610.0,2610.0,1384
2016-04-14,2556.0,2592.0,2523.6001,2559.6001,2559.6001,848
2016-04-15,2534.3999,2538.0,2491.2,2505.6001,2505.6001,700
2016-04-18,2476.8,2574.0,2415.6001,2505.6001,2505.6001,1006
2016-04-19,2541.6001,2556.0,2419.2,2455.2,2455.2,1187
2016-04-20,2444.3999,2491.2,2419.2,2440.8,2440.8,850
2016-04-21,2458.8,2505.6001,2394.0,2422.8,2422.8,889
2016-04-22,2412.0,2494.8,2394.0,2455.2,2455.2,774
2016-04-25,2430.0,2476.8,2350.8,2368.8,2368.8,923
2016-04-26,2358.0,2440.8,2358.0,2390.3999,2390.3999,703
2016-04-27,2397.6001,2419.2,2332.8,2350.8,2350.8,853
2016-04-28,2329.2,2361.6001,2275.2,2286.0,2286.0,831
2016-04-29,2293.2,2311.2,2091.6001,2145.6001,2145.6001,2148
2016-05-02,2145.6001,2311.2,2106.0,2188.8,2188.8,2124
2016-05-03,2160.0,2196.0,2034.0,2044.8,2044.8,1552
2016-05-04,2016.0,2084.3999,1936.8,2008.8,2008.8,1529
2016-05-05,2412.0,2422.8,2095.2,2120.3999,2120.3999,5695
2016-05-06,2149.2,2188.8,2034.0,2048.3999,2048.3999,1715
2016-05-09,2098.8,2106.0,1998.0,2037.6,2037.6,1081
2016-05-10,2052.0,2145.6001,2012.4,2145.6001,2145.6001,1316
2016-05-11,2163.6001,2163.6001,2091.6001,2102.3999,2102.3999,893
2016-05-12,2109.6001,2160.0,2034.0,2109.6001,2109.6001,1114
2016-05-13,2088.0,2160.0,2052.0,2152.8,2152.8,1278
2016-05-16,2163.6001,2250.0,2138.3999,2235.6001,2235.6001,1533
2016-05-17,2246.3999,2286.0,2196.0,2264.3999,2264.3999,1336
2016-05-18,2246.3999,2253.6001,2163.6001,2192.3999,2192.3999,868
2016-05-19,2170.8,2242.8,2116.8,2145.6001,2145.6001,826
2016-05-20,2156.3999,2250.0,2152.8,2224.8,2224.8,903
2016-05-23,2221.2,2260.8,2206.8,2214.0,2214.0,757
2016-05-24,2217.6001,2271.6001,2210.3999,2210.3999,2210.3999,726
2016-05-25,2214.0,2332.8,2214.0,2311.2,2311.2,1386
2016-05-26,2336.3999,2404.8,2300.3999,2307.6001,2307.6001,1022
2016-05-27,2307.6001,2448.0,2307.6001,2444.3999,2444.3999,1219
2016-05-31,2484.0,2797.2,2458.8,2754.0,2754.0,4177
2016-06-01,2793.6001,2916.0,2674.8,2880.0,2880.0,2959
2016-06-02,2894.3999,2984.3999,2782.8,2962.8,2962.8,2243
2016-06-03,2930.3999,2980.8,2901.6001,2959.2,2959.2,1403
2016-06-06,2980.8,3150.0,2970.0,3099.6001,3099.6001,1464
2016-06-07,3146.3999,3196.8,2660.3999,2743.2,2743.2,4041
2016-06-08,2782.8,2880.0,2606.3999,2642.3999,2642.3999,4433
2016-06-09,2455.2,2502.0,2170.8,2203.2,2203.2,6688
2016-06-10,2192.3999,2206.8,2124.0,2124.0,2124.0,2848
2016-06-13,2127.6001,2131.2,1940.4,1947.6,1947.6,3718
2016-06-14,1933.2,2048.3999,1929.6,1944.0,1944.0,2382
2016-06-15,1980.0,2055.6001,1940.4,1954.8,1954.8,2074
2016-06-16,1929.6,1951.2,1879.2,1915.2,1915.2,2145
2016-06-17,1933.2,2088.0,1926.0,1990.8,1990.8,2571
2016-06-20,2030.4,2109.6001,1929.6,1969.2,1969.2,2427
2016-06-21,1954.8,2030.4,1915.2,1954.8,1954.8,1640
2016-06-22,1954.8,1954.8,1893.6,1918.8,1918.8,1422
2016-06-23,1944.0,1980.0,1904.4,1980.0,1980.0,1432
2016-06-24,1890.0,1951.2,1861.2,1872.0,1872.0,2754
2016-06-27,1854.0,1972.8,1807.2,1962.0,1962.0,1933
2016-06-28,1980.0,2084.3999,1980.0,2084.3999,2084.3999,1705
2016-06-29,2098.8,2268.0,2095.2,2268.0,2268.0,3021
2016-06-30,2260.8,2268.0,2160.0,2239.2,2239.2,1461
2016-07-01,2260.8,2318.3999,2214.0,2293.2,2293.2,1269
2016-07-05,2260.8,2275.2,2055.6001,2138.3999,2138.3999,1888
2016-07-06,2109.6001,2160.0,2055.6001,2102.3999,2102.3999,871
2016-07-07,2116.8,2214.0,2059.2,2098.8,2098.8,2281
2016-07-08,2106.0,2145.6001,2059.2,2062.8,2062.8,1738
2016-07-11,2070.0,2088.0,1980.0,1990.8,1990.8,3501
2016-07-12,2026.8,2030.4,1900.8,1940.4,1940.4,3589
2016-07-13,1947.6,1980.0,1882.8,1911.6,1911.6,2301
2016-07-14,1929.6,1944.0,1890.0,1940.4,1940.4,1720
2016-07-15,1940.4,1962.0,1875.6,1890.0,1890.0,1535
2016-07-18,1900.8,1954.8,1854.0,1940.4,1940.4,1942
2016-07-19,1933.2,1998.0,1882.8,1918.8,1918.8,2705
2016-07-20,1926.0,1983.6,1904.4,1969.2,1969.2,1805
2016-07-21,1962.0,2016.0,1954.8,1972.8,1972.8,3084
2016-07-22,1976.4,1990.8,1940.4,1969.2,1969.2,1186
2016-07-25,1951.2,1983.6,1947.6,1976.4,1976.4,1077
2016-07-26,1976.4,1998.0,1926.0,1951.2,1951.2,1402
2016-07-27,1954.8,1980.0,1929.6,1954.8,1954.8,1060
2016-07-28,1951.2,1972.8,1918.8,1951.2,1951.2,820
2016-07-29,1926.0,1983.6,1926.0,1940.4,1940.4,2618
2016-08-01,1933.2,1947.6,1872.0,1882.8,1882.8,1469
2016-08-02,1882.8,1929.6,1864.8,1872.0,1872.0,908
2016-08-03,1864.8,1872.0,1792.8,1836.0,1836.0,2099
2016-08-04,1839.6,1868.4,1807.2,1825.2,1825.2,928
2016-08-05,1825.2,1911.6,1818.0,1897.2,1897.2,1350
2016-08-08,1900.8,1980.0,1872.0,1944.0,1944.0,1370
2016-08-09,1944.0,1965.6,1864.8,1893.6,1893.6,1116
2016-08-10,1890.0,1929.6,1872.0,1893.6,1893.6,779
2016-08-11,1900.8,1962.0,1872.0,1897.2,1897.2,729
2016-08-12,1893.6,1918.8,1854.0,1872.0,1872.0,776
2016-08-15,1875.6,1940.4,1872.0,1929.6,1929.6,1251
2016-08-16,1918.8,1933.2,1872.0,1886.4,1886.4,1345
2016-08-17,1976.4,1976.4,1875.6,1908.0,1908.0,1308
2016-08-18,1911.6,1940.4,1890.0,1908.0,1908.0,786
2016-08-19,1904.4,1936.8,1875.6,1926.0,1926.0,800
2016-08-22,1915.2,1915.2,1872.0,1882.8,1882.8,869
2016-08-23,1879.2,1944.0,1879.2,1922.4,1922.4,1118
2016-08-24,1918.8,1987.2,1839.6,1857.6,1857.6,2211
2016-08-25,1868.4,1893.6,1843.2,1879.2,1879.2,799
2016-08-26,1879.2,1926.0,1864.8,1893.6,1893.6,814
2016-08-29,1900.8,1933.2,1893.6,1922.4,1922.4,895
2016-08-30,1922.4,1944.0,1893.6,1900.8,1900.8,568
2016-08-31,1886.4,1911.6,1850.4,1857.6,1857.6,963
2016-09-01,1843.2,1857.6,1800.0,1857.6,1857.6,1404
2016-09-02,1879.2,1944.0,1861.2,1900.8,1900.8,951
2016-09-06,1940.4,1983.6,1904.4,1911.6,1911.6,2290
2016-09-07,1976.4,1976.4,1857.6,1897.2,1897.2,2370
2016-09-08,1800.0,1926.0,1756.8,1908.0,1908.0,2896
2016-09-09,1926.0,1944.0,1836.0,1864.8,1864.8,1648
2016-09-12,1861.2,1868.4,1807.2,1846.8,1846.8,1310
2016-09-13,1832.4,1850.4,1785.6,1818.0,1818.0,1620
2016-09-14,1810.8,1832.4,1785.6,1814.4,1814.4,961
2016-09-15,1810.8,1832.4,1800.0,1825.2,1825.2,666
2016-09-16,1821.6,1832.4,1800.0,1818.0,1818.0,1007
2016-09-19,1846.8,1868.4,1821.6,1836.0,1836.0,901
2016-09-20,1836.0,1854.0,1818.0,1828.8,1828.8,451
2016-09-21,1836.0,1940.4,1828.8,1922.4,1922.4,2033
2016-09-22,1936.8,1936.8,1872.0,1908.0,1908.0,1191
2016-09-23,1897.2,1922.4,1875.6,1904.4,1904.4,671
2016-09-26,1904.4,1922.4,1879.2,1897.2,1897.2,835
2016-09-27,1890.0,1922.4,1872.0,1900.8,1900.8,576
2016-09-28,1897.2,1954.8,1882.8,1944.0,1944.0,1673
2016-09-29,1936.8,1998.0,1918.8,1926.0,1926.0,1933
2016-09-30,1936.8,1962.0,1926.0,1951.2,1951.2,828
2016-10-03,1954.8,1976.4,1933.2,1965.6,1965.6,645
2016-10-04,1972.8,2016.0,1951.2,1980.0,1980.0,2000
2016-10-05,1994.4,2041.2,1969.2,1987.2,1987.2,2057
2016-10-06,1983.6,1994.4,1900.8,1954.8,1954.8,1402
2016-10-07,1951.2,1954.8,1879.2,1879.2,1879.2,1023
2016-10-10,1872.0,1962.0,1872.0,1908.0,1908.0,528
2016-10-11,1944.0,1944.0,1818.0,1818.0,1818.0,1504
2016-10-12,1818.0,1836.0,1818.0,1836.0,1836.0,1078
2016-10-13,1800.0,1818.0,1782.0,1782.0,1782.0,1333
2016-10-14,1836.0,1872.0,1800.0,1800.0,1800.0,1774
2016-10-17,1818.0,1825.2,1728.0,1746.0,1746.0,1212
2016-10-18,1764.0,1782.0,1746.0,1764.0,1764.0,1112
2016-10-19,1764.0,1854.0,1746.0,1836.0,1836.0,1701
2016-10-20,1854.0,1908.0,1836.0,1908.0,1908.0,1981
2016-10-21,1872.0,1926.0,1818.0,1836.0,1836.0,1859
2016-10-24,1836.0,1890.0,1836.0,1872.0,1872.0,1183
2016-10-25,1386.0,1386.0,1278.0,1350.0,1350.0,10014
2016-10-26,1332.0,1350.0,1314.0,1332.0,1332.0,3236
2016-10-27,1440.0,1476.0,1314.0,1314.0,1314.0,3326
2016-10-28,1314.0,1332.0,1260.0,1278.0,1278.0,2466
2016-10-31,1260.0,1278.0,1206.0,1206.0,1206.0,1879
2016-11-01,1206.0,1224.0,972.0,1080.0,1080.0,5614
2016-11-02,1080.0,1134.0,1080.0,1116.0,1116.0,2011
2016-11-03,1134.0,1152.0,1008.0,1008.0,1008.0,1821
2016-11-04,1026.0,1098.0,1026.0,1062.0,1062.0,1731
2016-11-07,1098.0,1116.0,1044.0,1062.0,1062.0,1189
2016-11-08,1044.0,1080.0,1026.0,1080.0,1080.0,993
2016-11-09,1008.0,1098.0,990.0,1098.0,1098.0,1614
2016-11-10,1206.0,1206.0,1044.0,1062.0,1062.0,2260
2016-11-11,1062.0,1116.0,1008.0,1116.0,1116.0,1943
2016-11-14,1116.0,1152.0,1116.0,1134.0,1134.0,1396
2016-11-15,1134.0,1170.0,1116.0,1134.0,1134.0,1239
2016-11-16,1152.0,1152.0,1098.0,1098.0,1098.0,877
2016-11-17,1116.0,1134.0,1080.0,1080.0,1080.0,1223
2016-11-18,1116.0,1134.0,1098.0,1116.0,1116.0,877
2016-11-21,1116.0,1134.0,1098.0,1098.0,1098.0,1309
2016-11-22,1116.0,1134.0,1044.0,1062.0,1062.0,1522
2016-11-23,1044.0,1058.4,1026.0,1036.8,1036.8,956
2016-11-25,1026.0,1044.0,1026.0,1044.0,1044.0,544
2016-11-28,1026.0,1044.0,990.0,990.0,990.0,1125
2016-11-29,990.0,1008.0,727.2,792.0,792.0,6421
2016-11-30,810.0,828.0,774.0,810.0,810.0,2903
2016-12-01,738.0,738.0,684.0,720.0,720.0,4773
2016-12-02,720.0,730.8,702.0,720.0,720.0,1674
2016-12-05,720.0,792.0,684.0,792.0,792.0,3047
2016-12-06,792.0,828.0,738.0,738.0,738.0,1676
2016-12-07,756.0,774.0,756.0,756.0,756.0,999
2016-12-08,756.0,774.0,720.0,738.0,738.0,904
2016-12-09,738.0,756.0,702.0,756.0,756.0,1530
2016-12-12,738.0,738.0,684.0,684.0,684.0,1753
2016-12-13,684.0,712.8,684.0,702.0,702.0,1398
2016-12-14,702.0,702.0,666.0,684.0,684.0,1451
2016-12-15,666.0,702.0,666.0,684.0,684.0,762
2016-12-16,684.0,702.0,666.0,702.0,702.0,1314
2016-12-19,702.0,756.0,702.0,756.0,756.0,2264
2016-12-20,756.0,792.0,748.8,792.0,792.0,2226
2016-12-21,810.0,810.0,738.0,738.0,738.0,920
2016-12-22,756.0,756.0,684.0,702.0,702.0,1190
2016-12-23,702.0,720.0,694.8,720.0,720.0,1017
2016-12-27,720.0,720.0,702.0,720.0,720.0,1245
2016-12-28,702.0,720.0,666.0,666.0,666.0,1967
2016-12-29,684.0,702.0,648.0,658.8,658.8,2785
2016-12-30,648.0,666.0,576.0,630.0,630.0,5799
2017-01-03,648.0,666.0,630.0,648.0,648.0,981
2017-01-04,666.0,684.0,648.0,684.0,684.0,1536
2017-01-05,684.0,720.0,684.0,702.0,702.0,1764
2017-01-06,720.0,738.0,702.0,720.0,720.0,1342
2017-01-09,720.0,738.0,684.0,702.0,702.0,1125
2017-01-10,702.0,702.0,666.0,702.0,702.0,708
2017-01-11,702.0,720.0,684.0,702.0,702.0,1374
2017-01-12,702.0,702.0,666.0,684.0,684.0,1344
2017-01-13,684.0,684.0,666.0,684.0,684.0,1170
2017-01-17,684.0,691.2,648.0,648.0,648.0,1138
2017-01-18,648.0,666.0,630.0,630.0,630.0,1500
2017-01-19,630.0,648.0,630.0,630.0,630.0,757
2017-01-20,630.0,648.0,612.0,612.0,612.0,1248
2017-01-23,612.0,612.0,576.0,594.0,594.0,1469
2017-01-24,594.0,594.0,576.0,576.0,576.0,1749
2017-01-25,576.0,594.0,540.0,540.0,540.0,1943
2017-01-26,540.0,702.0,540.0,558.0,558.0,6318
2017-01-27,558.0,576.0,558.0,558.0,558.0,1185
2017-01-30,558.0,558.0,504.0,540.0,540.0,2354
2017-01-31,540.0,540.0,522.0,540.0,540.0,1192
2017-02-01,540.0,540.0,504.0,504.0,504.0,1058
2017-02-02,504.0,522.0,504.0,504.0,504.0,959
2017-02-03,522.0,522.0,504.0,504.0,504.0,874
2017-02-06,504.0,522.0,504.0,504.0,504.0,1004
2017-02-07,522.0,522.0,504.0,504.0,504.0,796
2017-02-08,504.0,514.8,468.0,468.0,468.0,2184
2017-02-09,486.0,486.0,450.0,450.0,450.0,2802
2017-02-10,450.0,540.0,450.0,540.0,540.0,4189
2017-02-13,558.0,594.0,540.0,594.0,594.0,3814
2017-02-14,630.0,648.0,576.0,594.0,594.0,3572
2017-02-15,594.0,612.0,576.0,594.0,594.0,2631
2017-02-16,594.0,612.0,576.0,604.8,604.8,1018
2017-02-17,612.0,612.0,576.0,576.0,576.0,1397
2017-02-21,576.0,601.2,576.0,586.8,586.8,1107
2017-02-22,576.0,594.0,576.0,576.0,576.0,1152
2017-02-23,576.0,594.0,540.0,550.8,550.8,1776
2017-02-24,558.0,576.0,540.0,550.8,550.8,1418
2017-02-27,576.0,586.8,558.0,576.0,576.0,1112
2017-02-28,576.0,576.0,558.0,558.0,558.0,1873
2017-03-01,558.0,594.0,558.0,594.0,594.0,2272
2017-03-02,594.0,630.0,594.0,612.0,612.0,1860
2017-03-03,630.0,630.0,612.0,630.0,630.0,1697
2017-03-06,630.0,666.0,540.0,568.8,568.8,3612
2017-03-07,576.0,576.0,540.0,540.0,540.0,1394
2017-03-08,540.0,558.0,540.0,540.0,540.0,1168
2017-03-09,540.0,540.0,486.0,504.0,504.0,1888
2017-03-10,522.0,522.0,504.0,504.0,504.0,929
2017-03-13,504.0,522.0,504.0,522.0,522.0,920
2017-03-14,522.0,522.0,486.0,486.0,486.0,1321
2017-03-15,486.0,504.0,486.0,504.0,504.0,806
2017-03-16,504.0,504.0,486.0,496.8,496.8,767
2017-03-17,486.0,504.0,486.0,486.0,486.0,2112
2017-03-20,504.0,532.8,486.0,486.0,486.0,1666
2017-03-21,522.0,522.0,504.0,522.0,522.0,2233
2017-03-22,522.0,540.0,496.8,504.0,504.0,1756
2017-03-23,504.0,522.0,486.0,496.8,496.8,1342
2017-03-24,486.0,504.0,486.0,486.0,486.0,1252
2017-03-27,486.0,504.0,486.0,504.0,504.0,1752
2017-03-28,504.0,504.0,486.0,504.0,504.0,1070
2017-03-29,504.0,504.0,486.0,486.0,486.0,1439
2017-03-30,486.0,522.0,486.0,514.8,514.8,3861
2017-03-31,522.0,522.0,486.0,496.8,496.8,1321
2017-04-03,504.0,514.8,486.0,486.0,486.0,1078
2017-04-04,486.0,504.0,486.0,496.8,496.8,1273
2017-04-05,522.0,550.8,522.0,522.0,522.0,5907
2017-04-06,540.0,558.0,540.0,540.0,540.0,2934
2017-04-07,558.0,576.0,540.0,576.0,576.0,4968
2017-04-10,594.0,648.0,576.0,630.0,630.0,6202
2017-04-11,648.0,702.0,630.0,684.0,684.0,8643
2017-04-12,702.0,712.8,594.0,594.0,594.0,6392
2017-04-13,594.0,612.0,594.0,594.0,594.0,3076
2017-04-17,594.0,594.0,522.0,568.8,568.8,3909
2017-04-18,576.0,576.0,540.0,550.8,550.8,2394
2017-04-19,558.0,576.0,558.0,558.0,558.0,2461
2017-04-20,576.0,576.0,540.0,558.0,558.0,1911
2017-04-21,540.0,558.0,522.0,540.0,540.0,2569
2017-04-24,558.0,576.0,540.0,550.8,550.8,1784
2017-04-25,576.0,576.0,558.0,576.0,576.0,1863
2017-04-26,576.0,579.6,540.0,558.0,558.0,2019
2017-04-27,576.0,612.0,558.0,576.0,576.0,3902
2017-04-28,378.0,432.0,360.0,414.0,414.0,39818
2017-05-01,432.0,432.0,414.0,432.0,432.0,4085
2017-05-02,432.0,432.0,378.0,388.8,388.8,7803
2017-05-03,396.0,414.0,396.0,396.0,396.0,2159
2017-05-04,414.0,414.0,360.0,367.2,367.2,9409
2017-05-05,378.0,396.0,360.0,378.0,378.0,7521
2017-05-08,396.0,414.0,396.0,406.8,406.8,4397
2017-05-09,414.0,414.0,396.0,406.8,406.8,2284
2017-05-10,414.0,414.0,396.0,396.0,396.0,1394
2017-05-11,396.0,414.0,396.0,406.8,406.8,1971
2017-05-12,396.0,414.0,378.0,378.0,378.0,5995
2017-05-15,396.0,396.0,378.0,388.8,388.8,2452
2017-05-16,378.0,396.0,360.0,360.0,360.0,3614
2017-05-17,378.0,378.0,324.0,334.8,334.8,8314
2017-05-18,342.0,342.0,288.0,309.6,309.6,6645
2017-05-19,316.8,345.6,309.6,334.8,334.8,4640
2017-05-22,352.8,360.0,334.8,345.6,345.6,2133
2017-05-23,349.2,349.2,327.6,334.8,334.8,1485
2017-05-24,331.2,334.8,324.0,327.6,327.6,819
2017-05-25,331.2,349.2,327.6,334.8,334.8,3157
2017-05-26,334.8,345.6,334.8,345.6,345.6,1534
2017-05-30,360.0,360.0,342.0,352.8,352.8,1966
2017-05-31,360.0,360.0,342.0,345.6,345.6,1900
2017-06-01,352.8,378.0,349.2,363.6,363.6,2776
2017-06-02,378.0,414.0,367.2,392.4,392.4,5256
2017-06-05,406.8,414.0,396.0,403.2,403.2,2768
2017-06-06,410.4,414.0,370.8,370.8,370.8,2786
2017-06-07,370.8,388.8,360.0,388.8,388.8,2256
2017-06-08,378.0,403.2,342.0,374.4,374.4,3935
2017-06-09,396.0,403.2,378.0,396.0,396.0,2748
2017-06-12,396.0,396.0,385.2,396.0,396.0,1329
2017-06-13,396.0,417.6,388.8,410.4,410.4,3524
2017-06-14,421.2,421.2,403.2,414.0,414.0,2203
2017-06-15,414.0,414.0,396.0,403.2,403.2,1028
2017-06-16,406.8,414.0,396.0,396.0,396.0,2652
2017-06-19,406.8,414.0,399.6,406.8,406.8,2745
2017-06-20,417.6,424.8,406.8,417.6,417.6,1979
2017-06-21,428.4,432.0,410.4,421.2,421.2,2592
2017-06-22,424.8,460.8,417.6,453.6,453.6,5801
2017-06-23,464.4,468.0,432.0,432.0,432.0,11988
2017-06-26,442.8,468.0,442.8,468.0,468.0,4598
2017-06-27,468.0,504.0,468.0,496.8,496.8,4518
2017-06-28,486.0,504.0,471.6,500.4,500.4,3586
2017-06-29,493.2,496.8,453.6,464.4,464.4,2498
2017-06-30,468.0,471.6,432.0,446.4,446.4,2149
2017-07-03,450.0,464.4,450.0,453.6,453.6,1672
2017-07-05,486.0,486.0,439.2,450.0,450.0,4476
2017-07-06,453.6,468.0,439.2,439.2,439.2,1630
2017-07-07,435.6,468.0,424.8,450.0,450.0,2233
2017-07-10,464.4,471.6,453.6,471.6,471.6,2549
2017-07-11,468.0,504.0,464.4,493.2,493.2,2420
2017-07-12,504.0,522.0,486.0,493.2,493.2,5076
2017-07-13,489.6,507.6,482.4,504.0,504.0,2615
2017-07-14,507.6,518.4,504.0,511.2,511.2,1499
2017-07-17,522.0,536.4,514.8,525.6,525.6,3076
2017-07-18,529.2,529.2,489.6,514.8,514.8,1822
2017-07-19,511.2,529.2,504.0,507.6,507.6,1561
2017-07-20,504.0,525.6,496.8,514.8,514.8,1381
2017-07-21,514.8,522.0,514.8,518.4,518.4,730
2017-07-24,514.8,522.0,496.8,522.0,522.0,1701
2017-07-25,522.0,540.0,504.0,532.8,532.8,3156
2017-07-26,540.0,644.4,507.6,572.4,572.4,23046
2017-07-27,586.8,590.4,543.6,558.0,558.0,4565
2017-07-28,568.8,594.0,558.0,565.2,565.2,3414
2017-07-31,583.2,586.8,543.6,558.0,558.0,2856
2017-08-01,554.4,579.6,550.8,554.4,554.4,1551
2017-08-02,561.6,565.2,543.6,558.0,558.0,2012
2017-08-03,565.2,583.2,554.4,572.4,572.4,1886
2017-08-04,576.0,586.8,572.4,579.6,579.6,2129
2017-08-07,576.0,590.4,565.2,576.0,576.0,2185
2017-08-08,576.0,579.6,550.8,568.8,568.8,2746
2017-08-09,558.0,565.2,522.0,543.6,543.6,3146
2017-08-10,529.2,547.2,507.6,511.2,511.2,3003
2017-08-11,511.2,536.4,478.8,496.8,496.8,2073
2017-08-14,511.2,532.8,504.0,525.6,525.6,2124
2017-08-15,540.0,543.6,507.6,522.0,522.0,2077
2017-08-16,529.2,550.8,504.0,507.6,507.6,2853
2017-08-17,504.0,518.4,493.2,518.4,518.4,1965
2017-08-18,504.0,511.2,496.8,507.6,507.6,1157
2017-08-21,504.0,511.2,496.8,500.4,500.4,769
2017-08-22,500.4,522.0,500.4,522.0,522.0,1728
2017-08-23,525.6,529.2,504.0,525.6,525.6,1303
2017-08-24,529.2,532.8,514.8,529.2,529.2,985
2017-08-25,540.0,547.2,522.0,532.8,532.8,1335
2017-08-28,532.8,547.2,525.6,536.4,536.4,1463
2017-08-29,540.0,540.0,525.6,532.8,532.8,677
2017-08-30,532.8,547.2,525.6,536.4,536.4,1626
2017-08-31,540.0,558.0,540.0,554.4,554.4,1938
2017-09-01,558.0,586.8,558.0,576.0,576.0,2961
2017-09-05,558.0,565.2,522.0,554.4,554.4,5548
2017-09-06,558.0,565.2,529.2,540.0,540.0,2470
2017-09-07,532.8,554.4,493.2,547.2,547.2,4803
2017-09-08,532.8,547.2,518.4,536.4,536.4,2215
2017-09-11,525.6,547.2,522.0,540.0,540.0,1594
2017-09-12,540.0,540.0,511.2,540.0,540.0,3320
2017-09-13,540.0,568.8,518.4,558.0,558.0,5914
2017-09-14,565.2,583.2,540.0,550.8,550.8,2886
2017-09-15,554.4,558.0,536.4,536.4,536.4,2293
2017-09-18,547.2,558.0,522.0,529.2,529.2,4177
2017-09-19,536.4,565.2,522.0,561.6,561.6,6134
2017-09-20,565.2,594.0,558.0,594.0,594.0,9722
2017-09-21,612.0,644.4,586.8,594.0,594.0,15936
2017-09-22,601.2,640.8,594.0,626.4,626.4,7889
2017-09-25,644.4,655.2,619.2,648.0,648.0,7801
2017-09-26,626.4,662.4,619.2,644.4,644.4,5531
2017-09-27,648.0,648.0,619.2,626.4,626.4,3486
2017-09-28,626.4,626.4,594.0,612.0,612.0,5021
2017-09-29,612.0,637.2,597.6,630.0,630.0,2938
2017-10-02,637.2,676.8,626.4,662.4,662.4,6094
2017-10-03,673.2,680.4,651.6,680.4,680.4,4390
2017-10-04,720.0,896.4,716.4,799.2,799.2,37825
2017-10-05,846.0,846.0,792.0,813.6,813.6,15050
2017-10-06,820.8,828.0,792.0,813.6,813.6,9384
2017-10-09,846.0,853.2,756.0,770.4,770.4,10461
2017-10-10,770.4,781.2,723.6,748.8,748.8,8276
2017-10-11,756.0,788.4,730.8,777.6,777.6,6611
2017-10-12,792.0,792.0,748.8,781.2,781.2,4064
2017-10-13,784.8,784.8,748.8,774.0,774.0,2936
2017-10-16,781.2,784.8,748.8,766.8,766.8,2861
2017-10-17,774.0,774.0,730.8,734.4,734.4,4674
2017-10-18,730.8,781.2,730.8,766.8,766.8,4557
2017-10-19,774.0,777.6,734.4,756.0,756.0,4033
2017-10-20,766.8,810.0,748.8,781.2,781.2,7723
2017-10-23,792.0,810.0,774.0,784.8,784.8,5424
2017-10-24,799.2,813.6,777.6,792.0,792.0,4010
2017-10-25,792.0,799.2,738.0,759.6,759.6,5750
2017-10-26,777.6,781.2,745.2,766.8,766.8,2823
2017-10-27,774.0,781.2,734.4,781.2,781.2,4044
2017-10-30,774.0,795.6,759.6,770.4,770.4,3607
2017-10-31,774.0,792.0,756.0,788.4,788.4,2918
2017-11-01,792.0,802.8,759.6,770.4,770.4,3511
2017-11-02,770.4,828.0,756.0,806.4,806.4,12350
2017-11-03,810.0,831.6,781.2,795.6,795.6,5091
2017-11-06,799.2,810.0,777.6,802.8,802.8,4279
2017-11-07,806.4,810.0,763.2,781.2,781.2,4371
2017-11-08,781.2,792.0,734.4,763.2,763.2,7243
2017-11-09,745.2,759.6,712.8,716.4,716.4,5709
2017-11-10,709.2,752.4,691.2,748.8,748.8,5132
2017-11-13,752.4,752.4,702.0,702.0,702.0,4385
2017-11-14,684.0,702.0,572.4,586.8,586.8,12387
2017-11-15,594.0,601.2,540.0,561.6,561.6,6664
2017-11-16,576.0,594.0,554.4,572.4,572.4,4733
2017-11-17,568.8,590.4,565.2,568.8,568.8,3083
2017-11-20,565.2,576.0,550.8,561.6,561.6,2695
2017-11-21,558.0,586.8,558.0,572.4,572.4,3146
2017-11-22,576.0,586.8,561.6,565.2,565.2,1890
2017-11-24,576.0,619.2,576.0,619.2,619.2,2322
2017-11-27,648.0,648.0,594.0,604.8,604.8,3008
2017-11-28,597.6,601.2,594.0,597.6,597.6,2221
2017-11-29,604.8,604.8,572.4,586.8,586.8,2289
2017-11-30,594.0,694.8,572.4,615.6,615.6,17424
2017-12-01,637.2,637.2,594.0,608.4,608.4,5798
2017-12-04,626.4,630.0,590.4,608.4,608.4,3284
2017-12-05,608.4,651.6,594.0,633.6,633.6,4451
2017-12-06,644.4,676.8,637.2,655.2,655.2,5536
2017-12-07,673.2,741.6,666.0,720.0,720.0,11297
2017-12-08,745.2,756.0,702.0,727.2,727.2,5409
2017-12-11,730.8,730.8,687.6,702.0,702.0,3354
2017-12-12,702.0,702.0,666.0,680.4,680.4,3286
2017-12-13,669.6,687.6,666.0,673.2,673.2,2771
2017-12-14,676.8,698.4,666.0,669.6,669.6,2247
2017-12-15,676.8,684.0,669.6,669.6,669.6,2075
2017-12-18,684.0,684.0,630.0,630.0,630.0,4102
2017-12-19,633.6,662.4,615.6,648.0,648.0,3883
2017-12-20,655.2,655.2,619.2,637.2,637.2,1709
2017-12-21,630.0,644.4,619.2,626.4,626.4,1437
2017-12-22,612.0,630.0,612.0,622.8,622.8,1349
2017-12-26,622.8,626.4,597.6,608.4,608.4,2259
2017-12-27,608.4,637.2,608.4,615.6,615.6,2700
2017-12-28,619.2,626.4,601.2,622.8,622.8,2716
2017-12-29,626.4,630.0,604.8,612.0,612.0,3091
2018-01-02,615.6,626.4,612.0,626.4,626.4,2155
2018-01-03,633.6,633.6,615.6,622.8,622.8,1303
2018-01-04,630.0,633.6,626.4,633.6,633.6,1728
2018-01-05,640.8,644.4,612.0,619.2,619.2,2330
2018-01-08,615.6,630.0,612.0,626.4,626.4,1719
2018-01-09,630.0,630.0,615.6,626.4,626.4,2270
2018-01-10,630.0,694.8,619.2,666.0,666.0,10624
2018-01-11,756.0,781.2,694.8,723.6,723.6,24330
2018-01-12,748.8,752.4,705.6,712.8,712.8,9391
2018-01-16,723.6,730.8,687.6,702.0,702.0,5143
2018-01-17,705.6,705.6,662.4,687.6,687.6,4373
2018-01-18,684.0,691.2,655.2,669.6,669.6,3360
2018-01-19,669.6,716.4,669.6,691.2,691.2,4847
2018-01-22,691.2,709.2,680.4,691.2,691.2,2289
2018-01-23,687.6,694.8,666.0,680.4,680.4,3708
2018-01-24,676.8,684.0,666.0,673.2,673.2,2191
2018-01-25,669.6,680.4,637.2,651.6,651.6,4841
2018-01-26,651.6,658.8,612.0,612.0,612.0,5209
2018-01-29,622.8,640.8,612.0,633.6,633.6,3346
2018-01-30,630.0,640.8,601.2,615.6,615.6,4031
2018-01-31,619.2,619.2,594.0,601.2,601.2,3080
2018-02-01,601.2,615.6,590.4,615.6,615.6,2092
2018-02-02,619.2,626.4,579.6,597.6,597.6,3430
2018-02-05,579.6,594.0,547.2,558.0,558.0,3389
2018-02-06,547.2,558.0,522.0,554.4,554.4,5076
2018-02-07,558.0,630.0,554.4,579.6,579.6,4541
2018-02-08,579.6,601.2,561.6,572.4,572.4,2614
2018-02-09,594.0,622.8,572.4,594.0,594.0,6811
2018-02-12,612.0,648.0,601.2,637.2,637.2,4589
2018-02-13,630.0,648.0,626.4,648.0,648.0,2261
2018-02-14,648.0,662.4,640.8,648.0,648.0,2034
2018-02-15,648.0,648.0,619.2,633.6,633.6,2221
2018-02-16,630.0,640.8,619.2,626.4,626.4,1488
2018-02-20,622.8,640.8,612.0,619.2,619.2,1891
2018-02-21,626.4,655.2,612.0,622.8,622.8,3140
2018-02-22,633.6,633.6,612.0,615.6,615.6,1511
2018-02-23,615.6,630.0,597.6,622.8,622.8,2556
2018-02-26,626.4,626.4,608.4,615.6,615.6,1454
2018-02-27,612.0,615.6,576.0,586.8,586.8,2485
2018-02-28,590.4,608.4,583.2,594.0,594.0,1814
2018-03-01,612.0,622.8,579.6,597.6,597.6,2756
2018-03-02,594.0,604.8,576.0,604.8,604.8,2288
2018-03-05,597.6,619.2,590.4,615.6,615.6,1928
2018-03-06,619.2,640.8,604.8,633.6,633.6,1995
2018-03-07,626.4,633.6,601.2,615.6,615.6,2429
2018-03-08,644.4,666.0,622.8,648.0,648.0,6643
2018-03-09,666.0,669.6,637.2,655.2,655.2,3988
2018-03-12,658.8,676.8,640.8,666.0,666.0,3556
2018-03-13,673.2,673.2,640.8,648.0,648.0,2998
2018-03-14,648.0,648.0,619.2,626.4,626.4,2288
2018-03-15,630.0,637.2,615.6,615.6,615.6,1807
2018-03-16,622.8,648.0,608.4,648.0,648.0,3081
2018-03-19,644.4,666.0,622.8,666.0,666.0,2948
2018-03-20,673.2,673.2,648.0,666.0,666.0,1536
2018-03-21,666.0,669.6,648.0,651.6,651.6,1066
2018-03-22,644.4,658.8,633.6,648.0,648.0,1543
2018-03-23,637.2,655.2,630.0,640.8,640.8,1933
2018-03-26,644.4,655.2,630.0,655.2,655.2,1432
2018-03-27,648.0,655.2,622.8,630.0,630.0,1228
2018-03-28,633.6,633.6,612.0,619.2,619.2,1713
2018-03-29,626.4,630.0,615.6,622.8,622.8,848
2018-04-02,622.8,626.4,594.0,622.8,622.8,1894
2018-04-03,630.0,630.0,604.8,612.0,612.0,923
2018-04-04,604.8,626.4,590.4,622.8,622.8,1326
2018-04-05,622.8,640.8,615.6,640.8,640.8,1977
2018-04-06,637.2,648.0,633.6,648.0,648.0,1603
2018-04-09,644.4,673.2,640.8,669.6,669.6,4774
2018-04-10,680.4,716.4,676.8,705.6,705.6,6165
2018-04-11,709.2,759.6,702.0,752.4,752.4,8636
2018-04-12,752.4,752.4,720.0,734.4,734.4,4122
2018-04-13,738.0,738.0,705.6,723.6,723.6,3664
2018-04-16,723.6,734.4,705.6,730.8,730.8,2406
2018-04-17,727.2,752.4,723.6,734.4,734.4,2626
2018-04-18,738.0,756.0,723.6,748.8,748.8,2179
2018-04-19,748.8,748.8,727.2,734.4,734.4,2124
2018-04-20,727.2,734.4,705.6,716.4,716.4,1873
2018-04-23,720.0,727.2,691.2,712.8,712.8,2229
2018-04-24,716.4,716.4,691.2,702.0,702.0,1688
2018-04-25,702.0,712.8,676.8,680.4,680.4,2043
2018-04-26,676.8,691.2,666.0,680.4,680.4,1465
2018-04-27,684.0,691.2,676.8,691.2,691.2,837
2018-04-30,691.2,694.8,655.2,669.6,669.6,2277
2018-05-01,669.6,691.2,655.2,691.2,691.2,1143
2018-05-02,698.4,698.4,680.4,687.6,687.6,865
2018-05-03,694.8,694.8,676.8,684.0,684.0,1125
2018-05-04,684.0,705.6,676.8,702.0,702.0,1278
2018-05-07,705.6,716.4,694.8,705.6,705.6,1291
2018-05-08,712.8,712.8,676.8,684.0,684.0,1716
2018-05-09,684.0,698.4,669.6,694.8,694.8,1564
2018-05-10,698.4,705.6,684.0,698.4,698.4,1253
2018-05-11,712.8,712.8,691.2,702.0,702.0,1169
2018-05-14,705.6,705.6,684.0,691.2,691.2,1523
2018-05-15,684.0,691.2,651.6,655.2,655.2,2236
2018-05-16,662.4,698.4,662.4,684.0,684.0,1958
2018-05-17,687.6,691.2,676.8,680.4,680.4,860
2018-05-18,684.0,687.6,676.8,680.4,680.4,903
2018-05-21,680.4,687.6,676.8,680.4,680.4,610
2018-05-22,680.4,698.4,680.4,691.2,691.2,1244
2018-05-23,687.6,691.2,669.6,684.0,684.0,1300
2018-05-24,684.0,691.2,676.8,676.8,676.8,1353
2018-05-25,684.0,687.6,658.8,669.6,669.6,1515
2018-05-29,669.6,684.0,658.8,658.8,658.8,1104
2018-05-30,658.8,676.8,658.8,669.6,669.6,1082
2018-05-31,666.0,698.4,666.0,673.2,673.2,1335
2018-06-01,676.8,698.4,676.8,694.8,694.8,1861
2018-06-04,702.0,712.8,684.0,698.4,698.4,1759
2018-06-05,709.2,709.2,687.6,691.2,691.2,1363
2018-06-06,702.0,702.0,687.6,691.2,691.2,1756
2018-06-07,666.0,666.0,615.6,626.4,626.4,7049
2018-06-08,637.2,648.0,626.4,630.0,630.0,2050
2018-06-11,626.4,633.6,615.6,633.6,633.6,2276
2018-06-12,637.2,666.0,630.0,658.8,658.8,2736
2018-06-13,662.4,666.0,644.4,658.8,658.8,1961
2018-06-14,673.2,673.2,619.2,637.2,637.2,5553
2018-06-15,622.8,633.6,583.2,604.8,604.8,7514
2018-06-18,597.6,615.6,597.6,597.6,597.6,2204
2018-06-19,594.0,612.0,583.2,601.2,601.2,2230
2018-06-20,597.6,615.6,597.6,597.6,597.6,1675
2018-06-21,547.2,554.4,478.8,493.2,493.2,17261
2018-06-22,518.4,536.4,464.4,522.0,522.0,34982
2018-06-25,522.0,525.6,489.6,500.4,500.4,5148
2018-06-26,504.0,507.6,489.6,493.2,493.2,3267
2018-06-27,486.0,496.8,468.0,475.2,475.2,5701
2018-06-28,478.8,493.2,468.0,482.4,482.4,4065
2018-06-29,486.0,493.2,471.6,475.2,475.2,2385
2018-07-02,471.6,486.0,471.6,482.4,482.4,2405
2018-07-03,486.0,489.6,478.8,486.0,486.0,3221
2018-07-05,496.8,514.8,482.4,507.6,507.6,5298
2018-07-06,511.2,522.0,500.4,504.0,504.0,2751
2018-07-09,504.0,518.4,500.4,504.0,504.0,1755
2018-07-10,504.0,504.0,486.0,486.0,486.0,2492
2018-07-11,496.8,496.8,475.2,478.8,478.8,2869
2018-07-12,468.0,489.6,468.0,482.4,482.4,1841
2018-07-13,482.4,482.4,475.2,478.8,478.8,1172
2018-07-16,478.8,489.6,471.6,475.2,475.2,2410
2018-07-17,475.2,478.8,471.6,478.8,478.8,1440
2018-07-18,489.6,525.6,478.8,522.0,522.0,9374
2018-07-19,522.0,525.6,504.0,514.8,514.8,3537
2018-07-20,514.8,522.0,504.0,507.6,507.6,2470
2018-07-23,511.2,511.2,489.6,493.2,493.2,2169
2018-07-24,493.2,504.0,482.4,486.0,486.0,2134
2018-07-25,496.8,511.2,486.0,493.2,493.2,3081
2018-07-26,496.8,496.8,468.0,482.4,482.4,4369
2018-07-27,486.0,489.6,468.0,468.0,468.0,3193
2018-07-30,475.2,489.6,453.6,457.2,457.2,2892
2018-07-31,468.0,475.2,450.0,468.0,468.0,3223
2018-08-01,468.0,478.8,457.2,478.8,478.8,1679
2018-08-02,475.2,475.2,457.2,464.4,464.4,2172
2018-08-03,475.2,475.2,446.4,450.0,450.0,2900
2018-08-06,450.0,453.6,428.4,435.6,435.6,3904
2018-08-07,439.2,439.2,414.0,417.6,417.6,3131
2018-08-08,417.6,424.8,385.2,388.8,388.8,6644
2018-08-09,396.0,432.0,388.8,432.0,432.0,4158
2018-08-10,432.0,432.0,421.2,424.8,424.8,1651
2018-08-13,414.0,414.0,392.4,396.0,396.0,2689
2018-08-14,403.2,403.2,381.6,385.2,385.2,2583
2018-08-15,392.4,392.4,360.0,370.8,370.8,3839
2018-08-16,367.2,414.0,367.2,410.4,410.4,3643
2018-08-17,414.0,421.2,403.2,421.2,421.2,1341
2018-08-20,421.2,428.4,399.6,403.2,403.2,1355
2018-08-21,403.2,417.6,399.6,399.6,399.6,1103
2018-08-22,399.6,410.4,396.0,406.8,406.8,1144
2018-08-23,410.4,410.4,396.0,410.4,410.4,931
2018-08-24,410.4,414.0,403.2,414.0,414.0,858
2018-08-27,406.8,410.4,385.2,388.8,388.8,4476
2018-08-28,388.8,388.8,370.8,385.2,385.2,3088
2018-08-29,396.0,399.6,381.6,388.8,388.8,2353
2018-08-30,399.6,406.8,385.2,403.2,403.2,3403
2018-08-31,406.8,435.6,406.8,421.2,421.2,4727
2018-09-04,424.8,424.8,403.2,410.4,410.4,2333
2018-09-05,410.4,439.2,403.2,432.0,432.0,4501
2018-09-06,403.2,432.0,388.8,414.0,414.0,5338
2018-09-07,410.4,421.2,396.0,403.2,403.2,2513
2018-09-10,410.4,414.0,370.8,381.6,381.6,5834
2018-09-11,378.0,385.2,374.4,381.6,381.6,2126
2018-09-12,381.6,392.4,378.0,388.8,388.8,2139
2018-09-13,388.8,396.0,385.2,392.4,392.4,2248
2018-09-14,392.4,403.2,378.0,381.6,381.6,2212
2018-09-17,396.0,396.0,374.4,378.0,378.0,2283
2018-09-18,388.8,388.8,370.8,385.2,385.2,3119
2018-09-19,388.8,399.6,381.6,385.2,385.2,2910
2018-09-20,396.0,403.2,385.2,399.6,399.6,3948
2018-09-21,399.6,403.2,388.8,388.8,388.8,2889
2018-09-24,396.0,396.0,381.6,385.2,385.2,2595
2018-09-25,385.2,410.4,385.2,406.8,406.8,4085
2018-09-26,406.8,410.4,396.0,396.0,396.0,1628
2018-09-27,399.6,403.2,381.6,392.4,392.4,2360
2018-09-28,385.2,396.0,381.6,385.2,385.2,2471
2018-10-01,385.2,403.2,381.6,396.0,396.0,2314
2018-10-02,392.4,392.4,381.6,381.6,381.6,2525
2018-10-03,381.6,396.0,378.0,392.4,392.4,1926
2018-10-04,392.4,392.4,381.6,385.2,385.2,2159
2018-10-05,385.2,388.8,370.8,374.4,374.4,3656
2018-10-08,370.8,381.6,360.0,370.8,370.8,1364
2018-10-09,370.8,378.0,367.2,374.4,374.4,1486
2018-10-10,370.8,374.4,352.8,356.4,356.4,4202
2018-10-11,349.2,352.8,345.6,345.6,345.6,2452
2018-10-12,349.2,352.8,342.0,345.6,345.6,2274
2018-10-15,345.6,381.6,345.6,360.0,360.0,2099
2018-10-16,374.4,374.4,345.6,356.4,356.4,2755
2018-10-17,349.2,367.2,349.2,356.4,356.4,1014
2018-10-18,352.8,360.0,342.0,349.2,349.2,1541
2018-10-19,360.0,360.0,342.0,342.0,342.0,1814
2018-10-22,345.6,345.6,309.6,316.8,316.8,4115
2018-10-23,313.2,316.8,288.0,298.8,298.8,4571
2018-10-24,306.0,306.0,280.8,284.4,284.4,3337
2018-10-25,280.8,327.6,259.2,313.2,313.2,7264
2018-10-26,306.0,320.4,288.0,306.0,306.0,2318
2018-10-29,313.2,316.8,295.2,302.4,302.4,896
2018-10-30,291.6,316.8,288.0,316.8,316.8,1839
2018-10-31,316.8,324.0,298.8,306.0,306.0,2134
2018-11-01,316.8,324.0,302.4,320.4,320.4,2601
2018-11-02,320.4,324.0,306.0,313.2,313.2,1452
2018-11-05,316.8,342.0,313.2,324.0,324.0,2166
2018-11-06,338.4,342.0,324.0,331.2,331.2,1456
2018-11-07,334.8,342.0,331.2,338.4,338.4,1082
2018-11-08,345.6,349.2,324.0,327.6,327.6,1420
2018-11-09,324.0,334.8,316.8,316.8,316.8,877
2018-11-12,316.8,324.0,309.6,313.2,313.2,819
2018-11-13,324.0,324.0,306.0,313.2,313.2,768
2018-11-14,316.8,324.0,313.2,316.8,316.8,1068
2018-11-15,313.2,320.4,302.4,316.8,316.8,936
2018-11-16,313.2,320.4,306.0,306.0,306.0,1223
2018-11-19,306.0,316.8,295.2,298.8,298.8,1450
2018-11-20,291.6,295.2,252.0,255.6,255.6,9294
2018-11-21,262.8,280.8,262.8,277.2,277.2,2894
2018-11-23,277.2,280.8,259.2,277.2,277.2,1687
2018-11-26,277.2,277.2,252.0,252.0,252.0,3354
2018-11-27,255.6,255.6,241.2,241.2,241.2,3001
2018-11-28,241.2,248.4,223.2,244.8,244.8,4828
2018-11-29,252.0,259.2,234.0,255.6,255.6,2228
2018-11-30,259.2,266.4,237.6,252.0,252.0,2585
2018-12-03,262.8,266.4,237.6,241.2,241.2,2626
2018-12-04,241.2,259.2,230.4,230.4,230.4,3721
2018-12-06,230.4,237.6,216.0,230.4,230.4,3967
2018-12-07,241.2,241.2,219.6,226.8,226.8,3059
2018-12-10,230.4,230.4,205.2,208.8,208.8,6109
2018-12-11,216.0,223.2,208.8,212.4,212.4,3297
2018-12-12,216.0,219.6,205.2,212.4,212.4,2626
2018-12-13,212.4,212.4,201.6,201.6,201.6,2231
2018-12-14,205.2,208.8,201.6,201.6,201.6,2681
2018-12-17,198.0,201.6,176.4,176.4,176.4,4765
2018-12-18,176.4,187.2,172.8,183.6,183.6,2813
2018-12-19,183.6,194.4,180.0,187.2,187.2,2686
2018-12-20,190.8,201.6,169.2,172.8,172.8,4639
2018-12-21,183.6,194.4,180.0,190.8,190.8,5215
2018-12-24,183.6,194.4,169.2,187.2,187.2,3456
2018-12-26,194.4,226.8,190.8,208.8,208.8,6564
2018-12-27,219.6,223.2,187.2,198.0,198.0,3553
2018-12-28,205.2,223.2,198.0,219.6,219.6,9227
2018-12-31,219.6,223.2,194.4,198.0,198.0,8851
2019-01-02,198.0,208.8,187.2,205.2,205.2,8322
2019-01-03,205.2,208.8,190.8,198.0,198.0,4271
2019-01-04,194.4,205.2,190.8,201.6,201.6,3084
2019-01-07,201.6,208.8,190.8,208.8,208.8,4379
2019-01-08,216.0,216.0,201.6,212.4,212.4,4223
2019-01-09,216.0,216.0,194.4,201.6,201.6,11040
2019-01-10,216.0,216.0,194.4,198.0,198.0,6814
2019-01-11,198.0,198.0,183.6,187.2,187.2,5816
2019-01-14,187.2,205.2,187.2,194.4,194.4,5981
2019-01-15,194.4,212.4,190.8,201.6,201.6,7621
2019-01-16,201.6,208.8,190.8,194.4,194.4,4205
2019-01-17,198.0,201.6,190.8,194.4,194.4,3332
2019-01-18,198.0,216.0,190.8,201.6,201.6,6778
2019-01-22,205.2,205.2,190.8,190.8,190.8,3730
2019-01-23,194.4,194.4,183.6,187.2,187.2,4267
2019-01-24,187.2,198.0,183.6,187.2,187.2,3641
2019-01-25,198.0,198.0,190.8,194.4,194.4,2771
2019-01-28,198.0,201.6,190.8,194.4,194.4,2113
2019-01-29,194.4,198.0,183.6,187.2,187.2,3279
2019-01-30,190.8,190.8,183.6,190.8,190.8,3938
2019-01-31,187.2,190.8,183.6,183.6,183.6,3253
2019-02-01,187.2,187.2,180.0,183.6,183.6,2288
2019-02-04,183.6,183.6,172.8,172.8,172.8,6416
2019-02-05,172.8,180.0,169.2,169.2,169.2,3685
2019-02-06,172.8,180.0,169.2,172.8,172.8,5528
2019-02-07,176.4,176.4,154.8,165.6,165.6,6052
2019-02-08,158.4,165.6,158.4,162.0,162.0,2028
2019-02-11,165.6,165.6,154.8,158.4,158.4,2646
2019-02-12,162.0,165.6,154.8,158.4,158.4,1806
2019-02-13,154.8,176.4,154.8,172.8,172.8,4137
2019-02-14,176.4,198.0,176.4,198.0,198.0,6109
2019-02-15,201.6,237.6,201.6,223.2,223.2,14402
2019-02-19,244.8,273.6,237.6,270.0,270.0,16233
2019-02-20,295.2,338.4,295.2,316.8,316.8,29375
2019-02-21,295.2,295.2,201.6,208.8,208.8,48785
2019-02-22,226.8,234.0,208.8,212.4,212.4,13973
2019-02-25,208.8,212.4,176.4,180.0,180.0,20746
2019-02-26,176.4,187.2,162.0,165.6,165.6,19096
2019-02-27,169.2,183.6,165.6,169.2,169.2,8577
2019-02-28,172.8,176.4,165.6,169.2,169.2,6200
2019-03-01,172.8,172.8,162.0,169.2,169.2,5641
2019-03-04,176.4,198.0,169.2,176.4,176.4,18351
2019-03-05,190.8,190.8,165.6,172.8,172.8,8475
2019-03-06,176.4,180.0,169.2,172.8,172.8,8202
2019-03-07,154.8,176.4,147.6,154.8,154.8,18897
2019-03-08,154.8,158.4,147.6,151.2,151.2,7393
2019-03-11,154.8,154.8,144.0,151.2,151.2,8860
2019-03-12,151.2,151.2,144.0,144.0,144.0,6420
2019-03-13,147.6,151.2,140.4,140.4,140.4,9620
2019-03-14,144.0,144.0,126.0,133.2,133.2,15534
2019-03-15,136.8,140.4,129.6,129.6,129.6,10255
2019-03-18,129.6,136.8,126.0,126.0,126.0,8181
2019-03-19,129.6,129.6,115.2,122.4,122.4,11326
2019-03-20,118.8,122.4,108.0,111.6,111.6,10751
2019-03-21,115.2,122.4,115.2,122.4,122.4,8128
2019-03-22,122.4,122.4,111.6,111.6,111.6,9276
2019-03-25,115.2,118.8,100.8,111.6,111.6,9805
2019-03-26,111.6,111.6,108.0,108.0,108.0,6564
2019-03-27,111.6,111.6,100.8,104.4,104.4,7034
2019-03-28,108.0,108.0,90.0,93.6,93.6,13441
2019-03-29,93.6,93.6,86.4,90.0,90.0,15076
2019-04-01,93.6,97.2,90.0,97.2,97.2,8995
2019-04-02,100.8,100.8,90.0,93.6,93.6,8881
2019-04-03,93.6,100.8,90.0,100.8,100.8,8257
2019-04-04,108.0,108.0,93.6,104.4,104.4,12880
2019-04-05,108.0,115.2,104.4,111.6,111.6,21083
2019-04-08,115.2,115.2,100.8,108.0,108.0,9180
2019-04-09,108.0,108.0,97.2,100.8,100.8,11135
2019-04-10,104.4,108.0,100.8,104.4,104.4,6602
2019-04-11,104.4,104.4,100.8,104.4,104.4,7052
2019-04-12,100.8,104.4,97.2,100.8,100.8,6383
2019-04-15,97.2,100.8,93.6,100.8,100.8,5868
2019-04-16,93.6,97.2,86.4,90.0,90.0,18221
2019-04-17,90.0,90.0,72.0,79.2,79.2,22151
2019-04-18,75.6,79.2,72.0,79.2,79.2,8558
2019-04-22,82.8,82.8,75.6,82.8,82.8,10054
2019-04-23,79.2,93.6,79.2,93.6,93.6,13661
2019-04-24,93.6,133.2,93.6,104.4,104.4,72075
2019-04-25,104.4,104.4,86.4,90.0,90.0,19168
2019-04-26,93.6,93.6,82.8,86.4,86.4,14573
2019-04-29,86.4,86.4,79.2,79.2,79.2,12691
2019-04-30,86.4,104.4,82.8,93.6,93.6,54474
2019-05-01,93.6,97.2,82.8,86.4,86.4,22790
2019-05-02,86.4,86.4,79.2,82.8,82.8,10648
2019-05-03,86.4,90.0,79.2,86.4,86.4,18135
2019-05-06,86.4,86.4,82.8,82.8,82.8,12798
2019-05-07,82.8,82.8,79.2,79.2,79.2,10906
2019-05-08,79.2,82.8,72.0,72.0,72.0,24911
2019-05-09,63.3,66.0,48.0,49.2,49.2,89413
2019-05-10,49.2,54.0,48.9,51.0,51.0,48673
2019-05-13,52.5,53.4,45.0,45.3,45.3,49453
2019-05-14,46.2,46.2,36.0,38.1,38.1,88000
2019-05-15,36.6,38.7,36.3,37.8,37.8,32840
2019-05-16,37.8,40.2,36.3,36.9,36.9,55343
2019-05-17,36.6,36.9,32.4,33.0,33.0,53557
2019-05-20,33.3,49.8,31.2,39.6,39.6,92940
2019-05-21,44.7,44.7,35.7,36.0,36.0,61787
2019-05-22,35.4,36.9,33.6,35.7,35.7,25530
2019-05-23,35.7,40.5,34.2,38.1,38.1,34190
2019-05-24,39.0,40.2,36.6,37.5,37.5,48947
2019-05-28,38.1,42.0,37.5,40.5,40.5,34703
2019-05-29,41.4,41.7,37.8,38.4,38.4,23550
2019-05-30,38.1,39.9,37.2,37.5,37.5,18683
2019-05-31,36.6,36.9,35.1,35.7,35.7,20140
2019-06-03,34.8,36.0,34.5,34.8,34.8,16847
2019-06-04,35.1,36.0,33.9,35.1,35.1,16767
2019-06-05,34.5,35.1,21.0,23.4,23.4,156143
2019-06-06,23.4,23.4,13.8,19.2,19.2,207843
2019-06-07,16.8,19.8,15.9,17.4,17.4,63123
2019-06-10,16.5,16.5,12.3,13.2,13.2,117497
2019-06-11,13.8,13.8,11.4,12.0,12.0,73230
2019-06-12,9.3,25.2,6.0,15.3,15.3,871823
2019-06-13,14.1,15.6,11.4,12.9,12.9,219817
2019-06-14,13.5,13.5,10.5,10.8,10.8,135967
2019-06-17,10.5,10.8,9.0,9.9,9.9,111550
2019-06-18,9.0,10.5,9.0,9.3,9.3,163653
2019-06-19,9.6,9.6,6.9,6.9,6.9,308267
2019-06-20,8.4,8.4,6.3,6.6,6.6,313780
2019-06-21,6.9,6.9,6.0,6.0,6.0,272093
2019-06-24,6.3,6.3,5.4,5.4,5.4,286220
2019-06-25,5.7,5.7,4.5,4.8,4.8,297417
2019-06-26,4.8,6.3,3.9,5.4,5.4,858417
2019-06-27,6.6,6.6,4.8,5.7,5.7,1077160
2019-06-28,5.7,5.7,5.1,5.4,5.4,366063
2019-07-01,5.7,9.3,5.4,7.2,7.2,1726470
2019-07-02,9.6,17.4,9.3,16.5,16.5,4715213
2019-07-03,26.4,30.0,18.9,21.6,21.6,3744797
2019-07-05,22.8,24.9,20.4,24.0,24.0,1525140
2019-07-08,22.8,23.7,20.7,22.5,22.5,561483
2019-07-09,19.8,21.6,15.0,18.6,18.6,1078423
2019-07-10,19.8,26.7,19.5,24.0,24.0,1732923
2019-07-11,22.8,27.0,22.2,23.1,23.1,1023837
2019-07-12,22.8,24.6,21.0,21.6,21.6,537773
2019-07-15,17.1,17.1,10.8,11.4,11.4,1438993
2019-07-16,12.0,12.9,8.7,9.6,9.6,919270
2019-07-17,9.6,9.9,8.7,9.0,9.0,537163
2019-07-18,9.0,9.3,7.8,9.0,9.0,463020
2019-07-19,11.7,11.7,9.3,10.5,10.5,1395670
2019-07-22,9.6,11.4,9.3,10.8,10.8,549250
2019-07-23,10.5,11.4,10.5,10.8,10.8,279310
2019-07-24,10.5,11.1,9.3,9.9,9.9,306860
2019-07-25,11.4,14.7,11.1,11.4,11.4,2162523
2019-07-26,11.7,12.3,10.8,11.4,11.4,619697
2019-07-29,11.4,11.7,10.2,10.8,10.8,314583
2019-07-30,10.8,10.8,10.2,10.5,10.5,271093
2019-07-31,10.2,10.2,9.6,10.2,10.2,297180
2019-08-01,10.2,10.2,9.3,9.3,9.3,270607
2019-08-02,9.6,10.5,8.7,10.2,10.2,383320
2019-08-05,9.9,10.2,9.3,10.2,10.2,231733
2019-08-06,10.2,10.2,9.3,9.6,9.6,164913
2019-08-07,9.9,9.9,9.0,9.3,9.3,170083
2019-08-08,9.6,9.6,9.0,9.0,9.0,170257
2019-08-09,9.3,11.4,9.0,10.5,10.5,496277
2019-08-12,10.5,11.4,9.9,10.2,10.2,259790
2019-08-13,10.5,10.5,9.3,9.6,9.6,174343
2019-08-14,9.9,10.2,9.0,9.3,9.3,199623
2019-08-15,9.3,12.0,9.0,10.5,10.5,1096243
2019-08-16,10.8,12.6,10.8,11.4,11.4,946983
2019-08-19,12.0,12.0,10.8,11.1,11.1,418593
2019-08-20,10.5,11.1,9.9,10.2,10.2,233353
2019-08-21,9.9,10.2,9.6,9.9,9.9,157340
2019-08-22,9.9,10.5,9.9,10.5,10.5,163803
2019-08-23,10.5,11.1,9.9,10.2,10.2,143063
2019-08-26,10.2,10.2,9.6,9.9,9.9,140257
2019-08-27,9.9,9.9,9.6,9.6,9.6,80913
2019-08-28,9.6,9.9,9.3,9.6,9.6,122077
2019-08-29,9.6,9.9,9.6,9.6,9.6,75180
2019-08-30,9.9,10.5,9.6,10.2,10.2,165787
2019-09-03,10.5,10.5,9.9,10.2,10.2,90987
2019-09-04,10.2,10.5,9.9,10.2,10.2,110880
2019-09-05,10.5,11.7,10.2,11.1,11.1,389600
2019-09-06,11.7,12.9,11.4,12.0,12.0,524843
2019-09-09,15.0,19.2,14.4,19.2,19.2,2118447
2019-09-10,19.5,19.5,12.3,12.6,12.6,1954930
2019-09-11,12.9,13.2,10.8,10.8,10.8,1445450
2019-09-12,10.8,12.6,10.5,10.8,10.8,933500
2019-09-13,12.0,12.6,11.4,12.0,12.0,725477
2019-09-16,12.3,12.9,12.0,12.0,12.0,596140
2019-09-17,12.0,12.3,11.4,11.4,11.4,356097
2019-09-18,11.7,11.7,10.8,10.8,10.8,373050
2019-09-19,11.4,11.4,10.8,11.1,11.1,303570
2019-09-20,11.1,11.1,10.8,10.8,10.8,290323
2019-09-23,11.1,11.1,10.8,10.8,10.8,219687
2019-09-24,10.8,10.8,10.2,10.2,10.2,356793
2019-09-25,9.9,10.2,9.6,9.6,9.6,368573
2019-09-26,9.6,9.6,9.0,9.0,9.0,361227
2019-09-27,9.0,9.9,8.7,9.9,9.9,404203
2019-09-30,10.2,10.5,9.3,9.9,9.9,248173
2019-10-01,9.6,9.9,9.3,9.6,9.6,176213
2019-10-02,9.6,9.6,9.0,9.6,9.6,144743
2019-10-03,11.7,12.6,10.5,11.1,11.1,1064540
2019-10-04,10.2,11.1,9.9,10.8,10.8,290867
2019-10-07,9.3,10.2,9.0,9.6,9.6,439680
2019-10-08,9.6,9.9,9.3,9.9,9.9,134717
2019-10-09,9.9,9.9,9.3,9.3,9.3,197893
2019-10-10,9.3,9.3,9.0,9.0,9.0,340620
2019-10-11,9.0,9.0,9.0,9.0,9.0,277840
2019-10-14,9.0,9.0,9.0,9.0,9.0,214670
2019-10-15,9.0,9.0,8.4,8.4,8.4,315853
2019-10-16,8.4,8.7,7.8,8.7,8.7,242617
2019-10-17,8.7,9.0,8.4,8.7,8.7,130277
2019-10-18,8.7,9.0,8.7,8.7,8.7,104437
2019-10-21,8.7,9.6,8.4,9.3,9.3,287110
2019-10-22,9.3,9.3,8.7,9.3,9.3,118673
2019-10-23,9.3,9.6,9.0,9.3,9.3,122693
2019-10-24,9.3,9.9,9.3,9.6,9.6,253633
2019-10-25,9.9,9.9,9.3,9.6,9.6,117860
2019-10-28,8.4,9.0,8.1,8.4,8.4,465533
2019-10-29,8.4,8.4,7.2,7.5,7.5,392230
2019-10-30,7.5,7.5,7.2,7.2,7.2,181393
2019-10-31,7.2,7.2,6.9,7.2,7.2,189933
2019-11-01,7.2,8.1,7.2,7.8,7.8,343010
2019-11-04,7.8,8.4,7.5,8.1,8.1,212573
2019-11-05,8.1,8.1,7.8,8.1,8.1,163073
2019-11-06,17.4,18.9,12.6,16.2,16.2,6133217
2019-11-07,15.0,15.6,12.0,12.3,12.3,1488210
2019-11-08,12.6,14.1,11.7,12.9,12.9,1103863
2019-11-11,12.9,14.7,12.9,13.5,13.5,913940
2019-11-12,14.4,16.8,13.8,16.5,16.5,1766577
2019-11-13,18.0,27.0,18.0,24.3,24.3,4981777
2019-11-14,26.7,30.0,24.3,26.7,26.7,3320540
2019-11-15,24.9,26.1,21.9,24.9,24.9,1628320
2019-11-18,25.8,27.6,24.9,26.1,26.1,975317
2019-11-19,24.9,25.5,20.4,21.9,21.9,980590
2019-11-20,20.1,24.0,19.2,23.7,23.7,1080960
2019-11-21,26.1,26.4,22.8,23.1,23.1,675470
2019-11-22,22.8,23.7,21.9,22.8,22.8,318383
2019-11-25,23.7,24.6,22.5,23.7,23.7,515933
2019-11-26,23.4,23.4,21.0,22.2,22.2,525557
2019-11-27,22.2,22.2,21.0,21.6,21.6,292423
2019-11-29,21.0,21.3,20.1,20.4,20.4,308693
2019-12-02,20.4,20.4,16.8,17.7,17.7,875677
2019-12-03,17.1,18.0,16.2,16.2,16.2,556307
2019-12-04,16.5,18.9,16.5,18.3,18.3,596257
2019-12-05,18.6,18.6,17.1,17.7,17.7,270790
2019-12-06,17.7,17.7,16.2,16.8,16.8,261770
2019-12-09,16.5,16.5,15.3,15.3,15.3,368840
2019-12-10,15.3,16.2,14.4,15.9,15.9,446340
2019-12-11,15.9,18.0,15.3,16.8,16.8,546047
2019-12-12,18.6,22.8,18.6,21.3,21.3,1677810
2019-12-13,22.8,23.4,19.2,20.4,20.4,966553
2019-12-16,19.2,20.4,18.6,20.1,20.1,402043
2019-12-17,19.5,21.0,19.2,20.7,20.7,291470
2019-12-18,20.4,20.7,19.8,20.7,20.7,223127
2019-12-19,20.4,20.7,19.8,20.7,20.7,153570
2019-12-20,21.9,23.4,21.3,23.4,23.4,785287
2019-12-23,23.1,25.5,22.5,25.2,25.2,695523
2019-12-24,24.6,26.1,24.3,24.6,24.6,325293
2019-12-26,25.8,33.9,25.2,33.9,33.9,1483900
2019-12-27,42.0,48.0,37.2,38.1,38.1,2754617
2019-12-30,43.2,50.7,39.9,50.4,50.4,2114000
2019-12-31,65.7,82.5,58.8,75.3,75.3,5043720
2020-01-02,83.1,87.9,56.1,60.3,60.3,4657913
2020-01-03,53.1,65.4,51.3,61.8,61.8,1857840
2020-01-06,69.3,70.5,63.9,66.6,66.6,1165340
2020-01-07,65.1,65.1,58.8,62.4,62.4,902250
2020-01-08,60.6,70.8,59.1,68.7,68.7,1121090
2020-01-09,71.1,72.6,63.9,65.7,65.7,989193
2020-01-10,65.4,66.9,61.8,66.6,66.6,635410
2020-01-13,63.9,65.1,59.4,61.5,61.5,836043
2020-01-14,61.8,64.8,60.3,62.4,62.4,664033
2020-01-15,61.8,67.2,61.8,65.1,65.1,567557
2020-01-16,66.0,69.9,65.4,67.2,67.2,683483
2020-01-17,69.0,72.6,68.1,72.0,72.0,802690
2020-01-21,78.0,90.0,75.3,86.4,86.4,2070357
2020-01-22,64.8,74.4,60.6,66.6,66.6,2488470
2020-01-23,58.5,58.5,51.0,52.8,52.8,1787033
2020-01-24,56.1,57.9,53.7,54.6,54.6,621197
2020-01-27,51.0,51.3,45.0,46.2,46.2,944210
2020-01-28,49.8,55.5,48.9,54.3,54.3,849707
2020-01-29,58.5,58.5,48.6,51.9,51.9,1015890
2020-01-30,49.5,51.9,49.5,50.7,50.7,264417
2020-01-31,50.1,50.7,46.5,47.7,47.7,492447
2020-02-03,46.2,51.9,45.3,49.5,49.5,493797
2020-02-04,49.8,51.6,49.8,50.4,50.4,360237
2020-02-05,49.8,51.0,47.4,51.0,51.0,311977
2020-02-06,50.1,53.4,48.6,50.7,50.7,404457
2020-02-07,49.8,52.5,49.2,51.9,51.9,297503
2020-02-10,52.5,62.1,52.2,61.8,61.8,1374293
2020-02-11,63.0,63.3,58.5,60.9,60.9,536667
2020-02-12,59.1,61.8,57.6,61.5,61.5,463507
2020-02-13,58.8,65.7,58.5,64.2,64.2,590863
2020-02-14,65.7,66.0,62.1,62.4,62.4,430583
2020-02-18,62.4,75.0,62.1,73.8,73.8,1484277
2020-02-19,78.3,86.4,76.8,83.7,83.7,1505673
2020-02-20,81.0,81.9,75.3,78.3,78.3,987663
2020-02-21,76.2,79.5,73.5,75.6,75.6,513173
2020-02-24,67.5,71.1,61.5,69.0,69.0,617560
2020-02-25,75.0,75.0,66.9,68.1,68.1,478503
2020-02-26,66.3,72.6,65.4,68.7,68.7,506583
2020-02-27,60.6,65.7,57.3,58.2,58.2,754620
2020-02-28,53.4,59.4,52.5,58.5,58.5,630710
2020-03-02,60.6,61.5,53.1,57.9,57.9,643900
2020-03-03,59.1,62.1,56.1,58.5,58.5,610070
2020-03-04,59.1,60.3,57.0,60.0,60.0,389950
2020-03-05,57.9,59.4,56.4,59.1,59.1,385067
2020-03-06,55.8,57.9,53.1,56.1,56.1,437683
2020-03-09,46.2,49.5,40.8,45.6,45.6,474457
2020-03-10,49.8,53.4,46.8,51.0,51.0,458943
2020-03-11,46.8,49.2,42.6,44.1,44.1,363350
2020-03-12,32.4,36.9,30.9,32.7,32.7,738277
2020-03-13,37.8,38.7,33.0,34.5,34.5,602700
2020-03-16,30.3,43.5,30.0,34.8,34.8,726340
2020-03-17,37.5,44.7,34.5,44.7,44.7,665233
2020-03-18,39.6,43.5,37.5,37.5,37.5,417460
2020-03-19,38.4,43.2,37.8,39.9,39.9,358250
2020-03-20,42.3,43.2,36.0,36.6,36.6,404540
2020-03-23,37.2,38.4,35.4,38.4,38.4,340187
2020-03-24,41.1,43.5,39.3,42.0,42.0,517877
2020-03-25,44.4,51.0,43.8,47.4,47.4,630120
2020-03-26,48.0,51.9,46.5,49.5,49.5,454973
2020-03-27,46.2,49.5,45.3,46.5,46.5,348697
2020-03-30,46.5,48.6,45.3,46.8,46.8,334100
2020-03-31,45.9,47.1,42.6,45.3,45.3,336650
2020-04-01,42.6,43.5,39.9,41.7,41.7,207140
2020-04-02,42.0,42.9,39.9,41.7,41.7,167920
2020-04-03,41.4,42.0,37.8,39.9,39.9,177327
2020-04-06,41.1,43.2,40.8,42.9,42.9,195297
2020-04-07,44.7,46.5,43.5,44.1,44.1,236320
2020-04-08,44.1,46.2,43.8,45.9,45.9,191493
2020-04-09,45.9,48.0,43.5,45.0,45.0,231490
2020-04-13,44.7,46.8,43.5,46.5,46.5,171530
2020-04-14,49.5,50.1,47.4,49.5,49.5,273233
2020-04-15,48.0,48.6,45.0,46.2,46.2,194443
2020-04-16,46.2,49.5,45.9,48.3,48.3,186187
2020-04-17,49.5,50.1,48.0,48.6,48.6,182967
2020-04-20,47.4,50.7,45.3,48.3,48.3,204367
2020-04-21,48.0,50.4,47.7,48.6,48.6,172070
2020-04-22,49.2,53.4,48.9,52.2,52.2,316337
2020-04-23,52.5,57.6,52.2,54.3,54.3,393350
2020-04-24,56.7,63.0,54.9,62.7,62.7,366500
2020-04-27,68.7,72.6,62.7,71.4,71.4,871530
2020-04-28,72.0,72.3,57.3,64.2,64.2,609427
2020-04-29,66.0,67.5,63.3,63.9,63.9,236983
2020-04-30,64.2,64.2,58.5,60.6,60.6,347180
2020-05-01,57.3,59.7,52.8,58.5,58.5,375923
2020-05-04,57.9,61.5,55.2,59.1,59.1,236017
2020-05-05,61.2,63.6,59.1,60.3,60.3,286950
2020-05-06,60.9,62.4,59.1,60.6,60.6,124190
2020-05-07,60.0,61.5,58.5,59.1,59.1,153820
2020-05-08,60.0,63.0,59.1,63.0,63.0,253453
2020-05-11,61.8,63.9,61.2,61.8,61.8,242253
2020-05-12,61.5,63.6,57.6,58.8,58.8,255780
2020-05-13,59.1,60.0,53.7,56.4,56.4,298887
2020-05-14,54.6,57.0,51.3,56.4,56.4,256543
2020-05-15,54.9,57.6,54.3,55.2,55.2,162017
2020-05-18,57.3,58.8,56.7,57.3,57.3,168330
2020-05-19,56.7,60.0,56.4,58.8,58.8,183207
2020-05-20,59.1,62.1,58.5,61.2,61.2,228363
2020-05-21,60.9,63.0,60.0,60.6,60.6,176173
2020-05-22,60.9,60.9,57.9,59.4,59.4,140067
2020-05-26,61.2,65.7,60.6,65.1,65.1,393383
2020-05-27,66.0,67.5,60.0,65.1,65.1,295877
2020-05-28,63.0,66.6,62.1,63.3,63.3,235323
2020-05-29,62.4,64.5,61.2,63.9,63.9,131463
2020-06-01,63.0,68.4,63.0,67.5,67.5,258320
2020-06-02,67.5,69.0,66.0,69.0,69.0,218030
2020-06-03,69.0,74.4,68.7,72.6,72.6,405710
2020-06-04,75.6,77.7,72.0,76.2,76.2,550533
2020-06-05,80.1,84.0,76.8,78.6,78.6,550493
2020-06-08,80.4,84.0,78.3,81.3,81.3,487513
2020-06-09,78.3,80.1,72.0,78.3,78.3,324947
2020-06-10,80.1,102.6,77.4,101.1,101.1,1707663
2020-06-11,87.3,88.5,75.0,76.5,76.5,1086923
2020-06-12,93.6,96.9,77.7,81.9,81.9,1246987
2020-06-15,78.0,79.5,73.8,76.2,76.2,810913
2020-06-16,81.3,82.5,75.6,77.7,77.7,556817
2020-06-17,72.9,78.6,70.5,70.8,70.8,498803
2020-06-18,70.2,70.8,66.6,68.4,68.4,380503
2020-06-19,69.0,70.5,66.0,66.0,66.0,448500
2020-06-22,67.8,69.0,62.1,65.1,65.1,448203
2020-06-23,67.8,72.9,66.6,67.2,67.2,668520
2020-06-24,69.0,74.4,66.3,70.8,70.8,861637
2020-06-25,71.4,72.6,65.4,66.6,66.6,610110
2020-06-26,67.8,69.3,60.9,62.7,62.7,1578757
2020-06-29,64.8,72.6,61.5,70.2,70.2,763263
2020-06-30,68.7,69.9,64.8,67.8,67.8,464577
2020-07-01,67.5,71.4,66.0,68.4,68.4,627613
2020-07-02,70.8,77.4,69.0,75.6,75.6,886510
2020-07-06,81.0,92.1,80.7,86.1,86.1,1220947
2020-07-07,82.2,86.1,78.0,84.9,84.9,587177
2020-07-08,84.6,88.8,80.7,88.8,88.8,645343
2020-07-09,90.6,92.4,83.4,91.2,91.2,691567
2020-07-10,90.9,100.8,87.9,92.1,92.1,1260280
2020-07-13,94.8,95.1,82.8,84.3,84.3,882983
2020-07-14,84.3,88.5,83.4,86.4,86.4,337087
2020-07-15,88.5,90.9,85.8,90.0,90.0,451883
2020-07-16,88.8,95.7,87.6,92.1,92.1,506123
2020-07-17,91.5,93.3,84.6,87.3,87.3,467240
2020-07-20,87.0,87.6,81.9,84.6,84.6,347573
2020-07-21,84.0,85.2,81.3,82.5,82.5,319500
2020-07-22,82.5,84.9,78.6,84.3,84.3,333457
2020-07-23,82.5,83.7,75.6,79.2,79.2,414507
2020-07-24,75.9,77.7,75.0,75.6,75.6,197653
2020-07-27,75.6,76.8,69.6,73.8,73.8,380830
2020-07-28,72.9,75.0,71.4,72.3,72.3,219123
2020-07-29,73.2,73.2,65.1,69.0,69.0,443930
2020-07-30,66.0,70.2,64.8,68.7,68.7,285227
2020-07-31,69.9,70.5,64.8,66.9,66.9,311077
2020-08-03,67.8,78.0,67.8,76.5,76.5,500380
2020-08-04,78.9,79.5,72.6,76.2,76.2,413987
2020-08-05,76.5,77.1,73.5,76.8,76.8,240687
2020-08-06,76.5,80.7,76.2,76.8,76.8,374307
2020-08-07,76.8,82.2,75.3,80.4,80.4,418420
2020-08-10,82.5,86.4,81.9,86.1,86.1,462473
2020-08-11,86.7,87.0,79.5,80.4,80.4,356723
2020-08-12,82.2,83.4,78.6,83.1,83.1,233567
2020-08-13,83.1,88.2,82.8,84.9,84.9,400713
2020-08-14,84.9,86.4,80.4,81.9,81.9,240047
2020-08-17,81.0,85.8,80.4,85.2,85.2,235757
2020-08-18,85.2,92.7,84.9,91.8,91.8,681767
2020-08-19,91.2,105.0,90.3,95.1,95.1,1655537
2020-08-20,96.6,96.6,87.0,88.8,88.8,627673
2020-08-21,88.5,95.1,87.0,87.6,87.6,446777
2020-08-24,88.8,91.8,81.3,83.4,83.4,461857
2020-08-25,83.4,88.2,81.9,86.4,86.4,324030
2020-08-26,85.5,93.0,85.2,88.2,88.2,525320
2020-08-27,89.7,92.4,85.8,88.5,88.5,284650
2020-08-28,88.5,89.7,87.0,89.7,89.7,225800
2020-08-31,89.1,89.4,83.4,85.2,85.2,330053
2020-09-01,85.2,87.0,81.3,87.0,87.0,337103
2020-09-02,85.8,86.1,78.6,80.1,80.1,450360
2020-09-03,79.8,80.4,72.0,72.9,72.9,541253
2020-09-04,77.7,78.0,69.9,76.8,76.8,420130
2020-09-08,75.0,80.4,74.4,75.6,75.6,432610
2020-09-09,78.0,80.1,73.8,78.9,78.9,369283
2020-09-10,75.0,75.0,63.9,65.1,65.1,1308900
2020-09-11,67.8,68.4,63.0,65.1,65.1,493183
2020-09-14,66.3,68.4,63.3,67.8,67.8,425037
2020-09-15,68.4,74.1,68.1,72.6,72.6,374843
2020-09-16,73.5,75.9,70.2,75.0,75.0,367453
2020-09-17,74.1,77.1,71.1,73.8,73.8,404347
2020-09-18,74.1,79.2,72.9,78.6,78.6,484760
2020-09-21,75.0,78.0,71.7,77.7,77.7,428933
2020-09-22,76.8,77.7,72.9,74.1,74.1,232060
2020-09-23,73.2,75.6,65.7,66.9,66.9,357793
2020-09-24,67.2,72.0,65.1,68.4,68.4,269377
2020-09-25,68.4,71.1,66.9,68.7,68.7,185820
2020-09-28,71.1,74.7,70.2,72.9,72.9,297010
2020-09-29,75.3,77.1,72.9,76.8,76.8,547123
2020-09-30,65.7,68.4,63.6,64.2,64.2,1817120
2020-10-01,65.7,65.7,63.0,63.0,63.0,706007
2020-10-02,60.6,62.1,59.4,60.6,60.6,747207
2020-10-05,62.7,63.6,47.4,56.7,56.7,3132073
2020-10-06,58.5,60.6,55.5,57.6,57.6,1000113
2020-10-07,59.1,66.6,57.9,64.8,64.8,1166650
2020-10-08,73.5,78.3,69.3,71.4,71.4,2253327
2020-10-09,76.2,79.8,72.9,78.6,78.6,2025173
2020-10-12,81.9,82.5,73.5,76.2,76.2,1067743
2020-10-13,75.3,78.6,73.2,74.4,74.4,543280
2020-10-14,75.3,75.6,71.4,72.9,72.9,506473
2020-10-15,70.2,73.8,69.0,73.2,73.2,355557
2020-10-16,72.9,74.1,69.6,69.9,69.9,360540
2020-10-19,70.5,73.2,68.7,69.6,69.6,367713
2020-10-20,69.3,70.5,68.1,69.0,69.0,260673
2020-10-21,67.8,68.4,63.9,65.4,65.4,464310
2020-10-22,66.0,68.4,63.3,67.8,67.8,321963
2020-10-23,68.7,71.7,66.9,71.4,71.4,355003
2020-10-26,69.3,73.2,66.3,67.5,67.5,357263
2020-10-27,68.1,69.3,66.0,66.6,66.6,212257
2020-10-28,64.5,65.7,63.0,64.2,64.2,332423
2020-10-29,65.4,65.7,61.8,64.8,64.8,295070
2020-10-30,64.2,64.5,59.4,60.0,60.0,523820
2020-11-02,62.7,65.1,60.3,64.5,64.5,338993
2020-11-03,66.9,69.9,65.4,69.6,69.6,625570
2020-11-04,67.8,68.1,64.8,66.9,66.9,351827
2020-11-05,68.1,75.0,68.1,74.4,74.4,691920
2020-11-06,74.1,74.4,70.5,71.7,71.7,391050
2020-11-09,75.6,79.5,72.6,75.6,75.6,834817
2020-11-10,75.9,77.1,69.9,72.9,72.9,520217
2020-11-11,72.9,82.5,72.0,80.7,80.7,1143393
2020-11-12,78.9,80.7,75.6,76.8,76.8,603900
2020-11-13,77.4,89.7,77.4,85.5,85.5,1530580
2020-11-16,89.4,113.4,89.1,112.5,112.5,3209193
2020-11-17,129.9,135.6,115.5,123.6,123.6,5014653
2020-11-18,122.1,174.0,117.3,153.0,153.0,7711123
2020-11-19,154.2,179.7,150.6,160.8,160.8,7031700
2020-11-20,157.2,174.0,151.5,166.2,166.2,3316300
2020-11-23,185.7,261.0,184.5,256.5,256.5,7968807
2020-11-24,299.1,339.3,197.4,230.1,230.1,7905467
2020-11-25,220.5,265.8,211.5,265.2,265.2,4053583
2020-11-27,276.9,307.2,273.0,290.7,290.7,3028717
2020-11-30,317.4,327.0,265.8,306.0,306.0,3602383
2020-12-01,301.5,308.7,270.3,271.5,271.5,2106703
2020-12-02,206.4,232.5,195.6,217.2,217.2,4620987
2020-12-03,240.0,244.8,220.5,221.4,221.4,2433713
2020-12-04,223.2,247.8,216.9,238.5,238.5,2128517
2020-12-07,252.0,253.8,232.8,234.9,234.9,1649587
2020-12-08,231.9,274.5,226.2,263.4,263.4,2865487
2020-12-09,266.7,276.0,234.0,244.5,244.5,2042297
2020-12-10,236.1,254.7,233.7,247.5,247.5,1015133
2020-12-11,240.6,247.2,228.0,236.4,236.4,1047230
2020-12-14,240.3,243.3,223.8,231.0,231.0,853710
2020-12-15,236.1,260.4,234.9,244.2,244.2,1632290
2020-12-16,248.1,253.5,237.0,253.5,253.5,964283
2020-12-17,255.0,271.5,249.6,259.8,259.8,1290023
2020-12-18,258.0,291.9,251.4,279.0,279.0,2665343
2020-12-21,273.9,289.5,270.0,281.4,281.4,1281060
2020-12-22,295.8,345.0,292.5,322.5,322.5,3152610
2020-12-23,357.0,417.3,342.9,402.6,402.6,5790740
2020-12-24,402.0,411.0,360.9,369.0,369.0,1851683
2020-12-28,392.4,407.7,337.5,346.5,346.5,2356963
2020-12-29,337.5,351.3,309.0,327.3,327.3,1747543
2020-12-30,339.0,366.0,322.5,352.2,352.2,2088323
2020-12-31,350.1,363.0,333.0,335.1,335.1,1136250
2021-01-04,338.4,347.1,312.0,318.3,318.3,1202570
2021-01-05,307.5,340.2,303.9,336.0,336.0,1110377
2021-01-06,359.1,403.5,346.5,369.0,369.0,2849553
2021-01-07,427.8,464.7,402.3,449.7,449.7,3284057
2021-01-08,498.3,508.2,442.5,459.6,459.6,2897833
2021-01-11,429.0,491.1,420.9,472.5,472.5,1878327
2021-01-12,502.5,571.8,492.3,571.5,571.5,3175990
2021-01-13,616.2,628.2,540.6,574.2,574.2,3842097
2021-01-14,518.1,539.1,500.4,528.0,528.0,2850827
2021-01-15,497.1,509.7,457.5,475.2,475.2,1992837
2021-01-19,501.3,549.6,489.0,543.9,543.9,1801407
2021-01-20,531.9,539.4,489.9,502.8,502.8,1639540
2021-01-21,474.9,536.4,459.9,518.7,518.7,1989940
2021-01-22,504.3,545.4,501.0,543.9,543.9,1316853
2021-01-25,540.9,582.9,510.9,541.5,541.5,1477880
2021-01-26,557.4,682.2,544.8,649.2,649.2,3401517
2021-01-27,608.1,726.0,591.3,647.1,647.1,1737697
2021-01-28,676.2,750.0,615.3,659.4,659.4,1736957
2021-01-29,685.2,704.7,615.3,622.8,622.8,1291840
2021-02-01,646.8,659.4,603.6,656.4,656.4,895143
2021-02-02,661.8,709.2,615.6,642.9,642.9,1584290
2021-02-03,647.4,699.6,642.6,686.4,686.4,1072477
2021-02-04,694.5,738.9,690.9,712.8,712.8,989423
2021-02-05,726.0,736.2,693.0,717.6,717.6,686970
2021-02-08,723.6,795.6,722.1,791.7,791.7,967543
2021-02-09,807.0,866.7,804.3,838.8,838.8,1057753
2021-02-10,876.0,883.2,765.3,795.6,795.6,1128523
2021-02-11,810.0,812.1,741.6,772.8,772.8,676330
2021-02-12,767.4,793.2,730.5,786.0,786.0,445887
2021-02-16,791.7,799.2,696.6,714.3,714.3,851907
2021-02-17,682.5,711.9,645.0,663.6,663.6,829893
2021-02-18,603.0,640.2,553.2,553.8,553.8,1605487
2021-02-19,598.5,650.7,586.2,606.6,606.6,1300080
2021-02-22,590.4,605.1,530.7,536.1,536.1,928217
2021-02-23,482.7,523.8,416.7,515.1,515.1,1605463
2021-02-24,529.5,552.6,504.6,550.5,550.5,869157
2021-02-25,523.2,550.5,481.8,491.4,491.4,876430
2021-02-26,495.0,527.4,472.8,508.2,508.2,948340
2021-03-01,546.0,561.0,520.8,560.7,560.7,729003
2021-03-02,560.7,573.6,524.4,526.5,526.5,699820
2021-03-03,530.4,539.4,465.6,472.8,472.8,823657
2021-03-04,460.2,479.4,382.8,422.4,422.4,1577660
2021-03-05,426.3,431.7,332.1,391.5,391.5,1653897
2021-03-08,394.8,421.8,374.1,378.6,378.6,908300
2021-03-09,415.2,464.4,401.1,456.9,456.9,1301483
2021-03-10,502.2,537.0,458.1,488.4,488.4,1886783
2021-03-11,520.5,551.7,492.0,550.8,550.8,1214170
2021-03-12,514.5,558.0,504.0,544.8,544.8,1159897
2021-03-15,540.3,551.1,506.4,510.9,510.9,1057250
2021-03-16,444.0,490.5,436.5,462.6,462.6,1899737
2021-03-17,452.1,476.1,438.0,471.0,471.0,1118377
2021-03-18,456.0,465.3,424.2,428.1,428.1,769643
2021-03-19,421.8,451.8,413.1,449.1,449.1,940947
2021-03-22,457.8,467.7,435.9,451.2,451.2,736273
2021-03-23,442.5,455.1,411.0,418.2,418.2,849443
2021-03-24,422.1,423.3,374.4,375.0,375.0,839867
2021-03-25,351.0,400.8,346.5,398.4,398.4,1023610
2021-03-26,402.0,408.0,377.1,397.8,397.8,704000
2021-03-29,396.0,398.1,366.6,370.8,370.8,723213
2021-03-30,364.8,399.9,360.6,393.9,393.9,882757
2021-03-31,419.4,435.6,408.3,432.3,432.3,999810
2021-04-01,459.0,466.5,426.6,430.5,430.5,1140273
2021-04-05,436.5,440.4,405.3,407.1,407.1,725773
2021-04-06,403.8,422.7,403.5,415.5,415.5,515590
2021-04-07,408.6,411.0,379.8,382.5,382.5,596580
2021-04-08,382.2,393.0,376.8,380.1,380.1,494950
2021-04-09,376.8,381.9,369.3,373.8,373.8,367077
2021-04-12,365.1,367.2,336.9,341.7,341.7,706670
2021-04-13,327.9,338.1,321.6,334.5,334.5,826603
2021-04-14,337.8,351.6,328.2,330.9,330.9,574773
2021-04-15,333.6,334.5,273.6,289.8,289.8,1571920
2021-04-16,285.9,300.0,277.8,295.8,295.8,1258040
2021-04-19,288.0,292.8,267.9,276.3,276.3,805087
2021-04-20,271.8,284.1,255.3,257.7,257.7,936640
2021-04-21,246.0,280.5,238.2,278.7,278.7,1328863
2021-04-22,291.6,312.9,276.0,279.0,279.0,1738060
2021-04-23,282.9,306.3,274.8,306.0,306.0,865770
2021-04-26,321.6,322.5,297.3,318.3,318.3,1104333
2021-04-27,318.0,325.5,306.3,311.4,311.4,775710
2021-04-28,301.8,317.7,294.9,312.9,312.9,548367
2021-04-29,318.3,319.8,292.5,302.4,302.4,679303
2021-04-30,294.6,312.6,287.4,291.3,291.3,649927
2021-05-03,292.8,293.1,268.8,272.7,272.7,665700
2021-05-04,259.2,263.4,248.1,259.5,259.5,765697
2021-05-05,264.6,266.1,247.5,250.8,250.8,586773
2021-05-06,241.2,249.3,229.8,237.9,237.9,807053
2021-05-07,242.4,258.0,239.4,245.4,245.4,589907
2021-05-10,240.3,241.8,216.3,217.5,217.5,801143
2021-05-11,199.8,240.9,192.6,237.0,237.0,1325903
2021-05-12,229.5,244.8,226.2,228.9,228.9,767480
2021-05-13,231.0,235.8,204.0,213.9,213.9,915147
2021-05-14,231.3,237.0,217.8,232.5,232.5,628883
2021-05-17,231.0,243.0,225.6,238.5,238.5,523033
2021-05-18,240.6,259.8,234.6,248.1,248.1,730747
2021-05-19,240.0,255.9,235.5,254.7,254.7,610263
2021-05-20,261.3,263.7,243.0,254.4,254.4,569273
2021-05-21,255.3,270.9,251.4,267.3,267.3,769797
2021-05-24,271.2,271.2,246.9,255.0,255.0,720527
2021-05-25,251.4,260.4,249.6,252.6,252.6,459417
2021-05-26,253.5,288.0,251.4,282.3,282.3,861783
2021-05-27,289.8,296.1,278.7,295.2,295.2,691160
2021-05-28,306.6,317.4,292.5,294.6,294.6,830633
2021-06-01,298.8,306.0,288.0,302.7,302.7,513430
2021-06-02,302.4,313.2,293.4,312.9,312.9,577637
2021-06-03,306.0,318.9,298.5,301.2,301.2,594653
2021-06-04,303.3,315.3,299.1,299.7,299.7,457320
2021-06-07,301.2,353.1,298.2,345.6,345.6,1269200
2021-06-08,364.5,378.6,346.2,364.2,364.2,1528687
2021-06-09,372.6,373.5,336.9,338.1,338.1,778170
2021-06-10,299.4,312.6,289.8,301.8,301.8,1451473
2021-06-11,305.1,320.4,303.0,317.4,317.4,629357
2021-06-14,303.0,308.1,287.4,290.4,290.4,958963
2021-06-15,288.9,295.8,270.6,276.3,276.3,768760
2021-06-16,270.3,279.3,267.9,275.1,275.1,697863
2021-06-17,270.0,279.9,266.4,270.9,270.9,668257
2021-06-18,270.6,276.6,260.4,264.0,264.0,594777
2021-06-21,265.2,265.8,254.7,264.9,264.9,545193
2021-06-22,266.4,285.6,263.1,280.5,280.5,965603
2021-06-23,279.6,285.3,273.6,283.8,283.8,649363
2021-06-24,285.0,288.6,276.0,276.9,276.9,494503
2021-06-25,278.7,282.9,264.9,265.8,265.8,723400
2021-06-28,268.2,281.1,266.4,278.7,278.7,632740
2021-06-29,282.0,294.0,268.8,273.0,273.0,915653
2021-06-30,273.0,273.6,262.8,267.0,267.0,537940
2021-07-01,269.4,269.7,252.9,258.0,258.0,636140
2021-07-02,257.1,261.0,246.6,251.4,251.4,491583
2021-07-06,253.2,262.5,247.8,251.7,251.7,512553
2021-07-07,252.0,252.3,235.2,242.1,242.1,563080
2021-07-08,228.9,245.1,227.4,241.2,241.2,508167
2021-07-09,242.7,244.5,235.5,241.5,241.5,291747
2021-07-12,243.6,246.0,231.9,240.6,240.6,369853
2021-07-13,238.2,238.8,226.8,227.1,227.1,426107
2021-07-14,227.4,228.0,210.3,212.1,212.1,739430
2021-07-15,210.6,220.2,200.1,208.2,208.2,694027
2021-07-16,210.6,210.9,195.9,196.5,196.5,549087
2021-07-19,189.3,202.8,187.5,198.6,198.6,739073
2021-07-20,201.6,205.5,192.0,202.5,202.5,517563
2021-07-21,203.7,215.1,202.5,210.0,210.0,524490
2021-07-22,211.8,212.4,198.0,200.7,200.7,393600
2021-07-23,201.0,201.3,188.7,192.0,192.0,418347
2021-07-26,190.2,200.7,189.6,193.8,193.8,367987
2021-07-27,192.6,193.8,181.5,190.2,190.2,454513
2021-07-28,192.3,200.7,188.4,196.5,196.5,423360
2021-07-29,198.6,199.2,191.1,192.9,192.9,315493
2021-07-30,191.4,196.8,188.4,189.9,189.9,309290
2021-08-02,194.1,196.5,189.3,189.9,189.9,278333
2021-08-03,190.2,190.5,183.6,186.0,186.0,335537
2021-08-04,184.5,189.6,177.9,179.4,179.4,440327
2021-08-05,179.1,190.5,176.4,185.7,185.7,440590
2021-08-06,192.9,197.4,186.6,189.9,189.9,477210
2021-08-09,191.7,225.9,188.7,216.6,216.6,1322593
2021-08-10,234.9,249.3,219.0,225.6,225.6,2129717
2021-08-11,226.5,229.2,202.5,205.2,205.2,1161563
2021-08-12,204.0,209.1,194.1,200.7,200.7,529220
2021-08-13,197.1,198.3,182.1,184.2,184.2,700603
2021-08-16,186.3,190.8,178.2,182.1,182.1,757113
2021-08-17,180.0,184.2,173.1,177.6,177.6,583173
2021-08-18,179.1,189.6,173.4,182.1,182.1,562137
2021-08-19,180.0,183.0,170.4,171.6,171.6,463957
2021-08-20,171.6,177.6,170.7,173.4,173.4,369813
2021-08-23,177.0,186.0,174.3,184.2,184.2,450530
2021-08-24,184.8,191.7,180.6,188.1,188.1,524237
2021-08-25,188.1,194.1,183.6,186.9,186.9,376537
2021-08-26,184.8,195.9,180.9,183.6,183.6,446283
2021-08-27,184.8,191.1,182.7,188.4,188.4,327907
2021-08-30,189.0,189.9,178.2,186.3,186.3,466780
2021-08-31,184.5,191.4,183.9,187.2,187.2,343937
2021-09-01,186.3,195.9,186.0,191.1,191.1,421997
2021-09-02,193.2,197.7,189.6,192.6,192.6,413267
2021-09-03,192.6,193.2,181.8,183.6,183.6,466020
2021-09-07,184.5,189.9,179.7,180.0,180.0,509733
2021-09-08,180.6,181.8,170.7,171.6,171.6,597987
2021-09-09,172.2,181.2,171.0,174.6,174.6,488060
2021-09-10,179.1,179.1,166.5,167.4,167.4,651230
2021-09-13,168.6,172.5,160.2,168.6,168.6,735837
2021-09-14,186.0,226.2,183.6,193.2,193.2,7151997
2021-09-15,194.4,198.3,176.7,184.2,184.2,1982863
2021-09-16,182.1,188.7,180.0,184.5,184.5,678967
2021-09-17,185.1,196.5,183.9,196.5,196.5,1049347
2021-09-20,187.2,191.4,179.1,183.6,183.6,783937
2021-09-21,188.1,189.0,178.5,180.0,180.0,625990
2021-09-22,181.2,202.5,180.3,199.8,199.8,1144507
2021-09-23,202.8,219.3,198.3,217.2,217.2,1330883
2021-09-24,211.5,217.2,208.5,209.1,209.1,684587
2021-09-27,211.8,233.7,210.9,229.5,229.5,1071290
2021-09-28,224.4,235.8,215.1,215.7,215.7,906983
2021-09-29,219.6,220.5,196.8,197.1,197.1,863573
2021-09-30,198.6,205.2,196.8,200.7,200.7,529273
2021-10-01,202.2,204.3,191.1,192.9,192.9,536260
2021-10-04,190.5,191.1,178.2,180.0,180.0,640410
2021-10-05,183.0,188.4,179.4,181.2,181.2,558547
2021-10-06,177.0,186.0,175.8,182.1,182.1,483210
2021-10-07,183.6,193.8,180.9,190.8,190.8,584997
2021-10-08,192.0,198.0,190.2,191.7,191.7,437253
2021-10-11,191.1,209.1,190.5,201.3,201.3,658073
2021-10-12,202.5,211.2,201.3,207.6,207.6,629820
2021-10-13,216.0,219.3,207.9,217.5,217.5,978687
2021-10-14,221.4,223.2,206.1,216.6,216.6,1302060
2021-10-15,217.8,235.5,213.9,221.7,221.7,1543473
2021-10-18,230.7,267.9,230.1,262.2,262.2,5271930
2021-10-19,259.5,267.0,240.9,257.7,257.7,4444700
2021-10-20,253.5,259.8,241.5,243.9,243.9,1799790
2021-10-21,245.1,263.7,241.2,243.3,243.3,2116840
2021-10-22,241.5,245.7,216.3,218.7,218.7,1505373
2021-10-25,222.6,226.8,214.8,226.2,226.2,1078467
2021-10-26,227.7,233.7,213.3,215.1,215.1,929223
2021-10-27,217.2,226.2,208.8,210.0,210.0,814903
2021-10-28,210.6,238.2,210.3,227.1,227.1,1760953
2021-10-29,226.8,241.8,225.0,239.7,239.7,1129177
2021-11-01,248.4,289.5,247.5,285.9,285.9,2700717
2021-11-02,297.0,299.7,269.1,282.9,282.9,2747047
2021-11-03,269.7,286.5,263.4,284.4,284.4,1111190
2021-11-04,288.3,288.9,273.6,278.4,278.4,950027
2021-11-05,273.9,278.4,260.4,268.5,268.5,820867
2021-11-08,286.8,336.6,283.5,324.3,324.3,2966393
2021-11-09,327.9,330.0,295.5,324.9,324.9,1539587
2021-11-10,307.5,328.8,298.8,307.2,307.2,1190370
2021-11-11,312.6,343.8,303.0,333.6,333.6,1505303
2021-11-12,337.5,348.9,324.0,336.9,336.9,1164780
2021-11-15,342.0,346.2,315.3,323.1,323.1,1057430
2021-11-16,315.9,321.0,297.3,317.7,317.7,989527
2021-11-17,309.9,332.4,306.0,307.2,307.2,793840
2021-11-18,306.6,307.8,274.5,283.8,283.8,1118310
2021-11-19,284.1,306.3,283.8,294.3,294.3,823617
2021-11-22,300.9,305.7,275.7,282.3,282.3,906273
2021-11-23,278.1,288.0,268.5,281.1,281.1,687843
2021-11-24,277.2,288.3,266.1,285.9,285.9,538450
2021-11-26,269.7,279.3,257.7,268.2,268.2,677753
2021-11-29,270.6,275.4,258.0,267.6,267.6,605090
2021-11-30,263.4,272.1,244.5,260.4,260.4,710407
2021-12-01,265.8,270.0,238.2,239.1,239.1,786063
2021-12-02,235.2,250.2,233.1,244.5,244.5,723150
2021-12-03,244.8,244.8,212.7,218.7,218.7,1089750
2021-12-06,214.5,221.7,202.2,216.0,216.0,811513
2021-12-07,225.6,234.9,222.6,226.5,226.5,684850
2021-12-08,225.6,233.7,219.0,228.3,228.3,467987
2021-12-09,225.0,230.1,209.1,210.3,210.3,640880
2021-12-10,212.1,217.5,204.0,207.9,207.9,594643
2021-12-13,207.0,213.3,200.1,206.7,206.7,631303
2021-12-14,199.5,201.0,187.5,189.9,189.9,960467
2021-12-15,187.8,199.5,182.4,195.9,195.9,788580
2021-12-16,201.9,204.0,185.7,188.1,188.1,819550
2021-12-17,184.5,194.4,177.6,189.3,189.3,913103
2021-12-20,180.0,185.4,177.3,181.5,181.5,562483
2021-12-21,183.0,194.1,182.7,192.3,192.3,556110
2021-12-22,189.6,195.9,187.5,192.0,192.0,436433
2021-12-23,193.2,196.5,186.0,193.8,193.8,494763
2021-12-27,205.8,208.5,187.2,189.0,189.0,1144550
2021-12-28,184.2,187.5,175.2,176.1,176.1,965400
2021-12-29,153.9,159.0,144.9,153.3,153.3,2255767
2021-12-30,151.8,165.0,151.5,159.9,159.9,1032430
2021-12-31,158.7,165.3,155.7,156.0,156.0,719877
2022-01-03,160.5,176.7,157.5,173.4,173.4,1041747
2022-01-04,174.0,176.7,164.1,176.4,176.4,909977
2022-01-05,172.8,175.5,157.8,159.6,159.6,755543
2022-01-06,158.4,162.3,149.7,154.2,154.2,700003
2022-01-07,155.7,160.8,151.8,153.0,153.0,611843
2022-01-10,149.1,151.5,144.0,149.1,149.1,746230
2022-01-11,150.0,160.2,147.6,155.4,155.4,706083
2022-01-12,158.4,159.9,150.3,152.1,152.1,597450
2022-01-13,153.9,156.0,145.8,146.1,146.1,668117
2022-01-14,143.7,148.8,140.4,144.9,144.9,679390
2022-01-18,142.8,144.6,136.8,137.4,137.4,698917
2022-01-19,137.4,139.5,128.4,129.0,129.0,967040
2022-01-20,131.7,135.3,123.3,123.9,123.9,1032590
2022-01-21,119.7,125.1,115.5,117.0,117.0,1472617
2022-01-24,111.9,117.6,103.2,117.6,117.6,1237950
2022-01-25,112.5,119.1,111.6,116.1,116.1,584363
2022-01-26,124.2,126.3,114.0,115.8,115.8,935847
2022-01-27,117.3,119.4,105.0,106.8,106.8,962570
2022-01-28,107.4,111.0,102.0,110.4,110.4,708030
2022-01-31,110.4,127.8,110.4,127.2,127.2,929203
2022-02-01,129.9,138.0,126.0,133.8,133.8,923577
2022-02-02,135.3,135.6,124.2,125.7,125.7,749743
2022-02-03,120.3,128.4,119.7,122.1,122.1,720960
2022-02-04,123.3,131.4,121.5,128.4,128.4,524927
2022-02-07,126.6,136.5,126.3,131.1,131.1,746963
2022-02-08,129.9,136.2,128.7,135.6,135.6,501430
2022-02-09,138.9,144.9,136.2,144.3,144.3,616140
2022-02-10,140.7,153.0,137.7,144.6,144.6,785187
2022-02-11,145.2,151.2,137.4,139.2,139.2,685073
2022-02-14,135.9,145.2,135.9,138.6,138.6,515563
2022-02-15,142.5,165.6,141.6,164.7,164.7,1131173
2022-02-16,159.9,167.1,156.3,165.0,165.0,802387
2022-02-17,160.8,168.9,156.3,157.8,157.8,622823
2022-02-18,157.5,157.5,147.0,150.3,150.3,607180
2022-02-22,144.3,151.8,140.7,142.2,142.2,566497
2022-02-23,146.7,148.5,139.8,140.4,140.4,485827
2022-02-24,129.3,159.0,127.5,157.8,157.8,927880
2022-02-25,157.5,161.4,150.3,158.4,158.4,700667
2022-02-28,168.3,183.9,163.8,180.0,180.0,1496720
2022-03-01,182.7,187.2,175.8,183.0,183.0,1054757
2022-03-02,186.6,188.1,174.6,182.1,182.1,705603
2022-03-03,183.6,183.6,169.8,170.7,170.7,543777
2022-03-04,169.2,178.2,161.7,163.2,163.2,569640
2022-03-07,168.0,188.1,166.8,177.6,177.6,1160043
2022-03-08,180.6,198.3,173.1,189.3,189.3,1402313
2022-03-09,190.2,192.0,178.8,189.6,189.6,913530
2022-03-10,187.8,213.0,187.2,208.2,208.2,1277207
2022-03-11,209.7,219.9,198.3,201.3,201.3,886077
2022-03-14,195.6,196.2,172.5,174.6,174.6,810720
2022-03-15,174.3,178.2,163.5,176.1,176.1,609190
2022-03-16,180.6,186.3,171.6,186.0,186.0,762007
2022-03-17,183.6,195.6,182.4,192.0,192.0,691810
2022-03-18,189.0,207.6,189.0,201.3,201.3,894047
2022-03-21,198.6,207.9,191.7,196.2,196.2,561513
2022-03-22,195.9,210.6,192.6,205.5,205.5,709330
2022-03-23,204.3,211.2,196.5,197.1,197.1,839537
2022-03-24,198.3,200.1,189.9,198.6,198.6,762897
2022-03-25,198.3,198.3,183.0,186.6,186.6,641973
2022-03-28,185.7,192.3,179.4,183.3,183.3,663993
2022-03-29,185.1,192.3,179.4,187.2,187.2,903827
2022-03-30,186.3,188.1,175.8,176.1,176.1,633477
2022-03-31,176.7,183.6,172.5,172.8,172.8,537660
2022-04-01,175.5,177.0,168.6,172.2,172.2,425933
2022-04-04,173.7,190.8,173.4,187.8,187.8,756720
2022-04-05,187.8,190.5,178.2,179.4,179.4,558343
2022-04-06,175.2,178.5,164.4,169.8,169.8,630200
2022-04-07,169.8,172.2,161.7,167.4,167.4,386690
2022-04-08,166.8,167.7,161.1,161.7,161.7,303653
2022-04-11,159.0,169.5,155.4,164.7,164.7,536777
2022-04-12,165.9,173.4,161.4,162.3,162.3,449420
2022-04-13,162.9,166.2,159.0,165.3,165.3,338337
2022-04-14,165.3,165.9,157.5,157.8,157.8,309040
2022-04-18,156.9,156.9,149.4,152.7,152.7,359810
2022-04-19,155.7,161.1,151.5,158.4,158.4,455977
2022-04-20,159.9,159.9,147.3,147.3,147.3,471237
2022-04-21,149.1,150.6,135.0,136.2,136.2,580010
2022-04-22,137.1,139.8,130.2,132.3,132.3,633467
2022-04-25,129.3,136.5,127.2,135.6,135.6,550167
2022-04-26,134.7,140.1,129.9,130.2,130.2,374663
2022-04-27,130.8,134.7,125.4,126.3,126.3,334950
2022-04-28,129.0,129.9,117.9,126.6,126.6,437327
2022-04-29,125.4,133.2,122.4,122.4,122.4,341207
2022-05-02,122.1,129.0,120.6,128.4,128.4,421410
2022-05-03,126.3,134.4,126.0,130.5,130.5,332970
2022-05-04,130.5,143.4,128.4,143.1,143.1,501843
2022-05-05,141.0,141.0,126.6,129.6,129.6,436560
2022-05-06,129.0,129.3,115.5,117.6,117.6,535937
2022-05-09,114.0,115.5,103.2,105.0,105.0,570240
2022-05-10,109.8,111.9,99.3,100.2,100.2,577130
2022-05-11,99.3,103.5,89.7,90.9,90.9,847097
2022-05-12,87.9,100.5,86.1,94.8,94.8,708240
2022-05-13,100.5,108.0,97.8,105.6,105.6,592093
2022-05-16,104.4,109.2,101.4,101.7,101.7,442237
2022-05-17,106.5,113.4,104.1,111.9,111.9,635340
2022-05-18,109.5,114.9,105.0,105.9,105.9,600703
2022-05-19,104.4,115.5,103.8,111.6,111.6,694997
2022-05-20,114.6,115.2,103.5,111.0,111.0,781517
2022-05-23,111.9,112.8,105.0,111.9,111.9,437537
2022-05-24,109.5,109.5,100.5,102.3,102.3,388507
2022-05-25,102.0,110.1,102.0,108.9,108.9,296170
2022-05-26,108.9,122.1,106.2,119.4,119.4,731960
2022-05-27,120.6,127.2,120.6,126.6,126.6,542433
2022-05-31,124.5,129.0,120.9,123.0,123.0,565867
2022-06-01,124.2,126.3,114.3,116.4,116.4,535477
2022-06-02,116.1,132.3,116.1,129.6,129.6,693830
2022-06-03,127.5,130.5,121.8,123.0,123.0,570037
2022-06-06,125.7,135.9,122.7,127.5,127.5,851257
2022-06-07,124.8,130.8,123.0,127.5,127.5,472880
2022-06-08,126.3,130.8,120.6,122.1,122.1,502637
2022-06-09,109.8,123.0,108.0,114.0,114.0,654570
2022-06-10,111.3,115.5,108.0,112.8,112.8,489610
2022-06-13,106.2,106.8,98.7,99.0,99.0,510530
2022-06-14,101.1,102.3,97.2,99.6,99.6,331610
2022-06-15,100.5,105.6,97.2,102.9,102.9,537943
2022-06-16,100.5,102.3,94.5,97.5,97.5,416897
2022-06-17,98.4,105.3,98.1,103.8,103.8,477687
2022-06-21,106.2,113.4,105.6,110.4,110.4,351533
2022-06-22,107.4,114.9,106.2,113.1,113.1,318117
2022-06-23,113.7,117.9,110.1,117.9,117.9,322427
2022-06-24,119.1,119.4,113.4,117.0,117.0,469147
2022-06-27,117.6,120.0,111.9,115.8,115.8,239853
2022-06-28,116.1,117.0,109.8,111.0,111.0,331283
2022-06-29,109.5,109.5,103.5,107.7,107.7,426327
2022-06-30,105.0,113.4,104.4,112.5,112.5,509507
2022-07-01,112.2,117.0,111.3,113.4,113.4,333063
2022-07-05,110.7,115.5,105.0,115.2,115.2,371130
2022-07-06,113.7,120.9,113.7,119.4,119.4,434830
2022-07-07,119.7,129.9,119.1,126.9,126.9,390080
2022-07-08,124.8,131.7,122.4,129.6,129.6,267357
2022-07-11,127.5,129.3,118.5,120.9,120.9,401770
2022-07-12,120.3,122.7,114.3,118.2,118.2,326113
2022-07-13,114.0,123.6,110.4,118.5,118.5,451507
2022-07-14,115.8,117.0,111.6,113.4,113.4,371590
2022-07-15,112.2,112.2,102.3,104.7,104.7,849990
2022-07-18,107.7,111.6,104.7,105.0,105.0,644697
2022-07-19,107.4,107.7,103.5,105.3,105.3,402100
2022-07-20,105.9,110.4,104.4,108.0,108.0,563553
2022-07-21,108.0,108.3,104.4,106.2,106.2,421703
2022-07-22,106.2,107.1,99.3,99.9,99.9,432893
2022-07-25,100.8,101.7,96.9,100.2,100.2,287740
2022-07-26,98.7,99.6,95.4,97.2,97.2,272617
2022-07-27,99.3,102.3,98.4,101.7,101.7,335700
2022-07-28,114.6,122.1,104.7,107.1,107.1,1743107
2022-07-29,104.4,110.4,103.5,107.7,107.7,680607
2022-08-01,105.6,106.2,102.0,102.9,102.9,466477
2022-08-02,102.0,114.3,100.5,111.0,111.0,807320
2022-08-03,112.2,113.4,108.9,112.8,112.8,499177
2022-08-04,113.4,120.0,112.5,117.9,117.9,624093
2022-08-05,119.4,124.8,116.4,124.5,124.5,658353
2022-08-08,132.9,137.7,129.9,134.1,134.1,683803
2022-08-09,129.9,134.1,126.3,127.8,127.8,364630
2022-08-10,133.5,147.0,129.3,146.7,146.7,698800
2022-08-11,156.3,156.3,142.8,143.4,143.4,826227
2022-08-12,147.0,154.8,140.1,153.3,153.3,513457
2022-08-15,156.0,165.0,150.6,155.1,155.1,659773
2022-08-16,151.8,153.9,144.9,147.6,147.6,508237
2022-08-17,143.7,145.5,137.1,139.5,139.5,434890
2022-08-18,140.1,143.1,137.4,139.2,139.2,305040
2022-08-19,134.7,134.7,126.6,127.8,127.8,387397
2022-08-22,122.4,125.1,119.4,120.3,120.3,394383
2022-08-23,122.4,126.0,119.4,119.4,119.4,324117
2022-08-24,120.9,134.4,119.7,132.6,132.6,432607
2022-08-25,141.6,141.9,130.5,136.5,136.5,543400
2022-08-26,136.2,138.6,124.2,126.0,126.0,429487
2022-08-29,123.0,130.2,122.1,128.1,128.1,356663
2022-08-30,130.2,134.1,122.7,125.7,125.7,346503
2022-08-31,127.2,130.5,123.9,125.7,125.7,282437
2022-09-01,122.1,122.7,114.6,119.1,119.1,390643
2022-09-02,122.1,122.7,115.5,118.2,118.2,331430
2022-09-06,120.0,120.0,114.6,115.5,115.5,275123
2022-09-07,114.6,121.5,113.1,119.7,119.7,345980
2022-09-08,114.9,117.3,111.3,114.3,114.3,529310
2022-09-09,116.4,127.2,114.9,127.2,127.2,541547
2022-09-12,128.1,131.1,124.5,130.8,130.8,280200
2022-09-13,124.5,128.7,121.8,123.6,123.6,384260
2022-09-14,123.0,130.8,120.3,130.5,130.5,381227
2022-09-15,130.2,134.7,126.6,127.5,127.5,416627
2022-09-16,123.9,124.5,119.7,120.6,120.6,476970
2022-09-19,118.2,121.8,117.6,120.9,120.9,227203
2022-09-20,119.7,119.7,116.1,117.0,117.0,231620
2022-09-21,118.2,121.5,114.9,117.9,117.9,295033
2022-09-22,117.0,119.1,110.1,111.6,111.6,365740
2022-09-23,108.0,108.9,104.7,107.4,107.4,341397
2022-09-26,105.9,113.4,105.3,105.9,105.9,292443
2022-09-27,108.6,111.3,103.2,105.0,105.0,319293
2022-09-28,104.1,107.4,101.7,106.8,106.8,325443
2022-09-29,105.0,106.5,99.0,101.7,101.7,318733
2022-09-30,101.7,107.1,100.5,102.3,102.3,311300
2022-10-03,103.8,106.5,102.6,105.0,105.0,276617
2022-10-04,109.2,113.1,108.9,112.5,112.5,357643
2022-10-05,110.4,111.6,101.4,103.8,103.8,386240
2022-10-06,102.9,106.8,96.6,98.1,98.1,521003
2022-10-07,96.0,96.0,92.1,93.3,93.3,351920
2022-10-10,93.6,94.5,90.0,93.3,93.3,302183
2022-10-11,93.0,96.0,90.3,94.2,94.2,279147
2022-10-12,94.2,94.5,86.7,88.2,88.2,442063
2022-10-13,84.0,91.2,83.1,90.6,90.6,592880
2022-10-14,90.6,94.5,87.0,87.0,87.0,303390
2022-10-17,89.7,93.9,88.5,92.7,92.7,358970
2022-10-18,95.4,97.8,90.6,93.0,93.0,428060
2022-10-19,91.5,91.8,87.0,87.9,87.9,283990
2022-10-20,87.9,90.6,85.8,87.0,87.0,439253
2022-10-21,86.4,91.8,85.5,91.2,91.2,447463
2022-10-24,92.4,92.4,86.1,88.5,88.5,314230
2022-10-25,88.5,95.1,88.5,93.6,93.6,378833
2022-10-26,93.9,101.7,93.3,96.3,96.3,371440
2022-10-27,98.4,99.0,93.9,94.2,94.2,267923
2022-10-28,94.5,94.8,89.7,91.8,91.8,259580
2022-10-31,90.9,94.8,90.0,93.6,93.6,243080
2022-11-01,96.0,99.0,92.7,93.0,93.0,226490
2022-11-02,93.0,95.1,88.5,88.8,88.8,322473
2022-11-03,88.5,94.5,87.6,91.2,91.2,357457
2022-11-04,93.9,95.7,90.0,93.3,93.3,261540
2022-11-07,94.2,94.5,90.9,94.2,94.2,202377
2022-11-08,94.5,97.2,93.0,95.1,95.1,246913
2022-11-09,93.3,97.5,87.9,88.5,88.5,392933
2022-11-10,93.3,106.2,93.0,105.3,105.3,693063
2022-11-11,103.8,111.0,101.1,109.2,109.2,388110
2022-11-14,108.3,109.8,101.1,108.0,108.0,317060
2022-11-15,111.6,118.5,111.3,116.1,116.1,458657
2022-11-16,114.3,114.3,107.7,108.9,108.9,250460
2022-11-17,105.0,108.3,101.4,107.1,107.1,250733
2022-11-18,110.1,110.4,103.5,107.1,107.1,337417
2022-11-21,105.3,105.3,100.8,103.8,103.8,195667
2022-11-22,103.5,105.3,101.4,103.2,103.2,152277
2022-11-23,102.9,105.0,101.4,105.0,105.0,160037
2022-11-25,103.8,105.0,102.3,104.4,104.4,87327
2022-11-28,103.2,104.7,97.5,97.8,97.8,175980
2022-11-29,98.7,99.9,96.0,96.0,96.0,211190
2022-11-30,96.6,104.1,94.8,103.8,103.8,300177
2022-12-01,103.8,107.7,102.0,105.9,105.9,342950
2022-12-02,102.9,111.6,102.6,109.8,109.8,311877
2022-12-05,108.9,112.2,103.2,103.5,103.5,243293
2022-12-06,104.1,104.1,93.3,93.9,93.9,406637
2022-12-07,93.6,96.6,92.1,93.9,93.9,250097
2022-12-08,96.3,100.2,93.6,97.2,97.2,263077
2022-12-09,96.3,100.2,95.1,96.9,96.9,206807
2022-12-12,96.9,104.7,96.9,104.1,104.1,319760
2022-12-13,108.3,113.1,105.9,109.5,109.5,446780
2022-12-14,109.2,114.3,108.9,111.6,111.6,468490
2022-12-15,109.5,114.9,107.7,111.3,111.3,357403
2022-12-16,108.6,110.4,102.0,105.3,105.3,589600
2022-12-19,106.5,106.5,96.3,97.8,97.8,543010
2022-12-20,93.0,94.8,78.9,79.5,79.5,966167
2022-12-21,81.9,87.6,78.6,81.0,81.0,745797
2022-12-22,79.5,80.4,74.1,78.0,78.0,540497
2022-12-23,78.6,80.4,75.9,80.1,80.1,403807
2022-12-27,79.8,81.0,76.8,77.1,77.1,367970
2022-12-28,76.8,78.3,74.7,76.5,76.5,324520
2022-12-29,77.4,83.1,77.1,82.8,82.8,413793
2022-12-30,80.1,84.0,79.8,83.4,83.4,349880
2023-01-03,85.5,88.8,78.9,79.8,79.8,384060
2023-01-04,81.6,84.0,79.2,81.6,81.6,367290
2023-01-05,80.4,81.0,78.0,78.9,78.9,324493
2023-01-06,79.8,85.8,78.0,84.9,84.9,361840
2023-01-09,87.6,91.2,85.5,88.5,88.5,494857
2023-01-10,88.2,90.9,84.9,90.9,90.9,334347
2023-01-11,92.1,96.0,90.6,93.3,93.3,300137
2023-01-12,94.2,95.7,90.3,95.1,95.1,349323
2023-01-13,93.0,98.1,92.1,97.2,97.2,218297
2023-01-17,97.8,105.6,97.5,104.7,104.7,350633
2023-01-18,106.2,110.7,100.5,100.5,100.5,432013
2023-01-19,97.5,100.8,91.8,93.9,93.9,387253
2023-01-20,96.0,101.1,93.3,101.1,101.1,395773
2023-01-23,101.4,111.6,100.8,111.0,111.0,490493
2023-01-24,109.2,111.9,105.6,108.6,108.6,367767
2023-01-25,106.2,111.0,102.3,110.4,110.4,286690
2023-01-26,113.4,115.2,102.0,102.9,102.9,427643
2023-01-27,102.0,109.2,101.1,108.0,108.0,339937
2023-01-30,104.4,110.1,103.2,104.4,104.4,340777
2023-01-31,105.0,110.4,104.1,109.8,109.8,391583
2023-02-01,108.9,117.0,107.4,115.8,115.8,360640
2023-02-02,118.2,130.2,118.2,127.5,127.5,673093
2023-02-03,123.0,130.8,120.9,122.7,122.7,471863
2023-02-06,120.0,123.9,116.7,117.9,117.9,392327
2023-02-07,119.4,119.4,110.7,115.5,115.5,368077
2023-02-08,114.3,118.8,111.3,111.3,111.3,245140
2023-02-09,114.3,116.1,104.1,105.0,105.0,311110
2023-02-10,104.1,105.3,100.5,102.9,102.9,275313
2023-02-13,103.5,107.7,100.2,103.8,103.8,311080
2023-02-14,103.2,105.3,99.0,104.7,104.7,301143
2023-02-15,102.9,115.5,102.6,115.2,115.2,261767
2023-02-16,111.0,116.1,108.9,109.5,109.5,308293
2023-02-17,108.3,109.2,104.1,107.1,107.1,217533
2023-02-21,105.6,107.1,99.6,100.2,100.2,283953
2023-02-22,99.9,102.6,97.5,101.1,101.1,216530
2023-02-23,102.9,104.4,99.3,101.7,101.7,194283
2023-02-24,99.3,100.5,95.1,96.3,96.3,279617
2023-02-27,97.2,100.2,96.6,98.7,98.7,206840
2023-02-28,98.1,101.7,97.2,100.2,100.2,159857
2023-03-01,101.1,103.2,97.8,98.4,98.4,206990
2023-03-02,97.5,98.7,92.7,98.4,98.4,250483
2023-03-03,99.0,105.6,97.8,104.4,104.4,273747
2023-03-06,106.2,108.0,101.1,102.3,102.3,215837
2023-03-07,102.0,103.2,97.5,99.9,99.9,289843
2023-03-08,99.9,100.2,95.4,99.0,99.0,318073
2023-03-09,107.4,120.6,99.9,100.8,100.8,1075687
2023-03-10,101.1,101.7,90.6,93.0,93.0,680143
2023-03-13,91.2,98.1,88.5,95.4,95.4,422193
2023-03-14,98.7,101.7,92.4,93.9,93.9,378603
2023-03-15,91.2,92.7,87.9,91.2,91.2,406993
2023-03-16,91.5,93.0,88.8,92.7,92.7,331083
2023-03-17,91.5,93.0,87.0,87.9,87.9,387273
2023-03-20,88.2,90.6,85.2,86.1,86.1,263990
2023-03-21,87.3,92.1,87.3,89.4,89.4,312907
2023-03-22,89.4,89.4,84.6,84.9,84.9,267937
2023-03-23,86.1,90.9,84.6,85.8,85.8,353903
2023-03-24,85.8,86.7,82.8,83.7,83.7,247333
2023-03-27,85.5,85.5,79.5,80.1,80.1,327810
2023-03-28,80.4,81.3,78.3,78.6,78.6,241380
2023-03-29,80.7,85.2,78.9,83.7,83.7,386993
2023-03-30,84.9,88.2,83.4,83.4,83.4,288187
2023-03-31,84.6,89.7,82.5,85.5,85.5,344500
2023-04-03,85.8,87.6,81.3,82.8,82.8,284090
2023-04-04,84.0,84.3,78.9,80.1,80.1,264507
2023-04-05,79.8,80.1,72.9,74.1,74.1,402117
2023-04-06,74.1,74.4,71.1,71.7,71.7,325263
2023-04-10,71.7,72.0,69.0,71.7,71.7,290100
2023-04-11,72.9,74.1,71.1,73.5,73.5,268667
2023-04-12,75.6,75.9,68.7,69.3,69.3,379653
2023-04-13,70.5,70.8,68.7,69.6,69.6,244480
2023-04-14,69.6,70.2,65.1,66.6,66.6,468913
2023-04-17,66.6,70.5,66.3,69.6,69.6,311537
2023-04-18,69.6,69.9,64.2,65.1,65.1,404767
2023-04-19,64.2,65.1,63.0,64.2,64.2,274390
2023-04-20,62.4,64.2,61.8,62.1,62.1,232587
2023-04-21,62.1,62.4,60.6,61.2,61.2,303250
2023-04-24,60.6,61.8,59.4,60.6,60.6,253813
2023-04-25,59.4,59.7,55.8,55.8,55.8,335410
2023-04-26,56.1,57.0,53.1,54.0,54.0,469030
2023-04-27,54.3,59.4,54.0,56.7,56.7,393933
2023-04-28,56.1,57.3,54.6,56.4,56.4,296253
2023-05-01,59.4,66.9,58.5,61.2,61.2,711600
2023-05-02,61.8,64.5,60.9,63.3,63.3,524077
2023-05-03,63.3,69.0,62.4,66.6,66.6,519107
2023-05-04,66.9,68.4,63.9,67.2,67.2,406567
2023-05-05,68.1,74.1,66.9,73.8,73.8,609080
2023-05-08,75.6,78.3,70.2,71.7,71.7,393540
2023-05-09,68.7,70.2,67.5,70.2,70.2,276303
2023-05-10,71.4,71.7,67.5,68.4,68.4,226723
2023-05-11,67.5,68.4,64.8,66.3,66.3,217943
2023-05-12,66.9,70.2,64.5,66.9,66.9,293123
2023-05-15,66.9,73.2,66.0,72.3,72.3,297090
2023-05-16,71.7,72.0,66.9,67.2,67.2,257660
2023-05-17,67.5,71.4,67.5,70.8,70.8,265347
2023-05-18,70.5,70.8,67.5,68.7,68.7,284020
2023-05-19,69.3,70.5,61.8,63.6,63.6,719200
2023-05-22,63.6,70.8,62.7,70.5,70.5,547333
2023-05-23,69.3,71.1,66.6,67.2,67.2,305953
2023-05-24,66.3,66.3,63.3,64.5,64.5,256703
2023-05-25,65.4,66.3,60.0,61.5,61.5,423340
2023-05-26,61.8,62.1,58.8,60.9,60.9,296053
2023-05-30,62.4,67.2,61.8,65.1,65.1,369640
2023-05-31,64.8,66.6,60.6,63.6,63.6,362853
2023-06-01,63.9,66.6,62.1,65.1,65.1,284823
2023-06-02,66.9,68.4,65.1,66.9,66.9,272447
2023-06-05,66.9,67.8,64.8,64.8,64.8,272760
2023-06-06,64.5,72.6,63.9,71.4,71.4,712783
2023-06-07,73.8,77.1,71.1,71.4,71.4,825723
2023-06-08,69.0,77.7,67.5,69.3,69.3,933470
2023-06-09,69.3,69.9,65.1,69.9,69.9,542893
2023-06-12,69.6,79.2,67.8,78.0,78.0,973833
2023-06-13,79.5,84.3,76.5,83.7,83.7,834433
2023-06-14,86.1,88.2,76.2,77.1,77.1,772683
2023-06-15,76.2,82.2,74.7,81.0,81.0,470143
2023-06-16,81.9,81.9,75.3,76.8,76.8,661227
2023-06-20,76.5,77.1,71.1,72.9,72.9,479880
2023-06-21,72.3,72.6,69.0,69.9,69.9,553577
2023-06-22,69.0,69.0,65.1,66.6,66.6,535647
2023-06-23,65.1,66.9,64.2,65.4,65.4,719937
2023-06-26,66.0,67.5,65.1,65.4,65.4,310013
2023-06-27,66.0,66.3,62.7,63.9,63.9,352770
2023-06-28,63.9,66.0,63.3,63.6,63.6,545837
2023-06-29,64.2,67.5,63.6,64.8,64.8,670553
2023-06-30,66.3,66.3,63.6,64.8,64.8,502330
2023-07-03,64.5,67.2,64.2,65.1,65.1,381417
2023-07-05,64.8,68.4,63.9,65.7,65.7,637677
2023-07-06,64.5,65.1,59.7,61.5,61.5,807837
2023-07-07,61.5,64.5,61.5,62.4,62.4,471493
2023-07-10,62.7,66.0,61.8,65.4,65.4,748327
2023-07-11,66.0,66.9,64.8,66.6,66.6,472253
2023-07-12,69.0,70.5,67.2,69.6,69.6,643547
2023-07-13,70.2,73.2,69.9,71.1,71.1,617683
2023-07-14,73.5,75.6,66.3,66.3,66.3,783317
2023-07-17,67.2,76.2,65.7,74.7,74.7,831507
2023-07-18,74.7,76.2,69.3,70.2,70.2,671717
2023-07-19,72.0,73.5,70.5,72.0,72.0,398350
2023-07-20,70.2,70.8,67.5,69.0,69.0,441520
2023-07-21,69.6,69.9,66.6,67.8,67.8,435450
2023-07-24,68.1,69.6,67.2,67.5,67.5,329750
2023-07-25,67.8,68.1,64.5,65.1,65.1,393907
2023-07-26,65.1,66.3,63.6,64.8,64.8,513677
2023-07-27,66.0,67.8,62.4,62.7,62.7,561450
2023-07-28,65.4,66.0,63.0,64.5,64.5,372323
2023-07-31,65.4,66.3,63.9,65.7,65.7,590663
2023-08-01,64.8,65.4,63.6,63.9,63.9,455477
2023-08-02,63.0,63.0,57.9,60.3,60.3,823647
2023-08-03,60.9,62.4,60.6,60.9,60.9,406870
2023-08-04,61.5,62.1,58.8,59.7,59.7,451900
2023-08-07,59.7,59.7,56.1,57.3,57.3,490057
2023-08-08,56.4,57.3,54.6,57.3,57.3,355977
2023-08-09,57.6,58.8,56.7,57.3,57.3,409597
2023-08-10,56.4,58.5,54.9,57.0,57.0,390703
2023-08-11,56.1,56.4,54.9,56.1,56.1,270800
2023-08-14,55.2,56.7,54.0,56.4,56.4,254317
2023-08-15,55.8,55.8,53.4,53.4,53.4,225397
2023-08-16,54.0,54.0,50.1,51.0,51.0,461140
2023-08-17,51.6,51.9,48.6,48.9,48.9,383410
2023-08-18,47.1,48.9,46.5,48.3,48.3,319630
2023-08-21,48.3,48.6,46.2,46.2,46.2,259650
2023-08-22,46.5,47.4,42.3,43.2,43.2,431507
2023-08-23,43.5,44.4,42.0,42.6,42.6,276770
2023-08-24,43.5,43.5,39.6,39.9,39.9,354620
2023-08-25,39.9,42.6,39.6,41.4,41.4,320070
2023-08-28,45.6,45.9,39.3,39.9,39.9,637063
2023-08-29,40.2,45.0,39.6,44.1,44.1,515260
2023-08-30,44.1,46.5,42.3,42.6,42.6,316310
2023-08-31,42.3,43.5,41.4,42.0,42.0,344137
2023-09-01,42.3,45.0,42.0,44.1,44.1,301833
2023-09-05,43.8,43.8,41.7,43.2,43.2,270350
2023-09-06,42.6,43.8,41.7,42.3,42.3,194290
2023-09-07,42.3,44.4,40.2,43.8,43.8,392643
2023-09-08,44.1,44.1,42.0,43.2,43.2,271377
2023-09-11,42.6,45.0,39.3,41.7,41.7,665403
2023-09-12,40.8,42.0,39.6,40.5,40.5,420027
2023-09-13,40.5,41.1,38.4,38.4,38.4,399753
2023-09-14,38.4,39.6,38.1,38.4,38.4,392580
2023-09-15,38.7,39.3,36.3,37.2,37.2,436690
2023-09-18,36.6,37.2,34.8,35.1,35.1,322550
2023-09-19,34.8,37.2,33.9,36.3,36.3,307363
2023-09-20,36.3,38.7,35.7,36.3,36.3,303593
2023-09-21,35.4,36.0,33.9,34.8,34.8,272303
2023-09-22,35.1,36.3,34.5,35.4,35.4,270743
2023-09-25,35.1,37.5,34.8,36.9,36.9,242537
2023-09-26,36.9,39.6,36.0,37.8,37.8,292437
2023-09-27,38.4,40.2,37.8,38.7,38.7,252983
2023-09-28,38.7,39.0,36.0,37.5,37.5,351457
2023-09-29,38.1,39.3,36.9,38.4,38.4,234187
2023-10-02,37.8,38.4,34.8,36.0,36.0,417913
2023-10-03,35.1,37.5,34.2,35.7,35.7,299363
2023-10-04,35.1,37.5,34.5,37.2,37.2,300093
2023-10-05,36.3,37.8,35.7,36.6,36.6,225503
2023-10-06,36.0,37.8,35.4,37.5,37.5,191427
2023-10-09,36.3,37.5,34.5,35.7,35.7,285230
2023-10-10,36.0,41.4,35.7,40.5,40.5,537660
2023-10-11,42.9,43.2,39.3,41.1,41.1,541753
2023-10-12,41.1,41.1,38.1,38.7,38.7,336610
2023-10-13,38.4,39.6,37.2,38.7,38.7,339623
2023-10-16,39.0,39.6,36.0,38.1,38.1,540357
2023-10-17,37.5,42.9,36.9,42.0,42.0,605737
2023-10-18,42.0,42.0,37.5,38.4,38.4,424370
2023-10-19,38.7,39.3,36.6,36.9,36.9,314787
2023-10-20,36.3,36.6,33.9,34.5,34.5,1049040
2023-10-23,34.2,34.8,31.8,33.0,33.0,387107
2023-10-24,33.9,36.0,33.6,35.1,35.1,439687
2023-10-25,34.5,34.8,33.0,33.9,33.9,318297
2023-10-26,33.6,35.1,32.4,33.9,33.9,334400
2023-10-27,33.6,33.9,30.9,31.2,31.2,377413
2023-10-30,32.1,32.7,29.4,31.5,31.5,485330
2023-10-31,31.5,33.0,30.9,32.7,32.7,289257
2023-11-01,32.1,32.4,30.0,31.2,31.2,236753
2023-11-02,32.4,36.0,32.1,35.4,35.4,517013
2023-11-03,36.0,38.4,36.0,37.5,37.5,369943
2023-11-06,39.0,39.0,33.6,34.2,34.2,338293
2023-11-07,34.5,35.4,33.6,34.2,34.2,139730
2023-11-08,33.6,34.5,33.0,34.2,34.2,312950
2023-11-09,34.5,35.7,33.0,33.3,33.3,404050
2023-11-10,32.1,33.6,30.3,30.9,30.9,514360
2023-11-13,30.9,32.7,30.0,31.5,31.5,311937
2023-11-14,33.3,37.2,33.0,37.2,37.2,702263
2023-11-15,37.5,39.6,36.9,37.2,37.2,493793
2023-11-16,36.0,36.9,33.9,36.6,36.6,308470
2023-11-17,36.6,38.1,34.8,36.6,36.6,560390
2023-11-20,36.6,38.4,36.0,37.2,37.2,316080
2023-11-21,37.2,37.2,34.8,35.4,35.4,291543
2023-11-22,35.7,36.9,34.2,34.5,34.5,216670
2023-11-24,35.1,35.7,34.5,35.1,35.1,122797
2023-11-27,34.8,34.8,33.3,33.3,33.3,310570
2023-11-28,33.9,36.9,32.7,36.3,36.3,388533
2023-11-29,36.6,39.0,36.3,37.5,37.5,378750
2023-11-30,37.5,38.4,36.0,36.6,36.6,323390
2023-12-01,36.9,39.6,36.0,39.6,39.6,409170
2023-12-04,39.3,42.0,39.3,41.7,41.7,435010
2023-12-05,42.0,42.0,38.1,38.4,38.4,303737
2023-12-06,39.0,39.0,35.7,36.0,36.0,498117
2023-12-07,36.6,37.5,35.7,37.2,37.2,357987
2023-12-08,36.3,40.2,36.3,38.7,38.7,350567
2023-12-11,39.0,39.9,37.5,39.0,39.0,318517
2023-12-12,39.0,39.0,36.0,37.2,37.2,441767
2023-12-13,36.6,42.0,36.3,42.0,42.0,543673
2023-12-14,43.2,48.0,42.6,46.8,46.8,805850
2023-12-15,47.4,48.0,45.0,46.2,46.2,1065987
2023-12-18,51.3,53.1,45.6,45.9,45.9,1258093
2023-12-19,43.2,45.9,41.4,43.8,43.8,853983
2023-12-20,43.2,47.4,42.6,43.5,43.5,684327
2023-12-21,45.0,46.8,43.8,46.5,46.5,433290
2023-12-22,46.5,50.4,45.6,49.5,49.5,586360
2023-12-26,50.4,53.1,50.1,52.8,52.8,454280
2023-12-27,54.0,55.2,52.8,53.4,53.4,541150
2023-12-28,53.4,54.0,49.5,50.1,50.1,546600
2023-12-29,50.1,50.7,47.1,48.0,48.0,474907
2024-01-02,47.4,49.8,45.9,46.2,46.2,407090
2024-01-03,45.3,45.6,43.5,44.7,44.7,406870
2024-01-04,44.7,46.2,43.5,44.4,44.4,453693
2024-01-05,44.1,45.3,41.7,42.0,42.0,384817
2024-01-08,41.7,42.9,40.2,42.0,42.0,280077
2024-01-09,41.4,42.0,40.2,40.2,40.2,234837
2024-01-10,39.9,40.5,38.4,39.6,39.6,338883
2024-01-11,39.3,39.3,36.6,37.5,37.5,341463
2024-01-12,37.5,39.9,36.3,36.3,36.3,370097
2024-01-16,36.0,36.9,34.5,34.8,34.8,334933
2024-01-17,34.2,34.5,32.7,33.3,33.3,385603
2024-01-18,33.9,34.8,33.0,34.2,34.2,411347
2024-01-19,34.8,35.4,33.0,35.1,35.1,386687
2024-01-22,36.0,38.1,34.5,36.0,36.0,415663
2024-01-23,37.5,39.3,36.6,38.4,38.4,474593
2024-01-24,39.0,40.5,36.0,36.3,36.3,449140
2024-01-25,36.6,37.5,35.4,36.3,36.3,306687
2024-01-26,36.9,38.1,36.3,36.6,36.6,236660
2024-01-29,36.6,38.4,35.7,37.8,37.8,268477
2024-01-30,37.5,38.4,36.9,37.2,37.2,238003
2024-01-31,36.3,39.6,36.0,36.0,36.0,689123
2024-02-01,37.5,41.7,37.2,39.3,39.3,912170
2024-02-02,37.8,38.7,37.2,38.1,38.1,423757
2024-02-05,36.9,36.9,34.5,35.1,35.1,508407
2024-02-06,36.6,37.5,35.1,36.9,36.9,444403
2024-02-07,37.5,38.7,36.0,37.5,37.5,480123
2024-02-08,36.9,38.1,36.3,37.5,37.5,374187
2024-02-09,37.5,41.4,37.5,41.1,41.1,549967
2024-02-12,41.1,45.6,40.5,45.0,45.0,537117
2024-02-13,41.4,42.9,39.6,40.5,40.5,443280
2024-02-14,41.7,42.9,40.2,42.3,42.3,360020
2024-02-15,42.3,43.2,40.8,42.0,42.0,279297
2024-02-16,41.4,42.3,40.5,41.4,41.4,323447
2024-02-20,40.2,41.1,38.4,39.0,39.0,325217
2024-02-21,38.7,38.7,37.2,37.8,37.8,290137
2024-02-22,38.7,38.7,35.1,35.4,35.4,404567
2024-02-23,36.3,36.3,33.9,34.2,34.2,430913
2024-02-26,34.2,35.4,33.3,34.2,34.2,373853
2024-02-27,35.4,37.5,34.5,37.2,37.2,490743
2024-02-28,36.9,38.4,36.0,36.6,36.6,368517
2024-02-29,36.9,39.0,35.4,35.7,35.7,453180
2024-03-01,36.3,38.4,34.8,37.2,37.2,399977
2024-03-04,37.5,38.1,36.0,37.2,37.2,298650
2024-03-05,36.6,36.9,35.1,35.4,35.4,376377
2024-03-06,36.0,37.5,34.5,36.6,36.6,593353
2024-03-07,36.0,36.9,33.0,33.3,33.3,797583
2024-03-08,33.9,35.1,33.3,33.9,33.9,579513
2024-03-11,33.9,35.7,33.3,33.3,33.3,412537
2024-03-12,33.6,33.9,31.8,31.8,31.8,423410
2024-03-13,32.4,33.0,30.6,30.9,30.9,378547
2024-03-14,30.9,31.2,29.4,30.0,30.0,546293
2024-03-15,30.0,33.6,29.4,33.0,33.0,573373
2024-03-18,33.0,33.0,31.8,32.1,32.1,232357
2024-03-19,30.9,32.7,30.9,31.8,31.8,232740
2024-03-20,31.5,35.4,31.2,34.5,34.5,360517
2024-03-21,34.5,36.6,34.2,36.0,36.0,561250
2024-03-22,36.0,36.0,33.9,34.2,34.2,248620
2024-03-25,33.9,36.0,33.3,33.6,33.6,314097
2024-03-26,33.6,35.4,33.0,33.0,33.0,359033
2024-03-27,33.6,35.4,33.0,34.8,34.8,318953
2024-03-28,34.8,36.6,34.8,35.7,35.7,380207
2024-04-01,36.0,36.0,34.2,36.0,36.0,285610
2024-04-02,35.1,35.1,33.6,33.9,33.9,247077
2024-04-03,33.9,34.2,33.0,33.9,33.9,269780
2024-04-04,33.9,36.3,33.6,34.2,34.2,384827
2024-04-05,33.9,35.1,33.3,33.9,33.9,260647
2024-04-08,34.5,35.4,33.9,34.5,34.5,309327
2024-04-09,34.8,37.2,34.8,36.3,36.3,381167
2024-04-10,35.1,35.4,33.9,34.5,34.5,428493
2024-04-11,34.5,35.4,33.3,34.2,34.2,395093
2024-04-12,33.9,34.8,33.0,33.0,33.0,264667
2024-04-15,33.6,33.6,30.3,30.6,30.6,449627
2024-04-16,30.6,31.2,30.0,30.0,30.0,324850
2024-04-17,30.3,30.9,30.0,30.0,30.0,284997
2024-04-18,30.0,30.3,27.6,27.9,27.9,2307753
2024-04-19,28.2,28.5,26.1,26.4,26.4,981817
2024-04-22,27.0,27.0,23.7,24.3,24.3,1743210
2024-04-23,24.6,28.8,24.3,27.6,27.6,1794450
2024-04-24,28.8,28.8,25.5,25.8,25.8,1269627
2024-04-25,25.5,25.8,24.3,25.2,25.2,1079510
2024-04-26,25.5,26.1,24.3,26.1,26.1,1162190
2024-04-29,26.4,29.1,26.4,27.9,27.9,1527040
2024-04-30,27.3,28.5,25.8,27.9,27.9,2030483
2024-05-01,27.6,28.5,26.7,27.0,27.0,804207
2024-05-02,27.9,27.9,25.2,25.5,25.5,2015643
2024-05-03,26.7,27.6,26.1,27.0,27.0,1726860
2024-05-06,27.6,27.9,25.8,26.1,26.1,1460233
2024-05-07,26.1,26.4,23.7,23.7,23.7,2292840
2024-05-08,24.0,24.3,22.2,22.8,22.8,2813067
2024-05-09,23.1,23.7,21.9,22.2,22.2,1938243
2024-05-10,22.8,22.8,20.7,21.0,21.0,1704897
2024-05-13,19.5,22.5,19.2,21.3,21.3,2464623
2024-05-14,23.7,30.6,23.4,26.4,26.4,4331277
2024-05-15,27.9,28.2,24.6,25.8,25.8,1256090
2024-05-16,25.8,26.7,24.0,24.9,24.9,850153
2024-05-17,24.9,25.5,23.7,24.0,24.0,1348003
2024-05-20,24.0,24.3,22.8,23.4,23.4,1019900
2024-05-21,24.0,24.0,22.8,23.4,23.4,1173747
2024-05-22,23.7,28.5,23.4,26.7,26.7,3017573
2024-05-23,27.6,27.6,24.3,25.5,25.5,1833143
2024-05-24,25.5,27.9,24.6,26.1,26.1,1391280
2024-05-28,27.3,30.0,27.0,28.2,28.2,3043950
2024-05-29,27.9,28.2,24.9,25.2,25.2,1602707
2024-05-30,25.8,27.6,25.5,27.3,27.3,1558007
2024-05-31,27.3,27.6,25.2,27.0,27.0,2055847
2024-06-03,27.9,30.6,27.9,30.0,30.0,2201650
2024-06-04,29.7,29.7,27.0,27.9,27.9,1847187
2024-06-05,28.8,29.4,27.3,28.8,28.8,1769847
2024-06-06,28.5,28.5,26.7,27.6,27.6,1631010
2024-06-07,27.0,27.3,25.2,26.1,26.1,1326243
2024-06-10,25.8,30.9,25.8,29.4,29.4,2091070
2024-06-11,28.8,29.1,26.4,27.6,27.6,1641797
2024-06-12,28.8,30.6,27.9,28.2,28.2,1897227
2024-06-13,28.8,28.8,25.8,26.7,26.7,1799790
2024-06-14,26.4,26.7,24.3,24.6,24.6,1113977
2024-06-17,24.9,24.9,22.5,24.0,24.0,1733510
2024-06-18,23.4,24.0,22.5,23.1,23.1,1765323
2024-06-20,23.4,23.4,21.9,22.2,22.2,2652910
2024-06-21,21.9,21.9,20.1,20.1,20.1,2128050
2024-06-24,20.4,20.7,19.5,20.4,20.4,1807240
2024-06-25,20.4,20.7,19.2,19.5,19.5,1379877
2024-06-26,19.5,19.8,18.9,19.5,19.5,1116820
2024-06-27,19.8,19.8,18.6,19.2,19.2,1035577
2024-06-28,19.5,19.8,18.3,19.2,19.2,1748950
2024-07-01,19.2,19.8,18.3,18.3,18.3,1109810
2024-07-02,18.3,18.9,18.0,18.0,18.0,1119917
2024-07-03,18.3,20.4,18.3,19.8,19.8,1044657
2024-07-05,19.8,20.1,18.9,18.9,18.9,912843
2024-07-08,19.2,20.4,18.9,19.2,19.2,1432030
2024-07-09,19.5,19.5,18.6,18.9,18.9,1384707
2024-07-10,19.2,19.2,18.0,18.0,18.0,1656153
2024-07-11,18.9,20.1,18.9,19.5,19.5,2103160
2024-07-12,20.1,21.0,19.8,20.7,20.7,2751970
2024-07-15,21.3,21.6,19.2,20.1,20.1,1811593
2024-07-16,20.4,21.3,19.2,20.7,20.7,2880970
2024-07-17,20.4,21.0,18.9,18.9,18.9,3051760
2024-07-18,18.9,19.2,17.1,17.1,17.1,4239410
2024-07-19,17.1,17.4,15.6,15.6,15.6,2212160
2024-07-22,16.5,16.5,14.7,16.2,16.2,2128170
2024-07-23,15.9,16.5,15.6,16.2,16.2,1936047
2024-07-24,15.9,15.9,15.3,15.6,15.6,2315433
2024-07-25,15.6,16.8,15.0,16.2,16.2,2615190
2024-07-26,16.2,16.5,15.3,15.9,15.9,2162393
2024-07-29,15.9,15.9,14.7,15.3,15.3,2296693
2024-07-30,15.3,15.3,14.7,14.7,14.7,1858753
2024-07-31,15.0,15.9,14.7,15.3,15.3,1602870
2024-08-01,15.6,15.6,13.8,14.1,14.1,1759433
2024-08-02,13.8,15.0,12.9,14.1,14.1,1007553
2024-08-05,12.6,15.0,12.0,14.7,14.7,1597430
2024-08-06,15.3,15.3,14.4,14.7,14.7,813987
2024-08-07,15.0,15.0,13.5,13.5,13.5,1085190
2024-08-08,13.5,14.1,13.2,14.1,14.1,792920
2024-08-09,14.4,14.4,13.5,13.5,13.5,1031970
2024-08-12,13.8,13.8,13.2,13.2,13.2,749200
2024-08-13,13.2,13.8,13.2,13.8,13.8,1172347
2024-08-14,13.8,13.8,13.2,13.2,13.2,318520
2024-08-15,13.5,14.4,13.5,14.1,14.1,732730
2024-08-16,14.1,15.6,14.1,15.0,15.0,808767
2024-08-19,15.3,15.9,14.4,15.6,15.6,868193
2024-08-20,15.3,15.3,12.3,12.3,12.3,2057690
2024-08-21,12.6,13.8,12.0,13.8,13.8,1370523
2024-08-22,13.5,13.8,12.6,12.6,12.6,870790
2024-08-23,13.2,13.8,12.9,13.5,13.5,764267
2024-08-26,13.5,13.5,12.9,13.2,13.2,526823
2024-08-27,13.2,13.2,12.6,12.6,12.6,404020
2024-08-28,12.6,12.6,12.0,12.3,12.3,523947
2024-08-29,12.6,12.9,12.3,12.6,12.6,554993
2024-08-30,12.9,12.9,12.0,12.0,12.0,679107
2024-09-03,12.0,12.3,11.1,11.4,11.4,898067
2024-09-04,11.7,12.6,11.4,12.3,12.3,619170
2024-09-05,12.6,14.1,12.3,12.6,12.6,1945160
2024-09-06,12.9,14.1,12.6,13.2,13.2,532537
2024-09-09,13.2,13.5,12.3,12.9,12.9,470973
2024-09-10,12.6,13.2,12.6,12.9,12.9,413810
2024-09-11,13.5,13.8,12.9,13.5,13.5,581997
2024-09-12,13.5,13.8,12.9,13.5,13.5,687937
2024-09-13,13.8,14.7,13.8,14.4,14.4,634840
2024-09-16,14.4,14.7,13.5,14.1,14.1,506723
2024-09-17,14.4,16.2,14.4,15.9,15.9,1016743
2024-09-18,15.9,15.9,14.7,14.7,14.7,804967
2024-09-19,15.6,15.6,13.8,13.8,13.8,729123
2024-09-20,13.5,13.8,12.9,12.9,12.9,754410
2024-09-23,12.9,13.2,12.3,12.3,12.3,646500
2024-09-24,12.9,13.2,12.0,12.3,12.3,720333
2024-09-25,12.3,12.6,11.7,12.0,12.0,679587
2024-09-26,12.3,12.9,11.4,11.7,11.7,1171170
2024-09-27,11.7,12.3,11.7,12.0,12.0,962837
2024-09-30,12.3,12.3,11.4,11.4,11.4,854430
2024-10-01,11.4,11.4,10.8,11.4,11.4,1137303
2024-10-02,11.4,11.4,10.8,10.8,10.8,732720
2024-10-03,10.8,11.1,10.2,10.8,10.8,924143
2024-10-04,10.8,11.4,10.5,10.5,10.5,766270
2024-10-07,10.5,10.8,10.2,10.8,10.8,821937
2024-10-08,10.8,10.8,10.2,10.5,10.5,585490
2024-10-09,10.8,10.8,9.9,10.2,10.2,991950
2024-10-10,10.2,10.2,9.6,9.9,9.9,800740
2024-10-11,9.9,10.5,9.6,10.5,10.5,513307
2024-10-14,10.5,10.5,9.9,10.2,10.2,577317
2024-10-15,9.9,10.2,9.9,9.9,9.9,363140
2024-10-16,9.9,10.2,9.9,10.2,10.2,470550
2024-10-17,10.2,10.5,9.6,9.6,9.6,428627
2024-10-18,9.6,10.2,9.6,9.9,9.9,313327
2024-10-21,9.9,10.2,9.6,9.6,9.6,471677
2024-10-22,9.9,9.9,9.6,9.6,9.6,388507
2024-10-23,9.6,9.9,9.6,9.9,9.9,357470
2024-10-24,9.9,9.9,9.3,9.6,9.6,557497
2024-10-25,9.6,10.2,9.3,9.6,9.6,805640
2024-10-28,9.9,12.0,9.9,11.1,11.1,2444407
2024-10-29,10.8,11.7,10.2,10.2,10.2,900647
2024-10-30,10.2,11.1,9.9,10.2,10.2,1032050
2024-10-31,10.2,10.8,9.9,10.2,10.2,828170
2024-11-01,10.5,11.4,10.5,10.5,10.5,1031573
2024-11-04,10.5,12.6,10.5,11.4,11.4,3035427
2024-11-05,11.4,12.3,10.8,11.1,11.1,1272513
2024-11-06,10.5,10.8,9.9,10.5,10.5,1305993
2024-11-07,9.3,9.3,8.7,8.7,8.7,2231287
2024-11-08,9.0,9.0,7.5,7.5,7.5,2487327
2024-11-11,6.75,7.45,6.15,6.68,6.68,1812600
2024-11-12,6.45,6.46,5.66,5.7,5.7,1880500
2024-11-13,5.7,6.21,5.45,5.96,5.96,2050200
2024-11-14,5.88,7.49,5.63,7.01,7.01,3751700
2024-11-15,8.26,9.45,5.87,6.16,6.16,13371600
2024-11-18,6.26,8.5,6.25,8.11,8.11,4625600
2024-11-19,7.9,8.19,7.52,7.96,7.96,1323400
2024-11-20,8.01,8.31,7.65,8.26,8.26,982800
2024-11-21,8.23,8.7,7.81,7.92,7.92,947200
2024-11-22,7.92,8.7,7.72,8.28,8.28,1274200
2024-11-25,8.46,11.23,8.46,10.44,10.44,3134600
2024-11-26,10.15,10.86,9.51,10.7,10.7,1861500
2024-11-27,10.92,11.79,10.55,10.78,10.78,2040800
2024-11-29,10.9,12.4,10.54,11.87,11.87,1587200
2024-12-02,12.23,12.98,10.8,11.35,11.35,2425500
2024-12-03,11.5,11.65,10.05,10.55,10.55,1636600
2024-12-04,10.82,10.96,10.0,10.61,10.61,989600
2024-12-05,10.61,11.17,10.14,10.74,10.74,1463500
2024-12-06,10.94,11.04,10.32,10.47,10.47,804500
2024-12-09,10.67,12.5,10.67,11.14,11.14,2323900
2024-12-10,11.07,11.82,10.64,11.35,11.35,2017400
2024-12-11,12.0,13.45,11.84,12.56,12.56,2256000
2024-12-12,12.12,13.7,11.87,11.95,11.95,2159400
2024-12-13,11.8,11.99,10.85,11.39,11.39,2314200
2024-12-16,11.35,11.49,10.67,10.85,10.85,1239400
2024-12-17,10.85,11.05,10.3,10.54,10.54,1093600
2024-12-18,10.68,11.01,9.63,9.82,9.82,1683300
2024-12-19,9.8,10.25,9.06,9.33,9.33,1734600
2024-12-20,9.33,10.47,9.15,10.42,10.42,2385300
2024-12-23,10.46,11.47,10.21,11.18,11.18,1358000
2024-12-24,11.12,11.15,10.13,10.38,10.38,920500
2024-12-26,10.2,10.73,9.98,10.6,10.6,1381600
2024-12-27,10.5,10.89,9.77,10.04,10.04,933800
2024-12-30,9.87,9.97,9.28,9.32,9.32,1584100
2024-12-31,9.49,9.49,8.72,9.04,9.04,986900
2025-01-02,9.31,10.73,9.23,10.37,10.37,1276500
2025-01-03,10.58,12.3,10.51,11.81,11.81,2096400
2025-01-06,12.08,13.31,11.79,12.72,12.72,1949600
2025-01-07,12.72,13.98,12.53,13.07,13.07,1494700
2025-01-08,12.85,12.92,11.48,11.53,11.53,1385600
2025-01-10,11.35,11.72,10.22,10.85,10.85,1135100
2025-01-13,10.58,10.62,9.81,10.08,10.08,954600
2025-01-14,10.22,10.4,9.54,9.67,9.67,774600
2025-01-15,10.17,10.25,9.7,9.79,9.79,1030500
2025-01-16,9.75,9.89,9.42,9.68,9.68,752000
2025-01-17,9.79,9.88,9.33,9.59,9.59,934700
2025-01-21,9.56,9.62,8.55,8.98,8.98,1600300
2025-01-22,9.5,9.5,8.81,8.95,8.95,2035300
2025-01-23,8.9,8.96,8.54,8.69,8.69,951500
2025-01-24,8.7,8.77,8.26,8.41,8.41,1072800
2025-01-27,8.27,8.3,7.63,7.82,7.82,1257100
2025-01-28,7.92,7.98,7.21,7.41,7.41,982100
2025-01-29,7.44,7.76,7.26,7.59,7.59,1032500
2025-01-30,7.7,7.98,7.48,7.77,7.77,796100
2025-01-31,7.86,8.07,7.56,7.68,7.68,911300
2025-02-03,7.3,7.48,7.1,7.27,7.27,1121300
2025-02-04,7.2,7.79,7.16,7.65,7.65,659100
2025-02-05,7.7,7.93,7.51,7.58,7.58,635900
2025-02-06,7.81,8.08,7.56,7.74,7.74,954300
2025-02-07,7.71,7.8,7.36,7.37,7.37,839700
2025-02-10,7.46,7.46,7.1,7.25,7.25,762500
2025-02-11,7.15,7.21,6.89,7.03,7.03,628300
2025-02-12,6.92,7.41,6.82,7.31,7.31,737600
2025-02-13,7.4,7.94,7.32,7.8,7.8,927300
2025-02-14,7.97,7.98,7.55,7.85,7.85,736200
2025-02-18,7.9,8.0,7.73,7.92,7.92,514700
2025-02-19,7.94,8.36,7.75,7.76,7.76,1129500
2025-02-20,7.66,7.76,7.47,7.55,7.55,559200
2025-02-21,7.67,7.67,7.03,7.07,7.07,686100
2025-02-24,7.16,7.16,6.66,6.72,6.72,669200
2025-02-25,6.66,6.79,6.21,6.24,6.24,729400
2025-02-26,6.34,6.68,6.26,6.29,6.29,426400
2025-02-27,6.35,6.41,6.06,6.07,6.07,510800
2025-02-28,6.01,6.01,5.68,5.77,5.77,711500
2025-03-03,5.77,5.92,5.21,5.29,5.29,991100
2025-03-04,5.19,5.97,5.12,5.88,5.88,1124700
2025-03-05,5.93,6.18,5.77,6.11,6.11,798700
2025-03-06,6.02,6.38,5.92,6.17,6.17,680300
2025-03-07,6.2,6.7,6.17,6.59,6.59,780300
2025-03-10,6.5,6.58,6.19,6.33,6.33,814200
2025-03-11,6.0,6.7,5.98,6.56,6.56,1033100
2025-03-12,6.59,6.99,6.37,6.85,6.85,1045800
2025-03-13,6.69,7.18,6.43,6.49,6.49,670800
2025-03-14,6.57,6.61,6.04,6.18,6.18,777500
2025-03-17,6.12,6.23,6.03,6.12,6.12,588900
2025-03-18,6.04,6.12,5.57,5.57,5.57,717900
2025-03-19,5.55,5.67,5.4,5.42,5.42,659500
2025-03-20,5.36,5.52,5.22,5.24,5.24,568900
2025-03-21,5.17,5.25,5.02,5.14,5.14,1312000
2025-03-24,5.17,5.24,4.89,4.94,4.94,1057300
2025-03-25,4.94,5.01,4.8,4.84,4.84,685600
2025-03-26,4.84,4.91,4.66,4.81,4.81,477500
2025-03-27,4.84,4.98,4.77,4.92,4.92,483400
2025-03-28,4.94,4.99,4.65,4.7,4.7,626500
2025-03-31,4.55,4.66,4.37,4.59,4.59,566900
2025-04-01,4.59,4.67,4.36,4.59,4.59,733400
2025-04-02,4.55,4.73,4.51,4.62,4.62,540900
2025-04-03,4.5,4.85,4.43,4.82,4.82,567300
2025-04-04,4.77,4.8,4.15,4.46,4.46,905500
2025-04-07,4.16,4.56,4.02,4.39,4.39,619600
2025-04-08,4.49,4.52,3.88,3.92,3.92,673700
2025-04-09,3.93,4.1,3.78,4.04,4.04,899000
2025-04-10,4.04,4.09,3.72,3.9,3.9,595100
2025-04-11,3.95,4.1,3.87,4.1,4.1,555700
2025-04-14,4.12,4.16,3.93,3.98,3.98,537700
2025-04-15,4.0,4.05,3.87,4.0,4.0,531800
2025-04-16,3.97,4.03,3.81,3.9,3.9,658600
2025-04-17,3.91,4.04,3.81,3.89,3.89,401600
2025-04-21,3.88,3.97,3.77,3.85,3.85,450100
2025-04-22,3.89,4.05,3.71,3.73,3.73,1089400
2025-04-23,3.8,3.97,3.7,3.73,3.73,881100
2025-04-24,3.78,3.91,3.73,3.85,3.85,810400
2025-04-25,3.83,3.92,3.67,3.82,3.82,735800
2025-04-28,3.92,4.23,3.92,4.04,4.04,880000
2025-04-29,4.08,4.19,3.9,4.09,4.09,571900
2025-04-30,4.11,4.11,3.85,4.1,4.1,612000
2025-05-01,4.12,4.32,4.05,4.08,4.08,645400
2025-05-02,4.12,4.18,4.02,4.04,4.04,439400
2025-05-05,4.07,4.07,3.74,3.76,3.76,789200
2025-05-06,3.8,3.86,3.58,3.74,3.74,987700
2025-05-07,3.72,3.86,3.66,3.85,3.85,627800
2025-05-08,3.91,4.21,3.88,4.19,4.19,952500
2025-05-09,4.2,4.6,4.2,4.28,4.28,969300
2025-05-12,4.48,4.71,4.47,4.58,4.58,898900
2025-05-13,4.66,4.75,4.26,4.28,4.28,716200
2025-05-14,4.31,4.4,4.01,4.03,4.03,1044100
2025-05-15,4.0,4.08,3.89,4.05,4.05,565100
2025-05-16,4.05,4.19,3.97,4.12,4.12,1853300
2025-05-19,4.06,4.9,3.93,4.88,4.88,1714100
2025-05-20,4.89,4.89,4.57,4.58,4.58,737800
2025-05-21,4.52,4.63,4.18,4.22,4.22,864400
2025-05-22,4.2,4.6,4.04,4.58,4.58,1001100
2025-05-23,4.5,5.54,4.46,5.48,5.48,3143500
2025-05-27,5.48,5.84,4.81,5.78,5.78,3002700
2025-05-28,5.76,5.81,5.41,5.61,5.61,1262100
2025-05-29,5.69,5.84,5.2,5.21,5.21,1002600
2025-05-30,5.13,5.43,4.96,5.11,5.11,1172300
2025-06-02,5.1,5.12,4.86,4.94,4.94,676000
2025-06-03,5.01,5.85,4.89,5.63,5.63,1544800
2025-06-04,5.65,5.91,5.48,5.64,5.64,1073300
2025-06-05,5.64,5.69,5.16,5.2,5.2,1169700
2025-06-06,5.46,7.48,5.41,6.47,6.47,12060400
2025-06-09,6.88,8.03,6.76,7.47,7.47,3985500
2025-06-10,7.78,7.78,6.7,6.72,6.72,2712000
2025-06-11,6.97,7.06,6.57,6.64,6.64,1517000
2025-06-12,6.55,6.65,6.22,6.32,6.32,1281200
2025-06-13,6.18,6.35,6.01,6.03,6.03,867800
2025-06-16,6.13,7.15,6.07,6.94,6.94,2425400
2025-06-17,6.8,6.86,5.87,5.9,5.9,1887000
2025-06-18,6.06,6.42,5.77,6.08,6.08,3533300
2025-06-20,6.15,6.27,5.73,5.96,5.96,2228700
2025-06-23,5.85,6.03,5.61,5.88,5.88,1204700
2025-06-24,5.95,6.19,5.83,5.93,5.93,1601700
2025-06-25,5.97,5.98,5.76,5.8,5.8,1023900
2025-06-26,5.86,6.05,5.76,5.96,5.96,1122300
2025-06-27,6.0,6.0,5.46,5.51,5.51,3758600
2025-06-30,5.79,5.95,5.47,5.61,5.61,2101500
2025-07-01,5.54,5.62,5.18,5.22,5.22,1628900
2025-07-02,5.22,5.36,5.19,5.32,5.32,852500
2025-07-03,5.46,5.67,5.39,5.5,5.5,1092600
2025-07-07,5.59,5.65,5.18,5.21,5.21,1486200
2025-07-08,5.28,5.35,5.11,5.3,5.3,1244600
2025-07-09,5.36,5.75,5.23,5.6,5.6,3963000
2025-07-10,5.99,6.32,5.7,5.74,5.74,5952800
2025-07-11,5.69,5.69,5.32,5.37,5.37,2101500
2025-07-14,5.33,5.38,5.1,5.25,5.25,1853300
2025-07-15,5.26,5.35,5.07,5.14,5.14,1358700
2025-07-16,5.16,5.19,4.8,4.99,4.99,3584600
2025-07-17,5.0,5.25,4.98,5.16,5.16,2021300
2025-07-18,5.18,5.42,5.15,5.31,5.31,1825000
2025-07-21,5.35,5.68,5.32,5.36,5.36,1898300
2025-07-22,5.39,5.83,5.3,5.73,5.73,2321200
2025-07-23,5.77,5.97,5.6,5.89,5.89,2968000
2025-07-24,5.92,6.31,5.64,5.66,5.66,3368400
2025-07-25,5.7,5.71,5.5,5.62,5.62,1877800
2025-07-28,5.61,5.66,5.2,5.27,5.27,1702700
2025-07-29,5.2,5.26,4.77,4.89,4.89,2149900
2025-07-30,4.88,4.9,4.35,4.69,4.69,1959600
2025-07-31,4.76,5.06,4.71,4.96,4.96,1228900
2025-08-01,4.84,4.87,4.7,4.72,4.72,902200
2025-08-04,4.73,4.83,4.7,4.77,4.77,781700
2025-08-05,4.87,5.0,4.64,4.66,4.66,1181900
2025-08-06,4.71,4.71,4.35,4.41,4.41,2005600
2025-08-07,4.41,4.52,4.28,4.34,4.34,1125500
2025-08-08,4.36,4.43,4.25,4.27,4.27,872000
2025-08-11,4.3,4.36,4.01,4.07,4.07,1721600
2025-08-12,4.05,4.13,4.01,4.09,4.09,1119100
2025-08-13,4.09,4.34,4.06,4.26,4.26,2563100
2025-08-14,4.23,4.25,4.1,4.23,4.23,1125500
2025-08-15,4.2,4.29,4.08,4.18,4.18,1552100
2025-08-18,4.19,4.34,4.08,4.23,4.23,1474700
2025-08-19,4.24,4.26,4.01,4.04,4.04,1387700
2025-08-20,4.0,4.02,3.78,3.93,3.93,2460600
2025-08-21,3.86,4.01,3.79,3.98,3.98,793600
2025-08-22,4.0,4.24,4.0,4.2,4.2,1644700
2025-08-25,4.2,4.32,4.1,4.23,4.23,975500
2025-08-26,4.21,4.45,4.16,4.34,4.34,1055700
2025-08-27,4.36,4.53,4.33,4.36,4.36,1823100
2025-08-28,4.36,4.44,4.29,4.34,4.34,798100
2025-08-29,4.32,4.38,4.15,4.2,4.2,959500
2025-09-02,4.1,4.14,3.93,4.02,4.02,1405000
2025-09-03,4.05,4.13,4.01,4.02,4.02,673300
2025-09-04,4.05,4.05,3.81,3.92,3.92,1247700
2025-09-05,3.97,4.05,3.81,4.05,4.05,949100
2025-09-08,4.15,4.24,4.03,4.22,4.22,2310100
2025-09-09,4.25,5.32,4.16,5.18,5.18,10241900
2025-09-10,5.24,6.01,5.0,5.7,5.7,7895900
2025-09-11,5.66,6.48,5.58,6.46,6.46,5684800
2025-09-12,6.4,6.91,5.92,6.87,6.87,4668700
2025-09-15,6.94,7.0,6.17,6.59,6.59,3058000
2025-09-16,6.62,6.88,6.42,6.79,6.79,2435400
2025-09-17,6.81,7.71,6.75,7.65,7.65,8322800
2025-09-18,8.08,8.49,7.56,8.33,8.33,6255600
2025-09-19,8.45,8.62,8.2,8.36,8.36,4474200
2025-09-22,8.2,9.74,7.92,9.6,9.6,7167000
2025-09-23,9.79,10.17,8.86,9.08,9.08,6901500
2025-09-24,8.84,9.25,8.61,8.67,8.67,4620000
2025-09-25,7.89,8.5,7.39,7.88,7.88,5910000
2025-09-26,7.88,8.17,7.72,7.9,7.9,2551600
2025-09-29,8.15,8.32,7.55,7.78,7.78,3209800
2025-09-30,7.72,7.82,7.35,7.8,7.8,2733300
2025-10-01,7.84,8.83,7.78,8.73,8.73,5862400
2025-10-02,9.0,9.0,8.37,8.68,8.68,4192100
2025-10-03,8.98,10.66,8.96,10.21,10.21,9548200
2025-10-06,10.86,11.15,10.15,10.6,10.6,8003700
2025-10-07,10.6,10.68,9.72,10.19,10.19,4489400
2025-10-08,10.2,10.4,9.93,10.23,10.23,3682300
2025-10-09,10.32,10.6,9.58,9.88,9.88,3760400
2025-10-10,9.95,10.03,9.09,9.26,9.26,3982100
2025-10-13,10.0,10.4,9.71,10.17,10.17,5480400
2025-10-14,9.81,11.7,9.37,11.43,11.43,10287300
2025-10-15,11.9,11.99,10.33,10.71,10.71,6006800
2025-10-16,10.85,11.05,9.25,9.3,9.3,4860500
2025-10-17,9.01,9.13,8.36,8.48,8.48,4393500
2025-10-20,8.7,8.95,8.47,8.79,8.79,2548500
2025-10-21,8.75,8.75,8.13,8.31,8.31,2342000
2025-10-22,8.07,8.17,7.47,7.81,7.81,2664400
2025-10-23,7.87,7.94,7.63,7.77,7.77,1714600
2025-10-24,8.2,8.29,7.87,7.95,7.95,2361200
2025-10-27,8.13,8.22,7.77,7.89,7.89,2420800
2025-10-28,7.84,7.99,7.54,7.63,7.63,2286900
2025-10-29,7.76,8.55,7.55,8.18,8.18,5223700
2025-10-30,7.97,8.04,7.68,7.73,7.73,2095500
2025-10-31,7.78,9.2,7.73,8.95,8.95,15883500
2025-11-03,8.75,9.09,8.26,8.3,8.3,4314100
2025-11-04,7.95,8.47,7.31,7.4,7.4,5919600
2025-11-05,7.55,8.71,7.45,8.49,8.49,4049100
2025-11-06,8.42,8.45,7.64,7.72,7.72,3205900
2025-11-07,7.56,7.57,6.75,7.52,7.52,3234800
2025-11-10,7.82,8.01,7.26,7.56,7.56,1764300
2025-11-11,7.45,7.52,6.98,7.39,7.39,1336300
2025-11-12,7.38,7.76,7.1,7.71,7.71,2435500
2025-11-13,7.52,7.7,7.0,7.04,7.04,2664700
2025-11-14,6.74,7.28,6.66,7.04,7.04,1745900
2025-11-17,6.96,7.1,6.52,6.58,6.58,2217700
2025-11-18,6.55,7.14,6.52,6.84,6.84,2108900
2025-11-19,6.72,6.95,6.34,6.52,6.52,1919700
2025-11-20,6.81,6.98,6.26,6.28,6.28,1760100
2025-11-21,6.25,6.43,5.8,6.24,6.24,5321200
2025-11-24,6.26,6.26,5.93,6.0,6.0,1810100
2025-11-25,6.0,6.07,5.71,6.02,6.02,1431000
2025-11-26,6.03,6.3,5.97,6.22,6.22,1611000
2025-11-28,6.28,6.73,6.18,6.71,6.71,1375500
2025-12-01,6.5,6.54,6.24,6.41,6.41,1755400
2025-12-02,6.45,7.02,6.36,6.93,6.93,1686100
2025-12-03,6.86,7.25,6.72,7.18,7.18,1301300
2025-12-04,7.15,8.17,7.02,8.06,8.06,2863700
2025-12-05,8.01,8.82,7.97,8.37,8.37,3444900
2025-12-08,8.51,8.98,8.24,8.45,8.45,1689800
2025-12-09,8.33,8.57,8.15,8.36,8.36,1290000
2025-12-10,8.34,8.7,8.1,8.46,8.46,1462100
2025-12-11,8.31,8.81,8.28,8.75,8.75,1630400
2025-12-12,8.7,8.93,8.5,8.76,8.76,1498200
2025-12-15,8.87,9.12,8.34,8.36,8.36,1896700
2025-12-16,8.22,8.9,8.19,8.47,8.47,1832500
2025-12-17,8.52,8.75,7.74,7.9,7.9,3417500
2025-12-18,9.29,10.9,9.25,9.64,9.64,12939000
2025-12-19,9.84,9.93,7.95,8.34,8.34,8872700
2025-12-22,8.24,9.09,8.21,8.76,8.76,2974500
2025-12-23,8.89,9.25,8.6,8.79,8.79,2841400
2025-12-24,8.8,8.88,8.47,8.77,8.77,1005000
2025-12-26,8.75,8.82,8.31,8.48,8.48,1133300
2025-12-29,8.24,8.45,8.12,8.16,8.16,1489600
2025-12-30,8.17,8.36,7.81,7.94,7.94,1867000
2025-12-31,7.76,7.79,7.14,7.31,7.31,1888900
2026-01-02,7.48,8.4,7.45,8.17,8.17,1891000
2026-01-05,8.33,8.54,7.91,8.24,8.24,1795500
2026-01-06,8.3,8.44,8.02,8.3,8.3,1459700
2026-01-07,8.21,8.26,7.59,7.75,7.75,1754200
2026-01-08,7.96,8.22,7.76,7.8,7.8,1938300
2026-01-09,7.86,7.95,7.56,7.58,7.58,1378000
2026-01-12,7.48,7.83,7.32,7.55,7.55,1458200
2026-01-13,7.63,7.84,7.52,7.52,7.52,1884300
2026-01-14,7.5,7.65,7.37,7.49,7.49,1145100
2026-01-15,7.48,7.59,7.26,7.45,7.45,1656500
2026-01-16,7.48,8.3,7.38,8.04,8.04,3315600
2026-01-20,8.32,9.08,8.09,8.64,8.64,5549000
2026-01-21,9.09,9.6,8.66,9.35,9.35,5908400
2026-01-22,9.56,10.48,9.41,9.92,9.92,4982900
2026-01-23,10.13,10.54,9.76,10.13,10.13,3502000
2026-01-26,9.94,9.96,9.08,9.09,9.09,2420000
2026-01-27,9.06,9.59,8.82,9.59,9.59,2669100
2026-01-28,9.75,9.95,9.38,9.63,9.63,2857300
2026-01-29,9.51,9.59,8.71,8.99,8.99,2136900
2026-01-30,8.73,9.14,8.14,8.19,8.19,2176000
2026-02-02,8.05,8.29,7.33,7.35,7.35,2763100
2026-02-03,7.66,7.78,7.36,7.72,7.72,2063300
2026-02-04,7.77,7.85,6.94,7.09,7.09,2204700
2026-02-05,6.91,6.95,6.35,6.36,6.36,1573100
2026-02-06,6.61,7.24,6.6,7.19,7.19,1816200
2026-02-09,7.27,7.58,7.18,7.45,7.45,1797500
2026-02-10,7.38,7.64,7.19,7.42,7.42,1278400
2026-02-11,7.53,7.58,7.04,7.39,7.39,1292100
2026-02-12,7.49,7.49,6.92,7.01,7.01,1473000
2026-02-13,7.01,7.38,6.88,7.22,7.22,1371900
2026-02-17,7.13,7.35,7.01,7.28,7.28,966200
2026-02-18,7.31,7.5,7.08,7.43,7.43,1260600
2026-02-19,7.25,7.77,7.2,7.75,7.75,1148100
2026-02-20,7.63,7.82,7.45,7.68,7.68,1354700
2026-02-23,7.58,7.77,7.49,7.69,7.69,955800
2026-02-24,7.71,8.97,7.54,8.93,8.93,2446900
2026-02-25,8.9,9.1,8.58,8.6,8.6,1574700
2026-02-26,8.43,9.09,8.28,9.07,9.07,1376400
2026-02-27,8.82,8.82,7.97,8.14,8.14,1382100
2026-03-02,7.75,8.42,7.62,8.33,8.33,1151000
2026-03-03,8.01,8.19,7.75,7.93,7.93,1055700
2026-03-04,8.15,8.66,8.06,8.57,8.57,1476700
2026-03-05,8.41,8.63,7.95,8.08,8.08,1232700
2026-03-06,7.98,8.14,7.57,7.6,7.6,1390700
2026-03-09,6.92,7.49,6.5,7.38,7.38,2887800
2026-03-10,7.28,7.37,7.0,7.05,7.05,1394800
2026-03-11,7.0,7.49,6.95,7.11,7.11,1551600
2026-03-12,7.03,7.18,6.84,6.99,6.99,1182000
2026-03-13,7.0,7.15,6.6,6.63,6.63,1375100
2026-03-16,6.71,6.98,6.63,6.91,6.91,1160400
2026-03-17,6.91,7.18,6.85,7.03,7.03,1134100
2026-03-18,6.99,7.01,6.71,6.79,6.79,1277700
2026-03-19,6.6,6.85,6.45,6.75,6.75,1072600
2026-03-20,6.7,6.94,6.41,6.59,6.59,1492400
2026-03-23,6.69,6.83,6.47,6.71,6.71,1091800
2026-03-24,6.59,6.98,6.59,6.94,6.94,1097000
2026-03-25,7.0,7.31,6.95,7.1,7.1,1792300
2026-03-26,6.98,7.12,6.86,6.88,6.88,1157300
2026-03-27,6.78,6.88,6.4,6.53,6.53,981000
2026-03-30,6.45,6.7,6.18,6.23,6.23,1244400
2026-03-31,6.28,6.61,6.27,6.53,6.53,775000
2026-04-01,6.67,6.74,6.37,6.46,6.46,1031400
2026-04-02,6.31,6.67,6.26,6.6,6.6,989000
2026-04-06,6.59,6.87,6.59,6.67,6.67,1050700
2026-04-07,6.62,6.7,6.19,6.27,6.27,1378100
2026-04-08,6.74,6.83,6.36,6.41,6.41,1279400
2026-04-09,6.4,6.97,6.35,6.55,6.55,1913500
2026-04-10,6.58,6.83,6.58,6.65,6.65,1030500
2026-04-13,6.6,6.98,6.5,6.83,6.83,1506900
2026-04-14,7.2,7.76,7.07,7.3,7.3,3475400
2026-04-15,7.34,7.64,7.27,7.53,7.53,2175100
2026-04-16,7.65,7.65,7.08,7.35,7.35,2069000
2026-04-17,7.47,7.54,7.18,7.25,7.25,1575400
2026-04-20,7.14,8.7,7.06,8.65,8.65,6461000
2026-04-21,8.53,10.34,8.53,9.49,9.49,18824000
2026-04-22,9.99,11.88,9.99,11.8,11.8,17058100
2026-04-23,11.78,12.43,11.04,12.17,12.17,10351600
2026-04-24,12.36,12.42,10.77,11.18,11.18,5748700
2026-04-27,11.18,11.18,10.07,10.68,10.68,3733700
2026-04-28,10.24,10.34,9.64,9.94,9.94,3578800
2026-04-29,11.4,13.66,10.99,13.64,13.64,18658900
2026-04-30,13.3,13.37,12.0,13.0,13.0,13818300
2026-05-01,13.26,14.3,12.53,13.31,13.31,10307900
2026-05-04,13.21,13.75,12.11,13.02,13.02,7707400
2026-05-05,13.2,14.06,12.65,13.55,13.55,10871700
2026-05-06,13.6,14.18,12.24,12.81,12.81,9748600
2026-05-07,12.5,12.78,11.72,12.28,12.28,6354000
2026-05-08,12.46,13.97,12.3,13.7,13.7,9610600
2026-05-11,13.63,16.84,13.1,15.94,15.94,13177200
2026-05-12,16.41,17.14,14.54,17.09,17.09,16460400
2026-05-13,17.67,20.27,16.3,19.92,19.92,17601300
2026-05-14,18.9,22.31,18.25,21.6,21.6,13266000
2026-05-15,19.95,22.83,19.31,21.36,21.36,15082600
2026-05-18,20.71,20.85,16.51,17.74,17.74,15640800
2026-05-19,17.4,18.25,16.13,17.36,17.36,7939800
2026-05-20,17.36,20.5,16.22,20.22,20.22,16234100
2026-05-21,19.91,26.9,19.74,26.38,26.38,22359700
2026-05-22,25.48,27.33,24.97,25.01,25.01,12077100
2026-05-26,25.45,27.69,23.73,24.4,24.4,12206700
2026-05-27,23.24,25.07,22.01,23.69,23.69,9150400
2026-05-28,23.41,25.5,22.1,24.39,24.39,7138900
2026-05-29,24.05,24.2,20.68,21.66,21.66,9017600
2026-06-01,21.24,21.97,20.22,21.31,21.31,6361400
2026-06-02,21.61,25.74,21.1,24.64,24.64,11576800
2026-06-03,23.93,23.96,21.51,21.81,21.81,8325700
2026-06-04,20.97,22.9,20.32,21.4,21.4,6274000
2026-06-05,20.4,20.5,17.2,17.33,17.33,10699800
2026-06-08,17.46,18.34,15.06,15.5,15.5,18376200
2026-06-09,18.05,19.68,16.66,17.49,17.49,21979900
2026-06-10,17.3,19.1,16.01,16.21,16.21,8952900
2026-06-11,16.3,17.85,15.95,17.69,17.69,7611300
2026-06-12,17.68,18.13,16.48,16.94,16.94,7020200
2026-06-15,17.87,18.62,16.7,17.5,17.5,7418700
2026-06-16,17.0,20.88,16.95,19.75,19.75,14339200
2026-06-17,19.59,22.47,19.58,20.04,20.04,10636400
2026-06-18,20.68,24.36,19.33,24.04,24.04,14949900
2026-06-22,23.65,26.24,22.82,24.39,24.39,11379200
2026-06-23,22.2,24.6,21.18,21.82,21.82,7816800
2026-06-24,25.11,25.2,20.27,21.56,21.56,25235400
2026-06-25,22.0,22.6,18.4,19.65,19.65,11301300
2026-06-26,20.17,25.5,19.33,24.0,24.0,27123800
2026-06-29,25.54,30.8,25.25,29.8,29.8,21207100
2026-06-30,28.9,37.88,28.89,36.01,36.01,26745800
2026-07-01,34.51,37.4,31.46,31.89,31.89,15204700
2026-07-02,31.57,32.0,26.68,28.11,28.11,11758200
2026-07-06,28.79,31.32,27.2,29.73,29.73,9441900
2026-07-07,28.1,29.18,25.72,25.96,25.96,12600200
2026-07-08,21.18,23.38,20.59,22.54,22.54,21503200
2026-07-09,24.2,24.55,22.54,23.0,23.0,18097200
2026-07-10,22.64,22.71,20.28,21.03,21.03,12384000
2026-07-13,20.69,21.0,18.93,19.08,19.08,9506800
2026-07-14,21.2,22.89,20.57,21.35,21.35,19602200
2026-07-15,21.26,22.63,19.0,20.25,20.25,9123800
2026-07-16,19.57,19.68,16.88,17.26,17.26,10802900
2026-07-17,17.04,19.24,16.51,18.5,18.5,12757100
2026-07-20,19.33,20.26,18.84,19.84,19.84,10891700
2026-07-21,20.1,22.18,19.51,21.64,21.64,9786000
2026-07-22,20.66,22.73,20.5,22.47,22.47,8101300
2026-07-23,22.31,25.1,22.11,23.3,23.3,11734900
2026-07-24,23.21,23.33,20.89,21.26,21.26,7999200
2026-07-27,21.45,21.98,20.3,21.49,21.49,5696900
2026-07-28,20.13,20.35,19.05,19.66,19.66,9080400
2026-07-29,20.36,21.14,17.99,18.08,18.08,11235100
2026-07-30,19.58,23.76,19.58,23.62,23.62,12581200
2026-07-31,25.44,25.7,21.56,21.61,21.61,7984900
2026-08-03,20.68,21.9,19.51,21.34,21.34,10447500
2026-08-04,21.85,23.3,21.59,22.5,22.5,6267700
2026-08-05,21.92,23.36,21.11,21.14,21.14,5882500
2026-08-06,20.5,21.79,19.95,20.32,20.32,5488700
2026-08-07,20.6,21.1,18.69,20.43,20.43,8898100
2026-08-10,20.59,20.81,19.8,19.83,19.83,4266300
2026-08-11,20.78,21.62,19.08,19.2,19.2,6509500
2026-08-12,20.12,22.69,20.08,21.67,21.67,12580000
2026-08-13,21.02,22.6,19.97,20.34,20.34,7522900
2026-08-14,20.14,23.58,20.05,22.37,22.37,10542100
2026-08-17,22.37,22.65,21.25,22.36,22.36,6111900
2026-08-18,21.18,24.38,20.71,21.7,21.7,13492600
2026-08-19,21.48,21.63,19.54,20.3,20.3,11069300
2026-08-20,20.21,20.58,18.03,18.36,18.36,10940500
2026-08-21,19.01,20.06,18.48,19.54,19.54,7568400
2026-08-24,18.69,18.88,17.44,18.75,18.75,7421200
2026-08-25,19.45,20.07,19.08,19.29,19.29,4965400
2026-08-26,18.94,19.9,18.52,19.07,19.07,4024100
2026-08-27,19.75,19.84,19.05,19.32,19.32,3907700
2026-08-28,19.07,19.29,17.64,17.76,17.76,4982300
2026-08-31,17.81,17.81,16.74,17.23,17.23,9056300
2026-09-01,16.87,17.33,16.33,17.08,17.08,6264300
2026-09-02,15.3,15.96,13.92,14.4,14.4,15389800
2026-09-03,14.29,14.98,13.83,14.67,14.67,10075900
2026-09-04,14.52,15.09,14.5,14.95,14.95,5864700
2026-09-08,15.18,18.08,15.12,17.76,17.76,13926500
2026-09-09,17.9,18.33,16.43,16.57,16.57,7680800
2026-09-10,16.07,16.34,15.49,15.59,15.59,5799200
2026-09-11,16.01,16.55,15.7,15.89,15.89,5419900
2026-09-14,14.88,15.56,14.71,15.28,15.28,4519000
2026-09-15,15.19,15.65,15.04,15.25,15.25,3623600
2026-09-16,15.8,15.99,15.09,15.5,15.5,4464500
2026-09-17,16.32,18.17,16.3,17.71,17.71,9361600
2026-09-18,17.8,18.38,17.17,18.11,18.11,8253400
2026-09-21,18.33,18.47,17.63,17.96,17.96,4789300
2026-09-22,17.6,18.8699,17.17,17.785,17.785,3654745
