date,open,high,low,close,adj_close,volume
2015-01-02,7.987,8.019,7.884,7.945,6.7907,8306000
2015-01-05,7.927,7.939,7.822,7.848,6.7078,14408000
2015-01-06,7.856,7.873,7.64,7.717,6.5958,23414000
2015-01-07,7.729,7.843,7.705,7.757,6.63,15085000
2015-01-08,7.828,7.968,7.8,7.958,6.8018,18713000
2015-01-09,7.942,8.033,7.92,7.973,6.8146,14618000
2015-01-12,7.95,7.95,7.711,7.731,6.6078,21542000
2015-01-13,7.809,7.888,7.568,7.656,6.5436,16532000
2015-01-14,7.553,7.665,7.549,7.605,6.5001,13507000
2015-01-15,7.669,7.781,7.639,7.668,6.5539,21477000
2015-01-16,7.648,7.792,7.626,7.758,6.6308,23135000
2015-01-20,7.792,7.884,7.705,7.85,6.7095,15311000
2015-01-21,7.858,8.072,7.787,8.004,6.8411,19332000
2015-01-22,8.03,8.092,7.863,8.086,6.9112,16032000
2015-01-23,7.96,8.06,7.874,8.042,6.8736,21025000
2015-01-26,8.059,8.126,7.969,8.118,6.9385,16412000
2015-01-27,8.01,8.094,7.974,8.015,6.8505,14573000
2015-01-28,8.104,8.189,7.96,7.972,6.8137,23806000
2015-01-29,8.0,8.216,7.756,7.987,6.8266,32648000
2015-01-30,7.899,7.942,7.638,7.644,6.5334,34629000
2015-02-02,7.676,7.701,7.5,7.666,6.5522,22221000
2015-02-03,7.687,7.766,7.636,7.763,6.6351,21841000
2015-02-04,7.752,7.832,7.698,7.744,6.6189,21131000
2015-02-05,7.776,7.819,7.732,7.803,6.6693,17298000
2015-02-06,7.805,7.945,7.779,7.814,6.6787,13139000
2015-02-09,7.771,7.799,7.698,7.768,6.6394,16165000
2015-02-10,7.836,8.085,7.799,8.058,6.8872,24135000
2015-02-11,8.058,8.076,8.015,8.06,6.8889,19682000
2015-02-12,8.075,8.111,8.026,8.111,6.9325,15684000
2015-02-13,8.137,8.224,8.113,8.221,7.0266,18350000
2015-02-17,8.223,8.237,8.112,8.191,7.0009,12331000
2015-02-18,8.2,8.238,8.142,8.192,7.0018,8794000
2015-02-19,8.167,8.321,8.163,8.307,7.1001,10926000
2015-02-20,8.292,8.425,8.262,8.384,7.1659,25414000
2015-02-23,8.354,8.38,8.259,8.318,7.1095,10069000
2015-02-24,8.325,8.43,8.278,8.423,7.1992,18509000
2015-02-25,8.417,8.449,8.325,8.353,7.1394,12667000
2015-02-26,8.346,8.434,8.296,8.338,7.1266,9811000
2015-02-27,8.32,8.328,8.222,8.246,7.0479,13268000
2015-03-02,8.305,8.448,8.297,8.448,7.2206,11105000
2015-03-03,8.363,8.416,8.157,8.179,6.9907,26559000
2015-03-04,8.117,8.163,8.06,8.087,6.912,12487000
2015-03-05,8.116,8.177,8.023,8.077,6.9035,12922000
2015-03-06,8.025,8.084,7.973,8.017,6.8522,13909000
2015-03-09,7.995,8.092,7.978,8.078,6.9199,13184000
2015-03-10,8.005,8.057,7.796,7.796,6.6783,20889000
2015-03-11,7.824,7.905,7.809,7.827,6.7049,13958000
2015-03-12,7.778,7.814,7.707,7.772,6.6577,21092000
2015-03-13,7.755,7.886,7.712,7.871,6.7425,18281000
2015-03-16,7.924,7.996,7.9,7.989,6.8436,9998000
2015-03-17,7.95,7.959,7.851,7.898,6.7657,9500000
2015-03-18,7.842,7.874,7.492,7.749,6.638,47567000
2015-03-19,7.749,7.899,7.673,7.895,6.7631,24026000
2015-03-20,7.943,7.963,7.825,7.923,6.7871,26079000
2015-03-23,7.897,7.928,7.826,7.843,6.7186,13312000
2015-03-24,7.85,7.951,7.83,7.876,6.7468,16894000
2015-03-25,7.854,7.856,7.27,7.275,6.232,43596000
2015-03-26,7.201,7.209,6.992,7.115,6.0949,51612000
2015-03-27,7.136,7.247,7.088,7.204,6.1712,34169000
2015-03-30,7.268,7.275,7.155,7.219,6.184,20833000
2015-03-31,7.17,7.198,6.907,7.024,6.017,42951000
2015-04-01,7.059,7.086,6.988,7.026,6.0187,26242000
2015-04-02,7.03,7.115,6.989,7.075,6.0607,21636000
2015-04-06,6.99,7.248,6.956,7.235,6.1977,27765000
2015-04-07,7.244,7.31,7.116,7.117,6.0966,35556000
2015-04-08,7.125,7.31,7.117,7.283,6.2389,21739000
2015-04-09,7.247,7.327,7.232,7.316,6.2671,13823000
2015-04-10,7.328,7.328,7.259,7.31,6.262,11998000
2015-04-13,7.308,7.398,7.246,7.27,6.2277,12498000
2015-04-14,7.272,7.273,7.169,7.2,6.1677,20283000
2015-04-15,7.209,7.306,7.187,7.242,6.2037,24805000
2015-04-16,7.176,7.223,7.124,7.179,6.1498,24513000
2015-04-17,7.123,7.177,7.036,7.066,6.053,19208000
2015-04-20,7.105,7.241,7.1,7.199,6.1669,28954000
2015-04-21,8.089,8.165,7.649,7.784,6.668,101817000
2015-04-22,7.844,7.872,7.668,7.836,6.7126,28432000
2015-04-23,7.749,7.817,7.681,7.708,6.6029,24088000
2015-04-24,7.677,7.708,7.574,7.67,6.5704,29538000
2015-04-27,7.707,7.783,7.618,7.633,6.5387,24830000
2015-04-28,7.621,7.686,7.533,7.639,6.5438,17274000
2015-04-29,7.583,7.699,7.577,7.638,6.543,17954000
2015-04-30,7.603,7.66,7.502,7.558,6.4744,16383000
2015-05-01,7.609,7.735,7.601,7.723,6.6158,14840000
2015-05-04,7.72,7.743,7.676,7.689,6.5866,11097000
2015-05-05,7.66,7.66,7.52,7.56,6.4761,17460000
2015-05-06,7.578,7.649,7.453,7.52,6.4419,15272000
2015-05-07,7.496,7.576,7.475,7.545,6.4633,17241000
2015-05-08,7.597,7.715,7.576,7.702,6.5978,14478000
2015-05-11,7.718,7.879,7.671,7.811,6.6912,19483000
2015-05-12,7.78,7.78,7.584,7.68,6.5789,14315000
2015-05-13,7.686,7.795,7.686,7.724,6.6166,13871000
2015-05-14,7.768,7.855,7.729,7.825,6.7031,16783000
2015-05-15,7.866,7.953,7.85,7.873,6.7443,13368000
2015-05-18,7.941,7.975,7.877,7.946,6.8068,13032000
2015-05-19,8.003,8.242,8.0,8.078,6.9199,24399000
2015-05-20,8.078,8.118,8.011,8.036,6.8839,14257000
2015-05-21,8.032,8.141,8.002,8.123,6.9584,11783000
2015-05-22,8.099,8.199,8.098,8.108,6.9456,15856000
2015-05-26,8.071,8.155,7.994,8.041,6.8882,14730000
2015-05-27,8.057,8.293,8.033,8.266,7.0809,26300000
2015-05-28,8.261,8.335,8.21,8.238,7.0569,12596000
2015-05-29,8.238,8.315,8.19,8.225,7.0458,19687000
2015-06-01,8.277,8.377,8.229,8.339,7.1435,29734000
2015-06-02,8.293,8.402,8.23,8.328,7.134,21320000
2015-06-03,8.35,8.392,8.293,8.352,7.1546,21742000
2015-06-04,8.289,8.346,8.231,8.297,7.1075,14521000
2015-06-05,8.307,8.37,8.22,8.344,7.1477,10863000
2015-06-08,8.4,8.401,8.197,8.225,7.0712,14189000
2015-06-09,8.204,8.263,8.069,8.198,7.048,19460000
2015-06-10,8.255,8.284,8.202,8.264,7.1048,11724000
2015-06-11,8.3,8.338,8.222,8.254,7.0962,10326000
2015-06-12,8.203,8.23,8.122,8.146,7.0033,10442000
2015-06-15,8.091,8.129,7.953,8.126,6.9861,24474000
2015-06-16,8.116,8.259,8.097,8.255,7.097,14183000
2015-06-17,8.206,8.296,8.193,8.225,7.0712,18824000
2015-06-18,8.262,8.415,8.252,8.387,7.2105,15114000
2015-06-19,8.399,8.439,8.319,8.323,7.1555,18091000
2015-06-22,8.377,8.423,8.279,8.367,7.1933,11205000
2015-06-23,8.363,8.424,8.334,8.378,7.2028,12040000
2015-06-24,8.359,8.389,8.297,8.321,7.1538,10899000
2015-06-25,8.361,8.434,8.32,8.373,7.1985,14579000
2015-06-26,8.324,8.426,8.237,8.286,7.1237,31096000
2015-06-29,8.183,8.207,7.996,8.02,6.895,16886000
2015-06-30,8.12,8.212,8.084,8.135,6.9938,17076000
2015-07-01,8.292,8.413,8.182,8.227,7.0729,18436000
2015-07-02,8.245,8.33,8.194,8.323,7.1555,15203000
2015-07-06,8.222,8.348,8.088,8.114,6.9758,30652000
2015-07-07,8.089,8.096,7.773,8.016,6.8915,28643000
2015-07-08,7.956,7.998,7.774,7.795,6.7015,23072000
2015-07-09,7.985,8.037,7.759,7.763,6.674,18493000
2015-07-10,7.823,7.889,7.767,7.853,6.7514,18258000
2015-07-13,7.9,7.978,7.796,7.927,6.815,22200000
2015-07-14,7.95,8.073,7.81,7.985,6.8649,38670000
2015-07-15,7.988,8.025,7.875,7.949,6.8339,20047000
2015-07-16,7.934,7.959,7.551,7.735,6.65,38768000
2015-07-17,7.751,7.754,7.69,7.726,6.6422,16614000
2015-07-20,7.793,7.823,7.698,7.708,6.6267,9702000
2015-07-21,7.7,7.823,7.684,7.737,6.6517,12674000
2015-07-22,7.656,7.688,7.506,7.648,6.5752,14198000
2015-07-23,7.67,7.81,7.642,7.702,6.6216,12397000
2015-07-24,7.693,7.713,7.488,7.545,6.4866,17053000
2015-07-27,7.482,7.591,7.381,7.545,6.4866,15533000
2015-07-28,7.57,7.829,7.478,7.775,6.6843,23232000
2015-07-29,7.812,7.812,7.597,7.767,6.6775,29778000
2015-07-30,7.844,8.087,7.834,7.857,6.7548,33939000
2015-07-31,7.896,7.978,7.651,7.687,6.6087,25138000
2015-08-03,7.671,7.688,7.533,7.574,6.5115,26468000
2015-08-04,7.444,7.587,7.288,7.309,6.2837,35074000
2015-08-05,7.344,7.458,7.329,7.405,6.3662,22138000
2015-08-06,7.442,7.442,7.229,7.252,6.2347,19518000
2015-08-07,7.215,7.243,7.137,7.242,6.2261,17656000
2015-08-10,7.334,7.518,7.293,7.487,6.4367,20717000
2015-08-11,7.425,7.444,7.288,7.3,6.276,20358000
2015-08-12,7.195,7.306,7.081,7.261,6.2424,24953000
2015-08-13,7.275,7.34,7.193,7.201,6.1909,19086000
2015-08-14,7.189,7.355,7.081,7.271,6.251,38619000
2015-08-17,7.261,7.453,7.22,7.439,6.3955,19816000
2015-08-18,7.457,7.472,7.204,7.227,6.2132,19713000
2015-08-19,7.225,7.339,7.146,7.241,6.2253,19078000
2015-08-20,7.173,7.193,7.083,7.102,6.1058,25867000
2015-08-21,7.025,7.188,6.97,6.975,5.9966,29157000
2015-08-24,6.634,7.067,6.285,6.732,5.7877,32114000
2015-08-25,7.025,7.093,6.74,6.74,5.7945,35038000
2015-08-26,6.977,7.09,6.782,7.075,6.0825,27564000
2015-08-27,7.156,7.358,7.12,7.311,6.2854,30664000
2015-08-28,7.274,7.397,7.229,7.292,6.2691,16046000
2015-08-31,7.26,7.341,7.189,7.277,6.2562,11821000
2015-09-01,7.083,7.202,6.916,6.956,5.9802,19881000
2015-09-02,7.097,7.113,6.963,7.11,6.1126,12089000
2015-09-03,7.201,7.277,7.128,7.175,6.1685,15824000
2015-09-04,7.026,7.099,6.96,6.975,6.0217,18806000
2015-09-08,7.119,7.293,7.119,7.263,6.2704,18308000
2015-09-09,7.304,7.372,7.044,7.059,6.0943,19142000
2015-09-10,7.055,7.293,7.043,7.19,6.2074,17903000
2015-09-11,7.092,7.19,7.03,7.183,6.2013,15237000
2015-09-14,7.217,7.269,7.186,7.25,6.2592,18145000
2015-09-15,7.294,7.431,7.217,7.402,6.3904,14642000
2015-09-16,7.399,7.492,7.36,7.476,6.4543,11371000
2015-09-17,7.414,7.414,7.244,7.264,6.2712,17403000
2015-09-18,7.159,7.246,7.093,7.122,6.1487,19755000
2015-09-21,7.153,7.153,6.743,6.807,5.8767,36020000
2015-09-22,6.681,6.703,6.517,6.564,5.6669,40471000
2015-09-23,6.554,6.582,6.362,6.369,5.4986,33153000
2015-09-24,6.309,6.39,6.12,6.339,5.4727,43570000
2015-09-25,6.469,6.518,6.256,6.308,5.4459,33469000
2015-09-28,6.273,6.318,6.177,6.177,5.3328,24131000
2015-09-29,6.205,6.351,6.165,6.286,5.4269,31335000
2015-09-30,6.363,6.551,6.362,6.533,5.6402,25783000
2015-10-01,6.528,6.663,6.322,6.444,5.5633,31789000
2015-10-02,6.334,6.571,6.322,6.568,5.6704,23124000
2015-10-05,6.433,6.603,6.421,6.542,5.6479,25914000
2015-10-06,6.502,6.554,6.426,6.525,5.6332,21602000
2015-10-07,6.599,6.711,6.51,6.656,5.7463,25198000
2015-10-08,6.591,6.736,6.543,6.731,5.8111,13979000
2015-10-09,6.69,6.749,6.629,6.647,5.7386,11809000
2015-10-12,6.645,6.708,6.61,6.648,5.7394,7882000
2015-10-13,6.579,6.638,6.458,6.463,5.5797,16985000
2015-10-14,6.458,6.827,6.411,6.729,5.8094,36145000
2015-10-15,6.775,6.84,6.602,6.746,5.824,24294000
2015-10-16,6.749,6.837,6.655,6.828,5.8948,21959000
2015-10-19,6.783,6.903,6.712,6.764,5.8396,15109000
2015-10-20,6.658,7.199,6.65,7.003,6.0459,54848000
2015-10-21,7.25,7.736,7.05,7.079,6.1115,187054000
2015-10-22,7.159,7.442,7.101,7.261,6.2687,71814000
2015-10-23,7.406,7.496,7.282,7.457,6.4379,55229000
2015-10-26,7.411,7.509,7.344,7.507,6.481,35194000
2015-10-27,7.477,7.55,7.462,7.51,6.4836,31665000
2015-10-28,7.568,7.619,7.421,7.574,6.5389,37430000
2015-10-29,7.501,7.599,7.468,7.584,6.5475,23868000
2015-10-30,7.584,7.68,7.524,7.659,6.6123,22504000
2015-11-02,7.682,7.707,7.592,7.66,6.6131,26884000
2015-11-03,7.661,7.668,7.551,7.634,6.5907,28306000
2015-11-04,7.683,7.701,7.58,7.701,6.6485,26430000
2015-11-05,7.723,7.799,7.583,7.707,6.6537,31772000
2015-11-06,7.707,7.746,7.581,7.69,6.639,23623000
2015-11-09,7.663,7.719,7.603,7.7,6.6477,24723000
2015-11-10,7.67,7.742,7.601,7.642,6.5976,21710000
2015-11-11,7.657,7.756,7.593,7.682,6.6321,14372000
2015-11-12,7.607,7.65,7.501,7.544,6.513,19582000
2015-11-13,7.583,7.653,7.549,7.557,6.5242,29494000
2015-11-16,7.532,7.75,7.501,7.741,6.6831,20528000
2015-11-17,7.741,7.867,7.698,7.776,6.7133,19744000
2015-11-18,7.753,7.854,7.718,7.843,6.7711,15222000
2015-11-19,7.838,7.867,7.752,7.792,6.7271,21253000
2015-11-20,7.845,7.904,7.792,7.838,6.7668,16078000
2015-11-23,7.83,7.853,7.681,7.699,6.6468,17595000
2015-11-24,7.694,7.769,7.648,7.729,6.6727,14523000
2015-11-25,7.726,7.771,7.676,7.728,6.6718,10917000
2015-11-27,7.745,7.798,7.706,7.763,6.7021,4621000
2015-11-30,7.81,7.851,7.728,7.82,6.7513,15733000
2015-12-01,7.83,7.961,7.821,7.959,6.8713,20829000
2015-12-02,7.924,7.991,7.855,7.865,6.7901,20615000
2015-12-03,7.938,7.973,7.615,7.644,6.5993,23134000
2015-12-04,7.667,7.805,7.641,7.768,6.7064,22788000
2015-12-07,7.757,7.85,7.694,7.789,6.7506,17712000
2015-12-08,7.904,8.07,7.735,8.04,6.9681,45033000
2015-12-09,8.022,8.04,7.781,7.832,6.7878,23930000
2015-12-10,7.873,8.068,7.809,8.003,6.936,23251000
2015-12-11,7.904,7.967,7.853,7.889,6.8372,21772000
2015-12-14,7.908,7.938,7.667,7.756,6.722,19494000
2015-12-15,7.894,8.065,7.85,7.993,6.9274,23596000
2015-12-16,8.048,8.082,7.828,8.025,6.9551,18288000
2015-12-17,8.049,8.079,7.866,7.87,6.8208,15367000
2015-12-18,7.802,7.834,7.689,7.704,6.6769,34096000
2015-12-21,7.796,7.881,7.715,7.875,6.8251,16266000
2015-12-22,7.949,8.025,7.824,8.019,6.9499,14855000
2015-12-23,8.056,8.085,8.006,8.042,6.9698,10406000
2015-12-24,8.021,8.078,8.015,8.039,6.9672,4284000
2015-12-28,8.017,8.017,7.893,8.003,6.936,10854000
2015-12-29,8.051,8.129,7.977,8.075,6.9984,13386000
2015-12-30,8.075,8.123,7.977,8.017,6.9482,8644000
2015-12-31,8.011,8.049,7.925,7.942,6.8832,10780000
2016-01-04,7.777,7.821,7.683,7.773,6.7367,26391000
2016-01-05,7.816,7.855,7.705,7.815,6.7731,19118000
2016-01-06,7.65,7.71,7.252,7.356,6.3753,46047000
2016-01-07,7.21,7.352,7.146,7.171,6.215,34499000
2016-01-08,7.238,7.256,6.943,7.048,6.1084,47360000
2016-01-11,7.113,7.137,6.967,7.095,6.1491,29843000
2016-01-12,7.252,7.295,7.032,7.144,6.1916,25095000
2016-01-13,7.161,7.23,6.881,6.908,5.987,31269000
2016-01-14,6.978,7.284,6.888,7.195,6.2358,46090000
2016-01-15,6.925,6.925,6.614,6.796,5.89,61037000
2016-01-19,6.907,6.97,6.696,6.746,5.8466,29119000
2016-01-20,6.741,7.036,6.702,6.957,6.0295,44482000
2016-01-21,6.995,7.004,6.758,6.812,5.9038,39357000
2016-01-22,6.955,7.046,6.817,6.872,5.9558,22860000
2016-01-25,6.917,6.917,6.783,6.8,5.8934,25886000
2016-01-26,6.806,6.892,6.745,6.874,5.9576,17938000
2016-01-27,6.88,6.919,6.724,6.75,5.8501,23587000
2016-01-28,6.851,7.1,6.814,6.945,6.0191,42352000
2016-01-29,7.003,7.245,7.003,7.179,6.2219,39171000
2016-02-01,7.12,7.331,7.106,7.262,6.2938,27221000
2016-02-02,7.16,7.224,7.012,7.055,6.1144,34602000
2016-02-03,7.133,7.18,6.933,7.141,6.189,33201000
2016-02-04,7.136,7.207,7.056,7.147,6.1942,22061000
2016-02-05,7.086,7.118,6.804,6.897,5.9775,29782000
2016-02-08,6.799,6.836,6.5,6.608,5.727,25055000
2016-02-09,6.508,6.64,6.419,6.558,5.6837,29534000
2016-02-10,6.6,6.668,6.51,6.548,5.675,33111000
2016-02-11,6.442,6.535,6.31,6.421,5.565,39753000
2016-02-12,6.491,6.662,6.425,6.605,5.7244,20491000
2016-02-16,6.681,6.847,6.666,6.758,5.857,28055000
2016-02-17,6.812,6.932,6.779,6.925,6.0018,32347000
2016-02-18,6.956,6.956,6.773,6.777,5.8735,26092000
2016-02-19,6.952,7.143,6.938,6.977,6.0468,41125000
2016-02-22,7.019,7.146,6.949,7.034,6.0962,36590000
2016-02-23,6.972,7.035,6.895,6.923,6.0,19528000
2016-02-24,6.876,7.053,6.819,7.048,6.1084,19880000
2016-02-25,7.052,7.246,7.014,7.243,6.2774,29375000
2016-02-26,7.286,7.416,7.249,7.381,6.397,29899000
2016-02-29,7.339,7.462,7.309,7.33,6.3528,25501000
2016-03-01,7.35,7.594,7.308,7.557,6.5495,29376000
2016-03-02,7.534,7.59,7.383,7.455,6.4611,24210000
2016-03-03,7.455,7.5,7.39,7.487,6.4888,14015000
2016-03-04,7.522,7.525,7.382,7.433,6.442,16242000
2016-03-07,7.377,7.508,7.359,7.504,6.5299,22362000
2016-03-08,7.474,7.509,7.327,7.334,6.382,32819000
2016-03-09,7.355,7.44,7.306,7.381,6.4229,16431000
2016-03-10,7.413,7.596,7.383,7.523,6.5465,29652000
2016-03-11,7.569,7.65,7.522,7.617,6.6283,21392000
2016-03-14,7.566,7.7,7.556,7.692,6.6935,15623000
2016-03-15,7.706,7.748,7.653,7.716,6.7144,23473000
2016-03-16,7.71,7.786,7.65,7.781,6.771,23516000
2016-03-17,7.857,7.95,7.748,7.926,6.8971,26618000
2016-03-18,7.957,8.001,7.883,7.942,6.9111,26734000
2016-03-21,7.919,7.98,7.895,7.976,6.9407,15537000
2016-03-22,8.005,8.043,7.911,8.018,6.9772,14955000
2016-03-23,7.985,8.001,7.932,7.936,6.9058,20111000
2016-03-24,7.874,7.89,7.749,7.888,6.8641,21566000
2016-03-28,7.947,7.959,7.889,7.913,6.8858,15731000
2016-03-29,7.913,8.205,7.875,8.194,7.1304,32982000
2016-03-30,8.256,8.351,8.186,8.219,7.1521,26588000
2016-03-31,8.181,8.306,8.094,8.26,7.1878,38577000
2016-04-01,8.228,8.314,8.169,8.293,7.2165,29086000
2016-04-04,8.298,8.298,8.183,8.276,7.2017,20483000
2016-04-05,8.182,8.273,8.156,8.169,7.1086,18806000
2016-04-06,8.154,8.27,8.126,8.262,7.1895,21872000
2016-04-07,8.207,8.25,8.045,8.122,7.0677,25002000
2016-04-08,8.204,8.245,8.069,8.112,7.059,17133000
2016-04-11,8.229,8.23,8.129,8.138,7.0816,16303000
2016-04-12,8.17,8.2,8.029,8.14,7.0834,23999000
2016-04-13,8.218,8.282,8.164,8.281,7.2061,25626000
2016-04-14,8.165,8.23,8.072,8.161,7.1016,27628000
2016-04-15,8.102,8.189,8.035,8.164,7.1042,28808000
2016-04-18,8.167,8.242,8.111,8.206,7.1408,27070000
2016-04-19,8.25,8.307,8.179,8.277,7.2026,29296000
2016-04-20,8.236,8.3,8.079,8.267,7.1939,40791000
2016-04-21,8.271,8.383,8.021,8.082,7.0329,39953000
2016-04-22,8.076,8.181,8.009,8.065,7.0181,22231000
2016-04-25,8.072,8.092,7.953,8.022,6.9807,22319000
2016-04-26,8.058,8.14,7.975,8.025,6.9833,27111000
2016-04-27,8.035,8.116,7.97,8.097,7.0459,37842000
2016-04-28,7.994,8.038,7.796,7.816,6.8014,32342000
2016-04-29,7.783,7.795,7.568,7.64,6.6483,45481000
2016-05-02,7.64,7.718,7.578,7.659,6.6648,37206000
2016-05-03,7.573,7.629,7.536,7.573,6.59,33256000
2016-05-04,7.542,7.624,7.462,7.49,6.5177,34570000
2016-05-05,7.504,7.583,7.48,7.505,6.5308,28724000
2016-05-06,7.484,7.53,7.423,7.494,6.5212,23526000
2016-05-09,7.5,7.54,7.432,7.464,6.4951,24404000
2016-05-10,7.494,7.598,7.455,7.595,6.6091,27559000
2016-05-11,7.542,7.609,7.531,7.561,6.5795,19133000
2016-05-12,7.583,7.603,7.409,7.49,6.5177,23329000
2016-05-13,7.473,7.498,7.421,7.434,6.469,21518000
2016-05-16,7.219,7.391,7.2,7.346,6.3924,41157000
2016-05-17,7.365,7.391,7.292,7.314,6.3646,33567000
2016-05-18,7.325,7.476,7.296,7.397,6.4368,23346000
2016-05-19,7.366,7.405,7.299,7.332,6.3802,18216000
2016-05-20,7.527,7.7,7.502,7.668,6.6726,34951000
2016-05-23,7.665,7.735,7.615,7.682,6.6848,32350000
2016-05-24,7.761,7.958,7.752,7.927,6.898,35927000
2016-05-25,7.96,8.081,7.92,8.062,7.0155,29496000
2016-05-26,8.044,8.119,8.028,8.102,7.0503,19299000
2016-05-27,8.12,8.339,8.118,8.297,7.22,37361000
2016-05-31,8.263,8.304,8.202,8.281,7.2061,25743000
2016-06-01,8.254,8.323,8.202,8.313,7.2339,21976000
2016-06-02,8.304,8.431,8.275,8.363,7.2774,28289000
2016-06-03,8.328,8.338,8.252,8.31,7.2313,16469000
2016-06-06,8.323,8.343,8.215,8.232,7.1894,15165000
2016-06-07,8.285,8.326,8.23,8.297,7.2461,16950000
2016-06-08,8.289,8.354,8.268,8.339,7.2828,12600000
2016-06-09,8.267,8.369,8.213,8.363,7.3038,15744000
2016-06-10,8.229,8.262,8.179,8.237,7.1937,16472000
2016-06-13,8.155,8.285,8.12,8.198,7.1597,14150000
2016-06-14,8.168,8.225,8.121,8.197,7.1588,14777000
2016-06-15,8.259,8.321,8.192,8.248,7.2033,16324000
2016-06-16,8.175,8.281,8.136,8.267,7.2199,13147000
2016-06-17,8.251,8.29,8.174,8.289,7.2392,23625000
2016-06-20,8.397,8.475,8.357,8.428,7.3606,26427000
2016-06-21,8.468,8.5,8.407,8.466,7.3937,13293000
2016-06-22,8.446,8.589,8.436,8.565,7.4802,24757000
2016-06-23,8.628,8.719,8.615,8.718,7.6138,26069000
2016-06-24,8.299,8.58,8.228,8.228,7.1859,57407000
2016-06-27,8.135,8.183,7.915,7.996,6.9833,30005000
2016-06-28,8.1,8.169,8.051,8.167,7.1326,23907000
2016-06-29,8.253,8.369,8.127,8.22,7.1789,41046000
2016-06-30,8.281,8.406,8.218,8.406,7.3413,28456000
2016-07-01,8.395,8.395,8.279,8.298,7.247,17317000
2016-07-05,8.271,8.272,8.098,8.189,7.1518,18344000
2016-07-06,8.15,8.217,8.068,8.196,7.1579,19814000
2016-07-07,8.217,8.321,8.153,8.204,7.1649,18297000
2016-07-08,8.289,8.528,8.263,8.488,7.4129,26671000
2016-07-11,8.547,8.668,8.5,8.633,7.5396,19219000
2016-07-12,8.726,8.831,8.7,8.824,7.7064,23584000
2016-07-13,8.849,8.937,8.822,8.862,7.7396,20752000
2016-07-14,8.951,8.975,8.782,8.788,7.675,24625000
2016-07-15,8.819,8.884,8.763,8.855,7.7335,18341000
2016-07-18,8.962,8.969,8.842,8.933,7.8016,18090000
2016-07-19,8.878,9.0,8.816,8.95,7.8164,16981000
2016-07-20,9.0,9.15,8.946,9.121,7.9658,25363000
2016-07-21,9.113,9.134,8.9,8.932,7.8007,21625000
2016-07-22,8.969,9.034,8.899,9.005,7.8645,12803000
2016-07-25,9.006,9.07,8.964,9.064,7.916,12959000
2016-07-26,9.12,9.218,9.036,9.16,7.9998,25704000
2016-07-27,9.22,9.229,9.097,9.196,8.0313,26717000
2016-07-28,9.294,9.38,9.16,9.308,8.1291,28245000
2016-07-29,9.305,9.305,8.967,8.977,7.84,32595000
2016-08-01,9.017,9.096,8.979,9.079,7.9291,16605000
2016-08-02,9.061,9.109,8.896,8.973,7.8365,22353000
2016-08-03,8.934,9.08,8.919,9.079,7.9291,22028000
2016-08-04,9.083,9.2,9.036,9.193,8.0287,21359000
2016-08-05,9.2,9.33,9.175,9.325,8.1439,15073000
2016-08-08,9.316,9.33,9.249,9.272,8.0977,15654000
2016-08-09,9.297,9.345,9.263,9.329,8.1474,13334000
2016-08-10,9.306,9.319,8.813,8.911,7.7824,70457000
2016-08-11,8.915,8.987,8.858,8.889,7.7632,47197000
2016-08-12,8.906,9.019,8.851,8.918,7.7885,20880000
2016-08-15,8.917,9.137,8.91,9.074,7.9247,21240000
2016-08-16,9.043,9.094,8.984,8.986,7.8479,20370000
2016-08-17,8.957,9.068,8.95,9.021,7.8784,19616000
2016-08-18,9.05,9.11,9.0,9.093,7.9413,16543000
2016-08-19,9.225,9.36,9.146,9.319,8.1387,27564000
2016-08-22,9.281,9.37,9.24,9.32,8.1396,15401000
2016-08-23,9.435,9.488,9.347,9.388,8.199,25309000
2016-08-24,9.39,9.417,9.234,9.269,8.095,16116000
2016-08-25,9.279,9.395,9.26,9.344,8.1605,16897000
2016-08-26,9.341,9.415,9.276,9.381,8.1928,16892000
2016-08-29,9.386,9.577,9.301,9.434,8.2391,17031000
2016-08-30,9.455,9.475,9.274,9.298,8.1204,22246000
2016-08-31,9.3,9.348,9.231,9.332,8.1501,17341000
2016-09-01,9.36,9.477,9.279,9.463,8.2645,18994000
2016-09-02,9.524,9.541,9.369,9.436,8.2409,16194000
2016-09-06,9.388,9.485,9.312,9.37,8.1832,19756000
2016-09-07,9.345,9.448,9.339,9.404,8.2129,24651000
2016-09-08,9.35,9.424,9.316,9.357,8.1719,11960000
2016-09-09,9.264,9.292,9.105,9.118,7.9632,26965000
2016-09-12,8.985,9.359,8.98,9.327,8.1726,18557000
2016-09-13,9.246,9.317,9.099,9.154,8.021,23689000
2016-09-14,9.178,9.214,9.093,9.157,8.0236,25953000
2016-09-15,9.157,9.37,9.157,9.336,8.1805,26426000
2016-09-16,9.318,9.384,9.194,9.296,8.1454,20910000
2016-09-19,9.378,9.385,9.19,9.215,8.0744,16126000
2016-09-20,9.265,9.311,9.172,9.198,8.0595,18698000
2016-09-21,9.252,9.331,9.18,9.329,8.1743,18465000
2016-09-22,9.358,9.388,9.209,9.269,8.1218,26505000
2016-09-23,9.243,9.295,9.172,9.178,8.042,17246000
2016-09-26,9.151,9.174,9.097,9.141,8.0096,17027000
2016-09-27,9.056,9.264,9.056,9.251,8.106,16801000
2016-09-28,9.272,9.32,9.218,9.294,8.1437,12275000
2016-09-29,9.29,9.41,9.248,9.323,8.1691,31040000
2016-09-30,9.367,9.539,9.342,9.471,8.2988,31943000
2016-10-03,9.415,9.533,9.408,9.459,8.2882,20125000
2016-10-04,9.456,9.54,9.426,9.483,8.3093,26870000
2016-10-05,9.471,9.65,9.44,9.617,8.4267,31943000
2016-10-06,9.885,10.047,9.782,10.019,8.7789,102746000
2016-10-07,9.986,10.089,9.882,10.035,8.7929,57971000
2016-10-10,10.097,10.244,10.061,10.215,8.9507,34845000
2016-10-11,10.161,10.164,9.864,9.959,8.7264,49126000
2016-10-12,9.819,9.909,9.681,9.868,8.6466,39608000
2016-10-13,9.812,9.812,9.691,9.773,8.5634,34514000
2016-10-14,9.832,9.916,9.813,9.822,8.6063,26809000
2016-10-17,9.789,9.911,9.748,9.806,8.5923,22069000
2016-10-18,9.905,9.969,9.855,9.947,8.7158,28860000
2016-10-19,9.967,10.018,9.92,9.972,8.7377,42824000
2016-10-20,10.0,10.096,9.587,9.694,8.4942,79213000
2016-10-21,9.676,9.913,9.674,9.761,8.5529,43299000
2016-10-24,9.845,9.93,9.801,9.898,8.6729,20647000
2016-10-25,9.914,9.917,9.791,9.808,8.594,22177000
2016-10-26,9.773,9.868,9.739,9.787,8.5756,23556000
2016-10-27,9.859,9.89,9.652,9.67,8.4731,23278000
2016-10-28,9.722,9.78,9.602,9.621,8.4302,16037000
2016-10-31,9.691,9.741,9.636,9.686,8.4871,20068000
2016-11-01,9.716,9.743,9.509,9.605,8.4162,25338000
2016-11-02,9.587,9.663,9.48,9.585,8.3986,28461000
2016-11-03,9.587,9.594,9.494,9.524,8.3452,23438000
2016-11-04,9.435,9.617,9.369,9.5,8.3242,22269000
2016-11-07,9.648,9.858,9.646,9.851,8.6317,36571000
2016-11-08,9.851,9.965,9.791,9.912,8.6852,15031000
2016-11-09,9.679,9.824,9.628,9.801,8.5879,19643000
2016-11-10,9.813,9.944,9.489,9.597,8.4092,27073000
2016-11-11,9.582,9.764,9.51,9.749,8.5423,16933000
2016-11-14,9.78,9.892,9.751,9.851,8.6317,17691000
2016-11-15,9.992,10.146,9.917,10.112,8.8604,19964000
2016-11-16,10.077,10.129,10.008,10.124,8.8709,12919000
2016-11-17,10.158,10.385,10.072,10.38,9.0952,18394000
2016-11-18,10.344,10.725,10.314,10.471,9.175,37095000
2016-11-21,10.491,10.629,10.466,10.624,9.309,21359000
2016-11-22,10.688,10.737,10.607,10.671,9.3502,19796000
2016-11-23,10.67,10.706,10.57,10.695,9.3713,14553000
2016-11-25,10.695,10.772,10.631,10.754,9.423,7896000
2016-11-28,10.742,10.804,10.669,10.677,9.3555,20463000
2016-11-29,10.729,10.82,10.657,10.757,9.4256,22709000
2016-11-30,10.755,10.799,10.6,10.602,9.2898,18767000
2016-12-01,10.565,10.572,9.779,9.858,8.6379,67595000
2016-12-02,9.919,10.152,9.835,10.049,8.8052,28442000
2016-12-05,10.142,10.28,10.058,10.24,8.9726,29873000
2016-12-06,10.398,10.398,10.188,10.305,9.0295,24204000
2016-12-07,10.299,10.655,10.269,10.655,9.3362,27800000
2016-12-08,10.61,10.764,10.575,10.715,9.3888,12613000
2016-12-09,10.656,10.72,10.323,10.409,9.1207,22276000
2016-12-12,10.339,10.438,10.301,10.363,9.1198,12616000
2016-12-13,10.416,10.486,10.371,10.406,9.1576,13706000
2016-12-14,10.398,10.547,10.367,10.444,9.1911,14092000
2016-12-15,10.462,10.668,10.401,10.612,9.3389,14374000
2016-12-16,10.61,10.688,10.428,10.445,9.1919,26211000
2016-12-19,10.673,10.86,10.653,10.699,9.4155,22227000
2016-12-20,10.819,10.819,10.651,10.685,9.4031,13103000
2016-12-21,10.668,10.75,10.641,10.648,9.3706,11676000
2016-12-22,10.687,10.819,10.685,10.769,9.4771,13865000
2016-12-23,10.742,10.812,10.706,10.806,9.5096,10003000
2016-12-27,10.854,10.955,10.828,10.903,9.595,7937000
2016-12-28,10.99,11.035,10.751,10.757,9.4665,10963000
2016-12-29,10.748,10.752,10.638,10.715,9.4295,12156000
2016-12-30,10.789,10.997,10.53,10.573,9.3046,8979000
2017-01-03,10.668,10.856,10.579,10.726,9.4392,19372000
2017-01-04,10.761,10.811,10.691,10.732,9.4445,12974000
2017-01-05,10.752,10.878,10.707,10.708,9.4234,16343000
2017-01-06,10.688,10.788,10.608,10.76,9.4691,12036000
2017-01-09,10.78,10.985,10.779,10.886,9.58,14401000
2017-01-10,10.897,10.899,10.778,10.847,9.5457,13177000
2017-01-11,10.868,10.9,10.777,10.899,9.5915,12718000
2017-01-12,10.874,10.874,10.68,10.817,9.5193,9962000
2017-01-13,10.871,11.11,10.863,11.054,9.7279,14986000
2017-01-17,11.033,11.06,10.846,10.91,9.6012,15027000
2017-01-18,10.996,11.129,10.933,11.124,9.7895,17156000
2017-01-19,11.139,11.241,11.05,11.084,9.7543,18704000
2017-01-20,11.191,11.283,11.134,11.235,9.8872,17275000
2017-01-23,11.301,11.411,11.221,11.277,9.9241,25202000
2017-01-24,11.31,11.485,11.31,11.464,10.0887,17293000
2017-01-25,11.654,11.721,11.452,11.692,10.2893,34975000
2017-01-26,11.503,11.616,11.286,11.433,10.0614,37892000
2017-01-27,11.562,11.914,11.535,11.824,10.4055,36180000
2017-01-30,11.678,11.7,11.472,11.6,10.2084,26173000
2017-01-31,11.596,11.636,11.452,11.486,10.108,23845000
2017-02-01,11.591,11.776,11.552,11.774,10.3615,21155000
2017-02-02,11.75,11.795,11.614,11.723,10.3166,12034000
2017-02-03,11.75,11.817,11.691,11.765,10.3536,11287000
2017-02-06,11.8,11.8,11.684,11.716,10.3105,11389000
2017-02-07,11.788,11.788,11.615,11.7,10.2964,35541000
2017-02-08,11.75,11.751,11.57,11.587,10.1969,23344000
2017-02-09,11.646,11.646,11.574,11.6,10.2084,13572000
2017-02-10,11.657,11.658,11.495,11.599,10.2075,15428000
2017-02-13,11.702,11.767,11.617,11.626,10.2313,9434000
2017-02-14,11.6,11.627,11.469,11.563,10.1758,12144000
2017-02-15,11.589,11.637,11.503,11.623,10.2286,13444000
2017-02-16,11.68,11.683,11.32,11.457,10.0825,31087000
2017-02-17,11.429,11.49,11.365,11.49,10.1116,21121000
2017-02-21,11.49,11.796,11.482,11.782,10.3685,23757000
2017-02-22,11.763,11.859,11.701,11.858,10.4354,16106000
2017-02-23,11.928,11.931,11.652,11.773,10.3606,13509000
2017-02-24,11.663,11.881,11.57,11.879,10.4539,12681000
2017-02-27,11.827,11.94,11.777,11.929,10.4979,16313000
2017-02-28,11.903,11.942,11.815,11.854,10.4319,23343000
2017-03-01,11.897,11.991,11.831,11.967,10.5313,23292000
2017-03-02,11.894,11.952,11.81,11.848,10.4266,11032000
2017-03-03,11.833,11.884,11.751,11.862,10.4389,10085000
2017-03-06,11.729,11.845,11.64,11.836,10.4557,14058000
2017-03-07,11.837,11.89,11.717,11.743,10.3736,14372000
2017-03-08,11.777,11.829,11.725,11.773,10.4001,8267000
2017-03-09,11.75,11.809,11.694,11.755,10.3842,7229000
2017-03-10,11.837,12.088,11.837,12.06,10.6536,18991000
2017-03-13,12.06,12.265,12.0,12.24,10.8126,18040000
2017-03-14,12.207,12.255,12.117,12.235,10.8082,12561000
2017-03-15,12.254,12.449,12.225,12.417,10.969,26203000
2017-03-16,12.45,12.621,12.417,12.597,11.128,21504000
2017-03-17,12.687,12.744,12.616,12.648,11.173,19718000
2017-03-20,12.664,12.766,12.633,12.686,11.2066,14134000
2017-03-21,12.726,12.764,12.4,12.427,10.9778,18545000
2017-03-22,12.408,12.543,12.396,12.54,11.0776,12229000
2017-03-23,12.525,12.628,12.482,12.535,11.0732,11623000
2017-03-24,12.716,12.935,12.672,12.747,11.2605,19983000
2017-03-27,12.602,12.839,12.565,12.78,11.2896,13431000
2017-03-28,12.749,12.855,12.714,12.775,11.2852,12393000
2017-03-29,12.775,12.8,12.716,12.788,11.2967,9668000
2017-03-30,12.79,12.915,12.79,12.87,11.3691,9267000
2017-03-31,12.829,12.9,12.801,12.836,11.3391,12756000
2017-04-03,12.862,12.898,12.755,12.842,11.3444,11490000
2017-04-04,12.798,12.893,12.764,12.889,11.3859,9960000
2017-04-05,12.95,13.013,12.767,12.777,11.287,13753000
2017-04-06,12.769,12.891,12.684,12.886,11.3833,13100000
2017-04-07,12.883,12.982,12.82,12.93,11.4222,6957000
2017-04-10,12.907,12.975,12.835,12.88,11.378,10264000
2017-04-11,12.836,12.878,12.533,12.723,11.2393,15669000
2017-04-12,12.746,12.767,12.551,12.616,11.1448,12909000
2017-04-13,12.58,12.728,12.491,12.517,11.0573,13629000
2017-04-17,12.574,12.746,12.574,12.733,11.2481,11737000
2017-04-18,12.678,12.781,12.597,12.743,11.257,21109000
2017-04-19,13.386,13.64,13.25,13.617,12.029,58010000
2017-04-20,13.7,13.971,13.641,13.936,12.3108,31459000
2017-04-21,13.915,14.023,13.755,13.998,12.3656,32609000
2017-04-24,14.258,14.288,14.113,14.251,12.5891,22187000
2017-04-25,14.371,14.596,14.251,14.576,12.8762,24000000
2017-04-26,14.557,14.611,14.4,14.551,12.8541,19078000
2017-04-27,14.628,14.8,14.61,14.7,12.9857,15898000
2017-04-28,14.65,14.716,14.454,14.485,12.7958,20597000
2017-05-01,14.593,14.934,14.572,14.922,13.1818,20931000
2017-05-02,14.98,14.999,14.767,14.932,13.1907,20695000
2017-05-03,14.955,15.03,14.852,15.008,13.2578,19378000
2017-05-04,14.993,15.066,14.892,15.061,13.3046,15114000
2017-05-05,15.096,15.1,14.842,15.031,13.2781,15727000
2017-05-08,15.003,15.079,14.899,14.912,13.173,14962000
2017-05-09,14.951,15.075,14.943,15.054,13.2985,15844000
2017-05-10,15.113,15.15,14.909,14.915,13.1757,18767000
2017-05-11,14.889,15.012,14.794,14.992,13.2437,17925000
2017-05-12,14.971,15.013,14.808,14.958,13.2137,15755000
2017-05-15,15.007,15.168,14.996,15.127,13.3629,18549000
2017-05-16,15.187,15.257,15.054,15.256,13.4769,22594000
2017-05-17,15.084,15.1,14.726,14.727,13.0096,22919000
2017-05-18,14.668,15.012,14.513,14.981,13.234,27717000
2017-05-19,15.156,15.31,15.064,15.24,13.4628,34689000
2017-05-22,15.275,15.338,15.115,15.291,13.5078,19235000
2017-05-23,15.333,15.409,15.119,15.343,13.5538,15163000
2017-05-24,15.405,15.426,15.229,15.288,13.5052,14540000
2017-05-25,15.368,15.437,15.254,15.39,13.5953,19061000
2017-05-26,15.349,15.544,15.309,15.512,13.703,20056000
2017-05-30,15.545,15.777,15.5,15.687,13.8576,20770000
2017-05-31,15.704,15.749,15.472,15.517,13.7075,28944000
2017-06-01,15.526,15.653,15.495,15.644,13.8197,14658000
2017-06-02,15.715,15.883,15.701,15.874,14.0228,18457000
2017-06-05,15.889,16.05,15.807,16.029,14.2,18203000
2017-06-06,16.024,16.412,15.968,16.101,14.2638,24067000
2017-06-07,16.206,16.269,16.099,16.23,14.3781,20813000
2017-06-08,16.344,16.499,16.247,16.497,14.6146,23194000
2017-06-09,16.535,16.705,15.438,15.778,13.9777,38340000
2017-06-12,15.551,15.586,14.875,15.451,13.688,54739000
2017-06-13,15.666,15.791,15.29,15.512,13.742,27608000
2017-06-14,15.535,15.596,15.041,15.275,13.532,28307000
2017-06-15,14.958,15.076,14.76,14.848,13.1538,41609000
2017-06-16,14.883,15.097,14.766,14.821,13.1298,41134000
2017-06-19,15.019,15.195,14.99,15.1,13.377,30814000
2017-06-20,15.15,15.294,14.953,15.011,13.2982,24595000
2017-06-21,15.031,15.125,14.915,15.092,13.3699,18855000
2017-06-22,15.151,15.242,14.952,15.004,13.292,15814000
2017-06-23,14.981,15.282,14.952,15.178,13.4461,30741000
2017-06-26,15.246,15.361,14.836,14.899,13.1989,26066000
2017-06-27,14.826,14.857,14.444,14.462,12.8118,34089000
2017-06-28,14.517,14.817,14.28,14.783,13.0962,29102000
2017-06-29,14.608,14.65,14.001,14.235,12.6107,31112000
2017-06-30,14.337,14.357,14.083,14.143,12.5292,29387000
2017-07-03,14.271,14.338,13.924,13.929,12.3396,15697000
2017-07-05,14.042,14.27,13.994,14.253,12.6267,26189000
2017-07-06,14.144,14.472,14.067,14.389,12.7471,27967000
2017-07-07,14.7,14.968,14.644,14.813,13.1228,29563000
2017-07-10,14.873,15.101,14.786,15.084,13.3628,22790000
2017-07-11,15.131,15.482,15.101,15.372,13.618,27538000
2017-07-12,15.541,15.635,15.292,15.458,13.6942,17827000
2017-07-13,15.505,15.631,15.416,15.494,13.7261,14611000
2017-07-14,15.569,15.761,15.496,15.73,13.9351,14598000
2017-07-17,15.778,15.831,15.575,15.698,13.9068,16579000
2017-07-18,15.7,15.959,15.624,15.935,14.1167,18320000
2017-07-19,16.05,16.455,16.025,16.423,14.549,27117000
2017-07-20,16.498,16.512,16.182,16.48,14.5996,23759000
2017-07-21,16.392,16.392,16.229,16.353,14.487,18474000
2017-07-24,16.35,16.468,16.315,16.412,14.5393,14457000
2017-07-25,16.408,16.482,16.248,16.446,14.5694,20828000
2017-07-26,16.54,16.844,16.522,16.834,14.9132,33108000
2017-07-27,16.892,17.0,16.127,16.476,14.596,56652000
2017-07-28,16.425,16.497,16.078,16.16,14.3161,27400000
2017-07-31,16.26,16.3,15.879,15.946,14.1265,24377000
2017-08-01,16.044,16.049,15.717,15.746,13.9493,25925000
2017-08-02,15.897,15.898,14.977,15.155,13.4257,47872000
2017-08-03,14.95,15.149,14.826,14.89,13.191,31461000
2017-08-04,14.935,15.226,14.836,15.005,13.2929,21538000
2017-08-07,15.045,15.59,15.004,15.584,13.8058,27518000
2017-08-08,15.585,15.786,15.405,15.575,13.7978,27532000
2017-08-09,15.546,15.636,15.337,15.52,13.7491,19564000
2017-08-10,15.386,15.419,14.904,14.944,13.2388,26134000
2017-08-11,14.985,15.443,14.982,15.426,13.6658,17909000
2017-08-14,15.66,15.892,15.621,15.855,14.0459,21272000
2017-08-15,15.859,16.061,15.777,16.021,14.1929,18174000
2017-08-16,16.145,16.519,16.064,16.322,14.4596,50988000
2017-08-17,16.25,16.357,15.83,15.846,14.0379,19605000
2017-08-18,16.02,16.187,15.835,16.049,14.2177,19246000
2017-08-21,16.112,16.146,15.702,15.84,14.0326,15548000
2017-08-22,15.921,16.417,15.921,16.381,14.5118,25223000
2017-08-23,16.314,16.397,16.074,16.17,14.3249,18158000
2017-08-24,16.221,16.28,15.809,15.882,14.0698,14737000
2017-08-25,15.93,15.997,15.652,15.786,13.9847,12719000
2017-08-28,15.833,16.104,15.774,16.067,14.2337,12582000
2017-08-29,15.862,16.284,15.81,16.232,14.3798,12321000
2017-08-30,16.243,16.5,16.177,16.499,14.6164,15713000
2017-08-31,16.562,16.732,16.518,16.598,14.7041,17924000
2017-09-01,16.602,16.915,16.544,16.686,14.782,15706000
2017-09-05,16.569,16.64,16.252,16.41,14.5375,15383000
2017-09-06,16.525,16.585,16.304,16.501,14.6182,19421000
2017-09-07,16.533,16.87,16.484,16.859,14.9353,13570000
2017-09-08,16.774,16.87,16.53,16.575,14.6837,17296000
2017-09-11,16.751,17.065,16.741,16.996,15.0567,18828000
2017-09-12,17.022,17.256,16.893,17.167,15.2485,16897000
2017-09-13,17.229,17.249,16.988,17.152,15.2352,14271000
2017-09-14,17.084,17.437,17.029,17.258,15.3294,19422000
2017-09-15,17.261,17.413,17.185,17.299,15.3658,26911000
2017-09-18,17.441,17.818,17.395,17.731,15.7495,28200000
2017-09-19,17.757,17.803,17.6,17.712,15.7326,21471000
2017-09-20,17.741,17.764,17.04,17.302,15.3684,23419000
2017-09-21,17.317,17.354,17.013,17.228,15.3027,21657000
2017-09-22,17.171,17.696,17.14,17.673,15.698,15828000
2017-09-25,17.6,17.6,17.0,17.017,15.1153,22130000
2017-09-26,17.232,17.266,16.752,16.944,15.0505,25498000
2017-09-27,17.51,18.063,17.306,17.939,15.9343,30403000
2017-09-28,17.859,18.208,17.769,18.182,16.1501,20617000
2017-09-29,18.29,18.523,18.142,18.504,16.4361,17893000
2017-10-02,18.504,18.757,18.345,18.595,16.517,21015000
2017-10-03,18.651,18.67,18.282,18.487,16.421,14826000
2017-10-04,18.397,18.527,18.21,18.502,16.4343,23646000
2017-10-05,18.527,18.557,18.079,18.282,16.2389,15893000
2017-10-06,18.258,18.503,18.236,18.483,16.4175,10168000
2017-10-09,18.5,18.595,18.373,18.466,16.4024,11131000
2017-10-10,18.613,18.635,18.195,18.49,16.4237,15708000
2017-10-11,18.422,18.621,18.395,18.618,16.5374,16279000
2017-10-12,18.611,18.911,18.611,18.699,16.6093,21387000
2017-10-13,18.864,19.031,18.752,18.99,16.8678,15571000
2017-10-16,19.1,19.385,19.034,19.236,17.0863,28363000
2017-10-17,19.509,19.549,19.19,19.455,17.2808,38370000
2017-10-18,19.708,20.091,19.312,20.049,17.8085,53963000
2017-10-19,19.839,20.1,19.493,20.098,17.852,30195000
2017-10-20,20.25,20.634,20.244,20.534,18.2393,31052000
2017-10-23,20.622,20.841,20.405,20.589,18.2881,28426000
2017-10-24,20.667,20.676,20.327,20.584,18.2837,19756000
2017-10-25,20.58,20.58,19.9,20.307,18.0376,26620000
2017-10-26,20.47,20.865,20.428,20.678,18.3672,18692000
2017-10-27,20.806,20.84,20.45,20.8,18.4755,19847000
2017-10-30,20.687,20.82,20.45,20.62,18.3156,13895000
2017-10-31,20.733,21.009,20.652,20.857,18.5262,16464000
2017-11-01,21.045,21.045,20.054,20.292,18.0243,28064000
2017-11-02,20.3,20.702,20.151,20.682,18.3707,23658000
2017-11-03,20.72,20.795,20.502,20.707,18.3929,18828000
2017-11-06,20.757,20.787,20.44,20.667,18.3574,22484000
2017-11-07,20.658,20.985,20.65,20.919,18.5812,13602000
2017-11-08,20.92,21.141,20.688,21.124,18.7633,15650000
2017-11-09,20.938,20.983,20.325,20.629,18.3236,21251000
2017-11-10,20.586,20.765,20.456,20.739,18.4214,17156000
2017-11-13,20.537,20.937,20.456,20.923,18.5848,14576000
2017-11-14,20.876,20.94,20.655,20.864,18.5324,10052000
2017-11-15,21.0,21.085,20.605,20.786,18.4631,21778000
2017-11-16,20.851,21.472,20.85,21.322,18.9392,22595000
2017-11-17,21.687,21.7,20.955,21.047,18.6949,19602000
2017-11-20,21.172,21.621,21.155,21.51,19.1062,19494000
2017-11-21,21.715,21.97,21.654,21.891,19.4446,21494000
2017-11-22,21.92,21.95,21.424,21.517,19.1124,18829000
2017-11-24,21.608,21.752,21.563,21.683,19.2599,8085000
2017-11-27,21.257,21.346,20.8,21.093,18.7358,27327000
2017-11-28,21.163,21.539,20.973,21.314,18.9321,24966000
2017-11-29,21.165,21.187,18.926,19.464,17.2888,79810000
2017-11-30,19.741,19.873,19.131,19.233,17.0836,50477000
2017-12-01,19.0,19.127,18.069,18.781,16.6822,56596000
2017-12-04,18.969,18.984,17.95,18.074,16.0542,53518000
2017-12-05,18.0,18.677,17.58,18.053,16.08,51648000
2017-12-06,17.905,18.432,17.75,18.423,16.4096,39916000
2017-12-07,18.709,19.012,18.577,18.916,16.8487,33346000
2017-12-08,19.125,19.3,18.603,18.646,16.6082,34763000
2017-12-11,18.772,18.82,18.4,18.556,16.528,28030000
2017-12-12,18.455,18.537,18.114,18.157,16.1726,22072000
2017-12-13,18.175,18.482,18.128,18.131,16.1495,32287000
2017-12-14,18.13,18.443,18.099,18.21,16.2198,29567000
2017-12-15,18.329,18.746,18.181,18.632,16.5957,39779000
2017-12-18,18.765,19.081,18.67,18.907,16.8407,34140000
2017-12-19,18.813,18.942,18.565,18.611,16.577,23914000
2017-12-20,19.09,19.184,18.73,18.883,16.8193,32906000
2017-12-21,18.879,18.915,18.475,18.564,16.5352,26719000
2017-12-22,18.525,18.799,18.41,18.669,16.6287,15804000
2017-12-26,18.426,18.669,18.231,18.431,16.4167,17065000
2017-12-27,18.476,18.703,18.4,18.537,16.5111,16105000
2017-12-28,18.594,18.7,18.49,18.554,16.5262,13101000
2017-12-29,18.558,18.672,18.402,18.407,16.3953,13810000
2018-01-02,18.515,18.952,18.387,18.928,16.8594,20373000
2018-01-03,19.068,19.382,18.962,19.25,17.1462,25833000
2018-01-04,19.5,19.685,19.315,19.338,17.2246,22272000
2018-01-05,19.49,19.718,19.445,19.64,17.4936,17130000
2018-01-08,19.633,19.949,19.625,19.788,17.6254,27627000
2018-01-09,19.822,19.975,19.337,19.757,17.5978,29550000
2018-01-10,19.434,19.523,19.029,19.166,17.0714,35108000
2018-01-11,19.206,19.282,18.841,18.912,16.8451,28164000
2018-01-12,18.912,19.138,18.83,18.851,16.7908,27881000
2018-01-16,19.218,19.582,18.84,19.039,16.9582,42511000
2018-01-17,19.453,20.566,19.375,20.508,18.2667,64971000
2018-01-18,20.3,20.635,19.976,20.545,18.2997,41988000
2018-01-19,20.585,20.755,20.31,20.753,18.4849,26150000
2018-01-22,20.84,20.984,20.72,20.919,18.6328,28231000
2018-01-23,21.103,21.514,21.0,21.507,19.1565,43397000
2018-01-24,21.419,21.419,20.656,20.973,18.6809,54649000
2018-01-25,21.6,21.848,19.9,19.925,17.7474,82788000
2018-01-26,20.195,20.642,20.028,20.257,18.0431,47616000
2018-01-29,20.124,20.228,19.328,19.597,17.4553,40060000
2018-01-30,19.21,19.529,18.925,19.108,17.0197,37946000
2018-01-31,19.291,19.383,19.025,19.152,17.0589,28384000
2018-02-01,19.0,19.413,18.82,18.911,16.8442,30535000
2018-02-02,18.671,18.682,17.837,17.906,15.9491,55276000
2018-02-05,17.55,18.29,17.032,17.035,15.1733,58953000
2018-02-06,16.85,17.9,16.732,17.834,15.8849,58903000
2018-02-07,17.583,17.943,17.16,17.163,15.2873,34033000
2018-02-08,17.266,17.307,16.221,16.223,14.45,49344000
2018-02-09,16.582,16.729,15.683,16.587,14.7742,59371000
2018-02-12,16.841,17.448,16.727,17.295,15.4048,41507000
2018-02-13,17.157,17.273,16.812,17.256,15.3701,28416000
2018-02-14,17.14,18.309,17.1,18.301,16.3009,58370000
2018-02-15,18.297,18.578,17.912,18.571,16.5414,41792000
2018-02-16,18.476,19.121,18.465,18.791,16.7373,43356000
2018-02-20,18.693,19.605,18.641,19.344,17.2299,32965000
2018-02-21,19.455,19.5,18.92,18.923,16.8549,32713000
2018-02-22,19.016,19.044,18.693,18.836,16.7774,17529000
2018-02-23,19.024,19.367,18.861,19.31,17.1996,22273000
2018-02-26,19.457,19.897,19.315,19.843,17.6744,23631000
2018-02-27,19.815,19.979,19.337,19.347,17.2326,28223000
2018-02-28,19.444,19.667,19.133,19.186,17.0892,36083000
2018-03-01,19.249,19.564,18.812,19.007,16.9297,30036000
2018-03-02,18.505,19.489,18.216,19.453,17.327,27758000
2018-03-05,19.283,20.002,19.124,19.87,17.6984,32924000
2018-03-06,20.014,20.95,19.951,20.794,18.5682,76363000
2018-03-07,20.583,21.236,20.414,21.174,18.9075,56256000
2018-03-08,21.4,21.494,21.095,21.274,18.9968,37804000
2018-03-09,21.428,22.608,21.394,22.495,20.0871,66568000
2018-03-12,22.55,23.0,22.3,22.865,20.4175,49288000
2018-03-13,23.004,23.488,22.243,22.397,19.9996,49462000
2018-03-14,22.3,22.613,22.106,22.264,19.8808,32919000
2018-03-15,22.4,22.7,22.255,22.308,19.9201,24462000
2018-03-16,22.418,22.5,22.129,22.192,19.8165,24958000
2018-03-19,21.836,21.904,21.205,21.758,19.429,40981000
2018-03-20,21.849,22.119,21.795,21.913,19.5674,22238000
2018-03-21,22.187,22.782,22.101,22.428,20.0273,35675000
2018-03-22,22.05,22.293,21.465,21.482,19.1825,32495000
2018-03-23,21.405,21.547,20.256,20.263,18.094,52235000
2018-03-26,21.065,21.502,20.727,21.496,19.195,34588000
2018-03-27,21.923,21.946,20.066,20.262,18.0931,42923000
2018-03-28,19.963,20.175,19.426,19.621,17.5207,35239000
2018-03-29,19.81,20.75,19.698,20.316,18.1413,35782000
2018-04-02,20.149,20.289,19.135,19.387,17.3118,35505000
2018-04-03,19.792,19.957,19.394,19.797,17.6779,26824000
2018-04-04,19.05,20.266,19.05,20.167,18.0083,36997000
2018-04-05,20.268,20.341,19.221,19.502,17.4145,35339000
2018-04-06,19.091,19.627,18.909,19.065,17.0242,31239000
2018-04-09,19.283,19.972,19.211,19.312,17.2448,26567000
2018-04-10,19.891,20.206,19.613,20.017,17.8743,27077000
2018-04-11,19.825,20.346,19.771,20.086,17.936,24498000
2018-04-12,20.382,20.694,20.225,20.602,18.3967,30843000
2018-04-13,20.855,20.858,20.277,20.374,18.1931,21614000
2018-04-16,20.525,20.591,20.16,20.355,18.1762,19411000
2018-04-17,20.722,21.285,20.626,21.233,18.9602,60845000
2018-04-18,20.024,20.456,19.65,20.377,18.1958,91149000
2018-04-19,19.858,20.114,18.879,19.039,17.001,87734000
2018-04-20,19.071,19.506,18.999,19.191,17.1367,49807000
2018-04-23,19.35,19.64,19.044,19.186,17.1323,34889000
2018-04-24,19.387,19.544,18.261,18.582,16.5929,50347000
2018-04-25,18.599,18.958,18.167,18.667,16.6688,31248000
2018-04-26,19.089,19.299,18.882,19.04,17.0019,36113000
2018-04-27,19.228,19.269,18.56,18.726,16.7215,30448000
2018-04-30,18.735,18.889,18.396,18.506,16.5251,29902000
2018-05-01,18.414,19.058,18.374,19.039,17.001,28337000
2018-05-02,19.029,19.195,18.829,18.952,16.9233,21948000
2018-05-03,18.775,19.053,18.561,18.943,16.9153,21815000
2018-05-04,18.8,19.688,18.763,19.547,17.4546,32827000
2018-05-07,19.611,19.695,19.272,19.348,17.2769,33047000
2018-05-08,19.26,19.575,19.206,19.486,17.4002,21481000
2018-05-09,19.56,20.002,19.515,19.972,17.8342,23909000
2018-05-10,20.123,20.439,20.067,20.401,18.2172,18903000
2018-05-11,20.242,20.476,20.089,20.155,17.9976,19455000
2018-05-14,20.51,20.992,20.32,20.403,18.219,33437000
2018-05-15,20.341,20.43,19.977,20.219,18.0547,19214000
2018-05-16,20.341,20.819,20.266,20.691,18.4762,22545000
2018-05-17,20.566,20.637,20.173,20.333,18.1565,26077000
2018-05-18,19.525,19.788,19.218,19.549,17.4564,52501000
2018-05-21,19.934,20.094,19.65,19.987,17.8475,25346000
2018-05-22,20.225,20.532,20.2,20.298,18.1253,27788000
2018-05-23,19.998,20.397,19.98,20.331,18.1547,19699000
2018-05-24,20.355,20.495,20.079,20.437,18.2494,21240000
2018-05-25,20.298,20.389,20.118,20.203,18.0404,22637000
2018-05-29,20.028,20.291,19.826,20.028,17.8842,20495000
2018-05-30,20.213,20.474,20.07,20.183,18.0226,28121000
2018-05-31,20.066,20.21,19.785,19.818,17.6966,30783000
2018-06-01,20.0,20.378,19.869,20.268,18.0985,34371000
2018-06-04,20.247,20.595,20.059,20.459,18.269,28059000
2018-06-05,20.466,20.547,20.143,20.184,18.1209,25079000
2018-06-06,20.248,20.252,19.688,19.961,17.9207,39254000
2018-06-07,19.226,19.278,18.481,18.883,16.9529,127752000
2018-06-08,18.613,18.829,18.54,18.803,16.881,52726000
2018-06-11,18.765,18.783,18.319,18.371,16.4932,54434000
2018-06-12,18.49,18.702,18.335,18.693,16.7823,36615000
2018-06-13,18.421,18.85,18.403,18.459,16.5722,44895000
2018-06-14,18.517,18.655,18.097,18.117,16.2652,43866000
2018-06-15,17.926,18.09,17.8,17.841,16.0174,43553000
2018-06-18,17.663,17.67,17.4,17.42,15.6394,45187000
2018-06-19,17.09,17.483,17.051,17.335,15.5631,37362000
2018-06-20,17.548,17.629,17.319,17.454,15.6699,27759000
2018-06-21,17.817,17.925,17.539,17.605,15.8055,32827000
2018-06-22,17.749,17.76,17.294,17.47,15.6843,29503000
2018-06-25,17.221,17.3,16.762,17.101,15.353,36180000
2018-06-26,17.552,17.575,17.174,17.393,15.6152,35058000
2018-06-27,17.5,17.549,16.979,16.98,15.2444,26858000
2018-06-28,16.801,17.114,16.637,17.087,15.3405,33546000
2018-06-29,17.255,17.484,17.224,17.285,15.5182,32016000
2018-07-02,16.999,17.327,16.861,17.305,15.5362,21153000
2018-07-03,17.319,17.35,16.689,16.725,15.0155,20484000
2018-07-05,16.931,17.23,16.929,17.182,15.4257,23862000
2018-07-06,17.13,17.409,16.9,17.386,15.6089,23543000
2018-07-09,17.573,17.712,17.23,17.702,15.8926,20559000
2018-07-10,17.702,17.793,17.51,17.64,15.8369,19771000
2018-07-11,17.45,17.599,16.882,16.926,15.1959,34509000
2018-07-12,17.011,17.342,16.972,17.132,15.3809,26871000
2018-07-13,17.226,17.42,17.127,17.179,15.423,21323000
2018-07-16,17.112,17.29,17.077,17.179,15.423,18735000
2018-07-17,17.053,17.804,17.053,17.724,15.9123,24194000
2018-07-18,18.304,18.388,17.905,18.132,16.2786,32971000
2018-07-19,18.011,18.147,17.783,17.823,16.0012,20152000
2018-07-20,17.818,17.844,17.59,17.781,15.9635,17208000
2018-07-23,17.63,17.65,17.153,17.484,15.6969,22954000
2018-07-24,17.618,17.919,17.3,17.339,15.5667,23002000
2018-07-25,17.349,17.438,17.044,17.28,15.5137,22323000
2018-07-26,17.226,17.764,17.2,17.726,15.9141,38416000
2018-07-27,18.5,19.345,18.456,19.002,17.0597,80737000
2018-07-30,18.949,19.0,18.588,18.784,16.864,34120000
2018-07-31,19.007,19.67,18.974,19.064,17.1154,34177000
2018-08-01,18.987,19.08,18.584,18.629,16.7248,25590000
2018-08-02,18.378,18.808,18.362,18.71,16.7976,18192000
2018-08-03,18.68,18.809,18.583,18.729,16.8146,15075000
2018-08-06,18.621,18.858,18.616,18.831,16.9062,17930000
2018-08-07,18.875,18.898,18.365,18.591,16.6907,27277000
2018-08-08,18.505,19.05,18.471,19.002,17.0597,21288000
2018-08-09,18.668,18.764,18.274,18.449,16.5632,32915000
2018-08-10,18.057,18.143,17.744,17.81,15.9895,29623000
2018-08-13,17.886,17.91,17.605,17.815,15.994,21843000
2018-08-14,17.858,17.965,17.642,17.669,15.863,19201000
2018-08-15,17.444,17.482,17.089,17.283,15.5164,29154000
2018-08-16,17.388,17.67,17.23,17.429,15.6475,26004000
2018-08-17,17.086,17.112,16.632,16.991,15.2543,42193000
2018-08-20,16.957,17.201,16.697,17.128,15.3773,25374000
2018-08-21,17.226,17.55,17.158,17.439,15.6565,27194000
2018-08-22,17.343,17.509,17.27,17.308,15.5389,17181000
2018-08-23,17.259,17.445,17.23,17.277,15.511,22220000
2018-08-24,17.404,17.415,17.144,17.246,15.4832,20123000
2018-08-27,17.3,17.808,17.295,17.621,15.8199,31687000
2018-08-28,17.323,17.432,17.08,17.414,15.634,35476000
2018-08-29,17.328,17.494,17.187,17.262,15.4976,23196000
2018-08-30,17.25,17.462,17.215,17.247,15.4841,21550000
2018-08-31,17.228,17.467,17.172,17.309,15.5398,22122000
2018-09-04,17.175,17.292,16.834,17.196,15.4383,26060000
2018-09-05,17.061,17.232,16.917,17.204,15.4455,29233000
2018-09-06,17.03,17.085,15.999,16.005,14.369,56661000
2018-09-07,15.86,16.142,15.852,15.958,14.3269,31932000
2018-09-10,16.143,16.145,15.825,15.946,14.3161,22927000
2018-09-11,15.5,15.62,15.319,15.54,14.0485,35012000
2018-09-12,15.025,15.18,14.902,15.037,13.5938,50018000
2018-09-13,15.2,15.441,15.102,15.312,13.8424,31504000
2018-09-14,15.376,15.574,15.189,15.346,13.8731,24852000
2018-09-17,15.284,15.442,15.182,15.21,13.7502,19409000
2018-09-18,15.236,15.547,15.236,15.365,13.8903,15270000
2018-09-19,15.536,15.536,15.272,15.319,13.8487,21014000
2018-09-20,15.486,15.704,15.433,15.528,14.0376,24502000
2018-09-21,15.351,15.655,15.351,15.568,14.0738,41910000
2018-09-24,15.496,15.529,15.251,15.474,13.9888,19800000
2018-09-25,15.501,15.501,15.051,15.129,13.6769,34302000
2018-09-26,14.805,15.176,14.754,14.881,13.4527,34514000
2018-09-27,15.021,15.174,14.854,15.057,13.6118,22384000
2018-09-28,15.048,15.33,14.914,15.17,13.714,21552000
2018-10-01,15.063,15.186,14.918,15.024,13.582,23595000
2018-10-02,14.95,15.485,14.928,15.108,13.6579,28033000
2018-10-03,15.184,15.331,15.022,15.217,13.7565,16745000
2018-10-04,15.097,15.1,14.763,14.901,13.4708,26982000
2018-10-05,14.877,15.045,14.68,14.79,13.3705,23365000
2018-10-08,14.72,14.911,14.53,14.608,13.2059,24404000
2018-10-09,14.562,14.6,14.135,14.447,13.0604,39021000
2018-10-10,14.24,14.367,13.876,13.978,12.6364,45539000
2018-10-11,14.078,14.288,13.599,13.762,12.4411,39716000
2018-10-12,14.298,14.664,14.077,14.361,12.9826,37654000
2018-10-15,14.2,14.419,14.036,14.251,12.8832,26998000
2018-10-16,14.422,14.645,14.327,14.527,13.1327,45363000
2018-10-17,15.25,15.396,14.62,14.718,13.3054,87861000
2018-10-18,14.568,14.654,14.341,14.509,13.1164,43263000
2018-10-19,14.562,14.855,14.442,14.52,13.1264,41175000
2018-10-22,14.673,14.759,14.364,14.427,13.0423,27412000
2018-10-23,13.96,14.766,13.958,14.639,13.234,38654000
2018-10-24,14.425,14.523,13.915,13.931,12.5939,39102000
2018-10-25,14.1,14.405,13.939,14.256,12.8877,31346000
2018-10-26,13.846,14.226,13.656,13.91,12.5749,37699000
2018-10-29,14.078,14.252,13.342,13.578,12.2748,37667000
2018-10-30,13.583,14.108,13.486,13.927,12.5903,40181000
2018-10-31,14.166,14.307,14.022,14.173,12.8127,28055000
2018-11-01,14.264,15.204,14.25,15.186,13.7285,57921000
2018-11-02,15.293,15.41,15.007,15.151,13.6968,29116000
2018-11-05,15.132,15.15,14.547,14.761,13.3443,22178000
2018-11-06,14.678,15.239,14.65,15.207,13.7474,32368000
2018-11-07,15.399,15.4,15.117,15.169,13.7131,25775000
2018-11-08,14.987,15.331,14.924,15.168,13.7122,12459000
2018-11-09,14.957,15.086,14.689,14.785,13.3659,18722000
2018-11-12,14.555,14.601,14.207,14.291,12.9194,24391000
2018-11-13,14.507,14.713,14.311,14.395,13.0134,28856000
2018-11-14,14.562,14.766,14.158,14.274,12.904,24399000
2018-11-15,14.217,14.778,14.16,14.64,13.2349,32110000
2018-11-16,14.252,15.066,14.162,14.8,13.3795,37911000
2018-11-19,14.689,14.858,14.355,14.374,12.9944,25399000
2018-11-20,14.024,14.911,13.987,14.345,12.9682,52282000
2018-11-21,14.592,14.758,14.434,14.452,13.0649,22895000
2018-11-23,14.289,14.721,14.289,14.394,13.0125,8669000
2018-11-26,14.65,14.696,14.417,14.68,13.271,15651000
2018-11-27,14.541,14.779,14.489,14.683,13.2737,20098000
2018-11-28,14.759,15.392,14.501,15.384,13.9075,31957000
2018-11-29,15.232,15.492,15.182,15.275,13.8089,19321000
2018-11-30,15.3,15.718,15.083,15.696,14.1895,36878000
2018-12-03,16.1,16.287,15.825,16.102,14.5565,36837000
2018-12-04,15.853,15.9,14.851,14.969,13.6254,52282000
2018-12-06,14.5,14.741,14.205,14.573,13.2649,55664000
2018-12-07,14.562,14.569,13.744,13.803,12.564,30846000
2018-12-10,13.731,13.922,13.516,13.782,12.5449,27340000
2018-12-11,14.041,14.477,13.739,13.829,12.5877,22135000
2018-12-12,14.107,14.176,13.74,13.845,12.6023,30169000
2018-12-13,13.951,14.056,13.773,13.876,12.6305,16696000
2018-12-14,13.613,13.747,13.392,13.537,12.3219,33849000
2018-12-17,13.503,13.918,13.394,13.568,12.3501,24680000
2018-12-18,13.703,14.235,13.628,13.793,12.5549,25001000
2018-12-19,13.559,14.043,12.993,13.112,11.9351,36244000
2018-12-20,13.212,13.295,12.665,12.831,11.6793,43698000
2018-12-21,12.911,13.199,12.674,12.716,11.5746,39131000
2018-12-24,12.657,12.742,12.322,12.328,11.2214,13052000
2018-12-26,12.497,13.094,12.264,13.084,11.9096,32388000
2018-12-27,12.791,13.329,12.751,13.328,12.1317,18137000
2018-12-28,13.36,13.804,13.332,13.542,12.3265,22876000
2018-12-31,13.678,13.79,13.431,13.617,12.3947,15972000
2019-01-02,13.346,13.965,13.34,13.83,12.5886,17126000
2019-01-03,13.52,13.635,13.135,13.163,11.9815,21111000
2019-01-04,13.409,13.824,13.335,13.806,12.5668,21270000
2019-01-07,13.847,14.107,13.739,13.929,12.6787,13940000
2019-01-08,14.023,14.047,13.336,13.693,12.4639,27463000
2019-01-09,13.871,14.467,13.828,14.4,13.1074,33367000
2019-01-10,14.309,14.557,14.139,14.457,13.1593,20094000
2019-01-11,14.395,14.707,14.29,14.411,13.1175,22813000
2019-01-14,14.225,14.232,13.863,14.043,12.7825,32391000
2019-01-15,14.132,14.236,13.888,14.0,12.7433,14539000
2019-01-16,14.014,14.175,13.864,13.875,12.6296,19124000
2019-01-17,13.797,14.195,13.665,14.176,12.9036,18445000
2019-01-18,14.329,14.988,14.31,14.755,13.4306,37802000
2019-01-22,14.635,14.653,13.843,13.989,12.7333,37249000
2019-01-23,14.067,14.227,13.758,13.933,12.6824,35068000
2019-01-24,15.025,16.218,15.002,16.12,14.6731,134214000
2019-01-25,16.303,16.681,15.975,16.549,15.0636,71585000
2019-01-28,16.0,16.7,15.9,16.606,15.1154,45139000
2019-01-29,16.934,16.997,16.391,16.499,15.018,34212000
2019-01-30,16.743,17.253,16.665,17.093,15.5587,38807000
2019-01-31,16.961,17.29,16.786,16.958,15.4358,30481000
2019-02-01,17.02,17.35,16.943,17.277,15.7262,28917000
2019-02-04,17.245,17.395,17.088,17.316,15.7617,17386000
2019-02-05,17.258,17.444,17.17,17.369,15.8099,24743000
2019-02-06,17.433,18.053,17.4,17.71,16.1203,33794000
2019-02-07,17.502,17.67,17.326,17.572,15.9947,21664000
2019-02-08,17.268,17.564,17.165,17.53,15.9565,17042000
2019-02-11,17.563,17.7,17.484,17.592,16.0129,16828000
2019-02-12,17.8,18.014,17.73,17.925,16.316,19631000
2019-02-13,18.008,18.296,17.928,18.101,16.4762,20281000
2019-02-14,18.006,18.524,18.006,18.133,16.5054,20012000
2019-02-15,18.202,18.315,17.934,18.109,16.4835,23138000
2019-02-19,18.094,18.3,18.022,18.031,16.4125,15516000
2019-02-20,18.117,18.32,18.056,18.221,16.5855,21972000
2019-02-21,18.219,18.284,17.857,17.882,16.2769,19141000
2019-02-22,17.644,17.991,17.51,17.922,16.3133,27103000
2019-02-25,18.23,18.238,17.942,17.96,16.3479,18380000
2019-02-26,17.889,18.032,17.82,17.856,16.2532,15063000
2019-02-27,17.764,17.821,17.432,17.72,16.1294,17586000
2019-02-28,17.616,17.704,17.49,17.609,16.0284,16597000
2019-03-01,17.767,17.906,17.589,17.675,16.0885,15136000
2019-03-04,17.735,18.029,17.656,17.777,16.1813,22781000
2019-03-05,17.696,17.727,17.225,17.354,15.7963,25756000
2019-03-06,17.35,17.393,16.818,16.919,15.4003,30124000
2019-03-07,16.851,16.854,16.489,16.716,15.2156,24467000
2019-03-08,16.47,16.941,16.36,16.883,15.3676,19439000
2019-03-11,16.963,17.308,16.952,17.201,15.657,20297000
2019-03-12,17.286,17.321,17.09,17.206,15.6616,16354000
2019-03-13,17.311,17.311,17.001,17.041,15.5114,21585000
2019-03-14,17.1,17.843,17.1,17.653,16.0685,36232000
2019-03-15,18.134,18.796,18.035,18.239,16.6019,61230000
2019-03-18,18.182,18.337,17.851,18.02,16.4025,20343000
2019-03-19,18.028,18.233,17.899,17.935,16.4254,20884000
2019-03-20,17.917,18.069,17.46,17.574,16.0948,20673000
2019-03-21,17.579,18.659,17.579,18.38,16.8329,31033000
2019-03-22,18.231,18.444,17.898,17.945,16.4346,22045000
2019-03-25,17.903,18.08,17.693,17.909,16.4016,12734000
2019-03-26,17.974,18.27,17.9,18.005,16.4895,16499000
2019-03-27,18.017,18.08,17.71,17.764,16.2688,13905000
2019-03-28,17.777,17.899,17.411,17.568,16.0893,16656000
2019-03-29,17.777,17.979,17.708,17.901,16.3943,15830000
2019-04-01,18.2,18.501,18.145,18.47,16.9154,17987000
2019-04-02,18.507,18.581,18.302,18.426,16.8751,13618000
2019-04-03,18.763,19.308,18.623,19.154,17.5418,32450000
2019-04-04,18.959,19.382,18.931,19.103,17.4951,21427000
2019-04-05,19.321,19.579,19.2,19.515,17.8724,21467000
2019-04-08,19.36,19.462,19.134,19.358,17.7286,17132000
2019-04-09,19.182,19.195,18.917,19.046,17.4429,17347000
2019-04-10,18.98,19.161,18.86,19.084,17.4777,14505000
2019-04-11,19.131,19.347,19.05,19.131,17.5207,11942000
2019-04-12,19.411,19.53,19.247,19.408,17.7744,11619000
2019-04-15,19.338,19.338,18.995,19.281,17.6581,14193000
2019-04-16,19.45,19.688,19.387,19.462,17.8239,15514000
2019-04-17,19.734,19.797,19.429,19.629,17.9768,16936000
2019-04-18,19.673,19.728,19.447,19.477,17.8376,14098000
2019-04-22,19.629,19.675,19.309,19.522,17.8788,11771000
2019-04-23,19.5,19.624,19.34,19.478,17.8385,20486000
2019-04-24,19.515,19.998,19.459,19.544,17.899,26018000
2019-04-25,20.3,20.95,20.25,20.508,18.7818,47583000
2019-04-26,20.3,20.719,19.96,20.639,18.9018,28652000
2019-04-29,20.673,20.773,20.438,20.612,18.8771,16077000
2019-04-30,20.623,20.881,20.529,20.743,18.9971,16043000
2019-05-01,20.804,20.904,20.389,20.396,18.6793,11369000
2019-05-02,20.396,20.738,20.34,20.684,18.943,13401000
2019-05-03,20.739,20.881,20.617,20.778,19.0291,12578000
2019-05-06,20.033,20.528,19.875,20.454,18.7324,12830000
2019-05-07,20.089,20.191,19.485,19.994,18.3111,29342000
2019-05-08,19.85,20.17,19.709,19.971,18.29,15551000
2019-05-09,19.6,19.997,19.303,19.863,18.1911,19390000
2019-05-10,19.709,19.95,19.392,19.79,18.1243,17561000
2019-05-13,19.13,19.201,18.694,18.83,17.2451,28563000
2019-05-14,19.046,19.406,18.947,19.244,17.6242,16563000
2019-05-15,19.116,19.79,19.065,19.548,17.9026,16087000
2019-05-16,19.204,19.648,19.066,19.446,17.8092,17612000
2019-05-17,19.309,20.0,19.3,19.416,17.7818,24442000
2019-05-20,18.864,18.965,18.274,18.367,16.821,32441000
2019-05-21,18.661,18.861,18.549,18.691,17.1178,20314000
2019-05-22,18.538,18.853,18.515,18.718,17.1425,11325000
2019-05-23,18.38,18.588,18.227,18.545,16.9841,18492000
2019-05-24,18.678,18.798,18.17,18.19,16.6589,21382000
2019-05-28,18.354,18.4,17.865,17.892,16.386,25526000
2019-05-29,17.713,17.84,17.47,17.76,16.2651,25662000
2019-05-30,17.795,18.22,17.752,17.862,16.3586,12630000
2019-05-31,17.631,17.958,17.453,17.461,15.9913,15766000
2019-06-03,17.548,17.745,17.104,17.243,15.7917,24126000
2019-06-04,17.454,18.08,17.276,18.042,16.5234,23986000
2019-06-05,18.116,18.316,17.893,18.232,16.6974,19468000
2019-06-06,18.235,18.525,18.165,18.464,16.9099,15890000
2019-06-07,18.563,18.926,18.463,18.668,17.0967,16194000
2019-06-10,18.809,19.377,18.809,19.117,17.5079,16890000
2019-06-11,19.491,19.529,18.937,18.992,17.4941,14779000
2019-06-12,18.337,18.422,17.882,17.988,16.5693,26863000
2019-06-13,18.084,18.221,17.875,18.019,16.5978,16484000
2019-06-14,17.632,17.746,17.35,17.68,16.2856,21876000
2019-06-17,17.679,17.679,17.238,17.251,15.8904,19722000
2019-06-18,17.498,18.405,17.443,18.044,16.6209,23698000
2019-06-19,18.166,18.337,17.942,18.142,16.7111,12339000
2019-06-20,18.508,18.649,18.236,18.396,16.9451,11268000
2019-06-21,18.269,18.5,18.243,18.303,16.8594,19916000
2019-06-24,18.209,18.297,18.061,18.127,16.6973,16784000
2019-06-25,18.123,18.162,17.558,17.582,16.1953,20799000
2019-06-26,17.937,18.254,17.859,18.128,16.6982,19941000
2019-06-27,18.289,18.679,18.275,18.613,17.145,18912000
2019-06-28,18.969,18.974,18.709,18.784,17.3025,23367000
2019-07-01,19.457,19.795,18.912,19.134,17.6249,23652000
2019-07-02,19.097,19.097,18.552,18.719,17.2426,15263000
2019-07-03,18.739,18.789,18.459,18.486,17.028,10480000
2019-07-05,18.318,18.417,18.11,18.364,16.9156,19537000
2019-07-08,17.92,18.242,17.892,18.14,16.7093,14965000
2019-07-09,18.009,18.404,17.991,18.308,16.8641,17438000
2019-07-10,18.535,18.958,18.372,18.422,16.9691,17782000
2019-07-11,18.574,18.574,18.232,18.489,17.0308,16132000
2019-07-12,18.647,19.281,18.547,19.124,17.6157,19750000
2019-07-15,19.236,19.374,19.109,19.275,17.7548,10092000
2019-07-16,19.107,19.256,18.94,18.981,17.484,11091000
2019-07-17,19.045,19.25,18.811,19.172,17.6599,15796000
2019-07-18,19.308,20.01,19.216,19.823,18.2596,21088000
2019-07-19,20.029,20.08,19.693,19.847,18.2817,15318000
2019-07-22,20.288,20.787,20.287,20.721,19.0867,23575000
2019-07-23,20.76,21.0,20.636,20.976,19.3216,19498000
2019-07-24,21.0,21.849,20.901,21.698,19.9867,31408000
2019-07-25,21.368,21.427,21.007,21.075,19.4128,20844000
2019-07-26,21.145,21.29,20.955,21.075,19.4128,11249000
2019-07-29,21.031,21.117,20.785,21.082,19.4193,10921000
2019-07-30,20.863,21.273,20.756,21.132,19.4653,9560000
2019-07-31,21.07,21.236,20.616,20.861,19.2157,26525000
2019-08-01,20.789,21.77,20.405,20.576,18.9532,29749000
2019-08-02,20.432,20.591,20.047,20.409,18.7993,24246000
2019-08-05,19.776,19.876,19.162,19.353,17.8266,22825000
2019-08-06,19.723,19.966,19.312,19.452,17.9178,20037000
2019-08-07,19.245,19.735,19.071,19.643,18.0938,21443000
2019-08-08,20.101,20.239,19.837,20.148,18.5589,17327000
2019-08-09,19.934,20.028,19.442,19.532,17.9915,18801000
2019-08-12,19.439,19.718,19.38,19.631,18.0827,13060000
2019-08-13,19.631,20.655,19.509,20.569,18.9467,22814000
2019-08-14,19.935,20.154,19.726,19.85,18.2844,19203000
2019-08-15,19.973,20.094,19.645,19.893,18.324,10367000
2019-08-16,19.893,20.633,19.837,20.511,18.8933,19249000
2019-08-19,21.0,21.122,20.715,20.805,19.1641,13950000
2019-08-20,20.821,20.873,20.533,20.676,19.0453,8549000
2019-08-21,20.911,20.958,20.692,20.799,19.1586,9280000
2019-08-22,20.818,21.152,20.606,21.046,19.3861,9905000
2019-08-23,20.765,20.95,19.975,20.039,18.4585,20312000
2019-08-26,20.432,20.553,20.004,20.134,18.546,12502000
2019-08-27,20.343,20.343,19.814,19.977,18.4014,12917000
2019-08-28,19.966,20.381,19.716,20.328,18.7247,11954000
2019-08-29,20.7,21.0,20.628,20.766,19.1282,18173000
2019-08-30,21.138,21.305,20.934,21.051,19.3907,11943000
2019-09-03,21.1,21.401,20.902,21.294,19.6145,18529000
2019-09-04,21.528,22.222,21.523,22.16,20.4122,24032000
2019-09-05,22.717,23.226,22.554,22.674,20.8857,28373000
2019-09-06,22.711,22.994,22.51,22.792,20.9944,16807000
2019-09-09,22.972,23.264,22.817,23.034,21.2173,21948000
2019-09-10,22.965,23.2,22.649,23.194,21.3647,17274000
2019-09-11,23.218,23.475,23.056,23.401,21.5554,18288000
2019-09-12,23.5,23.634,23.169,23.487,21.6346,12308000
2019-09-13,23.663,23.79,23.394,23.556,21.6981,15982000
2019-09-16,23.279,23.708,23.062,23.494,21.641,11596000
2019-09-17,23.419,23.68,23.24,23.678,21.8105,14291000
2019-09-18,23.501,23.869,23.432,23.764,21.8897,14916000
2019-09-19,23.88,23.89,23.536,23.686,21.8179,12526000
2019-09-20,23.721,23.94,23.331,23.531,21.6751,33206000
2019-09-23,23.5,24.009,23.438,23.824,21.945,12025000
2019-09-24,23.92,24.0,23.432,23.586,21.7258,18180000
2019-09-25,23.299,24.196,23.277,24.16,22.2545,17063000
2019-09-26,24.185,24.498,24.11,24.283,22.3678,16684000
2019-09-27,23.881,23.881,22.746,23.008,21.1934,29409000
2019-09-30,22.973,23.331,22.729,23.111,21.3952,15435000
2019-10-01,23.3,23.553,22.821,23.039,21.3285,14934000
2019-10-02,22.718,22.958,22.595,22.8,21.1073,14757000
2019-10-03,22.932,23.012,22.517,22.905,21.2045,13616000
2019-10-04,23.017,23.341,22.943,23.327,21.5951,10613000
2019-10-07,23.317,23.45,23.192,23.214,21.4905,11285000
2019-10-08,22.987,23.125,22.5,22.77,21.0795,15028000
2019-10-09,23.2,23.474,23.107,23.313,21.5822,15739000
2019-10-10,23.259,23.741,23.217,23.462,21.7201,12887000
2019-10-11,23.981,24.028,23.661,23.709,21.9488,11995000
2019-10-14,23.642,23.83,23.564,23.628,21.8738,7703000
2019-10-15,23.776,24.358,23.68,24.205,22.408,17932000
2019-10-16,23.8,23.989,23.376,23.476,21.7331,19413000
2019-10-17,23.889,24.029,23.528,23.61,21.8571,12808000
2019-10-18,23.57,23.57,23.023,23.37,21.6349,15238000
2019-10-21,23.698,23.987,23.525,23.846,22.0756,12152000
2019-10-22,23.959,24.005,23.484,23.491,21.747,9901000
2019-10-23,23.257,23.548,23.115,23.318,21.5868,19786000
2019-10-24,25.245,26.585,25.195,26.56,24.5881,56831000
2019-10-25,26.5,27.063,26.301,27.005,25.0001,25072000
2019-10-28,27.254,28.2,27.21,28.125,26.0369,25281000
2019-10-29,28.047,28.288,27.557,27.649,25.5963,20796000
2019-10-30,27.641,27.836,27.4,27.756,25.6953,11725000
2019-10-31,27.679,27.754,26.723,27.104,25.0917,26993000
2019-11-01,27.382,27.851,27.23,27.826,25.7601,15453000
2019-11-04,28.0,28.172,27.441,27.81,25.7453,12904000
2019-11-05,27.955,28.082,27.439,27.795,25.7314,14839000
2019-11-06,27.646,27.672,27.025,27.551,25.5055,16907000
2019-11-07,27.825,27.83,27.23,27.411,25.3759,11067000
2019-11-08,27.13,27.325,26.91,27.268,25.2435,13730000
2019-11-11,26.966,27.311,26.863,27.126,25.1121,11794000
2019-11-12,27.56,27.657,26.9,27.001,24.9964,11061000
2019-11-13,26.887,27.287,26.767,27.246,25.2232,8611000
2019-11-14,27.18,27.581,27.081,27.509,25.4667,12029000
2019-11-15,28.014,28.587,28.0,28.368,26.2619,21264000
2019-11-18,28.276,28.577,28.08,28.27,26.1712,13662000
2019-11-19,28.457,28.457,27.658,27.676,25.6213,13654000
2019-11-20,27.598,27.726,27.04,27.413,25.3778,12661000
2019-11-21,26.572,26.968,26.29,26.39,24.4307,24070000
2019-11-22,26.548,26.667,26.012,26.198,24.253,12736000
2019-11-25,26.407,27.006,26.367,26.901,24.9038,19885000
2019-11-26,27.0,27.141,26.722,26.956,24.9547,17898000
2019-11-27,27.08,27.206,26.938,27.094,25.0825,8744000
2019-11-29,27.08,27.08,26.579,26.683,24.702,7590000
2019-12-02,26.648,26.648,26.133,26.294,24.3419,13166000
2019-12-03,25.679,26.16,25.55,25.784,23.8697,15947000
2019-12-04,26.275,26.444,26.137,26.287,24.3354,12073000
2019-12-05,26.465,26.525,26.243,26.482,24.5159,11038000
2019-12-06,26.8,27.258,26.685,26.986,24.9825,13589000
2019-12-09,27.131,27.221,26.706,26.802,24.8121,10272000
2019-12-10,26.85,27.163,26.718,26.899,25.0092,11830000
2019-12-11,26.875,27.605,26.852,27.54,25.6052,15579000
2019-12-12,27.445,28.553,27.409,28.47,26.4699,18276000
2019-12-13,28.389,28.887,28.051,28.195,26.2142,22786000
2019-12-16,28.615,28.844,28.425,28.425,26.428,15263000
2019-12-17,28.65,29.125,28.533,29.057,27.0156,21018000
2019-12-18,29.041,29.225,28.689,28.802,26.7786,14116000
2019-12-19,29.061,29.341,28.828,29.329,27.2685,13324000
2019-12-20,29.779,29.939,29.372,29.741,27.6516,33509000
2019-12-23,29.838,29.9,29.427,29.445,27.3764,11609000
2019-12-24,29.569,29.608,29.212,29.448,27.3792,3866000
2019-12-26,29.497,29.532,29.314,29.492,27.4201,6220000
2019-12-27,29.592,29.637,29.277,29.37,27.3067,6082000
2019-12-30,29.251,29.321,28.764,29.254,27.1988,8506000
2019-12-31,29.15,29.259,28.852,29.24,27.1858,9154000
2020-01-02,29.578,29.98,29.449,29.789,27.6962,15064000
2020-01-03,29.205,29.681,29.172,29.469,27.3987,9622000
2020-01-06,28.979,29.203,28.754,28.919,26.8873,13405000
2020-01-07,29.174,29.854,29.138,29.624,27.5428,15595000
2020-01-08,29.748,30.167,29.52,29.997,27.8896,15537000
2020-01-09,30.212,30.388,29.35,29.793,27.6999,13748000
2020-01-10,29.911,30.128,29.295,29.434,27.3662,14052000
2020-01-13,29.438,29.733,29.251,29.729,27.6404,13994000
2020-01-14,30.014,30.437,29.674,30.076,27.9631,17319000
2020-01-15,29.928,30.055,29.672,29.834,27.7381,10829000
2020-01-16,30.182,30.726,30.095,30.595,28.4456,16068000
2020-01-17,30.705,30.849,30.216,30.8,28.6362,19299000
2020-01-21,30.819,31.191,30.731,30.868,28.6994,15000000
2020-01-22,31.1,31.536,31.075,31.134,28.9467,15040000
2020-01-23,31.2,31.268,30.755,31.242,29.0471,15566000
2020-01-24,31.589,31.673,30.371,30.654,28.5004,16322000
2020-01-27,29.703,29.868,29.269,29.379,27.315,19109000
2020-01-28,29.878,30.325,29.336,30.169,28.0495,18150000
2020-01-29,30.223,30.399,29.591,29.822,27.7269,18080000
2020-01-30,31.84,31.9,30.576,31.095,28.9105,39431000
2020-01-31,30.8,30.897,29.727,29.821,27.726,24365000
2020-02-03,30.0,30.958,30.0,30.844,28.6771,19454000
2020-02-04,31.656,32.682,31.612,32.54,30.254,25310000
2020-02-05,33.123,33.253,32.37,32.562,30.2744,21572000
2020-02-06,32.6,32.685,32.3,32.352,30.0792,12625000
2020-02-07,32.063,32.128,31.472,31.54,29.3242,16026000
2020-02-10,31.398,31.989,31.3,31.983,29.7361,10884000
2020-02-11,32.287,32.683,32.287,32.567,30.2791,15207000
2020-02-12,32.8,33.518,32.8,33.462,31.1112,16872000
2020-02-13,33.505,34.432,33.362,34.158,31.7583,21102000
2020-02-14,34.149,34.421,33.676,33.93,31.5463,11099000
2020-02-18,32.324,33.2,32.3,32.534,30.2484,27494000
2020-02-19,33.118,33.541,33.03,33.385,31.0396,15396000
2020-02-20,33.195,33.404,32.402,32.849,30.5412,18878000
2020-02-21,32.622,32.704,31.524,31.68,29.4544,21606000
2020-02-24,29.92,30.531,29.512,30.046,27.9352,31022000
2020-02-25,30.582,30.69,28.939,29.222,27.1691,25498000
2020-02-26,29.624,30.463,29.462,29.66,27.5763,23796000
2020-02-27,28.564,29.376,28.201,28.57,26.5629,28722000
2020-02-28,27.582,29.445,27.366,29.343,27.2815,31956000
2020-03-02,29.664,30.055,28.402,30.033,27.9231,23473000
2020-03-03,30.03,30.83,28.859,29.146,27.0984,25103000
2020-03-04,29.887,30.63,29.38,30.624,28.4726,19170000
2020-03-05,29.785,30.965,29.6,29.913,27.8115,20370000
2020-03-06,29.077,29.867,28.525,29.441,27.3727,20486000
2020-03-09,27.3,28.326,26.723,26.76,24.88,26495000
2020-03-10,27.568,28.786,26.744,28.757,26.7367,23725000
2020-03-11,27.854,28.449,27.258,27.663,25.7196,31441000
2020-03-12,25.707,26.559,23.745,23.785,22.114,36844000
2020-03-13,25.4,26.294,24.263,26.178,24.3389,26920000
2020-03-16,22.382,24.577,21.308,21.354,19.8538,30960000
2020-03-17,21.707,23.783,20.373,22.93,21.3191,36694000
2020-03-18,20.344,21.534,18.138,19.414,18.0501,36072000
2020-03-19,19.052,20.14,18.702,19.501,18.131,33439000
2020-03-20,20.001,22.414,18.711,18.789,17.469,39045000
2020-03-23,19.068,19.995,18.584,19.285,17.9302,30272000
2020-03-24,20.949,23.263,20.737,23.064,21.5723,29212000
2020-03-25,23.182,25.011,22.831,23.355,21.8445,28374000
2020-03-26,24.018,26.098,23.5,26.034,24.3502,31663000
2020-03-27,25.335,26.288,24.04,24.122,22.5619,32033000
2020-03-30,24.646,25.793,24.124,25.53,23.8788,21298000
2020-03-31,25.225,25.499,23.809,24.0,22.4478,27836000
2020-04-01,22.895,23.72,22.021,22.333,20.8886,24655000
2020-04-02,21.958,22.636,21.592,22.057,20.6304,18914000
2020-04-03,22.306,22.444,21.329,21.815,20.4041,14906000
2020-04-06,23.162,25.24,22.908,25.075,23.4533,33272000
2020-04-07,26.418,26.5,25.144,25.622,23.9649,25778000
2020-04-08,25.989,27.227,25.733,26.675,24.9498,18923000
2020-04-09,27.17,27.742,25.576,25.828,24.1576,26173000
2020-04-13,25.621,25.93,25.024,25.878,24.2043,14107000
2020-04-14,26.62,27.449,26.359,27.251,25.4885,16268000
2020-04-15,26.6,26.64,25.855,26.281,24.5813,15428000
2020-04-16,27.001,27.494,26.329,27.071,25.3202,20778000
2020-04-17,27.816,28.022,27.147,27.902,26.0974,18316000
2020-04-20,27.303,27.492,26.634,26.673,24.9479,17823000
2020-04-21,26.242,26.341,24.257,24.363,22.7873,29990000
2020-04-22,25.546,27.337,25.546,27.178,25.4202,35658000
2020-04-23,26.885,27.647,26.279,26.396,24.6888,26249000
2020-04-24,26.853,26.868,25.811,26.667,24.9423,15289000
2020-04-27,27.02,27.443,26.288,26.441,24.7309,21361000
2020-04-28,27.023,27.149,25.947,26.185,24.4915,17316000
2020-04-29,26.8,28.195,26.517,27.999,26.1881,21558000
2020-04-30,27.5,27.569,25.471,25.528,23.877,38871000
2020-05-01,24.673,24.7,22.969,23.502,21.982,57151000
2020-05-04,23.398,23.498,23.138,23.452,21.9352,26313000
2020-05-05,24.061,25.204,23.99,24.281,22.7106,22686000
2020-05-06,24.935,25.449,24.401,24.456,22.8743,23508000
2020-05-07,25.0,25.376,24.71,24.763,23.1614,15417000
2020-05-08,25.29,26.637,25.206,26.54,24.8235,28381000
2020-05-11,26.247,26.519,25.91,26.223,24.527,17626000
2020-05-12,26.527,26.691,25.571,25.598,23.9424,17645000
2020-05-13,25.596,25.724,24.178,24.819,23.2138,25459000
2020-05-14,24.356,26.999,24.034,26.9,25.1602,35760000
2020-05-15,25.275,25.809,24.881,25.184,23.5552,36819000
2020-05-18,25.949,26.299,25.346,25.747,24.0818,26604000
2020-05-19,25.785,26.82,25.641,26.166,24.4737,19015000
2020-05-20,26.8,27.342,26.712,27.117,25.3632,20597000
2020-05-21,27.025,27.129,26.0,26.07,24.3839,17727000
2020-05-22,26.236,26.383,25.763,26.114,24.4251,17559000
2020-05-26,26.95,27.205,26.584,26.636,24.9133,19099000
2020-05-27,26.832,27.646,25.821,27.611,25.8252,24587000
2020-05-28,27.3,27.981,26.537,26.682,24.9563,22868000
2020-05-29,27.051,27.58,26.609,27.367,25.597,27947000
2020-06-01,27.06,27.627,26.986,27.097,25.3445,13785000
2020-06-02,27.241,27.349,26.71,27.146,25.3903,16974000
2020-06-03,27.851,29.0,27.555,28.689,26.8335,24278000
2020-06-04,28.553,29.36,28.316,29.184,27.2965,20592000
2020-06-05,29.989,31.0,29.938,30.492,28.5199,24996000
2020-06-08,30.685,30.803,29.621,29.759,27.8343,16894000
2020-06-09,29.565,30.577,29.311,30.233,28.2776,16321000
2020-06-10,30.141,30.467,29.945,30.13,28.1813,16073000
2020-06-11,29.229,29.863,28.188,28.243,26.4164,20625000
2020-06-12,29.28,29.44,27.666,28.452,26.6118,21638000
2020-06-15,27.585,29.174,27.451,29.114,27.231,21095000
2020-06-16,30.348,30.875,29.967,30.548,28.6856,25483000
2020-06-17,31.059,31.444,30.762,31.378,29.465,18442000
2020-06-18,31.401,31.773,31.253,31.48,29.5608,12740000
2020-06-19,32.03,32.512,31.354,31.525,29.603,26102000
2020-06-22,31.2,31.484,30.706,31.23,29.326,15410000
2020-06-23,31.502,31.906,31.25,31.598,29.6716,17647000
2020-06-24,31.104,31.663,30.397,30.578,28.7138,17909000
2020-06-25,30.817,31.338,30.061,31.26,29.3542,15935000
2020-06-26,31.24,31.269,30.036,30.252,28.4076,42337000
2020-06-29,30.375,30.9,30.061,30.846,28.9654,14762000
2020-06-30,31.119,32.58,30.893,32.346,30.374,27896000
2020-07-01,32.215,32.277,31.612,31.748,29.8124,15271000
2020-07-02,32.286,32.745,31.864,32.37,30.3965,17112000
2020-07-06,33.001,33.699,32.898,33.496,31.4539,14148000
2020-07-07,33.213,33.727,32.75,32.789,30.79,12765000
2020-07-08,33.279,33.54,32.939,33.38,31.3449,9896000
2020-07-09,33.736,33.893,33.105,33.576,31.529,16599000
2020-07-10,33.509,34.029,33.065,33.998,31.9253,14324000
2020-07-13,34.3,35.024,33.685,33.714,31.6586,21604000
2020-07-14,33.607,34.751,33.14,34.606,32.4962,20188000
2020-07-15,34.707,34.88,33.561,34.322,32.2295,16370000
2020-07-16,34.027,34.671,33.889,34.488,32.3854,11828000
2020-07-17,34.786,34.833,34.115,34.627,32.5159,11290000
2020-07-20,34.627,35.594,34.201,35.375,33.2183,12483000
2020-07-21,35.737,36.22,35.234,35.702,33.5254,17436000
2020-07-22,35.997,36.3,35.65,36.196,33.9893,10365000
2020-07-23,35.885,36.756,35.091,35.482,33.3188,17249000
2020-07-24,34.421,34.8,33.628,34.572,32.4643,20028000
2020-07-27,34.744,36.008,34.668,35.808,33.6249,17521000
2020-07-28,35.461,35.893,34.86,34.893,32.7657,13324000
2020-07-29,35.21,36.184,34.9,36.083,33.8831,21673000
2020-07-30,36.778,38.148,36.708,37.854,35.5462,25678000
2020-07-31,37.956,38.016,36.929,37.716,35.4166,20391000
2020-08-03,38.08,38.77,37.918,38.141,35.8157,15178000
2020-08-04,38.218,38.575,38.022,38.496,36.149,11482000
2020-08-05,38.458,38.709,38.228,38.347,36.0091,8460000
2020-08-06,37.7,37.96,37.079,37.781,35.4776,16996000
2020-08-07,37.838,38.169,36.645,37.244,34.9734,13854000
2020-08-10,37.244,37.682,36.915,37.576,35.2851,9292000
2020-08-11,37.886,38.087,36.739,36.901,34.6513,11101000
2020-08-12,37.218,38.328,36.993,38.152,35.826,12230000
2020-08-13,38.001,38.245,37.438,37.702,35.4034,10764000
2020-08-14,37.9,38.499,37.3,37.364,35.086,13446000
2020-08-17,37.655,38.417,37.281,37.908,35.5969,14184000
2020-08-18,38.195,38.27,37.293,37.457,35.1734,10473000
2020-08-19,37.403,37.619,36.826,37.219,34.9499,10746000
2020-08-20,36.01,36.34,35.527,35.85,33.6643,22140000
2020-08-21,35.592,35.671,35.033,35.344,33.1892,25555000
2020-08-24,35.94,36.067,34.732,35.102,32.9619,16823000
2020-08-25,35.305,35.63,35.05,35.25,33.1009,13102000
2020-08-26,35.255,35.4,34.807,35.18,33.0352,11947000
2020-08-27,35.486,35.486,33.859,34.145,32.0633,19022000
2020-08-28,34.266,35.199,34.145,35.078,32.9394,15962000
2020-08-31,34.855,34.915,33.624,33.634,31.5834,25334000
2020-09-01,33.955,34.65,33.757,34.056,31.9797,20873000
2020-09-02,34.598,36.514,34.425,36.27,34.0587,27631000
2020-09-03,35.73,35.73,33.94,34.153,32.0708,25566000
2020-09-04,33.9,33.99,31.969,33.312,31.2811,24709000
2020-09-08,31.096,31.646,30.219,30.272,28.4264,31138000
2020-09-09,31.096,31.181,30.033,30.091,28.2564,30867000
2020-09-10,30.376,30.571,29.578,29.751,27.9372,20852000
2020-09-11,30.054,30.334,29.228,29.399,27.6066,17272000
2020-09-14,30.177,30.862,29.963,30.542,28.68,19547000
2020-09-15,31.061,31.282,30.3,30.893,29.0096,17141000
2020-09-16,31.167,31.438,30.586,30.66,28.7908,14157000
2020-09-17,29.617,30.859,29.617,30.589,28.7241,19136000
2020-09-18,30.826,31.083,30.189,30.721,28.848,26603000
2020-09-21,30.508,31.782,30.07,31.496,29.5758,18802000
2020-09-22,31.833,31.973,31.019,31.869,29.9261,15072000
2020-09-23,32.238,32.759,31.586,31.702,29.7692,22289000
2020-09-24,31.402,33.418,31.402,32.717,30.7224,22068000
2020-09-25,32.472,33.189,32.2,33.027,31.0135,15512000
2020-09-28,33.142,33.785,32.87,33.661,31.6088,17928000
2020-09-29,33.393,34.256,33.379,33.771,31.835,17997000
2020-09-30,33.524,33.823,33.02,33.175,31.2732,19892000
2020-10-01,33.914,33.925,33.314,33.913,31.9689,16935000
2020-10-02,32.936,33.586,32.856,32.871,30.9866,11960000
2020-10-05,33.3,34.305,33.261,34.223,32.2611,15403000
2020-10-06,34.096,35.108,33.941,34.098,32.1433,14251000
2020-10-07,34.74,35.15,34.351,34.577,32.5948,11084000
2020-10-08,34.837,35.567,34.7,35.543,33.5055,11930000
2020-10-09,36.09,36.466,35.917,36.271,34.1917,11957000
2020-10-12,36.943,37.339,36.713,37.011,34.8893,14547000
2020-10-13,37.2,37.85,36.74,37.419,35.2739,12292000
2020-10-14,37.532,38.196,37.021,37.424,35.2786,14145000
2020-10-15,36.277,37.63,35.892,37.549,35.3965,16829000
2020-10-16,37.65,37.65,36.465,36.496,34.4038,15911000
2020-10-19,36.75,36.966,36.201,36.357,34.2728,13590000
2020-10-20,36.6,36.851,36.25,36.357,34.2728,9326000
2020-10-21,36.308,37.1,36.202,36.662,34.5603,16811000
2020-10-22,36.036,36.333,35.308,35.801,33.7487,22331000
2020-10-23,36.0,36.25,35.032,35.392,33.3631,12317000
2020-10-26,35.036,35.347,34.33,34.763,32.7702,12365000
2020-10-27,34.853,34.967,34.254,34.383,32.412,10757000
2020-10-28,33.693,34.454,33.331,33.89,31.9472,16392000
2020-10-29,33.902,35.819,33.88,35.326,33.3009,16077000
2020-10-30,34.805,35.272,33.827,34.208,32.247,17499000
2020-11-02,34.812,35.447,34.518,35.095,33.0831,13428000
2020-11-03,35.669,37.317,35.512,37.053,34.9289,17162000
2020-11-04,37.389,38.32,36.728,38.034,35.8537,15280000
2020-11-05,39.0,40.034,38.845,39.971,37.6796,18129000
2020-11-06,39.988,41.201,39.585,40.942,38.595,14738000
2020-11-09,42.5,43.6,41.581,41.628,39.2416,19352000
2020-11-10,40.909,41.574,40.446,40.787,38.4488,14856000
2020-11-11,41.198,42.861,41.0,42.4,39.9694,14416000
2020-11-12,42.485,42.6,41.635,41.846,39.4471,9502000
2020-11-13,42.523,42.975,42.409,42.631,40.1871,11360000
2020-11-16,43.08,43.965,42.707,43.929,41.4107,13465000
2020-11-17,43.55,43.782,42.895,43.193,40.7169,9919000
2020-11-18,43.611,43.884,43.0,43.033,40.5661,13047000
2020-11-19,42.896,43.887,42.5,43.768,41.259,11248000
2020-11-20,43.85,44.496,43.338,43.364,40.8781,14456000
2020-11-23,43.658,44.987,43.505,44.874,42.3015,10885000
2020-11-24,45.0,45.112,44.075,44.644,42.0847,12009000
2020-11-25,44.845,44.953,44.05,44.678,42.1168,8489000
2020-11-27,45.019,46.062,44.982,45.654,43.0368,7279000
2020-11-30,45.52,45.689,44.56,45.266,42.6711,14341000
2020-12-01,46.006,46.949,45.759,46.765,44.0841,14019000
2020-12-02,46.626,48.098,46.555,47.922,45.1748,18113000
2020-12-03,48.014,49.175,47.922,48.407,45.632,15955000
2020-12-04,48.694,50.16,48.616,49.998,47.1318,17551000
2020-12-07,49.943,50.945,49.535,50.868,47.9519,15650000
2020-12-08,50.562,51.665,50.535,51.166,48.3564,13287000
2020-12-09,50.904,51.468,48.972,49.383,46.6713,19997000
2020-12-10,48.995,49.62,48.48,49.015,46.3235,13031000
2020-12-11,48.847,49.428,48.373,49.17,46.47,14950000
2020-12-14,49.569,50.098,49.018,49.187,46.4861,10545000
2020-12-15,50.0,50.325,49.267,49.533,46.8131,11857000
2020-12-16,49.601,49.648,48.928,49.331,46.6222,15148000
2020-12-17,48.964,49.188,48.286,48.624,45.954,14335000
2020-12-18,48.424,48.571,47.77,48.097,45.456,25877000
2020-12-21,46.912,48.471,46.874,48.323,45.6695,17031000
2020-12-22,47.943,48.174,47.34,47.695,45.076,9663000
2020-12-23,47.962,48.079,47.091,47.113,44.526,7206000
2020-12-24,47.368,48.034,47.29,48.034,45.3964,3330000
2020-12-28,48.558,48.743,47.536,47.61,44.9957,6928000
2020-12-29,47.566,47.702,46.9,47.322,44.7235,9017000
2020-12-30,47.837,48.834,47.612,48.445,45.7848,8819000
2020-12-31,48.23,48.398,46.55,47.227,44.6337,16630000
2021-01-04,47.815,49.196,47.332,47.802,45.1772,17686000
2021-01-05,47.945,49.883,47.945,49.455,46.7394,16099000
2021-01-06,49.053,50.571,48.9,49.649,46.9227,13342000
2021-01-07,50.733,51.772,50.665,51.446,48.6211,12981000
2021-01-08,51.4,52.225,49.807,50.163,47.4085,14419000
2021-01-11,49.552,51.991,49.355,51.648,48.812,11892000
2021-01-12,52.023,53.786,51.893,53.644,50.6984,18790000
2021-01-13,53.424,53.424,52.319,52.65,49.7589,13613000
2021-01-14,54.24,57.052,54.234,55.779,52.7161,20034000
2021-01-15,55.298,55.469,53.728,54.753,51.7465,15264000
2021-01-19,55.983,58.248,55.869,58.002,54.8171,20351000
2021-01-20,58.364,58.542,55.957,56.3,53.2085,18510000
2021-01-21,56.94,57.03,55.17,56.419,53.321,12402000
2021-01-22,56.277,57.558,55.712,56.385,53.2889,11998000
2021-01-25,57.135,57.561,55.266,56.776,53.6584,16753000
2021-01-26,57.027,57.129,55.04,55.266,52.2313,14310000
2021-01-27,53.86,54.497,51.201,51.504,48.6759,22525000
2021-01-28,52.637,52.8,50.4,50.735,47.9491,24901000
2021-01-29,50.501,50.591,48.105,48.395,45.7376,28250000
2021-02-01,49.105,50.5,48.692,50.145,47.3915,16938000
2021-02-02,51.25,51.745,50.5,51.607,48.7732,14587000
2021-02-03,52.01,52.149,50.148,50.433,47.6637,16049000
2021-02-04,50.45,52.05,50.014,51.953,49.1002,14012000
2021-02-05,52.452,52.5,50.918,50.976,48.1769,12367000
2021-02-08,51.5,53.335,51.416,53.278,50.3525,14658000
2021-02-09,53.562,54.1,52.689,52.808,49.9083,9441000
2021-02-10,53.3,53.667,52.128,53.25,50.326,8682000
2021-02-11,54.0,57.657,53.918,57.221,54.0789,29727000
2021-02-12,57.018,59.774,56.5,58.616,55.3973,20121000
2021-02-16,59.0,60.36,58.7,59.179,55.9294,14520000
2021-02-17,58.369,58.943,57.1,58.591,55.3737,14530000
2021-02-18,57.864,58.234,56.709,57.777,54.6044,11371000
2021-02-19,59.438,60.2,58.869,59.841,56.5551,16986000
2021-02-22,58.939,59.263,56.57,56.78,53.6622,16155000
2021-02-23,55.655,56.881,53.641,56.265,53.1754,17167000
2021-02-24,55.616,59.787,55.4,59.69,56.4124,15170000
2021-02-25,59.0,59.246,54.463,54.765,51.7578,26750000
2021-02-26,55.693,57.466,54.517,56.719,53.6045,17836000
2021-03-01,57.656,60.05,57.56,59.881,56.5929,17656000
2021-03-02,59.401,59.876,57.24,57.336,54.1876,14636000
2021-03-03,57.075,58.158,55.001,55.123,52.0961,16318000
2021-03-04,54.856,55.998,51.143,52.881,49.9773,25420000
2021-03-05,54.267,55.012,51.627,54.77,51.7625,22160000
2021-03-08,54.281,55.452,50.167,50.261,47.5011,19138000
2021-03-09,52.59,54.68,52.354,54.351,51.3665,17266000
2021-03-10,54.866,55.199,51.574,51.87,49.0218,19725000
2021-03-11,53.387,54.242,52.905,53.539,50.5991,16127000
2021-03-12,52.5,52.775,51.68,52.482,49.6002,14337000
2021-03-15,52.16,53.732,52.025,53.675,50.7277,10670000
2021-03-16,54.251,56.017,53.935,54.718,51.8389,15265000
2021-03-17,53.888,55.818,53.0,55.301,52.3913,13585000
2021-03-18,54.213,55.582,53.333,53.917,51.0801,25177000
2021-03-19,54.194,55.099,53.26,54.231,51.3776,23792000
2021-03-22,55.4,56.759,55.004,56.003,53.0563,14442000
2021-03-23,56.432,56.459,54.354,54.441,51.5765,14295000
2021-03-24,57.067,57.575,55.163,55.245,52.3382,19697000
2021-03-25,54.487,55.161,52.502,54.803,51.9195,14463000
2021-03-26,54.972,58.477,54.905,58.423,55.349,18716000
2021-03-29,58.234,58.252,55.975,57.029,54.0284,17598000
2021-03-30,56.5,57.685,56.212,57.256,54.2434,9049000
2021-03-31,58.4,60.349,58.35,59.524,56.3921,23698000
2021-04-01,61.123,64.0,61.012,63.93,60.5662,24634000
2021-04-05,64.97,66.6,63.956,66.08,62.6031,23454000
2021-04-06,66.0,66.664,64.4,65.248,61.8149,23236000
2021-04-07,65.248,66.742,65.048,65.878,62.4117,14689000
2021-04-08,66.702,66.9,65.401,66.8,63.2852,12045000
2021-04-09,66.516,66.89,65.672,66.2,62.7168,12734000
2021-04-12,65.866,65.96,64.5,65.027,61.6055,15811000
2021-04-13,65.556,65.723,63.78,64.499,61.1053,13501000
2021-04-14,64.093,65.19,63.4,64.043,60.6733,8945000
2021-04-15,64.802,65.178,63.784,64.95,61.5326,10900000
2021-04-16,65.082,65.23,64.083,64.371,60.9841,11136000
2021-04-19,64.372,64.834,60.93,62.173,58.9017,24219000
2021-04-20,61.674,62.509,60.82,61.303,58.0775,13724000
2021-04-21,61.958,64.125,61.744,64.125,60.751,20740000
2021-04-22,64.39,64.994,61.1,61.454,58.2205,24367000
2021-04-23,62.077,63.0,61.357,62.749,59.4474,14888000
2021-04-26,62.693,64.335,62.373,64.317,60.9329,12987000
2021-04-27,64.736,64.9,63.98,64.488,61.0949,9919000
2021-04-28,64.4,64.4,63.353,63.805,60.4478,7380000
2021-04-29,64.197,64.3,62.952,64.097,60.7244,8938000
2021-04-30,63.042,63.749,61.982,62.045,58.7804,13667000
2021-05-03,62.927,63.0,61.378,61.724,58.4763,11582000
2021-05-04,60.838,60.955,59.02,60.629,57.4389,15878000
2021-05-05,61.731,62.099,60.336,61.1,57.8851,9835000
2021-05-06,60.916,61.915,60.141,61.744,58.4953,11911000
2021-05-07,62.599,63.48,61.82,63.054,59.7363,10335000
2021-05-10,62.141,62.407,58.616,58.645,55.5593,17659000
2021-05-11,56.856,59.515,56.293,59.243,56.1259,19469000
2021-05-12,57.5,57.772,55.58,55.767,52.8327,24293000
2021-05-13,57.296,59.439,57.018,58.473,55.3964,29402000
2021-05-14,59.6,60.943,57.8,60.299,57.1263,15485000
2021-05-17,59.039,59.272,57.6,59.207,56.0917,16791000
2021-05-18,59.792,60.133,58.474,58.483,55.4058,11679000
2021-05-19,56.91,60.309,56.603,60.22,57.0514,15769000
2021-05-20,60.76,63.4,60.44,62.672,59.3744,19741000
2021-05-21,62.345,62.548,61.02,61.41,58.1788,14747000
2021-05-24,62.535,64.153,62.202,63.464,60.1248,14088000
2021-05-25,64.1,65.207,63.824,64.037,60.6676,15017000
2021-05-26,64.177,64.658,63.236,63.804,60.4469,12621000
2021-05-27,63.487,65.123,63.487,64.57,61.1726,22452000
2021-05-28,65.3,65.532,64.799,64.985,61.5657,8414000
2021-06-01,65.6,67.38,64.75,64.904,61.489,12760000
2021-06-02,64.768,65.587,64.25,64.899,61.4843,9195000
2021-06-03,63.855,64.26,63.12,63.578,60.2328,11786000
2021-06-04,64.401,65.623,64.18,65.531,62.083,10443000
2021-06-07,65.162,65.25,64.3,64.958,61.5401,8127000
2021-06-08,65.8,65.829,63.434,63.755,60.4004,8856000
2021-06-09,64.113,64.342,63.311,63.409,60.0727,6594000
2021-06-10,63.18,64.7,63.18,64.077,60.7055,8440000
2021-06-11,64.163,64.295,63.483,64.211,60.8325,10244000
2021-06-14,64.172,65.114,63.819,65.024,61.6027,10188000
2021-06-15,64.692,65.4,64.181,64.348,61.0844,6380000
2021-06-16,64.568,65.089,63.255,63.874,60.6344,10738000
2021-06-17,63.645,64.7,62.87,63.978,60.7331,8548000
2021-06-18,63.01,63.158,60.889,61.266,58.1587,21139000
2021-06-21,61.445,62.397,60.858,61.862,58.7245,9930000
2021-06-22,61.752,62.615,60.925,62.179,59.0254,7199000
2021-06-23,62.5,63.32,62.334,62.422,59.2561,6796000
2021-06-24,63.381,63.761,63.18,63.502,60.2813,7681000
2021-06-25,63.5,63.633,62.572,63.044,59.8465,12496000
2021-06-28,63.677,64.953,63.669,64.696,61.4147,9633000
2021-06-29,64.69,65.465,64.401,65.179,61.8732,7976000
2021-06-30,65.126,65.183,64.341,65.07,61.7698,8033000
2021-07-01,64.767,64.938,63.122,63.307,60.0962,11343000
2021-07-02,64.023,64.125,62.7,63.144,59.9414,7426000
2021-07-06,63.144,63.771,61.445,62.19,59.0358,10240000
2021-07-07,62.909,62.942,60.977,61.359,58.247,8622000
2021-07-08,60.064,61.35,59.421,60.603,57.5293,10218000
2021-07-09,60.781,61.433,60.288,61.285,58.1767,8372000
2021-07-12,61.751,62.927,61.696,62.542,59.37,17315000
2021-07-13,62.274,62.6,61.555,62.467,59.2988,10834000
2021-07-14,63.21,64.05,61.635,61.788,58.6542,11507000
2021-07-15,61.478,62.1,60.358,61.074,57.9764,12497000
2021-07-16,61.28,61.6,58.6,58.848,55.8633,13538000
2021-07-19,57.799,59.19,57.533,59.152,56.1519,14567000
2021-07-20,59.594,61.178,58.819,60.709,57.6299,15558000
2021-07-21,60.821,63.878,60.821,63.725,60.493,16374000
2021-07-22,63.207,63.819,63.054,63.593,60.3677,12520000
2021-07-23,64.172,64.465,63.351,64.027,60.7797,10317000
2021-07-26,64.123,64.796,63.525,64.039,60.791,8782000
2021-07-27,63.501,63.726,60.76,62.259,59.1013,14912000
2021-07-28,62.512,63.8,62.343,63.5,60.2794,12160000
2021-07-29,61.057,62.247,59.706,61.963,58.8203,29139000
2021-07-30,61.1,63.75,61.067,63.741,60.5082,16511000
2021-08-02,64.62,65.949,64.1,64.18,60.9249,13923000
2021-08-03,64.548,64.934,63.647,64.552,61.278,6844000
2021-08-04,64.882,65.465,64.15,64.978,61.6824,11120000
2021-08-05,65.179,65.361,64.271,64.566,61.2913,5961000
2021-08-06,64.26,64.835,64.2,64.796,61.5096,6065000
2021-08-09,65.0,65.033,63.9,64.05,60.8015,7831000
2021-08-10,64.08,64.122,61.511,61.717,58.5868,16249000
2021-08-11,61.999,62.191,59.616,60.852,57.7657,17557000
2021-08-12,59.835,59.845,57.815,58.351,55.3915,25136000
2021-08-13,58.325,58.834,57.717,58.041,55.0972,17663000
2021-08-16,57.987,59.052,57.749,58.887,55.9004,12692000
2021-08-17,58.193,58.747,57.091,57.899,54.9624,12701000
2021-08-18,57.8,58.557,56.914,56.951,54.0625,8827000
2021-08-19,56.536,57.924,56.168,57.714,54.7868,11057000
2021-08-20,58.348,58.55,55.983,56.597,53.7265,16962000
2021-08-23,57.264,58.64,57.24,58.43,55.4665,13697000
2021-08-24,58.692,59.4,58.173,58.558,55.588,9510000
2021-08-25,58.719,59.48,58.647,58.877,55.8908,9010000
2021-08-26,58.8,59.429,58.337,58.535,55.5662,8624000
2021-08-27,58.925,61.319,58.916,60.959,57.8672,14981000
2021-08-30,61.479,61.78,60.245,60.799,57.7154,9763000
2021-08-31,60.887,60.887,59.7,60.482,57.4144,10715000
2021-09-01,60.794,60.899,59.914,59.978,56.936,7046000
2021-09-02,60.272,60.785,59.915,60.21,57.1562,8571000
2021-09-03,60.202,61.334,59.6,61.071,57.9736,10294000
2021-09-07,59.915,60.564,58.8,59.319,56.3104,23316000
2021-09-08,59.144,59.159,57.638,58.354,55.3944,17215000
2021-09-09,58.1,59.692,57.9,59.361,56.3503,15391000
2021-09-10,60.213,61.212,59.651,59.811,56.7775,15575000
2021-09-13,60.291,61.494,59.956,60.877,57.7894,13132000
2021-09-14,60.061,61.14,59.863,60.35,57.2891,11812000
2021-09-15,60.092,61.187,59.709,61.15,58.0486,11420000
2021-09-16,60.386,61.716,59.98,61.585,58.4615,13524000
2021-09-17,61.495,61.623,60.364,60.898,57.8093,20142000
2021-09-20,59.49,59.505,58.108,58.991,55.9991,13241000
2021-09-21,59.237,59.428,57.83,58.622,55.6488,16045000
2021-09-22,59.4,60.373,58.889,60.11,57.0613,10350000
2021-09-23,60.059,61.794,59.673,61.256,58.1492,11004000
2021-09-24,60.464,61.38,60.131,61.248,58.1416,7273000
2021-09-27,60.298,62.199,60.228,61.667,58.6831,10892000
2021-09-28,59.606,60.636,58.498,58.597,55.7616,20885000
2021-09-29,58.611,58.9,56.685,56.751,54.0049,16577000
2021-09-30,57.329,57.753,56.793,56.915,54.161,10938000
2021-10-01,57.112,57.365,56.06,56.973,54.2162,11157000
2021-10-04,56.597,56.65,54.833,55.014,52.352,16407000
2021-10-05,55.668,56.328,55.062,55.59,52.9001,12056000
2021-10-06,55.0,55.79,54.483,55.173,52.5033,15908000
2021-10-07,56.403,56.414,55.426,55.582,52.8925,10535000
2021-10-08,55.862,55.995,54.908,55.016,52.3539,8671000
2021-10-11,54.813,56.147,54.801,55.244,52.5709,8923000
2021-10-12,55.785,55.818,54.228,54.678,52.0322,12766000
2021-10-13,55.296,55.817,54.308,54.441,51.8067,12538000
2021-10-14,55.86,56.808,55.427,56.793,54.0449,15499000
2021-10-15,56.65,56.851,56.139,56.447,53.7156,13248000
2021-10-18,56.0,56.944,55.873,56.87,54.1182,12474000
2021-10-19,56.914,57.8,56.583,57.083,54.3209,14995000
2021-10-20,57.06,57.277,56.406,56.55,53.8137,16933000
2021-10-21,54.489,55.587,53.501,55.542,52.8544,30650000
2021-10-22,56.0,57.581,55.43,55.674,52.98,18770000
2021-10-25,55.805,56.201,54.94,55.197,52.5261,12826000
2021-10-26,55.688,55.924,54.629,54.894,52.2378,11734000
2021-10-27,54.802,56.054,54.619,55.362,52.6831,11838000
2021-10-28,56.374,57.994,56.341,56.595,53.8565,22325000
2021-10-29,55.834,56.716,55.62,56.357,53.63,13381000
2021-11-01,56.5,57.292,56.136,57.276,54.5045,10724000
2021-11-02,57.474,57.8,57.2,57.424,54.6454,8970000
2021-11-03,57.506,58.349,56.94,58.14,55.3267,7908000
2021-11-04,58.3,59.91,57.972,59.873,56.9759,17965000
2021-11-05,60.091,61.3,59.728,61.077,58.1216,21028000
2021-11-08,61.5,62.001,60.387,60.907,57.9598,12598000
2021-11-09,61.0,62.306,60.903,62.191,59.1817,12041000
2021-11-10,61.454,62.228,60.39,60.578,57.6468,10898000
2021-11-11,61.359,61.93,60.975,61.37,58.4004,8198000
2021-11-12,61.74,62.79,61.35,62.442,59.4206,10591000
2021-11-15,63.2,64.439,62.508,63.026,59.9763,13534000
2021-11-16,62.917,63.8,62.443,63.426,60.3569,8523000
2021-11-17,63.426,63.88,62.628,63.063,60.0115,9066000
2021-11-18,63.699,63.727,62.479,63.58,60.5035,10002000
2021-11-19,63.64,65.7,63.313,64.45,61.3314,18332000
2021-11-22,65.092,66.106,64.212,64.67,61.5408,18759000
2021-11-23,64.8,66.231,64.126,66.132,62.932,17531000
2021-11-24,65.4,66.154,64.528,66.079,62.8816,12152000
2021-11-26,65.146,65.409,63.841,64.198,61.0916,8377000
2021-11-29,65.15,68.229,64.902,68.054,64.761,19639000
2021-11-30,67.533,69.3,66.814,67.985,64.6954,27254000
2021-12-01,69.27,71.183,68.437,69.353,65.9972,25249000
2021-12-02,68.286,68.495,65.589,66.152,62.951,23006000
2021-12-03,66.88,67.099,65.185,66.147,62.9463,13856000
2021-12-06,66.493,67.077,64.243,66.756,63.5258,12665000
2021-12-07,67.851,70.956,67.7,70.615,67.1981,16016000
2021-12-08,70.5,71.831,70.5,71.403,67.948,11634000
2021-12-09,70.875,71.991,69.727,69.939,66.5548,10828000
2021-12-10,71.167,71.41,69.455,70.596,67.18,8793000
2021-12-13,70.755,70.805,68.4,68.497,65.1826,12440000
2021-12-14,67.462,68.339,66.814,67.921,64.7763,13892000
2021-12-15,68.0,69.88,66.538,69.731,66.5025,13627000
2021-12-16,70.177,70.735,66.664,67.128,64.02,13775000
2021-12-17,66.5,67.789,66.064,66.917,63.8188,15633000
2021-12-20,65.885,67.301,65.39,66.108,63.0472,9110000
2021-12-21,67.955,68.706,66.514,68.307,65.1444,13405000
2021-12-22,67.848,69.203,67.292,69.122,65.9217,10424000
2021-12-23,69.448,70.694,69.338,69.872,66.637,8674000
2021-12-27,70.279,72.4,70.279,72.34,68.9907,10143000
2021-12-28,72.5,72.838,71.464,71.61,68.2945,7816000
2021-12-29,71.869,72.817,71.61,72.675,69.3102,6902000
2021-12-30,72.8,72.8,71.718,71.833,68.5072,5216000
2021-12-31,71.831,72.587,71.723,71.915,68.5854,7138000
2022-01-03,72.113,73.106,71.183,72.546,69.1871,10602000
2022-01-04,72.673,73.185,70.245,71.2,67.9035,14566000
2022-01-05,71.279,71.49,69.061,69.181,65.978,13994000
2022-01-06,69.35,70.569,68.696,70.191,66.9412,11896000
2022-01-07,69.788,70.322,66.839,66.929,63.8302,15698000
2022-01-10,65.862,66.782,64.321,66.429,63.3534,16246000
2022-01-11,65.282,67.355,65.201,67.321,64.2041,9189000
2022-01-12,67.908,68.902,67.432,68.632,65.4544,9286000
2022-01-13,70.5,73.066,68.333,68.677,65.4973,29135000
2022-01-14,68.357,73.075,68.18,72.982,69.603,19416000
2022-01-18,71.666,71.74,67.643,67.901,64.7572,20069000
2022-01-19,69.085,69.868,64.205,64.273,61.2972,18340000
2022-01-20,65.469,65.799,61.752,61.967,59.098,19444000
2022-01-21,61.62,63.673,60.445,60.579,57.7742,22222000
2022-01-24,58.5,62.324,57.551,62.182,59.303,24890000
2022-01-25,60.014,60.444,58.1,58.823,56.0995,18846000
2022-01-26,60.352,61.422,58.038,59.667,56.9044,23637000
2022-01-27,59.49,60.05,55.073,55.53,52.959,30943000
2022-01-28,55.362,56.116,53.0,56.114,53.5159,20024000
2022-01-31,56.356,58.997,55.683,58.992,56.2607,19000000
2022-02-01,59.0,59.385,57.2,58.947,56.2178,11355000
2022-02-02,59.797,61.33,59.007,61.177,58.3445,16622000
2022-02-03,59.698,60.556,58.577,58.876,56.1501,20076000
2022-02-04,58.65,58.955,57.364,57.907,55.2259,14462000
2022-02-07,58.107,58.961,56.898,57.137,54.4916,10859000
2022-02-08,56.653,57.757,56.06,57.629,54.9608,12958000
2022-02-09,58.907,61.05,58.303,60.744,57.9316,12072000
2022-02-10,58.874,61.599,58.799,59.487,56.7328,15148000
2022-02-11,59.501,59.994,55.538,55.999,53.4063,15785000
2022-02-14,56.067,56.904,54.766,55.825,53.2403,13459000
2022-02-15,56.941,59.677,56.941,59.382,56.6326,14344000
2022-02-16,58.448,59.54,57.727,59.147,56.4085,8048000
2022-02-17,58.718,59.522,57.922,58.061,55.3728,12909000
2022-02-18,58.081,58.224,56.329,56.999,54.36,12481000
2022-02-22,56.1,57.735,55.092,55.972,53.3805,12194000
2022-02-23,56.673,57.105,54.124,54.239,51.7278,12435000
2022-02-24,52.51,56.409,51.955,56.288,53.6819,15628000
2022-02-25,56.421,57.388,55.611,57.32,54.6661,10847000
2022-02-28,56.641,57.114,55.021,56.135,53.536,14065000
2022-03-01,55.806,56.24,53.516,54.057,51.5542,16089000
2022-03-02,54.727,55.823,54.091,55.402,52.8369,12451000
2022-03-03,56.05,56.05,53.87,54.351,51.8346,10339000
2022-03-04,53.874,54.202,51.961,52.578,50.1437,14386000
2022-03-07,52.76,53.353,48.871,48.915,46.6503,21396000
2022-03-08,48.956,51.112,47.905,49.037,46.7666,21558000
2022-03-09,50.94,52.221,50.387,51.731,49.3359,14437000
2022-03-10,50.478,50.701,48.826,49.707,47.4056,11106000
2022-03-11,51.155,51.217,48.258,48.339,46.1009,10389000
2022-03-14,48.829,49.058,46.606,46.9,44.7286,15870000
2022-03-15,47.517,48.695,47.156,48.472,46.3761,12455000
2022-03-16,49.63,51.463,49.0,51.449,49.2244,16659000
2022-03-17,51.017,52.659,50.755,52.632,50.3562,13627000
2022-03-18,52.517,54.748,52.3,54.464,52.109,22237000
2022-03-21,53.8,54.428,52.587,53.686,51.3646,10517000
2022-03-22,53.8,55.285,53.8,54.676,52.3118,10664000
2022-03-23,54.037,54.8,53.059,53.099,50.803,9835000
2022-03-24,53.73,55.67,53.179,55.622,53.2169,12124000
2022-03-25,55.516,55.693,54.517,55.482,53.083,7531000
2022-03-28,54.957,55.786,54.093,55.731,53.3212,7338000
2022-03-29,56.84,57.479,55.816,56.893,54.433,11139000
2022-03-30,56.222,57.099,54.533,54.856,52.484,12981000
2022-03-31,54.999,55.751,53.714,53.761,51.4364,14703000
2022-04-01,54.122,54.577,51.707,52.545,50.273,12084000
2022-04-04,52.633,53.676,52.435,53.555,51.2393,8777000
2022-04-05,52.861,53.0,50.005,50.364,48.1863,19670000
2022-04-06,49.391,50.57,48.807,49.817,47.6629,15845000
2022-04-07,49.734,50.877,49.272,50.334,48.1576,10095000
2022-04-08,49.801,50.088,49.083,49.164,47.0382,10449000
2022-04-11,48.714,48.803,47.521,47.576,45.5188,16953000
2022-04-12,48.102,48.795,46.477,46.7,44.6807,16778000
2022-04-13,46.966,47.731,46.788,47.261,45.2175,11396000
2022-04-14,47.342,47.4,45.584,45.616,43.6436,13648000
2022-04-18,45.128,47.3,45.1,47.055,45.0204,16631000
2022-04-19,46.928,48.278,46.603,47.919,45.847,12144000
2022-04-20,49.266,50.481,47.968,48.145,46.0632,20233000
2022-04-21,48.867,49.76,46.85,46.951,44.9209,22794000
2022-04-22,46.7,47.231,46.037,46.313,44.3105,20282000
2022-04-25,46.048,48.036,45.912,47.642,45.582,14124000
2022-04-26,46.664,47.031,45.671,45.722,43.745,14974000
2022-04-27,45.441,46.858,44.95,45.678,43.7029,12413000
2022-04-28,46.826,48.961,46.261,48.449,46.3541,16784000
2022-04-29,47.5,49.144,46.486,46.576,44.5621,14050000
2022-05-02,46.728,47.976,45.918,47.932,45.8594,12866000
2022-05-03,47.66,48.864,47.32,48.539,46.4402,9578000
2022-05-04,48.717,50.763,47.741,50.592,48.4044,11962000
2022-05-05,49.44,49.799,47.308,48.132,46.0508,14578000
2022-05-06,47.672,48.951,46.494,47.823,45.7552,10680000
2022-05-09,45.996,46.239,44.253,44.715,42.7815,18487000
2022-05-10,46.097,46.91,44.652,45.912,43.9268,14134000
2022-05-11,45.49,46.9,44.608,44.72,42.7863,11793000
2022-05-12,44.678,46.207,44.5,46.043,44.0521,15558000
2022-05-13,46.56,49.53,46.5,49.192,47.065,19093000
2022-05-16,48.642,49.305,47.9,48.247,46.1608,9689000
2022-05-17,49.502,51.637,49.005,51.227,49.012,16356000
2022-05-18,50.052,50.85,47.462,47.748,45.6834,17105000
2022-05-19,47.95,48.598,47.11,47.213,45.1715,11193000
2022-05-20,48.042,48.415,45.046,47.412,45.3619,17158000
2022-05-23,47.629,48.594,47.205,48.33,46.2402,10578000
2022-05-24,47.749,48.051,46.573,47.097,45.0606,9431000
2022-05-25,46.561,49.163,46.537,48.758,46.6497,12887000
2022-05-26,48.189,51.344,48.094,50.921,48.7192,12922000
2022-05-27,51.722,53.737,51.525,53.102,50.8059,16526000
2022-05-31,52.469,52.6,51.043,52.003,49.7544,15011000
2022-06-01,52.322,52.5,49.956,50.579,48.392,10261000
2022-06-02,50.306,52.379,50.205,52.33,50.0673,11600000
2022-06-03,51.269,52.127,50.921,51.398,49.1756,13304000
2022-06-06,52.667,53.289,51.37,51.626,49.3937,7852000
2022-06-07,50.942,52.497,50.835,52.344,50.0807,11502000
2022-06-08,52.187,52.407,50.795,51.213,48.9986,9009000
2022-06-09,50.308,51.34,49.316,49.345,47.2113,8652000
2022-06-10,48.52,48.836,47.381,47.441,45.3897,10987000
2022-06-13,45.501,46.23,44.519,44.708,42.7749,14833000
2022-06-14,45.33,45.541,44.51,44.977,43.1771,11689000
2022-06-15,44.977,46.278,44.446,45.364,43.5486,15659000
2022-06-16,44.156,44.303,41.269,41.83,40.156,19042000
2022-06-17,41.712,42.422,41.139,41.946,40.2674,17917000
2022-06-21,42.725,44.232,42.699,43.304,41.571,12126000
2022-06-22,42.327,43.468,42.052,42.563,40.8597,11078000
2022-06-23,43.135,43.135,41.543,42.408,40.7109,9030000
2022-06-24,43.234,45.041,43.12,45.019,43.2174,14217000
2022-06-27,45.612,45.723,44.625,44.979,43.179,7695000
2022-06-28,45.138,45.927,43.677,43.826,42.0721,9379000
2022-06-29,43.245,43.4,42.5,42.705,40.996,11751000
2022-06-30,41.902,43.674,41.5,42.615,40.9096,10663000
2022-07-01,40.91,41.47,38.651,39.483,37.9029,29500000
2022-07-05,37.967,39.1,37.587,38.877,37.3212,26882000
2022-07-06,39.103,39.68,38.366,39.169,37.6015,12516000
2022-07-07,40.322,41.742,40.202,41.488,39.8277,13753000
2022-07-08,40.918,41.718,40.536,41.512,39.8507,9213000
2022-07-11,40.906,41.003,39.845,40.241,38.6306,11137000
2022-07-12,40.49,41.093,40.178,40.587,38.9628,9538000
2022-07-13,39.613,41.435,39.6,41.201,39.5522,9220000
2022-07-14,40.826,42.309,40.119,41.932,40.2539,11114000
2022-07-15,42.416,42.739,41.201,42.713,41.0037,13375000
2022-07-18,43.785,43.786,41.969,42.316,40.6226,9080000
2022-07-19,43.099,44.769,42.994,44.694,42.9054,14888000
2022-07-20,44.597,46.838,44.44,46.51,44.6487,18505000
2022-07-21,46.877,47.717,46.16,47.613,45.7076,13812000
2022-07-22,47.504,47.774,46.1,46.399,44.5422,13265000
2022-07-25,45.026,45.831,44.738,45.745,43.9143,11483000
2022-07-26,45.278,45.694,44.537,44.723,42.9332,11291000
2022-07-27,45.423,47.134,45.399,46.766,44.8945,16886000
2022-07-28,46.441,48.712,45.335,48.494,46.5533,23813000
2022-07-29,47.791,50.6,47.651,50.051,48.048,24772000
2022-08-01,48.893,50.6,48.681,50.28,48.2679,20002000
2022-08-02,49.642,50.923,48.957,50.265,48.2535,14588000
2022-08-03,50.634,52.882,50.48,52.469,50.3693,22118000
2022-08-04,52.287,53.235,52.181,53.185,51.0566,16144000
2022-08-05,52.107,52.815,50.886,51.997,49.9161,10452000
2022-08-08,51.38,52.255,49.861,50.954,48.9149,10173000
2022-08-09,48.805,48.863,45.704,46.94,45.0615,28792000
2022-08-10,48.127,49.563,47.052,49.495,47.5143,19799000
2022-08-11,49.604,51.774,49.2,49.746,47.7552,18041000
2022-08-12,50.197,51.952,49.947,51.859,49.7837,12588000
2022-08-15,51.628,52.26,50.918,51.729,49.6589,9659000
2022-08-16,51.63,51.987,50.74,51.036,48.9936,12301000
2022-08-17,50.223,50.417,48.583,49.756,47.7648,14021000
2022-08-18,49.776,50.9,49.215,50.315,48.3015,12763000
2022-08-19,49.267,49.4,47.616,47.679,45.771,20104000
2022-08-22,46.551,46.877,45.582,45.757,43.9259,14652000
2022-08-23,45.846,46.959,45.826,46.397,44.5403,8103000
2022-08-24,46.392,46.512,45.704,46.301,44.4481,6849000
2022-08-25,46.363,47.846,46.363,47.819,45.9053,9490000
2022-08-26,47.819,47.851,45.17,45.331,43.5169,15863000
2022-08-29,44.826,45.538,44.374,44.454,42.675,10082000
2022-08-30,44.901,45.121,43.483,44.268,42.4965,14187000
2022-08-31,44.234,44.323,43.28,43.791,42.0385,12324000
2022-09-01,42.449,43.309,41.838,43.204,41.475,18830000
2022-09-02,43.643,44.342,42.745,43.021,41.2994,13680000
2022-09-06,42.938,43.375,42.187,42.676,40.9682,11633000
2022-09-07,42.9,43.693,42.204,43.2,41.4712,12013000
2022-09-08,42.534,44.468,42.401,43.916,42.1585,14205000
2022-09-09,44.74,45.286,44.541,45.078,43.274,12933000
2022-09-12,44.729,45.348,44.21,44.73,42.94,9988000
2022-09-13,42.9,43.216,41.82,42.048,40.5216,18942000
2022-09-14,42.401,42.666,41.462,42.176,40.6449,10615000
2022-09-15,41.866,42.234,40.771,41.344,39.8431,11987000
2022-09-16,40.826,41.387,40.32,40.922,39.4364,18613000
2022-09-19,40.322,41.387,40.322,40.922,39.4364,9364000
2022-09-20,40.345,40.53,39.944,40.34,38.8756,8927000
2022-09-21,40.49,41.838,39.844,39.865,38.4178,10621000
2022-09-22,39.445,39.668,38.582,38.683,37.2787,15202000
2022-09-23,38.243,38.389,37.358,38.056,36.6745,14622000
2022-09-26,38.068,38.529,37.112,37.144,35.7956,11251000
2022-09-27,37.986,38.165,36.934,37.67,36.3025,11831000
2022-09-28,37.342,38.361,37.226,38.165,36.7795,10841000
2022-09-29,37.516,37.543,36.423,37.055,35.7098,15439000
2022-09-30,35.825,37.352,35.8,36.6,35.2713,19091000
2022-10-03,37.23,39.676,37.072,38.968,37.5534,25300000
2022-10-04,40.278,40.85,39.751,40.063,38.6086,20566000
2022-10-05,39.194,40.471,38.501,39.991,38.5392,14070000
2022-10-06,39.861,40.744,39.521,39.76,38.3166,13586000
2022-10-07,38.667,38.866,37.178,37.484,36.1233,20796000
2022-10-10,36.998,37.031,34.042,35.072,33.7988,39506000
2022-10-11,34.53,35.024,32.231,32.705,31.5177,53132000
2022-10-12,32.876,33.092,32.316,32.398,31.2219,36663000
2022-10-13,30.247,34.472,29.959,34.061,32.8245,45293000
2022-10-14,34.061,34.099,31.43,31.495,30.3517,30398000
2022-10-17,32.701,32.919,31.271,31.542,30.397,51439000
2022-10-18,32.706,33.184,31.57,32.206,31.0369,25077000
2022-10-19,32.241,33.219,31.867,33.008,31.8097,26915000
2022-10-20,34.062,36.692,33.404,35.587,34.2951,58751000
2022-10-21,35.497,37.286,35.497,36.929,35.5884,27665000
2022-10-24,37.043,37.717,36.453,37.396,36.0384,20117000
2022-10-25,37.502,38.651,37.502,37.986,36.607,17499000
2022-10-26,37.425,39.385,37.378,38.56,37.1602,24178000
2022-10-27,38.896,39.796,38.149,38.911,37.4984,22885000
2022-10-28,39.051,40.695,38.952,40.559,39.0866,18155000
2022-10-31,40.487,41.05,39.919,40.478,39.0086,18772000
2022-11-01,41.3,41.697,40.647,41.271,39.7728,15682000
2022-11-02,41.156,42.105,39.477,39.552,38.1162,21731000
2022-11-03,38.87,39.947,38.472,39.342,37.9138,16563000
2022-11-04,40.985,42.01,40.425,41.954,40.431,24227000
2022-11-07,42.35,43.561,41.924,43.497,41.918,18842000
2022-11-08,44.3,44.895,43.079,44.486,42.8711,22260000
2022-11-09,43.587,44.32,43.013,43.274,41.7031,17040000
2022-11-10,45.963,48.578,45.504,48.541,46.7789,37191000
2022-11-11,48.197,50.455,48.016,50.082,48.2639,26080000
2022-11-14,49.565,50.037,47.987,48.07,46.3249,23472000
2022-11-15,50.108,50.27,48.215,49.074,47.2925,22206000
2022-11-16,45.897,46.464,45.212,45.538,43.8849,30079000
2022-11-17,44.632,46.465,44.5,46.116,44.4419,15369000
2022-11-18,47.071,47.126,44.864,45.67,44.0121,17363000
2022-11-21,45.106,45.35,44.441,45.015,43.3809,9349000
2022-11-22,45.241,45.639,44.418,45.562,43.908,14115000
2022-11-23,45.709,46.874,45.601,46.14,44.465,8235000
2022-11-25,45.634,45.894,45.325,45.325,43.6796,3789000
2022-11-28,44.62,45.134,44.147,44.323,42.714,11824000
2022-11-29,44.704,45.03,44.008,44.205,42.6003,9030000
2022-11-30,44.788,47.239,44.128,47.238,45.5232,22328000
2022-12-01,47.932,47.932,45.674,46.314,44.6327,13779000
2022-12-02,45.074,46.023,45.04,45.767,44.1056,11022000
2022-12-05,45.574,46.269,44.863,45.26,43.617,10886000
2022-12-06,45.287,45.41,43.898,44.309,42.7005,9253000
2022-12-07,44.119,45.28,43.962,44.428,42.8152,11129000
2022-12-08,44.787,45.752,44.406,45.5,43.8483,12370000
2022-12-09,44.949,45.764,44.442,45.02,43.3857,9542000
2022-12-12,46.003,46.444,44.895,46.43,44.7445,12138000
2022-12-13,48.554,49.065,47.004,47.594,46.0373,15369000
2022-12-14,47.485,48.188,46.423,46.824,45.2925,12108000
2022-12-15,45.602,45.973,44.403,44.606,43.147,15531000
2022-12-16,44.289,44.799,43.813,44.392,42.94,17715000
2022-12-19,44.233,44.285,43.21,43.869,42.4341,10645000
2022-12-20,43.34,44.109,43.265,43.736,42.3055,9097000
2022-12-21,44.132,45.081,44.008,44.787,43.3221,9464000
2022-12-22,43.19,43.321,39.706,40.911,39.5729,31757000
2022-12-23,40.562,41.247,40.055,41.212,39.864,10546000
2022-12-27,40.8,41.161,40.476,40.546,39.2198,11120000
2022-12-28,40.343,40.775,39.929,40.28,38.9625,8731000
2022-12-29,40.971,42.257,40.81,42.061,40.6853,12309000
2022-12-30,41.258,42.059,41.084,42.03,40.6553,7321000
2023-01-03,42.972,43.01,40.727,41.43,40.0749,13249000
2023-01-04,42.164,42.827,41.647,42.246,40.8642,10525000
2023-01-05,41.562,42.458,41.26,41.706,40.3419,9834000
2023-01-06,42.914,44.734,42.036,44.527,43.0706,14810000
2023-01-09,45.12,46.34,44.462,45.243,43.7632,14079000
2023-01-10,44.808,45.881,44.716,45.861,44.361,10676000
2023-01-11,44.77,46.445,44.557,46.43,44.9113,15429000
2023-01-12,46.999,47.553,45.34,47.004,45.4666,14299000
2023-01-13,46.23,47.482,46.23,47.367,45.8177,12025000
2023-01-17,46.991,47.367,46.339,47.099,45.5585,9474000
2023-01-18,47.718,48.347,46.652,46.689,45.1619,11939000
2023-01-19,46.23,46.477,45.365,45.389,43.9044,10887000
2023-01-20,45.909,47.266,45.682,47.25,45.7045,12599000
2023-01-23,47.48,49.884,47.239,49.078,47.4727,16545000
2023-01-24,48.521,49.172,48.387,48.75,47.1555,9723000
2023-01-25,47.219,49.139,46.7,48.84,47.2425,17697000
2023-01-26,48.475,49.866,47.4,49.775,48.1469,24658000
2023-01-27,48.799,49.793,48.257,48.288,46.7086,17116000
2023-01-30,47.636,48.379,47.341,47.863,46.2975,15608000
2023-01-31,48.072,50.02,48.0,50.01,48.3742,18132000
2023-02-01,49.869,53.403,49.849,53.026,51.2916,24886000
2023-02-02,53.904,54.885,52.985,54.104,52.3344,20193000
2023-02-03,52.93,53.995,52.648,52.925,51.1939,12684000
2023-02-06,52.19,53.0,51.825,52.095,50.391,10082000
2023-02-07,52.189,53.658,51.684,53.324,51.5798,12541000
2023-02-08,52.9,53.328,51.454,51.791,50.097,11435000
2023-02-09,52.799,53.3,51.236,51.552,49.8658,10732000
2023-02-10,51.096,51.385,49.843,50.5,48.8482,10364000
2023-02-13,50.825,51.097,50.231,51.029,49.3599,8892000
2023-02-14,50.291,52.088,49.907,51.621,49.9326,9487000
2023-02-15,50.671,52.065,50.395,52.029,50.3272,8541000
2023-02-16,50.815,51.479,50.034,50.133,48.4932,10906000
2023-02-17,49.923,49.923,48.751,49.566,47.9448,13841000
2023-02-21,48.8,49.2,47.706,47.829,46.2646,12458000
2023-02-22,48.11,48.523,47.431,47.724,46.163,10418000
2023-02-23,49.073,49.292,47.345,48.538,46.9504,12271000
2023-02-24,47.726,48.383,47.368,47.861,46.2955,10353000
2023-02-27,48.973,49.092,48.117,48.271,46.6921,7905000
2023-02-28,48.256,49.346,47.922,48.601,47.0113,10899000
2023-03-01,48.995,49.742,48.722,49.092,47.4863,8566000
2023-03-02,47.9,49.409,47.428,48.998,47.3953,8731000
2023-03-03,48.892,49.32,48.007,49.165,47.5569,16844000
2023-03-06,49.476,49.941,48.278,48.522,46.9349,9731000
2023-03-07,48.677,48.927,47.672,47.966,46.3971,9382000
2023-03-08,48.209,49.548,48.172,49.34,47.7262,10541000
2023-03-09,49.145,50.381,48.826,49.028,47.4244,13287000
2023-03-10,49.444,49.606,47.353,47.882,46.3159,11804000
2023-03-13,46.907,48.367,46.703,47.7,46.1398,9427000
2023-03-14,48.514,49.97,48.463,49.398,47.9557,13106000
2023-03-15,48.629,48.899,47.399,48.705,47.2829,12145000
2023-03-16,48.294,51.592,48.046,51.519,50.0148,17754000
2023-03-17,51.519,51.99,50.381,50.836,49.3517,17026000
2023-03-20,51.05,51.556,50.574,51.329,49.8303,7553000
2023-03-21,51.694,52.157,49.81,50.736,49.2546,10286000
2023-03-22,50.699,52.5,50.583,50.63,49.1517,12139000
2023-03-23,51.439,53.256,51.333,52.359,50.8302,15379000
2023-03-24,51.5,51.741,49.878,50.206,48.7401,13960000
2023-03-27,50.826,50.98,49.468,49.577,48.1295,11071000
2023-03-28,49.54,49.655,47.877,48.508,47.0917,14636000
2023-03-29,49.454,52.116,49.226,51.575,50.0691,20722000
2023-03-30,52.361,53.276,52.196,53.136,51.5846,20558000
2023-03-31,52.764,53.309,52.539,53.012,51.4642,11637000
2023-04-03,52.409,52.621,51.462,52.151,50.6283,11100000
2023-04-04,52.3,52.411,50.124,50.429,48.9566,12698000
2023-04-05,49.99,49.99,48.646,49.348,47.9072,16073000
2023-04-06,48.604,49.639,48.045,49.379,47.9373,9652000
2023-04-10,48.622,51.144,48.606,50.746,49.2643,13389000
2023-04-11,51.03,51.176,50.565,50.751,49.2692,9080000
2023-04-12,51.334,51.367,49.612,49.707,48.2557,9728000
2023-04-13,49.949,50.208,49.05,49.835,48.3799,12971000
2023-04-14,49.709,50.586,49.259,50.084,48.6217,9245000
2023-04-17,48.999,49.503,48.311,49.266,47.8275,12478000
2023-04-18,49.476,50.044,48.911,49.537,48.0906,8993000
2023-04-19,48.598,49.391,48.274,49.102,47.6683,17221000
2023-04-20,51.096,53.65,50.811,52.652,51.1147,40480000
2023-04-21,52.419,52.433,51.383,51.719,50.2089,14387000
2023-04-24,51.537,51.808,50.638,51.438,49.9361,10247000
2023-04-25,51.155,51.662,49.946,49.972,48.5129,13711000
2023-04-26,50.325,50.771,49.516,49.74,48.2877,12949000
2023-04-27,50.355,51.951,49.342,51.889,50.374,19831000
2023-04-28,51.926,52.447,51.252,52.408,50.8778,11458000
2023-05-01,52.387,53.149,52.135,52.383,50.8535,8383000
2023-05-02,52.375,52.669,51.427,52.188,50.6642,9466000
2023-05-03,52.251,52.7,51.301,51.455,49.9526,13628000
2023-05-04,51.506,51.565,50.719,51.224,49.7284,7802000
2023-05-05,51.9,53.109,51.652,52.976,51.4292,14018000
2023-05-08,53.0,53.152,52.321,52.679,51.1409,7957000
2023-05-09,51.958,51.992,51.21,51.577,50.0711,10002000
2023-05-10,52.412,53.147,52.005,52.73,51.1904,10968000
2023-05-11,52.844,53.082,52.066,52.748,51.2079,7162000
2023-05-12,53.0,53.35,52.139,52.71,51.171,9168000
2023-05-15,53.0,55.249,52.995,55.227,53.6145,17454000
2023-05-16,55.033,56.419,54.929,55.893,54.2611,17385000
2023-05-17,56.451,58.026,56.011,57.411,55.7347,16672000
2023-05-18,57.4,60.029,57.4,59.874,58.1258,19223000
2023-05-19,59.526,59.569,58.83,58.886,57.1667,12253000
2023-05-22,58.48,59.168,58.174,58.507,56.7987,10423000
2023-05-23,58.011,58.147,57.212,57.349,55.6745,10667000
2023-05-24,56.354,56.914,55.941,56.587,54.9348,13255000
2023-05-25,58.6,60.679,57.993,60.21,58.452,20554000
2023-05-26,60.5,63.301,59.998,62.825,60.9907,21989000
2023-05-30,64.0,64.46,61.92,62.996,61.1567,13656000
2023-05-31,61.839,63.033,61.389,61.67,59.8694,26891000
2023-06-01,61.67,62.548,60.467,61.986,60.1761,14556000
2023-06-02,62.0,62.199,60.775,61.367,59.5752,11814000
2023-06-05,61.157,61.39,60.302,60.561,58.7928,10441000
2023-06-06,59.606,61.572,59.378,61.22,59.4325,11062000
2023-06-07,61.292,62.123,60.757,61.078,59.2947,12027000
2023-06-08,61.194,61.619,60.45,61.454,59.6597,9108000
2023-06-09,61.826,62.111,60.576,60.659,58.8879,10669000
2023-06-12,61.266,62.855,60.725,62.753,60.9208,15094000
2023-06-13,62.5,62.973,61.59,62.554,60.895,11759000
2023-06-14,62.0,63.072,61.305,63.003,61.3321,11219000
2023-06-15,61.77,62.513,61.642,62.1,60.453,18624000
2023-06-16,62.362,62.399,61.037,61.265,59.6401,26787000
2023-06-20,61.081,61.868,60.796,61.428,59.7988,9811000
2023-06-21,60.929,61.58,60.231,60.58,58.9733,8987000
2023-06-22,60.11,62.448,59.842,61.987,60.343,11735000
2023-06-23,60.95,61.135,60.137,60.876,59.2615,10806000
2023-06-26,61.415,63.341,61.369,62.033,60.3878,13440000
2023-06-27,62.374,65.023,62.201,64.916,63.1943,13355000
2023-06-28,63.999,64.967,63.597,64.218,62.5148,11806000
2023-06-29,64.762,64.79,63.6,64.036,62.3377,14023000
2023-06-30,64.433,64.887,63.891,64.286,62.581,10867000
2023-07-03,64.286,65.101,63.885,65.099,63.3725,6219000
2023-07-05,64.407,64.608,62.85,62.858,61.1909,11052000
2023-07-06,61.744,62.274,61.166,62.1,60.453,12975000
2023-07-07,62.187,62.936,61.694,61.787,60.1483,7288000
2023-07-10,62.0,63.028,61.76,62.764,61.0994,12882000
2023-07-11,62.855,63.014,60.826,61.942,60.2992,12028000
2023-07-12,62.896,62.9,61.779,62.26,60.6087,13032000
2023-07-13,62.7,64.208,62.7,63.83,62.1371,10887000
2023-07-14,64.212,64.718,63.592,63.856,62.1624,9191000
2023-07-17,63.5,66.383,63.5,66.007,64.2564,13834000
2023-07-18,65.424,66.099,64.868,65.594,63.8543,10231000
2023-07-19,65.245,65.421,63.822,64.011,62.3133,9326000
2023-07-20,62.97,62.987,61.261,61.552,59.9195,16720000
2023-07-21,61.952,62.695,61.799,62.363,60.709,25742000
2023-07-24,62.949,64.259,62.9,63.903,62.2082,11475000
2023-07-25,63.903,65.438,63.805,65.024,63.2994,9087000
2023-07-26,64.202,64.834,63.214,64.237,62.5333,13614000
2023-07-27,67.5,71.594,67.332,70.195,68.3333,33900000
2023-07-28,71.029,72.407,70.56,72.126,70.2131,18500000
2023-07-31,72.146,72.653,71.372,71.849,69.9435,11332000
2023-08-01,70.885,71.949,70.844,71.59,69.6913,9528000
2023-08-02,70.52,70.725,68.36,68.588,66.7689,14973000
2023-08-03,68.121,69.501,67.752,69.336,67.4971,12155000
2023-08-04,69.336,70.263,68.653,69.046,67.2148,6652000
2023-08-07,69.8,70.656,69.123,70.536,68.6653,6848000
2023-08-08,69.561,69.843,68.668,69.6,67.7541,8094000
2023-08-09,69.677,69.995,68.569,68.605,66.7855,8139000
2023-08-10,69.163,70.098,68.088,68.639,66.8186,9376000
2023-08-11,67.081,67.249,65.14,65.197,63.4679,16035000
2023-08-14,65.1,66.726,64.7,66.72,64.9505,13017000
2023-08-15,66.12,66.581,65.465,65.583,63.8436,6713000
2023-08-16,65.946,65.987,64.569,64.629,62.9149,8088000
2023-08-17,65.018,65.921,64.675,64.856,63.1359,8914000
2023-08-18,64.263,65.673,63.947,65.294,63.5623,9336000
2023-08-21,65.5,67.226,65.372,66.924,65.1491,9083000
2023-08-22,67.74,68.055,66.415,66.682,64.9135,6273000
2023-08-23,66.644,68.17,66.485,67.809,66.0106,8713000
2023-08-24,69.066,69.172,65.286,65.593,63.8534,11349000
2023-08-25,65.876,66.636,64.651,66.027,64.2758,7601000
2023-08-28,66.976,67.476,66.165,66.632,64.8648,6092000
2023-08-29,66.318,69.168,66.184,68.465,66.6492,10398000
2023-08-30,68.375,68.926,67.23,68.653,66.8322,9026000
2023-08-31,68.066,70.44,68.066,70.24,68.3771,16816000
2023-09-01,70.928,71.191,69.81,70.196,68.3343,6454000
2023-09-05,69.825,70.747,69.52,70.077,68.2184,5199000
2023-09-06,69.716,70.845,68.774,69.624,67.7775,9013000
2023-09-07,68.1,68.161,66.5,67.67,65.8753,12039000
2023-09-08,67.35,68.046,66.651,66.888,65.114,9023000
2023-09-11,67.362,67.537,65.104,66.368,64.6078,9529000
2023-09-12,65.419,66.453,65.189,65.27,63.731,8924000
2023-09-13,65.751,66.71,65.286,65.866,64.3129,8777000
2023-09-14,66.724,66.75,65.1,65.643,64.0952,10359000
2023-09-15,64.698,64.793,61.777,62.311,60.8417,31613000
2023-09-18,62.077,63.649,61.821,63.565,62.0662,12598000
2023-09-19,63.565,63.676,62.173,62.515,61.0409,10945000
2023-09-20,62.75,63.274,61.73,61.886,60.4268,8468000
2023-09-21,61.024,61.813,60.899,61.039,59.5997,11694000
2023-09-22,61.997,62.894,61.55,61.911,60.4512,12743000
2023-09-25,61.529,62.301,61.363,62.059,60.5957,7635000
2023-09-26,61.194,61.552,60.352,60.6,59.1711,10590000
2023-09-27,61.199,61.772,60.263,61.392,59.9444,11951000
2023-09-28,61.097,63.053,60.763,62.752,61.2724,11734000
2023-09-29,63.65,63.736,62.507,62.677,61.1991,7707000
2023-10-02,62.725,64.1,62.302,63.088,61.6004,9882000
2023-10-03,63.008,63.7,61.29,61.811,60.3535,10197000
2023-10-04,62.44,63.4,62.202,63.238,61.7469,9588000
2023-10-05,63.298,63.388,62.029,62.583,61.1073,7537000
2023-10-06,62.067,63.208,60.922,62.811,61.33,10649000
2023-10-09,62.124,63.087,61.476,62.769,61.2889,6921000
2023-10-10,63.346,64.295,62.828,63.438,61.9422,6741000
2023-10-11,64.095,64.325,63.395,64.173,62.6599,6615000
2023-10-12,64.535,66.5,64.521,65.496,63.9517,13285000
2023-10-13,66.1,66.439,64.2,64.512,62.9908,12292000
2023-10-16,64.782,65.563,64.412,65.07,63.5357,9990000
2023-10-17,63.814,65.344,62.646,64.995,63.4625,10340000
2023-10-18,63.8,64.515,62.628,64.224,62.7096,13346000
2023-10-19,62.695,63.25,60.021,60.195,58.7756,25078000
2023-10-20,60.37,60.821,59.842,60.035,58.6194,13013000
2023-10-23,59.63,60.729,58.939,59.958,58.5442,8106000
2023-10-24,60.522,61.134,59.894,60.402,58.9778,9659000
2023-10-25,59.669,59.854,58.107,58.334,56.9585,11332000
2023-10-26,58.91,60.458,58.352,58.513,57.1333,11976000
2023-10-27,58.43,59.355,58.078,58.402,57.0249,9497000
2023-10-30,58.241,59.337,57.719,58.35,56.9741,8657000
2023-10-31,58.633,59.078,57.442,58.822,57.435,8179000
2023-11-01,59.287,60.764,58.877,60.666,59.2355,10439000
2023-11-02,62.25,63.141,61.82,62.328,60.8583,13560000
2023-11-03,62.92,63.941,62.689,63.408,61.9129,9832000
2023-11-06,63.408,63.958,62.812,63.905,62.3982,6929000
2023-11-07,64.0,64.709,63.669,64.126,62.614,8192000
2023-11-08,64.46,64.912,64.108,64.758,63.2311,7304000
2023-11-09,65.0,66.85,64.851,65.026,63.4927,12196000
2023-11-10,66.108,68.787,65.635,68.543,66.9268,13734000
2023-11-13,68.0,68.001,67.055,67.343,65.7551,8158000
2023-11-14,69.1,69.618,68.391,69.492,67.8534,9555000
2023-11-15,69.82,69.956,69.153,69.79,68.1444,6295000
2023-11-16,69.9,70.634,69.584,70.044,68.3924,10047000
2023-11-17,69.156,70.156,68.8,70.034,68.3826,10265000
2023-11-20,69.733,72.1,69.733,71.915,70.2193,10264000
2023-11-21,71.603,71.603,70.348,70.737,69.0691,8709000
2023-11-22,71.5,72.823,71.34,71.746,70.0543,7819000
2023-11-24,71.648,72.213,71.5,71.75,70.0582,3006000
2023-11-27,71.5,73.099,71.068,72.245,70.5415,6819000
2023-11-28,71.233,71.743,70.449,71.039,69.364,9053000
2023-11-29,72.0,72.547,71.305,71.399,69.7155,8125000
2023-11-30,71.88,71.88,70.637,71.592,69.9039,12922000
2023-12-01,71.208,72.259,70.812,72.208,70.5054,6919000
2023-12-04,71.56,71.655,70.205,71.006,69.3317,9036000
2023-12-05,69.634,69.995,68.718,69.714,68.0702,12201000
2023-12-06,70.899,70.998,69.347,69.487,67.8485,6348000
2023-12-07,70.316,71.032,69.721,70.803,69.1335,9009000
2023-12-08,69.946,71.117,69.902,70.317,68.659,7944000
2023-12-11,71.024,73.799,70.84,73.559,71.8245,15849000
2023-12-12,73.3,73.88,72.711,73.124,71.5945,12019000
2023-12-13,73.295,74.059,72.149,73.465,71.9283,8889000
2023-12-14,74.036,77.128,73.878,76.721,75.1162,17234000
2023-12-15,76.933,77.968,76.757,77.35,75.732,17817000
2023-12-18,77.56,77.9,75.751,76.992,75.3815,8841000
2023-12-19,77.222,78.184,76.873,78.101,76.4673,8906000
2023-12-20,77.205,78.05,75.442,75.493,73.9139,11409000
2023-12-21,77.85,77.925,76.35,77.692,76.0669,9349000
2023-12-22,77.692,78.41,77.362,77.999,76.3675,5251000
2023-12-26,78.304,79.987,78.304,79.571,77.9066,6941000
2023-12-27,79.9,80.129,79.03,79.493,77.8302,7623000
2023-12-28,79.78,79.872,78.901,78.967,77.3152,6007000
2023-12-29,78.751,79.009,77.8,78.326,76.6876,5191000
2024-01-02,76.875,76.938,74.207,74.93,73.3627,11136000
2024-01-03,73.2,74.3,72.966,73.693,72.1516,9224000
2024-01-04,72.578,74.491,72.325,73.108,71.5788,10330000
2024-01-05,73.457,74.225,72.86,73.24,71.708,8219000
2024-01-08,73.634,75.77,73.634,75.716,74.1322,10889000
2024-01-09,74.633,75.684,74.465,75.202,73.629,5904000
2024-01-10,75.378,75.484,73.651,74.969,73.4009,8376000
2024-01-11,74.961,76.137,74.217,76.02,74.4299,7742000
2024-01-12,76.073,76.335,75.486,75.967,74.378,4972000
2024-01-16,75.429,76.89,74.802,76.114,74.5219,6847000
2024-01-17,75.283,75.43,74.201,75.29,73.7151,9631000
2024-01-18,77.59,78.839,77.178,78.565,76.9216,14863000
2024-01-19,79.868,82.856,79.472,82.632,80.9036,18628000
2024-01-22,82.913,84.661,82.767,83.354,81.6105,13652000
2024-01-23,82.961,83.198,82.147,83.039,81.302,8243000
2024-01-24,85.0,85.864,83.846,84.816,83.0419,19276000
2024-01-25,87.7,90.009,86.47,86.56,84.7494,31073000
2024-01-26,85.3,86.0,83.663,83.904,82.149,16751000
2024-01-29,83.57,84.687,83.4,84.58,82.8108,9904000
2024-01-30,84.109,84.999,83.197,83.579,81.8308,10696000
2024-01-31,82.2,83.781,81.567,82.517,80.791,9969000
2024-02-01,83.185,83.607,82.404,83.221,81.4802,7633000
2024-02-02,82.729,84.638,82.729,83.87,82.1157,7629000
2024-02-05,83.879,85.733,83.249,85.132,83.3513,8651000
2024-02-06,85.29,85.74,82.38,83.462,81.7162,10546000
2024-02-07,83.772,85.799,83.322,84.854,83.0791,8570000
2024-02-08,85.2,86.959,84.614,86.436,84.628,8627000
2024-02-09,88.0,91.382,87.486,91.158,89.2512,18363000
2024-02-12,90.55,92.422,90.401,90.8,88.9007,12542000
2024-02-13,87.53,90.112,87.197,89.259,87.392,12595000
2024-02-14,90.863,92.897,90.768,91.57,89.6546,11849000
2024-02-15,91.775,92.154,90.655,91.378,89.4666,8529000
2024-02-16,94.041,95.599,92.343,92.603,90.666,13280000
2024-02-20,91.892,92.541,89.101,90.044,88.1605,10890000
2024-02-21,89.502,90.222,88.675,90.193,88.3064,7123000
2024-02-22,93.0,94.933,92.527,94.436,92.4607,12639000
2024-02-23,94.714,95.005,92.619,92.85,90.9078,6868000
2024-02-26,93.66,94.695,93.302,93.876,91.9124,6091000
2024-02-27,94.038,94.403,92.823,93.073,91.1262,6303000
2024-02-28,91.724,92.41,91.285,92.267,90.337,6150000
2024-02-29,93.647,94.182,92.622,93.825,91.8624,13084000
2024-03-01,94.5,98.245,94.365,98.153,96.0999,11111000
2024-03-04,99.117,99.386,97.348,97.752,95.7073,9016000
2024-03-05,96.999,97.9,95.19,96.31,94.2954,13083000
2024-03-06,97.668,98.985,97.225,98.186,96.1322,14329000
2024-03-07,98.901,100.739,98.785,99.457,97.3766,10974000
2024-03-08,99.272,99.581,95.573,95.665,93.6639,13313000
2024-03-11,94.311,94.385,92.062,93.12,91.1722,13267000
2024-03-12,93.347,95.088,92.801,95.083,93.2945,13512000
2024-03-13,93.701,94.07,92.091,92.671,90.9279,10080000
2024-03-14,93.395,93.785,91.63,92.568,90.8268,9964000
2024-03-15,90.888,92.021,90.56,91.009,89.2971,19745000
2024-03-18,92.241,93.495,91.997,92.528,90.7876,7510000
2024-03-19,91.399,93.288,90.911,93.105,91.3537,7029000
2024-03-20,92.6,94.992,92.339,94.908,93.1228,8493000
2024-03-21,98.31,100.43,97.6,98.257,96.4088,14078000
2024-03-22,98.475,99.052,97.602,97.79,95.9506,6901000
2024-03-25,96.228,98.252,96.228,97.146,95.3187,7405000
2024-03-26,98.05,98.944,96.689,96.723,94.9036,8589000
2024-03-27,97.282,97.548,95.48,96.567,94.7506,5896000
2024-03-28,96.596,97.39,96.163,97.157,95.3295,6639000
2024-04-01,97.203,99.492,97.1,98.179,96.3323,6514000
2024-04-02,96.7,97.29,95.7,96.733,94.9135,9071000
2024-04-03,96.185,98.813,96.003,97.837,95.9967,7302000
2024-04-04,99.259,100.184,94.4,95.163,93.373,9919000
2024-04-05,96.59,97.773,96.05,96.858,95.0361,8048000
2024-04-08,97.414,97.714,96.095,96.726,94.9066,5609000
2024-04-09,98.031,98.198,95.802,97.334,95.5032,5207000
2024-04-10,95.898,97.5,95.485,96.164,94.3552,5976000
2024-04-11,96.403,98.519,96.068,98.348,96.4981,7055000
2024-04-12,96.303,96.925,95.2,95.704,93.9038,9893000
2024-04-15,97.588,98.123,93.749,94.617,92.8373,7691000
2024-04-16,94.884,96.631,94.678,96.323,94.5112,5448000
2024-04-17,95.0,95.249,91.026,91.226,89.51,16686000
2024-04-18,90.923,90.933,88.439,88.892,87.22,23074000
2024-04-19,89.494,89.968,86.195,87.025,85.3881,13545000
2024-04-22,87.64,87.874,85.798,86.807,85.1742,18563000
2024-04-23,87.8,89.43,86.81,88.742,87.0728,9823000
2024-04-24,90.734,91.586,88.227,88.489,86.8245,19491000
2024-04-25,90.933,91.247,88.657,90.147,88.4514,13093000
2024-04-26,89.84,93.003,89.787,92.537,90.7964,13971000
2024-04-29,92.154,93.028,91.51,92.881,91.1339,9025000
2024-04-30,92.386,93.453,89.393,89.441,87.7586,9737000
2024-05-01,88.308,89.99,86.395,86.81,85.1771,11878000
2024-05-02,88.104,88.518,86.209,88.368,86.7058,7245000
2024-05-03,89.84,91.262,89.555,90.853,89.1441,8752000
2024-05-06,91.528,92.55,91.057,92.454,90.715,7545000
2024-05-07,92.761,93.0,91.334,91.491,89.7701,6746000
2024-05-08,90.317,91.4,89.9,91.328,89.6101,5539000
2024-05-09,91.702,91.702,90.096,90.754,89.0469,5767000
2024-05-10,91.826,93.12,91.224,91.542,89.8201,5100000
2024-05-13,92.066,92.066,90.245,90.379,88.679,7394000
2024-05-14,89.9,91.393,89.652,91.254,89.5375,5751000
2024-05-15,92.44,94.844,91.712,94.775,92.9923,7133000
2024-05-16,95.005,95.507,94.25,94.29,92.5164,8124000
2024-05-17,95.243,95.485,90.582,91.207,89.4914,9106000
2024-05-20,91.439,95.0,91.353,94.204,92.432,6650000
2024-05-21,97.166,97.373,94.183,96.4,94.5867,14234000
2024-05-22,97.123,97.288,94.935,96.577,94.7604,8938000
2024-05-23,99.122,99.266,95.245,95.813,94.0108,10576000
2024-05-24,96.408,98.254,96.109,97.057,95.2314,7196000
2024-05-28,97.5,97.572,95.859,97.126,95.2991,9942000
2024-05-29,95.753,96.084,95.202,95.324,93.531,8802000
2024-05-30,95.2,96.118,94.147,95.07,93.2817,10577000
2024-05-31,94.873,94.972,90.315,93.244,91.4901,15598000
2024-06-03,94.697,95.239,91.128,93.563,91.8031,6806000
2024-06-04,93.202,93.697,91.026,92.273,90.5374,6672000
2024-06-05,94.884,97.256,94.721,97.172,95.3442,11660000
2024-06-06,96.202,97.429,95.426,96.219,94.4091,8045000
2024-06-07,97.226,97.226,95.546,96.272,94.4611,5813000
2024-06-10,95.525,100.85,95.502,100.307,98.4202,10591000
2024-06-11,99.904,100.1,97.955,99.975,98.0945,7123000
2024-06-12,101.136,104.09,100.596,103.763,101.8112,15063000
2024-06-13,102.717,104.48,102.194,103.85,101.8966,9582000
2024-06-14,102.5,104.207,102.305,103.598,101.6493,6205000
2024-06-17,103.0,107.339,103.0,107.17,105.1542,10497000
2024-06-18,107.101,110.181,106.865,108.958,107.1084,11927000
2024-06-20,109.192,109.339,105.022,106.131,104.3294,14615000
2024-06-21,105.997,106.457,103.871,105.035,103.252,16514000
2024-06-24,104.792,105.704,102.207,102.442,100.703,10415000
2024-06-25,102.474,105.452,101.245,105.29,103.5027,8646000
2024-06-26,105.36,106.912,104.227,105.576,103.7838,8787000
2024-06-27,107.625,108.476,104.805,105.583,103.7907,9148000
2024-06-28,106.505,108.672,105.297,106.485,104.6774,12237000
2024-07-01,106.226,107.192,104.05,106.063,104.2626,6145000
2024-07-02,104.892,107.342,104.654,107.282,105.4608,5504000
2024-07-03,107.0,109.119,106.091,108.274,106.436,4308000
2024-07-05,109.036,109.447,107.508,108.78,106.9334,5599000
2024-07-08,108.839,110.586,108.524,110.161,108.291,7275000
2024-07-09,110.61,111.868,110.024,111.255,109.3664,6242000
2024-07-10,111.607,112.95,110.675,112.73,110.8164,7749000
2024-07-11,112.977,113.0,105.949,105.994,104.1947,13516000
2024-07-12,105.699,109.34,105.252,106.982,105.1659,9459000
2024-07-15,106.982,108.191,106.259,106.911,105.0962,7911000
2024-07-16,107.562,108.234,106.282,107.599,105.7725,6284000
2024-07-17,101.915,101.915,96.719,96.768,95.1253,21142000
2024-07-18,98.418,98.418,93.536,95.26,93.643,16199000
2024-07-19,95.954,96.7,91.55,91.711,90.1542,14103000
2024-07-22,94.2,98.123,93.078,97.706,96.0474,13319000
2024-07-23,96.376,97.728,95.601,95.969,94.3399,6710000
2024-07-24,95.0,95.224,90.879,90.987,89.4425,13159000
2024-07-25,91.092,91.766,88.196,88.412,86.9112,19318000
2024-07-26,90.81,90.866,88.904,89.464,87.9453,11679000
2024-07-29,90.919,93.133,89.079,89.234,87.7192,8251000
2024-07-30,90.0,90.507,85.351,85.486,84.0349,13399000
2024-07-31,89.35,92.474,88.05,92.124,90.5602,19419000
2024-08-01,85.475,87.985,81.255,83.033,81.6235,28880000
2024-08-02,80.0,80.543,75.8,76.3,75.0048,27073000
2024-08-05,74.068,79.385,72.0,77.039,75.7312,23639000
2024-08-06,77.504,79.498,76.586,77.017,75.7096,12832000
2024-08-07,79.799,80.326,74.336,74.805,73.5352,12823000
2024-08-08,78.02,80.118,76.0,79.913,78.5564,14911000
2024-08-09,80.8,81.634,79.156,80.79,79.4186,12528000
2024-08-12,80.744,82.251,79.822,81.089,79.7125,7256000
2024-08-13,81.5,84.224,81.274,84.076,82.6488,15018000
2024-08-14,84.876,85.669,82.725,84.533,83.098,8602000
2024-08-15,86.467,89.51,85.867,89.01,87.499,12064000
2024-08-16,87.154,88.141,86.0,87.114,85.6352,11232000
2024-08-19,86.5,88.196,84.81,88.128,86.632,10306000
2024-08-20,88.065,88.205,85.626,86.286,84.8213,9951000
2024-08-21,86.95,87.699,86.044,87.333,85.8505,8452000
2024-08-22,87.499,87.7,83.0,83.572,82.1533,13665000
2024-08-23,85.1,86.207,83.529,84.737,83.2986,10671000
2024-08-26,84.1,84.34,81.504,81.891,80.5009,11154000
2024-08-27,81.067,82.885,79.94,82.044,80.6513,8911000
2024-08-28,81.993,82.155,79.943,80.511,79.1443,11739000
2024-08-29,81.84,82.696,79.374,79.732,78.3785,12437000
2024-08-30,82.359,82.377,80.304,82.101,80.7073,12427000
2024-09-03,80.556,80.665,76.151,76.572,75.2722,16690000
2024-09-04,75.253,77.282,74.277,76.444,75.1463,9434000
2024-09-05,75.025,76.9,74.768,75.592,74.3088,8197000
2024-09-06,75.252,75.639,73.018,73.383,72.1373,15530000
2024-09-09,74.289,74.416,72.3,73.431,72.1845,11506000
2024-09-10,73.854,74.025,71.662,73.156,71.9142,13518000
2024-09-11,73.2,76.91,72.241,76.685,75.3832,22202000
2024-09-12,76.534,76.55,74.349,74.778,73.5086,15067000
2024-09-13,75.579,77.255,75.4,76.972,75.6654,8713000
2024-09-16,75.146,76.065,74.5,75.847,74.5595,12521000
2024-09-17,77.256,77.6,75.7,76.604,75.5327,11458000
2024-09-18,77.97,78.0,75.267,75.587,74.5299,11523000
2024-09-19,79.58,80.065,78.311,78.907,77.8035,15943000
2024-09-20,77.625,78.0,76.15,77.319,76.2377,29262000
2024-09-23,77.701,78.587,77.32,78.408,77.3114,7389000
2024-09-24,79.6,79.799,78.14,79.106,77.9997,9895000
2024-09-25,78.9,81.282,78.827,80.375,79.2509,11680000
2024-09-26,86.258,86.319,82.5,84.75,83.5648,20680000
2024-09-27,85.381,85.381,82.078,82.712,81.5552,13895000
2024-09-30,82.159,83.099,80.414,81.608,80.4667,10983000
2024-10-01,81.751,82.185,78.687,79.738,78.6228,14368000
2024-10-02,80.4,83.037,79.997,81.409,80.2705,14324000
2024-10-03,79.93,82.12,79.88,81.11,79.9757,6725800
2024-10-04,82.97,83.09,80.49,81.54,80.3996,7574100
2024-10-07,80.58,81.42,80.06,80.61,79.4826,7542700
2024-10-08,80.7,81.61,79.8,81.01,79.8771,6913500
2024-10-09,80.76,83.46,80.72,82.86,81.7012,9078600
2024-10-10,81.54,82.95,81.02,82.06,80.9124,7159500
2024-10-11,81.49,83.74,81.28,82.89,81.7308,6530300
2024-10-14,83.77,86.3,83.76,85.7,84.5015,8155000
2024-10-15,85.8,86.56,75.91,76.36,75.2921,25611300
2024-10-16,77.15,77.5,73.87,74.14,73.1031,20469200
2024-10-17,76.46,76.6,73.03,73.14,72.1171,20940600
2024-10-18,74.23,74.23,72.45,72.84,71.8213,18493400
2024-10-21,72.62,73.1,72.08,72.84,71.8213,12374900
2024-10-22,72.67,73.41,71.43,73.0,71.9791,13307000
2024-10-23,72.37,73.47,71.56,72.86,71.841,20569100
2024-10-24,76.18,77.48,74.45,76.57,75.4992,23196200
2024-10-25,77.47,79.6,77.08,77.68,76.5936,14591100
2024-10-28,77.17,78.03,75.18,75.45,74.3948,10175800
2024-10-29,75.85,78.74,75.44,78.31,77.2148,12540800
2024-10-30,76.86,77.2,75.85,76.45,75.3808,11076800
2024-10-31,76.1,76.1,73.45,74.35,73.3102,13044900
2024-11-01,74.36,75.47,74.06,74.8,73.7539,10317500
2024-11-04,74.43,74.98,73.76,74.17,73.1327,7773000
2024-11-05,74.52,76.79,74.52,76.4,75.3315,8004900
2024-11-06,77.68,78.09,75.23,76.78,75.7062,15034800
2024-11-07,78.06,79.47,77.35,79.21,78.1022,11523600
2024-11-08,78.83,79.36,77.47,78.2,77.1063,7527100
2024-11-11,77.43,77.89,74.85,76.17,75.1047,10306200
2024-11-12,76.42,76.67,74.66,75.7,74.6413,9672300
2024-11-13,74.5,75.07,73.51,73.85,72.8172,11618100
2024-11-14,75.45,75.64,74.5,74.79,73.744,9993900
2024-11-15,71.65,72.71,69.99,70.05,69.0703,14577400
2024-11-18,69.89,70.8,69.64,70.57,69.5831,11514900
2024-11-19,70.05,70.52,69.56,70.17,69.1886,7445900
2024-11-20,70.01,70.22,68.87,70.05,69.0703,8816900
2024-11-21,71.19,73.45,70.83,73.13,72.1073,14509000
2024-11-22,72.61,73.27,71.6,72.64,71.6241,8666500
2024-11-25,74.01,74.03,71.64,73.71,72.6791,16714200
2024-11-26,74.11,74.47,72.0,72.69,71.6734,7385200
2024-11-27,72.73,72.87,70.42,71.57,70.5691,7846700
2024-11-29,73.85,75.77,73.66,73.88,72.8468,10736500
2024-12-02,73.88,78.86,73.86,78.51,77.412,20059300
2024-12-03,77.7,78.7,77.04,78.34,77.2444,9884600
2024-12-04,79.54,79.83,77.61,78.26,77.1655,9380400
2024-12-05,77.88,77.88,74.65,75.21,74.1582,12921600
2024-12-06,75.14,76.69,74.69,76.59,75.5189,8330000
2024-12-09,76.47,78.25,75.67,77.45,76.3668,10742200
2024-12-10,78.14,78.25,74.42,75.13,74.0793,10620100
2024-12-11,76.32,78.72,75.43,78.23,77.3728,14116900
2024-12-12,77.25,77.36,74.95,75.58,74.7518,8641500
2024-12-13,76.38,77.32,75.44,76.26,75.4244,10818700
2024-12-16,76.27,78.13,75.32,77.83,76.9772,12749600
2024-12-17,77.89,78.74,77.42,77.81,76.9574,14167900
2024-12-18,78.04,79.31,74.62,75.2,74.376,15804700
2024-12-19,72.75,72.91,70.16,71.21,70.4297,17426400
2024-12-20,70.54,73.47,70.3,71.79,71.0034,29404500
2024-12-23,72.35,73.99,72.0,73.8,72.9913,10406700
2024-12-24,74.07,74.17,73.23,73.83,73.021,5611700
2024-12-26,73.25,74.56,73.0,73.99,73.1793,6297400
2024-12-27,73.3,73.76,72.64,73.4,72.5957,5444100
2024-12-30,72.0,72.59,71.27,72.15,71.3594,10381700
2024-12-31,72.4,72.8,71.54,72.23,71.4385,7195200
2025-01-02,72.71,73.92,71.74,72.44,71.6462,8075100
2025-01-03,73.18,75.28,72.97,75.11,74.287,8980100
2025-01-06,77.18,80.15,77.0,77.98,77.1255,15164600
2025-01-07,78.86,80.14,76.89,77.52,76.6706,10896600
2025-01-08,77.42,77.75,76.24,77.04,76.1958,8690800
2025-01-10,76.02,76.23,74.32,74.65,73.832,11957600
2025-01-13,73.17,74.58,72.56,74.45,73.6342,8321800
2025-01-14,75.04,75.13,73.59,75.06,74.2375,9033100
2025-01-15,75.86,77.27,75.45,76.15,75.3156,11085800
2025-01-16,78.89,82.83,78.31,79.22,78.3519,19156600
2025-01-17,81.41,81.81,79.6,80.3,79.4201,10351000
2025-01-21,80.82,82.43,79.92,81.5,80.607,10978300
2025-01-22,82.43,85.19,82.42,83.25,82.3378,14716600
2025-01-23,80.75,81.39,79.45,81.23,80.3399,11383300
2025-01-24,81.7,81.7,78.98,79.68,78.8069,9091900
2025-01-27,76.79,76.83,73.41,75.63,74.8013,19881300
2025-01-28,75.11,75.67,73.6,74.51,73.6936,13597700
2025-01-29,77.45,77.49,74.47,75.15,74.3265,14558900
2025-01-30,79.75,82.09,77.59,80.73,79.8454,24878500
2025-01-31,81.09,84.22,80.85,81.05,80.1619,18832500
2025-02-03,78.97,81.56,78.5,80.19,79.3113,14537700
2025-02-04,79.0,80.58,78.97,79.91,79.0344,9538800
2025-02-05,79.1,82.11,78.62,81.94,81.0421,10738000
2025-02-06,81.15,83.06,80.93,82.83,81.9224,9903200
2025-02-07,83.19,83.51,81.79,82.33,81.4279,9833600
2025-02-10,83.55,84.67,82.56,83.73,82.8125,13613100
2025-02-11,83.06,84.5,82.98,83.26,82.3477,8903400
2025-02-12,81.28,82.14,80.49,81.57,80.6762,7973000
2025-02-13,81.58,83.66,81.45,83.3,82.3873,7845900
2025-02-14,82.65,83.61,81.72,82.75,81.8433,9149500
2025-02-18,84.91,86.81,83.37,86.58,85.6313,16205500
2025-02-19,86.3,89.8,85.75,87.66,86.6995,15588000
2025-02-20,89.98,91.72,88.56,89.02,88.0446,16888400
2025-02-21,89.64,90.22,85.72,86.02,85.0774,12860900
2025-02-24,86.45,86.71,83.22,83.34,82.4268,11728700
2025-02-25,83.06,83.7,79.93,80.29,79.4102,19088100
2025-02-26,81.69,82.93,80.65,81.3,80.4092,12427500
2025-02-27,81.65,82.17,76.04,76.17,75.3354,14830200
2025-02-28,76.75,78.18,75.37,76.74,75.8991,22608300
2025-03-03,77.94,79.75,74.55,75.78,74.9496,14787100
2025-03-04,76.03,78.47,74.08,76.44,75.6024,15417700
2025-03-05,76.76,79.41,75.52,79.05,78.4198,15404800
2025-03-06,77.13,78.57,75.86,76.47,75.8603,13195500
2025-03-07,76.65,79.49,75.34,79.01,78.3801,14160300
2025-03-10,76.9,77.38,72.7,73.81,73.2215,16652700
2025-03-11,74.08,75.39,72.45,73.36,72.7751,12617500
2025-03-12,75.31,77.66,75.17,76.59,75.9794,12702100
2025-03-13,76.11,77.27,74.55,75.26,74.66,9746200
2025-03-14,76.76,79.08,76.52,78.69,78.0626,11862000
2025-03-17,77.11,79.14,77.11,78.31,77.6857,9555200
2025-03-18,77.48,77.84,76.17,77.36,76.7432,8094700
2025-03-19,77.37,79.48,76.86,77.93,77.3087,8907200
2025-03-20,76.69,78.1,76.44,77.55,76.9317,10689100
2025-03-21,76.0,76.37,75.27,75.84,75.2354,20062000
2025-03-24,77.74,78.78,77.38,77.99,77.3682,7954800
2025-03-25,77.85,78.37,77.47,77.67,77.0508,6437300
2025-03-26,77.75,77.86,75.13,76.14,75.533,7325600
2025-03-27,75.89,76.07,74.35,74.81,74.2136,8441800
2025-03-28,74.63,75.3,72.23,72.61,72.0311,9541500
2025-03-31,71.6,72.85,70.44,72.7,72.1204,11778100
2025-04-01,72.04,72.85,70.75,72.83,72.2494,9066200
2025-04-02,71.72,74.8,71.56,73.78,73.1918,7641400
2025-04-03,70.22,70.55,65.11,65.22,64.7,19479400
2025-04-04,62.51,63.07,57.97,59.09,58.6189,26250900
2025-04-07,57.92,66.1,56.32,62.2,61.7041,28191400
2025-04-08,64.65,66.11,58.74,60.25,59.7697,19560800
2025-04-09,60.69,71.87,59.92,71.11,70.5431,29544700
2025-04-10,68.0,68.0,63.27,66.43,65.9004,20011800
2025-04-11,65.69,67.96,64.58,67.48,66.942,14706200
2025-04-14,68.64,69.36,66.91,67.86,67.319,9945000
2025-04-15,68.09,69.54,67.95,68.44,67.8944,10674200
2025-04-16,65.24,66.82,62.95,65.14,64.6207,17845300
2025-04-17,65.34,65.38,63.48,63.76,63.2517,13847700
2025-04-21,62.36,62.67,61.14,62.39,61.8926,14302900
2025-04-22,62.97,64.02,62.56,63.48,62.9739,10857300
2025-04-23,66.81,68.01,66.34,66.73,66.198,18214700
2025-04-24,69.67,71.21,67.55,70.9,70.3347,18159400
2025-04-25,70.33,72.29,70.29,71.42,70.8506,9751500
2025-04-28,70.95,71.94,70.04,71.57,70.9994,10255000
2025-04-29,70.89,71.66,70.22,70.9,70.3347,8583800
2025-04-30,68.89,71.84,68.53,71.67,71.0986,11233900
2025-05-01,72.18,73.53,71.4,71.73,71.1581,14147600
2025-05-02,74.25,75.49,73.69,74.52,73.9259,13339400
2025-05-05,73.88,74.9,73.78,73.91,73.3207,6960800
2025-05-06,72.59,73.88,72.59,73.16,72.5767,6892700
2025-05-07,73.44,75.3,72.91,75.06,74.4616,9984700
2025-05-08,76.1,76.42,74.82,74.9,74.3028,10469400
2025-05-09,75.69,76.3,74.65,75.36,74.7592,7037000
2025-05-12,80.67,82.55,80.67,82.25,81.5943,17456900
2025-05-13,82.36,85.78,82.25,85.25,84.5703,11920200
2025-05-14,85.14,86.04,84.33,84.97,84.2926,8654500
2025-05-15,84.23,85.26,83.5,84.79,84.114,9058000
2025-05-16,84.41,84.46,82.53,84.43,83.7569,10100400
2025-05-19,82.7,84.45,82.54,83.82,83.1517,9222300
2025-05-20,83.53,84.35,83.05,84.29,83.618,6913300
2025-05-21,83.21,84.78,82.23,82.79,82.13,8082700
2025-05-22,82.64,83.82,82.05,82.56,81.9018,6241600
2025-05-23,80.12,81.39,79.78,81.06,80.4137,8276700
2025-05-27,83.04,84.12,82.31,83.94,83.2708,9530200
2025-05-28,83.98,85.03,83.58,84.0,83.3303,9464100
2025-05-29,85.85,86.26,83.61,84.16,83.489,8238500
2025-05-30,83.67,83.81,79.49,80.79,80.1459,19191600
2025-06-02,80.58,82.53,80.43,82.48,81.8224,8246300
2025-06-03,82.07,84.01,81.95,83.66,82.993,8920700
2025-06-04,84.21,85.04,83.49,84.77,84.0942,7992200
2025-06-05,85.5,86.34,84.34,84.91,84.2331,10907700
2025-06-06,86.26,87.58,85.86,86.35,85.6616,7877800
2025-06-09,87.1,89.33,87.02,88.3,87.596,14496200
2025-06-10,88.79,91.37,88.34,91.0,90.2745,11118900
2025-06-11,91.39,91.99,89.87,90.95,90.2249,10646500
2025-06-12,90.62,91.9,90.49,91.66,90.9292,5989700
2025-06-13,88.77,91.23,88.18,89.52,88.8063,10979000
2025-06-16,90.95,93.58,90.86,93.41,92.6653,11642100
2025-06-17,93.34,95.02,92.55,92.66,91.9213,10229500
2025-06-18,93.05,93.6,91.8,92.24,91.7323,9373900
2025-06-20,93.05,93.43,87.75,90.49,89.9919,22925200
2025-06-23,91.37,92.76,90.29,91.61,91.1058,12551300
2025-06-24,93.23,95.77,93.23,95.63,95.1037,12838800
2025-06-25,96.25,97.37,95.32,96.02,95.4915,8690500
2025-06-26,96.28,96.93,95.84,96.84,96.307,9477500
2025-06-27,97.04,98.02,96.39,97.2,96.665,10781000
2025-06-30,97.55,97.67,96.85,97.34,96.8042,8218300
2025-07-01,96.59,97.32,94.49,96.81,96.2772,9760300
2025-07-02,95.85,98.95,95.2,98.83,98.286,11023000
2025-07-03,98.83,99.5,98.66,98.81,98.2661,5028900
2025-07-07,98.36,98.92,97.71,98.14,97.5998,7239600
2025-07-08,98.83,100.29,98.22,99.83,99.2805,9570200
2025-07-09,99.8,101.09,98.91,99.81,99.2606,7323000
2025-07-10,100.92,101.65,100.18,101.06,100.5038,6569800
2025-07-11,100.33,102.03,100.27,101.73,101.1701,6203800
2025-07-14,100.57,101.0,98.78,99.62,99.0717,12938100
2025-07-15,101.54,102.19,100.61,101.07,100.5137,9190600
2025-07-16,97.72,100.42,96.19,100.37,99.8176,15369700
2025-07-17,99.46,101.38,98.26,100.79,100.2353,9745900
2025-07-18,101.24,101.73,100.36,100.66,100.106,8115500
2025-07-21,100.88,102.59,100.73,101.74,101.18,7026700
2025-07-22,101.0,101.12,97.04,97.69,97.1523,14170100
2025-07-23,98.26,98.38,96.4,97.1,96.5656,12013900
2025-07-24,97.57,98.62,97.03,97.78,97.2418,9076600
2025-07-25,96.7,97.33,96.32,96.96,96.4263,8914400
2025-07-28,98.98,99.53,97.92,98.62,98.0772,8156100
2025-07-29,99.39,100.22,98.03,98.94,98.3954,7283700
2025-07-30,99.52,100.65,97.95,99.09,98.5446,12529400
2025-07-31,91.02,95.63,90.94,94.84,94.318,27661800
2025-08-01,92.71,96.66,92.47,96.37,95.8396,16601000
2025-08-04,97.43,98.81,96.64,98.41,97.8683,11876700
2025-08-05,98.78,99.35,95.62,96.68,96.1479,12100100
2025-08-06,96.3,96.47,94.27,95.94,95.4119,10631900
2025-08-07,98.6,100.19,97.97,99.15,98.6043,9572300
2025-08-08,99.15,102.23,98.99,101.75,101.19,8765100
2025-08-11,103.9,104.15,101.71,102.0,101.4386,8637000
2025-08-12,102.65,105.64,101.39,105.28,104.7005,11885800
2025-08-13,106.5,107.49,105.45,106.74,106.1525,12118600
2025-08-14,106.2,108.02,105.59,107.38,106.789,11163800
2025-08-15,104.68,105.89,99.26,99.51,98.9623,23155700
2025-08-18,99.0,99.8,98.4,98.88,98.3358,15119300
2025-08-19,98.83,100.63,98.2,100.33,99.7778,11622900
2025-08-20,100.99,101.02,97.32,99.15,98.6043,14287700
2025-08-21,98.76,99.85,97.14,98.41,97.8683,10706500
2025-08-22,99.05,102.55,98.59,100.08,99.5292,9689700
2025-08-25,99.98,101.75,99.9,101.28,100.7225,5438500
2025-08-26,101.3,103.99,101.1,103.63,103.0596,11781100
2025-08-27,103.17,103.78,102.37,103.67,103.0994,7214700
2025-08-28,104.0,104.9,102.96,104.09,103.5171,7375200
2025-08-29,101.91,102.69,98.81,100.15,99.5988,12178800
2025-09-02,95.77,97.27,94.11,97.03,96.4959,14695200
2025-09-03,97.03,97.86,96.44,97.74,97.202,11023300
2025-09-04,97.66,101.11,97.16,100.42,99.8673,8822400
2025-09-05,101.7,103.01,100.68,102.95,102.3834,8142000
2025-09-08,105.01,106.37,104.48,105.07,104.4917,7972700
2025-09-09,104.91,105.82,104.46,105.57,104.9889,7264300
2025-09-10,106.7,107.78,104.61,107.36,106.7691,12279400
2025-09-11,108.35,115.9,108.29,115.58,114.9438,20296100
2025-09-12,115.92,117.5,115.88,116.96,116.3163,11060500
2025-09-15,117.8,119.33,117.03,119.21,118.5539,9785700
2025-09-16,119.98,120.97,118.67,120.47,119.8069,9897200
2025-09-17,120.82,123.28,119.51,121.9,121.2291,10996100
2025-09-18,126.55,128.7,125.04,126.32,125.6247,13763900
2025-09-19,126.36,127.8,125.0,126.92,126.2214,24271900
2025-09-22,129.8,132.63,129.16,132.2,131.4724,13403700
2025-09-23,129.75,133.57,129.36,131.93,131.2038,12051100
2025-09-24,130.0,130.23,127.02,128.32,127.8657,12435900
2025-09-25,126.44,129.06,125.02,128.13,127.6764,9621700
2025-09-26,127.94,128.76,126.37,128.33,127.8757,8789000
2025-09-29,133.08,133.36,131.03,131.09,130.6259,11015500
2025-09-30,131.35,134.21,130.81,133.9,133.4259,10328800
2025-10-01,132.41,143.09,131.94,142.79,142.2845,15549100
2025-10-02,146.97,147.35,143.71,146.99,146.4696,16417100
2025-10-03,145.82,147.91,144.6,145.81,145.2938,8970300
2025-10-06,149.9,153.7,149.12,149.15,148.622,11217100
2025-10-07,149.23,149.36,139.5,140.35,139.8531,16549800
2025-10-08,137.91,142.88,137.61,142.54,142.0354,13695700
2025-10-09,141.75,142.86,140.58,141.0,140.5008,8102500
2025-10-10,140.6,141.8,131.02,131.37,130.9049,18749000
2025-10-13,138.09,138.9,136.58,137.81,137.3221,10048100
2025-10-14,134.1,140.92,134.04,138.31,137.8203,10509700
2025-10-15,144.0,145.22,141.1,144.78,144.2674,9722700
2025-10-16,147.58,147.58,140.37,142.37,141.866,11650300
2025-10-17,142.26,142.65,139.82,141.51,141.009,6389800
2025-10-20,143.49,146.48,143.43,144.05,143.54,8919400
2025-10-21,143.98,145.44,142.47,145.04,144.5265,8855600
2025-10-22,144.9,145.75,136.86,141.25,140.7499,16927800
2025-10-23,138.0,148.46,137.37,147.54,147.0177,13336600
2025-10-24,149.91,153.21,148.0,151.68,151.143,10966400
2025-10-27,156.14,158.25,155.74,156.9,156.3445,13313100
2025-10-28,155.52,156.13,154.28,155.62,155.0691,7939700
2025-10-29,158.25,163.09,158.09,160.67,160.1012,12783300
2025-10-30,162.37,165.22,160.3,161.01,160.44,10440600
2025-10-31,162.55,164.06,156.6,157.46,156.9026,9652100
2025-11-03,159.99,162.24,159.0,161.24,160.6692,7302400
2025-11-04,155.63,161.09,155.16,155.78,155.2285,11211100
2025-11-05,157.57,166.92,157.0,165.05,164.4657,11130200
2025-11-06,163.39,165.21,160.19,162.19,161.6158,9640100
2025-11-07,159.83,159.95,153.2,159.35,158.7859,11609300
2025-11-10,164.56,167.15,163.7,166.37,165.781,10030600
2025-11-11,164.17,164.62,157.71,159.18,158.6165,9144600
2025-11-12,161.31,162.16,158.48,161.42,160.8485,8950000
2025-11-13,158.89,160.31,151.73,153.32,152.7772,13693700
2025-11-14,147.51,152.95,145.37,148.26,147.7351,15076100
2025-11-17,147.31,153.81,145.94,147.46,146.9379,10487800
2025-11-18,145.25,147.44,142.5,143.24,142.7329,12706700
2025-11-19,146.77,150.4,145.51,148.8,148.2732,9818300
2025-11-20,153.46,154.37,138.3,139.59,139.0958,13695500
2025-11-21,139.8,144.41,135.5,142.65,142.145,14654600
2025-11-24,145.6,152.56,144.43,150.38,149.8476,23096000
2025-11-25,149.55,152.8,145.5,151.93,151.3921,9691500
2025-11-26,152.97,156.97,152.5,155.14,154.5908,8398100
2025-11-28,156.2,156.2,153.83,156.0,155.4477,4919200
2025-12-01,154.85,156.79,153.25,154.79,154.242,7416700
2025-12-02,155.85,159.45,155.66,158.19,157.63,10711900
2025-12-03,156.89,160.1,153.15,159.75,159.4465,9964300
2025-12-04,157.05,158.52,154.92,157.09,156.7916,8834700
2025-12-05,159.01,161.05,157.88,158.7,158.3985,7834100
2025-12-08,161.98,164.62,160.85,162.74,162.4308,10170500
2025-12-09,160.75,166.36,160.75,165.81,165.495,8127000
2025-12-10,165.09,169.69,162.54,168.26,167.9403,9259600
2025-12-11,165.66,169.15,160.32,168.71,168.3895,10000000
2025-12-12,166.84,167.8,159.09,160.52,160.2151,11414800
2025-12-15,163.4,166.87,162.16,164.3,163.9879,10258800
2025-12-16,164.5,166.19,160.79,163.26,162.9498,8078600
2025-12-17,163.86,164.52,153.6,154.98,154.6856,12277800
2025-12-18,163.19,168.29,162.0,164.7,164.3871,14006400
2025-12-19,166.08,173.58,166.08,172.27,171.9427,38469400
2025-12-22,175.68,175.96,171.49,175.26,174.927,11436100
2025-12-23,175.26,177.29,174.78,175.16,174.8272,6483000
2025-12-24,175.26,177.56,175.2,177.33,176.9931,2598900
2025-12-26,178.43,179.8,177.8,178.07,177.7317,5238900
2025-12-29,176.5,179.23,174.75,175.87,175.5359,6663300
2025-12-30,176.54,177.36,173.59,173.78,173.4499,5670800
2025-12-31,174.49,174.91,170.76,171.18,170.8548,4935800
2026-01-02,177.85,185.78,177.5,185.06,184.7084,11957400
2026-01-05,190.12,198.36,190.12,194.76,194.39,16268200
2026-01-06,197.79,210.45,197.15,206.96,206.5668,18787600
2026-01-07,202.58,205.38,199.8,203.08,202.6942,15121000
2026-01-08,202.87,203.22,195.04,200.96,200.5782,13928600
2026-01-09,204.66,219.59,202.72,218.36,217.9452,16758600
2026-01-12,216.12,222.58,215.18,220.4,219.9813,10749100
2026-01-13,219.42,220.57,213.39,214.38,213.9727,12737000
2026-01-14,211.13,211.31,206.61,208.79,208.3933,18187200
2026-01-15,228.15,229.57,217.21,217.47,217.0569,15249800
2026-01-16,221.9,225.69,219.0,222.96,222.5364,14392700
2026-01-20,218.21,226.15,217.61,222.41,221.9875,11601700
2026-01-21,223.05,232.9,220.66,228.39,227.9561,12454800
2026-01-22,235.56,236.1,219.76,220.7,220.2807,11958600
2026-01-23,217.87,223.36,213.87,217.94,217.526,10156800
2026-01-26,218.98,225.35,215.93,222.87,222.4466,10625600
2026-01-27,230.63,239.5,228.76,238.46,238.007,12005900
2026-01-28,241.27,243.99,237.14,239.58,239.1249,15630600
2026-01-29,245.61,251.38,236.82,248.17,247.6985,16801600
2026-01-30,244.26,251.87,232.0,233.46,233.0165,18352900
2026-02-02,233.33,242.95,232.0,237.5,237.0488,13299300
2026-02-03,244.89,246.62,226.88,230.1,229.6629,13500400
2026-02-04,229.87,231.11,205.11,209.78,209.3815,19608000
2026-02-05,208.13,215.85,204.57,213.31,212.9048,10928900
2026-02-06,220.67,232.45,218.76,231.01,230.5711,13848800
2026-02-09,229.01,231.32,223.39,229.28,228.8444,9976700
2026-02-10,229.28,229.31,220.25,226.61,226.1795,7909500
2026-02-11,235.55,240.34,230.04,235.12,234.6733,9555800
2026-02-12,236.33,238.91,229.64,231.29,230.8506,10662100
2026-02-13,236.18,242.78,233.39,235.53,235.0825,9905400
2026-02-17,231.45,238.15,228.88,235.58,235.1324,7368500
2026-02-18,236.38,245.27,234.1,240.09,239.6339,10095400
2026-02-19,234.07,237.92,231.42,237.39,236.939,6384200
2026-02-20,237.55,245.76,236.97,244.92,244.4547,8601200
2026-02-23,245.35,249.4,237.37,242.27,241.8097,9488000
2026-02-24,243.45,247.76,238.98,244.25,243.786,9087100
2026-02-25,249.89,256.68,248.39,249.48,249.006,9835400
2026-02-26,246.03,248.5,230.7,239.07,238.6158,10700300
2026-02-27,233.46,240.1,232.68,233.89,233.4457,12988900
2026-03-02,229.28,233.83,227.23,231.0,230.5611,10294000
2026-03-03,223.77,224.12,215.79,217.27,216.8572,12442300
2026-03-04,221.71,225.12,219.0,222.99,222.833,8614400
2026-03-05,218.41,222.41,208.13,214.68,214.5289,10241000
2026-03-06,205.45,211.24,198.45,199.33,199.1897,13597800
2026-03-09,195.0,211.5,194.08,211.15,211.0014,13421000
2026-03-10,211.0,220.82,210.88,215.23,215.0785,10699700
2026-03-11,214.45,221.62,214.0,218.87,218.7159,7160500
2026-03-12,213.67,215.17,208.0,209.49,209.3425,9932900
2026-03-13,212.34,218.0,211.23,212.2,212.0506,8906500
2026-03-16,217.95,221.46,215.95,219.4,219.2455,9533100
2026-03-17,220.53,226.71,218.55,226.47,226.3106,10043700
2026-03-18,226.74,232.32,222.98,224.71,224.5518,12478800
2026-03-19,218.17,235.14,215.0,233.99,233.8253,10101900
2026-03-20,234.32,236.84,222.05,228.36,228.1992,26176400
2026-03-23,230.39,239.52,227.07,233.31,233.1458,9506200
2026-03-24,230.16,241.37,230.16,238.84,238.6719,7388000
2026-03-25,236.15,237.1,227.36,233.45,233.2857,8330600
2026-03-26,225.74,226.89,211.38,211.62,211.471,13460500
2026-03-27,209.67,217.0,209.0,211.41,211.2612,8503300
2026-03-30,214.56,216.29,198.6,199.93,199.7893,11921000
2026-03-31,206.0,213.84,203.01,213.66,213.5096,11725000
2026-04-01,215.45,225.5,215.0,222.01,221.8537,10697600
2026-04-02,208.84,222.01,208.8,218.44,218.2862,6805400
2026-04-06,220.13,221.56,216.53,220.65,220.4947,4031200
2026-04-07,218.24,224.49,216.5,224.35,224.1921,6818400
2026-04-08,242.75,249.19,241.49,246.49,246.3165,11023000
2026-04-09,248.33,259.0,247.35,258.76,258.5779,9757800
2026-04-10,263.19,268.23,259.33,263.66,263.4744,9124700
2026-04-13,263.12,267.54,260.85,267.32,267.1318,8773600
2026-04-14,271.86,273.5,264.9,272.41,272.2182,8500600
2026-04-15,267.0,267.99,255.48,265.16,264.9734,11324200
2026-04-16,263.48,266.25,259.18,260.96,260.7763,7829400
2026-04-17,267.97,268.76,262.42,267.6,267.4116,8465400
2026-04-20,267.1,267.65,262.54,263.16,262.9748,5989900
2026-04-21,263.81,265.6,256.71,258.37,258.1881,7830300
2026-04-22,261.71,266.14,257.4,265.55,265.3631,9803300
2026-04-23,265.05,272.82,253.28,258.56,258.378,12269100
2026-04-24,267.5,275.84,266.88,267.78,267.5915,12313200
2026-04-27,267.76,268.83,256.31,259.47,259.2874,8095400
2026-04-28,251.98,253.7,243.04,251.23,251.0531,11499500
2026-04-29,253.17,253.96,241.6,248.75,248.5749,9585300
2026-04-30,252.39,258.58,248.66,257.86,257.6785,10381100
2026-05-01,255.14,260.44,250.12,256.72,256.5393,8094500
2026-05-04,256.69,263.08,254.95,258.57,258.388,6497400
2026-05-05,266.64,280.0,266.64,275.8,275.6058,11884000
2026-05-06,287.0,297.87,285.85,297.17,296.9608,14788600
2026-05-07,297.03,298.0,283.14,286.52,286.3183,9704500
2026-05-08,295.72,297.42,287.52,294.05,293.843,8996700
2026-05-11,292.51,300.0,292.51,296.05,295.8416,9150000
2026-05-12,287.22,290.35,277.77,289.24,289.0364,9341800
2026-05-13,295.27,298.98,287.18,295.44,295.232,8633100
2026-05-14,296.33,302.0,293.01,299.15,298.9394,6404900
2026-05-15,289.44,289.44,276.48,284.72,284.5196,9643200
2026-05-18,292.74,294.56,273.08,277.96,277.7643,8562200
2026-05-19,267.95,278.73,263.71,273.38,273.1876,8308600
2026-05-20,279.58,293.63,277.52,292.09,291.8844,8574200
2026-05-21,292.67,303.18,291.8,302.24,302.0272,9162400
2026-05-22,305.73,309.98,303.18,305.35,305.1351,7854700
2026-05-26,314.77,323.98,309.65,322.68,322.4529,9763600
2026-05-27,331.67,333.33,314.28,318.93,318.7055,8819300
2026-05-28,317.45,322.64,308.74,318.0,317.7762,8402800
2026-05-29,322.0,324.25,316.81,318.18,317.956,10872200
2026-06-01,309.27,320.83,307.04,317.12,316.8968,8052800
2026-06-02,324.42,335.55,320.86,334.41,334.1746,8632400
2026-06-03,335.05,346.19,332.13,343.71,343.468,8630900
2026-06-04,329.75,342.37,324.71,336.41,336.1732,8277000
2026-06-05,320.37,323.42,302.74,303.28,303.0665,13309000
2026-06-08,318.55,330.68,315.0,324.45,324.2216,11465100
2026-06-09,335.5,349.09,306.01,327.16,326.9297,14466800
2026-06-10,323.29,348.16,318.95,321.8,321.5735,14088500
2026-06-11,336.64,364.81,336.2,362.52,362.2648,14984000
2026-06-12,359.39,373.82,354.89,366.81,366.5518,9253300
2026-06-15,385.99,393.07,382.39,388.92,388.6462,13459800
2026-06-16,385.14,393.0,368.77,369.34,369.08,12054900
2026-06-17,382.0,397.63,373.24,374.18,374.18,10900800
2026-06-18,397.22,401.0,386.9,389.04,389.04,22686600
2026-06-22,398.39,409.75,392.08,409.54,409.54,14638600
2026-06-23,369.71,377.1,365.26,371.33,371.33,16065200
2026-06-24,366.87,376.98,361.41,374.8,374.8,12016700
2026-06-25,407.99,407.99,372.3,401.82,401.82,16824000
2026-06-26,385.5,389.88,374.31,379.09,379.09,19733700
2026-06-29,383.01,414.98,379.1,410.91,410.91,14049600
2026-06-30,416.29,438.5,414.01,433.33,433.33,16885100
2026-07-01,404.97,415.49,381.0,391.26,391.26,18699300
2026-07-02,391.06,392.5,342.48,351.41,351.41,18954700
2026-07-06,365.34,366.08,348.27,350.2,350.2,13581700
2026-07-07,322.41,330.75,313.1,326.13,326.13,15530600
2026-07-08,325.47,337.5,322.72,333.15,333.15,8029400
2026-07-09,365.13,369.95,350.06,353.17,353.17,12119700
2026-07-10,341.36,354.73,338.13,350.33,350.33,6890900
2026-07-13,335.0,337.98,326.9,329.92,329.92,9770500
2026-07-14,354.66,354.66,338.88,346.1,346.1,10699100
2026-07-15,357.25,357.25,319.79,335.43,335.43,10257300
2026-07-16,324.99,336.68,315.16,320.96,320.96,10641300
2026-07-17,303.83,322.07,298.65,313.3,313.3,12805700
2026-07-20,321.15,324.45,305.26,306.76,306.76,8074400
2026-07-21,328.13,328.14,313.29,322.0,322.0,11936500
2026-07-22,310.55,322.25,310.55,319.29,319.29,6344700
2026-07-23,315.5,325.88,314.35,319.78,319.78,8106900
2026-07-24,312.62,319.7,301.68,305.21,305.21,9278400
2026-07-27,306.31,309.5,278.45,291.61,291.61,14117600
2026-07-28,275.17,277.3,258.53,269.61,269.61,16097700
2026-07-29,264.51,273.46,250.5,252.35,252.35,16103100
2026-07-30,318.29,319.5,294.25,297.72,297.72,22085800
2026-07-31,315.37,318.4,292.93,293.02,293.02,12561200
2026-08-03,283.34,295.93,276.84,294.61,294.61,10010900
2026-08-04,308.83,320.25,306.16,317.74,317.74,15796600
2026-08-05,318.54,323.64,305.36,307.42,307.42,9302000
2026-08-06,300.0,314.16,293.65,305.77,305.77,7430400
2026-08-07,311.87,315.59,303.83,311.35,311.35,6714100
2026-08-10,319.5,319.99,305.5,306.4,306.4,7022800
2026-08-11,315.03,316.86,309.35,311.41,311.41,7669400
2026-08-12,326.84,329.49,323.5,326.11,326.11,8075600
2026-08-13,327.62,345.12,324.01,337.01,337.01,8901000
2026-08-14,332.36,342.0,326.56,332.36,332.36,7422900
2026-08-17,337.87,345.28,333.4,343.84,343.84,8505600
2026-08-18,324.18,329.07,317.41,327.92,327.92,10210000
2026-08-19,328.52,328.57,305.08,307.17,307.17,10861500
2026-08-20,305.23,312.54,302.95,310.53,310.53,6802600
2026-08-21,317.86,319.1,303.85,314.0,314.0,5940400
2026-08-24,307.94,311.44,297.78,310.17,310.17,8608400
2026-08-25,316.2,318.61,307.86,314.66,314.66,5018300
2026-08-26,314.61,315.72,308.05,312.88,312.88,4113500
2026-08-27,318.88,321.41,310.44,318.58,318.58,6555900
2026-08-28,318.03,318.29,301.05,301.9,301.9,8057600
2026-08-31,303.19,303.4,298.77,301.49,301.49,6949300
2026-09-01,294.56,296.34,286.59,290.2,290.2,8249700
2026-09-02,291.5,292.19,284.4,288.32,288.32,4840600
2026-09-03,283.73,292.78,278.04,292.66,292.66,7207100
2026-09-04,303.47,310.3,297.38,307.65,307.65,8355500
2026-09-08,314.49,321.77,312.03,320.42,320.42,8937400
2026-09-09,319.26,322.21,312.76,315.84,315.84,5580100
2026-09-10,302.15,307.03,297.01,298.01,298.01,10597400
2026-09-11,303.45,303.69,294.54,298.22,298.22,9364200
2026-09-14,275.0,280.2,273.24,273.49,273.49,13682900
2026-09-15,278.61,278.61,265.37,270.87,270.87,8930500
2026-09-16,277.13,277.78,265.75,269.23,269.23,7603200
2026-09-17,280.46,281.4,266.9,269.31,269.31,11273200
2026-09-18,274.41,288.27,272.64,288.11,288.11,19636000
2026-09-21,292.49,305.69,290.04,302.28,302.28,11325100
2026-09-22,296.54,307.56,296.08,306.96,306.96,3802933
