date,open,high,low,close,adj_close,volume
2015-01-02,22.72,22.79,21.61,21.7,21.7,1145800
2015-01-05,21.55,22.01,21.12,21.27,21.27,1080200
2015-01-06,21.4,21.45,20.23,20.7,20.7,1113400
2015-01-07,20.96,21.26,20.58,20.65,20.65,623600
2015-01-08,21.02,21.38,20.77,20.92,20.92,1119000
2015-01-09,20.75,21.1,20.43,20.65,20.65,722800
2015-01-12,20.53,20.64,18.91,19.83,19.83,1503900
2015-01-13,20.15,20.5,19.01,19.49,19.49,1219000
2015-01-14,19.08,19.25,18.45,19.12,19.12,1670600
2015-01-15,19.36,19.74,18.7,18.86,18.86,1151800
2015-01-16,18.75,18.81,18.35,18.49,18.49,2001400
2015-01-20,18.5,18.55,17.95,18.34,18.34,1511100
2015-01-21,18.31,18.91,18.29,18.77,18.77,1593200
2015-01-22,18.99,19.01,18.36,18.65,18.65,1433800
2015-01-23,18.64,19.23,18.39,19.05,19.05,1303500
2015-01-26,19.05,19.85,18.76,19.64,19.64,1032500
2015-01-27,19.19,19.71,19.07,19.54,19.54,937600
2015-01-28,19.65,19.79,18.64,18.64,18.64,1076300
2015-01-29,18.73,18.78,18.43,18.67,18.67,1359700
2015-01-30,18.43,18.76,18.13,18.52,18.52,1122100
2015-02-02,18.7,19.57,18.57,19.52,19.52,1576600
2015-02-03,19.82,20.55,19.81,20.2,20.2,1174400
2015-02-04,19.97,20.05,19.48,19.61,19.61,708600
2015-02-05,19.77,20.24,19.77,20.22,20.22,779900
2015-02-06,20.35,21.0,20.3,20.87,20.87,1162500
2015-02-09,20.79,21.09,20.54,20.71,20.71,890200
2015-02-10,20.9,20.92,19.99,20.3,20.3,747400
2015-02-11,20.12,20.3,19.59,20.02,20.02,710700
2015-02-12,20.3,20.48,20.11,20.22,20.22,397800
2015-02-13,20.28,20.81,20.28,20.75,20.75,452900
2015-02-17,20.68,20.83,20.4,20.64,20.64,588600
2015-02-18,20.5,21.36,20.5,20.74,20.74,1077100
2015-02-19,20.53,20.82,20.29,20.57,20.57,609600
2015-02-20,20.54,20.68,20.23,20.64,20.64,424900
2015-02-23,20.47,20.55,19.97,20.24,20.24,501100
2015-02-24,20.28,20.71,20.14,20.29,20.29,536100
2015-02-25,20.41,20.75,20.19,20.73,20.73,1056700
2015-02-26,20.74,20.87,20.41,20.53,20.53,716300
2015-02-27,22.0,22.75,21.46,22.07,22.07,2318000
2015-03-02,21.53,22.05,20.57,21.97,21.97,1678200
2015-03-03,21.73,21.86,21.19,21.34,21.34,998800
2015-03-04,21.3,21.34,20.58,20.98,20.98,932700
2015-03-05,21.07,21.44,20.74,21.43,21.43,450900
2015-03-06,21.22,21.52,20.03,20.06,20.06,999200
2015-03-09,20.1,20.62,19.96,20.49,20.49,712300
2015-03-10,20.18,20.28,19.83,19.86,19.86,656900
2015-03-11,19.82,20.23,19.74,20.21,20.21,655100
2015-03-12,20.43,20.78,20.08,20.25,20.25,739200
2015-03-13,20.14,20.2,19.56,19.74,19.74,717300
2015-03-16,19.72,19.8,19.26,19.6,19.6,780900
2015-03-17,19.39,19.93,19.39,19.7,19.7,617100
2015-03-18,19.5,19.51,16.0,17.82,17.82,4597100
2015-03-19,17.8,18.27,17.52,18.27,18.27,1932900
2015-03-20,18.42,19.26,18.42,19.03,19.03,2057000
2015-03-23,18.99,20.03,18.99,19.85,19.85,1327300
2015-03-24,19.85,20.2,19.67,20.1,20.1,1065400
2015-03-25,20.19,20.22,19.79,19.86,19.86,909600
2015-03-26,19.84,20.37,19.63,19.71,19.71,1044400
2015-03-27,19.67,20.13,19.28,19.4,19.4,1889500
2015-03-30,19.4,20.62,19.4,20.3,20.3,1740000
2015-03-31,20.09,20.09,19.19,19.3,19.3,1155700
2015-04-01,19.3,19.49,18.69,18.73,18.73,1646500
2015-04-02,18.75,19.82,18.75,19.49,19.49,1393500
2015-04-06,19.44,20.07,19.41,19.89,19.89,885600
2015-04-07,19.87,20.27,19.67,19.88,19.88,722400
2015-04-08,19.99,20.13,19.29,19.32,19.32,857200
2015-04-09,19.39,19.75,19.13,19.17,19.17,1106000
2015-04-10,19.22,19.3,18.64,18.81,18.81,1132800
2015-04-13,18.87,19.39,18.82,18.9,18.9,684700
2015-04-14,18.96,19.02,18.55,18.91,18.91,955400
2015-04-15,18.99,20.36,18.71,20.13,20.13,1047200
2015-04-16,20.0,20.0,19.18,19.44,19.44,573400
2015-04-17,19.17,19.2,18.64,18.82,18.82,959500
2015-04-20,18.95,18.95,18.2,18.39,18.39,928600
2015-04-21,18.49,18.65,17.82,18.2,18.2,780700
2015-04-22,18.15,18.15,17.67,17.89,17.89,898500
2015-04-23,17.85,18.05,17.32,17.75,17.75,1500100
2015-04-24,17.73,18.27,17.7,17.88,17.88,888700
2015-04-27,18.01,18.46,17.95,18.14,18.14,714700
2015-04-28,18.15,18.52,17.81,18.48,18.48,853500
2015-04-29,18.38,18.74,18.25,18.56,18.56,700000
2015-04-30,18.47,18.6,17.83,17.94,17.94,525500
2015-05-01,17.93,18.09,17.6,18.08,18.08,521000
2015-05-04,18.13,18.58,18.1,18.18,18.18,548700
2015-05-05,18.16,18.67,18.02,18.09,18.09,510900
2015-05-06,18.26,18.45,17.83,18.16,18.16,455300
2015-05-07,18.08,18.21,17.57,18.07,18.07,977700
2015-05-08,18.27,18.6,17.98,18.52,18.52,656000
2015-05-11,18.34,18.56,17.95,18.45,18.45,960300
2015-05-12,17.18,17.78,15.34,16.19,16.19,7526600
2015-05-13,16.19,17.46,15.72,16.96,16.96,2746800
2015-05-14,17.03,17.4,16.67,17.11,17.11,1194700
2015-05-15,17.05,17.48,16.8,16.84,16.84,1414100
2015-05-18,16.8,17.32,16.7,17.27,17.27,1060400
2015-05-19,17.18,17.37,16.83,17.0,17.0,897700
2015-05-20,17.26,18.17,17.12,17.94,17.94,1773200
2015-05-21,18.09,18.32,17.62,18.09,18.09,1506000
2015-05-22,18.0,18.23,17.53,17.69,17.69,1047800
2015-05-26,17.5,17.62,17.07,17.42,17.42,1113000
2015-05-27,17.43,17.71,17.1,17.55,17.55,1237800
2015-05-28,17.5,18.11,17.23,17.73,17.73,1367500
2015-05-29,17.68,17.73,17.23,17.66,17.66,1195000
2015-06-01,17.76,17.98,17.38,17.85,17.85,847000
2015-06-02,17.87,18.44,17.82,18.17,18.17,1042800
2015-06-03,18.25,19.19,18.13,19.11,19.11,1687800
2015-06-04,18.79,19.34,18.64,18.69,18.69,1408300
2015-06-05,18.71,19.21,18.54,19.18,19.18,1072800
2015-06-08,19.11,19.12,18.7,18.9,18.9,1061900
2015-06-09,18.94,19.04,18.38,18.5,18.5,851800
2015-06-10,18.75,19.44,18.68,18.87,18.87,901800
2015-06-11,18.87,19.4,18.77,18.91,18.91,2134100
2015-06-12,18.78,19.33,18.76,19.29,19.29,1111000
2015-06-15,19.05,19.26,18.25,19.16,19.16,1686200
2015-06-16,19.14,19.37,18.89,19.2,19.2,1377500
2015-06-17,19.29,19.55,19.13,19.25,19.25,977300
2015-06-18,19.36,20.0,19.22,19.91,19.91,1177100
2015-06-19,19.93,20.79,19.92,20.7,20.7,2223600
2015-06-22,20.77,21.52,20.5,21.49,21.49,2430400
2015-06-23,21.47,21.52,20.74,21.17,21.17,1791800
2015-06-24,21.12,21.23,20.55,20.67,20.67,959000
2015-06-25,20.7,21.03,20.46,20.51,20.51,1246300
2015-06-26,20.59,20.76,20.4,20.58,20.58,1923100
2015-06-29,20.24,20.47,19.92,19.97,19.97,1122400
2015-06-30,20.1,20.41,19.84,19.87,19.87,1084500
2015-07-01,20.14,20.91,19.79,19.91,19.91,1315200
2015-07-02,19.86,20.12,19.31,19.5,19.5,830100
2015-07-06,19.12,19.59,19.12,19.39,19.39,1657700
2015-07-07,19.3,19.78,18.75,19.74,19.74,794700
2015-07-08,19.57,19.71,18.85,19.01,19.01,735100
2015-07-09,19.44,19.73,18.91,19.02,19.02,917100
2015-07-10,19.35,19.47,18.97,19.29,19.29,1000200
2015-07-13,19.49,19.67,19.19,19.39,19.39,712000
2015-07-14,19.34,19.84,19.2,19.72,19.72,647100
2015-07-15,19.62,19.62,18.39,18.47,18.47,1278100
2015-07-16,18.57,18.98,18.51,18.59,18.59,825300
2015-07-17,18.63,18.63,18.24,18.48,18.48,632700
2015-07-20,18.5,18.5,17.59,17.76,17.76,1301700
2015-07-21,17.78,18.44,17.77,18.16,18.16,849400
2015-07-22,17.91,18.01,17.56,17.94,17.94,851800
2015-07-23,18.09,18.42,17.63,17.66,17.66,663800
2015-07-24,17.64,17.71,17.14,17.19,17.19,937900
2015-07-27,17.01,17.56,16.88,17.36,17.36,916200
2015-07-28,17.5,17.66,17.18,17.32,17.32,962500
2015-07-29,17.36,18.06,17.32,17.92,17.92,837000
2015-07-30,17.78,18.04,17.55,17.87,17.87,428800
2015-07-31,17.65,18.72,16.95,18.43,18.43,2970800
2015-08-03,18.56,18.91,17.26,17.62,17.62,2039200
2015-08-04,17.56,18.08,17.45,17.86,17.86,1326400
2015-08-05,18.15,18.28,16.96,17.14,17.14,1455900
2015-08-06,17.19,17.31,16.25,16.39,16.39,1760700
2015-08-07,16.29,16.94,16.25,16.5,16.5,1004100
2015-08-10,16.65,17.63,16.63,17.49,17.49,1432400
2015-08-11,17.31,17.82,17.01,17.74,17.74,962600
2015-08-12,17.79,18.18,17.54,18.12,18.12,655600
2015-08-13,18.05,18.35,17.9,17.93,17.93,675000
2015-08-14,17.89,18.1,17.06,17.41,17.41,2060300
2015-08-17,17.42,17.43,17.08,17.29,17.29,2797300
2015-08-18,16.15,17.2,16.0,16.24,16.24,3878900
2015-08-19,16.09,16.57,16.07,16.37,16.37,2078000
2015-08-20,16.22,16.37,15.46,15.51,15.51,2012500
2015-08-21,15.11,15.8,15.01,15.41,15.41,1639100
2015-08-24,15.03,15.97,14.8,14.9,14.9,1315800
2015-08-25,15.45,15.46,14.66,14.67,14.67,1469700
2015-08-26,15.05,15.05,14.48,14.72,14.72,1189500
2015-08-27,14.88,15.91,14.66,15.51,15.51,1339500
2015-08-28,15.51,16.1,15.5,15.87,15.87,928500
2015-08-31,15.7,16.61,15.51,16.56,16.56,1451200
2015-09-01,15.99,16.39,15.53,15.69,15.69,1143800
2015-09-02,15.92,16.33,15.53,16.3,16.3,1445600
2015-09-03,16.31,16.89,16.15,16.53,16.53,1295800
2015-09-04,16.25,16.67,16.2,16.56,16.56,821700
2015-09-08,16.81,17.67,16.59,17.63,17.63,1604700
2015-09-09,17.75,18.08,17.42,17.47,17.47,1399300
2015-09-10,17.48,17.82,17.06,17.63,17.63,922000
2015-09-11,17.36,17.6,17.0,17.35,17.35,1186000
2015-09-14,17.3,17.84,17.17,17.74,17.74,1033000
2015-09-15,17.75,18.14,17.52,17.87,17.87,925500
2015-09-16,17.97,18.42,17.83,18.21,18.21,1035900
2015-09-17,18.16,18.67,17.87,18.31,18.31,1041200
2015-09-18,18.08,18.34,17.69,17.76,17.76,1283700
2015-09-21,17.98,18.3,17.71,18.2,18.2,719500
2015-09-22,17.88,17.88,17.3,17.39,17.39,894300
2015-09-23,17.48,17.59,16.67,16.71,16.71,1375000
2015-09-24,16.95,17.4,16.64,17.23,17.23,1640200
2015-09-25,17.27,17.43,17.0,17.2,17.2,1050400
2015-09-28,17.0,17.05,16.17,16.19,16.19,1058700
2015-09-29,16.2,16.33,15.54,15.57,15.57,1277900
2015-09-30,15.86,15.96,15.48,15.83,15.83,1610500
2015-10-01,15.97,16.31,15.6,15.84,15.84,1266100
2015-10-02,15.71,16.27,15.45,16.22,16.22,2006400
2015-10-05,16.51,17.57,16.51,17.52,17.52,2033700
2015-10-06,17.65,18.01,17.39,17.74,17.74,1300400
2015-10-07,17.94,18.48,17.67,18.1,18.1,1215600
2015-10-08,18.09,18.84,18.05,18.53,18.53,1137700
2015-10-09,18.6,18.97,18.11,18.96,18.96,1458700
2015-10-12,18.96,19.02,18.43,18.77,18.77,868000
2015-10-13,18.57,18.97,18.24,18.28,18.28,1072200
2015-10-14,18.23,18.35,17.57,17.61,17.61,936800
2015-10-15,17.6,17.98,17.2,17.96,17.96,990900
2015-10-16,17.92,17.92,15.97,16.16,16.16,2482600
2015-10-19,16.01,16.18,15.42,15.71,15.71,2046000
2015-10-20,15.65,16.54,15.62,16.4,16.4,1537200
2015-10-21,16.4,16.66,16.11,16.31,16.31,1499400
2015-10-22,16.4,16.72,16.07,16.39,16.39,1073800
2015-10-23,16.44,16.66,16.08,16.22,16.22,939600
2015-10-26,16.16,16.61,16.07,16.22,16.22,820900
2015-10-27,15.98,16.25,15.53,15.67,15.67,1387600
2015-10-28,15.84,16.53,15.77,16.47,16.47,1487900
2015-10-29,16.39,16.77,16.28,16.39,16.39,1030800
2015-10-30,16.36,16.9,16.19,16.77,16.77,1019400
2015-11-02,16.7,17.49,16.7,17.37,17.37,1040600
2015-11-03,17.41,17.79,17.03,17.23,17.23,1772300
2015-11-04,16.89,18.37,16.77,18.1,18.1,3685100
2015-11-05,18.06,19.1,17.95,18.69,18.69,2736700
2015-11-06,18.35,18.64,17.26,17.79,17.79,2036400
2015-11-09,17.78,17.95,16.56,17.36,17.36,1672000
2015-11-10,17.38,17.75,17.12,17.35,17.35,1359000
2015-11-11,17.41,17.41,17.02,17.23,17.23,511100
2015-11-12,17.61,17.98,16.81,16.97,16.97,1604500
2015-11-13,16.6,17.12,16.38,16.81,16.81,1421300
2015-11-16,16.8,18.02,16.8,18.0,18.0,1310900
2015-11-17,17.8,18.31,17.54,17.71,17.71,2049100
2015-11-18,17.93,18.3,17.8,18.27,18.27,1003600
2015-11-19,18.23,18.97,18.02,18.84,18.84,1570300
2015-11-20,18.9,19.07,18.65,18.94,18.94,1169400
2015-11-23,18.79,19.0,18.63,18.87,18.87,1159300
2015-11-24,19.0,19.47,18.78,19.44,19.44,1267500
2015-11-25,19.19,19.52,19.07,19.44,19.44,1029200
2015-11-27,19.24,19.5,19.13,19.47,19.47,618000
2015-11-30,19.53,20.6,19.49,20.43,20.43,1943700
2015-12-01,20.66,20.76,20.18,20.72,20.72,1415400
2015-12-02,20.34,20.69,20.14,20.48,20.48,1608100
2015-12-03,20.59,21.1,20.17,20.3,20.3,1465600
2015-12-04,20.25,20.36,19.43,19.54,19.54,1655300
2015-12-07,19.3,19.3,18.58,18.79,18.79,1906400
2015-12-08,18.5,18.73,17.99,18.62,18.62,1850000
2015-12-09,18.65,19.34,18.55,18.61,18.61,1246400
2015-12-10,18.52,18.52,17.66,17.91,17.91,1250400
2015-12-11,17.39,17.81,16.98,17.22,17.22,1447100
2015-12-14,17.05,17.11,16.37,16.79,16.79,1455500
2015-12-15,17.1,17.31,16.97,17.26,17.26,1165200
2015-12-16,17.2,17.81,16.98,17.76,17.76,1140300
2015-12-17,17.66,17.69,17.06,17.41,17.41,1193200
2015-12-18,17.36,17.56,17.1,17.11,17.11,945100
2015-12-21,17.13,17.19,16.72,16.79,16.79,724300
2015-12-22,16.83,17.1,16.66,17.04,17.04,359600
2015-12-23,17.28,17.95,17.19,17.93,17.93,601300
2015-12-24,17.84,18.13,17.8,17.94,17.94,277000
2015-12-28,17.71,17.83,17.3,17.51,17.51,414100
2015-12-29,17.63,17.8,17.23,17.78,17.78,526600
2015-12-30,17.58,17.76,17.34,17.68,17.68,681100
2015-12-31,17.53,17.87,17.29,17.38,17.38,631700
2016-01-04,17.15,17.72,17.1,17.57,17.57,1132600
2016-01-05,17.7,17.84,17.12,17.21,17.21,778400
2016-01-06,16.83,16.96,16.6,16.66,16.66,998400
2016-01-07,16.14,16.56,15.94,15.99,15.99,863300
2016-01-08,16.21,16.33,15.73,15.76,15.76,885100
2016-01-11,15.82,15.82,14.71,15.13,15.13,1481200
2016-01-12,15.41,15.41,14.44,15.01,15.01,2014500
2016-01-13,15.01,15.39,14.37,14.54,14.54,1358000
2016-01-14,14.69,15.01,14.35,14.74,14.74,1271100
2016-01-15,14.02,14.33,13.76,14.33,14.33,1149800
2016-01-19,14.5,14.64,13.47,13.74,13.74,1062800
2016-01-20,13.48,13.97,12.8,13.83,13.83,1414200
2016-01-21,13.76,14.38,13.55,13.72,13.72,1294700
2016-01-22,14.12,14.48,13.62,13.97,13.97,1138900
2016-01-25,13.78,14.18,13.71,13.76,13.76,916400
2016-01-26,13.97,14.36,13.66,14.32,14.32,979400
2016-01-27,14.24,15.06,14.14,14.44,14.44,1130500
2016-01-28,14.61,14.75,14.26,14.6,14.6,1005000
2016-01-29,14.64,15.44,14.64,15.44,15.44,821800
2016-02-01,15.21,15.41,14.92,15.4,15.4,893500
2016-02-02,14.99,15.1,14.62,14.85,14.85,1159300
2016-02-03,15.04,15.25,14.14,14.58,14.58,797500
2016-02-04,14.7,16.11,14.7,15.1,15.1,1055000
2016-02-05,14.99,15.41,14.83,14.89,14.89,625800
2016-02-08,14.62,14.62,12.95,13.37,13.37,1169600
2016-02-09,13.0,13.44,12.77,13.1,13.1,1038000
2016-02-10,13.08,13.36,12.78,12.92,12.92,922700
2016-02-11,12.65,13.05,12.44,12.75,12.75,1036700
2016-02-12,12.97,13.35,12.9,13.26,13.26,742400
2016-02-16,13.57,13.99,13.34,13.85,13.85,807300
2016-02-17,14.07,14.92,14.06,14.75,14.75,1018400
2016-02-18,14.9,14.99,14.37,14.51,14.51,791500
2016-02-19,14.34,14.57,14.11,14.39,14.39,606000
2016-02-22,14.71,15.15,14.49,14.8,14.8,963100
2016-02-23,14.66,14.78,14.21,14.26,14.26,623900
2016-02-24,13.9,14.24,13.56,14.22,14.22,874500
2016-02-25,14.27,14.78,13.96,14.52,14.52,1223700
2016-02-26,16.0,17.38,15.85,16.23,16.23,3267900
2016-02-29,16.42,17.14,16.25,16.98,16.98,2190600
2016-03-01,17.11,17.93,16.95,17.88,17.88,1658400
2016-03-02,17.88,18.09,17.69,17.91,17.91,1660000
2016-03-03,17.86,18.55,17.86,18.42,18.42,1247400
2016-03-04,18.58,19.04,17.94,18.5,18.5,1181400
2016-03-07,18.41,19.12,18.32,18.92,18.92,1043200
2016-03-08,18.65,19.05,18.26,18.3,18.3,1571400
2016-03-09,18.53,18.74,18.23,18.68,18.68,924700
2016-03-10,18.67,18.79,17.92,18.55,18.55,961100
2016-03-11,18.85,19.46,18.76,19.43,19.43,1097300
2016-03-14,19.09,19.47,18.91,19.11,19.11,834600
2016-03-15,18.73,18.9,18.54,18.67,18.67,670900
2016-03-16,18.67,19.23,18.65,19.09,19.09,662600
2016-03-17,19.24,19.97,19.02,19.77,19.77,711100
2016-03-18,20.09,20.44,19.77,19.87,19.87,1230500
2016-03-21,20.0,20.21,19.81,20.11,20.11,663500
2016-03-22,19.86,20.85,19.86,20.76,20.76,962800
2016-03-23,20.46,20.68,20.21,20.23,20.23,807200
2016-03-24,20.07,20.33,19.89,20.28,20.28,512000
2016-03-28,20.4,20.51,19.59,19.86,19.86,747600
2016-03-29,19.65,20.18,19.33,20.17,20.17,661600
2016-03-30,20.4,20.57,19.96,20.17,20.17,434600
2016-03-31,20.22,20.41,20.15,20.24,20.24,624700
2016-04-01,19.85,20.3,19.65,20.25,20.25,538800
2016-04-04,20.22,20.34,19.55,19.58,19.58,468700
2016-04-05,19.38,19.77,19.21,19.52,19.52,503100
2016-04-06,19.62,19.9,19.13,19.86,19.86,839800
2016-04-07,19.5,20.27,19.32,19.79,19.79,1863600
2016-04-08,20.28,20.9,20.17,20.55,20.55,1178700
2016-04-11,20.66,20.7,19.99,20.03,20.03,901300
2016-04-12,20.09,21.31,20.09,21.06,21.06,644800
2016-04-13,21.12,21.53,21.0,21.5,21.5,764000
2016-04-14,21.56,21.56,20.89,21.1,21.1,852500
2016-04-15,20.96,21.1,20.55,21.07,21.07,753600
2016-04-18,20.72,21.47,20.56,21.39,21.39,571400
2016-04-19,21.57,22.0,21.48,21.91,21.91,766200
2016-04-20,21.87,22.25,21.79,22.18,22.18,611000
2016-04-21,22.24,22.52,22.01,22.12,22.12,582700
2016-04-22,22.12,22.54,22.07,22.47,22.47,431400
2016-04-25,22.32,22.46,21.62,21.85,21.85,752500
2016-04-26,21.92,22.36,21.83,22.34,22.34,565000
2016-04-27,22.53,23.55,22.51,23.46,23.46,1925900
2016-04-28,23.57,23.88,22.95,23.06,23.06,1317800
2016-04-29,23.12,23.23,22.22,22.66,22.66,1048300
2016-05-02,22.67,22.95,22.35,22.45,22.45,1017800
2016-05-03,22.25,22.8,21.85,22.5,22.5,1041900
2016-05-04,22.46,22.88,21.93,22.17,22.17,543900
2016-05-05,22.49,22.63,22.01,22.07,22.07,951400
2016-05-06,21.95,22.37,20.38,22.33,22.33,1921300
2016-05-09,22.29,22.61,22.02,22.25,22.25,846000
2016-05-10,22.4,22.71,22.25,22.5,22.5,863700
2016-05-11,22.5,22.79,22.26,22.32,22.32,517500
2016-05-12,22.49,22.61,21.78,21.81,21.81,809800
2016-05-13,21.71,22.11,21.14,21.28,21.28,1069500
2016-05-16,21.5,22.38,21.5,22.24,22.24,881500
2016-05-17,22.15,22.54,21.64,21.78,21.78,645000
2016-05-18,21.65,22.0,21.41,21.55,21.55,544600
2016-05-19,21.32,21.58,20.99,21.43,21.43,766400
2016-05-20,21.6,22.62,21.6,22.29,22.29,949600
2016-05-23,22.18,22.53,22.07,22.32,22.32,416000
2016-05-24,22.42,22.84,22.04,22.77,22.77,563700
2016-05-25,23.19,23.67,23.19,23.44,23.44,1086300
2016-05-26,23.49,23.62,22.9,22.9,22.9,527600
2016-05-27,22.95,22.95,22.51,22.82,22.82,420700
2016-05-31,22.84,23.1,22.76,23.0,23.0,931600
2016-06-01,22.79,22.94,22.49,22.8,22.8,639700
2016-06-02,22.66,22.86,22.47,22.79,22.79,355800
2016-06-03,22.73,22.84,22.33,22.78,22.78,377900
2016-06-06,22.95,23.56,22.88,23.56,23.56,600800
2016-06-07,23.58,24.11,23.49,24.01,24.01,591200
2016-06-08,24.11,24.67,23.9,23.95,23.95,1258100
2016-06-09,23.68,23.68,23.09,23.44,23.44,721100
2016-06-10,23.0,23.23,22.3,22.42,22.42,775000
2016-06-13,22.2,23.03,22.2,22.85,22.85,959900
2016-06-14,22.64,23.2,22.45,23.13,23.13,1012100
2016-06-15,23.14,23.42,22.78,23.02,23.02,534600
2016-06-16,22.68,22.83,22.07,22.79,22.79,724700
2016-06-17,22.9,23.35,22.82,23.04,23.04,700800
2016-06-20,23.5,23.73,23.25,23.58,23.58,797300
2016-06-21,23.54,23.78,23.32,23.68,23.68,598000
2016-06-22,23.79,23.87,23.32,23.35,23.35,339900
2016-06-23,23.78,24.09,23.73,23.91,23.91,454300
2016-06-24,22.78,23.1,21.91,22.17,22.17,2265400
2016-06-27,22.02,22.02,20.86,21.03,21.03,699500
2016-06-28,21.45,21.7,20.93,21.17,21.17,593900
2016-06-29,21.58,21.81,21.12,21.71,21.71,820500
2016-06-30,21.71,22.33,21.56,22.32,22.32,529600
2016-07-01,22.25,23.17,22.25,22.74,22.74,544000
2016-07-05,22.37,22.85,22.03,22.78,22.78,887900
2016-07-06,22.62,23.3,22.52,23.16,23.16,724600
2016-07-07,23.37,23.91,23.32,23.9,23.9,781900
2016-07-08,24.34,25.0,24.15,24.21,24.21,1239300
2016-07-11,24.45,24.71,24.19,24.26,24.26,894500
2016-07-12,24.51,24.88,24.27,24.72,24.72,536700
2016-07-13,24.74,24.84,24.24,24.47,24.47,456700
2016-07-14,24.47,24.92,24.45,24.52,24.52,365400
2016-07-15,24.7,24.71,24.38,24.53,24.53,368400
2016-07-18,24.38,24.8,24.18,24.7,24.7,363700
2016-07-19,24.67,24.67,24.16,24.48,24.48,483600
2016-07-20,24.5,24.68,24.1,24.6,24.6,427000
2016-07-21,24.56,24.99,24.13,24.27,24.27,553600
2016-07-22,24.13,24.15,23.81,24.12,24.12,302200
2016-07-25,24.05,24.32,23.89,24.16,24.16,366800
2016-07-26,24.08,24.48,24.04,24.39,24.39,549100
2016-07-27,24.5,24.77,24.44,24.6,24.6,584800
2016-07-28,24.59,24.72,24.25,24.5,24.5,298700
2016-07-29,24.33,24.59,24.02,24.45,24.45,1134500
2016-08-01,24.42,24.79,24.1,24.39,24.39,701800
2016-08-02,24.44,24.58,24.19,24.41,24.41,863200
2016-08-03,24.45,24.96,24.3,24.79,24.79,1480500
2016-08-04,24.81,24.81,23.86,24.37,24.37,1924700
2016-08-05,25.99,29.3,25.61,28.25,28.25,3657400
2016-08-08,28.86,29.67,28.67,29.38,29.38,1670200
2016-08-09,29.52,30.17,29.33,30.03,30.03,1023600
2016-08-10,30.02,30.39,29.82,29.95,29.95,588000
2016-08-11,30.04,30.4,29.82,29.94,29.94,945000
2016-08-12,29.86,30.03,29.43,29.74,29.74,454400
2016-08-15,29.87,30.74,29.8,30.58,30.58,728500
2016-08-16,30.5,30.83,30.31,30.47,30.47,616900
2016-08-17,30.4,30.49,30.08,30.32,30.32,732200
2016-08-18,30.29,30.85,30.22,30.76,30.76,480900
2016-08-19,30.69,30.69,30.04,30.24,30.24,513900
2016-08-22,30.24,30.64,29.66,30.53,30.53,868800
2016-08-23,30.7,30.92,30.52,30.86,30.86,382700
2016-08-24,30.62,31.15,30.58,30.92,30.92,564500
2016-08-25,30.89,31.08,30.19,30.36,30.36,467200
2016-08-26,30.39,30.86,29.9,30.04,30.04,425600
2016-08-29,30.1,30.44,29.95,30.26,30.26,386000
2016-08-30,30.2,30.6,29.97,30.11,30.11,381600
2016-08-31,29.96,30.03,29.0,29.45,29.45,885500
2016-09-01,29.41,29.58,28.67,29.43,29.43,889200
2016-09-02,29.62,29.79,29.27,29.62,29.62,879900
2016-09-06,29.79,29.93,29.36,29.73,29.73,639700
2016-09-07,29.76,29.77,29.05,29.12,29.12,609100
2016-09-08,29.2,29.54,28.99,29.31,29.31,678100
2016-09-09,29.02,29.3,27.97,28.21,28.21,551600
2016-09-12,27.52,28.18,27.34,27.74,27.74,1287900
2016-09-13,27.34,27.74,27.01,27.17,27.17,650100
2016-09-14,27.2,27.25,26.75,27.13,27.13,431000
2016-09-15,27.11,27.79,27.02,27.66,27.66,602200
2016-09-16,27.5,27.71,27.15,27.71,27.71,633300
2016-09-19,28.0,28.7,27.92,28.53,28.53,626100
2016-09-20,28.61,28.61,27.5,27.53,27.53,623700
2016-09-21,27.85,28.2,27.57,28.2,28.2,359200
2016-09-22,28.58,28.79,28.33,28.68,28.68,347200
2016-09-23,28.68,28.92,28.34,28.55,28.55,525300
2016-09-26,28.5,28.98,28.22,28.55,28.55,287900
2016-09-27,28.34,29.22,28.21,29.22,29.22,598600
2016-09-28,29.4,29.74,28.88,29.72,29.72,601800
2016-09-29,29.74,30.09,29.47,29.86,29.86,461800
2016-09-30,29.99,29.99,29.46,29.74,29.74,575900
2016-10-03,29.6,29.6,29.06,29.29,29.29,529000
2016-10-04,29.43,29.82,29.03,29.06,29.06,524700
2016-10-05,29.45,29.82,29.11,29.53,29.53,428300
2016-10-06,29.38,30.19,29.16,30.17,30.17,652200
2016-10-07,29.97,29.97,29.16,29.55,29.55,422000
2016-10-10,29.75,30.2,29.65,29.7,29.7,283800
2016-10-11,29.5,29.6,28.95,29.2,29.2,542600
2016-10-12,29.3,29.5,29.05,29.5,29.5,174300
2016-10-13,29.0,29.55,28.75,29.25,29.25,263000
2016-10-14,29.4,29.8,29.0,29.15,29.15,225100
2016-10-17,29.15,29.45,28.95,29.3,29.3,343300
2016-10-18,29.8,30.0,29.6,29.7,29.7,217400
2016-10-19,29.75,29.88,29.45,29.6,29.6,455700
2016-10-20,29.4,29.5,29.15,29.2,29.2,289600
2016-10-21,28.65,29.3,28.51,29.15,29.15,420800
2016-10-24,29.2,29.85,29.1,29.7,29.7,506300
2016-10-25,29.6,29.6,28.6,28.75,28.75,273900
2016-10-26,28.4,28.6,27.75,28.45,28.45,596000
2016-10-27,28.45,28.83,27.63,27.75,27.75,582300
2016-10-28,27.65,28.65,27.48,28.2,28.2,519100
2016-10-31,28.2,28.65,28.05,28.55,28.55,352000
2016-11-01,28.75,28.8,27.7,27.95,27.95,637800
2016-11-02,27.85,28.05,27.1,27.45,27.45,497300
2016-11-03,27.45,28.68,27.1,28.3,28.3,1034900
2016-11-04,30.5,30.9,28.85,29.4,29.4,1719000
2016-11-07,30.05,30.18,28.7,28.95,28.95,898700
2016-11-08,29.0,29.2,28.55,29.0,29.0,469500
2016-11-09,29.35,32.2,29.3,31.9,31.9,1616100
2016-11-10,32.65,34.95,32.6,33.35,33.35,2350800
2016-11-11,33.45,34.75,33.3,34.75,34.75,1163200
2016-11-14,35.1,37.25,34.75,36.7,36.7,1528800
2016-11-15,37.65,38.05,36.75,37.9,37.9,1318800
2016-11-16,37.3,37.3,35.0,35.55,35.55,1372400
2016-11-17,36.0,36.35,35.25,35.75,35.75,764400
2016-11-18,35.0,35.55,34.2,35.5,35.5,735600
2016-11-21,36.1,36.5,35.5,35.75,35.75,1121300
2016-11-22,35.4,35.4,34.35,35.4,35.4,1489900
2016-11-23,35.5,37.25,35.4,37.05,37.05,801500
2016-11-25,37.15,37.46,36.7,37.05,37.05,184800
2016-11-28,37.05,37.3,36.2,36.35,36.35,453300
2016-11-29,36.45,36.9,36.0,36.55,36.55,1190300
2016-11-30,37.0,38.5,37.0,37.95,37.95,1061100
2016-12-01,38.65,39.15,37.55,37.9,37.9,1064100
2016-12-02,37.95,38.13,37.08,37.4,37.4,663600
2016-12-05,38.15,39.1,37.9,38.95,38.95,1111400
2016-12-06,39.1,39.4,38.5,39.0,39.0,694300
2016-12-07,39.0,40.25,38.75,40.05,40.05,823100
2016-12-08,40.3,40.9,39.58,39.9,39.9,859400
2016-12-09,40.0,40.1,39.6,39.9,39.9,602400
2016-12-12,40.1,40.36,38.8,39.1,39.1,700700
2016-12-13,39.2,39.4,38.25,38.7,38.7,574400
2016-12-14,38.6,38.95,38.05,38.15,38.15,579900
2016-12-15,38.2,39.25,38.1,39.15,39.15,572400
2016-12-16,39.3,39.5,38.2,38.35,38.35,946400
2016-12-19,38.55,39.05,38.1,38.3,38.3,771900
2016-12-20,38.5,39.45,38.35,39.35,39.35,917800
2016-12-21,39.4,39.65,38.65,39.0,39.0,370500
2016-12-22,39.1,39.6,38.85,39.2,39.2,490600
2016-12-23,39.05,39.26,38.85,39.0,39.0,278900
2016-12-27,39.0,39.6,38.65,39.4,39.4,460800
2016-12-28,39.6,39.73,38.2,38.6,38.6,403700
2016-12-29,38.75,39.25,38.2,38.4,38.4,333900
2016-12-30,38.6,38.78,38.1,38.25,38.25,391300
2017-01-03,38.3,38.3,35.0,36.3,36.3,2982100
2017-01-04,36.7,37.35,36.55,37.15,37.15,780300
2017-01-05,36.95,37.5,35.75,35.95,35.95,997600
2017-01-06,36.1,36.6,35.7,35.95,35.95,599900
2017-01-09,35.8,35.82,34.33,34.5,34.5,747600
2017-01-10,34.55,35.75,34.35,35.75,35.75,786600
2017-01-11,35.9,36.55,35.45,36.05,36.05,554700
2017-01-12,36.05,36.4,34.6,35.5,35.5,329700
2017-01-13,35.55,36.4,35.5,36.0,36.0,371600
2017-01-17,35.7,36.2,35.12,35.6,35.6,454700
2017-01-18,35.4,35.6,34.6,35.3,35.3,651300
2017-01-19,35.65,37.0,35.65,36.5,36.5,1091400
2017-01-20,36.65,37.55,36.65,37.2,37.2,1000900
2017-01-23,37.25,37.8,36.0,36.4,36.4,672200
2017-01-24,36.9,40.65,36.9,40.25,40.25,1326600
2017-01-25,40.55,41.65,40.3,40.85,40.85,1271600
2017-01-26,41.0,41.9,40.95,41.55,41.55,941400
2017-01-27,41.25,41.3,38.1,38.75,38.75,2251100
2017-01-30,38.7,38.7,37.1,38.4,38.4,728000
2017-01-31,38.35,38.65,36.9,37.25,37.25,909400
2017-02-01,37.4,38.1,35.6,36.6,36.6,1217100
2017-02-02,36.6,36.65,35.45,35.5,35.5,1370700
2017-02-03,39.1,39.75,38.25,38.9,38.9,1603600
2017-02-06,38.95,38.95,37.53,37.65,37.65,653800
2017-02-07,37.9,38.35,37.05,37.95,37.95,639200
2017-02-08,37.85,37.85,36.55,37.2,37.2,512400
2017-02-09,37.25,38.4,37.05,38.25,38.25,517600
2017-02-10,38.85,38.95,38.0,38.85,38.85,514900
2017-02-13,39.05,39.6,38.1,38.45,38.45,387100
2017-02-14,38.45,38.7,37.73,38.55,38.55,397300
2017-02-15,38.55,39.3,38.35,39.2,39.2,411300
2017-02-16,39.15,39.35,38.65,39.3,39.3,662600
2017-02-17,39.05,39.2,37.1,37.8,37.8,909300
2017-02-21,38.1,39.2,38.1,38.8,38.8,518600
2017-02-22,38.7,38.85,37.45,37.5,37.5,506100
2017-02-23,38.0,38.25,35.75,37.05,37.05,1067700
2017-02-24,40.0,41.0,37.3,40.1,40.1,2790800
2017-02-27,40.45,41.2,39.9,40.5,40.5,1597900
2017-02-28,40.3,40.65,39.0,39.25,39.25,1232500
2017-03-01,40.45,41.2,40.3,40.5,40.5,1246800
2017-03-02,40.95,41.05,39.75,39.8,39.8,882800
2017-03-03,39.85,41.0,39.8,40.8,40.8,796200
2017-03-06,40.55,40.55,39.65,40.35,40.35,1310200
2017-03-07,40.35,40.9,40.1,40.45,40.45,974100
2017-03-08,40.75,40.75,39.45,39.5,39.5,483900
2017-03-09,39.5,39.55,38.2,38.7,38.7,549400
2017-03-10,39.15,39.8,38.5,39.8,39.8,942300
2017-03-13,39.8,39.95,39.1,39.3,39.3,617100
2017-03-14,38.9,39.3,37.8,39.1,39.1,660100
2017-03-15,39.35,39.95,38.95,39.8,39.8,835200
2017-03-16,40.0,40.5,38.9,39.1,39.1,532800
2017-03-17,39.2,39.5,38.65,39.35,39.35,720300
2017-03-20,39.3,39.35,38.35,38.85,38.85,408000
2017-03-21,39.0,39.0,37.2,37.65,37.65,855800
2017-03-22,37.65,38.28,37.05,38.25,38.25,700400
2017-03-23,38.15,38.7,37.75,38.45,38.45,530900
2017-03-24,38.6,38.9,37.6,38.05,38.05,502200
2017-03-27,37.1,38.4,36.4,38.2,38.2,1010600
2017-03-28,38.15,39.15,37.9,39.1,39.1,675200
2017-03-29,38.95,39.5,38.65,39.2,39.2,518300
2017-03-30,39.3,39.9,39.13,39.35,39.35,594400
2017-03-31,39.2,40.33,38.8,40.05,40.05,1003400
2017-04-03,40.3,40.5,38.4,38.6,38.6,826300
2017-04-04,38.55,39.28,38.33,38.7,38.7,905200
2017-04-05,39.35,40.3,38.8,39.2,39.2,1003000
2017-04-06,39.25,40.05,38.9,39.95,39.95,516800
2017-04-07,40.0,40.48,39.35,40.25,40.25,674500
2017-04-10,40.4,42.0,40.25,41.05,41.05,1020800
2017-04-11,40.7,41.7,40.7,41.25,41.25,732100
2017-04-12,41.15,41.15,39.5,39.65,39.65,757200
2017-04-13,40.45,42.35,40.35,41.45,41.45,1176000
2017-04-17,41.3,41.8,40.6,41.75,41.75,733600
2017-04-18,41.45,42.65,41.15,42.35,42.35,794000
2017-04-19,42.55,43.8,42.4,42.95,42.95,1386200
2017-04-20,43.05,43.75,42.65,43.65,43.65,687800
2017-04-21,43.65,43.9,42.85,43.55,43.55,615700
2017-04-24,44.3,44.9,43.75,44.0,44.0,982200
2017-04-25,44.6,44.88,44.05,44.55,44.55,606000
2017-04-26,44.55,45.25,44.15,45.0,45.0,858900
2017-04-27,44.8,45.35,44.45,44.85,44.85,596600
2017-04-28,44.9,45.4,44.15,44.15,44.15,720200
2017-05-01,44.55,45.5,44.13,44.75,44.75,1177700
2017-05-02,44.75,45.15,44.2,44.65,44.65,939100
2017-05-03,44.25,44.45,43.35,44.0,44.0,720200
2017-05-04,43.95,44.28,43.1,43.45,43.45,1003100
2017-05-05,47.0,47.9,45.3,47.15,47.15,2068500
2017-05-08,47.15,47.44,45.5,45.65,45.65,1491900
2017-05-09,45.7,46.1,44.92,45.7,45.7,472800
2017-05-10,45.65,46.25,44.85,44.9,44.9,717200
2017-05-11,44.75,44.98,43.25,44.85,44.85,797300
2017-05-12,44.6,44.85,43.4,43.6,43.6,565500
2017-05-15,43.65,43.86,42.95,43.35,43.35,681000
2017-05-16,43.4,43.5,41.75,42.9,42.9,1433100
2017-05-17,42.1,42.4,41.1,41.1,41.1,811300
2017-05-18,41.0,41.5,39.85,41.15,41.15,858700
2017-05-19,41.45,42.0,41.25,41.45,41.45,817800
2017-05-22,41.75,42.0,41.0,41.8,41.8,600500
2017-05-23,42.0,43.68,41.6,43.1,43.1,1466500
2017-05-24,42.35,42.35,39.9,41.0,41.0,1681100
2017-05-25,41.1,42.05,40.15,40.5,40.5,1024900
2017-05-26,40.35,41.45,40.2,41.3,41.3,872100
2017-05-30,41.0,41.73,41.0,41.55,41.55,1364700
2017-05-31,41.55,42.53,40.75,42.4,42.4,1335700
2017-06-01,42.45,43.8,42.2,43.55,43.55,1022400
2017-06-02,43.65,44.8,43.45,44.0,44.0,741600
2017-06-05,44.0,44.1,42.8,42.95,42.95,621100
2017-06-06,42.45,43.4,41.7,42.95,42.95,490600
2017-06-07,43.1,43.9,42.74,43.7,43.7,879600
2017-06-08,43.7,45.65,43.6,45.15,45.15,831600
2017-06-09,45.2,45.75,44.9,45.35,45.35,1000200
2017-06-12,45.45,45.65,44.48,45.1,45.1,525100
2017-06-13,45.1,46.0,44.7,45.5,45.5,370000
2017-06-14,45.55,45.55,44.5,44.9,44.9,494600
2017-06-15,44.0,44.53,43.25,44.48,44.48,714000
2017-06-16,44.2,45.14,44.2,44.65,44.65,700000
2017-06-19,44.9,46.05,44.9,45.6,45.6,835700
2017-06-20,45.25,45.4,43.9,44.45,44.45,569700
2017-06-21,44.7,45.0,43.3,43.45,43.45,543300
2017-06-22,43.5,44.2,43.25,43.8,43.8,407200
2017-06-23,43.8,44.65,43.1,44.4,44.4,422800
2017-06-26,44.6,45.55,44.25,45.1,45.1,538300
2017-06-27,45.1,45.4,44.5,44.65,44.65,417700
2017-06-28,45.0,46.35,44.8,45.0,45.0,635000
2017-06-29,45.2,45.3,43.45,44.05,44.05,394600
2017-06-30,44.25,45.65,44.15,45.15,45.15,475900
2017-07-03,45.3,45.8,44.6,45.55,45.55,210100
2017-07-05,45.45,45.6,44.7,45.3,45.3,387200
2017-07-06,45.1,46.25,44.8,45.3,45.3,652200
2017-07-07,45.4,46.0,44.8,45.9,45.9,414000
2017-07-10,45.65,46.0,45.25,45.6,45.6,397200
2017-07-11,45.65,46.2,45.4,45.5,45.5,399900
2017-07-12,46.05,46.85,45.55,45.65,45.65,341700
2017-07-13,45.75,46.0,45.45,45.9,45.9,545500
2017-07-14,45.75,46.2,45.5,45.7,45.7,347100
2017-07-17,45.55,46.2,45.05,46.15,46.15,481700
2017-07-18,45.95,46.0,44.4,45.05,45.05,459300
2017-07-19,45.2,46.2,45.1,46.15,46.15,421700
2017-07-20,46.15,46.25,44.85,45.65,45.65,756800
2017-07-21,45.85,45.85,45.1,45.3,45.3,407200
2017-07-24,46.95,47.5,46.0,46.85,46.85,869300
2017-07-25,47.3,47.4,46.3,46.35,46.35,668300
2017-07-26,46.35,46.35,45.75,46.2,46.2,503800
2017-07-27,46.4,47.0,46.09,46.5,46.5,502800
2017-07-28,46.4,46.6,45.98,46.15,46.15,374400
2017-07-31,46.25,46.5,45.7,46.2,46.2,446200
2017-08-01,46.3,46.7,46.0,46.35,46.35,590800
2017-08-02,46.3,46.7,45.3,45.6,45.6,605600
2017-08-03,45.65,46.25,44.85,45.75,45.75,1323100
2017-08-04,49.0,49.5,41.85,42.85,42.85,3248900
2017-08-07,43.0,45.25,43.0,44.65,44.65,2042400
2017-08-08,44.6,44.6,42.75,43.15,43.15,1417300
2017-08-09,42.95,43.35,42.15,43.1,43.1,826800
2017-08-10,42.7,42.86,40.7,41.1,41.1,1322800
2017-08-11,40.65,41.71,40.0,40.25,40.25,1507500
2017-08-14,40.65,41.55,40.3,40.55,40.55,842900
2017-08-15,40.65,40.9,40.0,40.0,40.0,875900
2017-08-16,40.1,40.4,38.6,38.75,38.75,1274800
2017-08-17,38.7,39.9,38.4,39.2,39.2,1233300
2017-08-18,39.25,40.15,39.0,39.65,39.65,1267900
2017-08-21,39.75,39.9,39.2,39.3,39.3,982600
2017-08-22,39.4,39.65,39.15,39.45,39.45,842000
2017-08-23,39.16,40.2,39.16,39.9,39.9,817700
2017-08-24,40.05,40.58,39.55,40.35,40.35,861200
2017-08-25,40.3,40.45,39.65,39.7,39.7,818000
2017-08-28,40.0,40.1,39.55,39.75,39.75,853500
2017-08-29,39.4,40.65,39.25,40.45,40.45,1116900
2017-08-30,39.4,40.95,39.3,40.05,40.05,1410500
2017-08-31,40.2,40.9,40.05,40.8,40.8,857800
2017-09-01,41.0,42.0,40.86,41.95,41.95,829100
2017-09-05,41.9,42.1,40.35,40.45,40.45,957600
2017-09-06,40.6,40.85,39.5,39.7,39.7,1461200
2017-09-07,39.8,39.8,39.2,39.5,39.5,669600
2017-09-08,39.5,40.25,39.3,40.15,40.15,659500
2017-09-11,40.45,41.3,40.4,40.9,40.9,753400
2017-09-12,42.5,43.8,41.7,43.15,43.15,1248600
2017-09-13,43.0,43.15,42.3,43.05,43.05,742000
2017-09-14,42.95,44.11,42.9,43.9,43.9,1043900
2017-09-15,44.1,44.4,42.95,43.85,43.85,1112400
2017-09-18,43.9,44.8,43.9,44.6,44.6,1003000
2017-09-19,44.8,46.05,44.6,46.05,46.05,1042700
2017-09-20,46.0,46.15,45.15,45.45,45.45,1085100
2017-09-21,45.65,46.2,45.59,45.7,45.7,546600
2017-09-22,45.7,46.2,45.6,45.9,45.9,799900
2017-09-25,45.75,46.2,45.3,45.7,45.7,892600
2017-09-26,45.85,46.6,45.65,46.5,46.5,692400
2017-09-27,46.65,47.45,46.5,46.9,46.9,841200
2017-09-28,46.95,47.2,45.5,46.7,46.7,586100
2017-09-29,46.65,47.05,46.22,46.4,46.4,571400
2017-10-02,46.35,46.7,45.76,46.7,46.7,740700
2017-10-03,46.7,47.11,46.1,46.35,46.35,888100
2017-10-04,46.3,46.4,45.78,46.05,46.05,509500
2017-10-05,46.05,46.32,45.73,45.95,45.95,792700
2017-10-06,45.75,46.1,45.55,45.95,45.95,793300
2017-10-09,45.9,46.1,44.9,45.25,45.25,625500
2017-10-10,45.7,45.75,44.05,44.5,44.5,1265200
2017-10-11,44.5,44.75,43.88,44.2,44.2,768600
2017-10-12,44.0,44.25,43.3,43.5,43.5,1351800
2017-10-13,43.7,43.7,41.7,42.25,42.25,1804600
2017-10-16,42.75,45.6,42.6,43.8,43.8,2083500
2017-10-17,43.65,44.1,42.9,43.25,43.25,872800
2017-10-18,43.3,43.95,43.1,43.35,43.35,841000
2017-10-19,42.55,43.1,41.9,41.95,41.95,1389400
2017-10-20,42.35,42.95,40.65,42.9,42.9,1438800
2017-10-23,42.95,43.1,42.2,42.35,42.35,635200
2017-10-24,42.5,42.67,42.0,42.15,42.15,712500
2017-10-25,41.95,43.35,41.8,43.05,43.05,1028000
2017-10-26,43.05,44.15,42.8,44.05,44.05,960300
2017-10-27,43.86,44.9,43.8,44.55,44.55,1038800
2017-10-30,44.55,44.7,43.75,43.95,43.95,726100
2017-10-31,44.3,44.5,43.5,43.55,43.55,712100
2017-11-01,44.15,44.15,42.6,42.8,42.8,605500
2017-11-02,42.55,42.55,41.4,41.7,41.7,1410900
2017-11-03,43.25,44.3,42.15,42.85,42.85,2610600
2017-11-06,44.3,45.03,43.75,44.95,44.95,1524900
2017-11-07,45.1,45.1,43.51,43.65,43.65,1269600
2017-11-08,43.2,43.45,42.1,43.35,43.35,865400
2017-11-09,42.55,43.75,42.45,43.1,43.1,852600
2017-11-10,42.95,43.45,42.6,42.9,42.9,566300
2017-11-13,42.55,42.8,42.05,42.45,42.45,613300
2017-11-14,42.2,42.33,41.1,41.15,41.15,828100
2017-11-15,40.9,41.05,39.83,39.93,39.93,1485700
2017-11-16,40.0,40.5,39.95,40.25,40.25,1521300
2017-11-17,40.35,40.8,39.95,40.6,40.6,858700
2017-11-20,40.65,42.0,40.65,41.6,41.6,1295500
2017-11-21,42.0,43.1,40.85,42.3,42.3,866600
2017-11-22,42.45,42.85,42.05,42.25,42.25,827700
2017-11-24,42.4,42.6,41.8,42.2,42.2,208800
2017-11-27,42.15,42.48,41.6,41.65,41.65,468800
2017-11-28,41.75,42.75,41.7,42.7,42.7,673800
2017-11-29,42.85,44.6,42.75,44.25,44.25,1535600
2017-11-30,44.65,45.65,44.2,44.85,44.85,1307200
2017-12-01,44.95,45.4,43.45,44.85,44.85,1090500
2017-12-04,45.15,46.43,45.15,45.75,45.75,1836700
2017-12-05,45.65,46.7,44.95,45.0,45.0,1220500
2017-12-06,44.65,46.65,44.55,46.5,46.5,1662800
2017-12-07,46.3,46.95,45.9,46.0,46.0,1503100
2017-12-08,46.4,48.0,46.05,47.45,47.45,1258200
2017-12-11,47.46,47.6,46.75,46.85,46.85,1098200
2017-12-12,47.1,47.65,46.53,46.6,46.6,700300
2017-12-13,46.85,47.5,46.3,46.65,46.65,1006800
2017-12-14,46.6,46.75,45.0,45.35,45.35,1336600
2017-12-15,45.7,46.7,45.45,46.2,46.2,1189800
2017-12-18,46.4,47.1,45.7,47.0,47.0,1455300
2017-12-19,47.4,47.7,46.85,46.9,46.9,871700
2017-12-20,46.85,49.24,46.83,48.9,48.9,2007200
2017-12-21,49.1,51.2,48.9,50.7,50.7,1845300
2017-12-22,50.9,51.1,49.9,50.25,50.25,956500
2017-12-26,50.25,50.75,49.7,49.85,49.85,773400
2017-12-27,49.9,50.15,49.2,49.8,49.8,582900
2017-12-28,50.05,50.25,49.25,49.65,49.65,571800
2017-12-29,49.8,49.88,48.95,48.95,48.95,440500
2018-01-02,49.65,50.95,49.45,50.05,50.05,813100
2018-01-03,50.25,50.5,49.55,49.85,49.85,675000
2018-01-04,50.4,50.55,49.38,49.9,49.9,737100
2018-01-05,50.1,50.1,49.3,49.7,49.7,543600
2018-01-08,49.55,50.6,49.4,50.45,50.45,731400
2018-01-09,50.5,50.9,49.85,49.95,49.95,615000
2018-01-10,49.7,50.4,49.55,49.9,49.9,751000
2018-01-11,50.25,51.7,50.0,51.6,51.6,765400
2018-01-12,51.9,52.65,51.6,52.5,52.5,722600
2018-01-16,53.1,53.4,51.1,51.15,51.15,907600
2018-01-17,51.45,52.05,50.8,51.9,51.9,818200
2018-01-18,52.35,52.88,51.55,52.05,52.05,752900
2018-01-19,52.2,53.4,51.8,53.3,53.3,777700
2018-01-22,53.4,54.25,52.98,53.85,53.85,650000
2018-01-23,53.85,53.95,53.05,53.25,53.25,497300
2018-01-24,53.75,54.0,52.35,52.8,52.8,629900
2018-01-25,53.3,53.6,51.9,52.75,52.75,625300
2018-01-26,53.15,53.6,52.35,53.25,53.25,675700
2018-01-29,53.1,54.6,52.97,53.9,53.9,890800
2018-01-30,53.15,54.0,52.45,53.65,53.65,839600
2018-01-31,54.2,54.7,53.2,53.4,53.4,768200
2018-02-01,53.3,55.53,53.15,54.75,54.75,1117600
2018-02-02,54.25,54.8,53.25,53.35,53.35,915100
2018-02-05,52.8,53.75,50.8,50.9,50.9,766100
2018-02-06,49.75,52.55,49.0,52.25,52.25,1192800
2018-02-07,52.1,52.9,51.7,52.1,52.1,549800
2018-02-08,52.1,52.49,49.2,49.3,49.3,1064600
2018-02-09,50.05,50.25,47.58,49.0,49.0,1215500
2018-02-12,49.15,50.1,48.1,49.6,49.6,1130200
2018-02-13,49.4,50.15,48.7,48.75,48.75,848300
2018-02-14,48.3,50.0,48.16,49.9,49.9,682200
2018-02-15,50.45,50.7,49.3,50.6,50.6,583100
2018-02-16,50.35,51.35,50.2,51.0,51.0,722900
2018-02-20,50.75,51.8,50.15,50.25,50.25,526900
2018-02-21,50.5,51.65,50.5,50.65,50.65,840700
2018-02-22,51.05,52.78,50.65,52.65,52.65,1442000
2018-02-23,53.0,53.7,52.05,52.7,52.7,1136900
2018-02-26,52.7,53.05,51.5,52.75,52.75,934000
2018-02-27,52.75,53.4,51.15,51.45,51.45,1781200
2018-02-28,51.85,53.45,50.6,50.95,50.95,2564300
2018-03-01,50.55,50.65,48.3,49.6,49.6,2500800
2018-03-02,48.95,49.65,48.65,49.25,49.25,996900
2018-03-05,48.8,50.05,48.8,49.6,49.6,861800
2018-03-06,49.7,50.0,48.75,49.75,49.75,854200
2018-03-07,49.15,51.2,49.15,51.1,51.1,974500
2018-03-08,51.25,51.5,50.3,51.15,51.15,843100
2018-03-09,51.65,51.98,51.25,51.5,51.5,578400
2018-03-12,51.55,52.2,51.4,51.8,51.8,513700
2018-03-13,52.0,52.78,51.65,51.9,51.9,510200
2018-03-14,52.2,52.45,50.1,50.85,50.85,780400
2018-03-15,51.1,51.3,49.15,49.25,49.25,1717200
2018-03-16,49.25,50.25,49.23,49.9,49.9,1426000
2018-03-19,49.75,50.15,49.05,49.75,49.75,1107800
2018-03-20,49.9,49.9,48.2,48.3,48.3,783800
2018-03-21,48.3,50.3,48.2,49.45,49.45,638000
2018-03-22,49.3,50.1,46.95,47.05,47.05,1237900
2018-03-23,47.35,47.63,45.2,45.2,45.2,1508500
2018-03-26,45.8,46.6,44.72,46.5,46.5,1308000
2018-03-27,46.65,46.8,45.7,45.95,45.95,1120300
2018-03-28,45.75,46.1,44.7,45.5,45.5,1077100
2018-03-29,46.05,47.75,46.05,47.05,47.05,1489200
2018-04-02,46.6,47.9,46.35,47.05,47.05,1477100
2018-04-03,47.25,47.95,46.4,47.9,47.9,1017100
2018-04-04,46.75,47.5,46.3,47.3,47.3,978000
2018-04-05,47.7,47.9,47.05,47.45,47.45,519100
2018-04-06,46.95,47.6,45.53,46.55,46.55,762100
2018-04-09,46.8,46.9,45.75,45.8,45.8,625500
2018-04-10,46.65,46.65,45.75,46.1,46.1,890400
2018-04-11,45.75,46.2,45.05,45.85,45.85,576600
2018-04-12,46.6,46.9,45.85,45.95,45.95,735100
2018-04-13,46.15,46.2,44.93,45.2,45.2,824900
2018-04-16,45.5,46.2,44.98,46.15,46.15,563300
2018-04-17,46.6,46.85,46.2,46.65,46.65,493600
2018-04-18,46.75,46.95,45.85,46.6,46.6,391000
2018-04-19,46.7,46.7,44.95,45.4,45.4,582600
2018-04-20,45.3,45.75,44.45,44.55,44.55,984400
2018-04-23,44.75,45.5,44.5,44.9,44.9,775000
2018-04-24,45.25,46.55,44.65,45.25,45.25,970400
2018-04-25,45.3,45.75,44.95,45.55,45.55,621500
2018-04-26,45.8,45.9,44.8,45.55,45.55,1011100
2018-04-27,45.55,45.95,44.9,45.0,45.0,1127300
2018-04-30,45.2,45.5,43.9,44.0,44.0,1198500
2018-05-01,46.55,47.35,45.25,46.8,46.8,2399800
2018-05-02,46.85,46.85,45.5,46.1,46.1,1398000
2018-05-03,46.0,46.45,44.53,45.4,45.4,1144600
2018-05-04,45.05,45.75,44.85,45.55,45.55,1048900
2018-05-07,45.85,46.5,45.4,45.8,45.8,761700
2018-05-08,45.95,47.75,45.9,47.65,47.65,1006300
2018-05-09,48.05,48.6,47.5,48.4,48.4,710300
2018-05-10,48.55,49.0,47.85,48.65,48.65,567000
2018-05-11,48.65,49.25,48.35,48.45,48.45,381600
2018-05-14,48.85,49.5,48.7,48.95,48.95,540000
2018-05-15,48.7,49.3,48.45,48.85,48.85,477600
2018-05-16,49.15,51.25,48.75,50.45,50.45,1116800
2018-05-17,50.35,50.55,49.2,49.45,49.45,575400
2018-05-18,49.5,49.8,49.27,49.35,49.35,769900
2018-05-21,49.5,50.55,49.5,50.5,50.5,605300
2018-05-22,49.5,50.05,48.45,48.6,48.6,937600
2018-05-23,48.1,48.15,46.7,47.7,47.7,1372200
2018-05-24,47.65,47.9,46.85,47.6,47.6,622900
2018-05-25,47.3,47.9,47.2,47.8,47.8,431700
2018-05-29,47.6,48.2,47.35,47.75,47.75,717400
2018-05-30,48.0,48.63,47.65,47.9,47.9,899100
2018-05-31,47.6,47.95,46.45,46.65,46.65,795600
2018-06-01,47.05,48.4,46.9,47.9,47.9,826500
2018-06-04,48.2,50.2,48.2,49.15,49.15,996800
2018-06-05,49.35,50.85,49.35,50.6,50.6,1120800
2018-06-06,50.75,51.45,50.4,51.1,51.1,699100
2018-06-07,51.35,51.55,50.65,50.85,50.85,528000
2018-06-08,50.9,51.05,50.18,50.3,50.3,847900
2018-06-11,50.3,50.31,49.45,49.75,49.75,1057600
2018-06-12,50.05,50.05,48.95,49.15,49.15,1325500
2018-06-13,49.15,50.53,48.5,50.3,50.3,942800
2018-06-14,50.35,51.1,50.1,50.8,50.8,827300
2018-06-15,50.55,52.2,50.35,52.15,52.15,1129200
2018-06-18,51.65,53.6,51.65,53.5,53.5,1082600
2018-06-19,52.7,53.5,52.45,53.3,53.3,764900
2018-06-20,53.45,54.7,52.95,54.5,54.5,965300
2018-06-21,54.4,54.55,53.3,53.6,53.6,785600
2018-06-22,54.3,54.3,51.93,52.1,52.1,1695500
2018-06-25,51.75,51.75,50.43,50.75,50.75,887900
2018-06-26,50.85,51.55,50.35,51.15,51.15,415700
2018-06-27,51.25,51.6,50.55,50.7,50.7,481300
2018-06-28,50.65,50.65,49.25,50.1,50.1,781200
2018-06-29,50.25,51.7,50.25,50.75,50.75,1089600
2018-07-02,50.25,51.09,50.15,51.0,51.0,461400
2018-07-03,51.3,51.75,50.55,50.65,50.65,322800
2018-07-05,51.0,51.8,50.45,51.7,51.7,431800
2018-07-06,51.6,52.9,51.53,52.45,52.45,362500
2018-07-09,52.65,53.3,52.2,53.15,53.15,527000
2018-07-10,53.2,53.45,52.6,53.2,53.2,500700
2018-07-11,52.65,53.05,51.85,51.95,51.95,439200
2018-07-12,52.15,52.2,50.7,51.35,51.35,885000
2018-07-13,51.5,52.3,50.95,51.95,51.95,640700
2018-07-16,51.9,52.3,50.3,50.6,50.6,839900
2018-07-17,50.15,51.55,50.15,50.8,50.8,485300
2018-07-18,50.75,51.9,50.55,51.2,51.2,748500
2018-07-19,50.95,52.3,50.95,52.15,52.15,471200
2018-07-20,52.0,52.15,51.1,51.3,51.3,289400
2018-07-23,51.1,51.78,50.85,51.25,51.25,482700
2018-07-24,51.15,51.45,49.95,50.1,50.1,642900
2018-07-25,49.45,49.5,46.75,48.85,48.85,1991300
2018-07-26,48.9,49.95,48.68,48.85,48.85,1146500
2018-07-27,49.05,49.45,47.65,47.8,47.8,1064500
2018-07-30,48.05,48.05,45.65,45.8,45.8,2299500
2018-07-31,46.0,46.6,45.4,46.55,46.55,925100
2018-08-01,46.4,47.55,45.9,47.4,47.4,1476700
2018-08-02,46.75,48.1,46.3,47.35,47.35,1668200
2018-08-03,44.4,48.8,44.3,46.7,46.7,2848200
2018-08-06,47.05,47.2,45.4,46.45,46.45,1375100
2018-08-07,47.75,47.9,46.1,46.5,46.5,1180000
2018-08-08,46.3,46.45,45.0,45.7,45.7,1141400
2018-08-09,45.6,46.8,44.8,46.5,46.5,1364600
2018-08-10,46.2,47.4,45.55,46.95,46.95,781700
2018-08-13,46.25,46.25,43.55,43.75,43.75,3480900
2018-08-14,43.85,45.5,43.75,45.45,45.45,1447500
2018-08-15,44.95,45.35,44.1,44.6,44.6,988000
2018-08-16,44.35,44.65,40.8,42.1,42.1,5042200
2018-08-17,42.15,43.7,41.75,43.3,43.3,2135800
2018-08-20,43.15,44.5,43.15,44.35,44.35,1627300
2018-08-21,44.35,45.2,43.15,43.3,43.3,1336300
2018-08-22,43.15,43.3,42.4,42.85,42.85,1165700
2018-08-23,42.9,43.55,42.75,43.1,43.1,1039400
2018-08-24,43.45,43.45,41.8,42.05,42.05,944200
2018-08-27,42.0,42.75,41.85,42.35,42.35,894400
2018-08-28,42.55,43.65,42.45,42.5,42.5,564500
2018-08-29,42.5,45.35,42.2,44.9,44.9,2867500
2018-08-30,45.3,45.9,43.6,44.2,44.2,1841400
2018-08-31,43.75,44.25,42.85,43.8,43.8,1019500
2018-09-04,43.4,43.6,42.45,43.1,43.1,1000100
2018-09-05,42.9,43.1,42.35,42.5,42.5,1002500
2018-09-06,42.45,42.75,40.8,40.95,40.95,1064300
2018-09-07,40.75,41.15,40.2,40.65,40.65,1038300
2018-09-10,40.95,43.15,40.85,42.8,42.8,1858600
2018-09-11,43.6,44.9,42.8,43.15,43.15,1378900
2018-09-12,42.95,45.4,42.95,44.65,44.65,1400500
2018-09-13,44.85,45.7,42.8,43.0,43.0,1662400
2018-09-14,42.9,43.05,42.05,42.85,42.85,760600
2018-09-17,42.95,43.65,42.65,43.1,43.1,573900
2018-09-18,43.25,43.4,42.65,42.8,42.8,846400
2018-09-19,43.05,43.65,42.5,43.3,43.3,1214100
2018-09-20,43.65,45.95,43.3,45.7,45.7,2588900
2018-09-21,45.8,46.65,45.5,45.8,45.8,1644200
2018-09-24,45.95,46.2,44.9,45.4,45.4,658000
2018-09-25,45.45,45.75,44.68,44.95,44.95,1620500
2018-09-26,44.7,44.95,43.75,43.9,43.9,722600
2018-09-27,44.0,44.65,43.7,44.35,44.35,720400
2018-09-28,44.0,45.05,44.0,44.65,44.65,670500
2018-10-01,44.89,44.95,43.54,43.8,43.8,774900
2018-10-02,43.87,44.31,43.7,44.0,44.0,627500
2018-10-03,44.23,44.71,42.15,43.63,43.63,1689500
2018-10-04,43.47,43.47,41.08,41.63,41.63,1708100
2018-10-05,41.63,42.96,41.01,41.73,41.73,1650400
2018-10-08,41.57,42.58,41.0,42.36,42.36,716500
2018-10-09,42.33,42.87,42.06,42.4,42.4,549400
2018-10-10,42.21,42.63,41.44,41.48,41.48,996900
2018-10-11,40.91,41.93,40.69,41.14,41.14,1163700
2018-10-12,41.88,42.24,40.63,41.41,41.41,765700
2018-10-15,41.81,42.72,41.11,42.21,42.21,852200
2018-10-16,42.74,43.17,42.15,43.15,43.15,977100
2018-10-17,43.21,43.35,42.32,43.1,43.1,718200
2018-10-18,42.76,43.72,42.76,43.05,43.05,899700
2018-10-19,43.14,43.68,42.76,43.04,43.04,1253100
2018-10-22,43.42,43.79,43.07,43.5,43.5,844100
2018-10-23,42.66,43.6,42.41,42.58,42.58,1043500
2018-10-24,42.8,43.19,40.02,40.13,40.13,852800
2018-10-25,40.94,42.84,40.38,42.14,42.14,1048400
2018-10-26,41.48,42.18,40.63,41.23,41.23,1108300
2018-10-29,41.86,42.47,40.43,41.02,41.02,745100
2018-10-30,40.81,43.11,40.72,43.06,43.06,916800
2018-10-31,43.46,44.04,43.14,43.51,43.51,1104000
2018-11-01,43.89,45.2,43.3,45.1,45.1,1819300
2018-11-02,49.9,51.77,47.33,47.73,47.73,5960100
2018-11-05,48.45,49.04,47.76,48.78,48.78,1609400
2018-11-06,48.68,48.98,47.68,48.23,48.23,991600
2018-11-07,48.62,49.35,47.42,48.96,48.96,1111400
2018-11-08,51.01,51.07,49.87,50.67,50.67,5163600
2018-11-09,49.22,50.75,48.38,49.74,49.74,13817900
2018-11-12,49.57,49.58,46.06,46.68,46.68,2136700
2018-11-13,46.81,47.53,45.36,45.63,45.63,1276900
2018-11-14,46.08,46.21,45.01,46.0,46.0,1716600
2018-11-15,45.75,46.45,45.42,46.45,46.45,875000
2018-11-16,45.93,47.22,45.93,47.12,47.12,968200
2018-11-19,46.85,46.86,44.42,44.75,44.75,1457700
2018-11-20,44.12,44.12,41.8,42.18,42.18,2196300
2018-11-21,42.53,43.88,42.18,43.29,43.29,999000
2018-11-23,42.68,44.46,42.65,43.59,43.59,648300
2018-11-26,43.92,45.33,43.92,45.3,45.3,984100
2018-11-27,45.07,45.75,44.96,45.57,45.57,959200
2018-11-28,45.72,45.77,44.12,45.31,45.31,1246400
2018-11-29,45.33,45.53,44.6,44.89,44.89,545900
2018-11-30,44.7,45.5,44.7,45.09,45.09,1094400
2018-12-03,45.85,46.32,45.16,45.39,45.39,1097600
2018-12-04,45.2,45.49,42.28,42.73,42.73,1381300
2018-12-06,41.98,42.66,41.35,42.64,42.64,1589400
2018-12-07,42.61,42.93,40.75,40.86,40.86,1296300
2018-12-10,40.55,41.43,40.33,41.02,41.02,1136700
2018-12-11,41.86,41.94,39.97,40.25,40.25,946200
2018-12-12,41.14,41.97,40.77,40.9,40.9,771900
2018-12-13,41.31,41.59,40.52,40.67,40.67,743600
2018-12-14,40.22,40.72,39.44,39.5,39.5,1678000
2018-12-17,39.33,39.57,38.03,38.33,38.33,1468500
2018-12-18,38.82,39.99,38.68,39.4,39.4,1169900
2018-12-19,39.43,40.78,39.0,39.28,39.28,1215700
2018-12-20,39.09,40.45,37.24,38.06,38.06,1230300
2018-12-21,38.23,39.54,37.46,37.73,37.73,1887800
2018-12-24,37.28,38.93,37.25,37.83,37.83,716200
2018-12-26,37.85,40.65,37.56,40.58,40.58,1007000
2018-12-27,39.5,40.57,38.87,40.55,40.55,835600
2018-12-28,40.55,41.02,39.89,40.15,40.15,707900
2018-12-31,40.25,41.25,39.93,40.56,40.56,748800
2019-01-02,39.63,41.04,39.3,40.88,40.88,758800
2019-01-03,40.71,40.94,39.59,40.05,40.05,666300
2019-01-04,41.05,43.05,40.81,42.69,42.69,1093700
2019-01-07,42.59,44.33,42.01,43.92,43.92,1039500
2019-01-08,44.55,44.63,43.5,44.3,44.3,857400
2019-01-09,44.62,45.51,44.0,44.88,44.88,669000
2019-01-10,44.55,46.05,44.17,45.78,45.78,1347100
2019-01-11,45.42,45.6,44.78,45.37,45.37,801700
2019-01-14,44.91,45.75,44.46,44.96,44.96,763400
2019-01-15,45.04,45.39,44.62,44.83,44.83,426300
2019-01-16,44.89,45.46,44.64,45.24,45.24,607700
2019-01-17,44.89,45.55,44.36,44.76,44.76,1052200
2019-01-18,45.21,46.62,44.98,46.54,46.54,1347600
2019-01-22,46.07,47.29,45.2,45.64,45.64,860700
2019-01-23,46.19,46.53,42.73,43.22,43.22,1594300
2019-01-24,43.36,44.9,43.36,44.65,44.65,725100
2019-01-25,45.07,45.44,44.25,45.21,45.21,746700
2019-01-28,44.7,45.74,44.3,45.56,45.56,871200
2019-01-29,45.74,45.74,44.06,44.29,44.29,929500
2019-01-30,44.29,44.85,42.94,44.48,44.48,1005700
2019-01-31,44.53,45.09,44.06,44.38,44.38,691700
2019-02-01,44.31,44.35,43.05,43.19,43.19,925600
2019-02-04,42.97,43.05,41.68,42.39,42.39,1299100
2019-02-05,42.57,43.04,42.57,43.03,43.03,668700
2019-02-06,43.11,43.49,42.59,42.66,42.66,517000
2019-02-07,42.31,42.53,41.24,41.29,41.29,846700
2019-02-08,41.1,41.6,40.51,41.4,41.4,649600
2019-02-11,41.45,41.73,40.65,41.58,41.58,683100
2019-02-12,41.8,42.98,41.75,42.84,42.84,803100
2019-02-13,43.0,43.54,42.93,43.31,43.31,767100
2019-02-14,43.01,43.64,42.81,43.14,43.14,1365300
2019-02-15,43.57,43.88,42.99,43.46,43.46,656600
2019-02-19,43.19,43.97,42.72,43.73,43.73,652100
2019-02-20,43.72,44.54,43.58,44.5,44.5,734200
2019-02-21,44.54,45.48,44.29,44.37,44.37,906100
2019-02-22,44.59,45.39,44.41,44.6,44.6,605200
2019-02-25,44.8,45.61,44.53,45.35,45.35,654400
2019-02-26,45.25,45.74,44.62,44.66,44.66,688000
2019-02-27,43.3,44.0,42.77,42.87,42.87,1946500
2019-02-28,42.91,43.56,42.77,43.18,43.18,1324600
2019-03-01,46.4,47.22,44.73,46.89,46.89,2851900
2019-03-04,47.33,48.05,46.8,47.12,47.12,1531400
2019-03-05,47.32,47.98,47.11,47.61,47.61,1100200
2019-03-06,47.8,48.0,47.22,47.26,47.26,1046700
2019-03-07,47.15,47.15,46.09,46.65,46.65,849200
2019-03-08,46.19,46.5,45.85,46.02,46.02,850500
2019-03-11,45.95,46.9,45.47,46.76,46.76,1037400
2019-03-12,46.91,47.91,46.82,47.68,47.68,876700
2019-03-13,48.0,48.22,47.46,47.71,47.71,980700
2019-03-14,47.49,47.78,47.16,47.21,47.21,811700
2019-03-15,47.25,47.93,47.02,47.65,47.65,1284300
2019-03-18,47.72,48.35,47.41,48.04,48.04,415200
2019-03-19,48.24,48.77,47.31,47.47,47.47,867600
2019-03-20,47.37,47.55,46.41,47.0,47.0,535900
2019-03-21,46.98,48.43,46.92,47.77,47.77,1251500
2019-03-22,47.46,47.59,45.29,45.38,45.38,1058700
2019-03-25,45.38,45.86,44.55,45.72,45.72,721400
2019-03-26,45.93,46.71,45.68,46.17,46.17,699000
2019-03-27,46.16,46.49,45.47,46.14,46.14,861600
2019-03-28,46.3,47.33,46.19,47.22,47.22,742100
2019-03-29,47.65,48.35,47.56,48.1,48.1,1020500
2019-04-01,48.51,49.01,48.0,48.68,48.68,962500
2019-04-02,48.6,49.16,48.38,49.01,49.01,606600
2019-04-03,49.34,49.99,49.02,49.5,49.5,906000
2019-04-04,49.56,50.46,49.34,49.8,49.8,663900
2019-04-05,50.22,50.69,49.84,50.34,50.34,704600
2019-04-08,50.0,50.79,49.41,50.71,50.71,587100
2019-04-09,50.29,50.48,49.49,49.58,49.58,641800
2019-04-10,49.67,50.59,49.58,50.44,50.44,420400
2019-04-11,50.42,50.87,50.16,50.66,50.66,355500
2019-04-12,51.0,51.82,50.81,51.51,51.51,610300
2019-04-15,51.33,52.15,51.02,51.55,51.55,606600
2019-04-16,51.78,52.79,51.55,52.27,52.27,616600
2019-04-17,52.69,52.78,51.83,52.17,52.17,570000
2019-04-18,52.15,52.72,51.37,51.87,51.87,845000
2019-04-22,51.75,52.41,51.4,52.35,52.35,510400
2019-04-23,52.36,53.14,51.85,52.53,52.53,602700
2019-04-24,52.54,53.1,52.45,52.61,52.61,610900
2019-04-25,52.18,52.18,50.47,51.18,51.18,829200
2019-04-26,51.35,51.53,50.69,51.19,51.19,613700
2019-04-29,51.4,51.76,50.71,51.37,51.37,745800
2019-04-30,51.54,51.54,50.44,50.65,50.65,1315700
2019-05-01,51.0,51.37,50.14,50.89,50.89,988700
2019-05-02,51.05,51.4,49.61,50.21,50.21,1270900
2019-05-03,53.1,53.8,49.13,49.9,49.9,2081200
2019-05-06,48.91,51.81,48.55,51.64,51.64,1297100
2019-05-07,51.32,51.96,50.74,51.24,51.24,1247400
2019-05-08,51.34,51.77,50.71,51.49,51.49,862200
2019-05-09,50.99,51.27,49.81,51.06,51.06,647900
2019-05-10,50.75,51.38,50.1,51.27,51.27,923000
2019-05-13,50.06,50.3,47.4,47.7,47.7,936000
2019-05-14,47.8,48.82,47.8,48.37,48.37,516700
2019-05-15,47.9,48.29,47.17,47.87,47.87,701800
2019-05-16,47.94,48.64,47.94,48.27,48.27,667000
2019-05-17,47.68,47.81,46.2,46.32,46.32,910800
2019-05-20,45.91,46.19,45.56,45.84,45.84,759900
2019-05-21,46.36,47.92,46.36,47.8,47.8,749300
2019-05-22,47.5,47.89,47.18,47.31,47.31,479600
2019-05-23,46.59,46.71,45.52,45.75,45.75,574200
2019-05-24,46.17,46.51,45.66,46.05,46.05,330500
2019-05-28,46.49,47.34,46.26,46.35,46.35,442800
2019-05-29,45.99,46.82,45.55,46.67,46.67,499300
2019-05-30,46.83,48.25,46.83,47.54,47.54,931100
2019-05-31,46.78,47.38,45.99,46.49,46.49,553200
2019-06-03,46.48,47.27,46.38,47.11,47.11,619400
2019-06-04,47.82,49.87,47.82,49.83,49.83,741400
2019-06-05,50.0,50.67,48.7,49.56,49.56,473800
2019-06-06,49.56,49.95,48.88,49.55,49.55,338700
2019-06-07,49.54,50.18,49.05,49.65,49.65,400200
2019-06-10,49.99,50.48,48.98,49.13,49.13,625500
2019-06-11,49.8,49.83,49.06,49.3,49.3,497600
2019-06-12,49.04,49.29,48.53,48.84,48.84,368500
2019-06-13,49.19,49.37,48.52,48.71,48.71,553000
2019-06-14,48.51,48.66,47.97,48.42,48.42,388300
2019-06-17,48.5,48.54,47.54,47.56,47.56,606400
2019-06-18,48.0,48.83,47.68,48.1,48.1,559400
2019-06-19,48.17,48.72,47.94,48.44,48.44,618800
2019-06-20,49.22,49.78,48.49,48.81,48.81,661700
2019-06-21,48.48,48.55,47.95,48.03,48.03,867100
2019-06-24,48.25,49.15,47.85,48.0,48.0,411300
2019-06-25,47.95,48.27,47.65,47.66,47.66,462200
2019-06-26,47.93,49.04,47.74,48.82,48.82,640700
2019-06-27,49.13,49.42,48.79,49.06,49.06,590500
2019-06-28,49.15,51.63,49.15,51.53,51.53,1090200
2019-07-01,52.17,52.8,51.44,51.77,51.77,709400
2019-07-02,51.57,52.15,51.22,51.91,51.91,397000
2019-07-03,52.28,52.91,51.36,52.13,52.13,602000
2019-07-05,51.56,52.43,51.55,52.22,52.22,436300
2019-07-08,51.97,52.41,51.74,51.89,51.89,353100
2019-07-09,51.5,51.84,50.49,51.41,51.41,389900
2019-07-10,51.73,51.84,50.8,51.21,51.21,251700
2019-07-11,51.34,51.4,50.18,50.87,50.87,441800
2019-07-12,51.11,51.5,50.72,51.3,51.3,274400
2019-07-15,51.45,51.69,50.65,51.29,51.29,314800
2019-07-16,51.22,51.84,50.69,50.86,50.86,371400
2019-07-17,50.55,50.73,50.06,50.28,50.28,280600
2019-07-18,50.28,50.35,49.3,49.46,49.46,534800
2019-07-19,49.49,50.27,49.49,49.78,49.78,374100
2019-07-22,49.93,50.46,49.23,49.31,49.31,719800
2019-07-23,49.6,50.72,49.53,50.65,50.65,893700
2019-07-24,50.48,52.84,50.48,52.75,52.75,641100
2019-07-25,52.76,53.5,51.71,51.76,51.76,610300
2019-07-26,51.77,52.59,51.65,51.92,51.92,453600
2019-07-29,51.84,52.21,51.57,52.06,52.06,493400
2019-07-30,51.62,53.41,51.04,53.34,53.34,737000
2019-07-31,53.42,53.82,51.05,51.32,51.32,951400
2019-08-01,51.09,51.8,49.48,50.09,50.09,1064700
2019-08-02,54.33,58.43,53.14,58.02,58.02,5407900
2019-08-05,57.0,58.98,56.61,57.97,57.97,2263800
2019-08-06,58.44,60.61,58.39,60.12,60.12,2081100
2019-08-07,59.31,60.37,58.37,60.08,60.08,1782900
2019-08-08,60.5,61.31,59.91,60.29,60.29,1101000
2019-08-09,60.27,61.61,60.01,61.28,61.28,1033100
2019-08-12,61.14,61.64,60.05,60.2,60.2,1339600
2019-08-13,60.2,61.54,60.13,61.13,61.13,1049000
2019-08-14,60.18,60.45,58.81,59.02,59.02,941900
2019-08-15,59.52,59.64,58.8,59.08,59.08,871800
2019-08-16,59.57,60.5,59.53,60.37,60.37,811400
2019-08-19,61.35,61.45,60.46,60.84,60.84,584500
2019-08-20,60.82,61.18,60.53,60.99,60.99,555700
2019-08-21,61.55,62.32,61.21,61.94,61.94,732400
2019-08-22,62.16,62.26,61.1,61.16,61.16,542300
2019-08-23,60.62,61.77,59.97,60.51,60.51,527100
2019-08-26,60.98,61.17,60.21,60.61,60.61,540600
2019-08-27,61.29,61.4,59.78,59.83,59.83,717800
2019-08-28,59.76,61.85,59.31,61.49,61.49,637000
2019-08-29,62.16,63.09,61.95,62.75,62.75,576200
2019-08-30,63.22,63.72,62.45,62.87,62.87,657900
2019-09-03,62.47,62.68,61.33,62.05,62.05,834700
2019-09-04,63.42,64.23,63.03,63.58,63.58,1169100
2019-09-05,63.96,64.74,63.35,63.56,63.56,1076200
2019-09-06,63.57,64.37,63.23,63.67,63.67,710400
2019-09-09,64.1,64.7,63.47,64.28,64.28,670100
2019-09-10,64.24,64.98,63.58,64.95,64.95,788900
2019-09-11,65.29,65.57,63.87,64.0,64.0,1202100
2019-09-12,63.94,64.69,63.28,63.63,63.63,863100
2019-09-13,63.92,64.48,63.54,64.18,64.18,620200
2019-09-16,64.3,66.5,64.3,66.36,66.36,1012300
2019-09-17,66.0,66.61,64.51,65.35,65.35,1553800
2019-09-18,65.49,65.7,64.0,64.85,64.85,919900
2019-09-19,64.94,65.29,64.36,64.53,64.53,876100
2019-09-20,64.61,64.68,62.62,63.17,63.17,1487700
2019-09-23,62.75,64.2,62.75,63.67,63.67,536200
2019-09-24,63.71,64.27,63.03,63.67,63.67,471600
2019-09-25,63.52,65.18,63.52,64.99,64.99,571000
2019-09-26,64.9,65.42,64.33,65.08,65.08,424200
2019-09-27,65.25,65.48,64.16,64.5,64.5,518100
2019-09-30,64.35,65.28,63.12,64.93,64.93,535900
2019-10-01,65.42,65.91,63.59,63.61,63.61,621000
2019-10-02,63.06,63.53,62.55,63.23,63.23,606600
2019-10-03,63.05,63.36,62.07,63.19,63.19,592400
2019-10-04,63.13,63.32,62.24,63.31,63.31,828500
2019-10-07,63.31,65.03,63.19,64.32,64.32,872100
2019-10-08,63.71,64.6,63.0,64.03,64.03,661400
2019-10-09,64.73,64.92,64.01,64.25,64.25,432400
2019-10-10,64.3,66.06,64.19,64.8,64.8,904100
2019-10-11,66.0,67.31,65.6,65.68,65.68,754900
2019-10-14,65.55,66.37,64.88,66.25,66.25,631800
2019-10-15,66.3,66.83,65.93,66.7,66.7,768500
2019-10-16,66.58,67.4,66.58,66.95,66.95,980200
2019-10-17,67.0,67.98,66.74,67.56,67.56,920100
2019-10-18,67.29,68.09,66.9,67.85,67.85,614000
2019-10-21,68.31,68.72,67.8,67.97,67.97,659700
2019-10-22,68.11,68.93,66.54,68.36,68.36,971100
2019-10-23,68.5,68.55,67.27,67.68,67.68,707900
2019-10-24,66.0,66.61,64.45,65.28,65.28,1337700
2019-10-25,65.01,65.3,63.85,65.15,65.15,1182000
2019-10-28,64.9,65.2,63.3,63.89,63.89,1174700
2019-10-29,64.0,66.66,63.8,65.74,65.74,1164000
2019-10-30,65.72,65.72,64.35,64.5,64.5,960500
2019-10-31,64.16,64.72,61.91,62.94,62.94,1605700
2019-11-01,61.82,69.34,61.29,68.46,68.46,2424300
2019-11-04,68.83,71.54,66.98,71.45,71.45,1547600
2019-11-05,72.22,73.71,72.06,72.82,72.82,1140700
2019-11-06,72.62,72.8,71.33,71.65,71.65,1068000
2019-11-07,71.93,73.06,70.66,70.85,70.85,722800
2019-11-08,70.69,71.6,70.13,70.71,70.71,813100
2019-11-11,70.16,71.54,69.82,70.6,70.6,600700
2019-11-12,70.5,71.12,70.12,70.35,70.35,474500
2019-11-13,70.0,71.62,69.7,71.02,71.02,594800
2019-11-14,70.68,72.15,70.68,70.84,70.84,484300
2019-11-15,72.61,72.71,71.4,71.96,71.96,901900
2019-11-18,71.52,72.7,70.59,72.41,72.41,684500
2019-11-19,72.28,72.66,70.96,71.0,71.0,512800
2019-11-20,69.22,69.22,64.83,66.6,66.6,2981000
2019-11-21,67.01,67.11,63.94,65.09,65.09,1621900
2019-11-22,65.75,66.4,64.55,64.6,64.6,711400
2019-11-25,64.96,66.67,64.79,65.92,65.92,1232500
2019-11-26,65.92,67.02,65.47,66.81,66.81,822600
2019-11-27,67.08,67.85,67.0,67.53,67.53,500900
2019-11-29,67.15,67.16,66.31,66.34,66.34,312200
2019-12-02,66.42,66.79,64.81,64.94,64.94,745400
2019-12-03,64.24,64.37,63.33,63.57,63.57,759200
2019-12-04,64.28,65.2,63.49,63.52,63.52,824200
2019-12-05,63.59,64.06,62.22,62.88,62.88,893600
2019-12-06,63.36,64.18,61.93,62.51,62.51,1159700
2019-12-09,62.1,62.42,61.67,62.02,62.02,1145800
2019-12-10,61.96,61.96,59.85,60.84,60.84,1866100
2019-12-11,60.84,61.4,60.08,60.09,60.09,1131000
2019-12-12,60.18,62.46,60.0,61.0,61.0,1221500
2019-12-13,60.9,61.12,60.0,60.41,60.41,924500
2019-12-16,60.78,62.37,60.57,61.71,61.71,847100
2019-12-17,61.81,63.21,61.42,62.89,62.89,1309100
2019-12-18,62.96,63.32,62.0,62.98,62.98,1047600
2019-12-19,62.73,63.94,62.48,63.56,63.56,853600
2019-12-20,63.94,65.07,63.67,64.77,64.77,2021200
2019-12-23,64.93,65.38,64.48,64.99,64.99,747500
2019-12-24,65.23,65.27,63.99,64.24,64.24,398300
2019-12-26,64.51,64.56,64.02,64.49,64.49,356900
2019-12-27,64.59,64.65,63.49,63.76,63.76,786500
2019-12-30,63.57,64.83,63.11,64.6,64.6,542600
2019-12-31,64.45,64.6,64.03,64.16,64.16,834800
2020-01-02,64.62,65.0,63.36,63.69,63.69,720500
2020-01-03,63.2,63.91,62.93,63.75,63.75,494800
2020-01-06,63.68,64.64,63.11,64.34,64.34,772100
2020-01-07,63.91,64.26,63.15,63.37,63.37,644500
2020-01-08,63.34,63.6,63.02,63.19,63.19,830300
2020-01-09,63.24,63.35,62.23,62.23,62.23,728400
2020-01-10,62.09,62.5,61.55,61.71,61.71,667900
2020-01-13,61.75,62.51,61.19,62.34,62.34,572300
2020-01-14,62.33,63.41,62.02,63.34,63.34,515000
2020-01-15,63.01,64.17,62.87,63.28,63.28,436300
2020-01-16,63.79,64.78,63.58,63.81,63.81,519300
2020-01-17,64.14,64.25,63.35,63.75,63.75,754200
2020-01-21,63.57,63.74,63.01,63.32,63.32,605700
2020-01-22,63.39,63.71,63.13,63.5,63.5,433900
2020-01-23,63.16,63.16,61.69,62.52,62.52,550300
2020-01-24,62.43,62.69,60.48,60.94,60.94,520200
2020-01-27,59.77,60.8,58.77,59.83,59.83,791600
2020-01-28,59.92,60.2,57.66,58.51,58.51,1082100
2020-01-29,58.25,58.52,57.66,58.2,58.2,637400
2020-01-30,57.73,59.37,57.09,58.47,58.47,628600
2020-01-31,58.45,58.8,57.42,57.75,57.75,873700
2020-02-03,57.85,58.48,57.46,57.73,57.73,727600
2020-02-04,58.64,59.1,57.32,58.29,58.29,670800
2020-02-05,59.05,59.37,57.95,58.69,58.69,506400
2020-02-06,59.04,59.1,57.02,57.38,57.38,569300
2020-02-07,57.04,57.61,56.47,56.86,56.86,574300
2020-02-10,56.19,57.05,55.7,56.61,56.61,726200
2020-02-11,57.16,59.79,56.95,59.5,59.5,998500
2020-02-12,59.65,60.89,59.37,60.54,60.54,983100
2020-02-13,60.09,60.99,59.5,60.75,60.75,687200
2020-02-14,61.0,61.0,59.74,60.5,60.5,328800
2020-02-18,60.31,60.96,60.02,60.56,60.56,523000
2020-02-19,60.83,61.9,60.5,61.42,61.42,733800
2020-02-20,61.25,62.27,60.89,61.51,61.51,683700
2020-02-21,61.25,61.62,60.33,61.6,61.6,464200
2020-02-24,59.5,59.66,57.74,58.66,58.66,1108500
2020-02-25,58.65,58.66,55.97,56.0,56.0,945500
2020-02-26,55.79,56.48,51.69,53.3,53.3,1906200
2020-02-27,52.1,54.04,50.68,52.38,52.38,1725900
2020-02-28,49.49,51.54,46.76,49.08,49.08,3969500
2020-03-02,49.0,50.74,47.63,50.71,50.71,1794800
2020-03-03,51.03,53.55,48.69,49.3,49.3,1549600
2020-03-04,50.75,51.26,49.87,50.93,50.93,937900
2020-03-05,49.12,50.12,48.33,48.75,48.75,1018600
2020-03-06,46.4,47.37,45.65,46.36,46.36,1830700
2020-03-09,43.01,43.01,37.72,37.73,37.73,2438000
2020-03-10,39.53,39.66,34.48,37.43,37.43,3109600
2020-03-11,35.83,36.48,33.12,33.82,33.82,3540600
2020-03-12,30.33,30.52,26.65,26.67,26.67,2677200
2020-03-13,28.94,29.66,26.33,28.5,28.5,2421400
2020-03-16,25.11,30.39,25.01,27.6,27.6,2111800
2020-03-17,27.84,29.01,26.03,26.49,26.49,2577800
2020-03-18,24.71,25.55,22.51,23.36,23.36,2001500
2020-03-19,23.43,27.36,22.55,27.27,27.27,2065000
2020-03-20,27.88,31.86,26.64,26.74,26.74,2900700
2020-03-23,26.85,27.56,24.85,26.0,26.0,1602200
2020-03-24,27.44,28.95,26.69,28.66,28.66,1261900
2020-03-25,29.06,31.85,28.01,29.6,29.6,1384300
2020-03-26,30.31,31.87,29.53,31.68,31.68,1233400
2020-03-27,30.24,31.28,29.14,29.5,29.5,2085700
2020-03-30,29.45,31.13,27.09,30.95,30.95,847600
2020-03-31,31.08,33.27,30.86,32.73,32.73,1615000
2020-04-01,31.02,32.17,28.39,28.91,28.91,1303400
2020-04-02,28.77,32.23,28.77,30.8,30.8,1325900
2020-04-03,30.53,31.14,29.04,30.41,30.41,912300
2020-04-06,32.11,34.16,31.82,33.18,33.18,1292600
2020-04-07,35.01,36.36,34.12,34.77,34.77,1925000
2020-04-08,35.83,38.47,35.21,37.67,37.67,1954200
2020-04-09,39.47,40.86,38.1,38.79,38.79,1562500
2020-04-13,37.77,38.12,35.95,36.33,36.33,962400
2020-04-14,37.42,38.21,35.88,35.97,35.97,1040000
2020-04-15,33.99,34.13,32.19,33.24,33.24,1144400
2020-04-16,32.85,33.37,32.32,33.22,33.22,1139000
2020-04-17,34.51,35.85,34.31,34.8,34.8,1413500
2020-04-20,33.55,33.59,31.83,32.18,32.18,1709300
2020-04-21,31.06,31.74,30.52,30.66,30.66,924600
2020-04-22,31.67,31.79,30.29,30.71,30.71,826600
2020-04-23,31.89,33.42,31.49,32.46,32.46,909600
2020-04-24,32.19,33.48,32.0,33.23,33.23,783900
2020-04-27,33.36,34.88,32.62,34.44,34.44,778500
2020-04-28,35.71,36.21,34.74,35.91,35.91,806500
2020-04-29,37.51,39.0,36.79,37.93,37.93,1114100
2020-04-30,37.25,37.5,35.62,35.9,35.9,1000500
2020-05-01,39.4,40.97,36.09,37.13,37.13,1897600
2020-05-04,36.0,36.59,34.66,35.08,35.08,955200
2020-05-05,35.78,37.06,35.41,35.45,35.45,935900
2020-05-06,35.68,36.01,34.13,34.15,34.15,660600
2020-05-07,34.83,35.69,34.77,34.9,34.9,619800
2020-05-08,35.76,36.6,35.57,36.5,36.5,704000
2020-05-11,35.5,35.79,34.25,34.99,34.99,922500
2020-05-12,35.32,35.89,32.46,32.48,32.48,1060300
2020-05-13,32.28,32.61,30.48,31.03,31.03,1051600
2020-05-14,30.17,32.5,29.17,32.44,32.44,966500
2020-05-15,32.15,33.25,31.52,33.12,33.12,907700
2020-05-18,35.09,37.02,35.09,36.64,36.64,1020100
2020-05-19,37.0,38.44,36.64,36.68,36.68,981200
2020-05-20,37.94,38.79,37.54,37.65,37.65,1172400
2020-05-21,37.65,38.76,36.9,36.98,36.98,656000
2020-05-22,37.06,37.06,36.01,36.48,36.48,406500
2020-05-26,38.82,40.51,38.49,40.16,40.16,837800
2020-05-27,41.81,42.17,39.75,41.63,41.63,769400
2020-05-28,42.29,42.37,39.35,39.5,39.5,531500
2020-05-29,38.56,39.78,38.1,39.15,39.15,976200
2020-06-01,39.39,41.04,38.89,40.75,40.75,732900
2020-06-02,41.36,43.36,41.36,42.75,42.75,925900
2020-06-03,44.12,44.84,43.69,44.16,44.16,753700
2020-06-04,43.44,44.95,43.01,44.58,44.58,726800
2020-06-05,47.51,48.21,46.52,47.07,47.07,802700
2020-06-08,48.25,48.32,46.12,46.24,46.24,766100
2020-06-09,44.9,45.34,43.83,44.38,44.38,494700
2020-06-10,44.35,44.39,41.64,41.87,41.87,1164300
2020-06-11,38.85,40.11,37.51,37.51,37.51,1252400
2020-06-12,39.82,40.2,37.82,39.01,39.01,1224500
2020-06-15,37.16,40.87,36.82,40.87,40.87,899900
2020-06-16,44.54,45.33,43.26,45.01,45.01,2628700
2020-06-17,44.98,45.38,43.23,43.49,43.49,1481300
2020-06-18,42.76,43.95,42.46,42.91,42.91,866700
2020-06-19,43.58,45.01,43.56,44.75,44.75,2090500
2020-06-22,44.17,45.69,43.36,45.39,45.39,1406500
2020-06-23,46.0,46.3,44.84,45.35,45.35,1001500
2020-06-24,44.37,44.49,41.57,41.7,41.7,1362200
2020-06-25,41.18,43.51,40.84,43.47,43.47,684300
2020-06-26,42.8,43.48,41.73,43.41,43.41,2692000
2020-06-29,44.05,44.89,43.31,44.54,44.54,837500
2020-06-30,43.99,45.18,43.88,44.87,44.87,635800
2020-07-01,45.16,45.31,43.22,43.24,43.24,699200
2020-07-02,44.39,45.42,43.42,43.62,43.62,560200
2020-07-06,44.57,44.57,41.94,42.68,42.68,976300
2020-07-07,42.22,42.49,40.15,40.22,40.22,1032000
2020-07-08,40.11,40.87,39.19,39.67,39.67,1056800
2020-07-09,39.63,39.72,37.03,37.14,37.14,1159900
2020-07-10,37.32,38.49,36.81,38.07,38.07,1327600
2020-07-13,38.61,39.06,37.45,38.03,38.03,1316900
2020-07-14,37.88,39.3,37.56,38.75,38.75,587300
2020-07-15,40.22,40.79,39.24,40.43,40.43,775900
2020-07-16,40.43,41.3,40.01,40.56,40.56,487400
2020-07-17,40.49,41.54,40.48,40.82,40.82,695000
2020-07-20,40.32,40.49,39.26,39.79,39.79,779600
2020-07-21,40.51,42.3,40.5,42.06,42.06,764500
2020-07-22,41.68,42.35,41.39,41.88,41.88,595300
2020-07-23,41.66,41.98,40.51,40.66,40.66,470600
2020-07-24,40.59,40.93,39.88,40.07,40.07,452800
2020-07-27,40.0,40.97,39.6,40.91,40.91,326300
2020-07-28,40.56,41.46,39.29,39.34,39.34,489500
2020-07-29,39.62,40.06,39.2,39.89,39.89,811100
2020-07-30,39.18,39.19,37.4,37.82,37.82,1369000
2020-07-31,39.21,41.16,37.92,39.78,39.78,2416200
2020-08-03,40.31,43.19,40.31,42.72,42.72,1533400
2020-08-04,42.14,42.91,41.73,41.8,41.8,1157900
2020-08-05,42.49,44.85,42.3,44.49,44.49,1052900
2020-08-06,44.42,44.79,43.46,43.72,43.72,659000
2020-08-07,43.19,44.53,43.02,44.27,44.27,574700
2020-08-10,44.47,45.54,44.43,45.24,45.24,524300
2020-08-11,46.2,47.6,45.83,46.48,46.48,824300
2020-08-12,48.41,49.86,47.57,48.76,48.76,1518100
2020-08-13,48.02,48.52,46.44,46.71,46.71,564800
2020-08-14,46.0,46.87,45.72,46.24,46.24,362400
2020-08-17,46.7,46.7,45.37,45.98,45.98,499400
2020-08-18,45.9,46.14,45.2,45.44,45.44,543800
2020-08-19,45.28,46.8,44.75,46.16,46.16,695500
2020-08-20,45.47,46.04,44.98,45.69,45.69,292600
2020-08-21,45.2,45.67,44.98,45.18,45.18,405700
2020-08-24,45.4,46.07,45.11,45.52,45.52,461800
2020-08-25,46.06,46.06,44.53,44.88,44.88,374300
2020-08-26,45.0,45.81,44.3,45.54,45.54,537200
2020-08-27,45.76,46.54,45.05,46.04,46.04,544200
2020-08-28,46.3,46.73,45.4,46.66,46.66,499000
2020-08-31,46.39,46.93,45.92,46.21,46.21,519300
2020-09-01,45.81,47.39,45.21,47.39,47.39,753700
2020-09-02,47.62,47.86,47.0,47.27,47.27,479500
2020-09-03,47.5,47.8,44.88,45.08,45.08,578800
2020-09-04,46.03,46.1,44.21,44.93,44.93,398800
2020-09-08,44.07,44.79,43.26,43.95,43.95,568100
2020-09-09,44.28,45.07,43.23,43.27,43.27,799300
2020-09-10,43.79,43.79,42.07,42.88,42.88,463000
2020-09-11,43.0,43.71,42.68,42.93,42.93,533100
2020-09-14,43.36,44.03,42.62,43.64,43.64,719200
2020-09-15,44.0,44.02,42.25,42.45,42.45,624600
2020-09-16,42.62,44.7,42.41,44.24,44.24,922600
2020-09-17,43.45,46.18,43.21,44.79,44.79,1240000
2020-09-18,45.18,45.26,42.79,43.46,43.46,1790300
2020-09-21,42.02,42.41,40.26,40.59,40.59,820000
2020-09-22,40.84,41.9,40.51,41.7,41.7,761800
2020-09-23,41.82,43.4,41.56,41.71,41.71,588500
2020-09-24,41.7,42.14,40.87,41.48,41.48,414700
2020-09-25,41.0,42.23,40.8,42.05,42.05,484400
2020-09-28,42.91,43.76,42.7,43.13,43.13,475600
2020-09-29,42.95,43.69,42.25,43.3,43.3,615400
2020-09-30,43.72,43.77,41.96,42.2,42.2,582000
2020-10-01,42.16,42.69,41.33,41.5,41.5,535100
2020-10-02,40.32,42.95,40.18,42.61,42.61,637400
2020-10-05,43.07,45.73,43.07,43.9,43.9,514400
2020-10-06,44.64,45.01,42.98,43.26,43.26,827600
2020-10-07,43.7,45.94,43.7,45.74,45.74,780600
2020-10-08,46.15,46.96,45.89,46.56,46.56,677200
2020-10-09,46.94,47.1,46.31,46.75,46.75,1238200
2020-10-12,46.93,49.35,46.82,48.92,48.92,1270500
2020-10-13,48.18,49.2,47.45,47.75,47.75,1337000
2020-10-14,47.62,48.47,47.42,47.8,47.8,531600
2020-10-15,46.88,48.6,46.82,48.28,48.28,673400
2020-10-16,48.15,48.66,47.34,48.17,48.17,321300
2020-10-19,48.67,49.1,46.6,47.16,47.16,540600
2020-10-20,47.61,48.92,46.97,48.74,48.74,606600
2020-10-21,48.51,49.17,47.83,47.87,47.87,505100
2020-10-22,47.98,49.63,47.77,49.38,49.38,557300
2020-10-23,49.75,51.24,49.21,51.05,51.05,804600
2020-10-26,50.18,50.18,48.03,48.35,48.35,676800
2020-10-27,48.53,49.54,47.48,47.66,47.66,593900
2020-10-28,46.32,47.62,45.81,47.08,47.08,677800
2020-10-29,46.92,49.19,46.32,48.35,48.35,1167200
2020-10-30,48.0,51.39,47.07,49.64,49.64,1827500
2020-11-02,50.35,50.65,48.72,50.45,50.45,1164500
2020-11-03,51.49,51.9,49.75,50.21,50.21,913700
2020-11-04,49.02,52.44,47.12,52.11,52.11,1330700
2020-11-05,52.38,55.0,52.22,53.74,53.74,981800
2020-11-06,53.74,54.46,52.51,52.95,52.95,696400
2020-11-09,57.19,59.97,53.78,55.15,55.15,1028300
2020-11-10,55.31,56.51,54.75,55.0,55.0,1229200
2020-11-11,55.68,55.68,53.04,54.05,54.05,942100
2020-11-12,53.32,54.5,52.41,53.12,53.12,582600
2020-11-13,53.78,55.0,53.32,53.85,53.85,694400
2020-11-16,55.25,56.59,53.94,56.33,56.33,1081900
2020-11-17,55.81,57.07,55.38,56.69,56.69,632800
2020-11-18,57.23,57.61,55.9,55.98,55.98,714000
2020-11-19,56.05,56.67,54.67,55.85,55.85,521000
2020-11-20,55.71,56.8,55.09,56.09,56.09,534800
2020-11-23,56.89,58.4,56.85,58.03,58.03,860700
2020-11-24,58.18,61.49,57.85,59.23,59.23,1604700
2020-11-25,58.88,59.15,57.57,57.83,57.83,703000
2020-11-27,58.0,58.36,56.85,57.81,57.81,615300
2020-11-30,57.37,57.81,55.64,56.71,56.71,809600
2020-12-01,57.77,57.94,56.4,56.58,56.58,989700
2020-12-02,56.83,59.14,56.06,58.42,58.42,472200
2020-12-03,58.62,61.75,57.8,61.22,61.22,1072600
2020-12-04,61.87,62.78,61.3,62.59,62.59,1042000
2020-12-07,62.52,63.16,61.65,62.7,62.7,708500
2020-12-08,62.75,64.44,62.5,64.26,64.26,848100
2020-12-09,65.59,67.2,64.96,66.64,66.64,1128500
2020-12-10,66.0,67.66,66.0,67.55,67.55,667700
2020-12-11,67.52,68.82,67.25,67.95,67.95,803200
2020-12-14,68.8,69.39,66.42,66.71,66.71,1002200
2020-12-15,67.2,68.1,66.65,67.62,67.62,776800
2020-12-16,68.27,68.48,66.94,67.02,67.02,515800
2020-12-17,67.02,67.33,64.26,65.85,65.85,825200
2020-12-18,66.13,67.05,65.4,66.08,66.08,1772500
2020-12-21,65.71,67.53,65.18,67.05,67.05,746800
2020-12-22,67.08,68.93,66.52,68.8,68.8,572700
2020-12-23,69.0,70.58,68.75,69.85,69.85,614400
2020-12-24,70.0,70.19,69.37,69.87,69.87,185000
2020-12-28,70.46,71.11,69.96,70.4,70.4,436000
2020-12-29,70.09,70.65,67.74,68.24,68.24,875500
2020-12-30,68.5,69.72,68.01,68.72,68.72,487000
2020-12-31,68.72,68.92,67.95,68.18,68.18,484700
2021-01-04,68.49,69.55,67.05,67.29,67.29,599400
2021-01-05,67.69,69.85,67.4,69.25,69.25,675700
2021-01-06,71.33,78.96,71.17,78.64,78.64,1568700
2021-01-07,80.3,81.84,79.16,79.35,79.35,1080600
2021-01-08,79.6,80.07,74.76,76.44,76.44,1180400
2021-01-11,75.94,78.75,75.22,77.24,77.24,889100
2021-01-12,77.67,81.5,76.62,80.53,80.53,865300
2021-01-13,80.34,80.53,77.52,78.09,78.09,696500
2021-01-14,79.62,82.75,79.05,81.4,81.4,917300
2021-01-15,80.1,82.55,77.84,81.21,81.21,850300
2021-01-19,81.89,82.46,80.2,80.99,80.99,1446900
2021-01-20,81.67,82.44,80.0,81.76,81.76,943900
2021-01-21,82.5,82.97,80.62,80.71,80.71,682700
2021-01-22,79.95,82.38,79.5,82.3,82.3,512700
2021-01-25,82.64,83.2,78.84,79.92,79.92,792200
2021-01-26,80.25,81.19,79.2,81.07,81.07,762100
2021-01-27,78.85,83.18,77.59,81.29,81.29,1537200
2021-01-28,82.96,83.99,77.78,79.06,79.06,814000
2021-01-29,78.99,80.57,76.77,77.15,77.15,866200
2021-02-01,77.71,81.08,77.5,80.69,80.69,785200
2021-02-02,81.35,81.95,79.04,80.72,80.72,544100
2021-02-03,80.49,81.9,80.31,81.5,81.5,503100
2021-02-04,81.53,83.11,81.09,82.93,82.93,647600
2021-02-05,83.98,85.51,83.15,84.48,84.48,581800
2021-02-08,85.07,86.41,82.11,82.91,82.91,699600
2021-02-09,82.77,85.09,80.85,84.45,84.45,579700
2021-02-10,84.85,85.77,83.76,84.67,84.67,628900
2021-02-11,85.41,87.51,83.38,85.72,85.72,508400
2021-02-12,85.4,87.22,85.2,86.57,86.57,457600
2021-02-16,86.54,87.44,85.9,86.41,86.41,788500
2021-02-17,85.5,86.91,83.22,84.61,84.61,499900
2021-02-18,84.27,84.27,80.86,83.74,83.74,534700
2021-02-19,84.28,86.63,84.12,85.88,85.88,481200
2021-02-22,86.09,88.65,85.48,87.26,87.26,508400
2021-02-23,86.57,88.61,84.06,88.48,88.48,697400
2021-02-24,89.0,90.87,88.17,89.14,89.14,734900
2021-02-25,88.53,89.98,86.67,87.74,87.74,1028400
2021-02-26,87.35,92.15,85.51,86.75,86.75,1143400
2021-03-01,90.24,91.95,88.65,88.97,88.97,666100
2021-03-02,89.13,90.38,87.0,89.28,89.28,656300
2021-03-03,89.55,92.55,89.28,89.78,89.78,774600
2021-03-04,89.24,90.8,84.82,86.72,86.72,1072400
2021-03-05,87.75,93.3,86.12,92.79,92.79,939900
2021-03-08,93.77,95.96,93.22,93.91,93.91,820900
2021-03-09,95.0,95.0,91.39,91.73,91.73,633600
2021-03-10,92.15,96.36,91.46,95.77,95.77,530400
2021-03-11,96.54,97.75,94.68,95.99,95.99,693600
2021-03-12,96.28,98.98,96.17,98.93,98.93,837800
2021-03-15,99.0,99.38,96.29,97.62,97.62,688900
2021-03-16,97.11,97.31,94.35,94.94,94.94,847100
2021-03-17,94.81,96.75,93.3,96.5,96.5,543500
2021-03-18,96.62,96.98,92.22,92.36,92.36,780400
2021-03-19,92.41,93.76,90.19,92.33,92.33,1274200
2021-03-22,92.42,92.78,88.88,91.15,91.15,699000
2021-03-23,90.0,90.88,86.81,87.26,87.26,943100
2021-03-24,88.66,89.99,85.94,86.01,86.01,788400
2021-03-25,85.21,89.08,83.52,88.42,88.42,744400
2021-03-26,89.99,90.18,87.16,90.13,90.13,802900
2021-03-29,89.93,91.52,86.07,86.39,86.39,880000
2021-03-30,86.45,91.08,86.2,90.68,90.68,717800
2021-03-31,92.13,94.7,89.29,93.7,93.7,1420800
2021-04-01,94.5,96.27,93.16,94.79,94.79,853600
2021-04-05,97.18,98.64,95.66,97.65,97.65,702500
2021-04-06,97.46,99.99,96.64,97.35,97.35,707400
2021-04-07,96.95,97.76,95.41,97.15,97.15,521700
2021-04-08,97.76,98.5,95.68,98.12,98.12,821600
2021-04-09,97.83,100.0,97.83,99.62,99.62,491400
2021-04-12,100.0,100.63,98.91,99.97,99.97,570000
2021-04-13,99.49,99.64,96.66,99.22,99.22,983600
2021-04-14,99.55,101.75,99.55,99.78,99.78,1073800
2021-04-15,100.28,100.49,97.22,98.55,98.55,1018800
2021-04-16,99.61,102.77,98.96,101.65,101.65,648800
2021-04-19,101.36,101.62,99.17,100.39,100.39,625500
2021-04-20,99.8,99.99,95.9,99.38,99.38,858600
2021-04-21,99.25,100.23,98.16,99.03,99.03,579400
2021-04-22,99.82,100.64,97.8,98.37,98.37,740600
2021-04-23,99.08,102.35,99.08,101.64,101.64,466700
2021-04-26,102.5,103.25,101.21,101.57,101.57,400500
2021-04-27,101.7,103.53,101.24,103.1,103.1,467700
2021-04-28,103.06,103.65,101.91,103.39,103.39,459500
2021-04-29,103.89,106.03,102.95,105.53,105.53,877900
2021-04-30,104.28,105.66,103.61,104.36,104.36,983600
2021-05-03,106.03,107.95,104.9,105.81,105.81,631600
2021-05-04,105.09,107.2,102.85,107.16,107.16,911500
2021-05-05,107.86,108.1,105.29,107.76,107.76,1008800
2021-05-06,110.0,111.01,107.75,109.35,109.35,1278300
2021-05-07,107.69,112.91,102.53,111.28,111.28,1551000
2021-05-10,112.23,117.82,111.17,115.55,115.55,1170700
2021-05-11,113.52,118.88,111.64,118.46,118.46,1223400
2021-05-12,118.25,119.23,112.73,113.49,113.49,944100
2021-05-13,113.47,117.26,111.76,116.79,116.79,978800
2021-05-14,118.33,119.18,116.5,118.41,118.41,768800
2021-05-17,117.8,120.41,116.93,120.17,120.17,748500
2021-05-18,120.57,121.05,117.47,117.71,117.71,685400
2021-05-19,114.92,115.97,110.9,112.77,112.77,1108300
2021-05-20,113.54,115.14,111.54,114.42,114.42,799100
2021-05-21,115.68,117.02,114.37,116.02,116.02,660000
2021-05-24,116.86,117.46,114.75,115.99,115.99,895100
2021-05-25,116.06,116.84,114.43,114.83,114.83,1034600
2021-05-26,114.46,117.27,114.41,116.1,116.1,1141500
2021-05-27,117.89,119.49,116.15,117.1,117.1,967900
2021-05-28,116.8,117.58,115.34,116.33,116.33,623200
2021-06-01,118.09,119.41,116.98,117.4,117.4,624500
2021-06-02,117.82,118.09,116.35,117.47,117.47,849100
2021-06-03,116.7,119.79,115.46,119.33,119.33,866800
2021-06-04,119.78,120.54,117.07,119.45,119.45,708100
2021-06-07,119.45,120.3,118.77,119.51,119.51,531200
2021-06-08,119.94,121.61,118.57,121.26,121.26,562200
2021-06-09,121.36,122.33,120.13,120.67,120.67,626600
2021-06-10,121.53,121.93,117.62,117.73,117.73,739000
2021-06-11,119.06,119.85,117.03,117.22,117.22,588500
2021-06-14,117.0,117.36,113.07,114.09,114.09,1727600
2021-06-15,113.77,115.62,113.15,113.91,113.91,1065500
2021-06-16,113.0,114.35,108.29,109.05,109.05,1345800
2021-06-17,108.72,109.92,104.09,104.7,104.7,2113900
2021-06-18,102.4,103.47,99.72,100.21,100.21,1958300
2021-06-21,100.29,104.4,100.25,103.58,103.58,1336500
2021-06-22,103.55,104.0,101.52,103.15,103.15,1134400
2021-06-23,103.29,104.65,102.54,103.35,103.35,1002100
2021-06-24,105.0,107.65,102.98,107.05,107.05,1244500
2021-06-25,108.09,109.43,107.15,107.68,107.68,8034000
2021-06-28,108.11,108.14,104.87,106.34,106.34,1055300
2021-06-29,107.33,108.45,104.9,105.2,105.2,739400
2021-06-30,104.88,106.8,104.1,106.1,106.1,917000
2021-07-01,107.16,107.25,105.5,106.43,106.43,586700
2021-07-02,106.82,107.0,105.47,105.71,105.71,463000
2021-07-06,105.11,105.61,101.36,102.64,102.64,892400
2021-07-07,102.18,103.99,101.04,102.22,102.22,773600
2021-07-08,100.0,102.89,98.64,101.02,101.02,769200
2021-07-09,102.94,104.85,101.75,104.15,104.15,518300
2021-07-12,103.45,105.55,102.61,105.13,105.13,495100
2021-07-13,104.75,105.41,102.83,103.73,103.73,378600
2021-07-14,104.8,105.5,101.61,101.95,101.95,426200
2021-07-15,100.85,103.0,100.51,101.53,101.53,337300
2021-07-16,102.25,103.12,98.87,99.18,99.18,413300
2021-07-19,97.7,98.8,95.75,96.7,96.7,647800
2021-07-20,96.65,100.98,96.65,100.24,100.24,999700
2021-07-21,101.56,102.91,100.85,101.25,101.25,428400
2021-07-22,101.37,101.65,99.11,99.41,99.41,304000
2021-07-23,100.3,100.68,98.77,100.42,100.42,383700
2021-07-26,101.29,102.5,99.37,99.85,99.85,406700
2021-07-27,98.73,99.75,98.03,99.14,99.14,344600
2021-07-28,100.02,102.72,98.8,101.44,101.44,684700
2021-07-29,102.8,103.36,101.4,102.17,102.17,459100
2021-07-30,101.33,102.5,100.21,101.23,101.23,527500
2021-08-02,102.5,104.45,99.47,99.96,99.96,702500
2021-08-03,100.38,102.1,99.22,101.64,101.64,473400
2021-08-04,100.7,101.16,97.7,98.24,98.24,640400
2021-08-05,98.31,101.16,98.3,100.41,100.41,616200
2021-08-06,97.93,101.0,93.44,94.25,94.25,1547500
2021-08-09,93.5,94.2,91.7,92.39,92.39,1181700
2021-08-10,92.27,94.79,91.1,93.36,93.36,996100
2021-08-11,94.29,94.78,92.5,94.53,94.53,741900
2021-08-12,94.99,95.8,93.82,94.52,94.52,574900
2021-08-13,94.52,94.96,93.1,93.21,93.21,559000
2021-08-16,92.14,92.71,91.01,91.98,91.98,863800
2021-08-17,91.32,91.88,89.37,90.86,90.86,777100
2021-08-18,90.54,91.48,89.32,89.43,89.43,508700
2021-08-19,87.95,90.02,87.5,88.77,88.77,685500
2021-08-20,88.85,89.69,87.69,89.48,89.48,476800
2021-08-23,90.62,91.08,89.14,90.11,90.11,652500
2021-08-24,90.52,93.07,90.52,92.45,92.45,616300
2021-08-25,92.65,96.28,92.05,94.39,94.39,746800
2021-08-26,94.3,94.95,91.47,91.87,91.87,522300
2021-08-27,91.95,94.41,91.89,93.28,93.28,614900
2021-08-30,93.75,93.75,92.16,92.74,92.74,563800
2021-08-31,93.22,94.37,91.37,91.44,91.44,1171800
2021-09-01,91.44,91.44,88.29,89.0,89.0,1245800
2021-09-02,90.54,93.34,90.11,93.07,93.07,1040300
2021-09-03,92.65,93.32,91.11,91.81,91.81,423900
2021-09-07,91.81,92.82,91.02,91.97,91.97,669700
2021-09-08,92.59,93.71,91.17,92.41,92.41,635700
2021-09-09,91.85,92.42,89.48,90.37,90.37,498800
2021-09-10,90.71,90.99,88.78,88.82,88.82,492200
2021-09-13,89.64,91.25,89.07,90.64,90.64,577400
2021-09-14,90.77,90.98,89.43,90.05,90.05,641000
2021-09-15,90.22,92.94,89.69,92.62,92.62,835500
2021-09-16,92.93,93.57,90.09,90.34,90.34,503000
2021-09-17,91.29,91.71,88.77,89.61,89.61,1023400
2021-09-20,86.23,88.82,85.76,87.27,87.27,673600
2021-09-21,88.1,88.64,85.11,85.77,85.77,737100
2021-09-22,86.86,87.64,85.87,85.94,85.94,636200
2021-09-23,86.24,88.5,86.24,87.14,87.14,639400
2021-09-24,87.08,88.12,86.3,86.95,86.95,541200
2021-09-27,87.75,89.59,87.62,89.3,89.3,1044600
2021-09-28,89.15,89.37,87.95,88.94,88.94,838500
2021-09-29,89.58,89.58,87.11,88.48,88.48,1066700
2021-09-30,88.97,89.21,85.44,86.28,86.28,1059800
2021-10-01,87.16,89.88,86.09,89.3,89.3,605700
2021-10-04,88.83,90.05,88.1,88.47,88.47,733600
2021-10-05,88.5,90.42,87.9,89.1,89.1,1017700
2021-10-06,87.61,88.87,84.8,86.67,86.67,586900
2021-10-07,87.11,89.37,86.86,88.45,88.45,546800
2021-10-08,88.97,89.48,87.81,87.98,87.98,634600
2021-10-11,87.86,88.21,85.52,85.69,85.69,584100
2021-10-12,85.58,87.0,85.34,85.89,85.89,494300
2021-10-13,86.06,86.29,83.9,85.07,85.07,692700
2021-10-14,86.17,87.45,85.61,86.71,86.71,416300
2021-10-15,88.13,88.13,86.23,86.26,86.26,366600
2021-10-18,85.26,86.78,85.05,86.44,86.44,335400
2021-10-19,86.9,87.74,86.24,86.87,86.87,379500
2021-10-20,87.02,88.01,86.28,87.46,87.46,427000
2021-10-21,87.3,88.96,86.84,88.82,88.82,435400
2021-10-22,89.04,90.44,88.45,88.54,88.54,564100
2021-10-25,88.73,89.58,87.64,89.21,89.21,851000
2021-10-26,89.71,90.87,88.97,89.01,89.01,665800
2021-10-27,89.05,89.05,86.34,86.61,86.61,771400
2021-10-28,87.24,89.71,86.88,89.66,89.66,545600
2021-10-29,89.44,91.61,88.7,89.13,89.13,575100
2021-11-01,89.99,91.99,89.61,91.0,91.0,764000
2021-11-02,90.92,90.92,88.57,89.84,89.84,791200
2021-11-03,89.16,89.85,87.89,89.83,89.83,641600
2021-11-04,90.74,91.07,88.7,89.54,89.54,690000
2021-11-05,89.71,95.26,85.44,93.84,93.84,1336800
2021-11-08,96.74,104.21,95.75,99.6,99.6,2051400
2021-11-09,99.18,100.54,96.18,96.51,96.51,733900
2021-11-10,95.87,97.55,94.4,95.25,95.25,565500
2021-11-11,95.26,96.53,94.37,95.71,95.71,476300
2021-11-12,96.41,96.66,94.42,95.66,95.66,318400
2021-11-15,96.5,96.5,93.59,93.74,93.74,483300
2021-11-16,94.37,97.36,94.37,95.67,95.67,637500
2021-11-17,95.81,96.66,94.3,94.7,94.7,473900
2021-11-18,94.73,97.23,93.33,96.78,96.78,926100
2021-11-19,96.0,102.8,95.78,100.98,100.98,1534100
2021-11-22,101.59,101.94,97.78,97.88,97.88,634200
2021-11-23,98.45,101.81,97.5,101.57,101.57,1005700
2021-11-24,101.41,101.98,99.28,100.58,100.58,527300
2021-11-26,98.0,98.95,96.51,97.72,97.72,295400
2021-11-29,99.31,99.63,96.14,97.79,97.79,452800
2021-11-30,97.18,97.2,92.05,92.17,92.17,683000
2021-12-01,94.51,94.72,90.19,90.19,90.19,583300
2021-12-02,90.89,93.76,90.47,92.06,92.06,518400
2021-12-03,92.4,92.84,87.21,89.05,89.05,641900
2021-12-06,90.37,92.89,89.74,92.09,92.09,820900
2021-12-07,93.24,95.91,92.28,95.89,95.89,793900
2021-12-08,96.25,96.33,94.61,95.07,95.07,869600
2021-12-09,94.03,95.35,92.86,93.26,93.26,642400
2021-12-10,93.33,94.02,90.88,91.95,91.95,356800
2021-12-13,92.01,92.65,88.73,89.76,89.76,411600
2021-12-14,89.64,90.98,87.98,88.87,88.87,626700
2021-12-15,88.64,89.66,85.42,88.7,88.7,572000
2021-12-16,89.87,90.42,87.44,87.98,87.98,414000
2021-12-17,86.77,87.98,85.42,86.52,86.52,1124100
2021-12-20,85.5,88.62,84.46,87.7,87.7,674600
2021-12-21,88.88,90.67,88.14,90.26,90.26,540300
2021-12-22,90.28,91.17,89.95,90.75,90.75,446000
2021-12-23,91.13,92.25,91.0,91.29,91.29,222400
2021-12-27,92.06,92.31,91.01,92.03,92.03,389900
2021-12-28,91.85,92.81,91.56,91.85,91.85,271900
2021-12-29,92.18,92.53,91.4,91.87,91.87,340200
2021-12-30,92.0,92.99,91.45,91.98,91.98,432700
2021-12-31,92.14,93.13,92.03,92.28,92.28,263700
2022-01-03,92.97,94.46,92.37,94.18,94.18,452800
2022-01-04,94.76,96.77,94.31,96.08,96.08,592800
2022-01-05,96.35,99.0,94.0,94.08,94.08,693800
2022-01-06,95.02,95.21,92.89,94.48,94.48,421800
2022-01-07,94.7,96.24,92.92,93.96,93.96,559000
2022-01-10,93.57,94.97,91.99,94.75,94.75,522300
2022-01-11,95.33,96.62,93.67,96.57,96.57,424700
2022-01-12,96.79,97.35,93.19,93.92,93.92,765200
2022-01-13,94.2,95.92,94.2,94.47,94.47,370000
2022-01-14,93.54,96.61,93.04,96.44,96.44,512000
2022-01-18,95.51,95.97,93.33,94.19,94.19,456300
2022-01-19,94.18,94.9,90.71,90.9,90.9,493200
2022-01-20,91.1,92.25,89.85,90.11,90.11,462300
2022-01-21,89.33,91.16,88.23,88.85,88.85,746400
2022-01-24,86.87,89.73,83.91,89.53,89.53,776300
2022-01-25,88.42,89.0,85.94,87.57,87.57,613200
2022-01-26,88.8,89.84,85.86,86.49,86.49,594200
2022-01-27,86.86,88.72,82.25,83.64,83.64,998600
2022-01-28,83.44,85.21,82.08,85.13,85.13,417900
2022-01-31,84.4,86.21,84.11,86.13,86.13,478600
2022-02-01,86.42,87.38,85.34,87.23,87.23,369100
2022-02-02,87.41,87.41,84.68,85.19,85.19,486000
2022-02-03,84.61,85.94,84.06,84.58,84.58,379800
2022-02-04,84.25,85.51,83.57,84.84,84.84,410000
2022-02-07,84.72,86.37,84.41,85.48,85.48,398000
2022-02-08,85.86,88.92,85.74,88.28,88.28,424400
2022-02-09,89.38,92.22,89.38,91.82,91.82,659800
2022-02-10,91.01,92.6,89.48,90.16,90.16,415400
2022-02-11,90.39,91.4,88.08,89.09,89.09,382300
2022-02-14,89.07,90.89,88.45,89.2,89.2,534000
2022-02-15,90.62,93.02,90.62,92.88,92.88,504600
2022-02-16,92.8,95.0,92.77,94.18,94.18,509700
2022-02-17,93.32,94.33,92.85,93.02,93.02,373200
2022-02-18,92.6,92.93,90.31,91.5,91.5,288000
2022-02-22,91.69,91.69,87.47,88.17,88.17,376300
2022-02-23,88.83,89.43,86.82,86.97,86.97,566300
2022-02-24,84.52,91.26,84.01,90.95,90.95,781100
2022-02-25,89.7,89.7,77.17,79.05,79.05,2703900
2022-02-28,77.47,79.13,75.61,78.76,78.76,1739800
2022-03-01,78.0,78.23,74.92,76.51,76.51,1127900
2022-03-02,76.66,79.16,76.1,77.39,77.39,1004500
2022-03-03,78.11,78.47,76.12,76.85,76.85,662000
2022-03-04,76.14,76.32,73.36,74.9,74.9,767300
2022-03-07,75.29,76.33,71.85,71.94,71.94,976600
2022-03-08,73.9,81.33,73.9,77.79,77.79,1771700
2022-03-09,78.69,81.59,78.44,79.6,79.6,879800
2022-03-10,78.62,82.37,78.1,81.96,81.96,614800
2022-03-11,82.42,85.77,82.14,85.38,85.38,829000
2022-03-14,86.0,86.61,82.48,82.85,82.85,835700
2022-03-15,81.67,83.18,80.64,82.91,82.91,651000
2022-03-16,83.26,86.18,83.26,85.93,85.93,712400
2022-03-17,84.12,87.74,84.12,87.23,87.23,606000
2022-03-18,88.05,89.1,86.65,88.56,88.56,1342700
2022-03-21,88.49,89.83,87.63,88.01,88.01,519600
2022-03-22,88.12,89.54,87.68,88.58,88.58,542000
2022-03-23,88.11,88.58,86.5,86.71,86.71,320200
2022-03-24,86.58,87.56,85.46,86.92,86.92,437700
2022-03-25,87.29,88.34,86.66,87.63,87.63,309600
2022-03-28,86.96,87.29,84.56,86.17,86.17,398200
2022-03-29,87.01,87.84,85.76,86.93,86.93,558800
2022-03-30,86.9,88.04,85.58,86.13,86.13,499800
2022-03-31,85.52,88.2,85.42,87.1,87.1,1103200
2022-04-01,87.39,89.24,86.28,87.6,87.6,527000
2022-04-04,87.3,87.71,83.38,83.73,83.73,929100
2022-04-05,83.34,83.62,80.58,81.26,81.26,1022600
2022-04-06,81.13,81.13,78.98,79.46,79.46,750200
2022-04-07,78.9,79.81,76.98,78.8,78.8,874200
2022-04-08,79.34,80.52,78.26,79.58,79.58,509800
2022-04-11,78.74,81.01,78.61,80.66,80.66,624400
2022-04-12,81.42,82.33,79.76,80.28,80.28,446300
2022-04-13,79.64,80.51,77.43,78.6,78.6,566900
2022-04-14,78.9,80.33,77.47,79.75,79.75,611400
2022-04-18,79.8,80.46,78.29,78.79,78.79,294600
2022-04-19,79.0,81.63,78.81,80.96,80.96,467500
2022-04-20,81.77,83.2,81.33,81.59,81.59,293500
2022-04-21,82.35,82.35,78.37,78.94,78.94,392800
2022-04-22,78.61,78.77,75.66,75.73,75.73,604700
2022-04-25,74.99,75.63,73.39,75.13,75.13,570900
2022-04-26,74.19,75.01,72.26,72.29,72.29,501300
2022-04-27,71.85,73.42,71.09,72.33,72.33,446400
2022-04-28,72.8,73.23,70.9,72.81,72.81,524200
2022-04-29,72.79,73.69,71.89,72.01,72.01,551300
2022-05-02,71.88,73.51,70.72,72.75,72.75,669400
2022-05-03,73.04,74.24,72.41,73.73,73.73,523500
2022-05-04,74.15,76.95,73.62,76.9,76.9,616500
2022-05-05,76.46,76.75,73.39,74.44,74.44,926700
2022-05-06,72.55,78.61,71.88,77.03,77.03,1748100
2022-05-09,75.19,76.68,73.63,74.7,74.7,1111500
2022-05-10,74.6,77.79,74.11,75.73,75.73,809700
2022-05-11,75.64,78.14,74.71,75.22,75.22,815000
2022-05-12,74.38,75.75,73.91,75.64,75.64,827700
2022-05-13,77.68,78.76,76.88,77.74,77.74,663100
2022-05-16,77.51,79.69,76.08,78.18,78.18,742300
2022-05-17,79.04,81.1,77.85,79.97,79.97,1025200
2022-05-18,79.33,82.05,77.88,78.04,78.04,765200
2022-05-19,77.0,78.83,76.63,78.2,78.2,688700
2022-05-20,79.02,80.44,77.67,80.25,80.25,958800
2022-05-23,80.79,81.57,79.35,79.6,79.6,539100
2022-05-24,79.07,79.23,77.59,79.11,79.11,393300
2022-05-25,79.76,81.97,78.39,81.2,81.2,534100
2022-05-26,82.71,84.28,81.39,83.09,83.09,582700
2022-05-27,83.78,84.99,83.44,84.28,84.28,424300
2022-05-31,83.5,84.44,83.13,83.59,83.59,611500
2022-06-01,84.15,84.83,81.53,83.54,83.54,452300
2022-06-02,83.47,83.77,82.18,83.18,83.18,723300
2022-06-03,82.17,82.28,80.33,81.15,81.15,615600
2022-06-06,86.47,92.03,84.53,85.0,85.0,1398100
2022-06-07,83.87,87.21,83.5,87.16,87.16,717600
2022-06-08,87.08,87.08,85.17,85.95,85.95,484200
2022-06-09,85.81,86.49,85.11,85.19,85.19,524800
2022-06-10,83.45,84.48,82.09,82.44,82.44,1377100
2022-06-13,80.67,81.22,78.16,78.94,78.94,712500
2022-06-14,78.63,79.73,76.6,76.97,76.97,583400
2022-06-15,77.0,77.06,74.23,75.47,75.47,986200
2022-06-16,73.2,73.62,68.03,68.67,68.67,1414600
2022-06-17,68.17,70.12,67.31,69.4,69.4,1957200
2022-06-21,71.7,73.87,70.06,73.64,73.64,859200
2022-06-22,72.7,74.6,72.51,72.52,72.52,609200
2022-06-23,72.2,72.27,69.68,70.4,70.4,796100
2022-06-24,71.24,73.82,71.11,73.57,73.57,731000
2022-06-27,73.81,75.34,73.58,75.03,75.03,344100
2022-06-28,75.56,76.45,72.78,72.8,72.8,459300
2022-06-29,72.76,72.76,70.49,71.3,71.3,662300
2022-06-30,69.91,72.52,69.72,71.66,71.66,462100
2022-07-01,71.25,72.29,69.5,72.08,72.08,476400
2022-07-05,71.22,72.04,69.01,71.8,71.8,472300
2022-07-06,71.44,71.82,69.05,70.87,70.87,760800
2022-07-07,71.31,73.3,71.31,72.97,72.97,336800
2022-07-08,73.01,73.52,71.76,72.65,72.65,316500
2022-07-11,71.58,72.43,71.08,71.7,71.7,374000
2022-07-12,71.13,72.53,70.8,71.26,71.26,340700
2022-07-13,70.62,72.16,70.02,71.5,71.5,346800
2022-07-14,70.69,71.14,69.55,70.99,70.99,386500
2022-07-15,72.01,72.27,69.97,71.51,71.51,346200
2022-07-18,71.7,72.81,70.59,70.63,70.63,314200
2022-07-19,70.88,73.85,70.62,73.79,73.79,502900
2022-07-20,73.8,74.22,72.67,73.51,73.51,360400
2022-07-21,72.59,73.29,71.7,73.27,73.27,360000
2022-07-22,73.23,73.99,71.65,72.52,72.52,323800
2022-07-25,64.26,69.12,62.64,68.36,68.36,4219500
2022-07-26,67.85,71.81,67.56,71.7,71.7,1580100
2022-07-27,72.02,74.25,71.98,74.04,74.04,919900
2022-07-28,76.98,79.97,75.76,78.96,78.96,1418700
2022-07-29,79.04,79.63,78.21,78.93,78.93,606700
2022-08-01,78.08,78.91,76.28,78.13,78.13,590700
2022-08-02,77.83,80.68,77.61,79.11,79.11,703100
2022-08-03,79.4,80.07,78.41,79.72,79.72,411700
2022-08-04,79.43,80.27,78.77,80.24,80.24,570000
2022-08-05,79.2,84.74,78.03,81.29,81.29,788900
2022-08-08,84.0,84.23,80.12,80.85,80.85,661600
2022-08-09,80.48,80.68,79.4,79.62,79.62,617400
2022-08-10,80.38,81.52,80.32,80.55,80.55,461400
2022-08-11,81.14,82.62,81.06,81.75,81.75,408700
2022-08-12,81.64,83.26,81.01,83.15,83.15,397400
2022-08-15,82.97,82.97,81.26,82.23,82.23,475900
2022-08-16,81.99,82.66,81.53,82.42,82.42,388000
2022-08-17,81.65,82.19,80.61,81.79,81.79,451000
2022-08-18,82.35,83.68,81.44,82.99,82.99,346400
2022-08-19,82.25,82.55,81.16,82.12,82.12,458600
2022-08-22,81.29,81.95,80.47,80.97,80.97,443500
2022-08-23,81.22,83.23,81.22,82.25,82.25,388400
2022-08-24,82.75,85.28,82.55,84.58,84.58,581400
2022-08-25,85.0,86.5,84.85,85.26,85.26,348500
2022-08-26,85.5,86.0,83.5,83.75,83.75,458200
2022-08-29,83.21,84.9,82.75,83.85,83.85,377100
2022-08-30,83.96,83.96,80.01,81.0,81.0,800600
2022-08-31,80.76,81.76,79.96,80.5,80.5,452200
2022-09-01,79.71,79.71,77.82,79.34,79.34,368600
2022-09-02,80.37,80.9,78.56,78.9,78.9,421200
2022-09-06,79.19,79.9,76.85,77.7,77.7,587400
2022-09-07,77.1,80.15,77.1,80.08,80.08,568100
2022-09-08,79.59,80.15,78.88,79.77,79.77,432000
2022-09-09,80.52,82.82,80.52,82.51,82.51,670300
2022-09-12,84.35,86.57,82.97,83.2,83.2,700000
2022-09-13,80.48,82.98,80.26,81.96,81.96,664000
2022-09-14,81.83,83.18,80.5,83.05,83.05,576500
2022-09-15,82.27,83.96,81.86,82.31,82.31,707600
2022-09-16,81.61,81.61,79.55,80.91,80.91,1027500
2022-09-19,79.94,82.29,79.94,81.69,81.69,405200
2022-09-20,81.69,81.69,79.13,80.04,80.04,626700
2022-09-21,80.7,82.07,78.33,78.36,78.36,587100
2022-09-22,78.36,79.16,75.41,76.11,76.11,919800
2022-09-23,74.76,75.03,71.6,72.94,72.94,1246600
2022-09-26,72.21,73.43,71.05,71.76,71.76,624000
2022-09-27,72.27,72.79,69.2,70.16,70.16,569600
2022-09-28,70.47,71.47,69.3,70.78,70.78,1267600
2022-09-29,70.03,70.49,65.14,65.6,65.6,1040200
2022-09-30,65.05,67.14,63.36,63.5,63.5,1046800
2022-10-03,64.16,67.67,63.12,66.89,66.89,960300
2022-10-04,68.01,69.78,68.0,69.04,69.04,727600
2022-10-05,67.43,68.54,66.06,67.95,67.95,533200
2022-10-06,67.46,69.44,66.95,67.5,67.5,826000
2022-10-07,67.35,67.97,65.32,65.53,65.53,746000
2022-10-10,65.96,66.39,63.2,63.24,63.24,583100
2022-10-11,62.98,65.15,62.36,64.56,64.56,795300
2022-10-12,64.63,65.72,64.01,65.53,65.53,964600
2022-10-13,64.6,70.33,63.78,70.16,70.16,1365900
2022-10-14,70.21,70.99,67.45,67.96,67.96,852300
2022-10-17,69.26,71.07,68.48,70.59,70.59,628900
2022-10-18,72.11,73.54,71.56,72.69,72.69,678800
2022-10-19,71.34,73.17,71.34,73.11,73.11,563900
2022-10-20,73.56,76.36,73.31,74.0,74.0,1065800
2022-10-21,74.08,75.97,73.62,75.3,75.3,617700
2022-10-24,75.36,75.81,73.95,75.56,75.56,573000
2022-10-25,75.25,77.08,75.22,76.36,76.36,514800
2022-10-26,76.95,77.43,75.75,75.83,75.83,485700
2022-10-27,76.29,78.38,75.49,75.66,75.66,758700
2022-10-28,76.1,77.04,75.6,76.72,76.72,970600
2022-10-31,76.69,77.4,76.04,77.08,77.08,806900
2022-11-01,77.78,79.07,76.76,78.42,78.42,647100
2022-11-02,77.97,79.31,76.1,76.2,76.2,789200
2022-11-03,75.69,75.69,71.14,73.96,73.96,1818300
2022-11-04,80.88,87.29,80.88,86.65,86.65,2238600
2022-11-07,88.57,91.33,87.53,90.76,90.76,1639600
2022-11-08,90.55,91.58,89.06,89.93,89.93,1140100
2022-11-09,89.06,89.32,87.69,88.11,88.11,1155300
2022-11-10,91.0,93.53,91.0,91.55,91.55,836700
2022-11-11,92.03,96.54,91.64,95.69,95.69,746000
2022-11-14,94.84,95.68,90.52,91.03,91.03,765700
2022-11-15,92.05,94.35,91.43,92.09,92.09,493800
2022-11-16,91.06,92.2,90.98,91.79,91.79,377000
2022-11-17,90.12,91.8,89.92,91.57,91.57,455600
2022-11-18,92.85,93.6,91.88,93.6,93.6,493700
2022-11-21,93.13,94.15,92.75,93.64,93.64,643000
2022-11-22,94.53,94.62,91.48,92.02,92.02,671300
2022-11-23,91.56,92.55,89.57,89.9,89.9,737700
2022-11-25,89.56,91.5,89.43,90.82,90.82,244500
2022-11-28,89.44,90.39,86.06,86.58,86.58,879900
2022-11-29,86.89,88.0,86.7,87.34,87.34,343800
2022-11-30,87.33,91.05,86.81,90.83,90.83,528800
2022-12-01,91.22,91.23,87.52,89.07,89.07,695900
2022-12-02,88.39,88.94,86.98,87.35,87.35,842500
2022-12-05,87.01,88.55,85.48,86.56,86.56,745800
2022-12-06,86.77,87.08,85.64,86.64,86.64,690700
2022-12-07,86.15,87.17,85.7,86.85,86.85,683500
2022-12-08,87.71,88.99,87.37,88.97,88.97,742500
2022-12-09,89.08,91.68,87.92,88.29,88.29,847700
2022-12-12,88.77,89.55,86.64,87.13,87.13,720100
2022-12-13,90.27,91.18,87.81,89.36,89.36,764500
2022-12-14,89.33,91.33,89.01,89.15,89.15,679700
2022-12-15,88.14,88.14,86.13,86.53,86.53,713900
2022-12-16,85.66,86.94,84.26,85.5,85.5,1114000
2022-12-19,85.77,85.96,84.64,85.41,85.41,601100
2022-12-20,84.73,85.91,84.12,85.56,85.56,686600
2022-12-21,86.22,87.58,85.84,86.6,86.6,722500
2022-12-22,85.26,85.45,81.36,83.5,83.5,823800
2022-12-23,83.57,85.3,83.18,85.0,85.0,535200
2022-12-27,84.19,84.6,83.38,84.25,84.25,356100
2022-12-28,84.11,84.92,82.79,82.85,82.85,530300
2022-12-29,83.52,85.33,83.52,84.4,84.4,558800
2022-12-30,83.48,85.49,83.41,85.33,85.33,394500
2023-01-03,85.82,86.72,84.89,86.27,86.27,590800
2023-01-04,87.1,88.48,86.39,87.23,87.23,539200
2023-01-05,86.96,88.78,85.66,88.14,88.14,873800
2023-01-06,89.33,91.99,88.88,91.62,91.62,809000
2023-01-09,92.04,96.22,91.48,94.0,94.0,1078900
2023-01-10,93.5,96.0,93.5,95.91,95.91,856400
2023-01-11,96.58,96.69,95.57,95.98,95.98,528900
2023-01-12,96.85,97.03,95.01,96.56,96.56,480500
2023-01-13,96.67,98.28,95.87,98.04,98.04,432600
2023-01-17,97.61,97.96,94.75,95.09,95.09,604500
2023-01-18,95.36,96.43,93.37,93.68,93.68,463000
2023-01-19,92.69,93.5,91.35,92.62,92.62,512800
2023-01-20,93.15,95.3,92.25,95.21,95.21,450000
2023-01-23,96.17,97.15,94.46,97.08,97.08,435000
2023-01-24,97.34,98.01,95.81,96.86,96.86,359800
2023-01-25,95.93,96.51,95.06,96.06,96.06,387500
2023-01-26,97.41,97.5,95.8,96.56,96.56,365300
2023-01-27,96.27,97.21,95.78,96.63,96.63,422500
2023-01-30,95.5,97.25,95.16,96.4,96.4,291500
2023-01-31,96.5,98.24,96.5,98.23,98.23,428100
2023-02-01,97.63,98.8,96.11,97.72,97.72,287100
2023-02-02,98.72,100.44,97.16,98.43,98.43,746300
2023-02-03,98.0,100.15,97.73,98.66,98.66,616900
2023-02-06,97.4,98.59,96.99,97.49,97.49,350200
2023-02-07,96.95,98.84,96.04,98.59,98.59,387700
2023-02-08,98.2,98.2,95.47,96.35,96.35,405000
2023-02-09,97.07,97.82,94.69,94.87,94.87,446700
2023-02-10,94.66,95.59,93.49,94.64,94.64,342300
2023-02-13,94.89,96.6,94.2,96.55,96.55,445200
2023-02-14,96.16,98.44,96.13,97.95,97.95,425700
2023-02-15,96.4,99.8,96.09,99.72,99.72,416000
2023-02-16,98.39,100.05,98.39,98.89,98.89,428700
2023-02-17,98.06,98.47,96.41,96.43,96.43,875500
2023-02-21,95.24,95.88,92.43,92.95,92.95,668100
2023-02-22,93.14,94.03,92.44,93.24,93.24,710200
2023-02-23,94.99,97.79,94.16,96.92,96.92,1445100
2023-02-24,92.11,98.46,89.0,97.18,97.18,1986000
2023-02-27,96.43,97.92,94.99,96.67,96.67,865400
2023-02-28,97.57,99.19,97.0,97.72,97.72,702400
2023-03-01,99.0,102.58,98.09,101.11,101.11,928000
2023-03-02,100.84,102.61,99.83,102.38,102.38,690500
2023-03-03,102.61,103.27,101.24,102.19,102.19,494800
2023-03-06,102.79,103.5,101.0,101.58,101.58,636600
2023-03-07,101.73,102.62,98.47,99.23,99.23,609800
2023-03-08,99.36,100.29,98.01,98.98,98.98,581500
2023-03-09,99.41,100.42,98.03,98.08,98.08,445900
2023-03-10,97.86,97.86,94.73,96.02,96.02,771100
2023-03-13,94.29,95.3,91.49,92.62,92.62,958100
2023-03-14,96.01,96.02,92.31,93.3,93.3,476500
2023-03-15,90.99,91.28,85.58,87.36,87.36,1010000
2023-03-16,85.61,91.42,85.61,89.07,89.07,1002300
2023-03-17,88.04,88.14,85.62,87.09,87.09,975700
2023-03-20,87.97,89.57,87.03,88.33,88.33,385300
2023-03-21,90.0,91.27,89.25,89.89,89.89,452600
2023-03-22,89.41,90.03,87.2,87.24,87.24,390200
2023-03-23,87.45,90.08,87.06,87.92,87.92,1169500
2023-03-24,86.28,91.62,85.73,91.48,91.48,1111300
2023-03-27,92.97,95.06,91.89,94.0,94.0,717600
2023-03-28,93.72,94.99,93.01,94.7,94.7,374100
2023-03-29,95.75,96.0,93.48,93.9,93.9,450200
2023-03-30,95.04,95.4,93.69,94.02,94.02,365900
2023-03-31,94.69,95.32,93.79,94.44,94.44,480000
2023-04-03,94.76,95.1,92.26,93.81,93.81,551200
2023-04-04,93.92,93.92,87.83,88.44,88.44,824800
2023-04-05,87.72,87.92,86.27,87.79,87.79,486600
2023-04-06,87.71,87.83,86.63,87.29,87.29,321400
2023-04-10,86.73,90.02,86.73,90.02,90.02,352900
2023-04-11,90.16,90.85,89.46,90.41,90.41,373800
2023-04-12,91.41,91.41,89.23,90.47,90.47,357400
2023-04-13,91.0,91.0,88.04,89.86,89.86,373100
2023-04-14,89.73,90.65,87.87,88.39,88.39,574400
2023-04-17,88.78,89.69,88.32,89.47,89.47,338900
2023-04-18,89.96,89.96,87.43,88.55,88.55,373300
2023-04-19,88.19,88.7,87.65,88.36,88.36,284400
2023-04-20,87.77,88.66,87.05,88.6,88.6,365200
2023-04-21,88.37,88.37,85.43,86.18,86.18,605100
2023-04-24,86.23,88.18,86.2,87.73,87.73,472900
2023-04-25,86.37,87.61,86.12,86.48,86.48,415100
2023-04-26,85.75,87.22,85.17,85.2,85.2,521500
2023-04-27,85.68,87.44,85.38,87.25,87.25,513100
2023-04-28,87.16,89.15,86.52,88.81,88.81,609700
2023-05-01,88.92,89.55,87.34,87.45,87.45,432300
2023-05-02,87.25,87.25,85.02,87.02,87.02,644700
2023-05-03,87.28,89.27,86.63,87.7,87.7,587200
2023-05-04,86.95,87.65,84.8,85.68,85.68,896900
2023-05-05,88.55,92.64,87.8,89.33,89.33,1456900
2023-05-08,89.92,90.97,87.55,88.06,88.06,630800
2023-05-09,87.53,90.23,87.25,90.02,90.02,557200
2023-05-10,91.16,91.44,88.29,90.35,90.35,424300
2023-05-11,89.34,90.92,88.45,90.86,90.86,584300
2023-05-12,91.64,96.99,91.64,94.99,94.99,1201100
2023-05-15,94.5,97.39,94.14,97.05,97.05,688400
2023-05-16,96.38,96.91,95.1,95.65,95.65,622700
2023-05-17,96.36,97.0,95.16,96.18,96.18,438700
2023-05-18,95.48,99.0,95.16,98.79,98.79,812600
2023-05-19,99.51,99.94,95.18,96.85,96.85,1157600
2023-05-22,97.16,98.51,96.38,97.94,97.94,840000
2023-05-23,96.87,98.37,96.0,96.89,96.89,629900
2023-05-24,96.96,96.96,92.66,94.41,94.41,948400
2023-05-25,94.04,96.56,92.87,96.41,96.41,622500
2023-05-26,97.0,98.6,96.72,98.24,98.24,546200
2023-05-30,100.0,104.87,99.47,102.17,102.17,1191100
2023-05-31,101.39,102.71,99.47,101.36,101.36,758800
2023-06-01,101.63,102.87,101.21,101.87,101.87,671400
2023-06-02,103.16,106.08,103.16,105.63,105.63,712400
2023-06-05,105.33,106.69,103.12,106.26,106.26,527700
2023-06-06,105.71,107.96,105.04,107.42,107.42,565700
2023-06-07,107.09,111.06,107.09,109.38,109.38,1133300
2023-06-08,109.15,111.06,107.86,110.85,110.85,575500
2023-06-09,110.71,112.18,109.88,110.01,110.01,669100
2023-06-12,110.32,110.96,109.08,109.96,109.96,416100
2023-06-13,110.72,112.12,109.93,110.14,110.14,620000
2023-06-14,109.57,110.39,106.58,107.79,107.79,1057100
2023-06-15,107.17,109.83,106.52,109.29,109.29,589000
2023-06-16,109.97,110.58,108.94,110.04,110.04,828900
2023-06-20,109.05,110.72,108.12,109.79,109.79,699200
2023-06-21,109.08,113.97,108.74,113.2,113.2,928900
2023-06-22,112.6,113.48,110.82,113.43,113.43,493400
2023-06-23,112.17,113.02,110.36,110.54,110.54,650300
2023-06-26,111.13,113.97,110.31,113.09,113.09,692800
2023-06-27,113.33,116.72,112.72,116.53,116.53,470100
2023-06-28,116.54,116.7,115.41,115.58,115.58,637300
2023-06-29,115.65,117.15,114.93,116.74,116.74,778200
2023-06-30,117.45,118.32,116.1,117.97,117.97,648100
2023-07-03,118.32,119.42,115.83,118.2,118.2,256400
2023-07-05,117.44,117.44,115.71,116.03,116.03,471500
2023-07-06,115.29,115.38,112.53,115.09,115.09,527100
2023-07-07,115.82,117.06,115.15,115.75,115.75,534000
2023-07-10,115.77,117.89,115.77,116.2,116.2,442300
2023-07-11,114.8,115.4,111.66,115.37,115.37,872100
2023-07-12,117.08,117.08,114.42,114.66,114.66,762200
2023-07-13,115.25,117.85,114.66,116.9,116.9,738100
2023-07-14,117.67,117.97,114.53,115.14,115.14,691100
2023-07-17,115.19,116.11,114.18,115.44,115.44,470400
2023-07-18,115.44,117.0,115.29,115.82,115.82,458900
2023-07-19,115.92,116.91,114.55,115.18,115.18,525500
2023-07-20,115.61,115.85,114.19,114.51,114.51,478100
2023-07-21,115.05,115.68,113.81,114.69,114.69,455400
2023-07-24,115.05,116.82,114.85,116.51,116.51,471700
2023-07-25,116.0,118.13,116.0,116.88,116.88,326900
2023-07-26,116.53,117.52,116.06,116.51,116.51,371500
2023-07-27,117.28,121.83,115.64,117.64,117.64,1444100
2023-07-28,118.17,119.08,115.22,117.02,117.02,511900
2023-07-31,117.45,117.84,116.62,117.75,117.75,399900
2023-08-01,117.4,122.58,117.31,121.95,121.95,812900
2023-08-02,121.08,122.31,120.22,122.08,122.08,817600
2023-08-03,121.39,123.33,119.67,120.96,120.96,1526000
2023-08-04,104.9,107.0,97.03,99.56,99.56,3730000
2023-08-07,98.01,98.01,95.56,96.14,96.14,1634100
2023-08-08,95.6,96.17,91.46,92.7,92.7,1440000
2023-08-09,92.75,94.34,91.69,93.26,93.26,989800
2023-08-10,93.3,96.15,93.03,94.07,94.07,745300
2023-08-11,93.98,94.63,93.05,94.12,94.12,565200
2023-08-14,93.8,94.8,93.12,94.48,94.48,554000
2023-08-15,94.19,94.44,92.64,93.79,93.79,393900
2023-08-16,93.3,95.18,93.3,93.59,93.59,373400
2023-08-17,93.51,93.98,92.5,93.08,93.08,434600
2023-08-18,92.24,94.55,92.09,94.16,94.16,513500
2023-08-21,94.52,95.4,93.62,95.32,95.32,401500
2023-08-22,95.7,97.73,95.4,97.01,97.01,669300
2023-08-23,97.29,97.34,95.68,97.08,97.08,407300
2023-08-24,97.0,97.55,95.64,95.66,95.66,340000
2023-08-25,95.67,97.18,94.82,96.37,96.37,418400
2023-08-28,96.75,99.2,96.75,98.78,98.78,447700
2023-08-29,98.79,101.14,98.3,100.75,100.75,494700
2023-08-30,100.82,101.54,99.39,99.43,99.43,605600
2023-08-31,99.8,100.25,98.95,99.49,99.49,315500
2023-09-01,99.87,101.09,98.32,99.47,99.47,608600
2023-09-05,98.46,98.81,94.71,95.61,95.61,730800
2023-09-06,95.89,97.02,93.12,93.87,93.87,536400
2023-09-07,92.99,93.01,91.48,92.48,92.48,728200
2023-09-08,92.89,93.1,91.47,91.74,91.74,514200
2023-09-11,92.3,92.35,89.24,90.33,90.33,716700
2023-09-12,90.05,91.3,88.01,88.18,88.18,807000
2023-09-13,87.84,87.84,83.34,83.71,83.71,1678900
2023-09-14,84.53,87.29,83.91,87.19,87.19,1124300
2023-09-15,86.7,86.71,83.3,84.39,84.39,1028100
2023-09-18,84.61,85.33,83.8,83.86,83.86,378100
2023-09-19,83.86,84.41,82.3,83.27,83.27,564700
2023-09-20,83.57,84.55,81.77,82.04,82.04,418200
2023-09-21,81.42,81.44,77.79,78.13,78.13,965300
2023-09-22,78.32,79.04,76.5,76.6,76.6,1575900
2023-09-25,76.24,77.1,73.35,73.5,73.5,2209100
2023-09-26,73.07,73.76,71.86,72.27,72.27,1290600
2023-09-27,73.01,74.7,71.99,72.9,72.9,831300
2023-09-28,72.22,74.26,72.22,72.82,72.82,560500
2023-09-29,73.59,73.7,71.61,71.97,71.97,744000
2023-10-02,71.82,71.96,68.91,69.57,69.57,1398100
2023-10-03,68.97,69.09,66.04,66.93,66.93,1070100
2023-10-04,66.87,68.44,65.88,68.28,68.28,1176500
2023-10-05,67.91,68.79,67.22,67.97,67.97,1019900
2023-10-06,67.33,69.74,67.27,68.89,68.89,543000
2023-10-09,68.33,68.42,66.1,66.57,66.57,937600
2023-10-10,66.96,70.09,66.79,69.81,69.81,1235000
2023-10-11,69.89,71.17,66.61,67.02,67.02,1404800
2023-10-12,67.74,69.21,66.33,66.5,66.5,945300
2023-10-13,66.43,66.49,62.6,63.79,63.79,1097800
2023-10-16,64.56,65.72,64.41,65.43,65.43,612800
2023-10-17,64.86,69.0,64.76,68.79,68.79,1047000
2023-10-18,67.99,68.0,66.1,66.25,66.25,625100
2023-10-19,65.93,66.69,63.82,64.0,64.0,824400
2023-10-20,63.83,64.05,60.85,61.16,61.16,1783200
2023-10-23,61.7,63.85,61.65,62.57,62.57,1077200
2023-10-24,62.6,63.21,60.53,60.84,60.84,1079200
2023-10-25,60.8,60.9,59.08,59.42,59.42,896100
2023-10-26,59.71,61.33,59.26,61.03,61.03,741400
2023-10-27,60.51,61.09,58.89,59.15,59.15,736100
2023-10-30,59.89,60.0,58.28,58.49,58.49,1142000
2023-10-31,58.54,59.55,57.34,59.44,59.44,967600
2023-11-01,49.0,49.7,45.0,48.98,48.98,5820800
2023-11-02,49.19,49.92,44.65,49.48,49.48,4125300
2023-11-03,51.02,52.0,49.59,51.58,51.58,2648200
2023-11-06,51.59,52.24,48.38,48.62,48.62,1292700
2023-11-07,47.72,49.9,46.7,49.44,49.44,1595200
2023-11-08,48.41,50.59,48.25,50.0,50.0,1316600
2023-11-09,50.8,51.17,47.33,47.6,47.6,1596100
2023-11-10,47.85,49.42,47.02,49.26,49.26,1321400
2023-11-13,49.27,49.89,48.62,49.1,49.1,603300
2023-11-14,51.08,52.96,50.9,51.67,51.67,1460200
2023-11-15,52.19,55.3,52.19,53.68,53.68,1564100
2023-11-16,53.43,54.25,52.74,53.31,53.31,960300
2023-11-17,53.87,54.36,52.89,53.37,53.37,653700
2023-11-20,53.5,55.34,52.88,54.94,54.94,1041100
2023-11-21,54.86,56.74,54.4,56.63,56.63,1500300
2023-11-22,56.87,58.16,55.73,57.34,57.34,1661300
2023-11-24,57.02,58.31,57.02,57.18,57.18,439700
2023-11-27,57.03,57.6,56.26,56.65,56.65,752400
2023-11-28,56.29,56.29,54.06,54.59,54.59,1166000
2023-11-29,55.28,60.4,55.28,58.95,58.95,1992500
2023-11-30,59.35,61.52,57.38,60.64,60.64,1709900
2023-12-01,60.26,63.42,59.24,63.12,63.12,1418600
2023-12-04,62.86,65.72,62.86,64.36,64.36,1190100
2023-12-05,63.5,65.81,62.56,65.63,65.63,1527600
2023-12-06,66.18,67.89,64.18,64.45,64.45,1608500
2023-12-07,64.55,65.75,63.86,64.82,64.82,805000
2023-12-08,64.9,67.05,64.69,66.43,66.43,856600
2023-12-11,66.0,67.29,65.7,67.27,67.27,682500
2023-12-12,67.27,68.51,66.51,67.64,67.64,1034000
2023-12-13,67.22,71.63,67.22,71.25,71.25,1400700
2023-12-14,73.32,76.56,73.32,75.53,75.53,2027700
2023-12-15,75.62,75.65,72.62,72.89,72.89,1766500
2023-12-18,72.82,73.4,71.24,71.36,71.36,776300
2023-12-19,72.64,74.21,72.11,73.49,73.49,785000
2023-12-20,72.83,74.09,70.19,70.53,70.53,846200
2023-12-21,71.69,72.91,71.1,72.44,72.44,713400
2023-12-22,72.9,73.78,72.19,73.09,73.09,517300
2023-12-26,73.44,75.08,73.1,74.6,74.6,642000
2023-12-27,74.79,75.56,74.36,74.61,74.61,507400
2023-12-28,74.65,75.64,74.61,75.59,75.59,516400
2023-12-29,75.04,76.36,74.84,75.72,75.72,722600
2024-01-02,74.57,75.69,73.29,74.12,74.12,518400
2024-01-03,72.63,73.07,70.48,70.51,70.51,964400
2024-01-04,70.91,71.44,69.4,69.9,69.9,769400
2024-01-05,69.38,71.55,69.04,70.31,70.31,768500
2024-01-08,69.82,72.25,69.67,71.82,71.82,598900
2024-01-09,70.86,71.85,69.78,71.65,71.65,907200
2024-01-10,72.11,74.85,71.52,74.75,74.75,1167700
2024-01-11,74.27,74.67,72.88,72.91,72.91,783900
2024-01-12,73.41,74.36,71.88,71.88,71.88,622300
2024-01-16,69.76,70.38,68.83,69.15,69.15,1735700
2024-01-17,67.77,67.77,65.19,66.29,66.29,1953500
2024-01-18,67.23,68.67,66.3,68.45,68.45,1017900
2024-01-19,68.5,68.63,62.93,63.16,63.16,2424700
2024-01-22,63.74,64.86,62.38,64.69,64.69,2165100
2024-01-23,65.75,66.26,60.96,64.66,64.66,1853600
2024-01-24,65.42,65.82,62.87,63.78,63.78,803000
2024-01-25,64.74,65.28,63.97,65.24,65.24,872100
2024-01-26,65.44,66.13,64.47,64.95,64.95,532200
2024-01-29,65.02,67.05,64.39,67.0,67.0,654300
2024-01-30,66.3,68.0,66.01,66.81,66.81,709800
2024-01-31,67.05,68.35,65.67,65.67,65.67,700300
2024-02-01,66.48,70.3,66.48,70.11,70.11,1270600
2024-02-02,69.3,71.81,68.31,70.71,70.71,871900
2024-02-05,69.32,69.43,66.66,68.01,68.01,556200
2024-02-06,67.97,69.06,67.49,69.02,69.02,709100
2024-02-07,69.89,69.99,67.52,68.65,68.65,632500
2024-02-08,68.56,70.06,68.54,69.26,69.26,598000
2024-02-09,69.57,71.26,68.55,70.89,70.89,620800
2024-02-12,70.31,73.95,70.31,73.39,73.39,843900
2024-02-13,70.6,72.92,70.19,71.47,71.47,1067300
2024-02-14,72.33,73.72,70.81,72.78,72.78,1159500
2024-02-15,73.72,74.67,72.47,72.98,72.98,668400
2024-02-16,71.92,72.92,70.93,71.08,71.08,815100
2024-02-20,69.69,70.13,68.68,69.31,69.31,1056300
2024-02-21,69.13,70.44,68.89,70.08,70.08,648000
2024-02-22,70.73,73.94,70.67,72.21,72.21,859700
2024-02-23,72.31,72.45,70.88,70.91,70.91,625900
2024-02-26,70.36,72.79,69.8,72.11,72.11,913300
2024-02-27,73.34,74.95,73.14,74.25,74.25,1190300
2024-02-28,73.75,75.46,72.96,74.76,74.76,905900
2024-02-29,75.33,75.89,73.85,75.46,75.46,1985900
2024-03-01,84.0,87.19,80.47,84.85,84.85,3192500
2024-03-04,87.73,88.92,86.05,87.68,87.68,1554300
2024-03-05,87.1,88.65,85.75,86.38,86.38,1124500
2024-03-06,87.34,90.62,87.15,88.62,88.62,1367000
2024-03-07,89.13,91.63,88.9,91.48,91.48,989300
2024-03-08,92.75,93.48,91.71,92.38,92.38,837600
2024-03-11,91.18,92.1,88.07,88.54,88.54,1175200
2024-03-12,89.01,89.46,87.08,88.15,88.15,652500
2024-03-13,88.09,89.08,86.52,86.7,86.7,775400
2024-03-14,85.52,86.78,82.51,84.36,84.36,665600
2024-03-15,83.79,85.32,83.61,84.41,84.41,1230200
2024-03-18,85.02,86.56,84.71,86.36,86.36,785000
2024-03-19,85.39,86.97,84.81,85.95,85.95,502700
2024-03-20,85.78,87.55,85.6,86.48,86.48,629600
2024-03-21,87.4,91.14,87.38,90.76,90.76,878100
2024-03-22,91.0,91.42,89.37,89.87,89.87,482600
2024-03-25,90.21,92.15,89.5,92.05,92.05,659600
2024-03-26,92.66,94.08,91.03,91.57,91.57,698600
2024-03-27,92.36,93.98,92.04,93.73,93.73,799700
2024-03-28,93.87,94.82,92.72,93.25,93.25,546300
2024-04-01,92.97,94.37,92.06,93.88,93.88,623800
2024-04-02,92.7,93.3,90.99,92.56,92.56,720100
2024-04-03,92.4,95.32,91.86,95.01,95.01,780900
2024-04-04,95.94,96.73,91.81,91.98,91.98,580900
2024-04-05,92.44,93.66,91.92,93.39,93.39,533100
2024-04-08,93.98,94.86,92.64,94.16,94.16,412400
2024-04-09,94.67,95.0,92.0,93.03,93.03,638200
2024-04-10,90.35,91.02,88.86,90.2,90.2,551400
2024-04-11,90.36,92.38,89.17,91.91,91.91,808600
2024-04-12,91.43,92.28,87.79,87.96,87.96,927300
2024-04-15,89.5,90.11,84.2,84.67,84.67,961800
2024-04-16,84.05,84.95,83.02,84.66,84.66,911100
2024-04-17,84.83,85.67,82.5,82.82,82.82,578600
2024-04-18,83.2,85.2,82.29,83.44,83.44,510300
2024-04-19,83.14,84.95,83.04,84.42,84.42,676200
2024-04-22,85.14,85.14,83.04,83.76,83.76,646600
2024-04-23,84.64,87.58,84.49,86.53,86.53,442700
2024-04-24,86.81,87.04,84.19,85.18,85.18,747500
2024-04-25,84.63,86.75,83.17,86.18,86.18,509600
2024-04-26,86.59,89.37,86.06,89.04,89.04,536300
2024-04-29,89.41,91.6,88.86,89.49,89.49,702300
2024-04-30,88.39,89.96,87.9,88.69,88.69,878800
2024-05-01,88.43,90.46,86.12,88.42,88.42,804800
2024-05-02,88.92,92.72,86.95,91.0,91.0,1741200
2024-05-03,101.49,106.09,101.19,101.8,101.8,2348100
2024-05-06,103.37,107.39,103.0,105.82,105.82,1388600
2024-05-07,106.33,107.95,105.5,105.65,105.65,1087700
2024-05-08,105.01,106.29,103.72,105.27,105.27,939700
2024-05-09,106.13,106.31,104.62,105.63,105.63,1071900
2024-05-10,106.64,108.24,105.77,108.07,108.07,828400
2024-05-13,108.68,109.64,106.14,106.98,106.98,1014600
2024-05-14,107.98,108.23,104.7,106.77,106.77,660400
2024-05-15,108.43,109.34,106.78,106.99,106.99,512000
2024-05-16,106.58,107.28,105.47,106.45,106.45,532400
2024-05-17,106.42,107.4,105.79,107.33,107.33,500300
2024-05-20,107.65,109.43,107.65,108.88,108.88,433900
2024-05-21,108.09,109.2,107.61,108.86,108.86,530500
2024-05-22,109.05,112.37,109.0,109.44,109.44,964500
2024-05-23,110.51,113.1,109.6,110.07,110.07,721100
2024-05-24,110.87,112.69,110.31,112.21,112.21,775400
2024-05-28,113.12,113.12,109.44,110.27,110.27,623600
2024-05-29,107.92,110.56,107.91,109.98,109.98,590900
2024-05-30,110.45,111.45,109.25,111.39,111.39,570300
2024-05-31,112.01,113.1,107.69,112.25,112.25,971200
2024-06-03,111.82,112.73,109.82,111.89,111.89,855900
2024-06-04,111.02,111.02,106.6,107.96,107.96,834800
2024-06-05,108.46,112.88,107.4,110.43,110.43,1007000
2024-06-06,109.91,111.01,107.48,108.38,108.38,597900
2024-06-07,107.53,108.19,105.45,107.07,107.07,673300
2024-06-10,106.15,109.67,106.15,108.95,108.95,663800
2024-06-11,108.07,108.57,106.41,107.12,107.12,314200
2024-06-12,109.55,111.59,109.1,109.99,109.99,645400
2024-06-13,109.44,109.83,107.26,109.39,109.39,397400
2024-06-14,107.77,108.41,105.79,107.71,107.71,332400
2024-06-17,107.05,108.73,106.53,108.42,108.42,350900
2024-06-18,108.0,110.76,107.7,110.67,110.67,484800
2024-06-20,110.42,111.17,107.91,109.2,109.2,610400
2024-06-21,108.67,111.63,105.68,111.63,111.63,2341800
2024-06-24,109.3,111.06,108.17,108.2,108.2,1119800
2024-06-25,108.67,110.14,108.16,109.82,109.82,660200
2024-06-26,109.46,109.58,107.4,108.65,108.65,824100
2024-06-27,109.74,110.22,107.92,109.26,109.26,563800
2024-06-28,109.3,110.55,105.74,106.99,106.99,923100
2024-07-01,107.73,107.84,102.58,103.0,103.0,1067300
2024-07-02,102.63,103.49,100.79,101.0,101.0,1082800
2024-07-03,101.26,103.55,101.15,102.9,102.9,489800
2024-07-05,102.18,102.86,99.52,100.58,100.58,1219000
2024-07-08,101.46,102.82,100.79,102.24,102.24,734200
2024-07-09,102.04,102.97,101.25,102.04,102.04,581100
2024-07-10,102.4,103.62,101.66,102.96,102.96,690000
2024-07-11,104.98,106.4,103.18,103.91,103.91,1129100
2024-07-12,105.27,108.36,104.97,107.6,107.6,788700
2024-07-15,107.14,107.86,104.13,104.35,104.35,644600
2024-07-16,104.68,106.74,103.28,106.33,106.33,1116700
2024-07-17,105.25,106.84,103.15,103.4,103.4,642100
2024-07-18,104.7,108.68,102.72,104.27,104.27,734600
2024-07-19,104.56,106.35,104.09,105.14,105.14,1096700
2024-07-22,107.68,109.72,106.25,109.05,109.05,639200
2024-07-23,108.5,110.89,108.21,109.74,109.74,539300
2024-07-24,108.73,110.89,105.27,105.66,105.66,524500
2024-07-25,107.76,107.76,104.45,104.98,104.98,734300
2024-07-26,107.22,109.87,105.43,109.58,109.58,612600
2024-07-29,109.83,110.26,106.2,107.21,107.21,865600
2024-07-30,107.75,108.26,104.1,106.37,106.37,1250500
2024-07-31,108.73,112.3,108.5,110.03,110.03,1386500
2024-08-01,110.0,111.42,104.43,106.12,106.12,1718100
2024-08-02,110.87,110.87,101.6,102.18,102.18,2005000
2024-08-05,95.5,103.42,89.96,101.47,101.47,1789100
2024-08-06,102.45,107.03,100.77,105.34,105.34,873000
2024-08-07,108.51,109.96,103.17,104.26,104.26,984200
2024-08-08,106.19,109.64,104.78,108.32,108.32,651800
2024-08-09,108.58,109.14,104.73,106.65,106.65,794200
2024-08-12,106.82,107.2,105.07,106.7,106.7,549800
2024-08-13,107.64,109.12,105.81,109.0,109.0,581000
2024-08-14,109.23,109.23,106.65,108.73,108.73,525600
2024-08-15,111.1,112.62,110.5,110.78,110.78,609500
2024-08-16,110.68,111.56,109.56,110.8,110.8,457200
2024-08-19,111.07,113.28,109.86,113.18,113.18,556100
2024-08-20,113.28,113.29,109.88,111.63,111.63,546900
2024-08-21,111.88,113.15,111.17,112.53,112.53,325600
2024-08-22,112.46,112.87,109.24,109.43,109.43,423400
2024-08-23,110.1,112.91,109.15,111.95,111.95,432700
2024-08-26,112.06,113.69,110.24,110.88,110.88,364200
2024-08-27,109.95,111.37,108.25,110.24,110.24,381500
2024-08-28,110.16,111.66,108.64,109.87,109.87,589400
2024-08-29,110.68,112.56,108.98,110.82,110.82,470200
2024-08-30,111.37,113.21,110.27,113.13,113.13,554800
2024-09-03,111.73,112.56,104.27,104.36,104.36,801500
2024-09-04,103.71,104.91,102.76,103.93,103.93,745800
2024-09-05,103.44,105.03,100.9,100.97,100.97,1556100
2024-09-06,101.26,102.98,96.01,97.26,97.26,1151400
2024-09-09,98.13,101.59,98.0,101.47,101.47,1139100
2024-09-10,101.43,103.2,100.08,102.78,102.78,608500
2024-09-11,104.18,107.75,102.01,107.58,107.58,602200
2024-09-12,108.0,110.45,106.8,110.4,110.4,671400
2024-09-13,111.01,113.0,111.01,112.28,112.28,735900
2024-09-16,112.28,113.91,111.12,113.35,113.35,637600
2024-09-17,114.48,116.67,113.79,116.58,116.58,774800
2024-09-18,116.53,121.26,116.15,116.96,116.96,1322800
2024-09-19,120.5,124.9,118.9,124.51,124.51,1460200
2024-09-20,125.0,127.97,124.13,126.14,126.14,2713900
2024-09-23,125.9,127.87,123.96,125.39,125.39,1095400
2024-09-24,125.64,126.51,123.88,124.0,124.0,606300
2024-09-25,124.0,124.77,122.9,123.63,123.63,529600
2024-09-26,124.97,126.95,122.64,122.73,122.73,631700
2024-09-27,123.23,125.19,121.6,122.8,122.8,584300
2024-09-30,123.01,124.98,121.77,123.1,123.1,762500
2024-10-01,123.1,123.34,119.87,122.18,122.18,813700
2024-10-02,121.72,125.64,120.87,125.13,125.13,593300
2024-10-03,124.42,127.39,123.67,125.66,125.66,631900
2024-10-04,128.0,129.49,125.54,127.13,127.13,663700
2024-10-07,127.27,130.15,126.98,129.55,129.55,791600
2024-10-08,130.0,130.22,127.2,128.43,128.43,818400
2024-10-09,128.8,128.8,125.9,127.74,127.74,599400
2024-10-10,126.98,127.19,125.22,126.78,126.78,534800
2024-10-11,126.42,127.69,124.16,127.39,127.39,723400
2024-10-14,126.86,127.78,125.19,125.43,125.43,802000
2024-10-15,125.17,126.58,124.2,125.38,125.38,852500
2024-10-16,127.02,129.85,126.5,127.93,127.93,709500
2024-10-17,128.03,129.12,126.62,127.25,127.25,512100
2024-10-18,127.51,127.89,125.99,127.15,127.15,498000
2024-10-21,127.0,129.0,126.08,128.2,128.2,403000
2024-10-22,127.0,127.42,124.94,125.38,125.38,529600
2024-10-23,124.6,125.65,121.0,122.32,122.32,760300
2024-10-24,122.77,123.56,121.1,122.53,122.53,438600
2024-10-25,122.95,123.98,121.54,121.95,121.95,404100
2024-10-28,123.0,124.97,122.23,123.73,123.73,707900
2024-10-29,123.0,123.29,121.67,122.1,122.1,576200
2024-10-30,121.91,123.87,119.86,120.0,120.0,879800
2024-10-31,118.87,123.95,118.86,122.89,122.89,1454600
2024-11-01,138.36,138.87,128.5,130.0,130.0,2451700
2024-11-04,131.2,135.07,130.92,132.61,132.61,1120500
2024-11-05,134.25,139.39,134.23,136.54,136.54,834500
2024-11-06,140.0,140.98,133.11,140.63,140.63,1556200
2024-11-07,142.04,144.15,141.22,141.53,141.53,762200
2024-11-08,141.62,145.74,141.19,144.89,144.89,811400
2024-11-11,146.29,147.23,143.81,145.09,145.09,911500
2024-11-12,145.18,145.18,137.52,139.73,139.73,1332500
2024-11-13,140.0,141.91,138.41,139.32,139.32,934700
2024-11-14,139.31,139.43,135.66,137.4,137.4,829400
2024-11-15,136.01,137.57,134.63,135.32,135.32,806400
2024-11-18,136.31,140.42,135.71,138.48,138.48,804000
2024-11-19,135.91,142.79,135.91,142.4,142.4,1051800
2024-11-20,142.51,143.06,139.32,140.82,140.82,553100
2024-11-21,142.01,144.31,141.2,142.06,142.06,984500
2024-11-22,141.68,142.96,140.54,142.15,142.15,613900
2024-11-25,143.35,143.37,138.51,143.07,143.07,1056500
2024-11-26,143.0,150.12,142.5,147.94,147.94,1336000
2024-11-27,148.35,149.52,142.76,144.55,144.55,653400
2024-11-29,146.3,147.85,143.88,144.06,144.06,557500
2024-12-02,144.45,144.82,141.76,142.05,142.05,636400
2024-12-03,142.27,144.02,141.79,143.46,143.46,812000
2024-12-04,143.34,144.02,139.26,143.07,143.07,921700
2024-12-05,143.23,143.23,140.38,141.27,141.27,832600
2024-12-06,141.61,142.25,139.32,141.92,141.92,637200
2024-12-09,142.02,142.25,133.75,133.8,133.8,1101400
2024-12-10,133.19,135.1,132.24,132.86,132.86,944800
2024-12-11,136.07,138.66,134.0,137.8,137.8,857800
2024-12-12,137.46,138.78,135.46,137.42,137.42,817700
2024-12-13,137.51,139.01,136.31,137.78,137.78,474400
2024-12-16,137.78,141.76,137.57,139.79,139.79,841100
2024-12-17,138.17,138.85,134.39,136.54,136.54,685500
2024-12-18,137.46,139.65,129.88,130.71,130.71,919200
2024-12-19,133.34,135.9,130.47,132.07,132.07,737600
2024-12-20,130.54,139.04,130.32,136.56,136.56,3216100
2024-12-23,136.0,138.59,135.43,138.22,138.22,683300
2024-12-24,139.04,140.06,137.4,138.42,138.42,255900
2024-12-26,137.7,138.83,137.22,138.5,138.5,284000
2024-12-27,137.25,138.26,134.29,135.73,135.73,273300
2024-12-30,133.71,136.65,132.18,135.8,135.8,439600
2024-12-31,136.82,136.98,135.35,136.14,136.14,559200
2025-01-02,136.59,141.5,135.79,139.99,139.99,1035900
2025-01-03,140.99,147.9,140.99,146.69,146.69,1151600
2025-01-06,148.06,149.88,146.18,148.13,148.13,775100
2025-01-07,149.01,150.55,141.99,146.41,146.41,778800
2025-01-08,147.63,147.8,141.28,146.57,146.57,885400
2025-01-10,144.6,145.06,141.25,144.6,144.6,913500
2025-01-13,142.27,144.59,141.25,144.07,144.07,606800
2025-01-14,146.63,152.84,145.79,150.67,150.67,1128700
2025-01-15,154.1,155.71,151.56,153.54,153.54,784800
2025-01-16,154.41,157.32,153.11,155.32,155.32,708400
2025-01-17,156.41,157.0,153.98,155.0,155.0,771700
2025-01-21,157.5,161.05,156.23,160.79,160.79,947400
2025-01-22,164.31,166.95,157.45,159.14,159.14,1040200
2025-01-23,157.57,160.92,156.8,160.21,160.21,803400
2025-01-24,161.0,161.7,157.79,159.75,159.75,602500
2025-01-27,149.64,150.12,129.49,130.84,130.84,2644300
2025-01-28,136.22,136.84,130.85,135.0,135.0,1836000
2025-01-29,136.5,141.2,136.13,139.57,139.57,1663600
2025-01-30,141.74,148.44,141.74,146.93,146.93,1075600
2025-01-31,148.25,150.08,144.1,145.09,145.09,871500
2025-02-03,140.05,144.49,138.12,141.59,141.59,686200
2025-02-04,141.08,142.75,138.33,140.32,140.32,732900
2025-02-05,142.04,145.14,137.01,137.78,137.78,1464500
2025-02-06,139.35,145.08,137.81,145.05,145.05,1104100
2025-02-07,145.81,146.77,142.79,144.81,144.81,556800
2025-02-10,146.2,146.55,142.46,144.3,144.3,784400
2025-02-11,143.21,143.54,137.7,140.34,140.34,626200
2025-02-12,136.58,138.33,135.12,138.13,138.13,843200
2025-02-13,139.59,140.6,132.77,136.95,136.95,937500
2025-02-14,137.71,137.71,133.4,135.78,135.78,656900
2025-02-18,136.09,137.79,134.5,135.66,135.66,580500
2025-02-19,134.73,136.28,133.68,135.24,135.24,608400
2025-02-20,137.31,138.33,129.16,132.77,132.77,1197700
2025-02-21,134.4,135.03,125.51,126.51,126.51,1179500
2025-02-24,126.69,128.48,123.51,125.5,125.5,1330700
2025-02-25,124.84,129.6,123.35,128.36,128.36,1507100
2025-02-26,131.0,135.25,130.45,132.53,132.53,1086800
2025-02-27,132.64,134.41,126.01,126.83,126.83,1983600
2025-02-28,124.61,134.39,124.0,130.59,130.59,3335700
2025-03-03,133.64,135.87,125.1,127.67,127.67,1883100
2025-03-04,125.12,128.78,119.92,123.89,123.89,1697100
2025-03-05,124.84,128.18,122.79,127.91,127.91,1127700
2025-03-06,123.92,125.49,117.82,118.84,118.84,1464100
2025-03-07,118.8,120.19,110.49,115.47,115.47,1613800
2025-03-10,111.06,112.94,106.45,108.66,108.66,2091400
2025-03-11,108.95,117.2,108.02,114.47,114.47,2055100
2025-03-12,117.64,121.49,115.18,117.9,117.9,1412000
2025-03-13,117.39,118.87,113.26,116.53,116.53,912900
2025-03-14,119.58,121.6,116.91,120.49,120.49,695300
2025-03-17,119.87,125.58,119.87,124.14,124.14,809300
2025-03-18,122.27,123.41,119.46,121.53,121.53,867700
2025-03-19,122.29,127.28,121.62,125.97,125.97,874400
2025-03-20,123.98,129.03,123.98,126.58,126.58,950200
2025-03-21,124.55,126.3,122.81,124.03,124.03,4896000
2025-03-24,127.36,132.49,127.36,131.68,131.68,1313700
2025-03-25,131.58,132.03,126.62,128.69,128.69,954000
2025-03-26,127.98,128.39,121.87,122.72,122.72,738200
2025-03-27,121.48,121.93,117.25,118.79,118.79,919500
2025-03-28,117.63,119.39,115.02,115.25,115.25,1229300
2025-03-31,111.74,116.91,108.36,116.71,116.71,1872400
2025-04-01,115.5,118.77,114.41,118.7,118.7,958100
2025-04-02,116.1,123.56,116.1,122.76,122.76,768400
2025-04-03,114.87,116.73,110.61,112.0,112.0,1820000
2025-04-04,106.86,110.03,100.11,106.07,106.07,2165700
2025-04-07,100.85,114.24,99.7,107.56,107.56,2200500
2025-04-08,112.06,115.15,104.46,106.82,106.82,1137700
2025-04-09,105.6,123.69,104.4,121.85,121.85,1571600
2025-04-10,117.79,119.76,111.82,115.06,115.06,1424600
2025-04-11,114.39,117.65,112.37,116.98,116.98,817600
2025-04-14,120.27,120.28,116.5,118.2,118.2,694000
2025-04-15,118.65,120.45,117.85,118.67,118.67,657800
2025-04-16,115.06,118.76,113.68,117.41,117.41,777900
2025-04-17,118.0,118.66,115.33,116.36,116.36,1014500
2025-04-21,114.95,114.96,109.68,111.12,111.12,1113700
2025-04-22,113.11,116.3,112.29,114.25,114.25,732300
2025-04-23,119.89,124.73,117.61,118.41,118.41,593200
2025-04-24,118.32,123.51,117.5,122.83,122.83,443100
2025-04-25,123.43,126.03,122.0,125.11,125.11,504800
2025-04-28,124.57,127.93,124.36,126.17,126.17,542100
2025-04-29,125.61,128.24,123.39,127.42,127.42,977600
2025-04-30,123.32,127.8,121.82,127.32,127.32,924000
2025-05-01,133.0,138.48,131.68,134.01,134.01,1719600
2025-05-02,138.6,143.88,136.88,140.87,140.87,1633300
2025-05-05,139.56,145.28,139.56,143.57,143.57,1157700
2025-05-06,141.12,145.94,141.12,144.6,144.6,949000
2025-05-07,146.7,146.7,143.93,145.29,145.29,793300
2025-05-08,147.65,150.73,145.83,147.64,147.64,834500
2025-05-09,148.19,149.19,145.27,148.22,148.22,642400
2025-05-12,154.38,155.32,151.14,152.74,152.74,1054800
2025-05-13,153.96,159.03,151.63,156.75,156.75,1009700
2025-05-14,158.34,161.46,157.07,157.32,157.32,841700
2025-05-15,155.37,156.53,153.14,155.61,155.61,942500
2025-05-16,156.31,158.36,154.81,157.77,157.77,813900
2025-05-19,154.7,158.29,153.41,157.36,157.36,723300
2025-05-20,159.19,160.29,157.41,158.23,158.23,586800
2025-05-21,156.26,159.24,154.04,155.34,155.34,820200
2025-05-22,153.02,154.44,145.46,150.77,150.77,1363700
2025-05-23,149.15,153.52,148.6,152.45,152.45,772800
2025-05-27,154.7,155.98,152.76,155.44,155.44,968000
2025-05-28,156.43,156.54,153.85,155.2,155.2,723700
2025-05-29,157.38,157.38,154.21,156.07,156.07,647800
2025-05-30,155.72,157.09,154.07,155.93,155.93,894900
2025-06-02,155.7,156.67,152.43,156.36,156.36,830300
2025-06-03,157.19,160.59,157.19,159.61,159.61,578900
2025-06-04,159.32,161.1,157.61,157.63,157.63,540500
2025-06-05,158.13,160.83,157.36,159.52,159.52,479300
2025-06-06,162.93,164.25,160.9,163.7,163.7,861500
2025-06-09,165.0,165.0,161.55,162.32,162.32,576600
2025-06-10,162.32,162.32,153.82,158.43,158.43,963200
2025-06-11,159.42,162.99,157.58,162.9,162.9,667100
2025-06-12,161.0,163.78,159.23,163.3,163.3,652800
2025-06-13,160.11,163.68,159.77,162.1,162.1,413100
2025-06-16,164.34,166.42,163.07,163.59,163.59,735900
2025-06-17,161.0,164.0,159.98,162.65,162.65,704400
2025-06-18,162.89,166.4,162.89,164.66,164.66,728600
2025-06-20,166.22,166.56,162.29,163.71,163.71,1586800
2025-06-23,163.0,167.03,162.41,166.34,166.34,596800
2025-06-24,168.0,170.09,166.71,169.51,169.51,639300
2025-06-25,170.61,171.87,168.43,168.56,168.56,669700
2025-06-26,170.53,172.08,169.28,170.55,170.55,629600
2025-06-27,171.46,172.71,167.19,171.99,171.99,1409900
2025-06-30,171.73,171.73,166.16,170.43,170.43,1268600
2025-07-01,169.85,170.27,164.13,168.23,168.23,1476100
2025-07-02,168.53,171.25,168.16,169.36,169.36,961800
2025-07-03,169.45,173.24,169.45,171.89,171.89,862200
2025-07-07,171.65,173.09,169.56,171.98,171.98,751900
2025-07-08,171.55,171.73,165.26,168.24,168.24,946800
2025-07-09,170.35,170.58,167.74,169.32,169.32,532700
2025-07-10,168.8,169.91,164.12,168.77,168.77,934500
2025-07-11,167.99,170.81,167.29,170.24,170.24,539500
2025-07-14,170.32,172.75,168.86,172.38,172.38,599600
2025-07-15,173.67,173.67,170.86,171.92,171.92,592400
2025-07-16,173.1,175.11,171.15,174.36,174.36,1082800
2025-07-17,174.75,177.38,174.42,176.57,176.57,963300
2025-07-18,177.46,178.93,176.24,177.67,177.67,848700
2025-07-21,177.26,177.66,174.0,175.33,175.33,523400
2025-07-22,174.2,175.0,167.26,173.89,173.89,742400
2025-07-23,176.44,182.46,176.11,182.39,182.39,1237400
2025-07-24,182.94,182.94,179.94,181.75,181.75,629800
2025-07-25,184.26,188.74,184.1,186.19,186.19,642300
2025-07-28,186.01,187.63,184.15,187.15,187.15,888000
2025-07-29,188.55,190.8,186.3,188.23,188.23,1164200
2025-07-30,189.6,190.95,188.42,189.87,189.87,1073000
2025-07-31,190.56,194.0,188.31,189.21,189.21,1780000
2025-08-01,169.36,175.42,160.08,174.05,174.05,3637800
2025-08-04,180.05,182.0,176.07,177.93,177.93,1509400
2025-08-05,180.36,181.67,174.37,177.7,177.7,950100
2025-08-06,177.81,184.03,176.31,183.11,183.11,1116300
2025-08-07,184.95,186.06,181.06,182.98,182.98,758100
2025-08-08,184.11,184.11,180.69,181.3,181.3,771400
2025-08-11,181.0,181.71,176.76,179.06,179.06,640000
2025-08-12,180.6,184.71,178.33,184.39,184.39,712400
2025-08-13,185.42,187.02,176.81,181.59,181.59,980100
2025-08-14,180.08,181.24,177.89,178.0,178.0,640300
2025-08-15,178.53,181.0,172.92,177.8,177.8,1153500
2025-08-18,178.0,180.7,177.55,178.45,178.45,663600
2025-08-19,178.19,178.19,173.74,175.26,175.26,613800
2025-08-20,173.2,174.4,167.66,172.51,172.51,1500200
2025-08-21,172.38,174.66,172.35,173.67,173.67,821600
2025-08-22,175.09,180.38,174.16,176.97,176.97,777700
2025-08-25,177.74,179.65,176.0,177.13,177.13,700900
2025-08-26,177.71,182.78,177.71,182.55,182.55,956500
2025-08-27,181.99,183.47,179.95,180.0,180.0,783500
2025-08-28,180.91,184.74,179.89,184.44,184.44,708600
2025-08-29,184.9,185.87,178.74,181.69,181.69,1124200
2025-09-02,179.51,180.22,175.01,180.0,180.0,805800
2025-09-03,180.01,181.23,177.76,179.5,179.5,735700
2025-09-04,181.24,182.7,177.51,182.51,182.51,888000
2025-09-05,183.76,183.86,171.05,178.0,178.0,1119800
2025-09-08,179.27,179.98,176.48,176.75,176.75,752600
2025-09-09,176.98,177.05,173.9,174.99,174.99,587500
2025-09-10,176.31,190.53,176.31,190.12,190.12,1658700
2025-09-11,190.39,193.19,186.34,189.18,189.18,1220500
2025-09-12,188.08,190.46,187.88,189.75,189.75,742900
2025-09-15,190.45,193.81,189.02,193.25,193.25,688600
2025-09-16,193.29,194.09,189.72,191.96,191.96,709200
2025-09-17,196.81,198.48,192.52,193.35,193.35,945400
2025-09-18,195.01,201.64,193.76,199.45,199.45,1241200
2025-09-19,201.65,201.97,198.62,200.96,200.96,1695400
2025-09-22,200.0,207.58,199.97,207.07,207.07,857200
2025-09-23,206.35,208.0,204.62,206.25,206.25,755500
2025-09-24,207.35,208.08,204.09,205.94,205.94,810000
2025-09-25,201.97,206.29,196.29,204.4,204.4,1099400
2025-09-26,205.44,209.12,204.35,208.12,208.12,618300
2025-09-29,210.39,212.47,208.69,209.55,209.55,672800
2025-09-30,210.14,213.66,209.21,212.81,212.81,851700
2025-10-01,211.3,216.97,206.93,215.0,215.0,773100
2025-10-02,216.59,219.09,213.84,215.4,215.4,668700
2025-10-03,217.08,217.5,212.67,215.81,215.81,811800
2025-10-06,219.73,221.83,216.79,216.8,216.8,707400
2025-10-07,219.96,220.75,207.98,212.98,212.98,933600
2025-10-08,214.23,219.67,211.18,218.92,218.92,661800
2025-10-09,220.41,220.41,210.06,210.09,210.09,1050400
2025-10-10,210.26,212.22,195.04,195.6,195.6,2148100
2025-10-13,200.88,205.7,199.89,203.26,203.26,1004500
2025-10-14,198.46,208.44,196.65,205.38,205.38,725700
2025-10-15,207.65,208.85,200.01,204.56,204.56,1141700
2025-10-16,206.51,209.02,202.15,203.4,203.4,627100
2025-10-17,202.0,204.95,199.66,201.86,201.86,962900
2025-10-20,206.21,208.76,202.61,205.21,205.21,609700
2025-10-21,205.46,208.22,200.0,207.18,207.18,993300
2025-10-22,208.3,211.35,190.01,196.76,196.76,1437300
2025-10-23,197.35,206.0,197.35,204.92,204.92,704700
2025-10-24,210.01,215.72,210.01,211.88,211.88,849300
2025-10-27,215.1,215.1,211.51,211.92,211.92,718000
2025-10-28,213.56,214.92,209.7,212.04,212.04,672500
2025-10-29,213.79,222.94,213.45,221.36,221.36,1138100
2025-10-30,217.25,224.03,211.32,213.95,213.95,1743800
2025-10-31,206.83,216.0,197.97,204.16,204.16,2970300
2025-11-03,207.43,210.4,201.57,201.61,201.61,1308500
2025-11-04,196.44,201.41,191.78,195.51,195.51,1078200
2025-11-05,197.91,202.98,196.72,199.08,199.08,680900
2025-11-06,199.48,201.86,195.71,196.66,196.66,668100
2025-11-07,194.32,201.45,188.0,200.44,200.44,794600
2025-11-10,206.02,207.94,198.84,201.02,201.02,553000
2025-11-11,198.25,200.21,195.0,197.6,197.6,472100
2025-11-12,198.0,202.8,197.73,199.54,199.54,517700
2025-11-13,198.53,199.93,189.08,190.08,190.08,874600
2025-11-14,187.0,198.06,182.34,192.22,192.22,879400
2025-11-17,191.94,197.28,190.38,193.39,193.39,1029500
2025-11-18,190.27,197.61,189.4,194.92,194.92,888400
2025-11-19,197.46,201.2,194.91,197.01,197.01,655900
2025-11-20,202.9,209.47,190.69,191.82,191.82,1733000
2025-11-21,192.27,195.65,187.21,193.08,193.08,721500
2025-11-24,195.52,205.68,195.0,204.62,204.62,705300
2025-11-25,204.15,207.54,199.21,205.87,205.87,489000
2025-11-26,207.13,213.88,206.67,210.47,210.47,506900
2025-11-28,210.57,214.25,210.19,213.88,213.88,353800
2025-12-01,209.61,212.94,206.8,212.14,212.14,807800
2025-12-02,215.03,217.43,210.92,212.98,212.98,838500
2025-12-03,211.71,219.29,207.94,218.29,218.29,1031900
2025-12-04,216.05,219.79,214.18,219.12,219.12,703200
2025-12-05,220.0,222.46,217.13,219.52,219.52,542900
2025-12-08,221.81,225.49,218.17,220.58,220.58,823100
2025-12-09,219.44,224.73,219.23,220.38,220.38,579600
2025-12-10,220.59,231.98,220.59,228.8,228.8,1432900
2025-12-11,226.82,233.14,220.4,232.94,232.94,1070800
2025-12-12,232.18,232.24,218.48,221.01,221.01,1264700
2025-12-15,221.48,223.7,218.92,220.37,220.37,711600
2025-12-16,219.81,223.58,215.44,218.19,218.19,815300
2025-12-17,219.08,223.38,206.15,209.27,209.27,1425500
2025-12-18,214.19,218.72,212.86,213.96,213.96,830900
2025-12-19,215.08,221.04,215.08,218.18,218.18,1092500
2025-12-22,221.51,224.81,219.48,224.58,224.58,513500
2025-12-23,224.18,227.08,221.49,224.98,224.98,552000
2025-12-24,225.02,225.02,222.64,223.5,223.5,263000
2025-12-26,225.0,225.5,222.66,224.4,224.4,270200
2025-12-29,223.25,224.58,221.82,222.76,222.76,386700
2025-12-30,222.86,222.86,219.67,220.33,220.33,509400
2025-12-31,220.84,222.43,216.68,217.37,217.37,396900
2026-01-02,220.01,228.48,219.3,227.65,227.65,576200
2026-01-05,230.11,237.76,230.11,232.59,232.59,1409800
2026-01-06,231.32,236.48,222.51,236.35,236.35,1445500
2026-01-07,234.02,237.38,231.52,235.75,235.75,1933200
2026-01-08,235.69,236.2,213.2,219.03,219.03,2189000
2026-01-09,221.72,226.31,218.45,218.91,218.91,818500
2026-01-12,218.83,226.92,218.0,223.7,223.7,696600
2026-01-13,221.7,229.59,221.7,226.07,226.07,652500
2026-01-14,225.73,227.67,219.26,226.0,226.0,773700
2026-01-15,229.0,239.82,229.0,235.89,235.89,994200
2026-01-16,240.01,249.21,239.68,242.31,242.31,971300
2026-01-20,237.18,243.96,237.18,240.35,240.35,674100
2026-01-21,242.84,246.36,235.5,243.8,243.8,516700
2026-01-22,248.57,249.0,236.97,244.57,244.57,682100
2026-01-23,245.5,245.5,239.95,241.8,241.8,520600
2026-01-26,242.75,248.32,241.81,245.29,245.29,484400
2026-01-27,248.97,250.99,244.9,248.59,248.59,444100
2026-01-28,249.38,250.1,243.16,244.75,244.75,670500
2026-01-29,247.24,250.0,238.46,245.08,245.08,947100
2026-01-30,241.03,245.97,237.5,240.48,240.48,681800
2026-02-02,239.23,246.24,238.37,245.4,245.4,601900
2026-02-03,247.67,252.0,242.26,249.51,249.51,1382200
2026-02-04,250.57,252.23,226.09,235.44,235.44,1282200
2026-02-05,232.11,245.1,229.0,244.86,244.86,1012400
2026-02-06,251.61,260.25,251.4,259.16,259.16,1215600
2026-02-09,259.28,267.94,258.17,262.11,262.11,625400
2026-02-10,261.9,264.75,259.36,261.39,261.39,603100
2026-02-11,267.88,276.79,260.56,264.99,264.99,801400
2026-02-12,268.13,276.7,261.42,265.29,265.29,1205200
2026-02-13,267.18,271.89,259.93,269.53,269.53,703200
2026-02-17,269.0,272.78,263.82,267.93,267.93,647500
2026-02-18,268.85,275.86,263.95,264.18,264.18,909700
2026-02-19,266.69,277.31,266.67,275.61,275.61,815400
2026-02-20,275.4,284.68,274.91,283.86,283.86,1095300
2026-02-23,281.38,284.43,272.71,278.49,278.49,717100
2026-02-24,274.94,290.6,266.06,287.7,287.7,1211500
2026-02-25,290.0,290.73,283.84,285.26,285.26,892500
2026-02-26,282.51,291.7,274.61,289.96,289.96,1736800
2026-02-27,290.0,300.0,276.91,298.02,298.02,2056800
2026-03-02,297.96,310.36,295.76,304.53,304.53,1184400
2026-03-03,290.46,303.11,283.01,300.74,300.74,1186000
2026-03-04,303.73,308.31,295.16,303.87,303.87,814600
2026-03-05,299.51,301.36,286.54,295.3,295.3,1092500
2026-03-06,286.75,298.52,282.68,285.61,285.61,1034800
2026-03-09,281.41,298.28,275.75,297.81,297.81,978000
2026-03-10,295.1,306.29,295.1,300.12,300.12,756800
2026-03-11,298.04,305.6,295.34,303.73,303.73,895300
2026-03-12,299.42,303.59,292.34,296.95,296.95,846300
2026-03-13,300.16,303.5,288.78,290.0,290.0,2132600
2026-03-16,296.14,302.22,294.19,300.26,300.26,632300
2026-03-17,300.66,304.97,296.73,304.67,304.67,873900
2026-03-18,301.96,310.64,301.65,303.07,303.07,564800
2026-03-19,297.65,315.0,294.43,312.72,312.72,1092400
2026-03-20,312.63,316.19,297.5,300.58,300.58,2059500
2026-03-23,308.34,320.97,307.89,310.63,310.63,948100
2026-03-24,309.21,324.35,306.09,322.65,322.65,1077600
2026-03-25,323.35,328.69,320.96,323.55,323.55,762700
2026-03-26,317.24,321.51,304.42,306.74,306.74,895700
2026-03-27,307.85,319.37,306.64,316.01,316.01,1076400
2026-03-30,316.01,321.41,299.52,305.8,305.8,1808800
2026-03-31,308.82,326.46,307.84,321.74,321.74,928000
2026-04-01,326.6,341.4,325.01,333.79,333.79,891800
2026-04-02,323.56,340.31,322.42,336.25,336.25,529600
2026-04-06,336.0,339.98,327.93,337.27,337.27,517700
2026-04-07,336.25,341.11,332.02,338.19,338.19,559500
2026-04-08,352.64,360.0,344.49,348.11,348.11,941900
2026-04-09,350.07,362.88,350.07,357.37,357.37,619000
2026-04-10,357.83,365.49,354.54,361.22,361.22,759000
2026-04-13,359.31,367.85,359.31,365.55,365.55,492500
2026-04-14,367.87,371.62,362.0,365.89,365.89,589200
2026-04-15,362.17,367.3,358.27,365.07,365.07,658900
2026-04-16,363.02,365.37,357.01,358.14,358.14,667700
2026-04-17,362.71,373.64,359.0,370.89,370.89,1123900
2026-04-20,371.75,375.14,368.02,371.59,371.59,444300
2026-04-21,374.42,376.4,367.86,371.41,371.41,635600
2026-04-22,378.31,383.0,372.77,376.5,376.5,535700
2026-04-23,379.38,388.57,377.74,382.88,382.88,748600
2026-04-24,384.57,387.45,374.95,376.12,376.12,719200
2026-04-27,380.69,386.69,372.47,385.89,385.89,624600
2026-04-28,377.03,382.42,369.52,375.09,375.09,1036400
2026-04-29,376.17,381.66,369.04,370.55,370.55,979100
2026-04-30,385.0,401.19,385.0,394.05,394.05,1832800
2026-05-01,406.88,418.13,396.87,417.41,417.41,1950300
2026-05-04,419.05,429.04,410.48,425.39,425.39,1095000
2026-05-05,435.89,438.39,427.1,437.51,437.51,811100
2026-05-06,437.77,441.43,425.24,433.28,433.28,1149600
2026-05-07,435.51,435.51,406.2,412.27,412.27,1142800
2026-05-08,416.39,420.11,409.99,414.29,414.29,681100
2026-05-11,415.0,423.17,412.49,421.37,421.37,1010600
2026-05-12,414.65,422.31,402.58,420.3,420.3,1404700
2026-05-13,431.04,433.0,411.86,423.79,423.79,1005400
2026-05-14,426.7,435.9,423.79,434.77,434.77,926300
2026-05-15,422.3,426.69,412.0,414.9,414.9,1117000
2026-05-18,414.62,415.21,383.23,385.58,385.58,1533000
2026-05-19,378.57,389.8,369.05,385.0,385.0,1358000
2026-05-20,391.8,396.13,382.87,384.21,384.21,734100
2026-05-21,385.11,393.02,380.01,388.77,388.77,814700
2026-05-22,391.57,394.0,378.31,382.11,382.11,653700
2026-05-26,388.17,395.98,385.34,390.75,390.75,661800
2026-05-27,389.38,394.66,380.57,387.52,387.52,641200
2026-05-28,385.43,388.15,378.5,383.33,383.33,892300
2026-05-29,381.98,386.7,367.96,378.37,378.37,5401400
2026-06-01,376.2,377.67,360.46,362.09,362.09,1458600
2026-06-02,362.09,374.88,361.0,366.3,366.3,912100
2026-06-03,364.23,382.38,361.37,369.66,369.66,1025700
2026-06-04,362.19,378.28,360.01,374.73,374.73,866100
2026-06-05,367.85,373.51,360.3,363.89,363.89,887600
2026-06-08,365.13,368.74,353.97,361.7,361.7,953500
2026-06-09,365.25,368.58,339.0,353.08,353.08,1172000
2026-06-10,350.79,353.75,333.34,335.58,335.58,1391600
2026-06-11,339.21,358.61,339.11,358.5,358.5,1172000
2026-06-12,360.82,369.07,358.83,362.97,362.97,703300
2026-06-15,374.23,376.23,366.29,371.85,371.85,943900
2026-06-16,374.56,379.56,368.67,369.35,369.35,606800
2026-06-17,372.34,381.36,370.66,374.91,374.91,982300
2026-06-18,380.0,387.98,372.93,379.66,379.66,1585300
2026-06-22,383.54,406.88,382.51,406.32,406.32,1204700
2026-06-23,381.51,398.5,375.19,390.44,390.44,1237100
2026-06-24,382.63,397.82,380.0,393.14,393.14,701400
2026-06-25,401.59,408.0,394.33,403.57,403.57,1020700
2026-06-26,395.13,407.25,385.01,396.25,396.25,3304700
2026-06-29,393.28,429.44,392.29,429.09,429.09,1509200
2026-06-30,429.68,429.68,412.47,416.06,416.06,1617400
2026-07-01,410.46,410.46,383.19,390.61,390.61,1178700
2026-07-02,392.2,395.96,366.45,373.43,373.43,883000
2026-07-06,376.01,390.0,375.97,380.63,380.63,647700
2026-07-07,371.03,371.94,348.13,358.85,358.85,953500
2026-07-08,370.73,386.98,366.69,382.9,382.9,1812800
2026-07-09,398.66,405.0,383.56,384.72,384.72,871100
2026-07-10,380.9,383.98,369.4,372.89,372.89,922200
2026-07-13,369.59,373.12,357.86,360.21,360.21,816400
2026-07-14,369.95,376.87,361.12,365.1,365.1,703300
2026-07-15,362.02,363.98,346.23,357.71,357.71,1181000
2026-07-16,346.97,349.14,335.8,340.81,340.81,1199300
2026-07-17,331.74,336.58,320.53,329.59,329.59,4016600
2026-07-20,337.41,342.76,332.98,336.61,336.61,876200
2026-07-21,345.7,351.65,338.56,351.4,351.4,1024400
2026-07-22,344.82,360.25,340.25,357.35,357.35,851700
2026-07-23,357.07,366.3,354.72,358.86,358.86,696100
2026-07-24,357.37,362.44,336.81,337.84,337.84,731600
2026-07-27,338.12,346.31,319.52,336.79,336.79,1282300
2026-07-28,326.54,326.54,305.01,312.44,312.44,1211900
2026-07-29,309.97,313.88,286.54,287.42,287.42,1445100
2026-07-30,323.88,327.12,316.94,324.44,324.44,2571600
2026-07-31,277.0,281.87,259.25,263.1,263.1,3950500
2026-08-03,258.71,265.73,252.45,261.22,261.22,2361300
2026-08-04,266.0,275.44,263.5,271.71,271.71,1565600
2026-08-05,270.49,284.14,266.67,266.75,266.75,1285700
2026-08-06,263.66,270.26,258.52,258.63,258.63,1007500
2026-08-07,262.51,274.71,254.83,272.46,272.46,1771200
2026-08-10,274.0,283.0,267.98,268.28,268.28,1311300
2026-08-11,273.77,279.75,270.54,272.65,272.65,1139100
2026-08-12,282.97,287.67,279.66,281.11,281.11,1792400
2026-08-13,283.0,292.25,283.0,286.11,286.11,2243900
2026-08-14,287.92,298.37,284.32,297.59,297.59,1769500
2026-08-17,301.5,311.08,299.7,302.48,302.48,1788700
2026-08-18,293.33,298.27,279.52,280.13,280.13,1196100
2026-08-19,280.47,284.63,262.14,272.07,272.07,1491800
2026-08-20,270.31,273.21,265.66,271.86,271.86,1189500
2026-08-21,276.4,278.59,263.08,266.26,266.26,1238600
2026-08-24,264.99,267.94,252.34,255.36,255.36,1790400
2026-08-25,256.05,263.53,242.62,246.85,246.85,1935500
2026-08-26,244.31,250.91,243.56,248.73,248.73,1535200
2026-08-27,256.25,257.47,246.63,251.13,251.13,947600
2026-08-28,249.32,252.05,240.24,241.0,241.0,1470500
2026-08-31,241.84,242.7,235.5,239.78,239.78,1576900
2026-09-01,237.9,241.19,233.62,237.74,237.74,1521300
2026-09-02,237.78,238.83,233.28,235.33,235.33,1634700
2026-09-03,235.18,238.71,230.27,232.28,232.28,1401700
2026-09-04,234.75,240.79,232.0,237.19,237.19,1645500
2026-09-08,239.64,252.35,239.5,246.18,246.18,1933000
2026-09-09,251.63,251.63,240.4,240.68,240.68,849300
2026-09-10,236.73,240.27,230.1,232.2,232.2,971500
2026-09-11,235.26,241.75,234.39,240.41,240.41,722600
2026-09-14,229.14,234.08,225.15,227.7,227.7,1252700
2026-09-15,229.62,232.29,221.65,222.7,222.7,1304400
2026-09-16,227.37,233.79,224.6,225.62,225.62,1301900
2026-09-17,234.47,235.0,206.5,207.75,207.75,3895400
2026-09-18,210.53,216.99,208.1,214.38,214.38,2721300
2026-09-21,217.23,225.81,213.53,222.9,222.9,1592600
2026-09-22,223.61,226.74,220.01,221.69,221.69,1459860
