date,open,high,low,close,adj_close,volume
2015-01-02,16.4833,16.6433,15.7,15.9833,11.8553,136200
2015-01-05,15.58,15.58,14.15,14.5433,10.7872,561900
2015-01-06,14.2733,14.3333,14.0333,14.22,10.5474,390000
2015-01-07,14.2767,14.2767,14.0667,14.2167,10.5449,198300
2015-01-08,14.3433,14.53,14.12,14.4667,10.7303,392400
2015-01-09,14.5233,14.8767,14.4933,14.7133,10.9133,337200
2015-01-12,14.7533,15.0367,14.5267,14.7167,10.9158,181200
2015-01-13,14.8833,14.9067,14.0833,14.4733,10.7353,232800
2015-01-14,14.2933,14.51,14.1867,14.3367,10.6339,81000
2015-01-15,14.3133,14.3133,13.57,13.67,10.1394,197700
2015-01-16,13.8667,14.13,13.6933,13.9233,10.3273,200700
2015-01-20,13.9533,14.1633,13.3633,13.67,10.1394,189900
2015-01-21,13.5767,13.7333,13.3233,13.6233,10.1048,158100
2015-01-22,13.6733,13.8767,13.3967,13.7267,10.1815,187200
2015-01-23,13.7467,13.7467,13.3467,13.5267,10.0331,162600
2015-01-26,13.3233,13.7333,13.3,13.65,10.1246,137700
2015-01-27,13.5167,13.71,13.4033,13.5767,10.0702,174300
2015-01-28,13.5633,13.6167,13.2533,13.27,9.8427,172800
2015-01-29,13.0867,13.6933,13.0167,13.6633,10.1345,222000
2015-01-30,13.5367,13.5933,12.9833,13.0033,9.6449,103500
2015-02-02,13.0967,13.6033,13.0133,13.5833,10.0751,113100
2015-02-03,13.6133,14.06,13.3267,14.0233,10.4015,354300
2015-02-04,12.9667,12.9967,12.1733,12.1933,9.0441,920700
2015-02-05,11.95,12.1833,10.7733,11.35,8.4186,837900
2015-02-06,11.3167,11.4967,11.2267,11.44,8.4854,362100
2015-02-09,11.4367,11.6833,11.3833,11.4767,8.5126,308700
2015-02-10,11.6433,11.6433,11.27,11.4633,8.5027,301200
2015-02-11,11.4033,11.5967,11.1567,11.4133,8.4656,236700
2015-02-12,11.49,11.4967,10.9667,11.0067,8.164,234300
2015-02-13,10.96,11.1667,10.9167,11.1367,8.3259,220200
2015-02-17,11.1667,11.1967,11.0333,11.1167,8.311,135900
2015-02-18,11.06,11.27,11.0333,11.2233,8.3907,191100
2015-02-19,11.1733,11.4567,11.0933,11.32,8.463,126000
2015-02-20,11.34,11.34,10.94,11.1367,8.3259,295200
2015-02-23,11.06,11.1033,10.8667,11.0833,8.2861,243300
2015-02-24,11.06,11.2467,10.9667,11.0867,8.2886,187800
2015-02-25,10.9433,11.3,10.9433,11.18,8.3583,199200
2015-02-26,11.2,11.48,11.1667,11.3933,8.5178,156000
2015-02-27,11.36,11.48,11.2233,11.2467,8.4082,276300
2015-03-02,11.1867,11.6,11.1033,11.5333,8.6225,167400
2015-03-03,11.52,11.54,11.2867,11.43,8.5452,217200
2015-03-04,11.3533,11.39,11.0867,11.1467,8.3334,228600
2015-03-05,11.19,11.19,10.81,11.0367,8.2512,1014900
2015-03-06,10.93,11.1633,10.93,11.0733,8.2786,136800
2015-03-09,11.0433,11.3067,10.9667,11.1433,8.3309,239100
2015-03-10,11.0233,11.0633,10.8267,10.8267,8.0942,162000
2015-03-11,10.8667,10.9033,10.65,10.8533,8.1141,171300
2015-03-12,10.9633,11.1567,10.8267,11.1433,8.3309,170400
2015-03-13,11.1633,11.1633,10.8033,11.02,8.2387,101700
2015-03-16,11.0433,11.0433,10.5567,10.5967,7.9222,153000
2015-03-17,10.5667,10.7633,10.5133,10.7167,8.0119,175500
2015-03-18,10.7667,11.32,10.6733,11.3167,8.4605,163200
2015-03-19,11.2433,11.2933,11.0267,11.12,8.3135,110700
2015-03-20,11.1567,11.5033,11.0767,11.4533,8.5627,276000
2015-03-23,11.4,11.8,11.32,11.6633,8.7197,106500
2015-03-24,11.6067,11.8267,11.5667,11.72,8.7621,142200
2015-03-25,11.77,11.9333,11.5,11.5733,8.6524,166800
2015-03-26,11.4933,11.6533,11.31,11.4167,8.5353,89700
2015-03-27,11.3767,11.4933,11.22,11.3767,8.5054,120300
2015-03-30,11.4233,11.5433,11.3633,11.4467,8.5577,104700
2015-03-31,11.3633,11.4233,11.2333,11.2567,8.4157,206700
2015-04-01,11.1667,11.27,10.8767,11.0033,8.2263,149100
2015-04-02,10.96,11.3767,10.96,11.2533,8.4132,106800
2015-04-06,11.21,11.5433,11.21,11.4233,8.5403,149700
2015-04-07,11.4533,11.6633,11.4067,11.5667,8.6474,213000
2015-04-08,11.5233,11.71,11.4733,11.63,8.6948,205500
2015-04-09,11.6233,11.6833,11.3267,11.4167,8.5353,136800
2015-04-10,11.4867,11.54,11.3367,11.38,8.5079,151800
2015-04-13,11.3533,11.6067,11.33,11.5233,8.615,88500
2015-04-14,11.49,11.68,11.43,11.57,8.6499,209400
2015-04-15,11.6667,11.71,11.4733,11.5067,8.6026,424800
2015-04-16,11.4467,11.93,11.4467,11.8767,8.8792,234900
2015-04-17,11.7367,11.83,11.4333,11.4833,8.5851,207300
2015-04-20,11.5333,11.72,11.44,11.4933,8.5926,157800
2015-04-21,11.44,11.52,11.1433,11.26,8.4181,89400
2015-04-22,11.31,11.3233,11.0733,11.3033,8.4505,76500
2015-04-23,11.3033,11.65,11.24,11.5367,8.625,132300
2015-04-24,11.5467,11.6667,11.48,11.5667,8.6474,185700
2015-04-27,11.6333,11.8133,11.5033,11.6433,8.7047,160800
2015-04-28,11.62,11.83,11.58,11.7733,8.8019,131400
2015-04-29,11.6767,11.7767,11.5267,11.5967,8.6698,53100
2015-04-30,11.5233,11.5233,11.0133,11.0633,8.2711,135000
2015-05-01,11.09,11.2567,10.8467,11.06,8.2686,115800
2015-05-04,11.0533,11.3933,11.0533,11.15,8.3359,125100
2015-05-05,11.0833,11.2767,10.8567,10.97,8.2013,141300
2015-05-06,11.5067,12.1333,11.08,11.7933,8.8169,330900
2015-05-07,11.7667,12.0767,11.7267,11.9133,8.9066,199200
2015-05-08,12.0767,12.24,11.95,12.0967,9.0437,138900
2015-05-11,12.1067,12.1233,11.7367,11.76,8.792,144600
2015-05-12,11.7133,12.03,11.5,12.0033,8.9739,207900
2015-05-13,12.0033,12.23,11.93,12.1033,9.0486,243900
2015-05-14,12.21,12.55,12.13,12.48,9.3302,163200
2015-05-15,12.4933,12.5667,12.3067,12.4633,9.3178,173100
2015-05-18,12.3667,12.5867,12.0933,12.26,9.2299,208800
2015-05-19,12.25,12.4067,11.8933,12.2133,9.1948,123000
2015-05-20,12.2867,12.4867,12.0433,12.27,9.2375,162900
2015-05-21,12.21,12.6967,12.1667,12.2167,9.1973,169500
2015-05-22,12.1533,12.63,12.0333,12.23,9.2074,140400
2015-05-26,12.1367,12.31,11.91,12.1367,9.1371,134400
2015-05-27,12.2133,12.4167,11.8533,12.3,9.2601,197100
2015-05-28,12.24,12.3033,11.9833,12.2267,9.2049,97500
2015-05-29,12.1733,12.2867,11.8967,12.0933,9.1045,133500
2015-06-01,12.1267,12.3333,12.0,12.2267,9.2049,73500
2015-06-02,12.14,12.6933,12.14,12.4567,9.378,70800
2015-06-03,12.42,12.66,12.3467,12.56,9.4558,69600
2015-06-04,12.45,12.55,12.35,12.4133,9.3454,94800
2015-06-05,12.32,12.4867,12.08,12.4633,9.383,76500
2015-06-08,12.3533,12.6033,12.3167,12.3867,9.3253,123600
2015-06-09,12.3467,12.5767,12.3333,12.5233,9.4282,124500
2015-06-10,12.5233,13.0167,12.5233,12.96,9.7569,138300
2015-06-11,12.9233,13.15,12.8333,12.9733,9.767,82800
2015-06-12,12.8967,12.9367,12.68,12.82,9.6515,86400
2015-06-15,12.6967,12.6967,12.2267,12.37,9.3128,151200
2015-06-16,12.2967,12.5667,12.25,12.56,9.4558,125100
2015-06-17,12.63,12.63,12.2433,12.3333,9.2852,89400
2015-06-18,12.34,12.6033,12.1933,12.4833,9.3981,169200
2015-06-19,12.4433,12.5967,12.2467,12.35,9.2977,348600
2015-06-22,12.4533,12.5133,12.0467,12.3233,9.2776,349200
2015-06-23,12.39,12.4833,12.0167,12.4367,9.3629,349800
2015-06-24,12.33,12.43,11.85,12.12,9.1245,221100
2015-06-25,12.1267,12.1267,11.8833,11.9767,9.0166,123600
2015-06-26,11.9533,11.99,11.7367,11.94,8.989,439200
2015-06-29,11.8667,11.98,11.49,11.5233,8.6753,126000
2015-06-30,11.57,11.7633,11.5433,11.7233,8.8259,177900
2015-07-01,11.8033,11.8133,11.3433,11.4367,8.6101,124800
2015-07-02,11.4367,11.4967,11.21,11.3367,8.5348,182700
2015-07-06,11.25,11.2667,10.9633,11.0567,8.324,99600
2015-07-07,11.0,11.14,10.87,11.0667,8.3315,296400
2015-07-08,10.9333,11.0233,10.7167,10.8133,8.1408,412500
2015-07-09,10.9767,11.0533,10.7467,10.8,8.1308,288300
2015-07-10,10.98,11.0067,10.85,10.91,8.2136,251100
2015-07-13,11.01,11.06,10.8733,10.99,8.2738,291000
2015-07-14,11.01,11.1133,10.94,11.0267,8.3014,175200
2015-07-15,11.0,11.0767,10.9533,11.0067,8.2864,126300
2015-07-16,11.1,11.1433,10.99,11.0433,8.314,66000
2015-07-17,11.0133,11.0367,10.9033,10.9867,8.2713,256800
2015-07-20,11.05,11.05,10.7767,10.9467,8.2412,79500
2015-07-21,10.8967,11.0533,10.8133,10.8633,8.1785,374700
2015-07-22,10.8667,11.0633,10.67,10.8467,8.1659,464100
2015-07-23,10.8333,10.85,10.33,10.36,7.7995,211800
2015-07-24,10.3967,10.4333,10.0,10.0133,7.5385,250200
2015-07-27,10.0,10.0,9.7733,9.8233,7.3955,147600
2015-07-28,9.83,9.8333,9.5533,9.6267,7.2474,202200
2015-07-29,9.6333,9.8533,9.6333,9.66,7.2725,404100
2015-07-30,9.65,9.84,9.58,9.7967,7.3754,219000
2015-07-31,9.8467,9.9533,9.7933,9.9467,7.4884,145500
2015-08-03,9.8767,9.9133,9.59,9.6267,7.2474,173100
2015-08-04,9.6967,9.83,9.54,9.6233,7.2449,324900
2015-08-05,10.6833,10.6833,8.5333,8.88,6.6853,1177200
2015-08-06,8.9433,8.9433,8.57,8.6967,6.5473,675000
2015-08-07,8.6967,9.1333,8.6967,9.0167,6.7882,360600
2015-08-10,9.04,9.2633,8.9567,9.0133,6.7857,268500
2015-08-11,8.96,9.1833,8.8433,8.9967,6.7731,319500
2015-08-12,8.9933,9.3033,8.95,9.24,6.9563,398400
2015-08-13,9.2533,9.2533,8.8933,9.09,6.8434,202200
2015-08-14,9.12,9.2833,8.8567,9.2033,6.9287,206100
2015-08-17,9.1667,9.3067,8.81,9.22,7.0073,285900
2015-08-18,9.2667,9.43,8.8967,9.28,7.0529,208500
2015-08-19,9.27,9.6867,9.2267,9.4967,7.2175,353400
2015-08-20,9.4633,9.5833,9.3067,9.47,7.1973,345900
2015-08-21,9.3367,9.9367,9.3233,9.7267,7.3923,267300
2015-08-24,9.35,9.83,9.35,9.4767,7.2023,311700
2015-08-25,9.7267,9.7267,8.9967,9.09,6.9085,326100
2015-08-26,9.2633,9.5467,8.94,9.4267,7.1643,241500
2015-08-27,9.5467,9.5467,9.1533,9.2567,7.0351,305400
2015-08-28,9.2667,9.5867,9.17,9.5,7.2201,294000
2015-08-31,9.5267,9.8333,9.3867,9.7867,7.4379,247500
2015-09-01,9.69,9.78,9.3533,9.4033,7.1466,244800
2015-09-02,9.5167,9.5167,9.25,9.4667,7.1947,194100
2015-09-03,9.5333,9.5333,9.1767,9.2,6.9921,154200
2015-09-04,9.1467,9.3333,9.04,9.2833,7.0554,160500
2015-09-08,9.4867,9.55,9.25,9.4833,7.2074,234300
2015-09-09,9.59,9.7267,9.38,9.5167,7.2327,183300
2015-09-10,9.55,9.65,9.43,9.5933,7.291,168600
2015-09-11,9.52,9.6933,9.47,9.5867,7.2859,223800
2015-09-14,9.5767,9.7,9.4867,9.5433,7.253,203400
2015-09-15,9.6433,9.93,9.5033,9.7867,7.4379,263400
2015-09-16,9.83,10.1533,9.83,10.1167,7.6887,216900
2015-09-17,10.06,10.25,9.9533,9.9733,7.5798,160500
2015-09-18,9.7967,9.82,9.6133,9.7133,7.3822,268800
2015-09-21,9.8,10.1433,9.7233,9.9667,7.5747,189600
2015-09-22,9.9233,9.9333,9.72,9.8233,7.4658,212100
2015-09-23,9.8867,9.8867,9.4867,9.6533,7.3366,253800
2015-09-24,9.63,9.8933,9.48,9.8833,7.5114,148500
2015-09-25,9.92,10.0533,9.6733,9.9167,7.5367,187800
2015-09-28,9.8467,10.0567,9.7267,10.0433,7.633,170700
2015-09-29,10.1167,10.2167,10.0033,10.14,7.7065,212400
2015-09-30,10.18,10.19,9.97,10.0333,7.6254,230100
2015-10-01,10.0933,10.1533,9.7833,9.8333,7.4734,160200
2015-10-02,9.75,9.8433,9.64,9.8333,7.4734,133500
2015-10-05,9.91,10.5833,9.91,10.49,7.9725,132300
2015-10-06,10.5233,10.6567,10.4433,10.5267,8.0003,198300
2015-10-07,10.56,10.7967,10.38,10.7667,8.1827,395100
2015-10-08,10.78,11.0933,10.5333,11.08,8.4209,129600
2015-10-09,11.1233,11.3033,10.9867,11.2433,8.545,135600
2015-10-12,11.2833,11.2833,10.9,10.9467,8.3195,133800
2015-10-13,10.8367,11.1267,10.83,11.0133,8.3702,195900
2015-10-14,10.9733,11.1233,10.76,10.7667,8.1827,65400
2015-10-15,10.8167,11.1767,10.7367,11.17,8.4893,126900
2015-10-16,11.2033,11.2033,10.7667,10.9833,8.3474,132000
2015-10-19,10.94,11.02,10.7833,10.99,8.3525,141300
2015-10-20,11.0267,11.1,10.6867,10.7267,8.1523,216000
2015-10-21,10.8067,11.0767,10.5233,10.58,8.0409,249600
2015-10-22,10.6667,11.1767,10.6367,11.1433,8.469,75300
2015-10-23,11.1667,11.33,10.9433,11.2967,8.5855,88500
2015-10-26,11.3133,11.3267,11.0933,11.21,8.5197,107100
2015-10-27,11.1833,11.2,10.61,10.6833,8.1194,109800
2015-10-28,10.7133,11.2967,10.7133,10.9967,8.3575,195600
2015-10-29,10.9933,11.44,10.9933,11.1633,8.4842,133200
2015-10-30,11.1867,11.29,11.03,11.1067,8.4411,93000
2015-11-02,11.0867,11.4267,11.0867,11.4233,8.6818,155400
2015-11-03,11.4333,11.6667,11.1467,11.21,8.5197,149100
2015-11-04,11.2667,11.4933,11.1367,11.21,8.5197,207300
2015-11-05,11.25,11.4967,11.09,11.2733,8.5678,192000
2015-11-06,11.2833,11.34,11.0167,11.19,8.5045,156000
2015-11-09,11.1933,11.2967,10.8433,11.1067,8.4411,164400
2015-11-10,11.26,11.26,10.97,11.1967,8.5095,159300
2015-11-11,11.2033,11.2133,11.0,11.0433,8.393,91500
2015-11-12,10.9133,11.07,10.8333,10.8967,8.2815,130200
2015-11-13,10.8067,11.28,10.8067,11.0533,8.4006,144000
2015-11-16,10.96,11.1867,10.7467,11.03,8.4491,108900
2015-11-17,11.0433,11.09,10.8067,10.9633,8.3981,198000
2015-11-18,11.0267,11.0667,10.75,11.0,8.4261,246900
2015-11-19,10.92,11.0233,10.92,10.9733,8.4057,134100
2015-11-20,11.04,11.0833,10.98,11.01,8.4338,142500
2015-11-23,10.96,11.48,10.94,11.46,8.7785,135600
2015-11-24,11.46,11.6667,11.3967,11.63,8.9087,141300
2015-11-25,11.62,11.7933,11.52,11.74,8.993,127200
2015-11-27,11.68,11.8233,11.5933,11.6533,8.9266,50100
2015-11-30,11.6567,11.8933,11.59,11.7033,8.9649,126900
2015-12-01,11.7167,11.9633,11.5,11.6667,8.9368,175800
2015-12-02,10.2467,10.7733,9.49,9.5667,7.3282,448200
2015-12-03,9.5133,9.6667,9.3467,9.3967,7.198,420300
2015-12-04,9.3567,9.4833,9.0333,9.0667,6.9452,294600
2015-12-07,9.0567,9.0567,8.71,8.7533,6.7052,292200
2015-12-08,8.7,8.9333,8.6667,8.7367,6.6924,254700
2015-12-09,8.6867,8.9633,8.6867,8.8367,6.769,168300
2015-12-10,8.8333,9.04,8.7433,8.9533,6.8584,198300
2015-12-11,8.9267,8.9867,8.7833,8.8,6.7409,163500
2015-12-14,8.8367,9.15,8.7267,9.0133,6.9043,258000
2015-12-15,9.07,9.1367,8.74,8.7567,6.7077,245100
2015-12-16,8.79,8.9367,8.6733,8.7667,6.7154,214800
2015-12-17,8.8333,8.8667,8.6633,8.6733,6.6439,294300
2015-12-18,8.6667,8.83,8.6667,8.8033,6.7435,468300
2015-12-21,8.8133,8.91,8.6633,8.7367,6.6924,122100
2015-12-22,8.72,8.96,8.6667,8.93,6.8405,219000
2015-12-23,9.0033,9.2067,9.0033,9.19,7.0397,100200
2015-12-24,9.1633,9.36,9.1467,9.22,7.0626,55800
2015-12-28,9.1667,9.3333,9.08,9.27,7.1009,72600
2015-12-29,9.3033,9.39,9.02,9.19,7.0397,71100
2015-12-30,9.0967,9.1667,9.06,9.0667,6.9452,79200
2015-12-31,9.0133,9.0467,8.6733,8.6767,6.6464,114900
2016-01-04,8.6433,8.8233,8.3733,8.6967,6.6618,155400
2016-01-05,8.67,8.8867,8.5,8.6767,6.6464,115500
2016-01-06,8.57,8.93,8.5667,8.7733,6.7205,143100
2016-01-07,8.6467,8.73,8.5333,8.5833,6.5749,172500
2016-01-08,8.62,8.7133,8.39,8.41,6.4422,308700
2016-01-11,8.41,8.62,8.3167,8.51,6.5188,160500
2016-01-12,8.57,8.8567,8.2067,8.2567,6.3247,186600
2016-01-13,8.4167,8.4167,8.0633,8.1167,6.2175,97500
2016-01-14,8.1267,8.2867,8.0233,8.0233,6.146,317400
2016-01-15,7.8033,8.09,7.7467,7.9733,6.1077,165900
2016-01-19,8.0233,8.1533,7.69,7.7267,5.9187,160500
2016-01-20,7.6667,7.9,7.6667,7.8067,5.98,374400
2016-01-21,7.8067,7.9933,7.7,7.7233,5.9162,819300
2016-01-22,7.87,7.9933,7.8033,7.9633,6.1,340800
2016-01-25,7.9133,7.9767,7.76,7.79,5.9672,174900
2016-01-26,7.78,8.0267,7.78,8.0,6.1281,273000
2016-01-27,7.9567,8.0833,7.93,7.95,6.0898,210300
2016-01-28,7.99,8.1567,7.99,8.0933,6.1996,376800
2016-01-29,8.07,8.4567,8.07,8.3467,6.3937,378000
2016-02-01,8.2467,8.6767,8.0567,8.41,6.4422,127200
2016-02-02,8.29,9.1633,8.29,8.43,6.4575,190500
2016-02-03,7.6667,7.89,7.6667,7.6733,5.8779,834900
2016-02-04,7.6667,8.5767,7.6667,8.2667,6.3324,380100
2016-02-05,8.29,8.8367,8.29,8.6633,6.6362,491400
2016-02-08,8.57,8.8233,8.23,8.6,6.5877,386100
2016-02-09,8.4833,8.6933,8.37,8.6067,6.5928,130500
2016-02-10,8.67,8.88,8.3667,8.84,6.7716,524400
2016-02-11,8.72,8.9533,8.5233,8.6633,6.6362,190500
2016-02-12,8.6233,8.7333,8.4667,8.72,6.7471,325500
2016-02-16,8.7133,8.9233,8.4667,8.6833,6.7188,275700
2016-02-17,8.76,8.9767,8.66,8.78,6.7936,246000
2016-02-18,8.83,8.8733,8.5167,8.7267,6.7523,253800
2016-02-19,8.6467,8.9067,8.5933,8.73,6.7549,115800
2016-02-22,8.8,9.0667,8.3633,8.7833,6.7961,70800
2016-02-23,8.7133,8.88,8.5433,8.57,6.6311,125100
2016-02-24,8.4767,8.6733,8.41,8.66,6.7007,99600
2016-02-25,8.7933,8.7933,8.4867,8.5933,6.6491,86700
2016-02-26,8.6267,8.8533,8.4933,8.6267,6.6749,93900
2016-02-29,8.62,8.99,8.62,8.8233,6.8271,165600
2016-03-01,8.8433,9.1767,8.7967,9.0933,7.036,231900
2016-03-02,9.09,9.31,9.09,9.2933,7.1908,89100
2016-03-03,9.3267,9.5467,9.28,9.33,7.2191,179400
2016-03-04,8.6967,9.55,8.6967,9.3167,7.2088,162900
2016-03-07,9.2167,9.7067,9.1633,9.7,7.5054,161100
2016-03-08,9.37,9.67,9.37,9.47,7.3274,169200
2016-03-09,9.5033,9.7067,9.4033,9.4967,7.3481,160500
2016-03-10,9.4133,9.49,9.1733,9.3067,7.2011,157200
2016-03-11,9.4,9.6467,9.31,9.6333,7.4538,133200
2016-03-14,9.6167,9.82,9.53,9.6167,7.4409,88500
2016-03-15,9.3767,9.8,9.3767,9.5333,7.3765,96000
2016-03-16,9.45,9.55,9.45,9.5233,7.3687,68100
2016-03-17,9.5167,9.97,9.4567,9.8167,7.5957,157800
2016-03-18,9.8967,9.8967,9.5467,9.73,7.5286,273900
2016-03-21,9.6367,9.7967,9.57,9.63,7.4513,119700
2016-03-22,9.54,9.6633,9.3667,9.58,7.4126,155400
2016-03-23,9.56,9.75,9.4833,9.6433,7.4616,139800
2016-03-24,9.6333,9.96,9.4367,9.9467,7.6963,144300
2016-03-28,10.0133,10.0867,9.4667,9.7867,7.5725,116100
2016-03-29,9.78,10.0433,9.6933,9.9667,7.7117,127800
2016-03-30,9.97,10.0567,9.8333,9.99,7.7298,102600
2016-03-31,9.97,10.1367,9.8967,9.9367,7.6885,194100
2016-04-01,9.9033,10.1233,9.46,10.07,7.7917,146100
2016-04-04,10.0967,10.17,9.6167,9.67,7.4822,198600
2016-04-05,9.5767,9.9233,9.53,9.77,7.5596,162900
2016-04-06,9.7867,9.8367,9.5067,9.6633,7.477,124800
2016-04-07,9.58,9.65,9.3767,9.4633,7.3223,398400
2016-04-08,9.6033,9.76,9.4167,9.5967,7.4255,114300
2016-04-11,9.6133,9.88,9.6133,9.67,7.4822,102600
2016-04-12,9.65,10.1167,9.65,9.9767,7.7195,117600
2016-04-13,9.7633,10.2133,9.7633,10.0967,7.8123,94200
2016-04-14,10.0633,10.2167,9.9733,10.08,7.7994,113400
2016-04-15,10.02,10.24,10.02,10.1133,7.8252,145200
2016-04-18,10.1167,10.1867,9.99,10.0933,7.8098,80400
2016-04-19,9.9233,10.23,9.9233,10.09,7.8072,99000
2016-04-20,10.04,10.1833,9.86,9.9233,7.6782,218700
2016-04-21,9.97,10.21,8.74,9.89,7.6524,261900
2016-04-22,9.8367,10.2767,9.75,10.2,7.8923,271200
2016-04-25,10.2,10.2533,9.92,10.1133,7.8252,122100
2016-04-26,10.1133,10.45,10.1133,10.4433,8.0806,114300
2016-04-27,10.3933,10.6633,10.38,10.6333,8.2276,85200
2016-04-28,10.5,10.66,10.34,10.35,8.0084,148200
2016-04-29,10.44,10.53,10.21,10.3733,8.0264,66900
2016-05-02,10.3967,10.57,10.31,10.42,8.0625,111600
2016-05-03,10.3567,10.67,10.0167,10.1067,7.8201,88500
2016-05-04,11.2,11.5333,10.5933,10.8067,8.3617,351000
2016-05-05,10.9033,11.11,10.56,10.7833,8.3436,183900
2016-05-06,10.6967,11.0333,10.6633,11.0,8.5113,235200
2016-05-09,11.0467,11.4333,10.9633,11.2433,8.6996,320100
2016-05-10,11.36,11.46,11.08,11.2467,8.7022,133200
2016-05-11,11.2567,11.37,11.1667,11.2167,8.6789,144600
2016-05-12,11.29,11.47,11.0467,11.16,8.6351,120000
2016-05-13,11.0967,11.33,11.0033,11.07,8.5655,159000
2016-05-16,10.9633,11.17,10.74,11.1433,8.6902,237900
2016-05-17,11.08,11.12,10.8167,11.0567,8.6226,311100
2016-05-18,11.01,11.05,10.84,10.9633,8.5499,192600
2016-05-19,10.9133,11.12,10.75,10.87,8.4771,144300
2016-05-20,10.9467,11.2567,10.87,11.2033,8.737,241200
2016-05-23,11.23,11.4867,11.13,11.2167,8.7474,240900
2016-05-24,11.35,11.9167,11.3267,11.8167,9.2153,346800
2016-05-25,11.8967,12.0433,11.8833,11.9867,9.3479,163500
2016-05-26,12.07,12.1967,11.8833,11.9367,9.3089,218100
2016-05-27,11.8867,12.0,11.8367,11.89,9.2725,121200
2016-05-31,11.83,11.96,11.74,11.8667,9.2543,171000
2016-06-01,11.7567,11.9433,11.67,11.7033,9.127,329400
2016-06-02,11.7033,12.05,11.6933,12.0467,9.3947,102600
2016-06-03,12.07,12.1467,11.83,11.96,9.3271,145200
2016-06-06,11.9667,12.28,11.8767,12.2667,9.5663,171000
2016-06-07,12.2667,12.4167,12.06,12.3167,9.6053,225600
2016-06-08,12.3333,12.7233,12.3233,12.6,9.8262,159600
2016-06-09,12.5533,12.5967,12.3567,12.53,9.7716,121800
2016-06-10,12.4067,12.55,12.1367,12.4467,9.7066,138900
2016-06-13,12.5,12.5433,12.21,12.4567,9.7145,177600
2016-06-14,12.4,12.7633,12.2667,12.55,9.7872,204000
2016-06-15,12.5467,12.65,12.4733,12.5267,9.769,124800
2016-06-16,12.43,12.5167,12.1633,12.49,9.7404,86400
2016-06-17,12.5267,12.7733,12.5167,12.5233,9.7664,161100
2016-06-20,12.6867,13.0,12.6633,12.7867,9.9718,121500
2016-06-21,12.82,12.82,12.5533,12.6133,9.8366,103500
2016-06-22,12.6933,12.8867,12.5133,12.6433,9.86,94500
2016-06-23,12.8133,12.9033,12.58,12.8067,9.9874,87000
2016-06-24,12.3333,12.5367,12.1467,12.2267,9.5351,276300
2016-06-27,12.0333,12.2233,11.8567,12.06,9.4051,162600
2016-06-28,12.2467,12.4233,12.1967,12.2767,9.5741,179100
2016-06-29,12.4167,12.67,12.2833,12.5833,9.8132,190800
2016-06-30,12.6667,13.1567,12.6,13.1133,10.2266,412200
2016-07-01,13.1467,13.35,12.99,13.0967,10.2136,86100
2016-07-05,13.0567,13.1433,12.8733,13.0767,10.198,203400
2016-07-06,12.6667,12.85,12.0067,12.0467,9.3947,305100
2016-07-07,12.0433,12.18,11.9833,12.0767,9.4181,142800
2016-07-08,12.1833,12.39,12.0633,12.33,9.6157,102000
2016-07-11,12.3467,12.6167,12.3467,12.52,9.7638,77100
2016-07-12,12.5067,12.7333,12.5067,12.5733,9.8054,95700
2016-07-13,12.6133,12.6867,12.3833,12.62,9.8418,125100
2016-07-14,12.67,12.75,12.5267,12.56,9.795,214200
2016-07-15,12.6367,12.7267,12.55,12.57,9.8028,115800
2016-07-18,12.6233,12.7433,12.54,12.57,9.8028,148200
2016-07-19,12.6,12.7433,12.5433,12.5867,9.8158,162600
2016-07-20,12.6467,12.6867,12.4533,12.5,9.7482,117300
2016-07-21,12.4267,12.6,12.3933,12.4567,9.7145,99000
2016-07-22,12.4433,12.4433,12.1267,12.23,9.5377,86400
2016-07-25,12.23,12.44,12.16,12.23,9.5377,88800
2016-07-26,12.38,12.38,12.17,12.2433,9.5481,86400
2016-07-27,12.2533,12.4133,12.2,12.26,9.5611,112800
2016-07-28,12.2367,12.35,12.1233,12.18,9.4987,102000
2016-07-29,12.1633,12.3633,12.0733,12.28,9.5767,94800
2016-08-01,12.22,12.3733,12.07,12.17,9.4909,91500
2016-08-02,12.2333,12.24,11.8667,11.87,9.2569,62400
2016-08-03,12.96,13.6533,11.8867,11.9633,9.3297,517500
2016-08-04,11.94,12.1167,11.5533,11.6833,9.1114,258900
2016-08-05,11.7133,12.3133,11.6833,12.18,9.4987,158100
2016-08-08,12.2233,12.3333,12.2033,12.26,9.5611,106200
2016-08-09,12.22,12.3667,12.1933,12.3133,9.6027,218400
2016-08-10,12.32,12.4133,12.1833,12.3267,9.6131,101100
2016-08-11,12.3267,12.6633,12.3033,12.5233,9.7664,144600
2016-08-12,12.54,12.6067,12.4433,12.52,9.7638,78300
2016-08-15,12.4733,12.78,12.4733,12.7033,9.9759,113700
2016-08-16,12.63,13.0,12.63,12.9467,10.167,112500
2016-08-17,12.9233,13.2567,12.9233,13.18,10.3502,111300
2016-08-18,13.2267,13.4267,13.1033,13.3967,10.5203,239100
2016-08-19,13.33,13.6567,12.9567,13.6233,10.6983,194400
2016-08-22,13.6033,13.6033,13.3667,13.43,10.5465,85200
2016-08-23,13.5133,13.6667,13.48,13.5,10.6015,76500
2016-08-24,13.59,13.6433,13.4467,13.4767,10.5832,67200
2016-08-25,13.5133,13.6367,13.5067,13.5833,10.6669,98700
2016-08-26,13.5567,13.7,13.2833,13.38,10.5073,84000
2016-08-29,13.35,13.5167,13.3033,13.45,10.5622,58500
2016-08-30,13.4433,13.4667,13.34,13.4167,10.536,67500
2016-08-31,13.4033,13.4033,13.15,13.25,10.4052,87000
2016-09-01,13.2233,13.2867,13.0767,13.2767,10.4261,86100
2016-09-02,13.27,13.5233,13.27,13.4633,10.5727,53400
2016-09-06,13.4633,13.4767,13.1133,13.1933,10.3607,94500
2016-09-07,13.1833,13.4733,13.11,13.4333,10.5491,168600
2016-09-08,13.41,13.43,13.2367,13.3333,10.4706,102600
2016-09-09,13.1967,13.4933,12.6333,12.6433,9.9288,113100
2016-09-12,12.58,12.9467,12.58,12.9467,10.167,106800
2016-09-13,12.8767,12.8767,12.42,12.4433,9.7717,67200
2016-09-14,12.44,12.59,12.34,12.4033,9.7403,114000
2016-09-15,12.3833,12.7333,12.3833,12.7,9.9733,63600
2016-09-16,12.7867,12.94,12.4133,12.7733,10.0308,279600
2016-09-19,12.8167,12.89,11.4667,12.5567,9.8607,77100
2016-09-20,12.61,12.8033,12.57,12.7533,10.0151,149700
2016-09-21,12.7767,12.9333,12.72,12.85,10.091,127500
2016-09-22,12.9833,13.2333,12.7167,13.2,10.3659,85500
2016-09-23,13.1167,13.1167,12.8667,12.9433,10.1643,96000
2016-09-26,12.95,13.01,12.74,12.7633,10.023,73200
2016-09-27,12.78,13.0933,12.6467,12.8933,10.1251,107400
2016-09-28,12.8733,13.0933,12.69,13.0667,10.2612,104400
2016-09-29,12.9833,13.2233,12.5967,13.11,10.2952,55800
2016-09-30,13.17,13.3967,13.0733,13.35,10.4837,92100
2016-10-03,13.4533,13.5567,13.2967,13.3333,10.4706,91200
2016-10-04,13.3933,13.51,13.1133,13.1633,10.3371,54000
2016-10-05,13.2233,13.4433,13.1333,13.2733,10.4235,73200
2016-10-06,13.1633,13.4833,13.1633,13.3467,10.4811,105900
2016-10-07,13.2933,13.2933,12.9433,12.9733,10.1879,89400
2016-10-10,12.99,13.23,12.99,13.0933,10.2821,95100
2016-10-11,13.0933,13.1,12.63,12.6767,9.9549,82800
2016-10-12,12.63,12.69,12.38,12.6133,9.9052,132300
2016-10-13,12.5533,12.6967,12.5067,12.52,9.8319,96900
2016-10-14,12.6133,12.8367,12.52,12.6133,9.9052,59400
2016-10-17,12.6367,12.78,12.3933,12.46,9.7848,109500
2016-10-18,12.52,12.52,12.3333,12.35,9.6984,52800
2016-10-19,12.3367,12.7333,12.3367,12.61,9.9026,71400
2016-10-20,12.5133,12.5767,12.2633,12.5433,9.8502,78300
2016-10-21,12.44,12.5467,11.5067,12.47,9.7926,75900
2016-10-24,12.4833,12.4867,12.2833,12.3367,9.6879,72000
2016-10-25,12.2467,12.3333,12.0867,12.13,9.5256,79200
2016-10-26,12.0,12.3333,11.9233,11.9367,9.3738,199200
2016-10-27,12.01,12.2433,11.75,11.8833,9.3319,105300
2016-10-28,11.7833,11.98,11.7333,11.7467,9.2246,123600
2016-10-31,11.8333,11.95,11.6567,11.7967,9.2639,75600
2016-11-01,11.7833,12.0133,11.58,11.6033,9.112,117000
2016-11-02,11.6133,11.9533,11.6133,11.7167,9.201,101400
2016-11-03,11.7867,11.9633,11.73,11.7933,9.2613,76500
2016-11-04,11.81,12.1267,11.81,11.9133,9.3555,109200
2016-11-07,12.1067,12.57,12.0733,12.5033,9.8188,74100
2016-11-08,12.44,12.7767,12.3,12.6467,9.9314,89400
2016-11-09,12.4833,13.39,12.4833,13.3267,10.4654,116700
2016-11-10,13.49,13.8667,12.6433,13.83,10.8606,174300
2016-11-11,13.6767,14.3333,13.5167,14.33,11.2533,216300
2016-11-14,14.3,14.9867,13.78,14.4467,11.4139,103800
2016-11-15,14.22,14.4667,14.1933,14.2367,11.248,82500
2016-11-16,14.1233,14.2033,13.6733,13.73,10.8477,166200
2016-11-17,13.8,13.9,13.5867,13.6867,10.8135,148500
2016-11-18,13.6567,13.7367,13.4333,13.7,10.824,231900
2016-11-21,13.7267,14.0,13.72,13.9733,11.04,89700
2016-11-22,13.91,14.5967,13.8967,14.54,11.4877,102300
2016-11-23,14.4567,14.7167,14.21,14.66,11.5825,75600
2016-11-25,14.54,14.76,14.4933,14.76,11.6615,48600
2016-11-28,14.6133,14.8567,14.5933,14.7033,11.6167,104400
2016-11-29,14.6433,14.9667,14.3867,14.4033,11.3797,103500
2016-11-30,14.5733,14.7467,14.2967,14.3467,11.3349,70200
2016-12-01,14.3833,14.7267,14.3833,14.68,11.5983,126000
2016-12-02,14.62,14.7467,14.4533,14.46,11.4245,91800
2016-12-05,14.5567,14.8633,14.5567,14.8233,11.7115,109500
2016-12-06,14.91,15.7467,14.7367,15.56,12.2936,307800
2016-12-07,15.4,15.4,13.0733,13.31,10.5159,813600
2016-12-08,13.4,13.5667,13.13,13.2,10.429,366600
2016-12-09,13.25,13.3867,13.1,13.2067,10.4342,318000
2016-12-12,13.17,13.27,13.0733,13.2133,10.4395,200400
2016-12-13,13.1667,13.1667,13.0,13.16,10.3974,174300
2016-12-14,13.0933,13.2167,13.0033,13.0467,10.3078,163200
2016-12-15,13.1433,13.2,13.0667,13.1733,10.4079,318000
2016-12-16,13.2133,13.2133,13.0767,13.12,10.3658,498600
2016-12-19,13.2167,13.3933,13.2033,13.24,10.4606,457500
2016-12-20,13.2767,13.3667,13.1733,13.22,10.4448,191700
2016-12-21,13.2567,13.36,13.06,13.29,10.5001,216000
2016-12-22,13.2967,13.3433,13.1833,13.2333,10.4553,84000
2016-12-23,13.2267,13.25,13.09,13.1733,10.4079,164400
2016-12-27,13.13,13.4633,13.0233,13.2067,10.4342,176100
2016-12-28,13.23,13.3733,13.0033,13.1333,10.3763,154200
2016-12-29,13.27,13.2967,13.0867,13.1833,10.4158,163200
2016-12-30,13.2267,13.2967,12.97,13.0,10.271,120900
2017-01-03,13.1967,13.1967,12.7733,13.1667,10.4026,237000
2017-01-04,13.1967,13.36,13.1333,13.3,10.508,703500
2017-01-05,13.3,13.3667,12.99,13.09,10.3421,128100
2017-01-06,13.1633,13.34,13.0267,13.1233,10.3684,116100
2017-01-09,13.1367,13.1367,12.8367,12.92,10.2078,151800
2017-01-10,12.9167,13.2833,12.8167,13.0,10.271,186900
2017-01-11,13.1333,13.1767,12.8,13.1733,10.4079,237600
2017-01-12,12.83,13.3367,12.83,13.2833,10.4948,98700
2017-01-13,13.3,13.4133,13.27,13.3333,10.5343,137400
2017-01-17,13.2367,13.2767,13.0933,13.1133,10.3605,120900
2017-01-18,13.1967,13.4,13.0933,13.3133,10.5185,93900
2017-01-19,13.3233,13.3833,12.8667,12.9467,10.2288,135300
2017-01-20,12.9367,13.1733,12.9267,13.0367,10.2999,93600
2017-01-23,12.9533,13.05,12.8233,12.9633,10.242,120900
2017-01-24,12.9767,13.1967,12.9667,13.0867,10.3394,135300
2017-01-25,13.1733,13.3833,13.1733,13.3333,10.5343,111000
2017-01-26,13.3,13.3367,13.1933,13.3167,10.5211,127800
2017-01-27,13.24,13.3633,13.2033,13.27,10.4843,82800
2017-01-30,13.18,13.18,12.6867,12.7667,10.0866,145200
2017-01-31,12.6767,12.89,12.57,12.8267,10.134,107400
2017-02-01,12.89,13.15,12.73,12.9467,10.2288,68100
2017-02-02,12.7433,12.8067,12.5,12.7067,10.0392,82200
2017-02-03,12.83,13.23,12.74,13.1967,10.4263,123900
2017-02-06,13.07,13.1267,12.82,12.8767,10.1735,71100
2017-02-07,12.94,13.13,12.7533,12.7833,10.0998,90300
2017-02-08,12.8333,12.8333,11.5,11.7233,9.2623,354900
2017-02-09,11.7233,11.7967,11.7,11.74,9.2755,327000
2017-02-10,11.8167,11.94,11.5833,11.64,9.1965,237300
2017-02-13,11.59,11.6333,11.4133,11.46,9.1222,227400
2017-02-14,11.4133,11.4233,11.2667,11.37,9.0505,182400
2017-02-15,11.3067,11.4433,11.2433,11.4033,9.0771,83100
2017-02-16,11.1733,11.64,11.1733,11.2633,8.9656,128100
2017-02-17,11.2433,11.3833,11.17,11.3733,9.0532,100800
2017-02-21,11.53,11.7233,11.3667,11.49,9.146,180600
2017-02-22,11.42,11.5,11.33,11.3933,9.0691,102300
2017-02-23,11.4233,11.4233,11.1233,11.19,8.9072,85500
2017-02-24,11.0767,11.2433,11.05,11.2267,8.9364,63600
2017-02-27,11.22,11.34,11.13,11.1833,8.9019,170700
2017-02-28,11.1967,11.2,10.81,10.88,8.6605,88500
2017-03-01,11.05,11.32,11.05,11.2767,8.9762,106500
2017-03-02,11.2267,11.3,11.1833,11.2233,8.9338,56100
2017-03-03,11.17,11.31,11.17,11.29,8.9868,103200
2017-03-06,11.01,11.2533,11.01,11.2,8.9152,83100
2017-03-07,11.13,11.2567,11.09,11.1667,8.8887,95100
2017-03-08,11.2,11.2533,11.0533,11.0667,8.8091,110100
2017-03-09,11.0967,11.1367,10.79,10.8467,8.634,159000
2017-03-10,10.7867,10.9633,10.7,10.8233,8.6154,124800
2017-03-13,10.8367,10.9833,10.8267,10.8867,8.6658,63900
2017-03-14,10.7667,10.8533,10.66,10.8033,8.5995,66300
2017-03-15,10.84,11.1767,10.84,11.0867,8.825,87300
2017-03-16,11.16,11.2333,11.09,11.1033,8.8383,52200
2017-03-17,11.1,11.25,10.9833,11.1,8.8356,269400
2017-03-20,11.0567,11.12,10.8867,10.9267,8.6976,113700
2017-03-21,10.8267,10.8733,10.4267,10.4333,8.3049,103500
2017-03-22,10.5567,10.56,10.1633,10.2867,8.1882,93600
2017-03-23,10.32,10.4833,10.2267,10.42,8.2943,51600
2017-03-24,10.4467,10.5067,10.35,10.38,8.2625,99000
2017-03-27,10.2833,10.5933,10.2267,10.58,8.4217,283800
2017-03-28,10.52,10.9167,10.45,10.79,8.5888,197700
2017-03-29,10.77,11.0233,10.6567,10.97,8.7321,99000
2017-03-30,10.9767,11.3133,10.96,11.24,8.947,122100
2017-03-31,11.25,11.5467,11.18,11.48,9.1381,289200
2017-04-03,11.49,11.58,11.0867,11.1367,8.8648,150600
2017-04-04,11.12,11.4567,11.11,11.33,9.0187,162900
2017-04-05,11.4033,11.5667,11.25,11.3567,9.0399,188400
2017-04-06,11.4567,11.4667,11.2233,11.3433,9.0293,79500
2017-04-07,11.3533,11.42,11.2533,11.26,8.963,95700
2017-04-10,11.29,11.4467,11.1433,11.2333,8.9417,100200
2017-04-11,11.1833,11.4967,11.1467,11.3867,9.0638,105600
2017-04-12,11.34,11.34,11.0367,11.1033,8.8383,48600
2017-04-13,10.9933,11.0733,10.7567,10.8133,8.6074,71400
2017-04-17,10.8133,11.0633,10.8,11.0267,8.7772,47700
2017-04-18,11.0,11.06,10.9433,11.02,8.7719,50400
2017-04-19,11.16,11.24,11.0133,11.0433,8.7905,71700
2017-04-20,11.1767,11.3133,11.0167,11.2233,8.9338,55500
2017-04-21,11.1933,11.43,11.14,11.3733,9.0532,89700
2017-04-24,11.5633,11.5867,11.3567,11.5267,9.1752,108300
2017-04-25,11.65,12.0033,11.64,11.86,9.4406,85200
2017-04-26,11.81,12.0167,11.7467,11.81,9.4008,120300
2017-04-27,11.8533,11.8533,11.7,11.8167,9.4061,31800
2017-04-28,11.8367,11.8367,11.4767,11.4967,9.1514,76800
2017-05-01,11.61,11.61,11.4267,11.5133,9.1646,39000
2017-05-02,11.4833,11.5767,11.3467,11.4333,9.1009,56700
2017-05-03,12.91,12.91,11.2533,11.3667,9.0479,206700
2017-05-04,11.4167,11.42,11.13,11.2567,8.9603,69300
2017-05-05,11.3467,11.3567,11.1167,11.2833,8.9815,103500
2017-05-08,11.2733,11.4167,11.2367,11.3533,9.0373,68400
2017-05-09,11.3533,11.4133,11.2067,11.21,8.9232,111000
2017-05-10,11.1833,11.5533,11.1667,11.51,9.162,59700
2017-05-11,11.42,11.6133,11.3433,11.4967,9.1514,77100
2017-05-12,11.4867,11.6333,11.35,11.43,9.0983,109500
2017-05-15,11.36,11.4533,11.2333,11.4133,9.1544,82800
2017-05-16,11.3467,11.3567,11.0833,11.18,8.9673,80400
2017-05-17,10.9533,10.9667,10.7733,10.7767,8.6438,74700
2017-05-18,10.69,10.8867,10.69,10.76,8.6304,64800
2017-05-19,10.84,10.92,10.6167,10.7,8.5823,71400
2017-05-22,10.6833,10.8667,10.61,10.81,8.6705,98700
2017-05-23,10.7667,10.8833,10.6933,10.7867,8.6518,56100
2017-05-24,10.6067,11.23,10.5833,11.07,8.879,299700
2017-05-25,11.1767,11.1767,10.8967,10.95,8.7828,43200
2017-05-26,11.0,11.0,10.7867,10.9267,8.7641,39300
2017-05-30,10.8867,11.0433,10.7967,10.8833,8.7293,55500
2017-05-31,10.73,11.1267,10.73,10.9767,8.8042,104400
2017-06-01,10.9867,11.1267,10.8533,11.1133,8.9138,70800
2017-06-02,11.17,11.6,11.06,11.0833,8.8897,89100
2017-06-05,11.0,11.1633,10.9433,11.0033,8.8256,76500
2017-06-06,10.8767,11.1567,10.7467,10.95,8.7828,79800
2017-06-07,10.6333,10.9433,10.6333,10.7233,8.601,40200
2017-06-08,10.7,11.3433,10.7,11.1133,8.9138,63600
2017-06-09,11.1967,11.56,11.1967,11.4733,9.2026,76500
2017-06-12,11.4567,11.7,11.2167,11.2467,9.0208,80400
2017-06-13,11.0833,11.58,11.0833,11.2167,8.9967,77400
2017-06-14,11.2133,11.3367,10.6767,11.0933,8.8978,84600
2017-06-15,10.8467,11.1667,10.8467,10.9933,8.8176,46200
2017-06-16,10.93,11.0,10.77,10.94,8.7748,109500
2017-06-19,10.76,11.0,10.76,10.98,8.8069,32400
2017-06-20,10.7733,11.6867,10.59,10.61,8.5101,66000
2017-06-21,10.6067,10.6867,10.3433,10.3733,8.3203,48300
2017-06-22,10.4,10.5733,10.38,10.5067,8.4272,39600
2017-06-23,10.5233,11.0133,10.5133,10.9533,8.7855,183000
2017-06-26,10.8733,10.99,10.6833,10.7333,8.609,65700
2017-06-27,10.4567,10.8167,10.4467,10.7167,8.5956,42300
2017-06-28,10.7333,11.0133,10.7333,10.8933,8.7374,86700
2017-06-29,10.8867,10.8867,10.5667,10.73,8.6063,91200
2017-06-30,10.7267,10.86,10.6333,10.6633,8.5529,64200
2017-07-03,10.72,10.9633,10.7067,10.8433,8.6972,39900
2017-07-05,10.82,10.8533,10.4767,10.7933,8.6571,96900
2017-07-06,10.6833,10.86,10.5633,10.7433,8.617,61500
2017-07-07,10.6867,11.06,10.6633,10.75,8.6224,51000
2017-07-10,10.7133,10.7167,10.4367,10.66,8.5502,101700
2017-07-11,10.6567,10.77,10.4333,10.77,8.6384,107100
2017-07-12,10.81,10.9667,10.65,10.85,8.7026,55800
2017-07-13,10.9167,11.6367,10.6967,10.85,8.7026,79200
2017-07-14,10.74,10.9833,10.74,10.9067,8.748,56400
2017-07-17,10.8433,11.02,10.7033,10.9333,8.7694,57900
2017-07-18,10.9067,10.9133,10.7533,10.91,8.7507,47700
2017-07-19,10.9,11.18,10.9,11.0967,8.9004,39000
2017-07-20,11.0933,11.2233,10.8333,11.1233,8.9218,72900
2017-07-21,11.14,11.1833,10.9867,11.1367,8.9325,84600
2017-07-24,11.1333,11.1567,10.75,10.7667,8.6358,85800
2017-07-25,10.8333,11.19,10.8333,11.1333,8.9299,82200
2017-07-26,11.15,11.19,10.76,10.8733,8.7213,48900
2017-07-27,10.9233,11.3167,10.7967,11.0033,8.8256,89400
2017-07-28,10.9533,11.0067,10.81,10.9333,8.7694,48000
2017-07-31,11.14,11.14,10.5367,10.6167,8.5154,131100
2017-08-01,10.7867,10.8767,10.5767,10.7033,8.585,86400
2017-08-02,10.7433,10.91,10.56,10.7667,8.6358,75000
2017-08-03,10.74,10.8033,10.6,10.71,8.5903,87300
2017-08-04,10.72,11.2833,10.72,11.15,8.9432,96900
2017-08-07,11.0933,11.2333,11.0067,11.1567,8.9486,71700
2017-08-08,11.2833,11.2833,10.9267,10.9933,8.8176,66000
2017-08-09,10.4167,10.8767,10.2233,10.6933,8.5769,175800
2017-08-10,10.63,10.8767,10.4033,10.7367,8.6117,118200
2017-08-11,10.8633,10.8633,10.43,10.5267,8.4433,169800
2017-08-14,10.7067,10.7467,10.5333,10.6167,8.5154,151200
2017-08-15,10.6067,10.6233,10.1233,10.21,8.1893,194700
2017-08-16,10.2333,10.4133,9.6433,9.7067,7.7855,275400
2017-08-17,9.75,9.93,9.6567,9.7767,7.8417,212100
2017-08-18,9.7333,9.7333,9.34,9.35,7.4995,165600
2017-08-21,9.3333,9.3333,9.2467,9.2533,7.4914,107100
2017-08-22,9.2733,9.3667,8.92,9.11,7.3753,147300
2017-08-23,9.0333,9.1867,9.0267,9.1433,7.4023,95700
2017-08-24,9.2167,9.2767,9.1733,9.18,7.432,163200
2017-08-25,9.22,9.5533,9.22,9.3767,7.5912,179400
2017-08-28,9.3433,9.4833,9.2633,9.45,7.6506,675600
2017-08-29,9.41,9.99,9.3867,9.6467,7.8098,174600
2017-08-30,9.6367,9.77,9.3667,9.54,7.7235,88200
2017-08-31,9.5533,9.59,9.35,9.49,7.683,210000
2017-09-01,9.4867,9.63,9.4,9.6,7.772,138600
2017-09-05,9.6033,9.6467,9.3567,9.4033,7.6128,84000
2017-09-06,9.52,9.54,9.3633,9.4033,7.6128,85200
2017-09-07,9.44,9.44,8.9833,9.12,7.3834,264000
2017-09-08,9.1233,9.1633,8.9867,9.0933,7.3618,187800
2017-09-11,9.1567,9.45,9.1567,9.3333,7.5561,144000
2017-09-12,9.3533,9.5067,9.32,9.41,7.6182,82500
2017-09-13,9.3633,9.57,9.3633,9.5433,7.7262,128400
2017-09-14,9.59,9.7,9.4333,9.55,7.7316,111900
2017-09-15,9.5733,9.7667,9.4667,9.6333,7.799,323400
2017-09-18,9.6833,9.79,9.6467,9.7267,7.8746,98100
2017-09-19,9.77,9.77,9.6367,9.7133,7.8638,67800
2017-09-20,9.71,9.7533,9.44,9.4667,7.6641,95400
2017-09-21,9.5,9.6767,9.45,9.6333,7.799,105300
2017-09-22,9.63,9.7167,9.5933,9.63,7.7963,48900
2017-09-25,9.6267,9.7567,9.61,9.6867,7.8422,65100
2017-09-26,9.7067,9.7867,9.65,9.7433,7.8881,74100
2017-09-27,9.73,9.9867,9.65,9.8867,8.0041,103500
2017-09-28,9.95,10.0733,9.7633,10.0,8.0959,84900
2017-09-29,10.03,10.03,9.8867,9.9967,8.0932,82200
2017-10-02,10.0167,10.0867,9.7233,10.01,8.104,414300
2017-10-03,10.0333,10.1967,10.03,10.1633,8.2281,145200
2017-10-04,10.3733,10.3733,10.11,10.1967,8.2551,228300
2017-10-05,10.2,10.4033,10.0933,10.12,8.193,59700
2017-10-06,10.0667,10.0667,9.8967,9.92,8.0311,83700
2017-10-09,9.9233,9.9967,9.8167,9.8933,8.0095,52200
2017-10-10,9.87,10.0333,9.8567,9.97,8.0716,155700
2017-10-11,10.0,10.0533,9.9233,9.9667,8.0689,99600
2017-10-12,10.0533,10.1833,9.9367,10.0367,8.1256,145500
2017-10-13,10.0433,10.1433,9.9167,9.97,8.0716,193500
2017-10-16,10.04,10.43,9.75,9.8833,8.0014,97200
2017-10-17,9.77,9.77,9.58,9.6433,7.8071,67200
2017-10-18,9.65,10.0367,9.4167,9.4367,7.6398,86700
2017-10-19,9.44,9.5133,9.26,9.4133,7.6209,78900
2017-10-20,9.51,9.6667,9.45,9.4767,7.6722,101100
2017-10-23,9.62,9.63,9.3533,9.3833,7.5966,105300
2017-10-24,9.4633,9.5867,9.3433,9.45,7.6506,109200
2017-10-25,9.39,9.5967,9.31,9.4333,7.6371,307800
2017-10-26,9.46,9.7033,9.3567,9.6533,7.8152,121200
2017-10-27,9.6267,9.8067,9.55,9.5567,7.7369,136200
2017-10-30,9.4233,9.5467,9.1167,9.3533,7.5723,150300
2017-10-31,9.3567,9.6933,9.3467,9.66,7.8206,207900
2017-11-01,9.7133,10.0367,9.5267,9.64,7.8044,146400
2017-11-02,9.6367,9.9067,9.6367,9.76,7.9016,86700
2017-11-03,9.72,9.8167,9.3367,9.4733,7.6695,126300
2017-11-06,9.49,9.64,9.3333,9.61,7.7801,104400
2017-11-07,9.62,9.6667,9.36,9.3967,7.6074,115800
2017-11-08,9.38,9.4233,9.0667,9.3333,7.5561,96900
2017-11-09,9.3033,9.41,9.1267,9.1867,7.4374,75900
2017-11-10,9.1533,9.4733,9.1533,9.2633,7.4995,141000
2017-11-13,9.2367,9.3767,9.2033,9.23,7.4725,87300
2017-11-14,9.1833,9.3767,9.0667,9.1833,7.4347,68100
2017-11-15,9.1067,9.3567,8.9167,8.95,7.2458,95400
2017-11-16,8.9567,9.32,8.9567,9.18,7.432,174600
2017-11-17,9.12,9.2367,9.12,9.1267,7.3888,121800
2017-11-20,9.1367,9.3067,9.1367,9.2333,7.5468,73200
2017-11-21,9.2767,9.57,9.2767,9.4067,7.6885,155100
2017-11-22,9.4267,9.5933,9.29,9.4133,7.694,99300
2017-11-24,9.4233,9.47,9.2767,9.4,7.6831,26100
2017-11-27,9.4,9.5133,9.27,9.3833,7.6694,109200
2017-11-28,9.44,9.5933,9.33,9.52,7.7812,166500
2017-11-29,9.54,9.66,9.4567,9.5167,7.7784,91200
2017-11-30,9.59,9.59,9.2533,9.3567,7.6477,139200
2017-12-01,9.3633,9.5667,9.2267,9.51,7.773,107100
2017-12-04,9.6267,9.7333,9.5,9.6867,7.9174,134100
2017-12-05,9.69,9.69,9.3367,9.4267,7.7049,153000
2017-12-06,8.6033,9.63,7.6,9.44,7.7158,1166100
2017-12-07,9.4133,9.6367,8.8,9.33,7.6259,192600
2017-12-08,9.3767,9.5533,9.31,9.3467,7.6395,153600
2017-12-11,9.3833,9.6467,9.2667,9.4833,7.7512,163800
2017-12-12,9.4967,9.7567,9.3867,9.6067,7.852,153000
2017-12-13,9.6267,9.82,9.4733,9.5533,7.8084,218100
2017-12-14,9.5767,9.7767,9.4867,9.6333,7.8738,181800
2017-12-15,9.6333,9.9033,9.5133,9.7567,7.9746,630900
2017-12-18,9.8533,9.8533,9.4333,9.53,7.7893,286200
2017-12-19,9.5467,9.7333,9.4067,9.53,7.7893,124200
2017-12-20,9.5667,9.6067,9.3433,9.51,7.773,78900
2017-12-21,9.54,9.7833,9.4067,9.7133,7.9392,179400
2017-12-22,9.72,9.72,9.4633,9.6067,7.852,108300
2017-12-26,9.6033,9.7333,9.4867,9.7067,7.9337,82500
2017-12-27,9.61,9.8233,9.5667,9.6367,7.8765,68700
2017-12-28,9.6433,9.7267,9.58,9.7233,7.9473,163800
2017-12-29,9.7233,9.7533,9.5267,9.55,7.8057,190200
2018-01-02,9.5867,9.8167,9.5,9.65,7.8874,148200
2018-01-03,9.6467,9.9033,8.8133,9.7533,7.9719,129000
2018-01-04,9.7667,9.9,9.6167,9.8233,8.0291,124200
2018-01-05,9.8467,9.8967,9.65,9.7733,7.9882,83400
2018-01-08,9.73,9.7667,9.61,9.7033,7.931,101700
2018-01-09,9.7,9.72,9.5933,9.6133,7.8574,93000
2018-01-10,9.5867,9.7433,9.5,9.7,7.9283,83400
2018-01-11,9.7033,10.0033,9.45,9.96,8.1408,190500
2018-01-12,9.98,10.3067,9.8733,10.2533,8.3805,157500
2018-01-16,10.3333,10.8167,10.33,10.5033,8.5849,349800
2018-01-17,10.5567,10.82,10.53,10.7333,8.7729,167100
2018-01-18,10.73,10.8433,10.56,10.7033,8.7483,132000
2018-01-19,10.7233,11.0967,10.7233,11.03,9.0154,177900
2018-01-22,11.0067,11.2333,10.55,10.7067,8.7511,159000
2018-01-23,10.68,10.7533,10.5433,10.6733,8.7238,191400
2018-01-24,10.69,11.34,10.69,10.8033,8.8301,153600
2018-01-25,10.88,10.9167,10.5533,10.8033,8.8301,162300
2018-01-26,10.84,10.9,10.7567,10.84,8.8601,179400
2018-01-29,10.7767,11.0067,10.7267,10.8333,8.8546,91500
2018-01-30,10.8133,10.95,10.7333,10.8567,8.8737,179400
2018-01-31,10.9533,10.99,10.7967,10.8633,8.8791,88800
2018-02-01,10.8267,10.8933,10.6667,10.8667,8.8818,122700
2018-02-02,10.7633,10.8667,10.6,10.68,8.7293,273600
2018-02-05,10.6933,10.7,10.1267,10.15,8.2961,188400
2018-02-06,9.9333,10.26,9.4967,10.0167,8.1871,163500
2018-02-07,9.6,10.1767,9.3833,9.98,8.1571,275400
2018-02-08,9.9867,10.2033,9.62,9.6467,7.8847,204600
2018-02-09,9.8067,9.8067,9.49,9.5467,7.8029,293700
2018-02-12,9.58,9.59,9.2767,9.37,7.6586,242400
2018-02-13,9.2767,9.3533,9.12,9.2833,7.5877,193500
2018-02-14,9.1633,9.3467,9.0233,9.3033,7.6041,223500
2018-02-15,9.3667,9.44,9.2033,9.36,7.6504,156900
2018-02-16,9.32,9.6,9.2833,9.39,7.6749,162300
2018-02-20,9.2733,9.4133,9.1867,9.2467,7.6282,136800
2018-02-21,9.26,9.4567,9.13,9.14,7.5402,105900
2018-02-22,9.1867,9.33,8.9367,9.2133,7.6007,268500
2018-02-23,9.2667,9.27,9.11,9.23,7.6144,128400
2018-02-26,9.25,9.3633,9.2167,9.3067,7.6776,91200
2018-02-27,9.3067,9.4367,9.16,9.1667,7.5622,99600
2018-02-28,9.1867,9.2833,8.8267,8.8767,7.3229,156000
2018-03-01,8.91,9.0067,8.8167,8.8833,7.3284,165000
2018-03-02,8.8167,9.1633,8.72,9.05,7.4659,428700
2018-03-05,9.0,9.2667,8.95,9.1867,7.5787,214500
2018-03-06,9.21,9.32,9.0067,9.1967,7.5869,127500
2018-03-07,9.1267,9.2933,9.1267,9.2867,7.6611,92700
2018-03-08,9.3233,9.4767,9.2267,9.44,7.7876,62100
2018-03-09,9.4967,9.68,9.4433,9.6033,7.9224,90000
2018-03-12,9.5867,9.7133,9.5267,9.6667,7.9746,63600
2018-03-13,9.7067,9.8267,9.6267,9.6767,7.9829,78300
2018-03-14,9.7167,9.75,9.5067,9.5467,7.8756,226500
2018-03-15,9.5633,9.6333,9.32,9.3933,7.7491,96000
2018-03-16,9.38,9.5833,9.3,9.53,7.8619,246000
2018-03-19,9.5333,9.7867,9.4333,9.5833,7.9059,117600
2018-03-20,9.6,9.6967,9.4633,9.4967,7.8344,97500
2018-03-21,9.4933,9.6833,9.4933,9.5433,7.8729,50700
2018-03-22,9.4333,9.5533,9.2233,9.2233,7.6089,107700
2018-03-23,9.27,9.4333,9.0333,9.0633,7.4769,91800
2018-03-26,9.1967,9.3867,9.0367,9.29,7.6639,176700
2018-03-27,9.29,9.4233,9.0467,9.2267,7.6117,196500
2018-03-28,9.2333,9.36,9.01,9.1,7.5072,390300
2018-03-29,9.13,9.3633,8.8833,8.9467,7.3807,824100
2018-04-02,8.94,9.2533,8.8467,9.0433,7.4604,201600
2018-04-03,8.9567,9.2967,8.7767,9.1333,7.5347,136500
2018-04-04,9.05,9.4667,9.05,9.4,7.7546,167700
2018-04-05,9.3967,9.63,9.0833,9.5867,7.9086,225300
2018-04-06,9.52,9.6933,9.41,9.5633,7.8894,166500
2018-04-09,9.62,9.7367,9.45,9.6467,7.9581,225600
2018-04-10,9.7333,9.9033,9.6933,9.8,8.0846,69900
2018-04-11,9.75,9.8367,9.6667,9.8267,8.1066,73800
2018-04-12,10.0267,10.06,9.83,9.9267,8.1891,169500
2018-04-13,9.9533,10.2333,9.8467,9.9033,8.1699,103500
2018-04-16,9.9133,10.0667,9.9133,10.01,8.2579,60300
2018-04-17,10.0667,10.1267,9.9367,10.0767,8.3129,105600
2018-04-18,10.05,10.27,9.88,10.15,8.3734,160800
2018-04-19,10.22,10.3767,10.22,10.3167,8.5109,113100
2018-04-20,10.33,10.3933,10.1467,10.3233,8.5164,179700
2018-04-23,10.32,10.4,10.18,10.3567,8.5439,88200
2018-04-24,10.39,10.4933,10.1833,10.38,8.5631,97200
2018-04-25,10.3833,10.4467,10.2833,10.3267,8.5191,106500
2018-04-26,10.3867,10.3867,10.2433,10.32,8.5136,70500
2018-04-27,10.3233,10.34,10.1533,10.1867,8.4036,88500
2018-04-30,10.0833,10.1833,9.9833,10.0167,8.2634,94500
2018-05-01,9.9933,10.0767,9.7333,10.0567,8.2964,84000
2018-05-02,10.0467,10.2433,10.0467,10.11,8.3404,57000
2018-05-03,9.96,10.2067,9.96,10.0433,8.2854,50400
2018-05-04,10.0267,10.3933,10.0267,10.23,8.4394,73500
2018-05-07,10.2367,10.4833,10.12,10.42,8.5961,86400
2018-05-08,10.4067,10.5633,10.28,10.5267,8.6841,69300
2018-05-09,11.1,12.0533,11.1,11.97,9.8748,156300
2018-05-10,11.8833,12.3,11.5233,12.26,10.114,187500
2018-05-11,12.23,12.23,11.9633,12.0533,9.9435,115200
2018-05-14,12.05,12.2233,11.8667,11.92,9.8335,152700
2018-05-15,11.82,11.9467,11.6367,11.7,9.6521,74700
2018-05-16,11.6967,11.93,11.6333,11.7367,9.6823,242700
2018-05-17,11.7367,11.9567,11.6133,11.6433,9.6053,210000
2018-05-18,11.6967,11.7467,11.5267,11.54,9.5201,110700
2018-05-21,11.6,11.8033,11.6,11.7467,9.6906,118500
2018-05-22,11.79,11.79,11.5733,11.6233,9.6601,74400
2018-05-23,11.5633,11.7467,11.5433,11.55,9.5991,83700
2018-05-24,11.5567,11.5567,11.3167,11.3733,9.4523,149100
2018-05-25,11.3067,11.3533,11.23,11.3267,9.4135,76200
2018-05-29,11.2833,11.32,11.0867,11.19,9.2999,129900
2018-05-30,11.19,11.3333,11.1533,11.29,9.383,197400
2018-05-31,11.25,11.39,11.18,11.27,9.3664,118500
2018-06-01,11.33,11.5233,11.1633,11.44,9.5077,252900
2018-06-04,11.4367,12.41,11.4367,12.0833,10.0424,297900
2018-06-05,12.1,12.3467,12.0333,12.2767,10.2031,124500
2018-06-06,12.3467,12.7233,11.8567,12.2267,10.1615,271200
2018-06-07,12.2233,12.5133,12.1,12.1833,10.1255,161400
2018-06-08,12.18,12.24,11.9233,12.0633,10.0258,127200
2018-06-11,12.0767,12.2433,11.86,11.9767,9.9537,157200
2018-06-12,12.0133,12.0167,11.84,11.92,9.9066,70200
2018-06-13,11.7733,12.0167,11.7733,11.9133,9.9011,125100
2018-06-14,11.9333,12.0167,11.87,12.0033,9.9759,103500
2018-06-15,11.9633,12.0167,11.84,11.8867,9.8789,180600
2018-06-18,11.8667,11.96,11.74,11.8967,9.8872,95100
2018-06-19,11.8267,11.8333,11.6467,11.69,9.7155,104100
2018-06-20,11.7233,11.7967,11.5667,11.7,9.7238,149100
2018-06-21,11.73,11.8833,11.4767,11.5767,9.6213,169800
2018-06-22,11.61,11.7333,11.39,11.5667,9.613,210300
2018-06-25,11.4767,11.69,11.3467,11.6133,9.6518,124200
2018-06-26,11.6333,11.85,11.5967,11.7367,9.7543,54000
2018-06-27,11.65,11.75,11.5633,11.57,9.6158,171000
2018-06-28,11.57,11.7133,11.4167,11.64,9.6739,123000
2018-06-29,11.6533,11.92,11.5567,11.61,9.649,100500
2018-07-02,11.5667,11.67,11.49,11.67,9.6989,63000
2018-07-03,11.6933,11.75,11.5667,11.59,9.6324,65700
2018-07-05,11.66,11.75,11.61,11.7333,9.7515,76200
2018-07-06,11.73,11.75,11.6133,11.6567,9.6878,79500
2018-07-09,11.67,11.9933,11.67,11.96,9.9399,144900
2018-07-10,11.9833,12.26,11.83,12.0867,10.0452,127200
2018-07-11,11.9867,12.1067,11.8767,11.9533,9.9343,69300
2018-07-12,12.0367,12.0833,11.8367,11.9367,9.9205,43800
2018-07-13,12.14,12.15,11.9167,12.0533,10.0175,36300
2018-07-16,12.0567,12.0567,11.6967,11.7633,9.7764,89400
2018-07-17,11.7533,12.0167,11.7067,11.7533,9.7681,78600
2018-07-18,11.81,11.85,11.6933,11.7667,9.7792,31500
2018-07-19,11.7367,11.8567,11.6633,11.6933,9.7183,64200
2018-07-20,11.72,11.7267,11.5433,11.6967,9.721,95700
2018-07-23,11.6867,12.16,11.6867,11.9033,9.8928,119700
2018-07-24,11.9367,12.0033,11.8133,11.8667,9.8623,42000
2018-07-25,11.8633,12.0333,11.76,11.9767,9.9537,49800
2018-07-26,11.9733,12.1667,11.9733,12.1,10.0562,36600
2018-07-27,12.0967,12.2333,11.6933,11.7633,9.7764,86700
2018-07-30,11.8633,11.9667,11.7467,11.8167,9.8208,89100
2018-07-31,11.9033,12.2367,11.7633,12.2167,10.1532,136200
2018-08-01,12.2267,12.2467,11.9,12.15,10.0978,57900
2018-08-02,12.0167,12.2533,12.0167,12.25,10.1809,50400
2018-08-03,12.2467,12.4,12.1,12.3233,10.2418,62100
2018-08-06,12.31,12.3633,12.0533,12.3333,10.2502,129300
2018-08-07,12.32,12.8233,12.02,12.6133,10.4829,177000
2018-08-08,13.1667,13.8067,12.51,13.36,11.1034,385800
2018-08-09,13.42,13.77,13.36,13.55,11.2613,137400
2018-08-10,13.4967,13.6167,13.3,13.43,11.1616,83100
2018-08-13,13.4333,13.5267,13.1,13.44,11.1699,98100
2018-08-14,13.3333,13.5367,13.2267,13.4,11.1367,108600
2018-08-15,13.38,13.42,13.0567,13.2267,10.9926,75600
2018-08-16,13.3267,13.46,13.05,13.35,11.0951,138900
2018-08-17,13.4133,13.4867,13.1633,13.2933,11.048,100200
2018-08-20,13.3133,13.4367,12.9467,13.3833,11.1228,118800
2018-08-21,13.3133,13.5567,13.2333,13.3567,11.173,121800
2018-08-22,13.34,13.5,13.3267,13.4533,11.2539,72900
2018-08-23,13.45,13.62,13.2667,13.3767,11.1897,88500
2018-08-24,13.39,13.4533,13.27,13.36,11.1758,48000
2018-08-27,13.46,13.5667,13.32,13.43,11.2343,52200
2018-08-28,13.4767,13.6267,13.4167,13.5533,11.3375,36900
2018-08-29,13.58,13.5833,13.3667,13.41,11.2176,98100
2018-08-30,13.39,13.4967,13.17,13.22,11.0587,73200
2018-08-31,13.1533,13.65,12.96,13.05,10.9165,82500
2018-09-04,13.0367,13.0567,12.7167,12.8333,10.7352,78900
2018-09-05,12.8233,13.2033,12.42,12.8433,10.7436,63300
2018-09-06,12.8633,13.3467,12.68,12.7533,10.6683,54300
2018-09-07,12.7533,12.7533,12.5233,12.64,10.5735,58500
2018-09-10,12.55,12.8467,12.4133,12.7067,10.6293,51300
2018-09-11,12.71,12.8967,12.5333,12.6667,10.5958,69600
2018-09-12,12.6767,12.6767,12.3333,12.3933,10.3672,70200
2018-09-13,12.4667,12.47,12.1967,12.2933,10.2835,55200
2018-09-14,12.28,12.5367,12.1733,12.3,10.2891,72900
2018-09-17,12.2567,12.9733,11.9833,12.1633,10.1748,139200
2018-09-18,12.1967,12.4367,12.0067,12.05,10.08,80700
2018-09-19,12.0667,12.6133,11.96,11.96,10.0047,121800
2018-09-20,11.96,12.2367,11.7033,11.9,9.9545,84000
2018-09-21,11.8867,12.2367,11.8167,11.8333,9.8987,254400
2018-09-24,11.78,11.78,11.4467,11.5,9.6199,335700
2018-09-25,11.5467,11.6767,11.3033,11.3167,9.4665,141300
2018-09-26,11.3133,12.4867,11.1533,11.2,9.3689,141600
2018-09-27,11.2267,11.3467,11.0967,11.3133,9.4637,66600
2018-09-28,11.2867,12.0933,11.1833,12.0867,10.1106,187500
2018-10-01,12.1267,12.1367,11.6033,11.63,9.7286,155100
2018-10-02,11.6267,11.8967,11.52,11.6933,9.7816,138900
2018-10-03,11.73,11.88,11.34,11.76,9.8374,83100
2018-10-04,11.7633,11.9,11.4433,11.5633,9.6729,36600
2018-10-05,11.5667,11.5667,11.1867,11.4,9.5362,56700
2018-10-08,11.39,11.5133,11.1533,11.28,9.4358,63300
2018-10-09,11.28,11.4667,11.14,11.2133,9.3801,73800
2018-10-10,11.1833,11.55,10.8567,10.9133,9.1291,112800
2018-10-11,10.88,10.9467,10.5767,10.59,8.8587,126300
2018-10-12,10.75,10.75,10.33,10.3633,8.669,57000
2018-10-15,10.36,10.62,10.32,10.35,8.6579,35100
2018-10-16,10.3967,10.45,10.3333,10.4033,8.7025,103200
2018-10-17,10.4167,10.7867,10.4167,10.7133,8.9618,87300
2018-10-18,10.6667,10.7167,10.2667,10.3967,8.6969,54300
2018-10-19,10.3933,10.3933,10.05,10.1733,8.5101,121500
2018-10-22,10.1867,10.3267,10.0167,10.22,8.5491,255300
2018-10-23,10.08,10.3,9.7967,9.9233,8.301,177600
2018-10-24,9.92,10.0333,9.6267,9.66,8.0807,115500
2018-10-25,9.7133,10.2,9.7133,10.11,8.4571,111900
2018-10-26,9.9767,10.0467,9.7433,9.9467,8.3205,115500
2018-10-29,10.0633,10.0933,9.5267,9.6733,8.0919,152700
2018-10-30,9.67,9.8967,9.5633,9.77,8.1727,114300
2018-10-31,9.8533,9.8833,9.6467,9.72,8.1309,69600
2018-11-01,9.8333,10.2467,9.8333,9.9,8.2815,169500
2018-11-02,9.9233,10.2133,9.7333,9.8467,8.2368,260400
2018-11-05,9.8767,10.1967,9.7267,10.0,8.3651,406500
2018-11-06,10.0,11.01,10.0,10.9533,9.1626,111000
2018-11-07,10.96,11.1267,10.61,10.9133,9.1291,49500
2018-11-08,10.91,11.14,10.6933,10.96,9.1682,45600
2018-11-09,10.8033,11.0233,10.6567,10.8367,9.065,87600
2018-11-12,10.8333,10.8333,10.52,10.56,8.8336,104700
2018-11-13,10.5467,10.75,10.3667,10.59,8.8587,61800
2018-11-14,10.6833,10.8233,10.2733,10.35,8.6579,69600
2018-11-15,10.2767,10.9933,10.2433,10.6933,8.9451,62400
2018-11-16,10.6667,11.01,10.6367,10.86,9.0845,108600
2018-11-19,10.9067,10.9067,10.5067,10.56,8.8336,39900
2018-11-20,10.31,10.48,10.0067,10.33,8.7127,65400
2018-11-21,10.04,10.5067,10.04,10.2333,8.6311,53400
2018-11-23,10.2033,10.2067,9.8233,9.9133,8.3612,28500
2018-11-26,9.9167,10.15,9.8733,9.95,8.3922,71700
2018-11-27,9.6533,9.93,9.6533,9.8533,8.3106,51000
2018-11-28,9.8567,10.1133,9.7333,10.1133,8.5299,130200
2018-11-29,10.0333,10.2033,10.0033,10.06,8.4849,44700
2018-11-30,10.0633,10.3067,10.0633,10.19,8.5946,83400
2018-12-03,10.35,10.6333,9.6933,10.2567,8.6508,73800
2018-12-04,10.2567,10.2567,9.3933,9.3933,7.9227,154500
2018-12-06,9.3533,10.13,9.1467,9.3,7.8439,89700
2018-12-07,9.3,9.58,8.99,9.2,7.7596,107400
2018-12-10,9.09,9.4633,9.01,9.1833,7.7455,42600
2018-12-11,9.36,9.5067,9.1,9.1567,7.723,85200
2018-12-12,8.4933,9.0333,8.34,8.5833,7.2395,305100
2018-12-13,8.6833,8.6833,7.75,8.4933,7.1636,232800
2018-12-14,8.4933,8.77,8.1967,8.26,6.9668,118800
2018-12-17,8.1667,8.42,8.0833,8.1333,6.8599,312300
2018-12-18,8.2167,8.8533,8.2167,8.5233,7.1889,168600
2018-12-19,8.54,8.59,8.2767,8.3133,7.0117,145500
2018-12-20,8.2867,8.5767,8.09,8.2067,6.9218,110400
2018-12-21,8.21,8.47,7.9767,8.0533,6.7924,425400
2018-12-24,7.9833,8.8033,7.5167,7.67,6.4691,65100
2018-12-26,7.7233,8.0033,7.5867,7.9467,6.7025,98100
2018-12-27,7.8033,8.22,7.8033,8.13,6.8571,93300
2018-12-28,8.1233,8.65,8.1233,8.39,7.0764,134100
2018-12-31,8.3933,8.4733,8.17,8.3367,7.0314,146400
2019-01-02,8.3133,8.9533,8.3133,8.92,7.5234,143700
2019-01-03,8.89,8.9967,8.2,8.6133,7.2648,236400
2019-01-04,8.6533,9.1667,8.6533,9.1,7.6752,151800
2019-01-07,9.0967,9.48,9.05,9.2967,7.8411,101100
2019-01-08,9.4,9.6467,9.3333,9.61,8.1054,64200
2019-01-09,9.6533,9.8767,9.6533,9.7533,8.2263,105900
2019-01-10,9.6167,9.7267,9.41,9.4233,7.9479,114900
2019-01-11,9.3867,9.69,9.3533,9.5733,8.0745,143700
2019-01-14,9.64,9.7667,9.4167,9.6667,8.1532,81300
2019-01-15,9.6533,9.6533,9.3267,9.3567,7.8917,91800
2019-01-16,9.3533,9.63,9.25,9.37,7.903,102300
2019-01-17,9.3167,9.74,9.16,9.65,8.1391,90000
2019-01-18,9.6767,9.89,9.6633,9.6633,8.1504,66900
2019-01-22,9.66,9.7333,9.2,9.4,7.9283,58800
2019-01-23,9.4267,9.4267,9.25,9.34,7.8777,32400
2019-01-24,9.2067,9.3567,9.2033,9.3467,7.8833,35100
2019-01-25,9.3,9.4733,9.28,9.2967,7.8411,33900
2019-01-28,9.2067,9.2067,8.77,9.0567,7.6387,65100
2019-01-29,9.06,9.21,9.06,9.0867,7.664,43500
2019-01-30,9.1767,9.1767,9.05,9.1233,7.6949,37500
2019-01-31,9.13,9.3567,9.0767,9.3033,7.8467,45000
2019-02-01,9.34,9.34,9.0333,9.16,7.7258,29700
2019-02-04,9.1633,9.65,9.1633,9.6467,8.1363,56700
2019-02-05,9.5667,9.66,9.1667,9.5667,8.0688,65400
2019-02-06,9.4,10.4167,9.4,10.2067,8.6086,131100
2019-02-07,10.0667,10.38,10.0033,10.3733,8.7492,120600
2019-02-08,10.3033,10.3033,9.35,10.2067,8.6086,154800
2019-02-11,10.21,10.33,10.0567,10.33,8.7127,81900
2019-02-12,10.3333,10.5,10.14,10.5,8.856,86400
2019-02-13,10.47,10.7333,10.41,10.6667,8.9966,69000
2019-02-14,10.5767,11.0033,10.5767,10.8233,9.1288,86700
2019-02-15,10.8533,11.1633,10.8267,10.99,9.2693,84000
2019-02-19,10.82,11.29,10.82,11.21,9.53,94500
2019-02-20,11.2067,11.51,11.17,11.1867,9.5102,140700
2019-02-21,11.19,11.19,10.8967,11.09,9.428,57900
2019-02-22,11.2567,11.2767,11.0633,11.1467,9.4762,47400
2019-02-25,11.2667,11.2667,11.1333,11.19,9.513,78300
2019-02-26,10.9967,11.32,10.9433,10.96,9.3175,62100
2019-02-27,10.9333,10.9867,10.7067,10.86,9.2325,71100
2019-02-28,10.9,10.9833,10.69,10.6967,9.0936,43200
2019-03-01,10.6133,10.8133,10.3867,10.41,8.8499,115800
2019-03-04,10.46,10.5533,10.0067,10.03,8.5269,154200
2019-03-05,10.03,10.4567,9.9367,10.2367,8.7026,109500
2019-03-06,10.3267,10.3267,9.6167,9.6767,8.2265,99900
2019-03-07,9.72,9.72,9.4633,9.4733,8.0536,231000
2019-03-08,9.4333,10.2267,9.2167,10.1633,8.6402,135900
2019-03-11,10.1633,10.1633,9.78,9.8067,8.337,107400
2019-03-12,9.8667,10.02,9.6267,9.63,8.1868,74400
2019-03-13,9.66,9.8167,9.5967,9.63,8.1868,69000
2019-03-14,9.65,9.97,9.5033,9.5367,8.1075,85200
2019-03-15,9.5367,9.88,9.2733,9.7167,8.2605,330600
2019-03-18,9.7533,9.8867,9.4,9.83,8.3569,78000
2019-03-19,9.7867,9.9033,9.5833,9.6,8.1613,55200
2019-03-20,9.6167,10.0567,9.4533,9.8,8.3313,95100
2019-03-21,9.7867,10.1433,9.7867,9.9033,8.4192,64200
2019-03-22,9.85,9.93,9.34,9.3433,7.9431,87300
2019-03-25,9.4333,9.4533,9.22,9.23,7.8468,48900
2019-03-26,9.3233,9.6667,9.2833,9.3933,7.9856,49200
2019-03-27,9.39,9.5267,9.35,9.3867,7.98,114900
2019-03-28,9.41,9.5233,9.2133,9.4133,8.0026,59100
2019-03-29,9.45,9.5733,8.7367,8.85,7.5237,182700
2019-04-01,8.9467,9.0367,8.8267,9.0333,7.6796,205500
2019-04-02,9.0367,9.2167,8.9067,9.1667,7.7929,102600
2019-04-03,9.2333,9.57,9.2333,9.5533,8.1216,100500
2019-04-04,9.5067,9.6533,9.41,9.6,8.1613,69900
2019-04-05,9.6167,9.9167,9.6067,9.7367,8.2775,56100
2019-04-08,9.7233,9.97,9.65,9.7267,8.269,48900
2019-04-09,9.6933,9.73,9.55,9.6667,8.218,129000
2019-04-10,9.67,9.9533,9.67,9.8767,8.3965,121200
2019-04-11,9.9433,10.0467,9.9,9.9,8.4164,22800
2019-04-12,9.9967,10.0967,9.86,10.0633,8.5552,94500
2019-04-15,9.99,10.2,9.9433,9.9633,8.4702,25500
2019-04-16,10.06,10.06,9.8867,9.9867,8.49,35700
2019-04-17,10.0233,10.28,10.01,10.03,8.5269,128100
2019-04-18,10.0267,10.2633,10.0267,10.2633,8.7252,40500
2019-04-22,10.21,10.2567,9.9967,10.0967,8.5836,29100
2019-04-23,10.14,10.2833,10.0333,10.2167,8.6856,32100
2019-04-24,9.9467,10.2633,9.9467,10.1167,8.6006,50400
2019-04-25,10.09,10.09,9.86,9.8967,8.4135,27300
2019-04-26,9.85,10.0167,9.7933,9.9133,8.4277,39000
2019-04-29,10.0233,10.19,9.7033,10.0667,8.558,50100
2019-04-30,9.9567,10.04,9.65,9.75,8.2888,92100
2019-05-01,9.8133,9.8667,9.49,9.72,8.2633,153900
2019-05-02,9.7133,9.8167,9.55,9.6633,8.2152,107400
2019-05-03,9.74,9.9667,9.7133,9.94,8.4504,85800
2019-05-06,9.87,10.1733,9.8633,10.08,8.5694,49800
2019-05-07,9.97,10.0933,9.89,10.0933,8.5807,42600
2019-05-08,11.2,11.8067,10.9433,11.5133,9.7879,299700
2019-05-09,11.6267,11.6333,11.26,11.4333,9.7199,150000
2019-05-10,11.4067,11.94,11.25,11.8267,10.0543,322800
2019-05-13,11.5967,12.0633,11.57,11.9867,10.1903,104100
2019-05-14,12.0333,12.1433,11.7933,11.98,10.1846,89100
2019-05-15,11.9,12.52,11.8433,11.9733,10.179,111300
2019-05-16,11.9967,12.3333,11.9967,12.19,10.3632,101400
2019-05-17,12.1033,12.28,11.8933,11.9433,10.1535,66300
2019-05-20,11.9333,12.26,11.81,12.0467,10.2413,90600
2019-05-21,12.0533,12.4233,11.8667,12.0767,10.3412,110400
2019-05-22,12.08,12.3833,12.08,12.3,10.5325,62700
2019-05-23,12.2167,12.2167,11.6967,11.94,10.2242,136500
2019-05-24,11.9467,12.13,11.8,12.01,10.2841,64800
2019-05-28,12.0933,12.0933,11.6667,11.79,10.0957,127800
2019-05-29,11.7267,11.8733,11.5133,11.5367,9.8788,223800
2019-05-30,11.6033,11.9667,11.5733,11.8833,10.1757,132300
2019-05-31,11.71,11.87,11.42,11.4733,9.8246,116400
2019-06-03,11.5433,11.7833,11.4233,11.6767,9.9987,146400
2019-06-04,11.8167,11.97,11.6667,11.86,10.1557,115200
2019-06-05,12.04,12.42,11.81,12.1667,10.4183,156600
2019-06-06,12.1733,12.2833,11.88,11.9533,10.2356,69600
2019-06-07,12.0,12.4133,11.95,12.1233,10.3812,102900
2019-06-10,12.07,12.3,11.9567,12.01,10.2841,86100
2019-06-11,12.0367,12.08,11.8433,12.0333,10.3041,107100
2019-06-12,12.4733,12.4733,11.9067,11.9633,10.2442,76800
2019-06-13,12.0333,12.1367,11.72,12.0733,10.3384,186000
2019-06-14,11.9867,12.37,11.8367,12.25,10.4897,75000
2019-06-17,12.22,12.2833,12.1,12.2333,10.4754,111300
2019-06-18,12.2833,12.4,12.1667,12.2,10.4468,98400
2019-06-19,12.2,12.41,12.05,12.1667,10.4183,90300
2019-06-20,12.3,12.48,12.1933,12.45,10.6609,79500
2019-06-21,12.3467,12.45,12.1933,12.42,10.6352,188700
2019-06-24,12.4467,12.5167,12.2233,12.3467,10.5724,121200
2019-06-25,12.3333,12.3533,12.0033,12.1867,10.4354,223500
2019-06-26,12.16,12.4367,12.14,12.3533,10.5781,85200
2019-06-27,12.3533,12.48,12.19,12.4367,10.6495,180900
2019-06-28,12.41,12.6667,12.41,12.6667,10.8464,464100
2019-07-01,12.6667,12.79,12.5433,12.6867,10.8636,195900
2019-07-02,12.5733,12.7967,12.3667,12.5567,10.7522,107400
2019-07-03,12.51,12.6767,12.3333,12.41,10.6267,69600
2019-07-05,12.36,12.3833,12.0867,12.3833,10.6038,46500
2019-07-08,12.3067,12.4733,12.2167,12.38,10.601,101400
2019-07-09,12.3067,12.39,12.2533,12.3567,10.581,90300
2019-07-10,12.4167,12.4167,12.1467,12.16,10.4126,94800
2019-07-11,12.2033,12.29,12.05,12.0567,10.3241,73500
2019-07-12,12.0067,12.1967,12.0067,12.1567,10.4097,133500
2019-07-15,12.1633,12.1633,12.04,12.0967,10.3584,68700
2019-07-16,12.1,12.2133,11.9933,12.21,10.4554,152100
2019-07-17,12.1633,12.21,12.07,12.08,10.3441,113100
2019-07-18,12.08,12.1467,11.95,12.0767,10.3412,106200
2019-07-19,12.0167,12.39,12.0167,12.27,10.5068,232800
2019-07-22,12.26,12.4467,12.26,12.3167,10.5467,97200
2019-07-23,12.3533,12.48,12.1233,12.4333,10.6466,62700
2019-07-24,12.4333,12.6367,12.3967,12.5433,10.7408,134100
2019-07-25,12.55,12.6333,12.3967,12.5533,10.7494,70500
2019-07-26,12.5167,12.6367,12.41,12.5633,10.758,74700
2019-07-29,12.6667,12.6667,12.44,12.5167,10.718,81900
2019-07-30,12.43,12.6233,12.1367,12.58,10.7722,139800
2019-07-31,12.5867,12.78,12.3267,12.33,10.5582,148200
2019-08-01,12.5733,12.59,12.1667,12.2333,10.4754,99000
2019-08-02,12.1867,12.3967,11.92,12.1333,10.3897,133200
2019-08-05,11.98,11.98,11.4433,11.55,9.8902,103500
2019-08-06,11.5833,11.85,11.4733,11.56,9.8988,157200
2019-08-07,12.2133,12.58,11.5867,12.5333,10.7323,367800
2019-08-08,12.5833,13.0067,12.58,12.71,10.8835,234900
2019-08-09,12.6367,12.6733,12.28,12.6267,10.8122,134100
2019-08-12,12.6767,12.7033,12.5067,12.5767,10.7694,151500
2019-08-13,12.61,12.8867,12.5667,12.73,10.9007,170100
2019-08-14,12.52,12.5333,12.0333,12.3,10.5325,115500
2019-08-15,12.2867,12.5133,12.11,12.3533,10.5781,107400
2019-08-16,12.4533,12.6733,12.4533,12.63,10.815,110700
2019-08-19,12.8,12.8,12.57,12.6133,10.8008,112500
2019-08-20,12.49,12.49,12.1333,12.1767,10.499,124800
2019-08-21,12.2633,12.6067,12.15,12.4867,10.7663,252000
2019-08-22,12.4467,12.6533,12.31,12.4,10.6916,184500
2019-08-23,12.3567,12.4467,11.82,11.94,10.2949,132600
2019-08-26,12.0333,12.0633,11.8167,11.9667,10.3179,160200
2019-08-27,11.9767,12.2,11.79,11.83,10.2001,111900
2019-08-28,11.8167,12.06,11.7,12.06,10.3984,279600
2019-08-29,12.1133,12.3833,12.0833,12.2167,10.5335,215700
2019-08-30,12.16,12.3233,11.99,12.1067,10.4386,166800
2019-09-03,12.03,12.2,11.73,11.8667,10.2317,186000
2019-09-04,11.7633,12.1367,11.7633,12.0067,10.3524,88500
2019-09-05,12.15,12.4733,12.0533,12.1167,10.4473,234900
2019-09-06,12.1567,12.2333,11.9733,12.0333,10.3754,138000
2019-09-09,12.0867,12.1667,12.02,12.14,10.4674,220800
2019-09-10,12.1167,12.3767,12.0667,12.2867,10.5938,158700
2019-09-11,12.39,12.6233,12.17,12.5,10.7778,426900
2019-09-12,12.5533,12.6233,12.43,12.56,10.8295,638100
2019-09-13,12.6233,13.2267,12.56,13.0167,11.2233,705600
2019-09-16,13.06,13.6467,13.06,13.4233,11.5739,267900
2019-09-17,13.4133,13.6533,13.2733,13.62,11.7435,170700
2019-09-18,13.5933,13.64,13.1867,13.35,11.5107,191100
2019-09-19,13.21,13.4633,13.1467,13.1633,11.3497,130500
2019-09-20,13.1467,13.3533,13.03,13.07,11.2692,247200
2019-09-23,13.05,13.1233,12.9367,12.9833,11.1945,159300
2019-09-24,13.02,13.0933,12.59,12.7033,10.9531,147300
2019-09-25,12.7433,13.24,12.7433,13.1533,11.3411,220800
2019-09-26,13.11,13.1133,12.87,12.99,11.2003,113100
2019-09-27,13.07,13.1933,12.8467,12.9567,11.1715,138000
2019-09-30,12.95,13.1633,12.8833,13.05,11.252,208500
2019-10-01,13.1733,13.1967,12.52,12.6133,10.8755,137100
2019-10-02,12.5467,12.6,12.2667,12.4933,10.772,130800
2019-10-03,12.4733,12.5333,12.3133,12.4367,10.7232,130200
2019-10-04,12.4633,12.6667,12.4633,12.64,10.8985,102300
2019-10-07,12.6133,12.7667,12.49,12.61,10.8726,133200
2019-10-08,12.5067,12.67,12.25,12.4067,10.6973,145500
2019-10-09,12.5,12.69,12.4267,12.5967,10.8611,189900
2019-10-10,12.6433,12.7833,12.5067,12.55,10.8209,108300
2019-10-11,12.6967,12.9167,12.5533,12.5833,10.8496,221400
2019-10-14,12.4933,12.6933,12.43,12.62,10.8812,106500
2019-10-15,12.66,12.8633,12.66,12.7833,11.0221,90000
2019-10-16,12.7133,13.0133,12.67,12.67,10.9244,80700
2019-10-17,12.76,12.9267,12.6967,12.81,11.0451,94800
2019-10-18,12.7533,12.88,12.6833,12.7433,10.9876,61500
2019-10-21,12.83,12.94,12.8033,12.8433,11.0738,120900
2019-10-22,12.8167,12.9533,12.6967,12.7967,11.0336,81600
2019-10-23,12.81,12.98,12.6733,12.9133,11.1342,83400
2019-10-24,12.9467,13.0767,12.81,12.87,11.0968,94800
2019-10-25,12.83,12.9333,12.8133,12.8567,11.0853,56100
2019-10-28,12.9067,13.1067,12.9067,12.93,11.1485,82200
2019-10-29,12.9267,13.1467,12.9233,13.0867,11.2836,118800
2019-10-30,13.0867,13.2267,12.9067,13.1433,11.3325,96600
2019-10-31,13.1133,13.1233,12.92,13.0533,11.2549,81000
2019-11-01,13.13,13.2367,13.02,13.1367,11.3267,141300
2019-11-04,13.3067,13.42,13.14,13.3067,11.4733,220500
2019-11-05,13.3267,13.4967,13.2267,13.4333,11.5825,153600
2019-11-06,13.38,13.4367,13.16,13.2867,11.4561,166500
2019-11-07,13.37,13.43,13.1733,13.2533,11.4273,155400
2019-11-08,13.2267,13.4133,13.1333,13.4133,11.5653,170700
2019-11-11,13.29,13.3867,13.1967,13.32,11.4848,129600
2019-11-12,13.3233,13.44,13.2533,13.37,11.5279,129600
2019-11-13,13.2767,13.35,13.1733,13.2367,11.4129,132900
2019-11-14,13.15,13.2833,13.1033,13.16,11.3468,204600
2019-11-15,13.2367,13.33,13.2,13.27,11.4417,160500
2019-11-18,13.2467,13.26,13.0467,13.0867,11.2836,87000
2019-11-19,13.0767,13.12,12.9867,13.1133,11.382,151800
2019-11-20,13.0467,13.4533,13.0433,13.1867,11.4456,191100
2019-11-21,13.2067,13.22,13.0267,13.1267,11.3936,118800
2019-11-22,13.18,13.2967,13.0467,13.2267,11.4804,210000
2019-11-25,13.23,13.8233,13.21,13.8033,11.9809,345600
2019-11-26,13.83,14.15,13.8,14.15,12.2818,281400
2019-11-27,14.1733,14.2933,13.9933,14.08,12.221,165000
2019-11-29,14.0433,14.0433,13.8633,13.8633,12.033,78000
2019-12-02,13.9233,13.9633,13.6233,13.69,11.8825,144600
2019-12-03,13.0333,13.27,12.8,13.2667,11.5151,181200
2019-12-04,13.2467,13.5833,13.0833,13.1867,11.4456,224100
2019-12-05,14.3333,15.74,14.3233,15.1433,13.144,811500
2019-12-06,15.43,16.3733,15.43,16.3467,14.1884,744000
2019-12-09,16.44,16.9267,16.3333,16.8133,14.5935,490500
2019-12-10,16.7667,16.9067,16.5433,16.7467,14.5356,346500
2019-12-11,16.75,16.7533,16.3933,16.4267,14.2579,474900
2019-12-12,16.4967,16.8867,16.4267,16.6833,14.4806,319800
2019-12-13,16.6633,16.6767,16.2867,16.3633,14.2029,321300
2019-12-16,16.4733,16.5567,16.2067,16.34,14.1826,395400
2019-12-17,16.3733,16.9367,16.3167,16.8433,14.6195,491100
2019-12-18,16.8833,16.9033,16.6833,16.78,14.5645,179700
2019-12-19,16.7667,16.7667,16.3967,16.5233,14.3418,184500
2019-12-20,16.4633,16.6633,16.3033,16.6467,14.4488,631800
2019-12-23,16.6167,16.75,16.52,16.7467,14.5356,323100
2019-12-24,16.7467,16.7633,16.5733,16.75,14.5385,155100
2019-12-26,16.74,16.7733,16.5133,16.7267,14.5183,151800
2019-12-27,16.6833,16.75,16.39,16.4,14.2347,161100
2019-12-30,16.4633,16.5133,16.2133,16.3367,14.1797,150000
2019-12-31,16.3167,16.4733,16.3067,16.33,14.174,131700
2020-01-02,16.4833,16.4833,15.9267,16.1333,14.0033,247500
2020-01-03,15.9833,16.3333,15.8867,16.2233,14.0814,290400
2020-01-06,16.0233,16.29,16.0,16.1933,14.0553,153300
2020-01-07,16.1,16.1633,15.9533,15.9633,13.8557,184800
2020-01-08,15.98,16.15,15.8567,16.04,13.9222,234000
2020-01-09,16.0633,16.2,15.8567,15.8567,13.7631,269400
2020-01-10,15.8633,15.9233,15.62,15.7533,13.6734,215100
2020-01-13,15.7133,15.8733,15.63,15.8567,13.7631,446700
2020-01-14,15.86,16.07,15.7267,15.7933,13.7081,285000
2020-01-15,15.74,15.9233,15.4367,15.4833,13.4391,261600
2020-01-16,15.6433,15.75,15.53,15.5767,13.5201,291600
2020-01-17,15.6633,15.6833,15.4767,15.5633,13.5085,341700
2020-01-21,15.4733,15.4967,15.36,15.37,13.3407,145800
2020-01-22,15.4067,15.5467,15.34,15.3667,13.3378,219300
2020-01-23,15.3633,15.4167,15.0933,15.1967,13.1903,342000
2020-01-24,15.2133,15.2367,14.8067,14.8733,12.9096,166200
2020-01-27,14.6433,14.7167,14.4767,14.4767,12.5653,128400
2020-01-28,14.5767,14.75,14.52,14.6133,12.6839,194700
2020-01-29,14.67,15.18,14.6067,14.69,12.7505,223500
2020-01-30,14.5733,14.79,14.28,14.4433,12.5364,174900
2020-01-31,14.3533,14.3533,13.7133,13.7567,11.9404,479700
2020-02-03,13.8367,14.1167,13.7567,13.8,11.978,231900
2020-02-04,14.1433,14.1433,13.6733,13.7233,11.9114,208200
2020-02-05,13.45,13.45,12.1867,12.6367,10.9683,1188900
2020-02-06,12.62,13.06,12.5233,13.0433,11.3212,342900
2020-02-07,12.9167,13.0967,12.55,12.5667,10.9075,529200
2020-02-10,12.5033,12.6567,12.3267,12.3567,10.7252,210600
2020-02-11,12.37,12.58,12.2233,12.4433,10.8004,313200
2020-02-12,12.5867,12.6,12.4033,12.5233,10.8699,238800
2020-02-13,12.5233,12.5767,12.3367,12.36,10.7281,107400
2020-02-14,12.3467,12.4,12.08,12.1767,10.569,231300
2020-02-18,12.09,12.1267,11.83,11.8733,10.3796,139800
2020-02-19,11.86,12.3633,11.8,12.1133,10.5894,203100
2020-02-20,12.0967,12.3467,12.0033,12.0867,10.5661,175200
2020-02-21,12.0533,12.21,11.9367,12.04,10.5253,134100
2020-02-24,11.6567,12.0467,11.6533,12.0133,10.502,487500
2020-02-25,12.0667,12.0667,11.6333,11.6633,10.196,177900
2020-02-26,11.74,11.8667,11.4033,11.48,10.0357,158400
2020-02-27,11.2667,11.6067,11.0267,11.0933,9.6977,190500
2020-02-28,10.85,11.18,10.8067,11.1433,9.7414,277800
2020-03-02,11.2,11.29,10.8667,11.2167,9.8055,246600
2020-03-03,11.18,11.4,10.5467,10.6833,9.3393,256500
2020-03-04,10.7367,10.9,10.53,10.87,9.5025,247200
2020-03-05,10.67,10.7767,10.2967,10.4167,9.1062,235800
2020-03-06,10.1633,10.5433,10.1633,10.4,9.0916,192600
2020-03-09,9.87,10.1433,8.99,9.03,7.894,188700
2020-03-10,9.2833,9.7267,8.7667,9.1767,8.0222,160800
2020-03-11,8.9267,9.1467,8.79,9.0333,7.8969,225000
2020-03-12,8.6033,8.76,7.9567,8.18,7.1509,206100
2020-03-13,8.5733,8.5733,7.7267,8.05,7.0373,223200
2020-03-16,7.48,7.5,6.58,6.6067,5.7755,198300
2020-03-17,6.7067,6.9167,6.2167,6.5733,5.7464,350100
2020-03-18,6.2067,6.34,5.2067,5.21,4.5545,309600
2020-03-19,5.64,7.0033,5.3967,6.7933,5.9387,348900
2020-03-20,6.7933,7.62,6.4933,6.6933,5.8513,439800
2020-03-23,6.88,7.31,6.3633,6.5533,5.7289,236700
2020-03-24,6.7833,7.4633,6.7833,7.39,6.4603,271800
2020-03-25,7.3633,8.06,7.3633,7.7867,6.807,196500
2020-03-26,7.8933,8.4967,7.89,8.4433,7.3811,168300
2020-03-27,8.11,8.6167,8.04,8.4433,7.3811,226500
2020-03-30,8.4767,9.0067,8.28,8.9667,7.8386,171300
2020-03-31,8.6733,8.9833,8.2033,8.5567,7.4802,314700
2020-04-01,8.2267,8.3433,7.5,7.5333,6.5856,276900
2020-04-02,7.5033,8.2633,7.2233,7.5,6.5564,153600
2020-04-03,7.3867,7.6467,7.0433,7.19,6.2854,129600
2020-04-06,7.4033,7.8,7.3533,7.6833,6.7167,202800
2020-04-07,7.9633,7.9633,7.2733,7.4567,6.5186,221400
2020-04-08,7.5833,8.0533,7.2867,7.7533,6.7779,195000
2020-04-09,7.9567,8.3433,7.6733,8.0167,7.0081,125100
2020-04-13,7.8767,8.06,7.53,7.7633,6.7866,83700
2020-04-14,7.9567,8.1,7.6433,7.8,6.8187,114900
2020-04-15,7.5033,7.7233,7.1733,7.2633,6.3495,141300
2020-04-16,7.25,7.3533,7.0167,7.2367,6.3262,125700
2020-04-17,7.57,7.9233,7.5633,7.7867,6.807,151800
2020-04-20,7.5567,7.8933,7.3533,7.4967,6.5535,97800
2020-04-21,7.3367,7.4733,7.1333,7.4267,6.4923,144300
2020-04-22,7.6333,7.6633,7.2267,7.2867,6.3699,94500
2020-04-23,7.4433,7.6,7.3367,7.4567,6.5186,88800
2020-04-24,7.4433,7.6733,7.26,7.5533,6.6031,400800
2020-04-27,7.6733,8.3467,7.6733,8.2033,7.1713,97200
2020-04-28,8.4567,8.5967,8.2267,8.5267,7.4539,100500
2020-04-29,8.6667,9.0833,8.5067,8.8433,7.7308,430800
2020-04-30,8.67,8.7633,8.2767,8.4567,7.3928,169200
2020-05-01,8.2367,8.4667,7.3733,8.0067,6.9994,240600
2020-05-04,7.8633,7.8833,7.5567,7.7533,6.7779,127800
2020-05-05,7.7533,8.2133,7.51,7.62,6.6613,143400
2020-05-06,8.9333,9.6633,8.5167,8.9533,7.8269,387600
2020-05-07,9.04,9.18,8.37,8.55,7.4743,188400
2020-05-08,8.8067,9.0567,8.7367,8.9167,7.7949,441900
2020-05-11,8.9,8.9467,8.5567,8.6767,7.5851,231300
2020-05-12,8.68,8.68,8.0,8.0533,7.0402,158700
2020-05-13,7.94,8.1333,7.5867,7.6567,6.6934,157500
2020-05-14,7.51,7.7067,7.2233,7.69,6.7225,171600
2020-05-15,7.61,8.11,7.61,8.0267,7.0169,268800
2020-05-18,8.4667,8.9333,8.4667,8.9,7.7803,246900
2020-05-19,8.7133,9.0933,8.5767,8.7367,7.7126,201300
2020-05-20,9.0033,9.1133,8.6467,8.8233,7.7891,203700
2020-05-21,8.8433,8.9367,8.6833,8.8333,7.798,169800
2020-05-22,8.8267,8.8367,8.3733,8.75,7.7244,147600
2020-05-26,9.1833,9.2067,8.8467,8.9367,7.8892,484500
2020-05-27,9.17,9.2467,8.8533,9.1933,8.1158,451800
2020-05-28,9.3133,9.3267,9.0,9.0867,8.0216,206100
2020-05-29,8.9733,8.9733,8.6433,8.8667,7.8274,190500
2020-06-01,8.94,8.98,8.7633,8.7633,7.7362,187200
2020-06-02,8.87,8.9767,8.7367,8.91,7.8656,266700
2020-06-03,9.0,9.71,8.8467,9.49,8.3777,223800
2020-06-04,9.4467,9.8667,9.4467,9.8633,8.7072,128100
2020-06-05,10.36,10.5567,10.0233,10.2,9.0044,217800
2020-06-08,10.45,10.7133,10.45,10.4867,9.2575,265800
2020-06-09,10.2867,10.3333,9.9467,10.1967,9.0015,196500
2020-06-10,10.17,10.1967,9.61,9.7833,8.6366,154200
2020-06-11,9.3367,9.3633,8.65,8.69,7.6714,144600
2020-06-12,9.0633,9.16,8.5433,8.8333,7.798,216000
2020-06-15,8.48,9.14,8.4,8.9333,7.8862,114900
2020-06-16,9.38,9.6333,9.0433,9.44,8.3335,186000
2020-06-17,9.5033,9.5033,8.9533,9.02,7.9628,162300
2020-06-18,8.9067,9.05,8.8033,8.8967,7.8539,194700
2020-06-19,9.0133,9.1533,8.6367,8.9733,7.9216,378300
2020-06-22,9.0167,9.1,8.8033,9.0233,7.9657,122400
2020-06-23,9.1833,9.2133,8.9133,9.0,7.9451,100800
2020-06-24,8.87,9.12,8.5433,8.6133,7.6038,170700
2020-06-25,8.6067,9.0133,8.47,8.9867,7.9333,143100
2020-06-26,8.8733,9.1267,8.67,9.04,7.9804,310500
2020-06-29,9.09,9.27,8.9967,9.05,7.9892,192000
2020-06-30,9.0433,9.1833,8.9433,9.13,8.0599,130800
2020-07-01,9.1167,9.2433,8.8067,8.96,7.9098,181500
2020-07-02,9.13,9.4367,9.13,9.24,8.157,123300
2020-07-06,9.4367,9.5067,9.31,9.4467,8.3394,130500
2020-07-07,9.3,9.3,8.9233,8.9733,7.9216,117600
2020-07-08,8.9767,9.0333,8.7133,8.9867,7.9333,123000
2020-07-09,8.9567,8.9567,8.53,8.53,7.5302,117600
2020-07-10,8.5833,8.76,8.54,8.7,7.6803,101700
2020-07-13,8.7733,9.0967,8.5933,8.7567,7.7303,141300
2020-07-14,8.78,8.9867,8.7567,8.97,7.9186,139800
2020-07-15,9.1433,9.2167,9.0167,9.0833,8.0187,159000
2020-07-16,9.0767,9.1967,8.96,9.1667,8.0922,153000
2020-07-17,9.16,9.43,9.0,9.3,8.2099,165300
2020-07-20,9.27,9.3067,8.9233,9.0,7.9451,155700
2020-07-21,9.1267,9.3833,9.0067,9.2033,8.1246,169800
2020-07-22,9.1133,9.42,9.09,9.14,8.0687,196500
2020-07-23,9.1267,9.2067,8.9767,9.08,8.0157,102600
2020-07-24,9.0467,9.0467,8.77,8.8533,7.8156,123300
2020-07-27,8.8167,9.12,8.7833,9.0967,8.0304,90000
2020-07-28,9.0167,9.1067,8.82,8.8567,7.8186,97200
2020-07-29,8.8567,9.2667,8.8567,9.2533,8.1687,109800
2020-07-30,9.0767,9.1667,8.8833,8.9567,7.9068,102300
2020-07-31,8.8667,8.9467,8.71,8.85,7.8127,174600
2020-08-03,8.93,9.16,8.8533,9.1267,8.0569,113400
2020-08-04,9.1467,9.4633,9.1467,9.2933,8.2041,127500
2020-08-05,8.8,9.73,8.8,9.2833,8.1952,237900
2020-08-06,9.2267,9.4967,9.15,9.2133,8.1334,132000
2020-08-07,9.24,9.7,9.2,9.67,8.5366,356400
2020-08-10,9.68,9.99,9.23,9.91,8.7484,200100
2020-08-11,9.7733,10.0133,9.1533,9.2433,8.1599,253200
2020-08-12,9.3633,9.3933,8.9233,9.0467,7.9863,210000
2020-08-13,9.0033,9.3033,8.9667,9.23,8.1481,144300
2020-08-14,9.1533,9.49,9.1133,9.4133,8.31,209100
2020-08-17,9.45,9.5733,9.32,9.3967,8.2953,333600
2020-08-18,9.31,9.31,9.0067,9.05,8.0636,219000
2020-08-19,9.01,9.12,8.8,8.87,7.9032,238200
2020-08-20,8.7267,8.77,8.56,8.6633,7.7191,113100
2020-08-21,8.6467,8.8433,8.37,8.7867,7.829,414300
2020-08-24,8.8833,9.0767,8.7833,8.93,7.9567,224400
2020-08-25,9.02,9.03,8.83,9.01,8.028,506700
2020-08-26,8.9767,9.0933,8.89,8.9767,7.9983,183000
2020-08-27,9.0967,9.1433,8.8433,8.9133,7.9418,77700
2020-08-28,8.9833,8.9833,8.7067,8.9433,7.9686,136200
2020-08-31,8.8933,9.0633,8.8667,8.9967,8.0161,241800
2020-09-01,8.93,9.0767,8.9233,9.05,8.0636,119400
2020-09-02,9.0633,9.23,9.0167,9.15,8.1527,128400
2020-09-03,9.1633,9.2,9.0033,9.0233,8.0399,174300
2020-09-04,9.17,9.1967,8.9133,9.0067,8.025,96300
2020-09-08,8.9267,8.9267,8.5633,8.59,7.6537,87900
2020-09-09,8.6267,8.7767,8.6233,8.69,7.7428,141300
2020-09-10,8.7733,8.7733,8.4567,8.47,7.5468,184800
2020-09-11,8.5433,8.6767,8.49,8.5967,7.6597,137400
2020-09-14,8.69,8.8633,8.5733,8.6033,7.6656,98100
2020-09-15,8.6533,8.6533,8.3333,8.37,7.4577,111000
2020-09-16,8.39,8.47,8.3467,8.41,7.4934,156600
2020-09-17,8.3133,8.5467,8.3133,8.4267,7.5082,109500
2020-09-18,8.4267,8.52,8.21,8.3833,7.4696,452400
2020-09-21,8.2067,8.2867,7.9233,8.1867,7.2944,226200
2020-09-22,8.1933,8.3067,8.15,8.25,7.3508,234600
2020-09-23,8.2333,8.3067,7.8233,7.8433,6.9885,165900
2020-09-24,7.8433,8.0833,7.78,7.93,7.0657,127200
2020-09-25,7.8267,7.9533,7.8267,7.9233,7.0597,125100
2020-09-28,8.0067,8.39,8.0067,8.1567,7.2676,126900
2020-09-29,8.1333,8.2,7.9667,8.15,7.2617,148500
2020-09-30,8.19,8.28,7.9733,8.0433,7.1667,158100
2020-10-01,8.1,8.1,7.9367,7.9967,7.1251,154200
2020-10-02,7.8367,8.2967,7.8367,8.2,7.3063,136800
2020-10-05,8.23,8.3867,8.11,8.3867,7.4726,127500
2020-10-06,8.4433,8.6567,8.0733,8.1967,7.3033,111300
2020-10-07,8.37,8.42,8.1633,8.3333,7.4251,138300
2020-10-08,8.4567,8.7133,8.34,8.6533,7.7102,123900
2020-10-09,8.7333,8.9533,8.67,8.72,7.7696,149400
2020-10-12,8.72,8.9333,8.5667,8.8433,7.8795,108900
2020-10-13,8.7933,8.7933,8.3967,8.44,7.5201,123900
2020-10-14,8.3033,8.7933,8.3033,8.5667,7.633,103200
2020-10-15,8.3933,8.6567,8.34,8.5167,7.5884,134100
2020-10-16,8.4833,8.93,8.4833,8.62,7.6805,74400
2020-10-19,8.6467,8.6633,8.1467,8.2333,7.336,203100
2020-10-20,8.3133,8.7,8.3133,8.53,7.6003,74700
2020-10-21,8.33,8.4733,8.1633,8.2133,7.3181,83100
2020-10-22,8.1433,8.2933,8.0933,8.1767,7.2855,98100
2020-10-23,8.2733,8.4,8.15,8.38,7.4666,93000
2020-10-26,8.2567,8.2567,7.9233,8.1133,7.229,99300
2020-10-27,8.03,8.17,7.97,8.02,7.1459,99000
2020-10-28,7.8467,8.0933,7.8333,7.9,7.039,126600
2020-10-29,7.8367,8.12,7.7733,8.0033,7.131,103800
2020-10-30,8.1233,8.1233,7.79,7.8767,7.0182,110100
2020-11-02,8.1233,8.2133,7.88,8.0767,7.1964,83700
2020-11-03,8.2633,8.5633,7.94,8.3833,7.4696,125400
2020-11-04,8.2667,8.38,7.9667,8.03,7.1548,84300
2020-11-05,8.05,8.4367,8.05,8.4133,7.4963,129000
2020-11-06,8.34,8.39,8.0067,8.16,7.2706,515100
2020-11-09,8.8833,9.3033,8.4,8.81,7.8498,201000
2020-11-10,8.94,8.96,8.6667,8.89,7.9211,191700
2020-11-11,8.9733,8.9733,8.6033,8.7,7.7518,122400
2020-11-12,8.64,8.8367,8.4533,8.5567,7.624,115500
2020-11-13,8.7133,8.8467,8.49,8.77,7.8141,100800
2020-11-16,8.9967,9.09,8.8467,8.99,8.0101,148800
2020-11-17,8.9033,8.98,8.6167,8.8133,7.9292,109200
2020-11-18,8.8933,9.0133,8.6867,8.7333,7.8572,87000
2020-11-19,8.6733,9.02,8.4667,8.9567,8.0581,177900
2020-11-20,8.8533,9.0533,8.8067,8.9267,8.0311,150600
2020-11-23,9.0067,9.18,8.7167,9.0933,8.1811,167400
2020-11-24,9.2433,9.3167,9.08,9.2733,8.343,867600
2020-11-25,9.19,9.2233,9.0,9.18,8.2591,173700
2020-11-27,9.18,9.2567,9.0767,9.1733,8.2531,85500
2020-11-30,9.1433,9.1433,8.5533,8.61,7.7462,614700
2020-12-01,8.8167,9.0,8.5367,8.6367,7.7702,176400
2020-12-02,8.58,8.8067,8.45,8.71,7.8362,182400
2020-12-03,8.6967,9.1333,8.6967,8.85,7.9622,165900
2020-12-04,8.92,9.3833,8.8633,9.3233,8.388,176400
2020-12-07,9.39,9.4467,9.1367,9.18,8.2591,135600
2020-12-08,9.1933,9.5667,9.1933,9.5333,8.577,230100
2020-12-09,9.0,10.23,8.67,9.8267,8.8409,314700
2020-12-10,9.7833,9.93,9.4,9.63,8.6639,546900
2020-12-11,9.4267,9.5967,9.3433,9.4033,8.46,353700
2020-12-14,9.54,9.9633,9.4533,9.78,8.7989,278100
2020-12-15,9.92,10.2567,9.7567,10.04,9.0328,190800
2020-12-16,10.1433,10.2,9.7367,9.92,8.9248,170100
2020-12-17,9.9867,10.0333,9.6733,9.8667,8.8768,161400
2020-12-18,9.95,10.3,9.7033,9.72,8.7449,978300
2020-12-21,9.5467,10.0067,9.5,9.9067,8.9128,281700
2020-12-22,9.9533,9.99,9.8333,9.96,8.9608,131700
2020-12-23,10.0467,10.1533,9.93,10.1167,9.1018,173400
2020-12-24,10.09,10.3133,10.0133,10.19,9.1677,137700
2020-12-28,10.2167,10.4533,10.0867,10.13,9.1138,145500
2020-12-29,10.1767,10.1767,9.6567,9.8033,8.8199,117000
2020-12-30,9.89,10.0033,9.8,9.8933,8.9008,96300
2020-12-31,9.6033,9.95,9.6033,9.83,8.8439,93000
2021-01-04,9.94,9.95,9.5,9.8333,8.8469,192000
2021-01-05,9.8533,10.2467,9.8533,10.04,9.0328,293100
2021-01-06,10.26,10.89,10.26,10.75,9.6716,203100
2021-01-07,10.8533,11.1,10.7867,10.9267,9.8305,127200
2021-01-08,10.9933,11.0033,10.6333,10.7467,9.6686,120900
2021-01-11,10.64,10.9567,10.61,10.85,9.7615,110700
2021-01-12,10.89,11.0467,10.8033,10.9867,9.8845,127800
2021-01-13,11.0,11.0167,10.7333,10.9633,9.8635,206700
2021-01-14,10.9933,11.3433,10.9933,11.13,10.0134,153000
2021-01-15,11.0667,11.22,10.86,10.98,9.8785,246000
2021-01-19,11.04,11.0467,10.57,10.6433,9.5756,193800
2021-01-20,10.6633,10.72,10.2533,10.3433,9.3057,167700
2021-01-21,10.41,10.53,9.9733,10.13,9.1138,253200
2021-01-22,9.97,10.29,9.97,10.23,9.2037,98400
2021-01-25,10.1533,10.2867,9.9967,10.1833,9.1617,153900
2021-01-26,10.22,10.22,9.76,9.8833,8.8918,134400
2021-01-27,9.55,9.7667,9.3367,9.59,8.6279,208500
2021-01-28,9.7533,9.91,9.61,9.79,8.8079,187500
2021-01-29,9.7967,9.9367,9.5433,9.5567,8.5979,343500
2021-02-01,9.6,9.94,9.54,9.8467,8.8588,156000
2021-02-02,9.9933,10.0067,9.6667,9.86,8.8708,191400
2021-02-03,9.6367,9.94,9.3933,9.5767,8.6159,303300
2021-02-04,9.5533,9.8133,9.2133,9.7033,8.7299,244200
2021-02-05,9.8467,9.8467,9.4233,9.5933,8.6309,441600
2021-02-08,9.6333,10.0933,9.6333,9.8433,8.8559,114300
2021-02-09,9.8967,10.0033,9.7667,9.8267,8.8409,114600
2021-02-10,9.8033,9.8367,9.6667,9.69,8.7179,89400
2021-02-11,9.6767,9.8667,9.5833,9.81,8.8259,119400
2021-02-12,9.72,9.8233,9.6667,9.7167,8.7419,128400
2021-02-16,9.6733,9.7633,9.5367,9.5533,8.6723,103200
2021-02-17,9.5033,9.7333,9.37,9.5733,8.6904,114900
2021-02-18,9.4967,9.6067,9.2533,9.46,8.5876,171900
2021-02-19,9.5,9.6833,9.3767,9.6833,8.7903,111600
2021-02-22,9.6033,10.07,9.6033,9.95,9.0324,314400
2021-02-23,9.8933,10.0867,9.83,10.0733,9.1443,219600
2021-02-24,10.1433,10.7967,10.1433,10.6567,9.6739,318000
2021-02-25,10.6733,10.8,10.2367,10.6067,9.6285,231600
2021-02-26,10.6333,10.6533,10.2333,10.3767,9.4197,202800
2021-03-01,10.5433,10.7167,10.3767,10.6433,9.6618,174900
2021-03-02,10.5967,10.66,10.2967,10.4,9.4409,117300
2021-03-03,10.4567,10.7633,10.43,10.6033,9.6255,130200
2021-03-04,10.62,10.7167,10.3167,10.4767,9.5105,198300
2021-03-05,10.7,11.1667,10.5133,11.1033,10.0793,225600
2021-03-08,11.21,11.75,11.0467,11.6767,10.5998,327600
2021-03-09,11.74,11.8167,11.2933,11.47,10.4122,225000
2021-03-10,11.6633,11.8067,11.5,11.7233,10.6422,156600
2021-03-11,11.8033,12.0633,11.7533,11.9267,10.8268,117600
2021-03-12,12.0233,12.18,11.8733,12.04,10.9296,189600
2021-03-15,12.04,12.3633,11.76,12.3,11.1657,186300
2021-03-16,12.2967,12.3133,11.79,11.81,10.7208,190500
2021-03-17,11.8333,11.8633,11.42,11.65,10.5756,161100
2021-03-18,11.5633,11.8167,11.1533,11.3233,10.2791,124800
2021-03-19,11.2367,11.7567,10.97,11.6067,10.5363,762000
2021-03-22,11.61,11.61,10.9467,11.08,10.0582,162000
2021-03-23,10.91,10.9233,10.3333,10.4633,9.4984,147300
2021-03-24,10.6867,10.9767,10.3667,10.3833,9.4257,144000
2021-03-25,10.3333,10.7,10.1133,10.6067,9.6285,150300
2021-03-26,10.8133,11.0567,10.7,11.0,9.9855,138600
2021-03-29,10.9333,11.02,10.57,10.8,9.804,245700
2021-03-30,10.8233,11.1,10.7667,11.0167,10.0007,141000
2021-03-31,10.9333,11.49,10.9333,11.29,10.2488,405900
2021-04-01,10.9033,11.3433,10.9033,11.2433,10.2064,115500
2021-04-05,11.4567,11.4567,11.2433,11.36,10.3123,117900
2021-04-06,11.3467,11.38,11.1733,11.25,10.2125,101400
2021-04-07,11.5533,11.5533,10.95,11.05,10.0309,137400
2021-04-08,11.0533,11.2267,11.0,11.2267,10.1913,139500
2021-04-09,11.16,11.6367,11.0833,11.3933,10.3426,254400
2021-04-12,11.48,11.48,11.1333,11.4133,10.3608,120000
2021-04-13,11.1567,11.4967,11.1567,11.4933,10.4334,126300
2021-04-14,11.5133,11.8,11.3833,11.6967,10.618,115500
2021-04-15,11.84,11.84,11.6033,11.78,10.6936,87600
2021-04-16,11.8867,11.89,11.58,11.77,10.6845,199200
2021-04-19,11.6833,11.7433,11.6167,11.6867,10.6089,122700
2021-04-20,11.6133,11.68,11.3633,11.5233,10.4606,131700
2021-04-21,11.5067,11.83,11.4867,11.7267,10.6452,80400
2021-04-22,11.8133,11.8133,11.4233,11.5533,10.4878,147600
2021-04-23,11.6167,11.87,11.5233,11.6733,10.5968,132300
2021-04-26,11.7067,11.75,11.5333,11.61,10.5393,128400
2021-04-27,11.65,11.75,11.46,11.75,10.6664,101100
2021-04-28,11.8167,11.8167,11.6,11.7733,10.6876,67800
2021-04-29,11.8333,11.9167,11.7467,11.82,10.7299,76200
2021-04-30,11.74,11.81,11.59,11.7467,10.6634,149700
2021-05-03,11.89,12.0933,11.7633,11.9867,10.8812,159000
2021-05-04,11.85,12.2167,11.78,12.02,10.9115,134400
2021-05-05,11.4367,12.2133,11.3567,11.9833,10.8782,285000
2021-05-06,12.07,12.13,11.71,12.1033,10.9871,224700
2021-05-07,12.1,12.19,11.9733,12.17,11.0476,168300
2021-05-10,12.16,12.4267,12.1267,12.1733,11.0507,143400
2021-05-11,12.1,12.24,11.76,12.0467,10.9357,95400
2021-05-12,11.9967,11.9967,11.6767,11.7367,10.6543,93300
2021-05-13,11.7667,12.3733,11.7667,12.1467,11.0265,86700
2021-05-14,12.2067,12.3833,12.0667,12.35,11.211,137400
2021-05-17,12.32,12.3533,12.08,12.2133,11.087,141300
2021-05-18,12.13,12.1967,11.6533,11.78,10.77,108900
2021-05-19,11.6767,11.7967,11.39,11.7067,10.703,103200
2021-05-20,11.7,11.7367,11.4733,11.7267,10.7213,84900
2021-05-21,11.76,12.0367,11.5933,11.6867,10.6847,120000
2021-05-24,11.82,11.82,11.6167,11.6567,10.6573,66900
2021-05-25,11.57,11.65,11.2567,11.3033,10.3342,72300
2021-05-26,11.3467,11.4867,11.1767,11.4567,10.4744,115500
2021-05-27,11.5933,11.69,11.4667,11.4667,10.4836,110100
2021-05-28,11.6,11.6,11.2933,11.4533,10.4714,75600
2021-06-01,11.5667,11.7833,11.3767,11.6467,10.6481,177000
2021-06-02,11.6933,11.7,11.4533,11.5767,10.5841,86700
2021-06-03,11.4867,11.5533,11.3067,11.47,10.4866,110400
2021-06-04,11.5267,11.6233,11.3567,11.5167,10.5293,57900
2021-06-07,11.4867,11.5867,11.3333,11.41,10.4318,81300
2021-06-08,11.4633,11.6433,11.43,11.5367,10.5476,52500
2021-06-09,11.5233,11.57,11.3133,11.5267,10.5384,95100
2021-06-10,11.5667,11.59,11.39,11.39,10.4135,63300
2021-06-11,11.4833,11.78,11.4833,11.67,10.6695,92700
2021-06-14,11.75,11.75,11.32,11.43,10.45,96900
2021-06-15,11.4567,11.6767,11.3633,11.4967,10.511,71700
2021-06-16,11.4767,11.7467,11.38,11.6867,10.6847,161400
2021-06-17,11.61,11.7667,11.36,11.3667,10.3921,144300
2021-06-18,11.1,11.2067,10.7367,10.8667,9.935,310800
2021-06-21,10.9733,11.1567,10.7333,10.7867,9.8619,111900
2021-06-22,10.7367,10.8067,10.4067,10.72,9.8009,122700
2021-06-23,10.7467,10.7967,10.44,10.5433,9.6394,133800
2021-06-24,10.6167,10.8733,10.41,10.8633,9.932,122400
2021-06-25,10.8467,10.9433,10.5033,10.6033,9.6943,331500
2021-06-28,10.6267,10.6267,10.2433,10.3067,9.423,90600
2021-06-29,10.2367,10.32,10.1333,10.1767,9.3042,88200
2021-06-30,10.22,10.45,10.14,10.3167,9.4322,143700
2021-07-01,10.42,10.45,10.2233,10.27,9.3895,87900
2021-07-02,10.3267,10.36,10.1633,10.3233,9.4383,119700
2021-07-06,10.2933,10.2933,9.8567,9.9633,9.1091,90600
2021-07-07,9.9233,10.02,9.86,9.9333,9.0817,94800
2021-07-08,9.8,9.91,9.6667,9.84,8.9964,132600
2021-07-09,9.8967,10.32,9.88,10.2167,9.3407,87600
2021-07-12,10.1667,10.2267,10.04,10.1533,9.2828,40500
2021-07-13,10.0533,10.08,9.9,10.01,9.1518,65400
2021-07-14,10.0233,10.1,9.5067,9.6767,8.847,333300
2021-07-15,9.5967,9.76,9.5,9.6533,8.8257,183000
2021-07-16,9.7533,9.9667,9.64,9.73,8.8958,732300
2021-07-19,9.61,9.9133,9.5367,9.62,8.7952,183300
2021-07-20,9.64,9.8933,9.64,9.7867,8.9476,133500
2021-07-21,9.8967,10.21,9.7567,9.9567,9.103,90000
2021-07-22,9.8933,9.8933,9.5867,9.62,8.7952,51300
2021-07-23,9.75,9.85,9.64,9.6833,8.8531,85500
2021-07-26,9.7033,9.89,9.7033,9.83,8.9872,68700
2021-07-27,9.8133,9.8367,9.6367,9.67,8.8409,97800
2021-07-28,9.6767,9.85,9.5967,9.7967,8.9567,69900
2021-07-29,9.7467,10.0767,9.7467,9.8767,9.0299,79500
2021-07-30,9.88,9.9,9.6433,9.6967,8.8653,75600
2021-08-02,9.6667,9.9067,9.5733,9.6267,8.8013,91800
2021-08-03,9.6933,9.7067,9.4767,9.6467,8.8196,144000
2021-08-04,9.4933,10.2067,9.11,9.23,8.4387,130800
2021-08-05,9.25,9.2933,8.85,8.85,8.0912,213300
2021-08-06,9.0,9.3033,8.9967,9.1767,8.3899,111300
2021-08-09,9.1767,9.1767,8.8633,8.8967,8.1339,97200
2021-08-10,8.8833,9.16,8.49,9.0533,8.2771,284400
2021-08-11,9.0467,9.2033,8.87,9.1067,8.3259,81600
2021-08-12,9.13,9.41,8.8933,8.98,8.2101,65700
2021-08-13,8.9267,9.09,8.71,9.04,8.265,142200
2021-08-16,9.02,9.2233,8.85,8.88,8.1187,99000
2021-08-17,8.56,8.8233,8.4333,8.51,7.8571,125400
2021-08-18,8.4667,8.6333,8.4033,8.44,7.7924,81900
2021-08-19,8.7467,8.7467,8.3267,8.3633,7.7217,114900
2021-08-20,8.3333,8.56,8.3333,8.4,7.7555,251100
2021-08-23,8.5267,8.6733,8.42,8.5133,7.8602,127800
2021-08-24,8.5933,9.4533,8.49,8.6533,7.9894,83400
2021-08-25,8.7,8.7,8.46,8.4867,7.8355,98700
2021-08-26,8.4533,8.4733,8.39,8.39,7.7463,53100
2021-08-27,8.46,8.7067,8.46,8.6067,7.9463,121200
2021-08-30,8.6767,8.73,8.4667,8.4767,7.8263,70800
2021-08-31,8.4733,8.5833,8.39,8.4333,7.7863,68100
2021-09-01,8.4433,8.5033,8.3333,8.4767,7.8263,120300
2021-09-02,8.5167,8.6067,8.4567,8.5367,7.8817,79800
2021-09-03,8.5567,8.6,8.4467,8.5267,7.8725,94200
2021-09-07,8.4833,8.5767,8.3967,8.4567,7.8078,70800
2021-09-08,8.4133,8.5167,8.3367,8.4433,7.7955,80700
2021-09-09,8.4167,8.5833,8.3033,8.3033,7.6663,115800
2021-09-10,8.4633,8.4633,8.2667,8.3367,7.697,89100
2021-09-13,8.36,8.54,8.2933,8.38,7.7371,150900
2021-09-14,8.36,8.39,8.2067,8.2767,7.6416,185100
2021-09-15,8.3,8.3033,8.1367,8.2067,7.577,139500
2021-09-16,8.2333,8.2333,7.77,7.8533,7.2508,164100
2021-09-17,7.8333,8.11,7.7,7.75,7.1554,1763700
2021-09-20,7.6967,8.1767,7.69,8.17,7.5432,620100
2021-09-21,8.1733,8.3233,8.0033,8.0233,7.4077,142500
2021-09-22,8.11,8.2567,8.09,8.1833,7.5555,151200
2021-09-23,8.2033,8.46,8.1933,8.3467,7.7063,194400
2021-09-24,8.2967,8.6067,8.2933,8.35,7.7094,133200
2021-09-27,8.3967,8.65,8.3633,8.6167,7.9556,139200
2021-09-28,8.4767,8.5833,8.4133,8.4467,7.7986,99000
2021-09-29,8.5,8.5733,8.41,8.46,7.8109,100200
2021-09-30,8.49,8.5067,8.1667,8.19,7.5616,134700
2021-10-01,8.2133,8.3833,8.15,8.31,7.6724,130500
2021-10-04,8.2933,8.5,8.21,8.4533,7.8048,142500
2021-10-05,8.4533,8.6067,8.1267,8.48,7.8294,159000
2021-10-06,8.4667,8.5,8.33,8.4767,7.8263,128400
2021-10-07,8.5333,8.6667,8.49,8.6233,7.9617,210900
2021-10-08,8.6067,8.7767,8.5433,8.6533,7.9894,113100
2021-10-11,8.6233,8.6833,8.5,8.53,7.8755,71100
2021-10-12,8.55,8.6,8.3633,8.41,7.7647,67800
2021-10-13,8.4267,8.7367,8.38,8.68,8.014,146100
2021-10-14,8.79,9.0867,8.7767,8.8167,8.1402,162900
2021-10-15,8.9633,9.0,8.68,8.92,8.2356,398400
2021-10-18,8.84,8.8767,8.3033,8.51,7.8571,156000
2021-10-19,8.5,8.59,8.4367,8.5267,7.8725,139800
2021-10-20,8.5567,8.6567,8.5,8.56,7.9032,74100
2021-10-21,8.5867,8.6667,8.4533,8.6067,7.9463,98400
2021-10-22,8.6433,8.7333,8.6367,8.6533,7.9894,81900
2021-10-25,8.68,8.8667,8.6367,8.7333,8.0633,174300
2021-10-26,8.7633,8.7633,8.4067,8.6467,7.9833,115800
2021-10-27,8.6767,8.6767,8.4567,8.5033,7.8509,145500
2021-10-28,8.5467,8.7433,8.5467,8.66,7.9956,66000
2021-10-29,8.7,8.8133,8.6,8.62,7.9586,128100
2021-11-01,8.6667,8.87,8.66,8.85,8.171,76200
2021-11-02,8.84,8.8567,8.7033,8.74,8.0694,89700
2021-11-03,8.7667,9.1267,8.7667,9.01,8.3187,87000
2021-11-04,9.07,9.1367,8.8467,8.9433,8.2572,84300
2021-11-05,8.9733,9.28,8.9167,9.28,8.568,252900
2021-11-08,9.3767,9.51,9.2833,9.48,8.7527,81900
2021-11-09,9.4267,9.43,9.2167,9.4067,8.6849,168300
2021-11-10,9.4233,9.4333,9.0967,9.3567,8.6388,77100
2021-11-11,9.34,9.46,9.2567,9.4233,8.7003,56700
2021-11-12,9.48,9.62,9.1733,9.2133,8.5064,54900
2021-11-15,9.2567,9.2567,8.9133,9.1867,8.4818,134700
2021-11-16,9.1133,9.2067,9.0367,9.15,8.5284,72600
2021-11-17,9.1033,9.1633,8.95,9.1233,8.5036,90000
2021-11-18,9.04,9.3,8.9533,9.2067,8.5812,107400
2021-11-19,9.11,9.11,8.8933,8.95,8.342,71400
2021-11-22,9.0333,9.23,8.9867,9.0533,8.4383,270000
2021-11-23,9.09,9.1933,8.9267,9.1567,8.5346,126300
2021-11-24,9.0633,9.1733,9.0433,9.0567,8.4414,44400
2021-11-26,8.8167,9.0267,8.4933,8.7,8.109,63900
2021-11-29,8.77,8.8,8.3633,8.3867,7.8169,99600
2021-11-30,8.34,8.3433,8.1167,8.14,7.587,189300
2021-12-01,8.2,8.3567,7.9267,7.9667,7.4255,177300
2021-12-02,7.9833,8.2333,7.88,8.1633,7.6088,78900
2021-12-03,8.0933,8.15,7.93,8.1067,7.556,68700
2021-12-06,8.2133,8.4333,8.02,8.3567,7.789,94800
2021-12-07,8.42,8.65,8.42,8.5033,7.9257,92700
2021-12-08,9.26,9.6367,9.05,9.3333,8.6993,257700
2021-12-09,9.3333,9.5733,9.2133,9.52,8.8733,98700
2021-12-10,9.5767,9.7433,9.13,9.5033,8.8578,156900
2021-12-13,9.5033,9.98,9.4167,9.7567,9.0939,140100
2021-12-14,9.7533,9.9167,9.4167,9.4467,8.8049,211500
2021-12-15,9.5033,9.83,9.38,9.7567,9.0939,135900
2021-12-16,9.6533,9.9733,9.5167,9.5567,8.9075,225900
2021-12-17,9.5233,9.65,9.0867,9.1267,8.5067,616800
2021-12-20,9.1,9.3433,8.9033,9.2433,8.6154,226500
2021-12-21,9.3067,9.6133,9.3067,9.5767,8.9261,57000
2021-12-22,9.58,9.6367,9.3233,9.6067,8.9541,102000
2021-12-23,9.6967,10.07,9.56,9.8367,9.1684,83400
2021-12-27,9.81,9.8333,9.6033,9.8333,9.1653,57000
2021-12-28,9.76,9.9667,9.76,9.8567,9.1871,59100
2021-12-29,9.8367,9.9833,9.8367,9.88,9.2088,40800
2021-12-30,9.7633,9.99,9.6933,9.8033,9.1374,53100
2021-12-31,9.75,9.8567,9.75,9.83,9.1622,38700
2022-01-03,9.8367,10.0233,9.7267,9.9167,9.243,65100
2022-01-04,9.9933,10.27,9.86,10.1733,9.4822,89700
2022-01-05,10.1433,10.1533,9.7433,9.8967,9.2244,99300
2022-01-06,9.9633,10.0967,9.83,9.9367,9.2617,71700
2022-01-07,9.97,9.9833,9.72,9.72,9.0597,48600
2022-01-10,9.69,10.0,9.4067,9.8333,9.1653,113100
2022-01-11,9.84,9.84,9.5633,9.7133,9.0535,49200
2022-01-12,9.48,9.6967,9.34,9.41,8.7708,105000
2022-01-13,9.51,9.51,9.29,9.35,8.7148,56400
2022-01-14,9.3167,9.6167,9.3167,9.5467,8.8982,63900
2022-01-18,9.4667,9.51,9.27,9.3333,8.6993,57300
2022-01-19,9.27,9.27,8.6833,8.92,8.3141,195600
2022-01-20,8.9033,9.0167,8.51,8.5933,8.0096,194100
2022-01-21,8.49,9.0233,8.49,8.5767,7.994,463800
2022-01-24,8.53,9.48,8.53,9.3433,8.7086,184200
2022-01-25,9.25,10.05,9.16,9.9767,9.2989,291900
2022-01-26,9.9167,10.3333,9.5967,9.8833,9.2119,162000
2022-01-27,9.9167,10.1533,9.4367,9.9967,9.3176,159600
2022-01-28,9.9967,10.4433,9.6867,9.99,9.3114,173100
2022-01-31,9.8567,10.6033,9.8567,9.9533,9.2772,837000
2022-02-01,9.9567,10.0267,9.5733,9.7733,9.1094,152100
2022-02-02,9.8067,9.9733,9.39,9.5367,8.8888,133200
2022-02-03,9.4633,9.7067,9.3533,9.5467,8.8982,82800
2022-02-04,9.4733,9.4767,9.1667,9.2867,8.6558,376800
2022-02-07,9.3333,9.7733,9.2667,9.7,9.0411,219600
2022-02-08,9.62,9.72,9.5167,9.6767,9.0193,106800
2022-02-09,9.1867,9.1867,7.9667,7.97,7.4286,771600
2022-02-10,7.9633,8.03,7.43,7.4533,6.947,396600
2022-02-11,7.3867,7.8067,7.2,7.7,7.1769,374100
2022-02-14,7.7567,7.7567,7.4233,7.6267,7.1086,352500
2022-02-15,7.7,7.9333,7.67,7.7767,7.3317,170100
2022-02-16,7.7767,7.8433,7.55,7.7567,7.3128,133800
2022-02-17,7.6667,7.6933,7.5,7.5167,7.0866,129000
2022-02-18,7.4367,7.5833,7.43,7.5133,7.0834,120000
2022-02-22,7.4933,7.6367,7.38,7.4667,7.0394,222000
2022-02-23,7.4667,7.5533,7.1267,7.1367,6.7283,163500
2022-02-24,7.0567,7.17,6.9433,7.13,6.722,315900
2022-02-25,7.1733,7.2233,7.0,7.0067,6.6058,129900
2022-02-28,7.0,7.2067,6.95,7.0467,6.6435,210900
2022-03-01,7.1067,7.1067,6.8167,6.8567,6.4643,363600
2022-03-02,6.89,7.07,6.8367,7.0167,6.6152,174000
2022-03-03,6.99,6.9933,6.7633,6.8533,6.4612,402600
2022-03-04,6.8,7.0967,6.7467,7.05,6.6466,298500
2022-03-07,7.0967,7.55,7.0967,7.4267,7.0017,212700
2022-03-08,7.44,7.57,7.2233,7.34,6.92,206700
2022-03-09,7.36,7.4767,7.0833,7.44,7.0143,174600
2022-03-10,7.3367,7.3567,7.2,7.33,6.9106,97500
2022-03-11,7.2833,7.3567,7.0467,7.08,6.6749,154200
2022-03-14,7.0567,7.11,6.7867,6.91,6.5146,117900
2022-03-15,6.9333,6.98,6.8333,6.9267,6.5303,135900
2022-03-16,6.9367,7.0733,6.82,6.9833,6.5838,150600
2022-03-17,7.0533,7.1533,7.02,7.0833,6.678,96300
2022-03-18,7.0567,7.11,6.9167,7.0567,6.6529,238800
2022-03-21,7.0767,7.0767,6.8567,6.8867,6.4926,136500
2022-03-22,6.9633,7.02,6.6767,6.71,6.3261,242700
2022-03-23,6.77,6.91,6.6467,6.7133,6.3292,180900
2022-03-24,6.8333,6.9633,6.69,6.7533,6.3669,280800
2022-03-25,6.7567,6.86,6.7067,6.7833,6.3952,198600
2022-03-28,6.72,6.81,6.66,6.6867,6.3041,184500
2022-03-29,6.9733,7.1933,6.9267,7.09,6.6843,351900
2022-03-30,7.0267,7.1267,6.71,6.74,6.3544,231600
2022-03-31,6.72,6.7267,6.44,6.4733,6.1029,571800
2022-04-01,6.5167,6.71,6.4167,6.69,6.3072,202200
2022-04-04,6.7333,6.7433,6.5367,6.7233,6.3386,187200
2022-04-05,6.6967,6.7833,6.4567,6.4733,6.1029,215400
2022-04-06,6.4733,6.67,6.39,6.53,6.1564,241500
2022-04-07,6.5567,6.6233,6.41,6.4967,6.1249,232500
2022-04-08,6.5267,6.57,6.4333,6.4633,6.0935,233100
2022-04-11,6.4267,6.4867,6.27,6.3033,5.9427,178500
2022-04-12,6.3467,6.5133,6.2833,6.36,5.9961,468600
2022-04-13,6.3533,6.5767,6.3533,6.4967,6.1249,255600
2022-04-14,6.5233,6.59,6.46,6.5,6.1281,142800
2022-04-18,6.4933,6.6133,6.42,6.58,6.2035,242400
2022-04-19,6.5733,6.81,6.5733,6.75,6.3638,202200
2022-04-20,6.7333,6.9233,6.7333,6.8467,6.4549,135600
2022-04-21,6.88,6.9533,6.8167,6.8433,6.4518,141900
2022-04-22,6.78,6.9333,6.78,6.8633,6.4706,171900
2022-04-25,6.8,6.91,6.7633,6.9033,6.5083,213300
2022-04-26,6.8367,6.9067,6.78,6.8067,6.4172,261600
2022-04-27,6.8467,6.8667,6.6667,6.6833,6.3009,158400
2022-04-28,6.7567,6.7567,6.4667,6.57,6.1941,390900
2022-04-29,6.61,6.6433,6.3867,6.4333,6.0652,180000
2022-05-02,6.41,6.6033,6.29,6.59,6.2129,255900
2022-05-03,6.6333,6.69,6.5233,6.6033,6.2255,155700
2022-05-04,6.9167,7.7067,6.7167,7.68,7.2406,347100
2022-05-05,7.52,7.8633,7.2,7.7433,7.3003,282600
2022-05-06,7.71,7.7967,7.5333,7.7033,7.2626,657600
2022-05-09,7.6767,8.2467,7.6033,8.23,7.7591,351600
2022-05-10,8.3167,8.74,7.6233,8.6333,8.1394,415800
2022-05-11,8.6067,8.66,8.3267,8.51,8.0231,207300
2022-05-12,8.5267,8.7133,8.2767,8.6867,8.1896,185700
2022-05-13,8.7267,8.84,8.2733,8.4767,7.9916,187500
2022-05-16,8.4767,8.6167,8.3433,8.5,8.0136,171300
2022-05-17,8.5233,8.8567,8.5167,8.5933,8.1851,201000
2022-05-18,8.6,8.8067,8.53,8.6067,8.1978,195000
2022-05-19,8.5133,8.66,8.32,8.33,7.9343,167400
2022-05-20,8.4133,8.4167,8.2133,8.36,7.9628,133500
2022-05-23,8.3933,8.5167,8.29,8.4767,8.074,349800
2022-05-24,8.5033,8.5333,8.1833,8.4867,8.0835,151800
2022-05-25,8.4467,8.65,8.4367,8.59,8.1819,76800
2022-05-26,8.61,8.84,8.61,8.7267,8.3121,109200
2022-05-27,8.72,8.88,8.7033,8.7933,8.3756,94800
2022-05-31,8.73,8.97,8.63,8.96,8.5343,111600
2022-06-01,8.9267,9.1467,8.81,9.0733,8.6423,168900
2022-06-02,9.05,9.2633,9.0167,9.17,8.7344,148200
2022-06-03,9.1667,9.2633,9.0667,9.1967,8.7598,90300
2022-06-06,9.3133,9.6567,9.2333,9.5267,9.0741,231900
2022-06-07,9.4233,9.86,9.2467,9.8133,9.3471,166200
2022-06-08,9.7633,9.8233,9.57,9.74,9.2773,165600
2022-06-09,9.6633,9.6933,9.51,9.55,9.0963,82200
2022-06-10,9.0833,9.4267,9.0067,9.03,8.601,189900
2022-06-13,8.8133,8.8867,8.38,8.46,8.0581,231000
2022-06-14,8.4533,8.47,8.1667,8.3567,7.9597,121500
2022-06-15,8.41,8.5267,8.2767,8.3733,7.9755,94800
2022-06-16,8.1667,8.1667,7.7867,7.8033,7.4326,132300
2022-06-17,7.79,7.9033,7.7,7.7133,7.3469,168900
2022-06-21,7.8,7.98,7.63,7.74,7.3723,95700
2022-06-22,7.7133,8.0067,7.6833,7.9167,7.5406,114300
2022-06-23,7.92,8.15,7.79,7.9167,7.5406,82500
2022-06-24,8.0,8.2767,7.9467,8.17,7.7819,390000
2022-06-27,8.2533,8.3033,8.0067,8.1433,7.7565,111600
2022-06-28,8.13,8.1933,7.8833,7.92,7.5438,65700
2022-06-29,7.92,7.92,7.6433,7.74,7.3723,83700
2022-06-30,7.6333,7.9,7.6333,7.79,7.4199,109200
2022-07-01,7.7533,7.86,7.6167,7.7867,7.4168,100200
2022-07-05,7.67,7.7433,7.53,7.7067,7.3406,153300
2022-07-06,7.7633,7.8467,7.3567,7.39,7.0389,123900
2022-07-07,7.5467,7.6167,7.4067,7.5667,7.2072,83700
2022-07-08,7.5567,7.63,7.4733,7.63,7.2675,62700
2022-07-11,7.53,7.6633,7.5,7.58,7.2199,83700
2022-07-12,7.5167,7.68,7.44,7.4567,7.1024,91500
2022-07-13,7.39,7.4233,7.3133,7.3167,6.9691,41400
2022-07-14,7.3167,7.4667,7.1633,7.3633,7.0135,54000
2022-07-15,7.4967,7.62,7.3633,7.5533,7.1945,69600
2022-07-18,7.6533,7.7133,7.5867,7.6233,7.2612,84900
2022-07-19,7.7667,8.2467,7.7667,7.88,7.5057,89700
2022-07-20,7.9167,8.23,7.9167,8.1433,7.7565,96000
2022-07-21,8.06,8.12,7.7933,8.08,7.6962,58500
2022-07-22,8.0667,8.1367,7.8433,7.9767,7.5977,75600
2022-07-25,8.0567,8.0633,7.9367,8.04,7.6581,64800
2022-07-26,7.89,8.1533,7.89,8.08,7.6962,47400
2022-07-27,8.1433,8.2433,8.1033,8.2267,7.8358,58200
2022-07-28,8.3033,8.5933,8.1867,8.1933,7.8041,75300
2022-07-29,8.1833,8.2667,7.9833,7.9867,7.6073,197400
2022-08-01,7.97,8.4767,7.97,8.33,7.9343,108900
2022-08-02,8.36,8.5867,8.12,8.2233,7.8327,80100
2022-08-03,8.7,8.7,8.3067,8.6467,8.2359,123000
2022-08-04,8.6167,8.7667,8.48,8.7167,8.3026,76800
2022-08-05,8.6633,8.8233,8.5,8.63,8.22,333300
2022-08-08,8.6433,8.8667,8.6433,8.8267,8.4073,109800
2022-08-09,8.78,8.83,8.6067,8.65,8.2391,66000
2022-08-10,8.7133,9.0133,8.7133,8.9667,8.5407,102600
2022-08-11,8.9,8.98,8.6567,8.9433,8.5185,71100
2022-08-12,8.96,9.1867,8.96,9.15,8.7153,68700
2022-08-15,9.03,9.33,9.03,9.15,8.7153,90300
2022-08-16,9.0667,9.1133,8.6467,8.9433,8.5999,51900
2022-08-17,8.9,8.9567,8.79,8.8867,8.5454,43800
2022-08-18,8.8533,9.04,8.8333,9.0067,8.6608,40800
2022-08-19,8.8967,8.9633,8.7567,8.8567,8.5166,81300
2022-08-22,8.7367,8.8833,8.6967,8.7833,8.4461,74700
2022-08-23,8.77,8.8733,8.6467,8.71,8.3756,49800
2022-08-24,8.66,8.7667,8.5733,8.6133,8.2826,48000
2022-08-25,8.6033,8.9267,8.4933,8.89,8.5486,110700
2022-08-26,8.85,8.8933,8.5033,8.5033,8.1768,71100
2022-08-29,8.55,8.55,8.32,8.3567,8.0358,61800
2022-08-30,8.36,8.36,8.07,8.1467,7.8338,64500
2022-08-31,8.2333,8.3533,8.07,8.22,7.9044,100500
2022-09-01,8.1067,8.1067,7.7167,7.8433,7.5422,114900
2022-09-02,7.9667,8.0733,7.8867,7.9533,7.6479,52500
2022-09-06,7.7733,7.79,7.5767,7.62,7.3274,84000
2022-09-07,7.6833,7.97,7.6567,7.8833,7.5806,58800
2022-09-08,7.8233,7.9433,7.7533,7.87,7.5678,39300
2022-09-09,7.9033,7.9333,7.7833,7.8367,7.5358,63000
2022-09-12,7.8933,7.97,7.8733,7.97,7.664,39300
2022-09-13,7.7967,7.85,7.7567,7.8,7.5005,61500
2022-09-14,7.8667,7.9533,7.6533,7.8233,7.5229,59700
2022-09-15,7.86,7.9633,7.7167,7.7733,7.4749,73800
2022-09-16,7.71,7.7633,7.4767,7.6567,7.3627,114300
2022-09-19,7.5433,7.78,7.5433,7.7667,7.4684,33600
2022-09-20,7.7467,7.8,7.6767,7.75,7.4524,40800
2022-09-21,7.76,7.78,7.6167,7.6967,7.4011,47400
2022-09-22,7.64,7.79,7.4767,7.6033,7.3114,53100
2022-09-23,7.5433,7.5533,7.1633,7.24,6.962,49800
2022-09-26,7.2433,7.3033,6.9167,6.9667,6.6992,50100
2022-09-27,7.0933,7.3433,6.78,6.83,6.5677,93000
2022-09-28,6.8633,7.18,6.7233,7.1167,6.8434,147300
2022-09-29,7.0667,7.1167,6.8433,6.9667,6.6992,67500
2022-09-30,7.0,7.18,6.9933,7.0267,6.7569,82500
2022-10-03,7.1567,7.3467,6.7533,7.13,6.8562,66300
2022-10-04,7.2633,7.62,7.2633,7.4133,7.1287,64200
2022-10-05,7.3833,8.0567,7.23,7.28,7.0005,64200
2022-10-06,7.2533,7.38,6.8167,7.0633,6.7921,135300
2022-10-07,7.0567,7.0633,6.9333,7.02,6.7504,90600
2022-10-10,7.0667,7.21,6.93,7.0033,6.7344,61500
2022-10-11,6.94,7.0867,6.85,7.0133,6.744,84000
2022-10-12,7.0333,7.0667,6.8667,6.9167,6.6511,67800
2022-10-13,6.8833,7.1833,6.8033,7.1733,6.8979,161700
2022-10-14,7.1433,7.18,6.96,7.06,6.7889,97800
2022-10-17,7.11,7.2833,7.0933,7.21,6.9332,112500
2022-10-18,7.2833,7.3,7.16,7.2267,6.9492,92400
2022-10-19,7.23,7.2933,7.0833,7.2433,6.9652,84000
2022-10-20,7.22,7.32,7.1,7.2633,6.9844,102000
2022-10-21,7.2767,7.4467,7.24,7.4267,7.1415,61200
2022-10-24,7.3667,7.66,7.3,7.61,7.3178,46500
2022-10-25,7.6333,8.0967,7.59,7.9,7.5967,82200
2022-10-26,7.8867,8.2767,7.8867,8.1,7.789,74100
2022-10-27,8.12,8.3433,7.62,7.7633,7.4652,446700
2022-10-28,7.8433,8.25,7.6433,8.21,7.8948,320700
2022-10-31,8.1233,8.3333,7.9367,8.2233,7.9076,159000
2022-11-01,8.25,8.3967,8.13,8.3833,8.0614,132900
2022-11-02,8.3167,8.8433,8.2433,8.4967,8.1704,152100
2022-11-03,8.4333,8.5667,8.3633,8.5067,8.18,60900
2022-11-04,8.5667,8.65,8.3067,8.6167,8.2858,66900
2022-11-07,8.5833,8.79,8.47,8.71,8.3756,58200
2022-11-08,8.6167,8.7733,8.5667,8.6433,8.3114,55800
2022-11-09,8.5833,8.8,8.5233,8.5767,8.2473,85200
2022-11-10,8.8833,8.9567,8.4767,8.95,8.6063,117300
2022-11-11,8.9267,9.1533,8.6333,8.6867,8.3531,72900
2022-11-14,8.6867,8.7467,8.5,8.5367,8.2089,67500
2022-11-15,8.58,8.6667,8.4167,8.5233,8.2801,56400
2022-11-16,8.3867,8.5267,8.3133,8.3233,8.0858,45900
2022-11-17,8.19,8.5333,8.19,8.5333,8.2898,54900
2022-11-18,8.67,8.96,8.4867,8.9433,8.6881,109500
2022-11-21,8.8433,8.8467,8.5667,8.76,8.51,66000
2022-11-22,8.8267,8.9067,8.71,8.8733,8.6201,53100
2022-11-23,8.9633,9.0933,8.94,8.9867,8.7302,60300
2022-11-25,8.9533,9.0267,8.7667,8.7667,8.5165,28800
2022-11-28,8.8167,8.8167,8.4733,8.5633,8.319,84900
2022-11-29,8.5233,8.6333,8.3,8.35,8.1117,91200
2022-11-30,8.41,8.7767,8.2867,8.7733,8.523,78900
2022-12-01,8.83,8.8633,8.6,8.7533,8.5036,51900
2022-12-02,8.6133,9.06,8.58,8.7667,8.5165,133800
2022-12-05,8.82,9.0467,8.7233,9.0,8.7432,165300
2022-12-06,10.6667,10.9167,10.0,10.78,10.4724,831300
2022-12-07,10.5,11.6667,10.5,11.4667,11.1395,394800
2022-12-08,11.6333,11.97,11.3933,11.8133,11.4762,346200
2022-12-09,11.88,12.2733,11.6233,11.9033,11.5637,364800
2022-12-12,11.9633,12.2733,11.76,12.1867,11.8389,379500
2022-12-13,12.41,12.7133,12.3067,12.4167,12.0624,602400
2022-12-14,12.37,12.6667,12.1633,12.43,12.0753,466200
2022-12-15,12.3333,12.4233,11.9967,12.1333,11.7871,371700
2022-12-16,12.04,12.64,11.9833,12.3967,12.0429,1086300
2022-12-19,12.3367,12.4133,11.8633,11.9667,11.6252,187800
2022-12-20,11.8967,12.0867,11.4467,11.8433,11.5054,289200
2022-12-21,11.9067,12.1667,11.7533,11.8967,11.5572,258900
2022-12-22,11.7633,11.7633,11.47,11.6133,11.2819,234600
2022-12-23,11.7067,12.0767,11.6167,11.8767,11.5378,359400
2022-12-27,11.8467,11.91,11.5767,11.6333,11.3014,282900
2022-12-28,11.5233,11.7567,11.4333,11.4333,11.1071,125400
2022-12-29,11.3967,11.9,11.2267,11.7333,11.3985,183300
2022-12-30,11.7067,11.8167,11.61,11.7267,11.392,254400
2023-01-03,11.7267,12.01,11.3267,11.4467,11.12,220500
2023-01-04,11.4733,11.9067,11.4733,11.8467,11.5086,152400
2023-01-05,11.74,11.8967,11.6767,11.7233,11.3888,149400
2023-01-06,11.8333,12.34,11.8333,12.2,11.8519,169200
2023-01-09,12.1833,12.4667,12.1267,12.3433,11.9911,161100
2023-01-10,12.2467,12.6767,12.2467,12.5867,12.2275,196200
2023-01-11,12.63,12.8333,12.5533,12.6533,12.2923,240300
2023-01-12,12.6167,12.9933,12.53,12.9,12.5319,267900
2023-01-13,12.8267,13.07,12.7333,13.0033,12.6323,101700
2023-01-17,13.1767,13.1767,12.6667,12.71,12.3473,168000
2023-01-18,12.7567,13.0767,12.7567,12.8967,12.5287,227700
2023-01-19,12.9967,13.03,12.7767,12.8433,12.4768,206100
2023-01-20,12.95,13.1,12.6233,12.9567,12.5869,724800
2023-01-23,12.97,13.47,12.92,13.3133,12.9334,349200
2023-01-24,13.32,13.3633,13.1267,13.33,12.9496,218400
2023-01-25,13.1533,13.3667,13.0233,13.2333,12.8557,245400
2023-01-26,13.2433,13.2633,13.0267,13.0967,12.7229,236400
2023-01-27,13.01,13.05,12.72,12.73,12.3667,252300
2023-01-30,12.6667,12.8967,12.6133,12.76,12.3959,253500
2023-01-31,12.7267,13.34,12.4533,13.2333,12.8557,885900
2023-02-01,13.62,15.2767,13.47,14.8733,14.4489,724800
2023-02-02,15.1533,15.21,14.63,15.1033,14.6724,338100
2023-02-03,14.9,15.3333,14.9,15.2733,14.8375,307800
2023-02-06,15.05,15.13,14.8133,15.1167,14.6853,270900
2023-02-07,15.1733,15.2567,14.9167,15.1467,14.7144,213000
2023-02-08,15.18,15.2833,14.9633,14.99,14.5623,231600
2023-02-09,15.0,15.14,14.1267,14.36,13.9502,339600
2023-02-10,14.3667,14.5567,14.1667,14.1667,13.7624,206100
2023-02-13,14.2267,14.7033,14.1933,14.41,13.9988,263700
2023-02-14,14.3667,14.6267,14.17,14.42,14.0943,195600
2023-02-15,14.3267,14.6,14.21,14.5333,14.205,193500
2023-02-16,14.3467,14.3467,13.96,14.14,13.8206,264000
2023-02-17,14.22,14.55,14.1133,14.4033,14.078,234600
2023-02-21,14.2433,14.3467,13.8267,13.85,13.5371,248100
2023-02-22,13.8967,14.19,13.85,14.0267,13.7098,215100
2023-02-23,14.0867,14.4733,14.04,14.2967,13.9737,206400
2023-02-24,14.14,14.58,14.0667,14.5267,14.1985,176400
2023-02-27,14.6367,14.82,14.5033,14.6133,14.2832,144300
2023-02-28,14.5533,14.9233,14.5533,14.7833,14.4494,252900
2023-03-01,14.7267,15.0733,14.7267,14.93,14.5927,176400
2023-03-02,14.7467,15.01,14.7033,14.9267,14.5895,114300
2023-03-03,15.0,15.2333,14.82,15.16,14.8176,278100
2023-03-06,15.1633,15.1933,14.4533,14.7133,14.381,268800
2023-03-07,14.7133,14.93,14.6567,14.85,14.5146,218100
2023-03-08,14.8333,15.21,14.82,15.1767,14.8338,189600
2023-03-09,15.2667,15.82,15.25,15.41,15.0619,375300
2023-03-10,15.3567,15.3567,14.3933,14.46,14.1334,277800
2023-03-13,14.1733,14.4333,13.8567,14.1167,13.7978,214500
2023-03-14,14.5367,14.7533,14.31,14.46,14.1334,279300
2023-03-15,14.0967,14.1,13.45,13.6267,13.3189,259200
2023-03-16,13.52,14.07,13.4,13.9133,13.599,192300
2023-03-17,13.76,13.8167,13.4367,13.4767,13.1722,453000
2023-03-20,13.6133,14.01,13.57,13.8433,13.5306,210600
2023-03-21,14.1333,14.21,13.8467,13.9567,13.6414,258600
2023-03-22,13.9933,14.06,13.72,13.7667,13.4557,156600
2023-03-23,13.7767,14.09,13.5833,13.7067,13.397,145800
2023-03-24,13.52,13.81,13.4533,13.7267,13.4166,139500
2023-03-27,13.9267,13.9533,13.6967,13.8233,13.5111,109800
2023-03-28,13.7933,13.9533,13.69,13.74,13.4296,142800
2023-03-29,13.8833,14.0067,13.7133,13.99,13.674,119400
2023-03-30,14.1167,14.1167,13.8033,13.84,13.5274,120300
2023-03-31,13.9433,14.2633,13.9,14.1967,13.876,173700
2023-04-03,14.1933,14.3733,14.04,14.1867,13.8662,184200
2023-04-04,14.1267,14.1267,13.36,13.4533,13.1494,121200
2023-04-05,13.2767,13.2767,12.9567,13.09,12.7943,146700
2023-04-06,13.1767,13.26,13.0367,13.1,12.8041,153300
2023-04-10,13.09,13.55,13.09,13.5167,13.2113,138300
2023-04-11,13.6433,13.8,13.3333,13.6033,13.296,139200
2023-04-12,13.7,13.85,13.5133,13.6033,13.296,121500
2023-04-13,13.6967,13.8867,13.6167,13.7633,13.4524,124500
2023-04-14,13.79,13.8967,13.7233,13.7833,13.472,95700
2023-04-17,13.84,14.0933,13.84,14.0267,13.7098,123900
2023-04-18,14.0367,14.1233,13.6633,13.7333,13.4231,145800
2023-04-19,13.6567,13.6767,13.2667,13.3167,13.0159,215400
2023-04-20,13.2533,13.41,13.2167,13.35,13.0484,150000
2023-04-21,13.3367,13.3733,12.97,13.01,12.7161,466200
2023-04-24,13.0933,13.6267,13.0,13.3433,13.0419,134400
2023-04-25,13.25,13.8833,13.25,13.36,13.0582,215100
2023-04-26,13.24,13.4067,12.9733,13.0967,12.8008,265500
2023-04-27,13.0967,13.4433,13.0967,13.3633,13.0615,113400
2023-04-28,13.3167,13.42,13.2833,13.3533,13.0517,62400
2023-05-01,13.25,13.6767,13.2167,13.41,13.1071,103200
2023-05-02,13.3233,13.53,13.2567,13.4467,13.1429,133500
2023-05-03,15.5667,16.6633,15.3233,16.3667,15.997,689700
2023-05-04,16.4667,16.4667,15.8,16.0433,15.6809,254100
2023-05-05,16.28,16.6567,16.1267,16.5667,16.1924,236700
2023-05-08,16.66,17.2933,16.4467,17.16,16.7724,695100
2023-05-09,17.18,17.6033,16.9767,17.24,16.8506,431100
2023-05-10,17.43,17.4867,16.9967,17.4467,17.0526,392100
2023-05-11,17.47,17.6367,17.0533,17.5267,17.1308,240000
2023-05-12,17.6867,17.9933,17.2933,17.95,17.5445,184200
2023-05-15,18.2167,19.3467,18.1833,19.1133,18.6816,546900
2023-05-16,18.9567,19.26,18.2867,18.4067,18.0738,408900
2023-05-17,18.6,19.2833,18.5833,19.2067,18.8593,311400
2023-05-18,19.27,19.96,19.27,19.74,19.383,424800
2023-05-19,20.0,20.0067,19.21,19.7367,19.3797,199200
2023-05-22,19.72,19.8333,19.2867,19.32,18.9706,166500
2023-05-23,19.3533,20.0067,19.1,19.67,19.3143,234000
2023-05-24,19.5433,19.5433,19.12,19.4,19.0491,105600
2023-05-25,19.43,19.5667,19.0833,19.43,19.0786,141000
2023-05-26,19.45,20.03,19.45,19.9833,19.6219,233100
2023-05-30,20.17,20.3333,19.2733,19.5733,19.2193,194700
2023-05-31,19.55,19.7433,19.0867,19.1667,18.82,166200
2023-06-01,19.27,19.5667,19.1333,19.2533,18.9051,189000
2023-06-02,19.57,20.55,19.57,20.55,20.1783,254100
2023-06-05,20.3533,20.4333,19.7433,20.3067,19.9394,215100
2023-06-06,20.3,21.1067,20.3,20.8067,20.4304,300900
2023-06-07,20.9633,21.5867,20.6533,20.9833,20.6038,271500
2023-06-08,20.9367,21.14,20.6033,20.7633,20.3878,167100
2023-06-09,20.7733,21.1467,20.62,20.8767,20.4991,144600
2023-06-12,20.79,20.9133,20.4833,20.5733,20.2013,213600
2023-06-13,20.5667,20.69,19.73,20.04,19.6776,279900
2023-06-14,19.8933,20.1233,19.1533,19.2733,18.9248,306600
2023-06-15,19.1333,19.6667,18.9233,19.1667,18.82,296100
2023-06-16,19.25,19.27,18.6833,18.8967,18.5549,1092000
2023-06-20,18.7533,20.41,18.7533,19.7267,19.3699,305100
2023-06-21,19.7767,21.21,19.6667,20.1567,19.7921,249600
2023-06-22,20.18,20.3567,19.84,20.0633,19.7005,282300
2023-06-23,19.7267,20.1067,19.4133,19.7467,19.3895,420600
2023-06-26,19.7467,20.26,19.64,19.8133,19.455,219000
2023-06-27,19.8333,20.33,19.8033,20.28,19.9132,321300
2023-06-28,20.28,20.6567,19.87,19.9333,19.5728,153600
2023-06-29,19.93,20.6333,19.9267,20.42,20.0507,228900
2023-06-30,20.5467,20.5467,20.1367,20.1967,19.8314,132300
2023-07-03,20.1967,20.7067,20.0533,20.3067,19.9394,83100
2023-07-05,20.3,20.3,19.7667,19.8,19.4419,177600
2023-07-06,19.69,19.75,19.26,19.51,19.1572,231300
2023-07-07,19.5,19.9167,19.4333,19.4733,19.1212,114300
2023-07-10,19.4633,19.9333,19.4633,19.9333,19.5728,173100
2023-07-11,20.0367,20.2167,19.74,20.2033,19.838,170700
2023-07-12,20.4167,20.6433,20.1033,20.34,19.9721,304800
2023-07-13,20.3267,20.4167,20.2,20.3367,19.9689,121500
2023-07-14,20.3267,20.3267,19.92,20.0733,19.7103,135300
2023-07-17,19.9833,21.1167,19.9833,20.92,20.5417,438900
2023-07-18,21.1833,21.29,20.1667,21.2667,20.8821,428700
2023-07-19,21.2667,21.6133,20.6167,20.93,20.5515,254700
2023-07-20,20.8333,21.0333,20.6667,20.98,20.6006,228900
2023-07-21,20.8333,20.8867,19.6033,19.9633,19.6023,506100
2023-07-24,19.8933,20.37,19.72,20.2167,19.851,216600
2023-07-25,20.17,20.61,20.0667,20.1133,19.7496,268200
2023-07-26,20.1167,20.4133,19.8433,20.3167,19.9492,181800
2023-07-27,20.38,20.5367,19.9967,20.2033,19.838,264000
2023-07-28,20.3333,20.63,20.1633,20.2967,19.9296,246600
2023-07-31,20.3333,20.4433,20.1467,20.26,19.8936,204300
2023-08-01,20.31,20.87,20.2733,20.43,20.0605,422400
2023-08-02,24.6667,30.0,24.3367,28.5133,27.9977,2361600
2023-08-03,28.6233,28.9967,27.32,27.5,27.0027,725400
2023-08-04,27.4833,28.2667,27.1767,27.3233,26.8292,532800
2023-08-07,27.46,27.9367,26.4333,27.2133,26.7212,649200
2023-08-08,27.08,27.6467,25.7333,26.0467,25.5756,436800
2023-08-09,26.04,26.5367,25.8367,26.4433,25.9651,447600
2023-08-10,26.4533,27.2933,25.95,26.3367,25.8604,214800
2023-08-11,26.3367,27.25,26.0133,26.8933,26.407,357000
2023-08-14,26.8933,27.3233,26.3333,26.9467,26.4593,370200
2023-08-15,26.9367,27.72,26.6067,27.4033,26.9956,341100
2023-08-16,27.56,28.2067,26.9733,27.1033,26.7,363300
2023-08-17,27.1367,27.66,25.79,25.8,25.4161,527700
2023-08-18,25.7667,26.3933,25.46,26.2767,25.8857,390000
2023-08-21,26.3333,26.5467,25.47,25.6433,25.2618,470700
2023-08-22,25.6433,26.3267,25.6433,26.0633,25.6755,288300
2023-08-23,26.1667,27.2933,26.1667,27.0,26.5982,340200
2023-08-24,26.8367,27.28,26.54,26.7,26.3027,353700
2023-08-25,26.7733,27.5533,26.71,27.3233,26.9168,340500
2023-08-28,27.46,28.2433,27.46,28.06,27.6425,336900
2023-08-29,27.91,28.66,27.59,28.47,28.0464,262500
2023-08-30,28.5167,29.36,28.47,28.6333,28.2073,420300
2023-08-31,28.7833,28.7867,27.62,27.99,27.5735,941400
2023-09-01,28.1167,28.57,27.9233,28.2,27.7804,237900
2023-09-05,28.1967,28.2,26.5867,27.3533,26.9463,508500
2023-09-06,27.42,27.5567,26.8867,27.5233,27.1138,194100
2023-09-07,27.3133,27.9467,27.18,27.7767,27.3633,350400
2023-09-08,27.75,27.8933,27.3933,27.7867,27.3732,232500
2023-09-11,27.71,28.2433,27.65,27.7233,27.3108,284700
2023-09-12,27.65,28.1567,27.3333,27.3933,26.9857,247800
2023-09-13,27.4633,27.7767,26.1367,26.4433,26.0498,291300
2023-09-14,26.6633,26.95,26.3333,26.7433,26.3454,246600
2023-09-15,26.81,27.0467,26.1933,26.39,25.9973,1111200
2023-09-18,26.6633,27.07,26.4833,26.8167,26.4176,252900
2023-09-19,26.8333,26.9267,26.3233,26.64,26.2436,141000
2023-09-20,26.87,27.2333,26.3933,26.3933,26.0006,140700
2023-09-21,26.0867,26.1933,25.3033,25.6367,25.2552,305100
2023-09-22,25.6367,25.8667,25.51,25.5533,25.1731,176700
2023-09-25,25.6533,26.5267,25.6033,26.3933,26.0006,306000
2023-09-26,26.6667,27.04,26.1833,26.38,25.9875,372300
2023-09-27,26.6433,27.4967,26.6433,27.3467,26.9397,217800
2023-09-28,27.4,28.98,27.3667,28.9033,28.4732,426900
2023-09-29,28.9233,28.96,27.56,27.6333,27.2221,408000
2023-10-02,27.55,28.1367,27.1167,27.6767,27.2648,423300
2023-10-03,27.4933,27.9433,26.6667,27.2867,26.8806,276900
2023-10-04,27.3367,28.0533,27.0833,27.7733,27.3601,248400
2023-10-05,27.8233,28.3133,27.25,27.43,27.0218,209400
2023-10-06,27.2567,28.06,27.04,27.8867,27.4717,194100
2023-10-09,28.1633,29.6233,28.1633,28.6033,28.1777,461400
2023-10-10,28.8267,29.4567,28.6333,28.6833,28.2565,332400
2023-10-11,28.7067,30.11,28.7067,29.8033,29.3598,501000
2023-10-12,30.0467,30.43,28.2467,28.5367,28.112,546600
2023-10-13,28.7733,28.8267,26.7167,26.85,26.4505,623100
2023-10-16,26.7667,28.0267,26.4233,27.1933,26.7887,402600
2023-10-17,27.1033,28.1,27.1033,27.4233,27.0153,246000
2023-10-18,27.4533,27.4533,25.5833,25.68,25.2979,330900
2023-10-19,25.6333,25.73,24.7367,25.0267,24.6543,404700
2023-10-20,25.01,25.0967,24.3967,24.6933,24.3259,387900
2023-10-23,24.5167,24.88,24.17,24.29,23.9286,219600
2023-10-24,24.6867,25.07,24.5367,24.7033,24.3357,228600
2023-10-25,24.71,25.3667,24.6667,24.8733,24.5032,234000
2023-10-26,24.83,25.0567,24.2667,24.7133,24.3456,155400
2023-10-27,24.6133,24.9,24.28,24.7067,24.339,171900
2023-10-30,25.0733,25.3867,24.9567,25.1433,24.7692,195600
2023-10-31,25.1667,25.65,24.68,25.55,25.1698,196500
2023-11-01,25.6667,26.01,25.4067,25.9233,25.5376,196500
2023-11-02,26.39,26.7,25.65,26.08,25.6919,327000
2023-11-03,26.4933,27.1333,26.4933,26.6967,26.2994,187500
2023-11-06,26.75,26.9867,26.0167,26.85,26.4505,193800
2023-11-07,26.7133,27.4633,26.5867,27.3767,26.9693,375900
2023-11-08,27.37,27.8167,27.1833,27.6567,27.2451,346800
2023-11-09,27.67,28.06,27.5867,27.67,27.2583,261900
2023-11-10,27.6833,28.4667,27.6833,27.9533,27.5374,251100
2023-11-13,27.87,28.07,27.3167,27.4667,27.058,221400
2023-11-14,28.07,29.0,27.5833,29.0,28.6599,413700
2023-11-15,28.96,29.2767,28.0067,28.1033,27.7738,234300
2023-11-16,28.2167,28.5533,27.05,27.39,27.0688,316200
2023-11-17,27.6,28.3767,27.6,28.2567,27.9253,215700
2023-11-20,28.2567,28.7,27.96,28.2333,27.9023,290100
2023-11-21,28.06,28.16,27.4733,27.7433,27.418,242400
2023-11-22,27.84,28.15,27.3833,27.84,27.5135,200400
2023-11-24,28.03,28.9333,27.8833,28.5967,28.2613,166500
2023-11-27,28.61,28.61,27.8033,28.2933,27.9616,253500
2023-11-28,28.3867,28.9033,26.6267,26.63,26.3177,332100
2023-11-29,26.6833,26.9533,26.4633,26.66,26.3474,320400
2023-11-30,26.66,27.8067,26.5067,27.72,27.395,504000
2023-12-01,27.5,28.5567,27.5,28.2133,27.8825,317100
2023-12-04,28.7167,30.52,28.71,30.3033,29.948,776700
2023-12-05,31.05,31.06,29.2367,29.4367,29.0915,918000
2023-12-06,30.1567,30.3967,25.0167,27.67,27.3455,1415400
2023-12-07,27.7467,28.53,27.1133,28.53,28.1955,472200
2023-12-08,28.5933,29.9667,28.5933,28.6733,28.3371,608100
2023-12-11,29.0567,30.9533,28.9633,30.3367,29.9809,1002000
2023-12-12,30.0833,30.7233,29.3333,29.4133,29.0684,608700
2023-12-13,29.49,29.78,28.08,29.2367,28.8938,710400
2023-12-14,29.76,30.13,29.0333,29.4867,29.1409,620100
2023-12-15,29.7067,31.0,29.7067,30.09,29.7372,3082500
2023-12-18,30.7033,30.9433,30.1367,30.5233,30.1654,565800
2023-12-19,30.6267,32.5433,30.6267,32.0133,31.6379,794700
2023-12-20,32.0233,32.1633,30.1867,30.21,29.8558,620100
2023-12-21,30.6267,31.1867,29.8633,30.11,29.7569,347700
2023-12-22,30.2867,30.3267,29.4233,29.51,29.164,388800
2023-12-26,29.35,30.3033,29.3367,29.7433,29.3946,307200
2023-12-27,29.8533,30.0333,29.4,29.4533,29.108,237000
2023-12-28,29.3333,29.89,28.7567,29.7333,29.3847,349800
2023-12-29,29.8167,29.8333,28.97,29.4667,29.1211,317100
2024-01-02,29.02,30.3867,29.01,30.1133,29.7602,634800
2024-01-03,29.8467,29.97,29.0267,29.0567,28.7159,289200
2024-01-04,29.2867,29.33,27.8967,27.97,27.642,524400
2024-01-05,27.6933,27.8167,26.4,26.9033,26.5879,596100
2024-01-08,27.02,27.3133,26.5867,26.83,26.5154,454200
2024-01-09,26.3333,26.84,25.9233,26.63,26.3177,364800
2024-01-10,26.5933,26.8667,26.47,26.6933,26.3803,275400
2024-01-11,26.7067,26.9667,26.47,26.83,26.5154,434700
2024-01-12,27.0,27.2767,26.7067,27.0467,26.7295,342900
2024-01-16,26.93,27.0167,26.4067,27.0167,26.6999,398400
2024-01-17,26.8333,27.12,26.8333,27.0633,26.746,259200
2024-01-18,27.1133,27.4667,26.8567,27.2233,26.9041,499800
2024-01-19,27.2367,27.2367,25.9667,26.7367,26.4232,674100
2024-01-22,27.1867,27.9833,26.8367,27.0467,26.7295,586200
2024-01-23,27.28,27.46,26.11,26.1333,25.8269,440400
2024-01-24,26.5167,26.5167,25.9267,26.07,25.7643,443100
2024-01-25,26.2867,26.3733,25.5133,25.7067,25.4052,361200
2024-01-26,25.9567,26.02,25.43,25.61,25.3097,533100
2024-01-29,25.7467,26.7067,25.7467,26.61,26.298,621000
2024-01-30,26.61,27.4167,26.4767,27.1967,26.8778,842400
2024-01-31,33.4167,41.83,33.4167,39.51,39.0467,4710000
2024-02-01,40.0,40.06,37.5833,38.6667,38.2133,1553400
2024-02-02,38.68,41.3333,37.1667,40.97,40.4896,1480800
2024-02-05,41.27,42.7167,39.87,42.5133,42.0148,1334400
2024-02-06,42.6133,42.6733,41.2133,42.01,41.5174,807600
2024-02-07,42.3733,45.95,42.14,44.0333,43.517,902100
2024-02-08,44.3433,47.39,44.1667,46.9967,46.4456,747300
2024-02-09,47.24,49.36,47.1867,49.0833,48.5078,865500
2024-02-12,49.5833,51.2167,49.39,50.9033,50.3064,1039200
2024-02-13,49.59,50.7467,47.6267,49.2467,48.7538,959700
2024-02-14,50.15,52.39,50.15,50.9633,50.4533,861300
2024-02-15,51.6367,52.55,50.23,51.9967,51.4763,703500
2024-02-16,52.2267,52.64,51.0667,51.1833,50.6711,684600
2024-02-20,50.8233,52.0033,49.4067,50.1267,49.625,1049700
2024-02-21,50.0,52.95,49.4133,51.31,50.7965,1003500
2024-02-22,51.7067,53.1467,50.6867,52.0067,51.4862,812400
2024-02-23,52.0333,54.3433,51.58,53.9033,53.3639,556800
2024-02-26,54.26,57.0367,54.26,55.5367,54.9809,1065600
2024-02-27,55.9533,58.14,55.87,57.27,56.6968,1040700
2024-02-28,57.27,58.83,57.1633,58.5467,57.9607,705300
2024-02-29,59.6633,62.58,59.0667,61.7467,61.1287,1237500
2024-03-01,61.91,62.7567,58.37,60.0067,59.4061,1192800
2024-03-04,60.7833,65.9567,60.6433,61.61,60.9934,1356000
2024-03-05,60.7667,60.7667,52.4267,55.3867,54.8324,1791300
2024-03-06,57.6433,57.8033,53.8167,54.0,53.4596,1342200
2024-03-07,54.0,55.1,51.1367,51.4233,50.9087,1869000
2024-03-08,50.8467,52.1233,48.9867,50.2733,49.7702,1469400
2024-03-11,50.3333,51.5967,49.0767,50.6633,50.1563,914700
2024-03-12,51.1167,53.1633,50.0067,52.9867,52.4564,1090200
2024-03-13,53.2867,56.8533,53.2867,56.4867,55.9213,1498200
2024-03-14,57.1467,57.3267,52.83,54.1867,53.6444,1150200
2024-03-15,53.5367,54.9933,52.5,53.62,53.0834,4884900
2024-03-18,53.9833,54.7433,50.38,51.22,50.7074,1154100
2024-03-19,50.6667,51.8667,48.5633,48.61,48.1235,1517700
2024-03-20,48.5,48.6,45.4533,46.0567,45.5957,1738200
2024-03-21,46.4233,47.8033,45.95,47.35,46.8761,1329300
2024-03-22,47.35,49.5433,47.3133,48.3367,47.8529,1228200
2024-03-25,48.72,50.22,48.05,48.2533,47.7704,744000
2024-03-26,48.2667,48.78,46.4233,46.7767,46.3085,1003800
2024-03-27,46.9967,47.4133,46.0,46.6933,46.226,928800
2024-03-28,46.49,48.0833,46.1667,47.4333,46.9586,689100
2024-04-01,47.58,47.8367,45.29,45.5367,45.0809,925800
2024-04-02,45.3333,45.4967,44.3433,45.0067,44.5562,663900
2024-04-03,44.9667,45.83,44.6067,44.8933,44.444,617400
2024-04-04,45.3367,46.11,43.7533,43.7933,43.355,813600
2024-04-05,43.8867,47.5933,43.77,46.0733,45.6122,1053600
2024-04-08,46.1533,47.32,45.71,45.8267,45.368,549900
2024-04-09,45.57,46.0867,43.9467,44.0333,43.5927,693600
2024-04-10,43.3333,44.2833,42.56,43.6833,43.2461,679800
2024-04-11,43.72,44.0967,42.6833,43.2967,42.8633,504600
2024-04-12,42.76,43.34,41.8167,41.9833,41.5632,639000
2024-04-15,42.4633,42.7633,41.22,42.17,41.748,856200
2024-04-16,42.0833,42.1667,41.2167,41.7967,41.3784,459300
2024-04-17,41.8933,42.3033,40.6667,41.1467,40.7349,495000
2024-04-18,41.4333,43.1167,41.0133,42.7133,42.2859,778500
2024-04-19,42.4967,44.2133,42.2667,43.4467,43.0119,1089300
2024-04-22,43.9333,46.0833,43.5833,45.3767,44.9225,1068900
2024-04-23,45.7233,48.2667,45.7233,47.7967,47.3183,851100
2024-04-24,49.1333,52.4167,48.8333,49.7433,49.2455,1599900
2024-04-25,48.6867,49.4733,46.76,48.77,48.2819,1054500
2024-04-26,48.94,49.9667,48.1167,49.6067,49.1102,705600
2024-04-29,50.0,51.34,48.6233,49.8867,49.3874,725700
2024-04-30,49.9233,50.1367,47.1267,47.6667,47.1896,1122900
2024-05-01,61.0,61.1633,53.0367,56.67,56.1028,3281100
2024-05-02,57.96,58.0033,51.6133,53.5267,52.991,1469100
2024-05-03,54.0533,54.58,52.1,53.3167,52.7831,951600
2024-05-06,53.7533,56.71,53.7467,53.86,53.321,891000
2024-05-07,53.86,55.08,52.13,52.5867,52.0604,618300
2024-05-08,52.1033,52.98,51.3333,52.7067,52.1792,568200
2024-05-09,52.7167,55.7033,52.2733,55.12,54.5683,1019100
2024-05-10,55.66,58.5333,55.21,56.0767,55.5154,1184400
2024-05-13,56.63,57.0233,53.25,53.4733,52.9382,906600
2024-05-14,54.0133,54.8167,52.1133,53.03,52.5861,728100
2024-05-15,53.4733,56.1767,53.4733,55.7533,55.2867,662100
2024-05-16,56.0067,56.2933,54.1233,54.5467,54.0901,545100
2024-05-17,54.72,55.0367,52.31,52.7067,52.2655,730800
2024-05-20,52.88,55.49,52.88,55.05,54.5892,555600
2024-05-21,55.0,63.6767,55.0,62.65,62.1256,2474400
2024-05-22,62.3567,65.1267,60.5633,64.8967,64.3535,1848000
2024-05-23,65.5733,67.0667,61.34,61.5767,61.0613,1527600
2024-05-24,62.06,67.4533,61.9767,67.09,66.5285,1170900
2024-05-28,68.72,69.7133,65.7367,68.7133,68.1382,1240500
2024-05-29,67.38,68.8467,65.7867,68.2067,67.6358,757500
2024-05-30,68.8,69.71,67.34,68.65,68.0754,828600
2024-05-31,68.4367,68.9967,59.02,59.9533,59.4515,1659600
2024-06-03,60.5833,61.0167,54.6133,57.1133,56.6353,1487700
2024-06-04,55.8933,56.0,51.0067,52.37,51.9317,1609500
2024-06-05,52.8133,54.3733,52.8133,53.6233,53.1745,789300
2024-06-06,53.3333,53.7667,51.48,52.69,52.249,625500
2024-06-07,52.3333,53.1967,51.6667,53.01,52.5663,620400
2024-06-10,53.0,57.5433,52.6567,56.95,56.4733,1395600
2024-06-11,56.29,57.5367,54.6967,54.8733,54.414,920700
2024-06-12,56.01,59.47,55.7533,57.7167,57.2336,896700
2024-06-13,57.8833,59.08,56.0233,58.72,58.2285,580500
2024-06-14,57.85,57.85,54.53,55.1567,54.695,585000
2024-06-17,55.58,56.8233,54.53,56.6033,56.1296,627900
2024-06-18,55.7667,55.7667,51.1367,54.7567,54.2984,1158300
2024-06-20,54.7133,55.36,52.1733,52.32,51.8821,877500
2024-06-21,51.6333,52.0,49.12,51.3167,50.8871,1652100
2024-06-24,51.2833,52.25,50.3567,50.4633,50.041,680400
2024-06-25,50.48,51.11,50.0,50.6333,50.2095,469800
2024-06-26,50.1867,50.7533,48.0233,48.41,48.0048,1037700
2024-06-27,48.3933,49.4667,46.7767,47.3633,46.9669,1530000
2024-06-28,47.7667,48.8767,47.0433,47.8,47.3999,2461800
2024-07-01,48.4467,48.79,46.8333,47.81,47.4098,1070100
2024-07-02,47.4667,48.72,47.2433,48.2467,47.8428,664500
2024-07-03,48.9033,50.6967,48.5633,50.2167,49.7964,687000
2024-07-05,50.6667,51.31,48.2433,48.32,47.9156,876600
2024-07-08,48.4167,50.3533,48.4,48.55,48.1436,762600
2024-07-09,48.6667,48.9367,44.8467,45.7633,45.3803,1066200
2024-07-10,46.1,46.88,45.42,46.7033,46.3124,870000
2024-07-11,47.7033,48.99,47.03,47.5533,47.1553,682200
2024-07-12,47.89,48.9633,46.5033,47.3733,46.9768,818400
2024-07-15,47.81,50.2133,47.0,48.1767,47.7734,891600
2024-07-16,48.1767,48.6667,45.8967,46.9667,46.5736,1283700
2024-07-17,46.3967,46.3967,43.5433,44.1333,43.7639,1839600
2024-07-18,44.5267,44.9567,42.3367,43.4233,43.0599,1204800
2024-07-19,43.6433,45.2033,43.0533,44.6667,44.2928,2108400
2024-07-22,45.52,46.4567,44.2267,45.88,45.496,1757400
2024-07-23,46.2667,47.67,45.98,47.02,46.6264,750900
2024-07-24,46.5967,47.7867,45.1633,45.2033,44.825,1395600
2024-07-25,45.0,45.3433,42.47,44.5867,44.2135,1103400
2024-07-26,45.4933,46.8,44.6833,46.4267,46.0381,715200
2024-07-29,47.4,48.2067,45.0533,45.9033,45.5191,950700
2024-07-30,45.9033,47.1667,44.1367,44.4167,44.0449,1697700
2024-07-31,56.3367,62.8167,54.0033,61.21,60.6977,5279700
2024-08-01,60.56,60.6933,53.02,53.7033,53.2538,2603400
2024-08-02,51.59,51.66,49.11,51.1533,50.7252,1573500
2024-08-05,48.0,53.6167,47.6667,50.71,50.2856,1727400
2024-08-06,51.3433,55.0,50.6667,54.57,54.1133,1074900
2024-08-07,56.11,56.2133,51.7467,51.9133,51.4788,1200600
2024-08-08,53.8167,54.93,51.7833,54.8333,54.3744,587100
2024-08-09,54.6733,54.92,53.3333,54.8733,54.414,592500
2024-08-12,55.0,56.33,53.95,54.4833,54.0273,580200
2024-08-13,54.86,55.2533,53.3333,54.0433,53.591,577500
2024-08-14,53.9533,54.6667,51.39,52.2233,51.871,912600
2024-08-15,53.6667,56.9233,53.3433,55.6667,55.2911,948300
2024-08-16,55.3733,56.1933,54.1867,56.1767,55.7977,711000
2024-08-19,56.3333,58.0,55.3367,57.0133,56.6287,1248600
2024-08-20,59.2967,60.6567,57.3967,57.8167,57.4266,1331400
2024-08-21,57.7333,58.08,55.8233,57.9833,57.5921,1226400
2024-08-22,58.5367,61.6033,58.5367,59.34,58.9397,1278600
2024-08-23,59.3567,64.5267,59.3567,64.26,63.8265,1200900
2024-08-26,65.1267,66.1633,63.9933,64.2767,63.843,1301400
2024-08-27,63.4167,63.62,60.4833,61.0,60.5885,891000
2024-08-28,60.6267,60.8767,54.27,54.89,54.5197,2648700
2024-08-29,55.0867,56.29,54.2,54.2667,53.9006,1192200
2024-08-30,54.1667,55.9067,53.9367,55.8133,55.4368,1163100
2024-09-03,55.04,55.5467,50.4667,50.87,50.5268,1776000
2024-09-04,50.3633,52.2667,50.3267,51.0767,50.7321,1128900
2024-09-05,50.94,51.25,49.1567,49.79,49.4541,1489200
2024-09-06,49.8667,50.6733,48.7933,50.0767,49.7388,1074900
2024-09-09,50.4967,52.12,50.4967,51.8033,51.4538,1106100
2024-09-10,52.0,52.3333,50.94,52.03,51.679,909900
2024-09-11,52.0,54.6467,50.74,54.1733,53.8078,690000
2024-09-12,54.35,56.9733,53.93,55.68,55.3043,782400
2024-09-13,56.2267,57.4767,55.8867,56.1,55.7215,729000
2024-09-16,56.3733,57.2,55.4233,56.7067,56.3241,531000
2024-09-17,57.1433,59.55,57.1433,58.1467,57.7544,943200
2024-09-18,58.6167,62.21,58.6167,60.2433,59.8369,1336500
2024-09-19,62.6533,64.7533,61.17,64.2567,63.8232,1640700
2024-09-20,64.2533,69.3833,64.1267,68.78,68.316,2284500
2024-09-23,69.4867,73.2567,68.8333,72.2333,71.746,2020800
2024-09-24,72.4467,74.41,71.48,72.77,72.2791,1121400
2024-09-25,72.77,74.6533,70.2633,70.5667,70.0906,1202700
2024-09-26,73.1667,73.56,70.8567,71.92,71.4348,589200
2024-09-27,72.2233,74.53,71.0667,73.03,72.5373,2695500
2024-09-30,72.6667,75.3333,72.07,73.9967,73.4974,745500
2024-10-01,73.4233,76.6733,71.4,76.17,75.6561,1331100
2024-10-02,76.75,77.6667,75.18,77.2,76.6792,1206300
2024-10-03,77.2133,80.6667,75.11,77.4067,76.8844,1244100
2024-10-04,79.6767,82.69,79.1567,80.9967,80.4502,1296000
2024-10-07,81.5433,84.6967,80.8333,82.0033,81.4501,1280100
2024-10-08,81.67,84.4867,80.0533,84.0567,83.4896,1201500
2024-10-09,84.9533,86.85,84.17,85.0033,84.4299,1631100
2024-10-10,84.1833,84.6167,78.5167,82.3433,81.7878,1413900
2024-10-11,82.22,87.8333,82.2167,87.6567,87.0653,1136100
2024-10-14,87.6333,89.5067,87.1533,88.8267,88.2274,852300
2024-10-15,88.1967,88.7967,84.21,88.1833,87.5884,1004700
2024-10-16,89.9467,93.92,89.5,93.4633,92.8328,1102200
2024-10-17,94.5233,94.8167,91.3433,91.86,91.2403,1019100
2024-10-18,92.3733,92.6667,90.2867,90.4433,89.8331,667800
2024-10-21,90.3333,93.57,89.3867,93.32,92.6904,894000
2024-10-22,91.9967,92.6667,88.2433,89.03,88.4294,1097400
2024-10-23,87.52,87.8167,81.9967,85.0567,84.4828,1620300
2024-10-24,85.1867,86.3233,82.8433,83.2367,82.6751,876300
2024-10-25,84.3167,85.9833,83.4333,84.77,84.1981,696300
2024-10-28,86.5533,88.92,86.11,86.48,85.8966,792900
2024-10-29,85.1967,87.5267,84.03,87.12,86.5322,1255500
2024-10-30,86.5967,87.0167,82.9533,84.8,84.2279,1229100
2024-10-31,84.3933,85.69,82.68,84.9933,84.4199,807300
2024-11-01,85.8367,93.59,85.8367,93.11,92.4818,1761600
2024-11-04,91.0767,93.9967,88.74,89.6167,89.0121,1443600
2024-11-05,90.57,98.6333,90.57,98.13,97.4679,966300
2024-11-06,106.9067,116.8267,102.4767,115.9233,115.1413,1856400
2024-11-07,115.4733,116.3333,110.8067,112.52,111.7609,1196400
2024-11-08,112.4167,117.5833,111.02,115.4567,114.6777,976500
2024-11-11,120.4833,121.66,116.87,117.4567,116.6642,952800
2024-11-12,115.7767,117.6667,112.6667,114.62,113.8467,1069800
2024-11-13,114.9667,115.4267,105.3567,105.7433,105.0299,2057700
2024-11-14,105.7433,106.58,97.97,100.17,99.4942,1575900
2024-11-15,96.95,99.7067,89.8567,92.8433,92.217,1973400
2024-11-18,96.08,99.04,95.0,96.3367,95.6867,1527600
2024-11-19,96.8433,104.2167,96.3367,104.1333,103.4308,2685900
2024-11-20,89.6033,92.4233,84.0667,87.2733,86.7581,4024500
2024-11-21,90.1333,98.51,86.3333,95.9967,95.43,2313900
2024-11-22,97.85,99.9667,95.6767,96.6267,96.0563,1314300
2024-11-25,97.6667,97.6667,90.3333,93.5333,92.9812,2082300
2024-11-26,92.9967,95.9767,88.9767,90.5433,90.0088,1394700
2024-11-27,91.08,92.6067,86.0033,87.45,86.9338,1679700
2024-11-29,88.0867,90.4533,87.7667,89.1267,88.6005,492000
2024-12-02,89.1667,92.98,87.9967,91.6,91.0592,1317300
2024-12-03,91.3333,94.8533,88.6667,89.6433,89.1141,1044900
2024-12-04,91.3633,98.3333,91.3333,97.2533,96.6792,1859100
2024-12-05,97.17,100.6667,94.6367,95.08,94.5187,1143000
2024-12-06,97.1767,97.9467,92.5,93.4567,92.905,859200
2024-12-09,93.4167,93.4333,84.7667,85.9233,85.4161,1628100
2024-12-10,85.6667,86.5267,82.15,83.27,82.7784,1513800
2024-12-11,86.2967,91.8133,84.6667,89.99,89.4588,1950000
2024-12-12,89.0,89.7667,84.76,85.2533,84.7501,1074600
2024-12-13,86.2033,87.3333,82.3333,84.0,83.5041,1166100
2024-12-16,84.1667,85.89,83.8767,84.19,83.693,768300
2024-12-17,82.8833,83.2033,78.7833,80.4167,79.9419,996600
2024-12-18,81.01,82.7733,75.81,77.3233,76.8669,2061600
2024-12-19,78.3833,82.0067,78.1567,81.1533,80.6743,1467300
2024-12-20,78.85,85.6833,78.3467,81.9333,81.4497,3021000
2024-12-23,82.23,82.6567,77.2167,78.06,77.5992,1227600
2024-12-24,77.9533,78.5133,76.39,77.5333,77.0756,616500
2024-12-26,77.5333,78.32,75.5367,77.0933,76.6382,1736100
2024-12-27,76.1433,77.23,74.1067,77.0233,76.5686,953100
2024-12-30,75.1333,76.8133,73.8033,75.6867,75.2399,1161600
2024-12-31,76.31,76.31,73.8733,73.8833,73.4472,851700
2025-01-02,75.0,78.0667,74.5533,76.25,75.7999,1926600
2025-01-03,77.4067,82.0933,77.0533,81.9667,81.4828,1252800
2025-01-06,84.6867,87.4133,82.8467,83.5433,83.0502,972900
2025-01-07,84.3667,85.31,77.1833,79.04,78.5734,891600
2025-01-08,77.5,78.0433,74.4167,76.46,76.0086,2034000
2025-01-10,75.6133,77.4867,73.6233,77.0533,76.5985,1104000
2025-01-13,73.67,76.5733,72.6667,76.4833,76.0318,1392300
2025-01-14,77.7833,81.0533,77.49,79.32,78.8518,829800
2025-01-15,83.6633,84.11,81.5033,83.08,82.5896,1094700
2025-01-16,83.3933,86.1433,83.32,85.7433,85.2372,663900
2025-01-17,87.5067,87.5067,85.0067,87.1133,86.5991,959100
2025-01-21,89.66,96.5367,87.5133,96.3867,95.8177,1617000
2025-01-22,98.8167,109.84,98.8133,103.7933,103.1806,2211900
2025-01-23,102.6667,102.6667,96.0,96.8133,96.2418,1269900
2025-01-24,97.5367,99.4567,94.32,96.9333,96.3611,1810500
2025-01-27,87.3333,88.0,77.6667,81.28,80.8002,2995500
2025-01-28,82.8567,83.5667,75.8333,79.4233,78.9545,1649700
2025-01-29,79.55,81.78,77.3367,80.1667,79.6934,1330500
2025-01-30,81.6667,81.9167,74.3667,78.79,78.3249,1795200
2025-01-31,79.5833,80.8267,76.93,79.9267,79.4548,1906800
2025-02-03,75.05,79.0,75.05,78.6,78.136,1313400
2025-02-04,78.6667,79.07,75.8933,77.7133,77.2546,1306200
2025-02-05,79.4967,83.6133,78.9333,81.6167,81.1348,1596600
2025-02-06,83.2067,84.4767,81.3733,81.6133,81.1316,1789500
2025-02-07,76.6833,81.9667,72.8933,76.2767,75.8264,2622900
2025-02-10,76.7767,79.6667,73.2967,73.2967,72.864,1877100
2025-02-11,72.3867,72.66,69.6433,70.0833,69.6696,1765800
2025-02-12,68.51,70.32,68.0,69.81,69.3979,1935000
2025-02-13,70.7233,73.05,68.59,71.4167,70.9951,1499700
2025-02-14,72.0,72.5533,69.92,71.1267,70.7068,766200
2025-02-18,72.0,74.3267,68.6367,69.5233,69.1129,1509900
2025-02-19,68.5767,69.36,63.9867,64.7833,64.4838,1817100
2025-02-20,64.1667,64.8333,61.4733,62.89,62.5992,1895100
2025-02-21,63.9933,64.0,58.39,59.0833,58.8101,2006100
2025-02-24,59.21,59.3933,55.7733,56.53,56.2686,1803300
2025-02-25,55.4333,57.6667,54.1367,56.82,56.5572,1854300
2025-02-26,58.5233,60.8133,57.72,57.8633,57.5958,2721900
2025-02-27,59.21,59.64,55.16,55.16,54.9049,1227900
2025-02-28,54.86,56.6467,53.0,56.57,56.3084,1592400
2025-03-03,56.97,57.2633,51.2567,52.0333,51.7927,1596000
2025-03-04,50.33,53.76,48.6733,51.8533,51.6135,2299800
2025-03-05,52.4867,53.9333,51.05,53.5867,53.3389,1945500
2025-03-06,51.6033,52.9833,50.1533,52.4533,52.2108,1476900
2025-03-07,52.4533,54.53,50.8,54.2867,54.0356,1401300
2025-03-10,52.1967,54.1433,50.8767,52.7333,52.4895,1246800
2025-03-11,53.6933,55.84,52.22,54.4967,54.2447,1277400
2025-03-12,56.91,58.0967,54.21,55.7433,55.4856,1615800
2025-03-13,55.7667,56.6333,53.5333,55.5567,55.2998,1181100
2025-03-14,57.0833,58.0667,56.25,57.7867,57.5194,882900
2025-03-17,57.4967,60.8233,57.4967,59.8933,59.6164,1157400
2025-03-18,59.0,61.4867,57.4167,60.5,60.2202,1461900
2025-03-19,61.11,61.6667,58.68,60.5033,60.2235,1292400
2025-03-20,60.29,61.9467,59.9767,60.4533,60.1738,677700
2025-03-21,58.9133,61.87,58.39,61.4067,61.1227,1757400
2025-03-24,63.08,65.8333,61.75,65.4233,65.1208,1041300
2025-03-25,65.3233,67.0,64.4367,65.37,65.0677,1012800
2025-03-26,65.2333,65.2333,61.6,61.78,61.4943,846900
2025-03-27,60.9067,62.0367,59.8333,60.3067,60.0278,782100
2025-03-28,59.5,60.3333,57.88,58.9067,58.6343,1191900
2025-03-31,56.31,57.5,53.7433,56.7767,56.5141,1180200
2025-04-01,56.85,58.7133,56.07,58.63,58.3589,604500
2025-04-02,56.71,61.6767,56.39,60.4333,60.1539,1131600
2025-04-03,55.1667,56.9433,54.3867,56.6233,56.3615,1048800
2025-04-04,53.46,55.7267,50.9633,54.8167,54.5632,1693200
2025-04-07,51.5333,60.8333,51.3533,56.27,56.0098,2022900
2025-04-08,59.8133,59.99,53.6667,54.59,54.3376,1110000
2025-04-09,54.4133,61.9067,53.9833,61.0567,60.7743,2240400
2025-04-10,58.45,60.4267,56.1167,57.6533,57.3867,1183200
2025-04-11,58.1033,58.3333,55.5967,57.74,57.473,889800
2025-04-14,59.6667,60.4167,55.87,57.3233,57.0583,675600
2025-04-15,57.2033,58.55,56.71,57.77,57.5029,658500
2025-04-16,56.32,56.88,54.0933,55.65,55.3927,921900
2025-04-17,55.9167,56.4533,54.64,55.7467,55.4889,620100
2025-04-21,55.2067,55.3333,51.49,53.1267,52.881,798000
2025-04-22,53.6767,56.1867,53.6767,55.2833,55.0277,623400
2025-04-23,58.5767,61.5,57.7733,58.2233,57.9541,948900
2025-04-24,58.4633,61.5033,58.4633,61.4467,61.1625,873600
2025-04-25,61.3833,62.3733,60.34,62.2,61.9124,659700
2025-04-28,62.6467,63.6667,60.5,61.7733,61.4877,507900
2025-04-29,61.3867,62.2833,60.1267,61.95,61.6635,456900
2025-04-30,59.91,61.1233,59.0833,61.0367,60.7544,621900
2025-05-01,62.1833,65.1433,61.98,63.71,63.4154,973800
2025-05-02,64.67,65.8433,63.8,64.41,64.1122,944400
2025-05-05,63.8033,64.52,62.68,63.9867,63.6908,644400
2025-05-06,63.0,64.1033,62.07,63.39,63.0969,914100
2025-05-07,62.23,62.8833,57.38,58.2933,58.0238,2069700
2025-05-08,60.0,60.4,58.0333,59.32,59.0457,1041600
2025-05-09,59.46,60.2467,56.9967,58.2567,57.9873,1267500
2025-05-12,61.6333,63.92,61.2233,62.6333,62.3437,1401000
2025-05-13,62.5867,65.94,62.5867,64.96,64.6596,850500
2025-05-14,65.5,66.0633,60.5967,61.5867,61.3019,1308000
2025-05-15,61.0733,61.3333,58.9667,59.2533,58.9793,1316700
2025-05-16,59.3333,61.8567,58.79,61.0567,60.7743,887100
2025-05-19,59.35,60.8733,59.0367,60.8533,60.5719,525000
2025-05-20,60.8067,61.09,60.11,60.4433,60.1638,405900
2025-05-21,59.9867,60.4167,57.75,58.1667,57.9834,648000
2025-05-22,57.7367,58.67,56.1267,57.7567,57.5747,783000
2025-05-23,56.5767,58.6067,56.57,58.2333,58.0498,736500
2025-05-27,59.4133,61.5,57.8333,60.4133,60.223,1385400
2025-05-28,60.69,60.7,57.6267,57.8833,57.7009,735900
2025-05-29,58.3633,58.3633,56.5233,56.8,56.621,617700
2025-05-30,56.18,56.9367,54.8767,56.53,56.3519,858900
2025-06-02,56.3333,57.8067,54.7533,57.5533,57.372,1096800
2025-06-03,57.5667,59.2167,56.8667,57.8667,57.6843,912000
2025-06-04,57.93,59.2433,57.1867,59.1433,58.957,681000
2025-06-05,59.3333,61.1033,58.49,60.8667,60.6749,705600
2025-06-06,61.6667,63.7333,61.1033,63.6633,63.4627,655200
2025-06-09,64.0,65.2533,62.8467,63.4133,63.2135,820500
2025-06-10,64.0133,64.2267,61.0167,61.92,61.7249,529500
2025-06-11,62.4833,65.2,62.1667,64.2667,64.0642,774300
2025-06-12,62.9933,65.0,62.9933,64.4433,64.2403,377700
2025-06-13,62.9633,64.06,62.0233,62.6167,62.4194,711600
2025-06-16,63.99,66.6667,63.56,65.0467,64.8417,886200
2025-06-17,64.3333,65.4533,59.8267,60.2967,60.1067,1723800
2025-06-18,60.22,60.91,59.02,59.6433,59.4554,824100
2025-06-20,60.0,60.0,58.1833,58.4733,58.2891,1186800
2025-06-23,58.27,60.23,56.7033,60.1733,59.9837,595200
2025-06-24,61.2067,63.3033,60.6833,62.8233,62.6254,552900
2025-06-25,63.1667,64.2033,62.0733,63.42,63.2202,681000
2025-06-26,64.0533,66.7467,63.58,66.4567,66.2473,875700
2025-06-27,68.3333,72.5633,67.4367,70.9733,70.7497,1901700
2025-06-30,72.4,73.81,69.8167,70.15,69.929,1076700
2025-07-01,69.0667,71.0333,67.82,70.0133,69.7927,863700
2025-07-02,69.8333,73.0067,69.3433,72.8433,72.6138,843000
2025-07-03,72.8433,74.8,71.26,72.5533,72.3247,687900
2025-07-07,71.4433,72.62,70.3533,71.9633,71.7366,615900
2025-07-08,72.6267,73.3333,70.5533,72.1367,71.9094,568800
2025-07-09,72.9033,73.3667,70.4333,70.6367,70.4141,474900
2025-07-10,70.8133,71.78,68.6867,70.9567,70.7331,453300
2025-07-11,70.1,71.2433,69.9233,70.8733,70.65,311700
2025-07-14,70.56,70.56,68.3333,70.1867,69.9655,690000
2025-07-15,71.0,71.64,69.54,70.3667,70.1449,478800
2025-07-16,71.3933,73.6667,70.26,72.5333,72.3048,790800
2025-07-17,72.9467,79.2467,72.75,78.8367,78.5883,1491900
2025-07-18,78.8367,79.0667,74.9167,76.0833,75.8436,1728600
2025-07-21,76.0833,76.17,72.66,73.6367,73.4046,981000
2025-07-22,72.6667,73.8167,70.7967,73.67,73.4379,773100
2025-07-23,76.0,78.44,75.5233,78.3167,78.0699,791700
2025-07-24,78.56,81.2,78.37,80.0533,79.8011,984000
2025-07-25,81.1033,84.0033,81.0067,82.79,82.5291,932700
2025-07-28,84.0,84.0,80.4,80.8033,80.5487,627300
2025-07-29,80.8067,81.73,77.3567,77.7733,77.5283,696300
2025-07-30,78.1,79.18,75.73,76.8767,76.6344,541500
2025-07-31,77.44,81.1933,77.0,79.0333,78.7843,741900
2025-08-01,75.05,76.1167,72.0467,75.8867,75.6475,1194600
2025-08-04,75.8867,76.74,74.0333,76.7233,76.4816,733500
2025-08-05,76.9633,79.1567,75.6867,78.7467,78.4985,1424400
2025-08-06,69.0,77.9867,69.0,75.9467,75.7074,2361300
2025-08-07,76.6667,79.6467,75.64,77.8033,77.5582,754200
2025-08-08,78.53,81.92,77.73,81.2833,81.0272,891300
2025-08-11,81.66,88.79,81.3267,88.2767,87.9985,1411500
2025-08-12,88.4167,91.26,86.0433,90.06,89.7762,920100
2025-08-13,91.2233,91.5,83.3333,86.57,86.2972,1246800
2025-08-14,83.46,85.9033,82.2233,85.1667,84.8983,586200
2025-08-15,85.1067,85.3333,82.96,84.88,84.6125,683400
2025-08-18,84.8667,87.0433,83.3433,86.57,86.2972,487200
2025-08-19,86.3767,86.4,84.32,84.7,84.4331,482700
2025-08-20,83.45,83.7067,78.5,82.1733,82.0009,1117200
2025-08-21,82.37,84.5867,81.2667,83.6433,83.4678,654300
2025-08-22,83.9333,91.9533,83.02,87.65,87.4661,1269000
2025-08-25,87.4233,89.3333,85.96,86.12,85.9393,423900
2025-08-26,86.0867,91.4733,86.0033,91.0767,90.8855,727800
2025-08-27,91.0767,92.7,90.3333,91.4567,91.2647,701100
2025-08-28,92.86,94.6667,90.2833,90.4233,90.2336,761700
2025-08-29,90.4633,90.9333,87.3333,88.72,88.5338,454800
2025-09-02,86.3633,88.3633,83.85,87.9233,87.7388,501900
2025-09-03,88.27,89.53,84.6367,85.7167,85.5368,608400
2025-09-04,86.2033,90.62,85.6667,90.2433,90.054,820500
2025-09-05,91.01,91.5067,86.3567,89.4133,89.2257,410100
2025-09-08,89.31,92.0,89.2633,90.8,90.6095,825300
2025-09-09,91.29,92.7533,89.8967,92.2967,92.103,569700
2025-09-10,92.9233,96.6667,92.1433,92.33,92.1363,713700
2025-09-11,93.0667,98.74,93.0667,97.4667,97.2621,717000
2025-09-12,97.2667,98.6933,95.7467,95.8933,95.6921,446100
2025-09-15,97.6633,101.2933,97.3067,100.68,100.4687,562800
2025-09-16,100.4567,100.4567,96.5367,99.41,99.2014,948300
2025-09-17,99.57,99.7367,95.9733,97.1067,96.9029,491100
2025-09-18,98.0933,102.8533,97.8333,101.4333,101.2205,537300
2025-09-19,100.7033,102.6267,98.3333,99.1033,98.8954,811200
2025-09-22,98.2633,101.1267,97.0,100.9667,100.7548,463800
2025-09-23,101.18,102.0,95.3833,97.4067,97.2023,664800
2025-09-24,98.5333,100.6667,97.39,97.88,97.6746,508800
2025-09-25,94.5733,95.8,92.2967,94.5767,94.3782,524400
2025-09-26,95.0,97.3167,93.3567,96.9933,96.7898,361800
2025-09-29,98.6467,102.18,97.8367,101.0067,100.7947,802800
2025-09-30,100.5533,101.8633,98.9867,101.6033,101.3901,585000
2025-10-01,100.0033,106.6667,99.3333,105.74,105.5181,751800
2025-10-02,106.9533,107.3333,102.0667,102.5067,102.2916,630600
2025-10-03,102.49,103.3333,99.71,101.3533,101.1406,672900
2025-10-06,103.3333,104.89,101.6567,103.9,103.682,372300
2025-10-07,104.85,108.7967,103.0,104.4233,104.2042,627000
2025-10-08,104.7333,106.9,103.18,105.1333,104.9127,884100
2025-10-09,105.0533,105.0533,99.6033,103.1767,102.9602,594300
2025-10-10,104.9433,107.05,100.09,100.3533,100.1427,594300
2025-10-13,103.26,106.0967,102.97,105.3333,105.1123,499500
2025-10-14,102.52,108.8933,98.99,105.7333,105.5115,770400
2025-10-15,105.64,111.6533,105.4967,109.92,109.6893,996600
2025-10-16,111.5533,113.92,109.4833,112.7733,112.5367,1281000
2025-10-17,111.03,114.12,105.44,110.2367,110.0053,1366500
2025-10-20,113.96,118.4367,112.17,116.4,116.1557,1028400
2025-10-21,115.5267,117.0,113.8167,116.1067,115.863,592200
2025-10-22,116.6667,118.3333,107.3067,110.9567,110.7238,907500
2025-10-23,111.9233,116.03,111.92,113.88,113.641,401400
2025-10-24,117.1867,122.4933,116.72,121.6633,121.408,932400
2025-10-27,123.0133,125.57,121.6667,124.7133,124.4516,812100
2025-10-28,125.1367,128.9867,125.1233,128.0867,127.8179,675300
2025-10-29,128.5267,137.6667,127.3333,136.1233,135.8377,1007100
2025-10-30,133.3333,136.8333,125.1133,125.8967,125.6325,814800
2025-10-31,128.1933,129.6867,123.58,127.7967,127.5285,450600
2025-11-03,129.4933,130.9133,124.94,130.2333,129.96,616200
2025-11-04,124.7233,131.3333,124.0467,126.71,126.4441,560700
2025-11-05,126.75,134.3367,126.2133,131.9233,131.6465,420300
2025-11-06,131.84,131.96,124.1667,125.0,124.7377,743400
2025-11-07,120.5767,121.9467,114.4333,121.7867,121.5311,876300
2025-11-10,126.0,128.3333,120.5267,124.6167,124.3552,517800
2025-11-11,122.6733,123.2667,118.3333,121.0733,120.8193,387600
2025-11-12,121.2567,123.3167,115.51,118.7433,118.4941,568500
2025-11-13,116.8167,116.8167,107.7267,109.4,109.1704,992100
2025-11-14,104.27,111.3667,102.25,109.8867,109.6561,688800
2025-11-17,109.8867,112.0,103.1133,105.9367,105.7144,696300
2025-11-18,104.2933,109.3467,102.7,107.22,106.995,901200
2025-11-19,114.1333,114.1333,92.67,95.0967,94.9762,2529900
2025-11-20,98.47,104.3833,97.4367,98.1167,97.9924,1515600
2025-11-21,97.6333,98.6467,92.59,94.0167,93.8976,1324200
2025-11-24,95.0,101.0,95.0,100.0267,99.9,671100
2025-11-25,101.4267,106.04,98.76,104.1833,104.0514,693300
2025-11-26,104.3333,108.81,104.3333,107.2633,107.1275,588300
2025-11-28,108.7567,108.7567,106.3933,107.74,107.6036,195900
2025-12-01,104.0667,107.6867,102.3333,106.53,106.3951,501000
2025-12-02,107.5067,110.5933,105.2333,107.5,107.3639,818100
2025-12-03,107.1433,109.0133,103.0833,107.8267,107.6901,516600
2025-12-04,107.8267,117.0533,106.6667,112.31,112.1678,620700
2025-12-05,112.2767,114.7933,108.8133,114.0433,113.8989,443700
2025-12-08,116.2267,116.6633,112.1133,114.2867,114.1419,689400
2025-12-09,114.2867,117.0367,112.6767,115.02,114.8743,569700
2025-12-10,113.5233,121.3133,112.3033,119.9467,119.7948,592200
2025-12-11,119.8833,123.5733,116.94,120.9133,120.7602,517800
2025-12-12,120.6467,120.6467,111.0333,112.3567,112.2144,655500
2025-12-15,113.4267,113.6367,108.98,109.3133,109.1749,655500
2025-12-16,107.9833,111.9967,106.6967,110.8833,110.7429,564900
2025-12-17,111.6667,111.7033,103.6667,105.77,105.6361,740400
2025-12-18,108.4933,110.8667,107.1433,109.5867,109.4479,361500
2025-12-19,109.9967,112.9867,109.71,110.9667,110.8261,595200
2025-12-22,111.79,114.07,111.45,112.1767,112.0346,280200
2025-12-23,110.2933,113.0867,110.04,112.88,112.737,301200
2025-12-24,113.0833,113.3333,111.3333,112.0567,111.9148,131700
2025-12-26,111.9133,113.92,110.37,113.62,113.4761,305100
2025-12-29,112.7133,113.7967,111.02,111.96,111.8182,435900
2025-12-30,112.63,112.63,109.0,109.1567,109.0184,283500
2025-12-31,108.7667,109.79,106.0133,106.26,106.1254,515400
2026-01-02,108.0,118.1433,107.3333,117.5067,117.3579,755100
2026-01-05,119.95,123.4633,117.5333,120.4633,120.3108,656100
2026-01-06,120.38,120.75,112.3033,120.0,119.848,878700
2026-01-07,120.2633,121.5167,116.2967,118.6167,118.4665,644400
2026-01-08,118.5533,120.3333,116.4967,119.94,119.7881,601800
2026-01-09,122.4333,124.6667,119.14,121.83,121.6757,636900
2026-01-12,121.3167,132.3333,120.71,128.8467,128.6835,1272900
2026-01-13,130.5367,134.0067,129.0033,133.04,132.8715,1023600
2026-01-14,130.6067,134.0,129.1667,133.7567,133.5873,939600
2026-01-15,135.4733,138.2667,131.9667,135.1833,135.0121,908100
2026-01-16,138.11,148.7033,138.11,139.9933,139.816,1411200
2026-01-20,136.0,144.6667,135.0,142.7633,142.5826,795300
2026-01-21,144.22,144.9033,137.1833,140.6167,140.4386,518700
2026-01-22,143.5767,144.6667,137.4333,142.29,142.1098,780600
2026-01-23,142.5567,144.6667,136.8367,139.3167,139.1402,1200000
2026-01-26,138.44,144.37,137.89,141.1467,140.9679,789000
2026-01-27,142.6067,148.3333,141.15,147.4267,147.24,771900
2026-01-28,148.66,151.95,146.1667,147.8133,147.6262,642900
2026-01-29,150.77,154.07,145.7867,152.31,152.1171,460800
2026-01-30,150.6667,155.95,146.3133,147.8633,147.6761,857400
2026-02-02,146.3567,157.2633,146.1667,146.7867,146.6008,1368300
2026-02-03,147.99,155.9233,146.87,151.08,150.8887,1076100
2026-02-04,155.2767,189.9333,152.6667,175.7667,175.5441,2280900
2026-02-05,170.6667,181.06,167.4067,179.6033,179.3759,1237200
2026-02-06,183.3333,196.2833,181.9,194.74,194.4934,1566600
2026-02-09,196.2667,197.92,181.9167,187.2967,187.0595,1399200
2026-02-10,185.95,192.1,183.3333,190.0867,189.8459,1174800
2026-02-11,195.47,202.0,186.36,197.45,197.2,1035000
2026-02-12,198.1333,204.1667,194.6667,197.6333,197.3831,784800
2026-02-13,197.1733,201.3267,192.2033,195.0233,194.7764,515100
2026-02-17,191.71,193.9833,185.5,187.2133,186.9763,516900
2026-02-18,186.8733,190.6667,179.0,180.9933,180.8511,756900
2026-02-19,180.4067,185.0,178.6667,178.7867,178.6461,670800
2026-02-20,178.3967,186.52,174.91,182.2733,182.1301,633600
2026-02-23,182.27,185.0,177.46,181.3833,181.2408,577200
2026-02-24,179.9433,188.8333,178.3267,186.3867,186.2402,783600
2026-02-25,188.3333,188.6667,182.0,183.0,182.8562,628500
2026-02-26,183.27,185.6667,170.24,176.96,176.8209,815700
2026-02-27,172.6467,176.6633,169.0,174.5333,174.3962,579600
2026-03-02,171.2567,180.4467,168.6667,177.5,177.3605,407100
2026-03-03,168.45,173.33,165.72,170.3733,170.2394,591300
2026-03-04,171.8333,175.0,166.0,170.9633,170.8289,769200
2026-03-05,166.3333,172.6667,165.3467,167.67,167.5382,835200
2026-03-06,161.59,165.4767,158.6667,161.2167,161.0899,571800
2026-03-09,157.5633,174.07,157.5033,173.3633,173.2271,814500
2026-03-10,173.91,181.6667,173.91,176.5133,176.3746,576300
2026-03-11,174.6633,180.9567,171.3367,171.7333,171.5984,636600
2026-03-12,168.2667,172.67,163.0,171.1867,171.0521,885900
2026-03-13,172.8133,176.8933,164.7867,167.57,167.4383,541500
2026-03-16,171.1633,176.6533,169.2267,170.6067,170.4726,402900
2026-03-17,171.3333,175.9967,170.0067,174.04,173.9032,402000
2026-03-18,175.44,179.04,165.8867,167.41,167.2784,791700
2026-03-19,164.25,177.8,163.3333,175.1333,174.9957,760500
2026-03-20,170.0,174.69,168.6667,172.0,171.8648,1087500
2026-03-23,176.4067,186.6667,176.4067,180.8633,180.7212,657600
2026-03-24,178.64,187.6667,177.0967,186.82,186.6732,759300
2026-03-25,191.6667,196.6667,189.6967,194.8533,194.7002,785400
2026-03-26,191.59,191.59,173.71,174.7967,174.6593,757800
2026-03-27,174.7967,181.64,174.7967,179.3467,179.2057,629700
2026-03-30,180.27,180.8067,165.2567,167.52,167.3883,832500
2026-03-31,169.62,180.7033,168.8933,180.36,180.2182,471300
2026-04-01,185.9467,190.53,183.0,184.6833,184.5382,455700
2026-04-02,176.47,188.0467,175.0,182.6033,182.4598,339600
2026-04-06,182.1,188.44,178.05,186.72,186.5732,397000
2026-04-07,184.66,202.49,183.2,201.7,201.5414,856900
2026-04-08,214.61,221.66,208.55,218.07,217.8986,1065100
2026-04-09,217.92,237.79,217.51,230.81,230.6286,822300
2026-04-10,230.81,235.31,227.0,230.94,230.7585,708800
2026-04-13,229.19,232.62,225.1,228.99,228.81,449400
2026-04-14,232.42,236.33,225.1,234.42,234.2357,619900
2026-04-15,231.38,234.0,224.21,229.73,229.5494,471900
2026-04-16,229.77,234.07,224.0,232.81,232.627,452600
2026-04-17,237.0,246.69,230.71,241.01,240.8205,928900
2026-04-20,241.01,245.99,235.43,241.65,241.4601,355500
2026-04-21,243.82,250.64,240.02,240.97,240.7806,634300
2026-04-22,246.62,250.09,237.5,242.77,242.5792,507600
2026-04-23,245.57,257.18,245.57,252.18,251.9818,522900
2026-04-24,256.78,258.42,246.0,252.76,252.5613,418900
2026-04-27,261.88,263.86,250.1,260.52,260.3152,732200
2026-04-28,253.95,259.13,246.14,255.56,255.3591,655100
2026-04-29,264.14,264.65,249.04,253.49,253.2908,492100
2026-04-30,259.33,279.56,258.28,277.27,277.0521,773800
2026-05-01,277.5,283.33,272.1,275.33,275.1136,748400
2026-05-04,281.04,290.4,267.27,269.95,269.7378,1465400
2026-05-05,278.19,312.0,274.57,294.69,294.4583,1355600
2026-05-06,308.0,325.94,301.51,320.3,320.0482,1093500
2026-05-07,319.77,321.3,300.14,305.93,305.6895,897100
2026-05-08,312.0,313.2,300.16,309.39,309.1468,495200
2026-05-11,311.5,328.0,311.5,322.05,321.7968,497400
2026-05-12,314.02,320.0,294.5,308.05,307.8079,878300
2026-05-13,315.0,317.9,296.94,300.84,300.6035,503700
2026-05-14,301.0,301.85,289.37,296.98,296.7466,599700
2026-05-15,291.61,293.84,277.02,292.65,292.42,1260100
2026-05-18,288.89,290.25,259.0,266.8,266.5903,909200
2026-05-19,260.41,266.81,250.31,261.58,261.3744,621400
2026-05-20,268.19,273.69,262.89,271.05,270.9301,398100
2026-05-21,271.8,277.78,264.54,270.75,270.6303,515200
2026-05-22,274.81,280.44,267.63,279.22,279.0966,409600
2026-05-26,288.59,292.99,281.65,291.97,291.8409,487400
2026-05-27,294.78,297.06,280.5,295.94,295.8091,424000
2026-05-28,293.21,293.99,281.01,288.9,288.7722,447300
2026-05-29,287.23,293.0,273.68,284.42,284.2943,720500
2026-06-01,280.64,291.0,271.0,288.12,287.9926,513200
2026-06-02,292.44,300.0,279.0,299.07,298.9378,496100
2026-06-03,299.5,306.88,283.19,299.73,299.5975,810300
2026-06-04,290.01,306.86,287.07,300.06,299.9273,417600
2026-06-05,291.25,298.2,281.88,284.87,284.744,473000
2026-06-08,297.22,297.99,286.0,293.6,293.4702,421600
2026-06-09,298.98,309.75,266.04,283.51,283.3846,830900
2026-06-10,280.99,293.02,259.57,262.34,262.224,726900
2026-06-11,272.64,293.27,268.12,290.5,290.3716,679100
2026-06-12,295.0,304.16,291.01,294.75,294.6197,500900
2026-06-15,308.29,311.8,294.54,303.53,303.3958,472100
2026-06-16,304.0,310.77,291.42,292.7,292.5706,507400
2026-06-17,297.54,306.0,290.72,294.03,293.9,541100
2026-06-18,299.66,303.38,283.88,297.2,297.0686,1166500
2026-06-22,303.43,313.33,297.82,307.8,307.6639,856300
2026-06-23,287.55,302.43,280.0,291.5,291.3711,1081900
2026-06-24,291.13,302.15,287.96,294.49,294.3598,368700
2026-06-25,302.68,316.99,300.38,309.2,309.0633,774000
2026-06-26,296.12,299.51,275.87,279.77,279.6463,3521800
2026-06-29,280.01,290.88,273.84,281.09,280.9657,734400
2026-06-30,284.75,288.57,279.0,286.36,286.2334,598900
2026-07-01,275.89,276.44,262.0,264.86,264.7429,817500
2026-07-02,264.86,269.42,243.35,246.33,246.2211,936600
2026-07-06,249.37,261.67,245.44,248.05,247.9403,588600
2026-07-07,237.47,238.0,226.01,234.05,233.9465,931200
2026-07-08,230.0,239.05,228.53,231.85,231.7475,671400
2026-07-09,241.55,244.0,235.27,236.58,236.4754,470000
2026-07-10,233.61,234.98,229.44,232.19,232.0873,606700
2026-07-13,225.94,232.49,222.93,225.66,225.5602,1072100
2026-07-14,234.3,236.99,230.21,234.25,234.1464,747700
2026-07-15,242.18,248.33,233.65,247.01,246.9008,874100
2026-07-16,240.84,248.05,233.65,235.79,235.6857,894900
2026-07-17,228.14,240.5,223.51,232.79,232.6871,1547800
2026-07-20,234.99,241.42,228.0,228.28,228.1791,584700
2026-07-21,238.61,246.51,232.98,244.39,244.2819,594500
2026-07-22,237.52,245.84,236.24,240.68,240.5736,407800
2026-07-23,239.07,247.88,239.07,242.47,242.3628,546700
2026-07-24,241.5,241.5,226.0,232.21,232.1073,592800
2026-07-27,232.56,235.99,213.4,219.23,219.1331,627700
2026-07-28,207.74,210.13,196.92,201.0,200.9111,1137900
2026-07-29,197.01,200.86,184.61,186.39,186.3076,1284800
2026-07-30,200.34,210.59,195.03,209.3,209.2075,823800
2026-07-31,218.51,223.34,208.08,208.68,208.5877,692500
2026-08-03,205.01,220.11,204.43,219.72,219.6228,1473300
2026-08-04,191.71,215.49,188.1,211.38,211.2865,1573900
2026-08-05,206.8,214.88,205.9,208.33,208.2379,784800
2026-08-06,207.93,216.0,204.12,207.36,207.2683,575800
2026-08-07,214.14,218.74,205.27,211.56,211.4665,647500
2026-08-10,214.85,216.45,205.96,207.22,207.1284,681300
2026-08-11,208.88,214.64,207.67,208.38,208.2879,376200
2026-08-12,217.0,219.27,207.11,207.98,207.888,335500
2026-08-13,207.01,210.39,203.97,204.04,203.9498,359400
2026-08-14,203.87,214.71,202.28,213.48,213.3856,460800
2026-08-17,215.95,219.2,214.08,218.73,218.6333,620200
2026-08-18,210.0,211.52,200.17,203.55,203.46,597600
2026-08-19,202.68,203.56,193.52,198.21,198.21,627800
2026-08-20,198.5,201.75,195.31,197.4,197.4,439200
2026-08-21,201.09,201.35,196.0,197.67,197.67,430800
2026-08-24,194.47,195.52,186.16,188.98,188.98,405100
2026-08-25,196.0,196.01,188.55,190.19,190.19,449400
2026-08-26,189.82,194.17,189.82,191.75,191.75,427100
2026-08-27,197.06,199.29,191.93,192.55,192.55,381800
2026-08-28,192.43,193.5,182.51,182.71,182.71,537000
2026-08-31,182.71,183.86,178.85,179.73,179.73,652000
2026-09-01,177.12,180.65,171.03,172.14,172.14,748400
2026-09-02,172.35,174.13,168.89,170.51,170.51,558200
2026-09-03,170.62,176.87,168.01,175.16,175.16,629700
2026-09-04,175.51,182.58,175.51,181.17,181.17,475200
2026-09-08,183.08,184.52,178.79,182.49,182.49,776200
2026-09-09,180.51,185.0,179.02,180.26,180.26,500300
2026-09-10,176.5,180.2,174.5,176.89,176.89,411100
2026-09-11,179.5,183.44,178.55,182.5,182.5,371300
2026-09-14,170.18,173.84,167.31,170.7,170.7,461200
2026-09-15,174.0,177.45,169.22,171.37,171.37,992900
2026-09-16,175.23,181.08,173.1,177.71,177.71,569000
2026-09-17,187.0,187.75,176.34,176.75,176.75,504700
2026-09-18,177.58,184.89,177.0,183.96,183.96,904300
2026-09-21,189.41,189.48,184.18,187.56,187.56,449900
2026-09-22,187.0,193.76,186.0,191.9,191.9,538333
