date,open,high,low,close,adj_close,volume
2015-01-02,8.3317,8.365,8.2433,8.2933,6.8916,7078800
2015-01-05,8.255,8.2567,8.1333,8.1517,6.7738,8119800
2015-01-06,8.1683,8.1817,8.03,8.0717,6.7074,6274800
2015-01-07,8.14,8.1767,8.1133,8.1667,6.7863,4079400
2015-01-08,8.2417,8.3183,8.2267,8.3117,6.9068,6558600
2015-01-09,8.3233,8.3233,8.2167,8.245,6.8514,3588600
2015-01-12,8.2567,8.2633,8.155,8.1817,6.7988,3004800
2015-01-13,8.25,8.3,8.0983,8.1667,6.7863,3244200
2015-01-14,8.07,8.1267,8.0283,8.12,6.7475,4012800
2015-01-15,8.1483,8.1633,8.035,8.0367,6.6783,2620800
2015-01-16,8.0267,8.15,8.0217,8.1433,6.7669,2948400
2015-01-20,8.1683,8.185,8.0817,8.155,6.7766,2478600
2015-01-21,8.1383,8.2167,8.1133,8.1933,6.8085,2023800
2015-01-22,8.2383,8.325,8.1667,8.3183,6.9123,3673800
2015-01-23,8.3117,8.3233,8.2767,8.2817,6.8819,2586600
2015-01-26,8.2683,8.3167,8.24,8.3133,6.9082,2399400
2015-01-27,8.22,8.2683,8.1733,8.22,6.8306,3454200
2015-01-28,8.2733,8.2733,8.0983,8.11,6.7392,6381000
2015-01-29,8.1183,8.19,8.055,8.1767,6.7946,2853000
2015-01-30,8.1233,8.18,8.0633,8.0733,6.7087,4271400
2015-02-02,8.1033,8.17,8.01,8.165,6.7849,5130600
2015-02-03,8.2117,8.29,8.2,8.2867,6.886,3829800
2015-02-04,8.2517,8.31,8.2417,8.2583,6.8625,3646800
2015-02-05,8.2967,8.3517,8.2917,8.3467,6.9359,2810400
2015-02-06,8.3667,8.3917,8.3,8.32,6.9137,3798600
2015-02-09,8.2983,8.325,8.2667,8.285,6.8846,3547800
2015-02-10,8.3367,8.3783,8.29,8.3683,6.9539,2382600
2015-02-11,8.3617,8.3933,8.3267,8.3717,6.9567,3015600
2015-02-12,8.405,8.4567,8.4,8.455,7.0259,2383200
2015-02-13,8.4633,8.495,8.4517,8.495,7.0591,5163600
2015-02-17,8.4867,8.515,8.4683,8.505,7.0675,3492600
2015-02-18,8.4917,8.5133,8.4767,8.5083,7.0702,2407200
2015-02-19,8.4917,8.5233,8.48,8.5083,7.0702,1726200
2015-02-20,8.495,8.56,8.4583,8.5567,7.1104,3693000
2015-02-23,8.55,8.555,8.5267,8.5533,7.1076,2647800
2015-02-24,8.56,8.5833,8.5417,8.5767,7.127,2394000
2015-02-25,8.575,8.5983,8.5583,8.5733,7.1242,2008200
2015-02-26,8.5733,8.5783,8.5383,8.5683,7.1201,2046000
2015-02-27,8.5567,8.5717,8.535,8.535,7.0924,2592600
2015-03-02,8.5433,8.5917,8.54,8.59,7.1381,2613000
2015-03-03,8.5717,8.5717,8.52,8.5567,7.1104,3210600
2015-03-04,8.5317,8.5333,8.48,8.5217,7.0813,2682000
2015-03-05,8.54,8.5467,8.5083,8.5317,7.0896,2752800
2015-03-06,8.4983,8.5117,8.4017,8.415,6.9927,3532200
2015-03-09,8.43,8.4617,8.4217,8.445,7.0176,2144400
2015-03-10,8.3733,8.3817,8.3183,8.32,6.9137,4495200
2015-03-11,8.34,8.34,8.3,8.3117,6.9068,5572800
2015-03-12,8.3417,8.4167,8.3417,8.415,6.9927,2848800
2015-03-13,8.4033,8.4083,8.3133,8.37,6.9553,3593400
2015-03-16,8.3983,8.475,8.3983,8.475,7.0425,3068400
2015-03-17,8.4417,8.47,8.4133,8.455,7.0259,3545400
2015-03-18,8.4367,8.5833,8.4083,8.5517,7.1062,5689800
2015-03-19,8.525,8.5483,8.5033,8.5217,7.0813,2534400
2015-03-20,8.5583,8.6133,8.5517,8.5933,7.1409,3195600
2015-03-23,8.5667,8.58,8.5467,8.5467,7.1325,1792200
2015-03-24,8.54,8.5567,8.4967,8.4983,7.0922,1789800
2015-03-25,8.5,8.5183,8.3667,8.37,6.9851,3031200
2015-03-26,8.3383,8.39,8.3033,8.3483,6.967,4557600
2015-03-27,8.34,8.3817,8.335,8.3683,6.9837,2176200
2015-03-30,8.4267,8.4883,8.4267,8.4767,7.0741,4286400
2015-03-31,8.4317,8.4717,8.4067,8.4133,7.0212,2495400
2015-04-01,8.41,8.41,8.335,8.385,6.9976,5061000
2015-04-02,8.3867,8.4367,8.3817,8.4133,7.0212,2438400
2015-04-06,8.3767,8.4917,8.3667,8.4667,7.0657,2645400
2015-04-07,8.4767,8.5017,8.4433,8.4433,7.0463,1874400
2015-04-08,8.4617,8.49,8.4383,8.4717,7.0699,1993800
2015-04-09,8.4717,8.5117,8.4367,8.5033,7.0963,2395800
2015-04-10,8.5267,8.5467,8.5117,8.545,7.1311,2245200
2015-04-13,8.54,8.57,8.5117,8.5117,7.1033,2599200
2015-04-14,8.5067,8.5333,8.4717,8.5233,7.113,8891400
2015-04-15,8.5567,8.5883,8.5467,8.5683,7.1506,2628000
2015-04-16,8.555,8.5867,8.54,8.565,7.1478,3007800
2015-04-17,8.5017,8.5233,8.4283,8.4633,7.063,4677600
2015-04-20,8.515,8.55,8.51,8.5367,7.1242,2485800
2015-04-21,8.5633,8.575,8.5183,8.5317,7.12,2456400
2015-04-22,8.54,8.575,8.5,8.5667,7.1492,2261400
2015-04-23,8.5533,8.6217,8.5517,8.595,7.1728,2301000
2015-04-24,8.6067,8.615,8.5883,8.605,7.1812,1709400
2015-04-27,8.625,8.64,8.5517,8.5633,7.1464,2258400
2015-04-28,8.5617,8.59,8.5,8.5833,7.1631,1834800
2015-04-29,8.5467,8.575,8.51,8.55,7.1353,2205600
2015-04-30,8.515,8.5367,8.4233,8.4567,7.0574,4096800
2015-05-01,8.4933,8.54,8.4833,8.5383,7.1256,2441400
2015-05-04,8.5617,8.5933,8.5583,8.565,7.1478,1734600
2015-05-05,8.555,8.565,8.4533,8.4633,7.063,2634000
2015-05-06,8.4933,8.5033,8.3833,8.435,7.0393,2704800
2015-05-07,8.4233,8.4883,8.4133,8.47,7.0685,2363400
2015-05-08,8.545,8.5833,8.5417,8.57,7.152,2177400
2015-05-11,8.5717,8.585,8.5333,8.54,7.1269,1321200
2015-05-12,8.5,8.5367,8.455,8.515,7.1061,2168400
2015-05-13,8.5333,8.5617,8.505,8.515,7.1061,1059000
2015-05-14,8.5567,8.6033,8.5483,8.5983,7.1756,2013000
2015-05-15,8.6083,8.6133,8.585,8.61,7.1854,2428800
2015-05-18,8.6067,8.6567,8.6017,8.645,7.2146,1613400
2015-05-19,8.6533,8.6617,8.6267,8.6417,7.2118,1322400
2015-05-20,8.6517,8.6717,8.62,8.6383,7.209,1608600
2015-05-21,8.6283,8.6683,8.625,8.6567,7.2243,1203000
2015-05-22,8.6467,8.66,8.635,8.64,7.2104,1556400
2015-05-26,8.62,8.6217,8.5317,8.5533,7.1381,2800200
2015-05-27,8.575,8.6383,8.555,8.6283,7.2007,2408400
2015-05-28,8.6183,8.6233,8.5867,8.6183,7.1923,1804200
2015-05-29,8.61,8.61,8.5533,8.5683,7.1506,1792200
2015-06-01,8.5917,8.6133,8.545,8.585,7.1645,2356200
2015-06-02,8.565,8.6117,8.5367,8.5783,7.1589,1593000
2015-06-03,8.6167,8.635,8.58,8.6083,7.184,2056200
2015-06-04,8.58,8.6,8.52,8.5383,7.1256,2565000
2015-06-05,8.535,8.5533,8.4883,8.5317,7.12,2484600
2015-06-08,8.5283,8.5317,8.475,8.4783,7.0755,2922000
2015-06-09,8.4817,8.4967,8.4417,8.4733,7.0713,2283000
2015-06-10,8.505,8.5883,8.505,8.5733,7.1548,3672600
2015-06-11,8.5983,8.6167,8.5833,8.5983,7.1756,2067600
2015-06-12,8.5667,8.5683,8.5283,8.54,7.1269,1657800
2015-06-15,8.4983,8.5183,8.4517,8.505,7.0977,2438400
2015-06-16,8.4933,8.5567,8.4917,8.5517,7.1367,1660200
2015-06-17,8.575,8.59,8.525,8.5633,7.1464,1345200
2015-06-18,8.58,8.6733,8.58,8.6517,7.2201,2823000
2015-06-19,8.6383,8.6467,8.6083,8.6083,7.184,3055200
2015-06-22,8.6233,8.6433,8.6067,8.6167,7.2296,2182800
2015-06-23,8.6283,8.635,8.605,8.6217,7.2338,1627200
2015-06-24,8.6083,8.6217,8.56,8.5617,7.1834,1835400
2015-06-25,8.5883,8.5883,8.5267,8.5367,7.1624,2015400
2015-06-26,8.5483,8.56,8.505,8.5333,7.1596,3276600
2015-06-29,8.4633,8.4917,8.35,8.355,7.01,9769800
2015-06-30,8.4317,8.4383,8.3483,8.3717,7.024,6766800
2015-07-01,8.455,8.455,8.3967,8.4317,7.0743,5567400
2015-07-02,8.4483,8.4583,8.4,8.4217,7.066,2410800
2015-07-06,8.35,8.4333,8.345,8.3933,7.0422,2605200
2015-07-07,8.4033,8.4483,8.2883,8.445,7.0855,4479000
2015-07-08,8.3817,8.3933,8.29,8.305,6.9681,4821000
2015-07-09,8.4083,8.4133,8.3183,8.32,6.9806,3620400
2015-07-10,8.4817,8.4817,8.3817,8.4217,7.066,5932200
2015-07-13,8.475,8.52,8.475,8.515,7.1443,2997600
2015-07-14,8.515,8.565,8.5133,8.555,7.1778,2686800
2015-07-15,8.5567,8.57,8.5217,8.5417,7.1666,3311400
2015-07-16,8.5967,8.6033,8.5783,8.6033,7.2184,2476800
2015-07-17,8.6117,8.6117,8.5817,8.6,7.2156,2207400
2015-07-20,8.6167,8.6233,8.59,8.605,7.2198,1957800
2015-07-21,8.5967,8.6083,8.555,8.5683,7.189,2410200
2015-07-22,8.535,8.57,8.535,8.5517,7.175,22533000
2015-07-23,8.5683,8.57,8.49,8.505,7.1359,1944600
2015-07-24,8.5167,8.5167,8.405,8.4167,7.0618,2997600
2015-07-27,8.38,8.3933,8.3433,8.36,7.0142,4342800
2015-07-28,8.405,8.4683,8.3583,8.4583,7.0967,3423000
2015-07-29,8.47,8.5283,8.4583,8.5217,7.1499,3849000
2015-07-30,8.5017,8.5333,8.4683,8.5267,7.154,2573400
2015-07-31,8.5483,8.5567,8.5083,8.5183,7.1471,1792200
2015-08-03,8.5267,8.5267,8.445,8.49,7.1233,3202200
2015-08-04,8.4933,8.51,8.4533,8.4717,7.1079,2248800
2015-08-05,8.5167,8.5583,8.4917,8.5033,7.1345,3845400
2015-08-06,8.5083,8.5183,8.3967,8.4367,7.0785,3405000
2015-08-07,8.425,8.4283,8.3667,8.4083,7.0548,3553800
2015-08-10,8.46,8.52,8.46,8.515,7.1443,3103200
2015-08-11,8.4567,8.4717,8.4067,8.4417,7.0827,5591400
2015-08-12,8.3783,8.4567,8.3067,8.445,7.0855,5160600
2015-08-13,8.4467,8.4717,8.4117,8.4383,7.0799,2131800
2015-08-14,8.4317,8.475,8.4183,8.47,7.1065,4472400
2015-08-17,8.4467,8.5233,8.4217,8.5217,7.1499,2754000
2015-08-18,8.5083,8.5217,8.485,8.4983,7.1303,2110800
2015-08-19,8.4617,8.49,8.385,8.4283,7.0715,3146400
2015-08-20,8.3667,8.375,8.2433,8.2433,6.9163,9907200
2015-08-21,8.1667,8.2,8.0,8.0033,6.715,19036800
2015-08-24,7.5133,7.9283,6.5833,7.6933,6.4549,21926400
2015-08-25,7.94,7.9467,7.585,7.5867,6.3654,14533800
2015-08-26,7.7883,7.8717,7.6233,7.8617,6.5961,11812800
2015-08-27,7.965,8.0633,7.9,8.055,6.7583,10168200
2015-08-28,8.0317,8.085,8.0133,8.065,6.7667,4600800
2015-08-31,8.0267,8.0617,7.98,8.0033,6.715,7839000
2015-09-01,7.8233,7.89,7.7317,7.765,6.515,10530600
2015-09-02,7.8817,7.91,7.7917,7.91,6.6367,6039600
2015-09-03,7.9317,8.0133,7.895,7.92,6.645,3922800
2015-09-04,7.8217,7.8567,7.7683,7.8083,6.5514,4156200
2015-09-08,7.9383,8.0033,7.9083,8.0,6.7122,6051600
2015-09-09,8.0767,8.0817,7.8817,7.895,6.6241,9540000
2015-09-10,7.8833,7.9867,7.8783,7.9333,6.6562,2345400
2015-09-11,7.9067,7.97,7.88,7.97,6.687,5376600
2015-09-14,7.9733,7.98,7.92,7.94,6.6618,3132000
2015-09-15,7.9667,8.0567,7.945,8.0383,6.7443,2437800
2015-09-16,8.055,8.115,8.0367,8.105,6.8003,2818200
2015-09-17,8.1033,8.2167,8.08,8.0983,6.7947,4026000
2015-09-18,7.995,8.0533,7.9517,7.9683,6.6856,3480000
2015-09-21,7.9733,8.02,7.9167,7.9583,6.7103,6502200
2015-09-22,7.8667,7.8833,7.8033,7.855,6.6232,5754000
2015-09-23,7.8667,7.8833,7.8133,7.84,6.6106,1964400
2015-09-24,7.78,7.8267,7.72,7.8083,6.5839,7187400
2015-09-25,7.8833,7.885,7.76,7.795,6.5726,3726600
2015-09-28,7.76,7.76,7.58,7.59,6.3998,17919000
2015-09-29,7.605,7.66,7.5467,7.59,6.3998,9014400
2015-09-30,7.68,7.7367,7.6417,7.73,6.5178,5431200
2015-10-01,7.75,7.7567,7.6533,7.7417,6.5276,8974800
2015-10-02,7.6533,7.8567,7.6267,7.8567,6.6246,3488400
2015-10-05,7.915,8.0117,7.915,8.0033,6.7483,4936800
2015-10-06,8.0033,8.0217,7.9383,7.9733,6.723,2943600
2015-10-07,8.0167,8.0517,7.9617,8.0433,6.782,1557000
2015-10-08,8.025,8.13,8.0167,8.1133,6.841,2545800
2015-10-09,8.1233,8.1433,8.095,8.1267,6.8523,3882000
2015-10-12,8.1267,8.1383,8.1017,8.13,6.8551,1462800
2015-10-13,8.0867,8.1533,8.0633,8.07,6.8045,2265000
2015-10-14,8.07,8.0967,8.0167,8.03,6.7708,2202600
2015-10-15,8.0533,8.1517,8.0367,8.1517,6.8733,2547000
2015-10-16,8.1667,8.1833,8.1317,8.1817,6.8986,1588800
2015-10-19,8.1517,8.1933,8.1417,8.1883,6.9043,2329800
2015-10-20,8.1733,8.21,8.1567,8.1767,6.8944,10224000
2015-10-21,8.2017,8.2067,8.1117,8.1183,6.8452,2691000
2015-10-22,8.155,8.2533,8.15,8.2383,6.9464,4463400
2015-10-23,8.3167,8.34,8.2783,8.3233,7.0181,5329800
2015-10-26,8.3183,8.3233,8.29,8.3067,7.004,2097600
2015-10-27,8.2767,8.2967,8.2483,8.2767,6.9787,5865000
2015-10-28,8.3017,8.3883,8.2733,8.3883,7.0729,4391400
2015-10-29,8.3667,8.3933,8.355,8.3767,7.0631,2168400
2015-10-30,8.385,8.4,8.3417,8.3433,7.035,2669400
2015-11-02,8.3667,8.4583,8.3533,8.4467,7.1221,9872400
2015-11-03,8.44,8.5,8.4233,8.4733,7.1446,9409200
2015-11-04,8.4917,8.4967,8.425,8.45,7.1249,2452200
2015-11-05,8.4533,8.47,8.3967,8.4433,7.1193,3106200
2015-11-06,8.4233,8.45,8.375,8.4433,7.1193,3776400
2015-11-09,8.4167,8.4183,8.3183,8.3617,7.0504,3627000
2015-11-10,8.3383,8.3817,8.325,8.38,7.0659,3098400
2015-11-11,8.3967,8.3967,8.3433,8.345,7.0364,1612800
2015-11-12,8.3,8.315,8.2233,8.2267,6.9366,2884200
2015-11-13,8.1983,8.2133,8.1333,8.1367,6.8607,7509000
2015-11-16,8.1233,8.2517,8.1233,8.25,6.9563,3273000
2015-11-17,8.2717,8.3083,8.2233,8.24,6.9478,2383200
2015-11-18,8.27,8.38,8.265,8.37,7.0574,2866200
2015-11-19,8.37,8.3867,8.3517,8.3633,7.0518,2690400
2015-11-20,8.4017,8.4267,8.38,8.395,7.0785,2221200
2015-11-23,8.3933,8.4267,8.3717,8.395,7.0785,2999400
2015-11-24,8.3433,8.4283,8.3283,8.4083,7.0898,2754000
2015-11-25,8.415,8.43,8.3983,8.4183,7.0982,2544600
2015-11-27,8.4217,8.4367,8.395,8.4233,7.1024,918600
2015-11-30,8.4383,8.44,8.39,8.3933,7.0771,2785200
2015-12-01,8.4167,8.475,8.41,8.4683,7.1404,4322400
2015-12-02,8.4783,8.48,8.3717,8.385,7.0701,5684400
2015-12-03,8.4017,8.405,8.2283,8.26,6.9647,5140200
2015-12-04,8.2717,8.4217,8.2717,8.4083,7.0898,4039800
2015-12-07,8.3933,8.3967,8.3083,8.345,7.0364,5334600
2015-12-08,8.2717,8.3333,8.2467,8.2983,6.997,4787400
2015-12-09,8.2667,8.3583,8.185,8.2283,6.938,3517200
2015-12-10,8.2333,8.305,8.2167,8.2467,6.9534,2395200
2015-12-11,8.1583,8.1767,8.0733,8.085,6.8171,8147400
2015-12-14,8.0883,8.1217,8.005,8.1117,6.8396,5903400
2015-12-15,8.1867,8.235,8.1783,8.1983,6.9127,4590600
2015-12-16,8.2483,8.3317,8.2,8.3167,7.0125,4150200
2015-12-17,8.3333,8.3383,8.2,8.2017,6.9155,8076600
2015-12-18,8.1667,8.1667,8.0617,8.0617,6.7975,6647400
2015-12-21,8.0717,8.0883,8.0167,8.0767,6.8455,5394000
2015-12-22,8.1183,8.1667,8.075,8.15,6.9076,3474000
2015-12-23,8.2017,8.2567,8.195,8.255,6.9966,4087200
2015-12-24,8.2467,8.2717,8.2317,8.2433,6.9867,1575600
2015-12-28,8.2183,8.225,8.1717,8.2233,6.9698,3967800
2015-12-29,8.2717,8.3233,8.2717,8.31,7.0433,6816600
2015-12-30,8.2983,8.3,8.2433,8.2517,6.9938,6848400
2015-12-31,8.2233,8.2517,8.1717,8.1733,6.9274,5099400
2016-01-04,8.035,8.0517,7.9583,8.0517,6.8243,13429800
2016-01-05,8.0667,8.0833,8.0133,8.0583,6.8299,7737000
2016-01-06,7.9517,8.0067,7.9117,7.9583,6.7452,5998200
2016-01-07,7.83,7.8967,7.7483,7.7633,6.5799,15406200
2016-01-08,7.8283,7.8317,7.66,7.675,6.505,10361400
2016-01-11,7.7183,7.73,7.585,7.67,6.5008,13711800
2016-01-12,7.74,7.7667,7.625,7.72,6.5432,7545600
2016-01-13,7.76,7.7667,7.5033,7.525,6.3779,10148400
2016-01-14,7.55,7.6933,7.4683,7.64,6.4754,11362200
2016-01-15,7.455,7.5133,7.385,7.4833,6.3426,20176800
2016-01-19,7.56,7.57,7.4067,7.47,6.3313,11900400
2016-01-20,7.3617,7.465,7.1917,7.4,6.272,15735600
2016-01-21,7.4217,7.5167,7.355,7.43,6.2974,5983800
2016-01-22,7.5467,7.5917,7.5167,7.5833,6.4274,4849200
2016-01-25,7.5617,7.57,7.455,7.4633,6.3256,5320800
2016-01-26,7.4917,7.5833,7.48,7.5717,6.4175,4059000
2016-01-27,7.55,7.625,7.4483,7.4917,6.3497,4395600
2016-01-28,7.56,7.5667,7.4467,7.52,6.3737,3328200
2016-01-29,7.5517,7.7067,7.5467,7.7067,6.5319,7614600
2016-02-01,7.665,7.7417,7.6317,7.7083,6.5333,10530000
2016-02-02,7.6417,7.6417,7.5383,7.5617,6.409,6337200
2016-02-03,7.6067,7.62,7.4367,7.5983,6.4401,5571600
2016-02-04,7.5817,7.6717,7.5633,7.6167,6.4556,4838400
2016-02-05,7.5917,7.605,7.44,7.465,6.3271,8068800
2016-02-08,7.3683,7.3983,7.2467,7.35,6.2296,15196800
2016-02-09,7.2683,7.3983,7.2683,7.34,6.2211,4867800
2016-02-10,7.3817,7.4617,7.3367,7.3383,6.2197,5538000
2016-02-11,7.2367,7.2917,7.1767,7.25,6.1448,10226400
2016-02-12,7.3217,7.395,7.29,7.3917,6.2649,5281800
2016-02-16,7.4767,7.5283,7.4383,7.5267,6.3793,8109000
2016-02-17,7.5833,7.6717,7.58,7.6533,6.4867,6153000
2016-02-18,7.6683,7.6733,7.61,7.6217,6.4598,6434400
2016-02-19,7.59,7.6317,7.5583,7.6233,6.4613,4320600
2016-02-22,7.6917,7.7417,7.6917,7.735,6.5559,4514400
2016-02-23,7.7083,7.7167,7.6383,7.6417,6.4768,3681600
2016-02-24,7.5767,7.69,7.5217,7.6817,6.5107,3769800
2016-02-25,7.7017,7.77,7.6667,7.77,6.5856,3766800
2016-02-26,7.8133,7.8167,7.755,7.7633,6.5799,4025400
2016-02-29,7.765,7.8117,7.705,7.705,6.5305,3756000
2016-03-01,7.7667,7.8917,7.75,7.8917,6.6887,3613800
2016-03-02,7.8767,7.9333,7.8583,7.9333,6.724,5443200
2016-03-03,7.9267,7.9733,7.905,7.9733,6.7579,3865200
2016-03-04,7.98,8.0383,7.9467,7.9983,6.7791,5025600
2016-03-07,7.9617,8.035,7.955,8.0183,6.796,11247000
2016-03-08,7.9683,7.9767,7.9083,7.9167,6.7099,5518800
2016-03-09,7.9517,7.9667,7.915,7.9533,6.741,5380200
2016-03-10,7.9767,8.015,7.8683,7.9517,6.7395,6725400
2016-03-11,8.0183,8.0883,8.0167,8.085,6.8525,3394800
2016-03-14,8.0617,8.0967,8.045,8.0767,6.8455,4878000
2016-03-15,8.0333,8.05,8.0133,8.045,6.8186,5040000
2016-03-16,8.0283,8.115,8.0283,8.0967,6.8624,3615000
2016-03-17,8.1,8.18,8.08,8.1583,6.9147,7024800
2016-03-18,8.195,8.21,8.1717,8.1967,6.9472,5562000
2016-03-21,8.1433,8.1733,8.1317,8.1633,6.9189,3047400
2016-03-22,8.125,8.1867,8.1167,8.1617,6.9175,2838000
2016-03-23,8.1483,8.1483,8.09,8.0967,6.8624,8271000
2016-03-24,8.0483,8.0933,8.035,8.0933,6.8596,3232200
2016-03-28,8.1117,8.1217,8.075,8.0983,6.8638,3531000
2016-03-29,8.085,8.1917,8.065,8.19,6.9415,3892800
2016-03-30,8.2267,8.2567,8.205,8.2167,6.9641,3613200
2016-03-31,8.2183,8.2433,8.2017,8.2133,6.9613,2071800
2016-04-01,8.17,8.2683,8.145,8.2633,7.0037,6078000
2016-04-04,8.2633,8.2667,8.2183,8.2283,6.974,2097600
2016-04-05,8.1733,8.19,8.1367,8.1483,6.9062,3906000
2016-04-06,8.15,8.24,8.14,8.235,6.9797,2492400
2016-04-07,8.1933,8.2017,8.105,8.1383,6.8978,2434800
2016-04-08,8.19,8.215,8.1383,8.16,6.9161,4131000
2016-04-11,8.1917,8.2283,8.14,8.1417,6.9006,2764800
2016-04-12,8.1467,8.23,8.125,8.215,6.9627,3777600
2016-04-13,8.255,8.315,8.255,8.3133,7.0461,2793000
2016-04-14,8.3133,8.3317,8.295,8.3133,7.0461,1623000
2016-04-15,8.3083,8.315,8.2917,8.3083,7.0418,2319000
2016-04-18,8.275,8.3617,8.2683,8.3617,7.087,2943600
2016-04-19,8.3767,8.41,8.3483,8.3833,7.1054,3234600
2016-04-20,8.3883,8.4283,8.365,8.3933,7.1139,3651600
2016-04-21,8.4017,8.4033,8.3383,8.3517,7.0786,2270400
2016-04-22,8.3383,8.37,8.3183,8.36,7.0856,4789200
2016-04-25,8.3367,8.3433,8.3033,8.34,7.0687,1955400
2016-04-26,8.3633,8.3783,8.3333,8.3633,7.0885,1906200
2016-04-27,8.3433,8.4,8.33,8.3833,7.1054,2262000
2016-04-28,8.3517,8.3983,8.2883,8.305,7.039,2202000
2016-04-29,8.2767,8.2933,8.205,8.26,7.0009,2863800
2016-05-02,8.2767,8.33,8.2583,8.3233,7.0545,3517800
2016-05-03,8.2733,8.2733,8.2083,8.245,6.9882,3216600
2016-05-04,8.205,8.2333,8.1717,8.195,6.9458,2233200
2016-05-05,8.2117,8.2333,8.17,8.1883,6.9401,2484000
2016-05-06,8.16,8.22,8.145,8.22,6.967,3696600
2016-05-09,8.2183,8.2483,8.2067,8.2283,6.974,2394600
2016-05-10,8.2583,8.3283,8.2583,8.3283,7.0588,3462000
2016-05-11,8.3117,8.325,8.25,8.2517,6.9938,1714200
2016-05-12,8.29,8.29,8.2017,8.2417,6.9853,2473200
2016-05-13,8.2367,8.2583,8.1617,8.175,6.9288,3139800
2016-05-16,8.19,8.28,8.1883,8.2567,6.998,2338800
2016-05-17,8.2517,8.255,8.1583,8.1833,6.9359,2148000
2016-05-18,8.1667,8.2383,8.1333,8.1833,6.9359,2289000
2016-05-19,8.1567,8.17,8.0967,8.1533,6.9105,4042200
2016-05-20,8.1867,8.2333,8.185,8.215,6.9627,2645400
2016-05-23,8.2167,8.23,8.195,8.2,6.95,3300000
2016-05-24,8.2383,8.3283,8.2383,8.3133,7.0461,2745000
2016-05-25,8.3383,8.39,8.3367,8.3717,7.0955,2845200
2016-05-26,8.3717,8.3883,8.3567,8.3717,7.0955,7678200
2016-05-27,8.3717,8.41,8.3717,8.41,7.128,3840600
2016-05-31,8.43,8.4333,8.375,8.405,7.1238,5514000
2016-06-01,8.38,8.4317,8.3633,8.4233,7.1393,4235400
2016-06-02,8.4067,8.455,8.385,8.455,7.1661,2352000
2016-06-03,8.4317,8.4433,8.3733,8.43,7.145,2296800
2016-06-06,8.445,8.4933,8.44,8.4767,7.1845,2922000
2016-06-07,8.49,8.5167,8.4833,8.4933,7.1986,2112000
2016-06-08,8.5017,8.5283,8.4933,8.5217,7.2227,2478600
2016-06-09,8.4833,8.5117,8.4717,8.505,7.2085,2611800
2016-06-10,8.435,8.4517,8.3933,8.4183,7.1351,3592200
2016-06-13,8.385,8.4283,8.3433,8.35,7.0772,1810200
2016-06-14,8.3333,8.3567,8.2833,8.33,7.0602,3308400
2016-06-15,8.3483,8.3817,8.315,8.325,7.056,3588000
2016-06-16,8.2767,8.3483,8.23,8.345,7.0729,3010200
2016-06-17,8.3433,8.3433,8.2883,8.3167,7.0489,2131200
2016-06-20,8.3683,8.4017,8.33,8.3333,7.0976,3134400
2016-06-21,8.355,8.37,8.3267,8.3517,7.1132,2368800
2016-06-22,8.3617,8.3933,8.3317,8.335,7.099,2823000
2016-06-23,8.405,8.4517,8.3867,8.4483,7.1955,2931000
2016-06-24,8.1433,8.29,8.125,8.1483,6.94,16308000
2016-06-27,8.085,8.085,7.945,7.9817,6.7981,16318200
2016-06-28,8.0533,8.1233,8.0333,8.1233,6.9187,18680400
2016-06-29,8.1933,8.2783,8.1717,8.2667,7.0408,5331000
2016-06-30,8.295,8.3867,8.2633,8.3833,7.1402,7719000
2016-07-01,8.375,8.4267,8.375,8.405,7.1586,4271400
2016-07-05,8.3667,8.3833,8.3067,8.3383,7.1019,7141800
2016-07-06,8.3133,8.3917,8.285,8.3867,7.143,3668400
2016-07-07,8.395,8.4317,8.3517,8.3867,7.143,2269800
2016-07-08,8.4433,8.5267,8.44,8.5183,7.2552,4129200
2016-07-11,8.5417,8.5767,8.5333,8.555,7.2864,10542600
2016-07-12,8.5917,8.6367,8.5883,8.6217,7.3432,3575400
2016-07-13,8.6183,8.64,8.5933,8.6167,7.3389,3934800
2016-07-14,8.6667,8.7,8.6417,8.655,7.3716,3862200
2016-07-15,8.685,8.685,8.63,8.6517,7.3687,2590800
2016-07-18,8.6617,8.6783,8.6433,8.6733,7.3872,2176200
2016-07-19,8.6567,8.6633,8.6383,8.6583,7.3744,4227600
2016-07-20,8.68,8.71,8.66,8.6983,7.4085,2465400
2016-07-21,8.695,8.7083,8.6467,8.6683,7.3829,6765600
2016-07-22,8.6733,8.7117,8.66,8.71,7.4184,7834800
2016-07-25,8.7033,8.7033,8.6633,8.6867,7.3985,2578200
2016-07-26,8.6833,8.71,8.6567,8.6967,7.407,2869800
2016-07-27,8.7167,8.7167,8.6533,8.685,7.3971,1634400
2016-07-28,8.6817,8.7133,8.6567,8.7017,7.4113,1954800
2016-07-29,8.6883,8.7317,8.67,8.715,7.4227,1708800
2016-08-01,8.7117,8.7367,8.685,8.7033,7.4127,2068800
2016-08-02,8.6983,8.7017,8.605,8.6383,7.3574,2161800
2016-08-03,8.6317,8.675,8.625,8.675,7.3886,1836000
2016-08-04,8.6733,8.6983,8.6617,8.6817,7.3943,2670600
2016-08-05,8.7183,8.7567,8.71,8.7533,7.4553,2423400
2016-08-08,8.7633,8.7717,8.7383,8.75,7.4525,2064000
2016-08-09,8.7567,8.7767,8.7433,8.7517,7.4539,2005200
2016-08-10,8.76,8.7617,8.7133,8.73,7.4354,1688400
2016-08-11,8.75,8.78,8.7383,8.77,7.4695,1699800
2016-08-12,8.7617,8.7733,8.7433,8.76,7.461,2595000
2016-08-15,8.7833,8.8117,8.7767,8.795,7.4908,1960200
2016-08-16,8.7767,8.7783,8.7433,8.7433,7.4468,1261800
2016-08-17,8.7433,8.76,8.7017,8.7567,7.4581,1696800
2016-08-18,8.7533,8.7833,8.7533,8.7833,7.4809,1441800
2016-08-19,8.7633,8.7767,8.74,8.7717,7.4709,1504800
2016-08-22,8.765,8.78,8.7417,8.7733,7.4723,1858200
2016-08-23,8.7983,8.82,8.7933,8.795,7.4908,1639200
2016-08-24,8.79,8.795,8.7283,8.7467,7.4496,1599600
2016-08-25,8.7333,8.765,8.725,8.7433,7.4468,3472800
2016-08-26,8.76,8.8017,8.6867,8.725,7.4312,3693000
2016-08-29,8.7317,8.7833,8.73,8.77,7.4695,1504200
2016-08-30,8.7633,8.7817,8.7333,8.7567,7.4581,2564400
2016-08-31,8.7467,8.75,8.6983,8.7333,7.4383,2347800
2016-09-01,8.7383,8.7517,8.68,8.7367,7.4411,2748600
2016-09-02,8.7683,8.8,8.7567,8.78,7.478,5089800
2016-09-06,8.795,8.8067,8.76,8.8067,7.5007,2199600
2016-09-07,8.8033,8.8167,8.7833,8.815,7.5078,1207800
2016-09-08,8.7967,8.8117,8.7817,8.795,7.4908,1902000
2016-09-09,8.74,8.74,8.5767,8.5783,7.3063,4917600
2016-09-12,8.5333,8.7133,8.5283,8.695,7.4056,6853800
2016-09-13,8.64,8.6433,8.5367,8.565,7.2949,5440200
2016-09-14,8.5717,8.6233,8.5383,8.5617,7.2921,3982800
2016-09-15,8.56,8.6633,8.5483,8.6483,7.3659,2560800
2016-09-16,8.625,8.6267,8.585,8.6167,7.3389,2367000
2016-09-19,8.6267,8.655,8.5783,8.595,7.3447,14503800
2016-09-20,8.63,8.64,8.5917,8.5967,7.3462,2329200
2016-09-21,8.625,8.7,8.5933,8.69,7.4259,2203200
2016-09-22,8.7333,8.7667,8.7333,8.7567,7.4829,1948800
2016-09-23,8.7367,8.745,8.705,8.7083,7.4416,2016600
2016-09-26,8.6717,8.6783,8.6317,8.6383,7.3818,3969600
2016-09-27,8.6317,8.69,8.615,8.6867,7.4231,3706800
2016-09-28,8.6933,8.74,8.6533,8.7333,7.463,1915800
2016-09-29,8.7233,8.74,8.6283,8.65,7.3917,2385600
2016-09-30,8.6867,8.7483,8.675,8.72,7.4516,3273000
2016-10-03,8.7017,8.7083,8.6667,8.69,7.4259,3265200
2016-10-04,8.7067,8.7117,8.6233,8.65,7.3917,3109800
2016-10-05,8.6783,8.7083,8.6783,8.6917,7.4274,1674000
2016-10-06,8.68,8.6983,8.6483,8.6867,7.4231,1749000
2016-10-07,8.6967,8.7067,8.6217,8.655,7.396,2547600
2016-10-10,8.6983,8.7283,8.6983,8.7017,7.4359,1914600
2016-10-11,8.6867,8.6933,8.56,8.5933,7.3433,4068000
2016-10-12,8.5983,8.625,8.5733,8.6017,7.3504,2770800
2016-10-13,8.5517,8.5933,8.4983,8.5733,7.3262,4149600
2016-10-14,8.615,8.6383,8.5667,8.5683,7.322,2467800
2016-10-17,8.5683,8.5783,8.5333,8.5433,7.3006,6144000
2016-10-18,8.61,8.62,8.5767,8.595,7.3447,1732200
2016-10-19,8.6117,8.635,8.5867,8.6217,7.3675,2797200
2016-10-20,8.61,8.6317,8.5717,8.6067,7.3547,2112000
2016-10-21,8.5733,8.61,8.5567,8.6033,7.3519,2301600
2016-10-24,8.64,8.6617,8.63,8.645,7.3875,1521600
2016-10-25,8.6417,8.6467,8.6017,8.61,7.3576,1656000
2016-10-26,8.5733,8.615,8.5617,8.5867,7.3376,2139600
2016-10-27,8.6183,8.6183,8.545,8.5467,7.3034,5251800
2016-10-28,8.5417,8.585,8.4983,8.525,7.2849,7032000
2016-10-31,8.5417,8.555,8.5233,8.5333,7.2921,2725200
2016-11-01,8.5433,8.5467,8.4167,8.4683,7.2365,4840800
2016-11-02,8.46,8.4717,8.395,8.4083,7.1852,5323200
2016-11-03,8.4267,8.435,8.3633,8.3733,7.1553,4357800
2016-11-04,8.3733,8.425,8.3633,8.37,7.1525,3490800
2016-11-07,8.49,8.555,8.4833,8.55,7.3063,6244200
2016-11-08,8.54,8.6183,8.52,8.5883,7.3391,3407400
2016-11-09,8.5,8.7233,8.48,8.6933,7.4288,9314400
2016-11-10,8.7483,8.7833,8.6567,8.7217,7.453,8049000
2016-11-11,8.6967,8.7367,8.6733,8.7283,7.4587,8824800
2016-11-14,8.7383,8.7767,8.7133,8.75,7.4772,7353600
2016-11-15,8.7733,8.82,8.7567,8.815,7.5327,6848400
2016-11-16,8.795,8.8167,8.7833,8.8033,7.5228,2604600
2016-11-17,8.815,8.8567,8.8033,8.85,7.5627,2712000
2016-11-18,8.8583,8.8683,8.8283,8.84,7.5541,3563400
2016-11-21,8.8667,8.9,8.8583,8.8983,7.604,4154400
2016-11-22,8.9217,8.9317,8.8867,8.925,7.6267,3336600
2016-11-23,8.9133,8.9383,8.8917,8.9367,7.6367,4605000
2016-11-25,8.9517,8.9717,8.945,8.9717,7.6666,2170800
2016-11-28,8.9633,8.9633,8.915,8.9233,7.6253,4753200
2016-11-29,8.915,8.9583,8.905,8.9333,7.6339,2393400
2016-11-30,8.9767,8.9767,8.9133,8.9133,7.6168,4549800
2016-12-01,8.935,8.935,8.855,8.8717,7.5812,6203400
2016-12-02,8.8733,8.9033,8.8633,8.8833,7.5911,2917800
2016-12-05,8.925,8.9567,8.9133,8.9433,7.6424,4096200
2016-12-06,8.9583,8.985,8.9317,8.9833,7.6766,4393200
2016-12-07,8.9833,9.1,8.97,9.0933,7.7706,3822000
2016-12-08,9.1083,9.1517,9.0867,9.1283,7.8005,4815000
2016-12-09,9.1483,9.1767,9.14,9.1717,7.8375,4877400
2016-12-12,9.175,9.1917,9.1333,9.1517,7.8204,5286600
2016-12-13,9.1867,9.2283,9.1733,9.2017,7.8632,4806600
2016-12-14,9.1967,9.2217,9.1083,9.13,7.8019,8403600
2016-12-15,9.1317,9.2067,9.125,9.16,7.8276,5293200
2016-12-16,9.195,9.195,9.1317,9.145,7.8147,2559600
2016-12-19,9.105,9.13,9.0917,9.11,7.835,4807800
2016-12-20,9.13,9.1583,9.13,9.1517,7.8708,5260200
2016-12-21,9.1517,9.1567,9.1233,9.1233,7.8464,5140800
2016-12-22,9.12,9.12,9.08,9.0983,7.8249,4512600
2016-12-23,9.1017,9.1167,9.0967,9.1133,7.8378,2917200
2016-12-27,9.1333,9.1617,9.1283,9.1433,7.8636,4750200
2016-12-28,9.16,9.16,9.0583,9.0633,7.7948,3250200
2016-12-29,9.0633,9.0867,9.04,9.0617,7.7934,4968000
2016-12-30,9.0767,9.0767,9.0017,9.03,7.7661,5441400
2017-01-03,9.0967,9.1267,9.0433,9.0917,7.8192,5790600
2017-01-04,9.12,9.175,9.12,9.17,7.8866,5787000
2017-01-05,9.16,9.1683,9.1167,9.155,7.8737,4667400
2017-01-06,9.1633,9.2017,9.1317,9.1817,7.8966,4135200
2017-01-09,9.1783,9.1833,9.145,9.1467,7.8665,4353600
2017-01-10,9.155,9.19,9.1333,9.1583,7.8765,4040400
2017-01-11,9.1583,9.18,9.1217,9.18,7.8952,3745200
2017-01-12,9.1717,9.1717,9.0883,9.1583,7.8765,4104000
2017-01-13,9.1683,9.1967,9.1667,9.1783,7.8937,5181000
2017-01-17,9.1583,9.1683,9.1233,9.14,7.8608,3326400
2017-01-18,9.1533,9.165,9.125,9.1633,7.8808,6738600
2017-01-19,9.175,9.1783,9.105,9.1267,7.8493,3895800
2017-01-20,9.1617,9.1833,9.1333,9.16,7.878,3756000
2017-01-23,9.1483,9.16,9.1017,9.1367,7.8579,2734800
2017-01-24,9.1517,9.2233,9.1467,9.2083,7.9195,3835200
2017-01-25,9.255,9.2883,9.2483,9.2833,7.984,5025000
2017-01-26,9.2933,9.295,9.265,9.2733,7.9754,6753000
2017-01-27,9.2833,9.2867,9.2467,9.2583,7.9625,2425200
2017-01-30,9.2217,9.23,9.14,9.1967,7.9095,4253400
2017-01-31,9.1683,9.2017,9.1467,9.2017,7.9138,2943600
2017-02-01,9.24,9.2517,9.175,9.2033,7.9152,2487600
2017-02-02,9.1817,9.2217,9.17,9.2067,7.9181,2121000
2017-02-03,9.2483,9.285,9.2383,9.2817,7.9826,3232800
2017-02-06,9.2633,9.28,9.2417,9.2567,7.9611,2898600
2017-02-07,9.27,9.2867,9.2417,9.2533,7.9582,2377200
2017-02-08,9.2533,9.2683,9.22,9.265,7.9683,2284800
2017-02-09,9.28,9.34,9.275,9.3233,8.0184,3242400
2017-02-10,9.345,9.3783,9.34,9.3667,8.0557,3538200
2017-02-13,9.3983,9.4267,9.385,9.4133,8.0958,4053600
2017-02-14,9.4083,9.4517,9.39,9.45,8.1274,7098600
2017-02-15,9.4467,9.5067,9.435,9.4967,8.1675,3211800
2017-02-16,9.5,9.5117,9.45,9.4867,8.1589,3655800
2017-02-17,9.4567,9.5,9.4483,9.5,8.1704,2625600
2017-02-21,9.5283,9.5667,9.5167,9.5617,8.2234,3388800
2017-02-22,9.5417,9.5617,9.535,9.55,8.2134,2717400
2017-02-23,9.5733,9.5817,9.5083,9.5367,8.2019,5239800
2017-02-24,9.5033,9.5533,9.4983,9.5533,8.2162,3059400
2017-02-27,9.5583,9.5867,9.5367,9.58,8.2392,3234000
2017-02-28,9.5667,9.5667,9.525,9.5417,8.2062,3240600
2017-03-01,9.6233,9.695,9.6217,9.6733,8.3194,4762200
2017-03-02,9.665,9.665,9.605,9.6117,8.2664,8922600
2017-03-03,9.6083,9.6233,9.585,9.6167,8.2707,5120400
2017-03-06,9.5833,9.595,9.5517,9.585,8.2435,5909400
2017-03-07,9.5683,9.5817,9.5383,9.5483,8.2119,3037200
2017-03-08,9.555,9.5717,9.5167,9.525,8.1919,3102000
2017-03-09,9.5267,9.55,9.4833,9.5217,8.189,3948600
2017-03-10,9.5717,9.575,9.5167,9.56,8.222,3843000
2017-03-13,9.5633,9.5733,9.5483,9.57,8.2306,3052800
2017-03-14,9.5467,9.5467,9.4983,9.535,8.2005,3326400
2017-03-15,9.5533,9.6417,9.5483,9.6183,8.2721,3297600
2017-03-16,9.6367,9.6383,9.5917,9.61,8.265,4221600
2017-03-17,9.6267,9.6283,9.595,9.6017,8.2578,3999000
2017-03-20,9.56,9.565,9.5233,9.5417,8.2398,2735400
2017-03-21,9.5717,9.5733,9.3967,9.405,8.1218,7851600
2017-03-22,9.3967,9.435,9.3733,9.42,8.1347,6934800
2017-03-23,9.4167,9.4733,9.4017,9.42,8.1347,3692400
2017-03-24,9.4367,9.4617,9.3833,9.4183,8.1333,4129800
2017-03-27,9.34,9.42,9.3117,9.4083,8.1247,5917800
2017-03-28,9.4033,9.4933,9.3917,9.4733,8.1808,4245600
2017-03-29,9.4683,9.5,9.4533,9.495,8.1995,2569200
2017-03-30,9.4917,9.5317,9.485,9.525,8.2254,2620800
2017-03-31,9.5133,9.54,9.5033,9.51,8.2125,2586000
2017-04-03,9.5183,9.5233,9.43,9.485,8.1909,4906800
2017-04-04,9.4733,9.49,9.4533,9.4883,8.1938,5044200
2017-04-05,9.52,9.56,9.44,9.4517,8.1621,4324200
2017-04-06,9.46,9.5033,9.435,9.4833,8.1894,2660400
2017-04-07,9.4767,9.5017,9.4517,9.4767,8.1837,2631600
2017-04-10,9.4867,9.5217,9.4583,9.485,8.1909,3502200
2017-04-11,9.4717,9.4833,9.4083,9.4833,8.1894,3450000
2017-04-12,9.47,9.4783,9.4233,9.435,8.1477,3100200
2017-04-13,9.42,9.4483,9.37,9.37,8.0916,2765400
2017-04-17,9.39,9.4533,9.3817,9.4533,8.1635,3484200
2017-04-18,9.425,9.4483,9.3933,9.4317,8.1448,3319800
2017-04-19,9.46,9.475,9.41,9.4233,8.1376,3603000
2017-04-20,9.4517,9.515,9.435,9.4967,8.201,3031800
2017-04-21,9.4983,9.4983,9.4533,9.4717,8.1794,2931000
2017-04-24,9.5733,9.5833,9.5517,9.5717,8.2657,2958600
2017-04-25,9.605,9.65,9.6033,9.635,8.3204,3657000
2017-04-26,9.6367,9.675,9.63,9.6367,8.3219,2773200
2017-04-27,9.65,9.655,9.6167,9.6417,8.3262,2241000
2017-04-28,9.655,9.655,9.605,9.605,8.2945,3040800
2017-05-01,9.6333,9.6517,9.6083,9.635,8.3204,2908200
2017-05-02,9.645,9.65,9.615,9.635,8.3204,2469600
2017-05-03,9.6117,9.62,9.5833,9.6083,8.2974,2602200
2017-05-04,9.625,9.6267,9.5733,9.6183,8.306,2213400
2017-05-05,9.64,9.665,9.615,9.665,8.3463,2343600
2017-05-08,9.665,9.67,9.6317,9.6533,8.3362,2626800
2017-05-09,9.6683,9.6733,9.6283,9.6467,8.3305,13611000
2017-05-10,9.64,9.6667,9.6333,9.6667,8.3478,1920600
2017-05-11,9.6483,9.65,9.5883,9.64,8.3247,2028000
2017-05-12,9.6333,9.6333,9.6083,9.6217,8.3089,1495200
2017-05-15,9.6467,9.685,9.645,9.6733,8.3535,2616000
2017-05-16,9.6883,9.6883,9.645,9.67,8.3506,5634600
2017-05-17,9.5883,9.605,9.4883,9.4933,8.1981,7390200
2017-05-18,9.4783,9.5633,9.4717,9.53,8.2297,5886600
2017-05-19,9.5517,9.6233,9.55,9.5867,8.2787,5002800
2017-05-22,9.615,9.65,9.6083,9.645,8.3291,2303400
2017-05-23,9.6617,9.6717,9.64,9.66,8.342,2149200
2017-05-24,9.675,9.69,9.6583,9.6867,8.365,1458600
2017-05-25,9.7117,9.7383,9.7,9.725,8.3981,2187600
2017-05-26,9.7233,9.73,9.7117,9.7283,8.401,1910400
2017-05-30,9.7167,9.7233,9.6967,9.71,8.3852,2094600
2017-05-31,9.7283,9.7283,9.665,9.71,8.3852,3879600
2017-06-01,9.7283,9.7967,9.7167,9.7933,8.4571,3024600
2017-06-02,9.8033,9.8433,9.7883,9.8333,8.4917,1638000
2017-06-05,9.8283,9.8367,9.8133,9.8167,8.4773,1983000
2017-06-06,9.7983,9.8183,9.7783,9.7917,8.4557,2188800
2017-06-07,9.7983,9.815,9.7717,9.8,8.4629,1206000
2017-06-08,9.81,9.8367,9.7883,9.8217,8.4816,1761000
2017-06-09,9.83,9.875,9.7533,9.81,8.4715,2247000
2017-06-12,9.8,9.8133,9.7683,9.8067,8.4687,2007000
2017-06-13,9.8317,9.8617,9.8167,9.8583,8.5133,4657200
2017-06-14,9.8733,9.8733,9.8033,9.8433,8.5003,1680000
2017-06-15,9.7767,9.8217,9.765,9.815,8.4759,2073600
2017-06-16,9.83,9.83,9.775,9.8183,8.4787,2221200
2017-06-19,9.815,9.855,9.8083,9.8533,8.5474,1888800
2017-06-20,9.84,9.84,9.7817,9.785,8.4881,1798200
2017-06-21,9.8017,9.81,9.76,9.7783,8.4824,4215600
2017-06-22,9.7783,9.8033,9.765,9.7783,8.4824,3125400
2017-06-23,9.785,9.8083,9.7633,9.8,8.5011,1945800
2017-06-26,9.8317,9.8483,9.7883,9.8067,8.5069,3806400
2017-06-27,9.7883,9.8117,9.725,9.725,8.4361,2418600
2017-06-28,9.7667,9.8267,9.7617,9.815,8.5142,1771800
2017-06-29,9.8233,9.83,9.6767,9.7383,8.4476,3796200
2017-06-30,9.775,9.7867,9.74,9.7433,8.452,3367800
2017-07-03,9.79,9.8167,9.7767,9.78,8.4838,1380000
2017-07-05,9.7817,9.795,9.7467,9.7833,8.4867,2121600
2017-07-06,9.7517,9.7567,9.685,9.6917,8.4072,3314400
2017-07-07,9.7167,9.765,9.71,9.76,8.4664,2071800
2017-07-10,9.7517,9.7817,9.74,9.7617,8.4679,2360400
2017-07-11,9.7633,9.775,9.7083,9.765,8.4708,1768800
2017-07-12,9.8117,9.8417,9.81,9.8333,8.5301,3454800
2017-07-13,9.8383,9.8567,9.8217,9.85,8.5445,2325600
2017-07-14,9.8567,9.9133,9.8467,9.895,8.5836,4986600
2017-07-17,9.8933,9.9133,9.885,9.8983,8.5864,1553400
2017-07-18,9.885,9.9017,9.8583,9.9,8.5879,1878600
2017-07-19,9.9183,9.96,9.9117,9.9583,8.6385,2053200
2017-07-20,9.975,9.98,9.94,9.9633,8.6428,3493200
2017-07-21,9.9417,9.9567,9.9267,9.9533,8.6342,1808400
2017-07-24,9.9483,9.9583,9.9283,9.95,8.6313,1852200
2017-07-25,9.995,9.9967,9.9683,9.9817,8.6587,1915800
2017-07-26,10.0,10.0,9.9667,9.9767,8.6544,1675800
2017-07-27,10.0,10.0,9.9017,9.9583,8.6385,1652400
2017-07-28,9.9317,9.9517,9.9217,9.945,8.6269,1511400
2017-07-31,9.9683,9.97,9.9267,9.94,8.6226,1647600
2017-08-01,9.9683,9.9717,9.94,9.96,8.6399,3495600
2017-08-02,9.97,9.97,9.91,9.9533,8.6342,2644800
2017-08-03,9.9533,9.9567,9.9217,9.9267,8.611,1995600
2017-08-04,9.955,9.9617,9.9333,9.955,8.6356,1583400
2017-08-07,9.9617,9.9717,9.9467,9.9717,8.6501,2596800
2017-08-08,9.9567,10.015,9.9283,9.9483,8.6298,2223000
2017-08-09,9.9183,9.9367,9.895,9.935,8.6183,3375000
2017-08-10,9.895,9.8983,9.7883,9.7917,8.4939,4688400
2017-08-11,9.7933,9.8283,9.7883,9.8067,8.5069,3669000
2017-08-14,9.8667,9.9167,9.8633,9.9067,8.5937,3943800
2017-08-15,9.93,9.93,9.8883,9.8983,8.5864,2047800
2017-08-16,9.92,9.9417,9.8967,9.9183,8.6038,8287800
2017-08-17,9.8883,9.9033,9.7617,9.7617,8.4679,3328200
2017-08-18,9.75,9.7967,9.72,9.7417,8.4505,4566600
2017-08-21,9.74,9.7617,9.7067,9.7483,8.4563,4897200
2017-08-22,9.78,9.8583,9.7783,9.8517,8.546,2441400
2017-08-23,9.8117,9.8417,9.8017,9.8217,8.5199,2154000
2017-08-24,9.845,9.85,9.7967,9.8033,8.504,1827000
2017-08-25,9.84,9.8633,9.82,9.8267,8.5243,1543800
2017-08-28,9.8483,9.8483,9.8083,9.83,8.5272,2617200
2017-08-29,9.7717,9.8483,9.7633,9.84,8.5358,1576800
2017-08-30,9.8417,9.8983,9.83,9.8867,8.5763,2163600
2017-08-31,9.92,9.965,9.9167,9.9533,8.6342,2007600
2017-09-01,9.97,9.9917,9.9633,9.9767,8.6544,2071800
2017-09-05,9.95,9.9617,9.8567,9.8983,8.5864,3547800
2017-09-06,9.93,9.945,9.9017,9.9233,8.6081,1816800
2017-09-07,9.94,9.94,9.9033,9.9233,8.6081,2269800
2017-09-08,9.9083,9.9333,9.9,9.9133,8.5995,1447200
2017-09-11,9.975,10.0233,9.9683,10.02,8.692,2847600
2017-09-12,10.0417,10.0583,10.0333,10.0583,8.7252,1607400
2017-09-13,10.045,10.0667,10.045,10.0667,8.7325,2007000
2017-09-14,10.0483,10.07,10.0417,10.06,8.7267,1584000
2017-09-15,10.0567,10.08,10.05,10.0767,8.7411,2853000
2017-09-18,10.0567,10.0733,10.0433,10.0633,8.7667,2307600
2017-09-19,10.07,10.0733,10.0567,10.0667,8.7696,2067000
2017-09-20,10.0733,10.0817,10.0367,10.08,8.7812,1756800
2017-09-21,10.0667,10.08,10.045,10.05,8.7551,2103600
2017-09-22,10.04,10.065,10.0117,10.0567,8.7609,3985800
2017-09-25,10.055,10.0683,10.01,10.0433,8.7493,3873600
2017-09-26,10.06,10.07,10.04,10.05,8.7551,2168400
2017-09-27,10.0817,10.1183,10.0467,10.0983,8.7972,2283000
2017-09-28,10.085,10.1183,10.0817,10.1167,8.8132,1936800
2017-09-29,10.115,10.1517,10.11,10.1517,8.8436,1661400
2017-10-02,10.1583,10.1983,10.1533,10.1967,8.8828,2590800
2017-10-03,10.215,10.225,10.195,10.225,8.9075,1709400
2017-10-04,10.22,10.245,10.21,10.23,8.9119,1800000
2017-10-05,10.2433,10.29,10.2433,10.2867,8.9613,2081400
2017-10-06,10.27,10.285,10.2567,10.28,8.9554,2157600
2017-10-09,10.29,10.2917,10.245,10.255,8.9337,1499400
2017-10-10,10.2833,10.3033,10.26,10.28,8.9554,1792800
2017-10-11,10.2783,10.2967,10.2717,10.2967,8.97,1585800
2017-10-12,10.2817,10.2983,10.2733,10.2833,8.9583,1911000
2017-10-13,10.3033,10.31,10.285,10.29,8.9642,1486800
2017-10-16,10.31,10.3167,10.285,10.3067,8.9787,2059200
2017-10-17,10.3067,10.31,10.2933,10.3083,8.9801,2044800
2017-10-18,10.325,10.33,10.31,10.32,8.9903,1454400
2017-10-19,10.2833,10.3217,10.2583,10.3217,8.9917,1725600
2017-10-20,10.36,10.375,10.3483,10.3733,9.0368,1765200
2017-10-23,10.39,10.39,10.3267,10.3333,9.0019,2092200
2017-10-24,10.35,10.36,10.3333,10.3483,9.015,1778400
2017-10-25,10.3317,10.3383,10.2417,10.2917,8.9656,3475800
2017-10-26,10.3183,10.3367,10.3033,10.3117,8.983,2658000
2017-10-27,10.3467,10.395,10.3267,10.3933,9.0542,4102800
2017-10-30,10.3467,10.3867,10.3383,10.3533,9.0193,2587800
2017-10-31,10.37,10.385,10.355,10.3717,9.0353,2247600
2017-11-01,10.41,10.425,10.3583,10.38,9.0426,2206200
2017-11-02,10.3717,10.3883,10.33,10.38,9.0426,2077200
2017-11-03,10.39,10.415,10.3683,10.41,9.0687,1710000
2017-11-06,10.41,10.4383,10.4083,10.43,9.0861,1884600
2017-11-07,10.4367,10.45,10.39,10.4133,9.0716,2413800
2017-11-08,10.4067,10.4317,10.39,10.425,9.0818,2205000
2017-11-09,10.375,10.4017,10.3167,10.3867,9.0484,3243000
2017-11-10,10.375,10.395,10.3633,10.3867,9.0484,1405800
2017-11-13,10.3583,10.4067,10.35,10.3983,9.0585,1635600
2017-11-14,10.3567,10.3783,10.3317,10.37,9.0338,1967400
2017-11-15,10.3267,10.3517,10.28,10.325,8.9946,2748600
2017-11-16,10.3667,10.43,10.365,10.415,9.0731,2432400
2017-11-17,10.4017,10.4167,10.3917,10.4,9.06,2164800
2017-11-20,10.41,10.4267,10.4,10.4233,9.0803,2321400
2017-11-21,10.4533,10.4933,10.4533,10.4933,9.1413,2245800
2017-11-22,10.4983,10.5017,10.48,10.4867,9.1355,1883400
2017-11-24,10.5083,10.5117,10.5,10.5033,9.15,1426800
2017-11-27,10.5117,10.52,10.49,10.4967,9.1442,2035800
2017-11-28,10.52,10.605,10.5117,10.6,9.2342,1932600
2017-11-29,10.6133,10.645,10.5833,10.605,9.2386,2468400
2017-11-30,10.6433,10.725,10.64,10.6833,9.3068,3132000
2017-12-01,10.6783,10.6967,10.505,10.6633,9.2894,4882200
2017-12-04,10.74,10.7633,10.6467,10.6467,9.2749,4837800
2017-12-05,10.6583,10.6833,10.5983,10.6017,9.2357,2628600
2017-12-06,10.5867,10.6167,10.58,10.5983,9.2328,2913000
2017-12-07,10.595,10.6533,10.5917,10.64,9.2691,2616000
2017-12-08,10.68,10.6967,10.6633,10.6933,9.3155,2232000
2017-12-11,10.7,10.7233,10.695,10.7233,9.3417,3273000
2017-12-12,10.7333,10.7567,10.7233,10.735,9.3518,1675200
2017-12-13,10.7467,10.77,10.7317,10.735,9.3518,2425200
2017-12-14,10.75,10.755,10.6833,10.685,9.3083,2583600
2017-12-15,10.7317,10.8,10.72,10.7783,9.3896,3519000
2017-12-18,10.7883,10.8133,10.7883,10.8,9.4538,3527400
2017-12-19,10.815,10.815,10.7567,10.7583,9.4173,2598600
2017-12-20,10.8017,10.8017,10.7417,10.7567,9.4158,3682800
2017-12-21,10.785,10.8083,10.7683,10.78,9.4363,2794200
2017-12-22,10.7867,10.7867,10.7567,10.78,9.4363,3000000
2017-12-26,10.7617,10.7783,10.7583,10.7683,9.426,3892800
2017-12-27,10.775,10.79,10.7617,10.775,9.4319,2967600
2017-12-28,10.7967,10.8017,10.7783,10.7983,9.4523,2783400
2017-12-29,10.8167,10.8267,10.7483,10.7533,9.4129,4292400
2018-01-02,10.795,10.8317,10.7767,10.8317,9.4815,3832200
2018-01-03,10.845,10.9,10.84,10.8917,9.534,4353000
2018-01-04,10.925,10.955,10.9217,10.9333,9.5705,7674000
2018-01-05,10.9733,11.0083,10.9483,11.0033,9.6318,3492600
2018-01-08,11.0,11.0333,10.9817,11.0283,9.6536,4121400
2018-01-09,11.045,11.0767,11.0317,11.0467,9.6697,3496200
2018-01-10,11.0183,11.0417,10.9817,11.0283,9.6536,3139800
2018-01-11,11.0517,11.1233,11.05,11.1233,9.7368,2907000
2018-01-12,11.1333,11.1933,11.1317,11.19,9.7951,3591000
2018-01-16,11.2483,11.27,11.1133,11.135,9.747,6340200
2018-01-17,11.1817,11.26,11.15,11.2433,9.8418,2850600
2018-01-18,11.2417,11.2533,11.2017,11.2183,9.82,2973000
2018-01-19,11.25,11.2817,11.2283,11.28,9.8739,2257200
2018-01-22,11.2733,11.3717,11.2733,11.3717,9.9542,3684000
2018-01-23,11.3733,11.4083,11.3567,11.4,9.979,3786600
2018-01-24,11.4,11.4517,11.3367,11.3917,9.9717,3721200
2018-01-25,11.4317,11.4317,11.3567,11.3933,9.9731,12322200
2018-01-26,11.4283,11.5117,11.415,11.5117,10.0767,3139800
2018-01-29,11.4883,11.505,11.4283,11.4367,10.0111,3865800
2018-01-30,11.3467,11.3733,11.2967,11.3183,9.9075,6565200
2018-01-31,11.3583,11.3833,11.2717,11.3133,9.9031,5266800
2018-02-01,11.2833,11.3633,11.275,11.31,9.9002,4001400
2018-02-02,11.2467,11.255,11.0683,11.0733,9.693,10921800
2018-02-05,10.9867,11.0833,10.5983,10.63,9.305,16803600
2018-02-06,10.4483,10.8367,10.3933,10.8183,9.4698,26949000
2018-02-07,10.795,10.935,10.765,10.765,9.4231,10853400
2018-02-08,10.7817,10.7817,10.3733,10.3783,9.0847,19660800
2018-02-09,10.4967,10.5967,10.1783,10.52,9.2087,20620800
2018-02-12,10.6033,10.7267,10.5217,10.6617,9.3327,6267600
2018-02-13,10.61,10.715,10.5883,10.695,9.3619,5437200
2018-02-14,10.6333,10.8617,10.6317,10.8483,9.4961,5990400
2018-02-15,10.9233,10.9783,10.815,10.9783,9.6099,7373400
2018-02-16,10.9483,11.07,10.9467,10.9833,9.6142,4963800
2018-02-20,10.9383,11.0083,10.8817,10.9183,9.5573,5075400
2018-02-21,10.9333,11.0483,10.865,10.8683,9.5136,3981600
2018-02-22,10.9067,10.98,10.8467,10.8717,9.5165,2805600
2018-02-23,10.9333,11.0433,10.91,11.0433,9.6668,2880600
2018-02-26,11.09,11.1633,11.0567,11.1617,9.7703,3818400
2018-02-27,11.165,11.2,11.0183,11.02,9.6463,5165400
2018-02-28,11.065,11.0833,10.8933,10.8933,9.5355,3931800
2018-03-01,10.9033,10.9667,10.6917,10.7667,9.4246,6599400
2018-03-02,10.6883,10.8567,10.6483,10.8333,9.4829,6739800
2018-03-05,10.7817,10.985,10.7783,10.9583,9.5924,4285800
2018-03-06,11.0,11.0067,10.9233,10.9983,9.6274,4393200
2018-03-07,10.9017,11.02,10.8817,11.0017,9.6303,3055200
2018-03-08,11.0317,11.0517,10.9817,11.045,9.6682,2572800
2018-03-09,11.11,11.2317,11.0967,11.2317,9.8316,2764200
2018-03-12,11.2467,11.2733,11.205,11.2267,9.8272,3283800
2018-03-13,11.2733,11.2933,11.1317,11.1533,9.763,2820600
2018-03-14,11.1983,11.2,11.08,11.1017,9.7178,2997000
2018-03-15,11.1233,11.1433,11.0617,11.0867,9.7047,1704000
2018-03-16,11.0567,11.0983,11.0533,11.0583,9.7189,7522800
2018-03-19,11.0183,11.0183,10.8417,10.9183,9.5959,5653200
2018-03-20,10.9267,10.9583,10.9033,10.9317,9.6076,3110400
2018-03-21,10.93,11.0233,10.9117,10.9217,9.5988,2641800
2018-03-22,10.83,10.8633,10.6483,10.6567,9.3659,6760800
2018-03-23,10.67,10.6933,10.4233,10.435,9.1711,9910800
2018-03-26,10.5867,10.715,10.4867,10.7067,9.4098,7223400
2018-03-27,10.75,10.7567,10.4567,10.52,9.2458,6609000
2018-03-28,10.5333,10.5933,10.445,10.495,9.2238,11694000
2018-03-29,10.545,10.7033,10.515,10.6317,9.3439,6594600
2018-04-02,10.6033,10.625,10.29,10.3933,9.1344,12681000
2018-04-03,10.4517,10.545,10.3717,10.5233,9.2487,6335400
2018-04-04,10.3633,10.665,10.36,10.645,9.3556,5616000
2018-04-05,10.7117,10.7567,10.67,10.72,9.4216,4764600
2018-04-06,10.6317,10.7017,10.42,10.4933,9.2223,6890400
2018-04-09,10.5567,10.6817,10.5167,10.525,9.2502,5257200
2018-04-10,10.66,10.7367,10.6167,10.7017,9.4054,4335000
2018-04-11,10.645,10.7283,10.6183,10.655,9.3644,2620800
2018-04-12,10.7083,10.7783,10.7033,10.735,9.4347,3267600
2018-04-13,10.7983,10.8033,10.665,10.705,9.4084,3236400
2018-04-16,10.78,10.8283,10.735,10.79,9.4831,3758400
2018-04-17,10.865,10.9367,10.8467,10.91,9.5885,4040400
2018-04-18,10.9367,10.96,10.9017,10.925,9.6017,4443000
2018-04-19,10.8933,10.9167,10.8183,10.8583,9.5431,3117600
2018-04-20,10.86,10.8617,10.7367,10.7767,9.4714,3405600
2018-04-23,10.8017,10.825,10.7233,10.7683,9.464,3130200
2018-04-24,10.82,10.8283,10.5683,10.635,9.3468,5015400
2018-04-25,10.635,10.6767,10.55,10.6533,9.363,5706000
2018-04-26,10.6983,10.7883,10.6733,10.7517,9.4494,2766000
2018-04-27,10.7883,10.7917,10.7183,10.7583,9.4552,1900200
2018-04-30,10.7867,10.8117,10.6717,10.6717,9.3791,3376200
2018-05-01,10.6533,10.705,10.5867,10.7,9.404,3858600
2018-05-02,10.69,10.7333,10.6233,10.64,9.3512,2249400
2018-05-03,10.6,10.6417,10.475,10.6117,9.3263,6626400
2018-05-04,10.575,10.78,10.555,10.7467,9.445,13035600
2018-05-07,10.79,10.8383,10.7667,10.7933,9.486,3381000
2018-05-08,10.7833,10.815,10.735,10.8033,9.4948,2035800
2018-05-09,10.8333,10.915,10.805,10.9017,9.5812,2374200
2018-05-10,10.9333,11.0117,10.93,10.995,9.6632,3189000
2018-05-11,11.0033,11.04,10.9767,11.0133,9.6794,2486400
2018-05-14,11.0433,11.0733,11.0033,11.0217,9.6867,2736000
2018-05-15,10.97,10.97,10.9183,10.955,9.6281,3720600
2018-05-16,10.9583,11.0267,10.955,11.0067,9.6735,2389800
2018-05-17,11.0017,11.0533,10.975,11.005,9.672,2385600
2018-05-18,11.0,11.01,10.97,10.9883,9.6574,2109000
2018-05-21,11.0483,11.0883,11.0367,11.0633,9.7233,2925000
2018-05-22,11.0883,11.0983,11.0133,11.025,9.6896,2372400
2018-05-23,10.98,11.055,10.9683,11.055,9.716,3096000
2018-05-24,11.0417,11.05,10.9583,11.0367,9.6999,2494800
2018-05-25,11.0167,11.04,10.9917,11.0133,9.6794,3310200
2018-05-29,10.9383,10.98,10.8517,10.9067,9.5856,4893600
2018-05-30,10.9617,11.07,10.9617,11.0483,9.7101,4229400
2018-05-31,11.0367,11.0433,10.9533,10.9733,9.6442,5502600
2018-06-01,11.0383,11.0967,11.0367,11.085,9.7423,4311600
2018-06-04,11.1183,11.1467,11.1033,11.14,9.7907,5281800
2018-06-05,11.1417,11.1683,11.115,11.1533,9.8024,3504600
2018-06-06,11.1783,11.25,11.155,11.25,9.8874,2350800
2018-06-07,11.2683,11.28,11.1967,11.235,9.8742,4198200
2018-06-08,11.2167,11.2767,11.2133,11.2767,9.9108,2460000
2018-06-11,11.2833,11.3183,11.2817,11.29,9.9225,4366800
2018-06-12,11.31,11.33,11.2833,11.3133,9.943,2115600
2018-06-13,11.325,11.3317,11.2667,11.2717,9.9064,2286000
2018-06-14,11.3117,11.325,11.2733,11.305,9.9357,2701200
2018-06-15,11.2683,11.305,11.2183,11.2917,9.924,2881800
2018-06-18,11.225,11.2833,11.2033,11.28,9.9137,3306000
2018-06-19,11.1767,11.2467,11.1533,11.2367,9.8756,2954400
2018-06-20,11.2733,11.295,11.2467,11.2717,9.9064,3150000
2018-06-21,11.2667,11.2683,11.17,11.1867,9.8317,3438000
2018-06-22,11.25,11.25,11.2,11.2067,9.8493,4503000
2018-06-25,11.1567,11.16,10.9783,11.05,9.7116,7885800
2018-06-26,11.0333,11.065,10.99,11.0267,9.7332,3191400
2018-06-27,11.0433,11.1117,10.9217,10.9217,9.6405,4192800
2018-06-28,10.9183,11.0183,10.8867,10.9917,9.7023,4510800
2018-06-29,11.035,11.0933,10.9983,10.9983,9.7082,3186600
2018-07-02,10.9317,11.03,10.9233,11.0283,9.7347,6583800
2018-07-03,11.07,11.0733,10.9833,10.9933,9.7038,2061600
2018-07-05,11.0517,11.09,11.0017,11.0883,9.7876,2743200
2018-07-06,11.0883,11.1967,11.075,11.1817,9.87,2144400
2018-07-09,11.2283,11.2833,11.2283,11.2817,9.9583,4053600
2018-07-10,11.3067,11.3233,11.2783,11.3133,9.9862,2299200
2018-07-11,11.25,11.285,11.22,11.235,9.9171,2572800
2018-07-12,11.29,11.3267,11.2583,11.3217,9.9936,2327400
2018-07-13,11.3183,11.3517,11.295,11.3317,10.0024,2576400
2018-07-16,11.3383,11.3433,11.295,11.315,9.9877,2154600
2018-07-17,11.2867,11.38,11.2717,11.365,10.0319,2435400
2018-07-18,11.3683,11.3933,11.3433,11.3867,10.051,3646800
2018-07-19,11.3483,11.385,11.3283,11.3617,10.0289,3381000
2018-07-20,11.3533,11.3733,11.3367,11.3417,10.0113,4840200
2018-07-23,11.335,11.365,11.3117,11.3583,10.026,2450400
2018-07-24,11.4133,11.44,11.3467,11.38,10.0451,3658200
2018-07-25,11.3717,11.4867,11.3717,11.4833,10.1363,2693400
2018-07-26,11.45,11.49,11.4433,11.4633,10.1187,2616600
2018-07-27,11.48,11.4817,11.33,11.3733,10.0392,2509200
2018-07-30,11.3767,11.3833,11.2833,11.3,9.9745,3456000
2018-07-31,11.345,11.3983,11.3233,11.3683,10.0348,2600400
2018-08-01,11.38,11.4,11.3217,11.3567,10.0245,3808200
2018-08-02,11.2967,11.43,11.2917,11.42,10.0804,1921800
2018-08-03,11.4333,11.4633,11.4217,11.4617,10.1172,3361800
2018-08-06,11.465,11.5217,11.45,11.51,10.1598,2566800
2018-08-07,11.54,11.565,11.5367,11.5483,10.1937,3055200
2018-08-08,11.5433,11.5583,11.5167,11.54,10.1863,4011600
2018-08-09,11.5467,11.5683,11.525,11.5317,10.179,2070600
2018-08-10,11.47,11.4967,11.435,11.46,10.1157,3304800
2018-08-13,11.4683,11.4967,11.3983,11.4117,10.073,2850600
2018-08-14,11.4483,11.5017,11.435,11.4883,10.1407,3835800
2018-08-15,11.4333,11.435,11.3333,11.3983,10.0613,3807000
2018-08-16,11.46,11.5283,11.455,11.4883,10.1407,2666400
2018-08-17,11.4733,11.55,11.4633,11.53,10.1775,3130800
2018-08-20,11.5517,11.5717,11.5317,11.56,10.204,2623200
2018-08-21,11.58,11.635,11.575,11.5967,10.2363,3415800
2018-08-22,11.58,11.615,11.5717,11.6,10.2393,2173200
2018-08-23,11.5833,11.6233,11.5633,11.575,10.2172,3219600
2018-08-24,11.6033,11.655,11.6,11.6483,10.282,2167800
2018-08-27,11.6983,11.7417,11.6883,11.7317,10.3555,3639000
2018-08-28,11.7583,11.7617,11.7133,11.7367,10.3599,2237400
2018-08-29,11.745,11.81,11.7367,11.8,10.4158,3223200
2018-08-30,11.7783,11.795,11.7283,11.75,10.3717,3607800
2018-08-31,11.7333,11.7717,11.7183,11.755,10.3761,2768400
2018-09-04,11.7467,11.755,11.69,11.7383,10.3614,3757800
2018-09-05,11.72,11.7233,11.65,11.7033,10.3305,3840000
2018-09-06,11.705,11.7233,11.62,11.6633,10.2952,3799200
2018-09-07,11.6167,11.685,11.5833,11.635,10.2702,2740200
2018-09-10,11.685,11.6933,11.6517,11.6617,10.2937,2079000
2018-09-11,11.6367,11.7183,11.6167,11.7017,10.329,2770800
2018-09-12,11.6967,11.72,11.655,11.7033,10.3305,2548800
2018-09-13,11.7483,11.775,11.7333,11.7633,10.3835,3657600
2018-09-14,11.775,11.7867,11.7333,11.7717,10.3908,3415800
2018-09-17,11.7683,11.77,11.6867,11.6983,10.3261,2532000
2018-09-18,11.7067,11.7817,11.7067,11.7583,10.379,2817600
2018-09-19,11.76,11.785,11.7517,11.7633,10.3835,3109200
2018-09-20,11.8167,11.8667,11.8117,11.8517,10.4614,4875000
2018-09-21,11.89,11.8933,11.8333,11.8417,10.4526,4500600
2018-09-24,11.82,11.82,11.7733,11.8017,10.4173,3980400
2018-09-25,11.7717,11.7733,11.735,11.7417,10.4099,1988400
2018-09-26,11.7483,11.795,11.6833,11.6933,10.3671,3739800
2018-09-27,11.7183,11.775,11.7067,11.7283,10.3981,2622000
2018-09-28,11.6983,11.755,11.6983,11.7317,10.401,3153000
2018-10-01,11.7933,11.81,11.7233,11.75,10.4173,5497800
2018-10-02,11.7417,11.765,11.7133,11.7317,10.401,3048000
2018-10-03,11.7767,11.795,11.7317,11.7467,10.4143,2757000
2018-10-04,11.7267,11.7267,11.5767,11.6467,10.3257,4912800
2018-10-05,11.6483,11.6733,11.5017,11.575,10.2621,6777600
2018-10-08,11.5433,11.5817,11.4717,11.5617,10.2503,5110800
2018-10-09,11.5383,11.6017,11.5233,11.5417,10.2326,3740400
2018-10-10,11.5117,11.5117,11.1633,11.175,9.9075,10707000
2018-10-11,11.1267,11.2033,10.8767,10.94,9.6992,30858600
2018-10-12,11.125,11.155,10.9333,11.0783,9.8218,21315000
2018-10-15,11.065,11.1283,11.0117,11.0333,9.7819,12690600
2018-10-16,11.1083,11.2917,11.0883,11.275,9.9962,6335400
2018-10-17,11.28,11.2983,11.1583,11.2733,9.9947,6821400
2018-10-18,11.23,11.2517,11.0467,11.105,9.8455,10728000
2018-10-19,11.125,11.215,11.0517,11.0783,9.8218,6103200
2018-10-22,11.11,11.1233,11.0083,11.0367,9.7849,4357800
2018-10-23,10.8683,11.0267,10.7733,10.9717,9.7272,13520400
2018-10-24,10.9667,10.98,10.6117,10.6283,9.4229,11955000
2018-10-25,10.7033,10.8917,10.6717,10.825,9.5972,9154800
2018-10-26,10.6667,10.7767,10.5133,10.64,9.4332,24633000
2018-10-29,10.7767,10.84,10.4267,10.58,9.38,12178800
2018-10-30,10.5783,10.7567,10.5583,10.745,9.5263,10459800
2018-10-31,10.86,10.96,10.85,10.8583,9.6268,8254200
2018-11-01,10.8967,11.0,10.855,10.995,9.7479,9133800
2018-11-02,11.0433,11.0633,10.8467,10.9367,9.6962,7256400
2018-11-05,10.9483,11.0117,10.9067,10.9867,9.7405,5746200
2018-11-06,10.9833,11.0583,10.9817,11.0533,9.7996,4294800
2018-11-07,11.1483,11.285,11.13,11.28,10.0006,8592600
2018-11-08,11.2517,11.2883,11.2083,11.255,9.9784,4064400
2018-11-09,11.2,11.2,11.0733,11.1417,9.878,7491600
2018-11-12,11.1083,11.1117,10.905,10.9217,9.6829,6164400
2018-11-13,10.9483,11.0417,10.8783,10.9117,9.674,5986800
2018-11-14,10.9967,11.015,10.7667,10.8333,9.6046,9004200
2018-11-15,10.7833,10.97,10.7133,10.9533,9.711,12746400
2018-11-16,10.9017,11.01,10.88,10.9783,9.7332,6521400
2018-11-19,10.9567,10.9633,10.7467,10.785,9.5617,8716800
2018-11-20,10.6283,10.7017,10.5467,10.5917,9.3903,18819000
2018-11-21,10.6533,10.7233,10.635,10.64,9.4332,12952800
2018-11-23,10.57,10.645,10.5617,10.585,9.3844,3302400
2018-11-26,10.685,10.7533,10.665,10.7483,9.5292,12520800
2018-11-27,10.705,10.7633,10.6767,10.7617,9.5411,5726400
2018-11-28,10.81,11.0117,10.765,11.0117,9.7627,6257400
2018-11-29,10.9833,11.06,10.9283,10.9983,9.7509,5214600
2018-11-30,10.9867,11.0833,10.9767,11.0667,9.8115,5893200
2018-12-03,11.2533,11.2533,11.1267,11.205,9.9341,17482800
2018-12-04,11.18,11.185,10.8183,10.84,9.6105,8899200
2018-12-06,10.6667,10.8217,10.5267,10.8217,9.5943,19858200
2018-12-07,10.8117,10.8767,10.5283,10.5733,9.3741,14043000
2018-12-10,10.5567,10.6217,10.3767,10.5833,9.383,19366200
2018-12-11,10.7183,10.7317,10.515,10.5767,9.377,11122800
2018-12-12,10.655,10.7183,10.5833,10.585,9.4338,8847600
2018-12-13,10.6183,10.65,10.5133,10.56,9.4115,10244400
2018-12-14,10.4667,10.5167,10.3417,10.3683,9.2407,23849400
2018-12-17,10.3267,10.375,10.09,10.155,9.0506,29055000
2018-12-18,10.2283,10.265,10.085,10.1483,9.0446,24367200
2018-12-19,10.1533,10.3133,9.92,9.985,8.899,26182200
2018-12-20,9.935,10.0,9.725,9.8283,8.7594,40239600
2018-12-21,9.8533,9.9717,9.5967,9.625,8.5782,48087600
2018-12-24,9.5517,9.6,9.3683,9.3683,8.3494,34464600
2018-12-26,9.4283,9.8433,9.3533,9.8433,8.7728,47983800
2018-12-27,9.7067,9.9283,9.56,9.9283,8.8485,36022200
2018-12-28,9.9667,10.0367,9.8433,9.9,8.8352,23833800
2018-12-31,9.965,9.99,9.88,9.9883,8.914,24868200
2019-01-02,9.835,10.0283,9.8217,9.9917,8.917,11748000
2019-01-03,9.9183,9.9267,9.7467,9.7633,8.7132,13177800
2019-01-04,9.8983,10.1233,9.8817,10.0983,9.0122,14401800
2019-01-07,10.1183,10.25,10.08,10.1883,9.0925,10320600
2019-01-08,10.29,10.305,10.1783,10.2933,9.1862,8041800
2019-01-09,10.3317,10.385,10.2833,10.3483,9.2353,7977000
2019-01-10,10.2883,10.4,10.255,10.395,9.2769,5853000
2019-01-11,10.345,10.3967,10.3217,10.395,9.2769,6031200
2019-01-14,10.3133,10.37,10.2933,10.3317,9.2204,6928800
2019-01-15,10.3483,10.4517,10.3483,10.445,9.3215,8347800
2019-01-16,10.4633,10.5117,10.4583,10.475,9.3483,5630400
2019-01-17,10.4417,10.5967,10.44,10.5583,9.4227,12591000
2019-01-18,10.635,10.7167,10.6033,10.6933,9.5432,13452000
2019-01-22,10.635,10.6367,10.4783,10.55,9.4152,13144800
2019-01-23,10.5967,10.625,10.4583,10.56,9.4242,7986600
2019-01-24,10.5533,10.6017,10.5233,10.5833,9.445,5471400
2019-01-25,10.66,10.7067,10.6467,10.68,9.5313,6719400
2019-01-28,10.585,10.6067,10.5267,10.605,9.4643,12105600
2019-01-29,10.61,10.6333,10.555,10.5883,9.4494,5885400
2019-01-30,10.6533,10.785,10.615,10.7483,9.5922,7033200
2019-01-31,10.7483,10.86,10.7417,10.8433,9.677,7594800
2019-02-01,10.855,10.8933,10.8217,10.8583,9.6904,5465400
2019-02-04,10.8567,10.9367,10.8317,10.9367,9.7603,6202800
2019-02-05,10.9567,10.9933,10.9333,10.9817,9.8005,9231000
2019-02-06,10.9717,10.9883,10.9317,10.9633,9.7841,5871000
2019-02-07,10.8967,10.92,10.7917,10.8683,9.6993,6853200
2019-02-08,10.8133,10.8817,10.7767,10.88,9.7097,7261800
2019-02-11,10.9117,10.9217,10.8717,10.895,9.7231,4857600
2019-02-12,10.9683,11.0483,10.965,11.035,9.8481,6720000
2019-02-13,11.07,11.1033,11.0483,11.07,9.8793,7365600
2019-02-14,11.025,11.1,10.9883,11.0517,9.8629,6355800
2019-02-15,11.125,11.175,11.12,11.1733,9.9715,6211800
2019-02-19,11.1467,11.2217,11.1417,11.1933,9.9894,4411200
2019-02-20,11.1917,11.2333,11.1733,11.2167,10.0102,3657600
2019-02-21,11.1983,11.2,11.135,11.175,9.973,16792200
2019-02-22,11.2067,11.2567,11.195,11.2517,10.0414,36058200
2019-02-25,11.3167,11.3383,11.2617,11.2683,10.0563,12503400
2019-02-26,11.245,11.2867,11.2383,11.2483,10.0385,4299000
2019-02-27,11.2233,11.265,11.1867,11.25,10.0399,3490800
2019-02-28,11.2417,11.2617,11.215,11.225,10.0176,4237200
2019-03-01,11.2967,11.315,11.23,11.3017,10.0861,4903800
2019-03-04,11.34,11.355,11.1467,11.2467,10.037,6428400
2019-03-05,11.2567,11.2583,11.2083,11.2283,10.0206,3967200
2019-03-06,11.2283,11.2333,11.1317,11.14,9.9418,4286400
2019-03-07,11.125,11.1283,11.0183,11.0517,9.8629,6924600
2019-03-08,10.9667,11.035,10.9517,11.0283,9.8421,4429200
2019-03-11,11.065,11.1983,11.0617,11.195,9.9909,3639600
2019-03-12,11.2183,11.2567,11.2083,11.2317,10.0236,7314600
2019-03-13,11.2717,11.345,11.2667,11.305,10.089,5124000
2019-03-14,11.3033,11.32,11.2783,11.2967,10.0816,3250800
2019-03-15,11.3217,11.3833,11.3117,11.3467,10.1262,7702800
2019-03-18,11.355,11.4067,11.3433,11.3933,10.1679,4057200
2019-03-19,11.4317,11.46,11.3467,11.3867,10.1619,5718000
2019-03-20,11.33,11.38,11.245,11.2983,10.1243,4819200
2019-03-21,11.2617,11.445,11.2567,11.425,10.2378,6295200
2019-03-22,11.3667,11.3867,11.1883,11.19,10.0272,7102200
2019-03-25,11.1767,11.2317,11.1217,11.1817,10.0197,7965600
2019-03-26,11.2617,11.3133,11.2083,11.2667,10.0959,6609000
2019-03-27,11.2733,11.295,11.14,11.2183,10.0526,4816200
2019-03-28,11.245,11.2817,11.195,11.2683,10.0974,3431400
2019-03-29,11.3283,11.3467,11.2867,11.3417,10.1631,5325600
2019-04-01,11.4167,11.5667,11.4067,11.4733,10.2811,6406800
2019-04-02,11.4717,11.4783,11.4317,11.47,10.2781,5223600
2019-04-03,11.525,11.5467,11.4683,11.5017,10.3065,4627200
2019-04-04,11.5067,11.5317,11.4717,11.52,10.3229,4357800
2019-04-05,11.5517,11.5867,11.54,11.585,10.3812,4065600
2019-04-08,11.565,11.595,11.5317,11.5917,10.3871,3997800
2019-04-09,11.55,11.5617,11.5,11.52,10.3229,3948600
2019-04-10,11.5383,11.5783,11.5283,11.5783,10.3752,2842200
2019-04-11,11.5917,11.595,11.5483,11.5767,10.3737,2851200
2019-04-12,11.6467,11.6617,11.6133,11.6533,10.4424,2853600
2019-04-15,11.6583,11.6617,11.6067,11.645,10.4349,4276800
2019-04-16,11.6767,11.6833,11.6217,11.65,10.4394,3217800
2019-04-17,11.6967,11.6967,11.5833,11.6083,10.4021,3450600
2019-04-18,11.6333,11.635,11.565,11.6217,10.414,18578400
2019-04-22,11.595,11.635,11.5783,11.635,10.426,3558000
2019-04-23,11.6483,11.7533,11.6383,11.74,10.52,4191600
2019-04-24,11.7417,11.7617,11.7183,11.7217,10.5036,2868600
2019-04-25,11.7217,11.735,11.6533,11.7083,10.4917,3588000
2019-04-26,11.7083,11.7683,11.6783,11.765,10.5424,3396000
2019-04-29,11.775,11.8133,11.7667,11.7883,10.5634,4948200
2019-04-30,11.7783,11.7983,11.7067,11.7883,10.5634,3456600
2019-05-01,11.8217,11.8233,11.7,11.7,10.4842,4776600
2019-05-02,11.6917,11.735,11.605,11.6833,10.4693,6812400
2019-05-03,11.7433,11.81,11.7367,11.805,10.5783,4229400
2019-05-06,11.615,11.7817,11.59,11.7667,10.5439,5616600
2019-05-07,11.665,11.6817,11.48,11.57,10.3677,8348400
2019-05-08,11.55,11.62,11.5217,11.5433,10.3438,4253400
2019-05-09,11.4483,11.5333,11.37,11.515,10.3184,6969600
2019-05-10,11.4717,11.595,11.335,11.5567,10.3558,7003800
2019-05-13,11.3417,11.375,11.2267,11.27,10.0989,10771200
2019-05-14,11.3067,11.4333,11.2983,11.3717,10.19,6960600
2019-05-15,11.3017,11.46,11.2833,11.4367,10.2482,7532400
2019-05-16,11.4667,11.6,11.4633,11.54,10.3408,5256000
2019-05-17,11.44,11.5683,11.44,11.4583,10.2676,4087200
2019-05-20,11.385,11.4317,11.3417,11.3783,10.196,3895200
2019-05-21,11.4483,11.5,11.445,11.485,10.2915,3361200
2019-05-22,11.4483,11.4833,11.4217,11.4467,10.2572,2666400
2019-05-23,11.3483,11.35,11.2317,11.3,10.1258,6489600
2019-05-24,11.3567,11.38,11.2967,11.3283,10.1512,2662800
2019-05-28,11.3467,11.3817,11.225,11.2283,10.0616,3453000
2019-05-29,11.17,11.1883,11.0833,11.1467,9.9884,11647200
2019-05-30,11.18,11.2183,11.12,11.1733,10.0123,3846600
2019-05-31,11.0583,11.0967,11.0167,11.0267,9.8808,15931800
2019-06-03,11.0233,11.0783,10.9417,11.0033,9.8599,10392000
2019-06-04,11.105,11.2533,11.0883,11.25,10.081,8387400
2019-06-05,11.32,11.3383,11.2283,11.3383,10.1601,5651400
2019-06-06,11.35,11.4283,11.3133,11.4033,10.2184,34033200
2019-06-07,11.4483,11.5567,11.445,11.5067,10.311,6589800
2019-06-10,11.5767,11.6433,11.565,11.57,10.3677,4570800
2019-06-11,11.65,11.665,11.53,11.56,10.3588,4999800
2019-06-12,11.5533,11.5733,11.5167,11.545,10.3453,2442000
2019-06-13,11.5867,11.6083,11.5567,11.6033,10.3976,3999600
2019-06-14,11.5867,11.6,11.5433,11.5683,10.3662,3688800
2019-06-17,11.5833,11.6167,11.575,11.59,10.3856,3575400
2019-06-18,11.6617,11.7583,11.6517,11.7067,10.4902,4962000
2019-06-19,11.715,11.7583,11.6717,11.735,10.5156,3567000
2019-06-20,11.855,11.8617,11.7583,11.8467,10.6156,4240800
2019-06-21,11.825,11.875,11.8033,11.8217,10.5932,3394200
2019-06-24,11.8283,11.835,11.78,11.7867,10.5619,2896200
2019-06-25,11.7917,11.7917,11.6683,11.67,10.4573,5240400
2019-06-26,11.6633,11.6867,11.6067,11.61,10.4489,3479400
2019-06-27,11.6433,11.6867,11.6367,11.6733,10.5059,2464200
2019-06-28,11.7117,11.7617,11.695,11.755,10.5794,4182600
2019-07-01,11.895,11.9017,11.7917,11.8417,10.6574,9843000
2019-07-02,11.8433,11.8667,11.8033,11.8633,10.6769,5512200
2019-07-03,11.8933,11.96,11.89,11.96,10.7639,3265200
2019-07-05,11.91,11.9567,11.85,11.9533,10.7579,2487600
2019-07-08,11.8967,11.91,11.8567,11.8783,10.6904,2143200
2019-07-09,11.8283,11.91,11.8267,11.9033,10.7129,1836000
2019-07-10,11.9517,11.9917,11.915,11.9533,10.7579,2696400
2019-07-11,11.98,11.9867,11.9267,11.9733,10.7759,3535800
2019-07-12,11.99,12.0333,11.9833,12.0333,10.8299,3428400
2019-07-15,12.0483,12.0483,12.0083,12.0267,10.8239,3135000
2019-07-16,12.0233,12.0367,11.9817,11.9933,10.7939,2473200
2019-07-17,11.9983,11.9983,11.9167,11.92,10.7279,3152400
2019-07-18,11.9017,11.975,11.8767,11.96,10.7639,3331800
2019-07-19,12.005,12.0083,11.8883,11.8917,10.7024,3666600
2019-07-22,11.9117,11.9417,11.89,11.9167,10.7249,5067600
2019-07-23,11.9667,12.0033,11.9333,12.0033,10.8029,2757000
2019-07-24,11.975,12.075,11.97,12.0717,10.8644,3754200
2019-07-25,12.0583,12.0583,11.98,12.01,10.8089,3549000
2019-07-26,12.0433,12.105,12.035,12.0917,10.8824,3388800
2019-07-29,12.095,12.0967,12.04,12.07,10.8629,3373800
2019-07-30,12.0017,12.0667,11.9867,12.0517,10.8464,2451600
2019-07-31,12.0617,12.075,11.8383,11.925,10.7324,6029400
2019-08-01,11.9333,12.055,11.775,11.8133,10.6319,8046000
2019-08-02,11.7667,11.775,11.6417,11.7133,10.5419,6908400
2019-08-05,11.525,11.525,11.2733,11.3717,10.2344,13319400
2019-08-06,11.445,11.525,11.3767,11.5167,10.3649,8926200
2019-08-07,11.3917,11.56,11.2967,11.5233,10.3709,8512800
2019-08-08,11.5917,11.7533,11.575,11.75,10.5749,4688400
2019-08-09,11.7133,11.7333,11.5983,11.67,10.5029,4054200
2019-08-12,11.6017,11.615,11.4833,11.5217,10.3694,3951000
2019-08-13,11.505,11.76,11.495,11.6917,10.5224,4454400
2019-08-14,11.515,11.5317,11.345,11.3467,10.2119,5851200
2019-08-15,11.385,11.4117,11.2867,11.375,10.2374,6399600
2019-08-16,11.4467,11.5633,11.4467,11.5433,10.3889,12099600
2019-08-19,11.6817,11.7117,11.6483,11.6833,10.5149,4873800
2019-08-20,11.6633,11.68,11.59,11.595,10.4354,2662800
2019-08-21,11.6917,11.7033,11.6617,11.6833,10.5149,3432000
2019-08-22,11.7133,11.7433,11.6067,11.6817,10.5134,2748000
2019-08-23,11.6283,11.6967,11.3333,11.3833,10.2449,6551400
2019-08-26,11.48,11.5,11.4133,11.5,10.3499,6875400
2019-08-27,11.57,11.5817,11.4167,11.45,10.3049,35619600
2019-08-28,11.415,11.5367,11.385,11.53,10.3769,2907000
2019-08-29,11.6383,11.7033,11.605,11.6767,10.5089,3692400
2019-08-30,11.7383,11.7417,11.6333,11.675,10.5074,4674000
2019-09-03,11.5983,11.6367,11.5467,11.6,10.4399,5709000
2019-09-04,11.695,11.7283,11.665,11.7283,10.5554,2976600
2019-09-05,11.8333,11.9217,11.8167,11.8817,10.6934,4117200
2019-09-06,11.9017,11.9183,11.8667,11.885,10.6964,3363000
2019-09-09,11.9317,11.9317,11.85,11.8983,10.7084,3075600
2019-09-10,11.8633,11.905,11.8083,11.9017,10.7114,8369400
2019-09-11,11.9217,12.0067,11.8917,12.0067,10.8059,3657600
2019-09-12,12.045,12.0817,12.0,12.0433,10.8389,5149200
2019-09-13,12.06,12.0767,12.015,12.0317,10.8284,3503400
2019-09-16,11.9833,12.0217,11.975,12.005,10.8044,3793200
2019-09-17,11.9933,12.0367,11.9867,12.0367,10.8329,2234400
2019-09-18,12.02,12.035,11.9217,12.0333,10.8299,3193200
2019-09-19,12.045,12.0933,12.0133,12.03,10.8269,2542800
2019-09-20,12.0533,12.065,11.935,11.9717,10.7744,2981400
2019-09-23,11.9367,12.0017,11.9333,11.9683,10.7714,2812800
2019-09-24,12.0167,12.0317,11.825,11.865,10.6784,4030200
2019-09-25,11.8083,11.9017,11.7467,11.8833,10.7464,3363600
2019-09-26,11.8883,11.8883,11.7917,11.845,10.7117,5521800
2019-09-27,11.875,11.8817,11.7117,11.7717,10.6454,3429600
2019-09-30,11.8,11.8617,11.8,11.8367,10.7042,3022200
2019-10-01,11.8683,11.9017,11.6733,11.685,10.567,6768000
2019-10-02,11.6133,11.6133,11.4283,11.4883,10.3892,8418600
2019-10-03,11.48,11.58,11.3567,11.58,10.4721,7644000
2019-10-04,11.615,11.7383,11.6083,11.7283,10.6062,4216200
2019-10-07,11.7033,11.7683,11.6683,11.6833,10.5655,3769200
2019-10-08,11.6033,11.625,11.4967,11.5,10.3997,5505000
2019-10-09,11.5867,11.6417,11.5567,11.605,10.4947,3904200
2019-10-10,11.6033,11.715,11.595,11.68,10.5625,3481800
2019-10-11,11.8017,11.9017,11.7967,11.81,10.6801,10360800
2019-10-14,11.7917,11.815,11.78,11.79,10.662,2911800
2019-10-15,11.8383,11.94,11.8317,11.9117,10.772,3182400
2019-10-16,11.8917,11.9167,11.865,11.89,10.7524,2572800
2019-10-17,11.94,11.9617,11.9,11.925,10.7841,3090000
2019-10-18,11.9033,11.9283,11.8317,11.875,10.7389,2293200
2019-10-21,11.9367,11.965,11.92,11.9633,10.8187,2613000
2019-10-22,11.9867,11.9917,11.9167,11.9233,10.7826,2428200
2019-10-23,11.91,11.9517,11.8967,11.9483,10.8052,2646000
2019-10-24,11.9917,12.0,11.9383,11.975,10.8293,2061600
2019-10-25,11.955,12.0533,11.9417,12.0333,10.882,2547000
2019-10-28,12.0833,12.12,12.08,12.0983,10.9408,3258600
2019-10-29,12.085,12.135,12.0783,12.095,10.9378,2289600
2019-10-30,12.1083,12.14,12.0433,12.1317,10.971,2729400
2019-10-31,12.1317,12.1317,12.0283,12.0833,10.9273,3628200
2019-11-01,12.1483,12.2117,12.1433,12.2117,11.0433,3394800
2019-11-04,12.2783,12.2867,12.2417,12.26,11.087,2813400
2019-11-05,12.2767,12.2867,12.235,12.2433,11.0719,4591800
2019-11-06,12.245,12.2517,12.2033,12.245,11.0735,2221800
2019-11-07,12.3067,12.335,12.2617,12.2833,11.1081,3580800
2019-11-08,12.2717,12.3167,12.24,12.3133,11.1353,2018400
2019-11-11,12.2617,12.3033,12.25,12.295,11.1187,2484600
2019-11-12,12.3167,12.36,12.2917,12.32,11.1413,2509200
2019-11-13,12.2717,12.3383,12.2633,12.3183,11.1398,2708400
2019-11-14,12.3083,12.34,12.2867,12.34,11.1594,2487000
2019-11-15,12.3933,12.43,12.3683,12.43,11.2408,2307000
2019-11-18,12.41,12.4433,12.3983,12.435,11.2453,4509000
2019-11-19,12.4667,12.4667,12.4067,12.4383,11.2483,2853600
2019-11-20,12.41,12.4433,12.3283,12.3983,11.2121,2879400
2019-11-21,12.4083,12.4083,12.3417,12.3683,11.185,2364000
2019-11-22,12.4033,12.4083,12.3567,12.395,11.2091,2445000
2019-11-25,12.44,12.5117,12.44,12.5117,11.3146,3283800
2019-11-26,12.52,12.5467,12.5017,12.54,11.3402,2610000
2019-11-27,12.57,12.5983,12.555,12.595,11.39,2412000
2019-11-29,12.5783,12.585,12.5383,12.5467,11.3463,1366800
2019-12-02,12.5633,12.565,12.42,12.435,11.2453,4018800
2019-12-03,12.315,12.36,12.2617,12.3583,11.176,5391600
2019-12-04,12.4083,12.4583,12.3917,12.4283,11.2393,2340600
2019-12-05,12.4583,12.4583,12.3983,12.4533,11.2619,1873200
2019-12-06,12.5333,12.585,12.5333,12.565,11.3628,2981400
2019-12-09,12.5533,12.5733,12.5183,12.5183,11.3206,2574000
2019-12-10,12.5233,12.5483,12.485,12.5133,11.3161,1947000
2019-12-11,12.5283,12.55,12.5067,12.5367,11.3372,3650400
2019-12-12,12.4667,12.6017,12.4533,12.5633,11.4315,5181000
2019-12-13,12.5633,12.6267,12.52,12.57,11.4376,3921600
2019-12-16,12.6467,12.69,12.64,12.6567,11.5165,2606400
2019-12-17,12.6833,12.685,12.6567,12.6683,11.5271,2557800
2019-12-18,12.6867,12.6917,12.6633,12.6717,11.5301,5319000
2019-12-19,12.6833,12.725,12.6767,12.725,11.5787,3446400
2019-12-20,12.77,12.8033,12.7667,12.785,11.6332,2859600
2019-12-23,12.8117,12.815,12.7917,12.7933,11.6408,3369000
2019-12-24,12.8083,12.81,12.785,12.8,11.6469,1675800
2019-12-26,12.8233,12.8583,12.8167,12.8583,11.7,2421600
2019-12-27,12.895,12.895,12.8317,12.8567,11.6985,3972000
2019-12-30,12.86,12.8667,12.76,12.7817,11.6302,4101000
2019-12-31,12.7583,12.8267,12.745,12.8133,11.659,3548400
2020-01-02,12.8883,12.9233,12.8333,12.9233,11.7591,4872000
2020-01-03,12.7933,12.8833,12.7717,12.8367,11.6803,7505400
2020-01-06,12.76,12.8867,12.75,12.8867,11.7258,5140200
2020-01-07,12.8717,12.8817,12.8283,12.8517,11.6939,5218200
2020-01-08,12.86,12.9667,12.85,12.9083,11.7455,7220400
2020-01-09,12.9867,12.9983,12.9533,12.995,11.8243,3685200
2020-01-10,13.025,13.025,12.9383,12.955,11.7879,3792000
2020-01-13,12.99,13.0533,12.965,13.0533,11.8774,3663000
2020-01-14,13.0333,13.0883,13.015,13.0433,11.8683,3950400
2020-01-15,13.035,13.1083,13.0317,13.0667,11.8895,3013800
2020-01-16,13.1333,13.1867,13.125,13.1867,11.9987,3084600
2020-01-17,13.22,13.2217,13.185,13.2133,12.023,2897400
2020-01-21,13.175,13.22,13.1683,13.1883,12.0002,5387400
2020-01-22,13.2267,13.2567,13.1833,13.1933,12.0048,3051000
2020-01-23,13.1617,13.2133,13.1067,13.2017,12.0124,3845400
2020-01-24,13.24,13.24,13.0233,13.0783,11.9002,6525600
2020-01-27,12.8617,12.9417,12.835,12.8833,11.7227,9082200
2020-01-28,12.9483,13.0483,12.925,13.01,11.838,4818600
2020-01-29,13.0717,13.075,12.99,12.995,11.8243,3448800
2020-01-30,12.91,13.045,12.88,13.035,11.8607,4666200
2020-01-31,13.0117,13.0183,12.765,12.8017,11.6484,6189600
2020-02-03,12.865,12.9833,12.8567,12.915,11.7515,4644000
2020-02-04,13.0717,13.1533,13.06,13.11,11.929,4189200
2020-02-05,13.24,13.2583,13.1683,13.25,12.0564,4542000
2020-02-06,13.2933,13.295,13.2483,13.28,12.0837,3132600
2020-02-07,13.245,13.2617,13.1833,13.2117,12.0215,3459000
2020-02-10,13.1767,13.3033,13.175,13.3017,12.1034,3461400
2020-02-11,13.365,13.405,13.3167,13.3417,12.1398,4831200
2020-02-12,13.4067,13.43,13.3833,13.4217,12.2126,3047400
2020-02-13,13.3633,13.4567,13.3517,13.42,12.211,2466000
2020-02-14,13.4383,13.4467,13.3883,13.4433,12.2323,2841600
2020-02-18,13.4017,13.4283,13.3483,13.405,12.1974,3572400
2020-02-19,13.4567,13.5067,13.4483,13.48,12.2656,3622200
2020-02-20,13.46,13.4967,13.2983,13.43,12.2201,5412000
2020-02-21,13.3783,13.3867,13.26,13.2967,12.0988,4509600
2020-02-24,12.865,12.9833,12.8067,12.8617,11.703,15472200
2020-02-25,12.9233,12.9417,12.4267,12.47,11.3466,18068400
2020-02-26,12.5233,12.6683,12.3683,12.3967,11.2799,17455800
2020-02-27,12.15,12.3267,11.8517,11.8533,10.7855,32116800
2020-02-28,11.4983,11.7833,11.375,11.7633,10.7036,51681000
2020-03-02,11.85,12.28,11.71,12.28,11.1737,18693600
2020-03-03,12.305,12.46,11.8267,11.9417,10.8659,25326600
2020-03-04,12.1733,12.4283,12.0567,12.4283,11.3087,10093800
2020-03-05,12.12,12.2383,11.905,12.0017,10.9205,10950000
2020-03-06,11.6317,11.8433,11.5167,11.79,10.7279,24725400
2020-03-09,10.945,11.24,10.8133,10.8583,9.8801,41293800
2020-03-10,11.24,11.3833,10.7967,11.3833,10.3578,29758200
2020-03-11,11.08,11.125,10.6683,10.8083,9.8347,22494000
2020-03-12,10.0533,10.4433,9.735,9.745,8.8671,52420200
2020-03-13,10.3067,10.6483,9.775,10.6367,9.6784,41383800
2020-03-16,9.495,10.0283,9.3333,9.3617,8.5183,30448800
2020-03-17,9.5333,9.9617,9.23,9.88,8.9899,26149200
2020-03-18,9.2633,9.56,8.835,9.315,8.4758,33628800
2020-03-19,9.2083,9.6083,8.965,9.405,8.5577,23300400
2020-03-20,9.5017,9.605,8.965,8.9667,8.1589,17122800
2020-03-23,8.9133,8.9967,8.5633,8.725,7.939,28266000
2020-03-24,9.2083,9.5967,9.195,9.5783,8.7155,17848200
2020-03-25,9.6433,10.045,9.3917,9.6583,8.8401,23982600
2020-03-26,9.78,10.2933,9.7667,10.235,9.3679,19171200
2020-03-27,9.9283,10.2083,9.82,9.9283,9.0872,35094000
2020-03-30,9.995,10.2567,9.9117,10.23,9.3633,16279200
2020-03-31,10.195,10.2967,10.0183,10.0717,9.2184,15240600
2020-04-01,9.72,9.8233,9.5217,9.6117,8.7974,13982400
2020-04-02,9.57,9.86,9.5517,9.81,8.9789,9279600
2020-04-03,9.7667,9.8567,9.5367,9.655,8.837,6122400
2020-04-06,10.0483,10.3883,10.0,10.3217,9.4472,14274000
2020-04-07,10.6867,10.7267,10.2833,10.3283,9.4533,43987200
2020-04-08,10.46,10.7483,10.3617,10.6917,9.7859,37312800
2020-04-09,10.86,11.01,10.7817,10.9,9.9766,17247600
2020-04-13,10.8567,10.865,10.6117,10.7667,9.8545,22749000
2020-04-14,10.985,11.1267,10.9467,11.1017,10.1611,10548000
2020-04-15,10.8483,10.91,10.75,10.8367,9.9186,11165400
2020-04-16,10.8867,10.9133,10.7467,10.8867,9.9644,8278200
2020-04-17,11.1383,11.215,11.03,11.1983,10.2496,12138000
2020-04-20,11.0233,11.1883,10.9867,11.0117,10.0788,13510800
2020-04-21,10.7983,10.8667,10.6267,10.665,9.7615,12292200
2020-04-22,10.875,10.9667,10.8183,10.8983,9.975,7616400
2020-04-23,10.95,11.1,10.8983,10.9183,9.9933,10755600
2020-04-24,10.9933,11.0967,10.89,11.07,10.1322,8548200
2020-04-27,11.165,11.3067,11.1433,11.2683,10.3137,10876200
2020-04-28,11.43,11.4517,11.2117,11.225,10.274,9723000
2020-04-29,11.465,11.6133,11.4233,11.5533,10.5745,8546400
2020-04-30,11.475,11.4933,11.3517,11.4133,10.4464,6513000
2020-05-01,11.1867,11.2233,11.0367,11.0867,10.1474,9696000
2020-05-04,11.0033,11.14,10.945,11.1333,10.1901,15572400
2020-05-05,11.2683,11.3633,11.2167,11.24,10.2878,8121000
2020-05-06,11.3033,11.3283,11.1633,11.1633,10.2176,5052000
2020-05-07,11.3133,11.395,11.2883,11.3117,10.3534,8135400
2020-05-08,11.435,11.54,11.4067,11.5233,10.5471,7564800
2020-05-11,11.4333,11.5883,11.42,11.52,10.544,5465400
2020-05-12,11.5733,11.5933,11.2733,11.2767,10.3213,5933400
2020-05-13,11.2433,11.2817,10.9467,11.05,10.1139,8973600
2020-05-14,10.93,11.1833,10.8217,11.1767,10.2298,7911000
2020-05-15,11.0817,11.2433,11.04,11.2383,10.2862,5751600
2020-05-18,11.5267,11.6767,11.525,11.615,10.631,8005200
2020-05-19,11.5983,11.6717,11.4917,11.4917,10.5181,5385600
2020-05-20,11.66,11.74,11.6467,11.7067,10.7149,5085000
2020-05-21,11.7,11.735,11.5733,11.625,10.6401,5950200
2020-05-22,11.6317,11.6683,11.5683,11.6617,10.6737,6836400
2020-05-26,11.9333,11.935,11.8117,11.8233,10.8217,6898800
2020-05-27,11.9633,12.0183,11.7333,12.0183,11.0001,12422400
2020-05-28,12.065,12.1333,11.9417,11.9667,10.9529,5277000
2020-05-29,11.94,12.045,11.84,12.025,11.0063,6676200
2020-06-01,12.0133,12.1233,11.9867,12.0883,11.0642,5641200
2020-06-02,12.1333,12.1917,12.0733,12.19,11.1573,4194000
2020-06-03,12.2833,12.4117,12.28,12.38,11.3312,4236000
2020-06-04,12.3333,12.4033,12.2483,12.3333,11.2885,4881000
2020-06-05,12.6133,12.75,12.565,12.6633,11.5905,9621000
2020-06-08,12.7233,12.8367,12.6917,12.8317,11.7446,14928000
2020-06-09,12.7167,12.7833,12.6583,12.7217,11.6439,5227800
2020-06-10,12.74,12.765,12.59,12.63,11.56,8329800
2020-06-11,12.27,12.3267,11.8533,11.8733,10.8674,10540800
2020-06-12,12.1933,12.2333,11.7967,12.0383,11.0185,10449000
2020-06-15,11.765,12.2117,11.7283,12.16,11.1298,8381400
2020-06-16,12.52,12.52,12.1983,12.4033,11.3525,9633000
2020-06-17,12.4333,12.45,12.315,12.3417,11.2961,4066200
2020-06-18,12.2683,12.375,12.2533,12.3433,11.2976,3966600
2020-06-19,12.505,12.505,12.2183,12.2833,11.2427,6297600
2020-06-22,12.2483,12.3733,12.1983,12.3583,11.3113,4166400
2020-06-23,12.4833,12.505,12.395,12.4133,11.3617,5503800
2020-06-24,12.275,12.29,11.945,12.0367,11.0609,10246200
2020-06-25,11.9983,12.1783,11.9217,12.1633,11.1773,7917600
2020-06-26,12.1183,12.1333,11.865,11.8767,10.9139,7999200
2020-06-29,11.9483,12.07,11.8383,12.07,11.0915,5926200
2020-06-30,12.0533,12.295,12.0417,12.245,11.2523,7245600
2020-07-01,12.27,12.3567,12.2467,12.31,11.3121,5014800
2020-07-02,12.4717,12.5183,12.3433,12.3667,11.3641,5290200
2020-07-06,12.5483,12.5833,12.5033,12.5533,11.5357,6074400
2020-07-07,12.495,12.58,12.4133,12.42,11.4131,4080600
2020-07-08,12.4583,12.535,12.3867,12.5217,11.5066,4139400
2020-07-09,12.5617,12.5633,12.2983,12.4533,11.4438,6352800
2020-07-10,12.445,12.59,12.3883,12.585,11.5648,4975200
2020-07-13,12.675,12.79,12.43,12.445,11.4361,7416600
2020-07-14,12.3883,12.6283,12.3417,12.6117,11.5893,5230200
2020-07-15,12.7733,12.7983,12.65,12.77,11.7348,8883000
2020-07-16,12.6833,12.7367,12.65,12.7217,11.6904,3807600
2020-07-17,12.7617,12.7933,12.6833,12.7667,11.7317,2979600
2020-07-20,12.7517,12.89,12.7217,12.86,11.8175,7553400
2020-07-21,12.955,12.975,12.8583,12.8983,11.8527,5242800
2020-07-22,12.875,12.98,12.8733,12.9633,11.9124,3393600
2020-07-23,12.9517,12.9983,12.7567,12.82,11.7807,6097800
2020-07-24,12.735,12.7817,12.665,12.73,11.698,2931600
2020-07-27,12.7583,12.8383,12.7283,12.83,11.7899,4396800
2020-07-28,12.805,12.8467,12.735,12.7483,11.7149,5967000
2020-07-29,12.7917,12.94,12.7917,12.915,11.868,2833200
2020-07-30,12.7917,12.895,12.7033,12.8733,11.8297,4026600
2020-07-31,12.9517,12.9633,12.7483,12.9467,11.8971,6156000
2020-08-03,13.02,13.0867,12.9983,13.0517,11.9936,3926400
2020-08-04,13.0333,13.1117,13.0267,13.1117,12.0487,3124200
2020-08-05,13.1667,13.2117,13.1617,13.2,12.1299,2876400
2020-08-06,13.1867,13.2817,13.1633,13.2717,12.1958,2444400
2020-08-07,13.2333,13.2933,13.1917,13.2833,12.2065,3041400
2020-08-10,13.3083,13.3333,13.2333,13.3267,12.2463,2903400
2020-08-11,13.3833,13.4083,13.19,13.2217,12.1498,3835800
2020-08-12,13.3333,13.4233,13.3317,13.3917,12.306,3407400
2020-08-13,13.3683,13.44,13.345,13.3783,12.2938,2415600
2020-08-14,13.36,13.4033,13.3333,13.385,12.2999,2187600
2020-08-17,13.4167,13.4467,13.4083,13.4383,12.3489,2208600
2020-08-18,13.4483,13.4767,13.38,13.45,12.3596,5883600
2020-08-19,13.475,13.4933,13.375,13.395,12.3091,3743400
2020-08-20,13.315,13.4567,13.3117,13.44,12.3505,2850000
2020-08-21,13.4233,13.48,13.4133,13.4733,12.3811,3186000
2020-08-24,13.5817,13.6083,13.5317,13.6083,12.5051,5932200
2020-08-25,13.6383,13.65,13.5717,13.65,12.5434,4530000
2020-08-26,13.6717,13.785,13.6533,13.7733,12.6568,11323800
2020-08-27,13.8067,13.8733,13.7367,13.8133,12.6935,3802800
2020-08-28,13.875,13.9033,13.8117,13.9033,12.7762,3303000
2020-08-31,13.8933,13.94,13.8483,13.8783,12.7533,5999400
2020-09-01,13.8917,13.9967,13.8583,13.9967,12.862,2764200
2020-09-02,14.065,14.2067,14.0,14.1717,13.0228,4316400
2020-09-03,14.1,14.1017,13.575,13.6767,12.5679,6957000
2020-09-04,13.7083,13.7783,13.245,13.5617,12.4623,7137600
2020-09-08,13.3233,13.3767,13.17,13.1817,12.1131,7728000
2020-09-09,13.35,13.5367,13.32,13.4383,12.3489,11235000
2020-09-10,13.5283,13.565,13.1833,13.2267,12.1544,4373400
2020-09-11,13.3033,13.335,13.0983,13.2217,12.1498,7138800
2020-09-14,13.3717,13.4767,13.335,13.4283,12.3397,2446200
2020-09-15,13.5433,13.575,13.455,13.5033,12.4087,3515400
2020-09-16,13.5567,13.63,13.45,13.4633,12.3719,3522600
2020-09-17,13.2533,13.405,13.2267,13.345,12.2632,3139800
2020-09-18,13.385,13.385,13.09,13.2033,12.133,2736000
2020-09-21,13.005,13.0583,12.8333,13.0583,11.9997,8424600
2020-09-22,13.105,13.1983,13.0017,13.1767,12.1085,2946000
2020-09-23,13.11,13.13,12.765,12.7783,11.8152,2685600
2020-09-24,12.725,12.94,12.6483,12.8,11.8352,3507600
2020-09-25,12.7767,13.055,12.7517,13.0233,12.0417,2494800
2020-09-28,13.2,13.275,13.17,13.2533,12.2544,2881800
2020-09-29,13.2483,13.2717,13.1533,13.185,12.1912,5669400
2020-09-30,13.22,13.4033,13.1967,13.2733,12.2729,3755400
2020-10-01,13.3883,13.4233,13.3067,13.3933,12.3839,3417600
2020-10-02,13.1467,13.355,13.1267,13.2733,12.2729,4292400
2020-10-05,13.38,13.5283,13.38,13.525,12.5056,2523000
2020-10-06,13.5467,13.64,13.335,13.3583,12.3515,4077000
2020-10-07,13.4817,13.6183,13.4817,13.5917,12.5672,2077800
2020-10-08,13.6817,13.7133,13.6417,13.7133,12.6797,2572800
2020-10-09,13.7883,13.85,13.76,13.8317,12.7892,2946000
2020-10-12,13.9417,14.0867,13.9133,14.0367,12.9787,2973600
2020-10-13,14.025,14.025,13.9133,13.96,12.9078,3394800
2020-10-14,13.9767,14.03,13.845,13.8667,12.8215,2733600
2020-10-15,13.6933,13.8833,13.67,13.8683,12.8231,2724000
2020-10-16,13.9283,13.9833,13.8433,13.8433,12.7999,2180400
2020-10-19,13.9067,13.9333,13.6167,13.6533,12.6243,3651000
2020-10-20,13.7067,13.8317,13.6633,13.6867,12.6551,2698800
2020-10-21,13.6967,13.7767,13.645,13.645,12.6166,1807800
2020-10-22,13.675,13.765,13.5733,13.7417,12.7059,5737800
2020-10-23,13.7933,13.7933,13.6817,13.7867,12.7475,2428200
2020-10-26,13.6483,13.68,13.3817,13.5317,12.5118,5349600
2020-10-27,13.5533,13.56,13.4783,13.4867,12.4702,3212400
2020-10-28,13.2333,13.27,13.0217,13.0383,12.0556,9731400
2020-10-29,13.0467,13.2917,12.9833,13.1667,12.1743,3540600
2020-10-30,13.09,13.1517,12.8667,13.01,12.0294,5862600
2020-11-02,13.155,13.2367,13.03,13.1583,12.1666,8168400
2020-11-03,13.305,13.4833,13.275,13.4,12.39,5277600
2020-11-04,13.5767,13.86,13.5383,13.7,12.6674,3822000
2020-11-05,13.9233,14.0417,13.9067,13.9867,12.9325,4144800
2020-11-06,13.985,14.0217,13.8917,13.9817,12.9278,2661600
2020-11-09,14.535,14.535,14.12,14.125,13.0604,5207400
2020-11-10,14.105,14.1583,13.9667,14.12,13.0558,3532200
2020-11-11,14.2267,14.2583,14.165,14.2367,13.1636,5081400
2020-11-12,14.1967,14.2267,14.0233,14.0917,13.0296,5355000
2020-11-13,14.1833,14.3217,14.16,14.2917,13.2145,2656800
2020-11-16,14.4367,14.4733,14.36,14.4733,13.3825,4696800
2020-11-17,14.4033,14.4833,14.3267,14.4317,13.3439,2907600
2020-11-18,14.4517,14.485,14.28,14.28,13.2037,3460800
2020-11-19,14.2683,14.375,14.2183,14.36,13.2777,2767200
2020-11-20,14.36,14.3683,14.2833,14.29,13.2129,1914600
2020-11-23,14.375,14.44,14.3,14.405,13.3193,2424000
2020-11-24,14.525,14.6467,14.4733,14.6183,13.5165,6499200
2020-11-25,14.6167,14.635,14.5483,14.62,13.5181,3090000
2020-11-27,14.6667,14.685,14.6367,14.675,13.5689,1528200
2020-11-30,14.645,14.6667,14.4667,14.5967,13.4965,3349200
2020-12-01,14.7517,14.8,14.7117,14.7333,13.6229,3073200
2020-12-02,14.68,14.7633,14.6483,14.7517,13.6398,2409000
2020-12-03,14.7667,14.8383,14.74,14.775,13.6614,4227000
2020-12-04,14.8183,14.9283,14.8133,14.9283,13.8032,2725800
2020-12-07,14.9217,14.935,14.8633,14.9217,13.797,2941800
2020-12-08,14.8683,15.0,14.8617,14.9717,13.8432,2824200
2020-12-09,15.0117,15.025,14.78,14.835,13.7169,3394800
2020-12-10,14.7033,14.825,14.6633,14.8017,13.7424,2588400
2020-12-11,14.7167,14.785,14.6483,14.7683,13.7114,2861400
2020-12-14,14.8867,14.9233,14.7217,14.7283,13.6743,3646800
2020-12-15,14.8467,14.9383,14.78,14.9383,13.8693,4072200
2020-12-16,14.945,14.9867,14.9017,14.9533,13.8832,4388400
2020-12-17,15.0217,15.0667,15.0033,15.0667,13.9884,2545800
2020-12-18,15.0933,15.0933,14.925,15.005,13.9312,2773800
2020-12-21,14.8417,15.0117,14.74,14.9817,13.9095,3810600
2020-12-22,15.005,15.025,14.9317,14.9917,13.9188,2832000
2020-12-23,15.035,15.0817,15.0017,15.0083,13.9343,1959600
2020-12-24,15.0367,15.05,14.99,15.05,13.973,961800
2020-12-28,15.165,15.1667,15.1133,15.12,14.0379,2988600
2020-12-29,15.1883,15.2017,15.0383,15.0717,13.9931,4913400
2020-12-30,15.11,15.155,15.0933,15.1083,14.0271,2287200
2020-12-31,15.1083,15.19,15.0667,15.165,14.0797,2481600
2021-01-04,15.235,15.235,14.7967,14.9617,13.8909,12284400
2021-01-05,14.9333,15.1217,14.9333,15.0833,14.0039,5203200
2021-01-06,15.0083,15.3483,15.0083,15.205,14.1169,5311800
2021-01-07,15.3183,15.485,15.3183,15.4483,14.3428,3259800
2021-01-08,15.5167,15.5467,15.36,15.5317,14.4202,4347600
2021-01-11,15.3867,15.5167,15.3717,15.4483,14.3428,3077400
2021-01-12,15.4667,15.5117,15.385,15.485,14.3768,3466200
2021-01-13,15.4883,15.5567,15.435,15.5083,14.3985,4246800
2021-01-14,15.55,15.59,15.4717,15.485,14.3768,3076800
2021-01-15,15.42,15.455,15.2767,15.36,14.2608,3740400
2021-01-19,15.4733,15.51,15.4217,15.4967,14.3877,3408600
2021-01-20,15.5917,15.7217,15.56,15.6933,14.5702,3808800
2021-01-21,15.7317,15.7317,15.6483,15.6867,14.5641,2915400
2021-01-22,15.6017,15.69,15.5867,15.6567,14.5362,2058600
2021-01-25,15.6833,15.7383,15.4667,15.6933,14.5702,3227400
2021-01-26,15.7383,15.7667,15.64,15.6417,14.5223,2875800
2021-01-27,15.495,15.495,15.1683,15.2633,14.171,5946600
2021-01-28,15.3467,15.5633,15.3367,15.3983,14.2964,3175800
2021-01-29,15.3333,15.3767,15.03,15.1033,14.0225,4935000
2021-02-01,15.255,15.4083,15.1583,15.37,14.2701,4308000
2021-02-02,15.5033,15.6583,15.5033,15.5917,14.4759,4892400
2021-02-03,15.6533,15.6817,15.5517,15.6117,14.4944,2239800
2021-02-04,15.6733,15.8117,15.665,15.8117,14.6801,2989800
2021-02-05,15.895,15.9117,15.83,15.8917,14.7544,3714000
2021-02-08,15.9633,16.0383,15.95,16.0367,14.889,3510000
2021-02-09,16.015,16.075,15.9917,16.0483,14.8998,5126400
2021-02-10,16.1317,16.1417,15.9283,16.0367,14.889,2476800
2021-02-11,16.1033,16.1217,15.9617,16.08,14.9292,2058600
2021-02-12,16.0467,16.1583,16.035,16.1583,15.002,3861000
2021-02-16,16.19,16.225,16.0883,16.12,14.9664,8705400
2021-02-17,16.0367,16.11,15.9717,16.1033,14.9509,3410400
2021-02-18,15.9917,16.05,15.8883,16.0067,14.8612,3607800
2021-02-19,16.0767,16.1217,16.0167,16.03,14.8828,2062800
2021-02-22,15.9267,16.0083,15.8833,15.89,14.7528,3056400
2021-02-23,15.7817,15.94,15.54,15.8917,14.7544,5020200
2021-02-24,15.8583,16.0817,15.7983,16.0683,14.9184,2824800
2021-02-25,16.0233,16.0783,15.5833,15.6417,14.5223,4902600
2021-02-26,15.72,15.7917,15.4667,15.5833,14.4681,3859800
2021-03-01,15.8233,16.0367,15.8233,15.9883,14.8441,3273000
2021-03-02,16.0033,16.0067,15.8333,15.8367,14.7033,2446200
2021-03-03,15.825,15.855,15.605,15.605,14.4882,3164400
2021-03-04,15.5883,15.6817,15.1583,15.3633,14.2639,5968200
2021-03-05,15.51,15.6767,15.125,15.6417,14.5223,8478000
2021-03-08,15.6733,15.8067,15.555,15.5617,14.448,3535800
2021-03-09,15.735,15.92,15.725,15.81,14.6786,3005400
2021-03-10,15.9317,15.995,15.8633,15.9117,14.773,3801000
2021-03-11,16.0467,16.1867,16.02,16.1167,14.9633,3801600
2021-03-12,16.0567,16.1583,16.0183,16.15,14.9942,2877600
2021-03-15,16.1667,16.2733,16.08,16.2617,15.0979,2557200
2021-03-16,16.2883,16.3017,16.16,16.21,15.0499,2810400
2021-03-17,16.1483,16.305,16.0817,16.2683,15.1041,2384400
2021-03-18,16.17,16.24,15.9617,15.975,14.8318,2802000
2021-03-19,15.9833,16.0583,15.865,15.985,14.841,2892600
2021-03-22,16.0083,16.1467,16.0017,16.075,14.9246,3168600
2021-03-23,16.0433,16.08,15.87,15.9083,14.7699,3037200
2021-03-24,15.9367,15.99,15.7283,15.7283,14.6459,3292200
2021-03-25,15.6383,15.8717,15.5583,15.84,14.7498,5001000
2021-03-26,15.9067,16.1033,15.8433,16.095,14.9873,2994000
2021-03-29,16.0267,16.085,15.925,16.0317,14.9283,3219000
2021-03-30,15.9867,16.0467,15.9267,16.02,14.9175,3506400
2021-03-31,16.0633,16.1817,16.0567,16.1183,15.009,4912200
2021-04-01,16.2117,16.305,16.1967,16.305,15.1828,4242000
2021-04-05,16.43,16.52,16.4267,16.5067,15.3706,3564000
2021-04-06,16.5,16.5633,16.485,16.5117,15.3753,4843800
2021-04-07,16.5033,16.535,16.4583,16.5,15.3644,2328000
2021-04-08,16.5683,16.5917,16.51,16.5917,15.4498,1599000
2021-04-09,16.5933,16.7,16.575,16.6917,15.5429,2325600
2021-04-12,16.6833,16.7133,16.635,16.7067,15.5569,3653400
2021-04-13,16.7117,16.785,16.69,16.7583,15.605,3405000
2021-04-14,16.77,16.83,16.6917,16.7117,15.5615,3288000
2021-04-15,16.8167,16.8983,16.8017,16.8933,15.7307,3932400
2021-04-16,16.955,16.9617,16.875,16.94,15.7741,2761800
2021-04-19,16.8983,16.9167,16.77,16.8383,15.6795,3022200
2021-04-20,16.79,16.8117,16.6117,16.6917,15.5429,2958600
2021-04-21,16.665,16.8733,16.6467,16.8683,15.7074,1860600
2021-04-22,16.8783,16.93,16.6867,16.74,15.5879,2432400
2021-04-23,16.7683,16.9917,16.7683,16.935,15.7695,3217200
2021-04-26,16.9767,17.0217,16.96,17.0033,15.8331,2300400
2021-04-27,17.0217,17.0283,16.9483,16.995,15.8254,2811000
2021-04-28,16.9983,17.0433,16.97,16.995,15.8254,1966800
2021-04-29,17.115,17.12,16.9167,17.0583,15.8843,2708400
2021-04-30,16.9667,17.0067,16.8983,16.9367,15.771,2367000
2021-05-03,17.0383,17.0383,16.945,16.97,15.8021,2997600
2021-05-04,16.885,16.885,16.6717,16.84,15.681,5177400
2021-05-05,16.9167,16.92,16.79,16.8217,15.664,2542800
2021-05-06,16.8267,16.9167,16.695,16.9167,15.7524,3358200
2021-05-07,16.96,17.0783,16.9367,17.0583,15.8843,2305800
2021-05-10,17.0733,17.08,16.85,16.8567,15.6965,2857800
2021-05-11,16.6667,16.7633,16.5367,16.7317,15.5801,5917200
2021-05-12,16.61,16.6583,16.3217,16.3517,15.2263,4965000
2021-05-13,16.4167,16.6117,16.4017,16.5333,15.3955,3819000
2021-05-14,16.6583,16.8483,16.6583,16.8133,15.6562,2422200
2021-05-17,16.7667,16.8,16.6783,16.775,15.6205,2542200
2021-05-18,16.79,16.8183,16.6383,16.6383,15.4932,2685600
2021-05-19,16.4283,16.595,16.3667,16.595,15.4529,4355400
2021-05-20,16.63,16.82,16.63,16.77,15.6158,2011800
2021-05-21,16.86,16.9017,16.7517,16.77,15.6158,2320200
2021-05-24,16.865,16.9817,16.855,16.9367,15.771,2628000
2021-05-25,16.99,16.9983,16.865,16.8883,15.726,2024400
2021-05-26,16.9233,16.9683,16.8867,16.955,15.7881,1716600
2021-05-27,17.005,17.0217,16.975,16.9817,15.8129,1951200
2021-05-28,17.0483,17.0567,17.0,17.0033,15.8331,1929000
2021-06-01,17.115,17.115,16.985,17.0167,15.8455,2713800
2021-06-02,17.045,17.0633,17.0,17.0267,15.8548,2602800
2021-06-03,16.94,17.0,16.8533,16.9567,15.7897,2317200
2021-06-04,17.0383,17.115,17.0383,17.105,15.9278,1957800
2021-06-07,17.115,17.1267,17.08,17.1183,15.9402,1921200
2021-06-08,17.1583,17.1717,17.055,17.1483,15.9681,2040600
2021-06-09,17.1817,17.1817,17.1033,17.1117,15.934,2372400
2021-06-10,17.1667,17.22,17.09,17.1833,16.0007,1386600
2021-06-11,17.215,17.2333,17.1633,17.2333,16.0473,1384800
2021-06-14,17.2433,17.2517,17.18,17.2517,16.0644,2195400
2021-06-15,17.265,17.265,17.17,17.2183,16.0333,1933200
2021-06-16,17.2183,17.2183,17.0283,17.13,15.9511,2472000
2021-06-17,17.095,17.155,16.9933,17.1083,15.9309,2008800
2021-06-18,16.9967,17.01,16.885,16.895,15.7322,3288000
2021-06-21,16.97,17.1367,16.925,17.1317,15.9526,2271600
2021-06-22,17.1283,17.26,17.095,17.2183,16.0333,2338200
2021-06-23,17.19,17.2233,17.165,17.17,16.0374,1861800
2021-06-24,17.2533,17.2983,17.2533,17.275,16.1354,2107200
2021-06-25,17.3283,17.3617,17.3017,17.345,16.2008,2380800
2021-06-28,17.3817,17.395,17.2983,17.3717,16.2257,2311200
2021-06-29,17.385,17.42,17.35,17.37,16.2242,2604600
2021-06-30,17.3567,17.4,17.3467,17.3783,16.232,2808600
2021-07-01,17.4167,17.4717,17.3983,17.4717,16.3191,2316000
2021-07-02,17.51,17.5783,17.4967,17.57,16.411,2197200
2021-07-06,17.5833,17.5833,17.405,17.5267,16.3705,2388000
2021-07-07,17.5567,17.5767,17.4383,17.5533,16.3954,2321400
2021-07-08,17.305,17.445,17.2467,17.4067,16.2584,2917800
2021-07-09,17.4817,17.6233,17.475,17.615,16.453,1772400
2021-07-12,17.6183,17.6733,17.585,17.67,16.5044,2221800
2021-07-13,17.6367,17.665,17.5583,17.5733,16.4141,4293000
2021-07-14,17.6417,17.6667,17.51,17.5533,16.3954,2351400
2021-07-15,17.5117,17.535,17.3967,17.495,16.3409,2700600
2021-07-16,17.5567,17.5567,17.3383,17.3583,16.2133,2162400
2021-07-19,17.1417,17.1483,16.995,17.1067,15.9782,11923200
2021-07-20,17.155,17.4483,17.1167,17.395,16.2475,4515000
2021-07-21,17.4533,17.5517,17.4533,17.5517,16.3939,2433000
2021-07-22,17.545,17.575,17.4883,17.5583,16.4001,1753200
2021-07-23,17.6417,17.75,17.6167,17.7417,16.5713,1932600
2021-07-26,17.725,17.7783,17.7133,17.7783,16.6056,3558000
2021-07-27,17.7383,17.7383,17.55,17.685,16.5184,2452800
2021-07-28,17.7167,17.7667,17.6583,17.71,16.5417,2052000
2021-07-29,17.7633,17.84,17.7633,17.7883,16.6149,2354400
2021-07-30,17.675,17.775,17.665,17.69,16.5231,2698200
2021-08-02,17.7783,17.7933,17.6433,17.6617,16.4966,2766000
2021-08-03,17.7067,17.7883,17.5767,17.7883,16.6149,2644800
2021-08-04,17.735,17.76,17.69,17.705,16.5371,2923800
2021-08-05,17.7517,17.83,17.73,17.83,16.6538,1673400
2021-08-06,17.85,17.8817,17.8183,17.8533,16.6756,1701000
2021-08-09,17.8533,17.8617,17.7867,17.8367,16.6601,1899600
2021-08-10,17.8667,17.8833,17.8233,17.8467,16.6694,1862400
2021-08-11,17.8833,17.8917,17.8217,17.8917,16.7114,1478400
2021-08-12,17.8983,17.9417,17.8433,17.9383,16.755,2442000
2021-08-13,17.9617,17.9617,17.9233,17.9533,16.769,1473600
2021-08-16,17.8917,17.97,17.81,17.97,16.7846,2086200
2021-08-17,17.845,17.87,17.695,17.8333,16.6569,2980200
2021-08-18,17.7983,17.8483,17.6367,17.65,16.4857,1711200
2021-08-19,17.5183,17.6967,17.5017,17.6333,16.4701,3839400
2021-08-20,17.6633,17.8067,17.6367,17.7983,16.6242,2634000
2021-08-23,17.8717,18.0033,17.8717,17.975,16.7893,2496600
2021-08-24,18.0083,18.0517,17.9983,18.0267,16.8375,2133600
2021-08-25,18.0467,18.1017,18.0217,18.0817,16.8889,1941600
2021-08-26,18.0717,18.08,17.9567,17.9667,16.7815,2692200
2021-08-27,18.0,18.1717,18.0,18.1567,16.9589,2147400
2021-08-30,18.1883,18.255,18.16,18.215,17.0134,2070000
2021-08-31,18.215,18.2233,18.1667,18.1917,16.9916,3973800
2021-09-01,18.24,18.2683,18.1983,18.215,17.0134,3832800
2021-09-02,18.2767,18.3017,18.2267,18.275,17.0695,2042400
2021-09-03,18.24,18.29,18.2233,18.2717,17.0664,1245000
2021-09-07,18.2583,18.2617,18.1717,18.1933,16.9932,2425800
2021-09-08,18.17,18.19,18.0667,18.145,16.948,3259200
2021-09-09,18.1283,18.2217,18.0767,18.085,16.892,3480000
2021-09-10,18.155,18.1867,17.9333,17.9433,16.7597,2530200
2021-09-13,18.06,18.065,17.8867,17.975,16.7893,3637200
2021-09-14,18.0283,18.0433,17.8317,17.8667,16.6881,2371800
2021-09-15,17.8917,18.0417,17.84,18.0267,16.8375,3249600
2021-09-16,18.0083,18.0533,17.8833,18.0083,16.8204,1818000
2021-09-17,17.9767,18.0,17.8283,17.86,16.6818,2458200
2021-09-20,17.5817,17.6467,17.3317,17.5483,16.3907,7371000
2021-09-21,17.6417,17.7,17.505,17.5467,16.3892,4381800
2021-09-22,17.5783,17.7567,17.5533,17.6683,16.5555,3358800
2021-09-23,17.755,17.95,17.7417,17.8867,16.7601,2021400
2021-09-24,17.8167,17.93,17.81,17.9033,16.7757,2592600
2021-09-27,17.8667,17.9217,17.8267,17.8683,16.7429,2679000
2021-09-28,17.7383,17.7533,17.4683,17.4917,16.39,6772200
2021-09-29,17.5533,17.615,17.4867,17.4983,16.3962,3103800
2021-09-30,17.56,17.5967,17.3033,17.31,16.2197,4960200
2021-10-01,17.39,17.5883,17.23,17.52,16.4165,6670200
2021-10-04,17.4617,17.4917,17.1933,17.2883,16.1994,5208600
2021-10-05,17.3433,17.5383,17.31,17.45,16.3509,2415000
2021-10-06,17.3017,17.525,17.225,17.5217,16.4181,3548400
2021-10-07,17.6583,17.8,17.6567,17.6917,16.5774,2724000
2021-10-08,17.73,17.735,17.6233,17.6417,16.5305,1837800
2021-10-11,17.6283,17.7367,17.5167,17.5183,16.4149,2349600
2021-10-12,17.5617,17.59,17.4683,17.5083,16.4056,2077200
2021-10-13,17.55,17.6117,17.4317,17.5883,16.4805,1851000
2021-10-14,17.7483,17.8817,17.7333,17.88,16.7538,2505000
2021-10-15,17.98,18.0167,17.9467,17.99,16.8569,2547000
2021-10-18,17.9217,18.0567,17.8917,18.0533,16.9163,2931000
2021-10-19,18.1233,18.1833,18.09,18.1783,17.0334,2728800
2021-10-20,18.205,18.2633,18.1917,18.2517,17.1021,2032800
2021-10-21,18.2333,18.3117,18.2133,18.31,17.1568,2425800
2021-10-22,18.2833,18.345,18.1883,18.28,17.1286,3514800
2021-10-25,18.325,18.395,18.2483,18.3767,17.2192,2677200
2021-10-26,18.4433,18.4933,18.3583,18.38,17.2224,2313600
2021-10-27,18.3867,18.4067,18.2467,18.25,17.1005,2212800
2021-10-28,18.305,18.4483,18.305,18.4483,17.2864,2194200
2021-10-29,18.36,18.49,18.36,18.4833,17.3192,1639200
2021-11-01,18.54,18.565,18.4583,18.565,17.3957,2937600
2021-11-02,18.5733,18.6267,18.555,18.6217,17.4488,2466600
2021-11-03,18.6067,18.7667,18.5833,18.755,17.5737,2298000
2021-11-04,18.785,18.85,18.755,18.8233,17.6378,2997600
2021-11-05,18.9133,18.9833,18.83,18.8983,17.708,1825800
2021-11-08,18.955,18.9717,18.9033,18.9317,17.7393,2132400
2021-11-09,18.94,18.955,18.8083,18.875,17.6862,2448600
2021-11-10,18.7883,18.8633,18.6133,18.6833,17.5066,2232000
2021-11-11,18.765,18.765,18.705,18.7117,17.5331,2467200
2021-11-12,18.7767,18.8667,18.7267,18.85,17.6627,1890600
2021-11-15,18.8983,18.9167,18.8017,18.845,17.6581,2629800
2021-11-16,18.8417,18.9683,18.8333,18.9283,17.7361,1856400
2021-11-17,18.915,18.915,18.825,18.8533,17.6659,2194800
2021-11-18,18.895,18.9017,18.7533,18.885,17.6955,2092200
2021-11-19,18.8867,18.9217,18.82,18.8383,17.6518,1853400
2021-11-22,18.8983,18.9967,18.74,18.7467,17.5659,2853000
2021-11-23,18.725,18.8017,18.58,18.7533,17.5722,4603800
2021-11-24,18.6767,18.8117,18.615,18.81,17.6253,1892400
2021-11-26,18.5167,18.57,18.325,18.3983,17.2395,3876000
2021-11-29,18.585,18.6633,18.455,18.5767,17.4066,5538600
2021-11-30,18.4917,18.5433,18.19,18.2167,17.0693,5464200
2021-12-01,18.43,18.55,17.9383,17.9467,16.8163,5707200
2021-12-02,17.965,18.3117,17.9567,18.2417,17.0927,6132000
2021-12-03,18.3133,18.3383,17.8683,18.05,16.9131,4798200
2021-12-06,18.1383,18.3467,18.0167,18.2633,17.113,3329400
2021-12-07,18.505,18.7017,18.505,18.6617,17.4863,3802200
2021-12-08,18.6217,18.6817,18.5483,18.6667,17.5563,1628400
2021-12-09,18.6117,18.64,18.48,18.4883,17.3886,2037000
2021-12-10,18.6083,18.64,18.4683,18.6217,17.514,2480400
2021-12-13,18.6017,18.6083,18.4333,18.45,17.3526,2847000
2021-12-14,18.2883,18.4033,18.195,18.315,17.2256,5101200
2021-12-15,18.315,18.6017,18.1833,18.5967,17.4905,4278000
2021-12-16,18.6817,18.6817,18.32,18.4,17.3055,4184400
2021-12-17,18.28,18.4317,18.1433,18.265,17.1786,3620400
2021-12-20,18.05,18.0633,17.885,18.05,16.9764,8145000
2021-12-21,18.1933,18.4117,18.1317,18.4067,17.3118,3013200
2021-12-22,18.385,18.585,18.385,18.585,17.4795,2591400
2021-12-23,18.6283,18.7617,18.6183,18.705,17.5924,2960400
2021-12-27,18.7517,18.9517,18.7483,18.9517,17.8244,3457200
2021-12-28,18.965,19.0167,18.89,18.9183,17.793,2803200
2021-12-29,18.9233,18.9683,18.8583,18.935,17.8087,3099600
2021-12-30,18.9417,19.0067,18.8767,18.8933,17.7725,3081000
2021-12-31,18.8817,18.9233,18.8333,18.835,17.7176,2471400
2022-01-03,18.905,18.9483,18.79,18.9483,17.8242,6343800
2022-01-04,19.0083,19.0317,18.8283,18.9233,17.8007,3906000
2022-01-05,18.9017,18.9267,18.5,18.5117,17.4135,4465200
2022-01-06,18.5017,18.63,18.3783,18.5067,17.4088,6697800
2022-01-07,18.5083,18.5733,18.3633,18.42,17.3272,4033200
2022-01-10,18.295,18.4,18.0233,18.395,17.3037,8159400
2022-01-11,18.39,18.5783,18.2683,18.5783,17.4762,2998200
2022-01-12,18.65,18.71,18.5217,18.605,17.5013,2823000
2022-01-13,18.6517,18.675,18.2983,18.3367,17.2489,3026400
2022-01-14,18.285,18.3467,18.1333,18.3417,17.2536,3553800
2022-01-18,18.1417,18.1417,17.9417,17.9817,16.9149,6088800
2022-01-19,18.05,18.1083,17.7833,17.7967,16.7409,4729200
2022-01-20,17.8767,18.09,17.565,17.5883,16.5449,7135200
2022-01-21,17.5083,17.64,17.2333,17.245,16.2219,12798600
2022-01-24,16.975,17.3617,16.55,17.35,16.3207,18020400
2022-01-25,17.0883,17.3217,16.8283,17.105,16.0903,9331800
2022-01-26,17.3633,17.4883,16.8583,17.0367,16.026,9243600
2022-01-27,17.2117,17.3483,16.845,16.9133,15.91,6584400
2022-01-28,16.9567,17.335,16.7733,17.335,16.3066,6185400
2022-01-31,17.305,17.7117,17.265,17.6917,16.6421,4768200
2022-02-01,17.7383,17.8617,17.5817,17.8483,16.7895,3752400
2022-02-02,17.94,17.985,17.7967,17.955,16.8898,3850800
2022-02-03,17.6883,17.7883,17.49,17.5267,16.4869,3598800
2022-02-04,17.5267,17.79,17.4283,17.645,16.5982,3601200
2022-02-07,17.6833,17.7433,17.5433,17.5983,16.5543,3191400
2022-02-08,17.5833,17.795,17.5183,17.7617,16.708,3379200
2022-02-09,17.925,18.0517,17.9183,18.0433,16.9729,4166400
2022-02-10,17.815,18.0883,17.65,17.7417,16.6892,4226400
2022-02-11,17.7417,17.825,17.325,17.395,16.3631,5321400
2022-02-14,17.3667,17.44,17.1917,17.3317,16.3035,6207000
2022-02-15,17.5067,17.6467,17.5067,17.6383,16.5919,4594200
2022-02-16,17.56,17.705,17.4683,17.655,16.6076,3559200
2022-02-17,17.525,17.5283,17.2283,17.255,16.2313,3978600
2022-02-18,17.2583,17.32,17.0333,17.1217,16.1059,8385600
2022-02-22,17.0167,17.1733,16.785,16.9317,15.9272,12346200
2022-02-23,17.02,17.0683,16.59,16.6167,15.6309,17044200
2022-02-24,16.165,16.92,16.1483,16.9067,15.9037,16662000
2022-02-25,16.9583,17.2833,16.8733,17.2817,16.2564,9103800
2022-02-28,17.085,17.33,17.0383,17.26,16.2361,7569000
2022-03-01,17.1967,17.2867,16.8817,16.9967,15.9883,6324000
2022-03-02,17.0917,17.3733,17.0467,17.3117,16.2847,5243400
2022-03-03,17.405,17.4083,17.1083,17.185,16.1655,6789000
2022-03-04,17.0467,17.065,16.8433,17.0117,16.0025,8118000
2022-03-07,16.9833,16.9967,16.4833,16.4917,15.5133,18106200
2022-03-08,16.4833,16.81,16.3333,16.39,15.4177,10233000
2022-03-09,16.7333,16.9267,16.67,16.8483,15.8488,6138000
2022-03-10,16.6667,16.8067,16.5667,16.7783,15.783,4330800
2022-03-11,16.8567,16.8967,16.5267,16.5333,15.5525,4159500
2022-03-14,16.5667,16.6833,16.3333,16.3833,15.4114,7173000
2022-03-15,16.47,16.7567,16.4333,16.7333,15.7406,4510200
2022-03-16,16.8767,17.1433,16.7067,17.1367,16.12,4983000
2022-03-17,17.06,17.3733,17.0367,17.3667,16.3364,3633600
2022-03-18,17.3233,17.5967,17.2933,17.5833,16.5402,3685800
2022-03-21,17.5633,17.6533,17.4133,17.5633,16.5214,5005800
2022-03-22,17.6233,17.8067,17.6167,17.7733,16.7189,2654400
2022-03-23,17.6267,17.6867,17.49,17.49,16.4973,3317100
2022-03-24,17.58,17.7433,17.52,17.74,16.7331,2405700
2022-03-25,17.7733,17.8233,17.64,17.8133,16.8023,3043200
2022-03-28,17.7933,17.9367,17.6933,17.9367,16.9186,5114400
2022-03-29,18.0767,18.2267,18.0033,18.2033,17.1701,4476600
2022-03-30,18.1467,18.1767,17.9667,18.06,17.0349,2605800
2022-03-31,18.0367,18.0633,17.7767,17.7967,16.7865,2918400
2022-04-01,17.85,17.8667,17.7,17.8533,16.84,3374400
2022-04-04,17.8667,18.0,17.8367,17.9933,16.972,3302700
2022-04-05,17.95,18.0233,17.6967,17.74,16.7331,2604900
2022-04-06,17.58,17.6333,17.4133,17.5433,16.5476,5561700
2022-04-07,17.5133,17.68,17.3867,17.6033,16.6042,3849300
2022-04-08,17.5833,17.6733,17.4833,17.55,16.5539,3672900
2022-04-11,17.41,17.4533,17.2533,17.27,16.2898,5732400
2022-04-12,17.4133,17.5167,17.1567,17.2233,16.2457,4010100
2022-04-13,17.2167,17.47,17.2067,17.4467,16.4564,4044900
2022-04-14,17.4533,17.5,17.2233,17.2333,16.2552,2698200
2022-04-18,17.1933,17.28,17.1133,17.2067,16.23,6538800
2022-04-19,17.1967,17.5367,17.1967,17.5033,16.5099,2841300
2022-04-20,17.5733,17.6167,17.4467,17.4867,16.4941,2310900
2022-04-21,17.63,17.6967,17.1567,17.1933,16.2175,2543700
2022-04-22,17.16,17.16,16.7167,16.7333,15.7836,8618700
2022-04-25,16.64,16.8467,16.4667,16.8433,15.8873,12636600
2022-04-26,16.74,16.7567,16.3433,16.35,15.422,12042600
2022-04-27,16.3733,16.5867,16.2833,16.3667,15.4377,10866300
2022-04-28,16.5767,16.8467,16.3533,16.78,15.8276,7865100
2022-04-29,16.6333,16.7367,16.1433,16.1633,15.2459,9136500
2022-05-02,16.1767,16.3333,15.9067,16.2867,15.3622,16855200
2022-05-03,16.2867,16.4467,16.2333,16.36,15.4314,7493700
2022-05-04,16.37,16.86,16.2233,16.8433,15.8873,5399700
2022-05-05,16.6733,16.6733,16.0467,16.2133,15.2931,11640000
2022-05-06,16.1333,16.2367,15.8667,16.0933,15.1799,9975000
2022-05-09,15.8567,15.8833,15.46,15.5233,14.6422,21136800
2022-05-10,15.7767,15.84,15.3633,15.5467,14.6642,20223900
2022-05-11,15.5033,15.7567,15.2533,15.28,14.4127,12339000
2022-05-12,15.17,15.44,15.0167,15.3067,14.4379,13556400
2022-05-13,15.47,15.7667,15.45,15.7033,14.812,5655900
2022-05-16,15.6533,15.77,15.5433,15.6167,14.7303,8778300
2022-05-17,15.8567,15.96,15.72,15.95,15.0447,7218300
2022-05-18,15.78,15.7833,15.2733,15.3233,14.4536,9160500
2022-05-19,15.1967,15.44,15.1533,15.2633,14.397,9676200
2022-05-20,15.4,15.4267,14.9,15.2567,14.3907,12432300
2022-05-23,15.3767,15.56,15.2733,15.5167,14.636,10737900
2022-05-24,15.36,15.4167,15.1067,15.3833,14.5102,11123700
2022-05-25,15.3133,15.6167,15.2967,15.5367,14.6548,7328100
2022-05-26,15.5867,15.9267,15.5833,15.86,14.9598,7855200
2022-05-27,15.9667,16.26,15.9533,16.26,15.3371,5438400
2022-05-31,16.1967,16.28,16.03,16.14,15.2239,7323000
2022-06-01,16.2233,16.2767,15.9,16.02,15.1107,6408000
2022-06-02,16.0067,16.35,15.9433,16.3433,15.4157,5139000
2022-06-03,16.16,16.2233,16.04,16.0833,15.1705,3160200
2022-06-06,16.2467,16.3167,16.0933,16.1333,15.2176,3836400
2022-06-07,16.0033,16.32,15.9733,16.2967,15.3717,3575700
2022-06-08,16.2467,16.3067,16.09,16.1233,15.2082,2622000
2022-06-09,16.05,16.1233,15.7367,15.7367,14.8435,4889100
2022-06-10,15.5033,15.5033,15.2633,15.2733,14.4064,12953100
2022-06-13,14.88,14.94,14.59,14.65,13.8185,24551400
2022-06-14,14.73,14.7667,14.48,14.61,13.7807,17826000
2022-06-15,14.7333,15.0133,14.5533,14.8267,13.9851,11668800
2022-06-16,14.49,14.5033,14.2033,14.31,13.4978,14360400
2022-06-17,14.32,14.4833,14.2067,14.36,13.5449,14559000
2022-06-21,14.5767,14.7733,14.5767,14.6933,13.8593,10959000
2022-06-22,14.4667,14.7833,14.4467,14.62,13.8464,9546000
2022-06-23,14.69,14.8067,14.5667,14.7733,13.9916,6704400
2022-06-24,14.8967,15.2467,14.8967,15.2433,14.4368,9703500
2022-06-27,15.3,15.31,15.1467,15.2067,14.402,5810400
2022-06-28,15.2533,15.3767,14.89,14.8967,14.1084,10688700
2022-06-29,14.9,14.9367,14.7833,14.86,14.0737,4074300
2022-06-30,14.6867,14.8667,14.5433,14.73,13.9506,7234800
2022-07-01,14.7,14.91,14.6,14.8867,14.099,5192100
2022-07-05,14.71,14.9433,14.56,14.9433,14.1526,6004500
2022-07-06,14.93,15.0667,14.8267,14.9733,14.181,4453200
2022-07-07,15.0467,15.2433,15.0433,15.2067,14.402,3061800
2022-07-08,15.15,15.28,15.08,15.2033,14.3989,4069200
2022-07-11,15.09,15.1233,14.9767,15.0133,14.2189,5441700
2022-07-12,14.99,15.09,14.81,14.8833,14.0958,5935800
2022-07-13,14.6667,14.92,14.6367,14.8133,14.0295,6500100
2022-07-14,14.6333,14.7733,14.4933,14.7567,13.9758,8294400
2022-07-15,14.9167,15.04,14.8367,15.0333,14.2379,8064600
2022-07-18,15.16,15.21,14.8833,14.9233,14.1337,11075700
2022-07-19,15.0967,15.36,15.0733,15.3433,14.5315,8278800
2022-07-20,15.3367,15.52,15.3033,15.4733,14.6546,9838500
2022-07-21,15.4333,15.6233,15.3367,15.6233,14.7966,3910200
2022-07-22,15.6233,15.6733,15.3667,15.4633,14.6451,3990000
2022-07-25,15.4767,15.51,15.3833,15.47,14.6514,4776900
2022-07-26,15.4133,15.4133,15.2533,15.2867,14.4778,3923400
2022-07-27,15.4167,15.7567,15.4133,15.6867,14.8566,5612700
2022-07-28,15.6967,15.9067,15.57,15.89,15.0492,3429000
2022-07-29,15.9467,16.1467,15.9067,16.11,15.2576,5172900
2022-08-01,16.0033,16.17,15.9567,16.0733,15.2228,8346600
2022-08-02,16.0,16.17,15.9233,15.9767,15.1313,4077000
2022-08-03,16.0833,16.28,16.0667,16.23,15.3712,2781900
2022-08-04,16.22,16.2567,16.15,16.2267,15.3681,3461100
2022-08-05,16.0533,16.2367,16.0333,16.2167,15.3586,5398800
2022-08-08,16.2767,16.4,16.1733,16.2233,15.3649,3852600
2022-08-09,16.1767,16.1933,16.0767,16.13,15.2765,2166000
2022-08-10,16.41,16.5,16.3533,16.4933,15.6206,3092400
2022-08-11,16.6067,16.7,16.4633,16.4967,15.6238,3260400
2022-08-12,16.5833,16.7767,16.54,16.7733,15.8858,2598300
2022-08-15,16.6833,16.86,16.67,16.8367,15.9458,4954200
2022-08-16,16.8033,16.95,16.7533,16.8767,15.9837,3022800
2022-08-17,16.7233,16.84,16.64,16.7333,15.8479,6177900
2022-08-18,16.74,16.8067,16.68,16.78,15.8921,2082900
2022-08-19,16.6633,16.6633,16.4933,16.5367,15.6617,2784600
2022-08-22,16.3267,16.3367,16.1433,16.1933,15.3365,4282800
2022-08-23,16.1767,16.28,16.1333,16.1533,15.2986,2847300
2022-08-24,16.1433,16.2733,16.1167,16.21,15.3523,2507400
2022-08-25,16.2867,16.46,16.25,16.46,15.589,1737300
2022-08-26,16.46,16.4667,15.9,15.9033,15.0618,3032700
2022-08-29,15.7767,15.92,15.7367,15.7833,14.9482,7917000
2022-08-30,15.8467,15.86,15.5267,15.6167,14.7903,8486400
2022-08-31,15.6933,15.7333,15.49,15.49,14.6704,3166800
2022-09-01,15.4033,15.52,15.26,15.5133,14.6925,8113500
2022-09-02,15.6733,15.7133,15.2833,15.36,14.5472,4196400
2022-09-06,15.4033,15.4267,15.1933,15.2867,14.4778,6187800
2022-09-07,15.28,15.6033,15.2733,15.5767,14.7525,4258800
2022-09-08,15.4867,15.6967,15.43,15.6967,14.8661,4414800
2022-09-09,15.7833,15.9833,15.7833,15.94,15.0966,3614400
2022-09-12,16.0433,16.15,16.02,16.1167,15.2639,3291600
2022-09-13,15.7667,15.8,15.3867,15.4267,14.6104,4433400
2022-09-14,15.48,15.54,15.35,15.4833,14.6641,3174600
2022-09-15,15.4267,15.55,15.27,15.3267,14.5157,4058700
2022-09-16,15.1733,15.2033,15.0467,15.19,14.3862,9881400
2022-09-19,15.0533,15.3033,15.04,15.3033,14.4936,3481800
2022-09-20,15.1767,15.1933,15.0033,15.1133,14.3136,4032600
2022-09-21,15.1267,15.26,14.7933,14.7967,14.0718,5778300
2022-09-22,14.77,14.7967,14.6067,14.6333,13.9164,13368000
2022-09-23,14.4867,14.4867,14.1867,14.37,13.666,15411900
2022-09-26,14.3067,14.47,14.17,14.2233,13.5265,14529300
2022-09-27,14.3767,14.4633,14.0967,14.2,13.5043,21563400
2022-09-28,14.23,14.5667,14.18,14.4867,13.7769,15676500
2022-09-29,14.35,14.3567,14.0667,14.19,13.4948,14382900
2022-09-30,14.16,14.33,13.9867,13.9967,13.311,44677800
2022-10-03,14.15,14.4333,14.0633,14.3633,13.6597,9280500
2022-10-04,14.5933,14.83,14.5933,14.82,14.094,7104300
2022-10-05,14.6567,14.8767,14.5433,14.7967,14.0718,3449100
2022-10-06,14.74,14.8667,14.63,14.6533,13.9354,6428100
2022-10-07,14.4767,14.49,14.16,14.23,13.5329,6208200
2022-10-10,14.2733,14.2767,14.0233,14.1167,13.4251,6079200
2022-10-11,14.0433,14.2333,13.93,14.0267,13.3395,8658900
2022-10-12,14.04,14.0967,13.9667,13.98,13.2951,5463600
2022-10-13,13.7,14.4,13.64,14.3367,13.6343,8769000
2022-10-14,14.4433,14.51,13.9733,14.0,13.3141,5706000
2022-10-17,14.2433,14.4167,14.2433,14.3733,13.6692,6469500
2022-10-18,14.68,14.72,14.4133,14.5533,13.8403,5140200
2022-10-19,14.45,14.5633,14.3033,14.4167,13.7104,3539700
2022-10-20,14.3933,14.5867,14.2633,14.3,13.5994,5039400
2022-10-21,14.2767,14.6533,14.2267,14.6333,13.9164,7565700
2022-10-24,14.6967,14.8367,14.5633,14.7933,14.0686,6539100
2022-10-25,14.7967,15.07,14.7867,15.0533,14.3159,5309100
2022-10-26,14.9267,15.1867,14.9267,14.9667,14.2334,4129200
2022-10-27,15.0,15.0933,14.87,14.8933,14.1637,9397500
2022-10-28,14.88,15.2533,14.8767,15.2367,14.4902,2969400
2022-10-31,15.1433,15.2233,15.0967,15.1333,14.3919,4898400
2022-11-01,15.2867,15.31,15.0467,15.0933,14.3539,13452600
2022-11-02,15.07,15.2367,14.6933,14.6967,13.9767,4971000
2022-11-03,14.5433,14.6733,14.4433,14.5533,13.8403,7819200
2022-11-04,14.7733,14.8467,14.4933,14.7333,14.0115,6155100
2022-11-07,14.8,14.8967,14.7067,14.8767,14.1478,5920800
2022-11-08,14.92,15.08,14.78,14.9533,14.2208,3655200
2022-11-09,14.8467,14.9,14.6067,14.6267,13.9101,3557400
2022-11-10,15.16,15.4767,15.1133,15.4667,14.7089,4684500
2022-11-11,15.49,15.6667,15.4367,15.6133,14.8484,8632200
2022-11-14,15.5467,15.6833,15.4767,15.4867,14.728,5289600
2022-11-15,15.7333,15.78,15.4867,15.64,14.8738,5147400
2022-11-16,15.55,15.5867,15.4567,15.48,14.7216,3563400
2022-11-17,15.2867,15.4467,15.2567,15.4233,14.6677,5310900
2022-11-18,15.5567,15.5633,15.3733,15.4933,14.7343,3378000
2022-11-21,15.4167,15.47,15.35,15.4167,14.6614,3669600
2022-11-22,15.4833,15.6333,15.4367,15.6233,14.8579,2298900
2022-11-23,15.6133,15.75,15.6067,15.72,14.9499,2688000
2022-11-25,15.7067,15.7533,15.6967,15.7367,14.9657,862200
2022-11-28,15.6133,15.6733,15.44,15.4767,14.7184,3245400
2022-11-29,15.4833,15.5333,15.39,15.46,14.7026,2615700
2022-11-30,15.47,15.93,15.38,15.9267,15.1464,4175400
2022-12-01,15.98,16.03,15.8333,15.9367,15.1559,4028100
2022-12-02,15.73,15.96,15.73,15.9233,15.1432,2186700
2022-12-05,15.8133,15.8333,15.5567,15.6133,14.8484,3471000
2022-12-06,15.6067,15.6167,15.2867,15.3833,14.6297,4020300
2022-12-07,15.2733,15.38,15.2333,15.2733,14.5921,3153600
2022-12-08,15.36,15.4567,15.2967,15.3967,14.7099,2403600
2022-12-09,15.3567,15.4467,15.2767,15.2867,14.6048,3328500
2022-12-12,15.32,15.5067,15.2833,15.5067,14.815,4224900
2022-12-13,15.9167,15.9533,15.5133,15.6233,14.9265,6830400
2022-12-14,15.6,15.7567,15.41,15.5367,14.8437,4015500
2022-12-15,15.3267,15.36,15.0833,15.1367,14.4615,6491700
2022-12-16,15.05,15.09,14.8767,14.9767,14.3087,10584300
2022-12-19,14.98,14.99,14.7633,14.8233,14.1622,5420100
2022-12-20,14.78,14.9167,14.74,14.8433,14.1813,5258700
2022-12-21,14.9467,15.1233,14.93,15.08,14.4074,4494900
2022-12-22,14.9433,14.97,14.63,14.86,14.1972,7308300
2022-12-23,14.83,14.9467,14.7567,14.9467,14.28,4380600
2022-12-27,14.94,14.9533,14.8167,14.8833,14.2195,3995700
2022-12-28,14.8833,14.9467,14.6833,14.6967,14.0412,4594200
2022-12-29,14.79,15.0,14.7833,14.97,14.3023,4751100
2022-12-30,14.8467,14.9367,14.7767,14.9367,14.2705,7331700
2023-01-03,15.0167,15.0967,14.7533,14.8667,14.2036,5146800
2023-01-04,14.9467,15.0667,14.8467,14.9967,14.3278,3374400
2023-01-05,14.9033,14.9433,14.7933,14.8233,14.1622,4218000
2023-01-06,14.93,15.1967,14.8167,15.15,14.4743,3084300
2023-01-09,15.2367,15.3767,15.15,15.15,14.4743,2796900
2023-01-10,15.13,15.28,15.0967,15.2767,14.5953,2517600
2023-01-11,15.33,15.48,15.3167,15.48,14.7896,2385000
2023-01-12,15.5133,15.6,15.3533,15.5567,14.8628,3462600
2023-01-13,15.4167,15.64,15.4167,15.62,14.9233,1704000
2023-01-17,15.61,15.6833,15.5667,15.6,14.9042,3448200
2023-01-18,15.65,15.7,15.3467,15.3533,14.6685,2451600
2023-01-19,15.2567,15.32,15.17,15.2267,14.5475,4005000
2023-01-20,15.2933,15.5233,15.22,15.5233,14.831,3396900
2023-01-23,15.55,15.79,15.5233,15.72,15.0189,3603000
2023-01-24,15.65,15.73,15.6033,15.6933,14.9934,1609200
2023-01-25,15.5167,15.7133,15.4267,15.6967,14.9966,2472300
2023-01-26,15.8067,15.8733,15.6867,15.8667,15.159,1855200
2023-01-27,15.8333,16.0133,15.83,15.93,15.2195,2369100
2023-01-30,15.8233,15.9,15.71,15.72,15.0189,2565900
2023-01-31,15.7433,15.9667,15.7333,15.9633,15.2513,2204400
2023-02-01,15.9333,16.27,15.82,16.1567,15.436,4776600
2023-02-02,16.3233,16.4733,16.2567,16.41,15.6781,2757000
2023-02-03,16.2333,16.4167,16.1767,16.2333,15.5093,4338000
2023-02-06,16.13,16.1733,16.0533,16.12,15.401,2419800
2023-02-07,16.09,16.3667,16.0167,16.32,15.5921,2595300
2023-02-08,16.2467,16.2967,16.11,16.1433,15.4233,2046300
2023-02-09,16.2833,16.29,15.94,15.99,15.2768,1962900
2023-02-10,15.9367,16.02,15.8933,16.01,15.2959,2233500
2023-02-13,16.0433,16.2033,16.0133,16.2,15.4774,1967700
2023-02-14,16.1467,16.2967,16.04,16.21,15.487,1998000
2023-02-15,16.13,16.2867,16.1,16.2867,15.5602,1521300
2023-02-16,16.1,16.25,16.0567,16.07,15.3532,2189700
2023-02-17,15.9833,16.03,15.8967,16.0167,15.3023,1668900
2023-02-21,15.8667,15.8933,15.6733,15.6867,14.987,2879100
2023-02-22,15.7133,15.77,15.62,15.6767,14.9775,2948100
2023-02-23,15.7967,15.8133,15.5767,15.7567,15.0539,2712900
2023-02-24,15.56,15.6167,15.4767,15.5833,14.8883,5700300
2023-02-27,15.71,15.78,15.6033,15.6333,14.9361,2217900
2023-02-28,15.6333,15.7067,15.5867,15.5967,14.901,1847100
2023-03-01,15.57,15.6133,15.4833,15.5433,14.8501,1913700
2023-03-02,15.4667,15.6867,15.4333,15.6533,14.9552,2386200
2023-03-03,15.7167,15.9133,15.6967,15.9033,15.194,1916400
2023-03-06,15.9267,16.0133,15.8633,15.8867,15.1781,1709400
2023-03-07,15.87,15.8933,15.6233,15.6433,14.9456,1757700
2023-03-08,15.6533,15.7033,15.58,15.67,14.9711,1686300
2023-03-09,15.6933,15.7567,15.3233,15.36,14.6749,2221800
2023-03-10,15.3333,15.39,15.0233,15.1,14.4265,7047600
2023-03-13,14.9333,15.2467,14.8567,15.04,14.3692,7659000
2023-03-14,15.28,15.3867,15.12,15.3033,14.6208,4266900
2023-03-15,15.08,15.19,14.9633,15.19,14.5125,8724600
2023-03-16,15.0933,15.46,15.0633,15.44,14.7513,4338600
2023-03-17,15.4067,15.4233,15.19,15.2467,14.5666,5143500
2023-03-20,15.2933,15.4233,15.2567,15.39,14.7036,3145500
2023-03-21,15.5467,15.6333,15.4933,15.6167,14.9201,2317500
2023-03-22,15.55,15.68,15.2633,15.2667,14.6414,3456000
2023-03-23,15.3767,15.5467,15.1867,15.2933,14.6669,3221100
2023-03-24,15.2333,15.3933,15.14,15.3867,14.7565,5029500
2023-03-27,15.4833,15.52,15.3933,15.4333,14.8012,2715600
2023-03-28,15.4033,15.45,15.33,15.41,14.7788,3558900
2023-03-29,15.5567,15.6367,15.5233,15.6267,14.9866,2600400
2023-03-30,15.73,15.7567,15.6433,15.71,15.0665,2926800
2023-03-31,15.7633,15.9633,15.7433,15.95,15.2967,2305200
2023-04-03,15.9467,16.02,15.8933,16.0,15.3447,2632800
2023-04-04,16.0167,16.0267,15.8333,15.8867,15.236,1751700
2023-04-05,15.86,15.8733,15.7567,15.83,15.1816,1779300
2023-04-06,15.7833,15.89,15.7433,15.8767,15.2264,1487100
2023-04-10,15.8033,15.9233,15.7633,15.9233,15.2711,2015700
2023-04-11,15.9333,15.9933,15.8967,15.93,15.2775,1450500
2023-04-12,16.02,16.04,15.8433,15.8567,15.2072,1745400
2023-04-13,15.91,16.0833,15.8967,16.07,15.4118,1600800
2023-04-14,16.05,16.1367,15.93,16.03,15.3734,1632600
2023-04-17,16.0267,16.0933,15.98,16.0933,15.4342,1875300
2023-04-18,16.16,16.16,16.05,16.1033,15.4438,2096700
2023-04-19,16.01,16.1333,16.01,16.1033,15.4438,1743900
2023-04-20,15.9767,16.0767,15.95,16.01,15.3543,1716900
2023-04-21,16.03,16.04,15.94,16.0267,15.3702,1636200
2023-04-24,16.0033,16.0533,15.95,16.0333,15.3766,2085000
2023-04-25,15.9567,15.96,15.7567,15.76,15.1145,1820100
2023-04-26,15.79,15.8267,15.6633,15.6933,15.0506,1713600
2023-04-27,15.7933,15.9967,15.7733,15.99,15.3351,1884000
2023-04-28,15.9567,16.12,15.94,16.12,15.4597,2181300
2023-05-01,16.11,16.1933,16.1,16.1133,15.4534,2427000
2023-05-02,16.0767,16.08,15.79,15.9133,15.2615,2056800
2023-05-03,15.9267,16.05,15.81,15.8133,15.1656,4646400
2023-05-04,15.7633,15.78,15.64,15.6967,15.0538,3820500
2023-05-05,15.8467,16.04,15.8467,16.0033,15.3479,1815600
2023-05-08,16.0133,16.0233,15.9533,16.0033,15.3479,2143500
2023-05-09,15.9467,15.9867,15.9267,15.95,15.2967,1351800
2023-05-10,16.0567,16.09,15.8633,16.0167,15.3606,1769400
2023-05-11,15.9733,15.9867,15.9,15.9833,15.3287,1848600
2023-05-12,16.0267,16.0367,15.8567,15.95,15.2967,1513500
2023-05-15,15.97,16.0467,15.9167,16.0233,15.367,2124900
2023-05-16,15.98,16.0,15.9,15.9067,15.2552,1527900
2023-05-17,15.9733,16.1333,15.9167,16.1033,15.4438,1964100
2023-05-18,16.1,16.2833,16.0833,16.27,15.6036,2628600
2023-05-19,16.3067,16.32,16.1833,16.2367,15.5716,1710300
2023-05-22,16.24,16.3167,16.1933,16.2633,15.5972,2268600
2023-05-23,16.1933,16.25,16.07,16.0867,15.4278,1674900
2023-05-24,16.02,16.0267,15.9167,15.96,15.3063,1983000
2023-05-25,16.0867,16.1233,15.9867,16.0733,15.415,2073600
2023-05-26,16.1033,16.3133,16.0967,16.2867,15.6196,1689900
2023-05-30,16.37,16.39,16.2367,16.2933,15.626,2220300
2023-05-31,16.22,16.25,16.1267,16.2033,15.5397,2057400
2023-06-01,16.2133,16.4,16.1567,16.3567,15.6867,2156400
2023-06-02,16.4767,16.65,16.4533,16.6267,15.9457,2403300
2023-06-05,16.63,16.6767,16.5533,16.5867,15.9073,2480400
2023-06-06,16.5667,16.6733,16.5433,16.66,15.9776,1728000
2023-06-07,16.6867,16.7333,16.6,16.6267,15.9457,1527900
2023-06-08,16.6233,16.7233,16.5767,16.71,16.0256,1662000
2023-06-09,16.7433,16.81,16.68,16.7233,16.0384,1590900
2023-06-12,16.7567,16.8767,16.73,16.8767,16.1854,2089800
2023-06-13,16.9433,17.02,16.92,16.9967,16.3005,2079600
2023-06-14,17.01,17.0833,16.8633,17.0033,16.3069,2178900
2023-06-15,16.9633,17.2533,16.96,17.21,16.5051,1904400
2023-06-16,17.2967,17.2967,17.13,17.1467,16.4444,2404500
2023-06-20,17.0667,17.09,16.9633,17.0567,16.358,2141400
2023-06-21,16.9567,16.98,16.8767,16.9067,16.2733,3237000
2023-06-22,16.8533,16.9467,16.8333,16.94,16.3054,1783200
2023-06-23,16.8133,16.8767,16.7767,16.8067,16.1771,4942500
2023-06-26,16.7967,16.87,16.7433,16.7533,16.1258,2109300
2023-06-27,16.7967,16.9733,16.7733,16.95,16.3151,3184800
2023-06-28,16.9167,17.0067,16.8833,16.9633,16.3279,1750200
2023-06-29,16.9633,17.05,16.9433,17.0467,16.4081,1650000
2023-06-30,17.17,17.27,17.16,17.2333,16.5878,1983600
2023-07-03,17.2267,17.27,17.2067,17.27,16.6231,1401600
2023-07-05,17.1933,17.2467,17.1833,17.2233,16.5781,1835100
2023-07-06,17.07,17.08,16.9567,17.07,16.4306,1873500
2023-07-07,17.04,17.2067,17.03,17.0567,16.4177,1546200
2023-07-10,17.04,17.1267,17.0333,17.1267,16.4851,1481700
2023-07-11,17.1667,17.2733,17.1233,17.2567,16.6102,1443600
2023-07-12,17.4067,17.4433,17.35,17.3833,16.7322,2087400
2023-07-13,17.4667,17.5667,17.45,17.5367,16.8797,1659300
2023-07-14,17.5733,17.5833,17.48,17.51,16.8541,1505700
2023-07-17,17.5,17.6233,17.5,17.5833,16.9247,2003400
2023-07-18,17.5733,17.7433,17.56,17.7233,17.0594,1788300
2023-07-19,17.76,17.81,17.73,17.7633,17.0979,1756200
2023-07-20,17.7133,17.75,17.6033,17.64,16.9792,2663700
2023-07-21,17.7067,17.7067,17.6267,17.6333,16.9728,2215500
2023-07-24,17.6733,17.7267,17.6433,17.6967,17.0338,1888200
2023-07-25,17.6867,17.8,17.6767,17.7467,17.0819,1393500
2023-07-26,17.7067,17.81,17.6767,17.7567,17.0915,2193000
2023-07-27,17.88,17.9033,17.5867,17.6167,16.9567,2002500
2023-07-28,17.7633,17.8333,17.7367,17.8,17.1332,1443900
2023-07-31,17.84,17.8733,17.7933,17.8567,17.1878,1811100
2023-08-01,17.7967,17.8267,17.7567,17.8067,17.1396,2314200
2023-08-02,17.6733,17.6767,17.52,17.5533,16.8958,2235900
2023-08-03,17.4733,17.5733,17.43,17.5,16.8445,1810500
2023-08-04,17.5733,17.6567,17.4067,17.43,16.7771,2257200
2023-08-07,17.49,17.57,17.4533,17.57,16.9118,1440300
2023-08-08,17.45,17.49,17.3333,17.48,16.8252,2040600
2023-08-09,17.4867,17.4867,17.32,17.36,16.7097,1596000
2023-08-10,17.4533,17.5767,17.3033,17.3567,16.7065,2103900
2023-08-11,17.2867,17.38,17.2633,17.3467,16.6969,1522200
2023-08-14,17.3033,17.4333,17.2767,17.4333,16.7803,1738200
2023-08-15,17.3567,17.36,17.2033,17.23,16.5846,1705200
2023-08-16,17.2,17.27,17.0867,17.0933,16.453,1635300
2023-08-17,17.1367,17.1567,16.93,16.95,16.3151,1850100
2023-08-18,16.8333,17.0033,16.82,16.96,16.3247,3123300
2023-08-21,16.9967,17.0933,16.9133,17.0567,16.4177,2598600
2023-08-22,17.14,17.14,16.9967,17.02,16.3824,2656800
2023-08-23,17.06,17.23,17.05,17.2133,16.5685,2088000
2023-08-24,17.27,17.2867,16.9733,16.9733,16.3375,2343900
2023-08-25,17.0367,17.1367,16.89,17.0867,16.4466,2845200
2023-08-28,17.18,17.22,17.1267,17.1967,16.5525,1877400
2023-08-29,17.1967,17.46,17.1833,17.4467,16.7931,2102400
2023-08-30,17.4633,17.5533,17.44,17.5333,16.8765,2532600
2023-08-31,17.56,17.61,17.5067,17.5133,16.8573,1423500
2023-09-01,17.6167,17.65,17.51,17.5633,16.9054,1610100
2023-09-05,17.5433,17.5433,17.4633,17.4667,16.8124,1686600
2023-09-06,17.44,17.4433,17.26,17.3567,16.7065,1698000
2023-09-07,17.2333,17.3167,17.2067,17.2933,16.6455,2436600
2023-09-08,17.3033,17.3667,17.28,17.3167,16.668,1226700
2023-09-11,17.4167,17.4367,17.3533,17.4267,16.7739,1681800
2023-09-12,17.37,17.43,17.3133,17.34,16.6904,1649400
2023-09-13,17.3367,17.38,17.2867,17.34,16.6904,1384800
2023-09-14,17.4367,17.5133,17.38,17.4833,16.8284,1485900
2023-09-15,17.4333,17.4333,17.26,17.2867,16.6391,1750500
2023-09-18,17.2667,17.3333,17.2433,17.2833,16.6359,1866600
2023-09-19,17.2467,17.2633,17.1367,17.2433,16.5974,1688400
2023-09-20,17.2167,17.25,17.0133,17.0133,16.4364,2365800
2023-09-21,16.9067,16.91,16.73,16.74,16.1723,3417900
2023-09-22,16.7833,16.83,16.6867,16.7033,16.1369,2244600
2023-09-25,16.6433,16.77,16.63,16.77,16.2013,3816300
2023-09-26,16.6567,16.6833,16.4967,16.53,15.9694,4905000
2023-09-27,16.58,16.61,16.4067,16.5533,15.992,2628000
2023-09-28,16.53,16.7233,16.5133,16.6533,16.0886,2052600
2023-09-29,16.78,16.7867,16.5633,16.6167,16.0532,2512200
2023-10-02,16.59,16.6433,16.48,16.59,16.0274,3055500
2023-10-03,16.49,16.5467,16.29,16.3467,15.7923,2987700
2023-10-04,16.36,16.4867,16.2967,16.4633,15.905,2668500
2023-10-05,16.4467,16.4833,16.33,16.4567,15.8986,1811100
2023-10-06,16.3433,16.7133,16.31,16.6533,16.0886,2153400
2023-10-09,16.5733,16.7833,16.5567,16.76,16.1916,1772100
2023-10-10,16.7833,16.9633,16.7767,16.8533,16.2818,1859100
2023-10-11,16.89,16.94,16.8,16.9267,16.3527,2101500
2023-10-12,16.9333,16.94,16.6967,16.79,16.2206,2626200
2023-10-13,16.85,16.89,16.6333,16.7,16.1337,1987200
2023-10-16,16.78,16.92,16.7733,16.8867,16.314,2231400
2023-10-17,16.7633,16.99,16.7533,16.9033,16.3301,1665000
2023-10-18,16.8333,16.8533,16.62,16.66,16.095,2175600
2023-10-19,16.6833,16.7533,16.47,16.5,15.9405,2679300
2023-10-20,16.4867,16.4933,16.29,16.2967,15.744,3650700
2023-10-23,16.2333,16.41,16.1567,16.2567,15.7054,2768400
2023-10-24,16.3333,16.4267,16.2667,16.3767,15.8213,2339700
2023-10-25,16.2867,16.3033,16.1067,16.1267,15.5798,3841800
2023-10-26,16.0833,16.1267,15.9133,15.96,15.4188,3369300
2023-10-27,16.02,16.03,15.82,15.87,15.3318,3518700
2023-10-30,15.98,16.0933,15.9233,16.0567,15.5122,2343300
2023-10-31,16.0867,16.1733,16.0067,16.1667,15.6184,2348400
2023-11-01,16.1867,16.35,16.1667,16.3267,15.773,5007600
2023-11-02,16.4833,16.65,16.4833,16.6467,16.0822,2912700
2023-11-03,16.74,16.8967,16.74,16.8367,16.2657,2432400
2023-11-06,16.86,16.8833,16.7633,16.8433,16.2721,2615400
2023-11-07,16.8367,16.92,16.7967,16.8967,16.3237,1930200
2023-11-08,16.92,16.9333,16.8033,16.89,16.3172,1967700
2023-11-09,16.94,16.94,16.73,16.75,16.182,1944900
2023-11-10,16.8233,17.0067,16.76,17.0033,16.4267,3456300
2023-11-13,16.94,17.0267,16.9133,16.98,16.4042,2564100
2023-11-14,17.2367,17.4133,17.22,17.3667,16.7777,2261400
2023-11-15,17.4233,17.4933,17.3767,17.41,16.8196,3778800
2023-11-16,17.3833,17.4233,17.3233,17.4067,16.8164,2157000
2023-11-17,17.4367,17.4633,17.3867,17.4467,16.855,2202900
2023-11-20,17.4467,17.61,17.4367,17.5833,16.9871,2749500
2023-11-21,17.5333,17.5433,17.48,17.53,16.9355,1637100
2023-11-22,17.5867,17.6467,17.5533,17.6,17.0032,2064600
2023-11-24,17.6,17.6267,17.5967,17.6267,17.0289,801900
2023-11-27,17.6033,17.63,17.5733,17.6,17.0032,2050500
2023-11-28,17.5733,17.6633,17.5467,17.6033,17.0064,2265300
2023-11-29,17.6867,17.76,17.6033,17.6167,17.0193,3147300
2023-11-30,17.6633,17.7,17.5767,17.69,17.0901,3460800
2023-12-01,17.66,17.85,17.64,17.84,17.235,4031700
2023-12-04,17.71,17.78,17.6733,17.7667,17.1642,2107800
2023-12-05,17.6967,17.78,17.6833,17.74,17.1384,1854000
2023-12-06,17.75,17.76,17.5833,17.5967,17.0718,2049900
2023-12-07,17.6667,17.75,17.65,17.7333,17.2044,1875300
2023-12-08,17.7067,17.8367,17.6933,17.8167,17.2852,2344200
2023-12-11,17.8033,17.8933,17.7867,17.89,17.3564,2341800
2023-12-12,17.8733,17.9667,17.8233,17.9633,17.4275,4240800
2023-12-13,17.97,18.25,17.9467,18.2433,17.6992,2958900
2023-12-14,18.32,18.4167,18.24,18.3433,17.7962,4309200
2023-12-15,18.33,18.37,18.27,18.3233,17.7768,2910900
2023-12-18,18.36,18.4367,18.36,18.3967,17.8479,4612200
2023-12-19,18.4333,18.5367,18.43,18.53,17.9773,2163000
2023-12-20,18.5,18.58,18.25,18.26,17.7153,2691900
2023-12-21,18.3967,18.4667,18.3,18.4567,17.9061,2303100
2023-12-22,18.4933,18.5667,18.4233,18.4967,17.9449,3327600
2023-12-26,18.51,18.63,18.51,18.5933,18.0387,4640100
2023-12-27,18.5933,18.64,18.57,18.6167,18.0614,3796500
2023-12-28,18.64,18.6667,18.62,18.6367,18.0808,2659200
2023-12-29,18.6267,18.6433,18.49,18.5567,18.0032,3667200
2024-01-02,18.4333,18.4933,18.3567,18.4367,17.8867,4006800
2024-01-03,18.3467,18.35,18.2267,18.2467,17.7024,3095400
2024-01-04,18.2233,18.3333,18.19,18.2033,17.6604,2247900
2024-01-05,18.1933,18.32,18.17,18.2233,17.6798,3055800
2024-01-08,18.2433,18.4967,18.2333,18.4967,17.9449,2445600
2024-01-09,18.39,18.4967,18.3533,18.4567,17.9061,1700100
2024-01-10,18.4633,18.5833,18.4367,18.5533,17.9999,2608200
2024-01-11,18.5833,18.5933,18.3667,18.5333,17.9805,2340000
2024-01-12,18.5867,18.6333,18.4833,18.54,17.987,2352600
2024-01-16,18.4767,18.52,18.3833,18.46,17.9094,3116700
2024-01-17,18.33,18.36,18.2467,18.3467,17.7994,7899900
2024-01-18,18.4267,18.52,18.3433,18.5033,17.9514,1813200
2024-01-19,18.5733,18.7433,18.5167,18.7333,18.1746,3703500
2024-01-22,18.8,18.8733,18.77,18.8133,18.2522,3327900
2024-01-23,18.85,18.8567,18.7733,18.85,18.2877,2101200
2024-01-24,18.9733,18.99,18.8367,18.8533,18.291,2886600
2024-01-25,18.9367,18.9667,18.85,18.95,18.3848,2315400
2024-01-26,18.9367,19.0,18.9033,18.94,18.3751,2006100
2024-01-29,18.9533,19.1067,18.9333,19.0967,18.527,2556300
2024-01-30,19.08,19.1033,19.0467,19.0833,18.5141,2121900
2024-01-31,18.98,19.02,18.7533,18.76,18.2004,3495900
2024-02-01,18.8333,18.9967,18.77,18.9967,18.43,2195700
2024-02-02,19.0067,19.2367,18.9767,19.1767,18.6047,3221400
2024-02-05,19.1367,19.1433,18.9833,19.0867,18.5173,2174100
2024-02-06,19.12,19.1567,19.0733,19.15,18.5788,2055600
2024-02-07,19.24,19.3233,19.19,19.3,18.7243,2040900
2024-02-08,19.2967,19.35,19.2833,19.35,18.7728,1561200
2024-02-09,19.3833,19.4833,19.3533,19.4733,18.8925,2097000
2024-02-12,19.4733,19.58,19.4533,19.4767,18.8957,2185800
2024-02-13,19.2,19.26,19.0433,19.1867,18.6144,2700300
2024-02-14,19.2933,19.3967,19.21,19.39,18.8116,2362500
2024-02-15,19.43,19.5433,19.3967,19.54,18.9572,2216400
2024-02-16,19.5267,19.5667,19.4133,19.4333,18.8537,2297400
2024-02-20,19.3533,19.37,19.2167,19.3,18.7243,3018600
2024-02-21,19.2467,19.3133,19.17,19.31,18.734,2304900
2024-02-22,19.5467,19.7233,19.5233,19.69,19.1027,2650800
2024-02-23,19.7567,19.7833,19.67,19.71,19.1221,2214600
2024-02-26,19.7133,19.7433,19.6467,19.65,19.0639,2028600
2024-02-27,19.69,19.7167,19.6267,19.7133,19.1253,2039400
2024-02-28,19.65,19.7067,19.6267,19.68,19.093,2186400
2024-02-29,19.7633,19.81,19.64,19.77,19.1803,2129700
2024-03-01,19.79,19.95,19.7633,19.94,19.3452,2557500
2024-03-04,19.9233,19.9933,19.91,19.91,19.3161,2243100
2024-03-05,19.8367,19.8567,19.6267,19.72,19.1318,2902800
2024-03-06,19.8433,19.9067,19.7667,19.8167,19.2256,2333400
2024-03-07,19.9433,20.0567,19.9267,20.0267,19.4293,2198100
2024-03-08,20.07,20.1633,19.8733,19.9067,19.3129,2536800
2024-03-11,19.86,19.8967,19.7733,19.8733,19.2805,2068200
2024-03-12,19.9533,20.0867,19.8433,20.0633,19.4649,2347200
2024-03-13,20.0733,20.0967,19.9867,20.05,19.4519,1839300
2024-03-14,20.0833,20.0833,19.8467,19.97,19.3743,2374200
2024-03-15,19.85,19.92,19.7933,19.85,19.2579,2523300
2024-03-18,19.9967,20.04,19.9367,19.9567,19.3614,2493300
2024-03-19,19.9067,20.0667,19.88,20.0667,19.4681,1834200
2024-03-20,20.0033,20.2133,19.9767,20.2067,19.665,3012000
2024-03-21,20.3267,20.36,20.28,20.28,19.7364,2621700
2024-03-22,20.2833,20.2933,20.22,20.2367,19.6942,1730700
2024-03-25,20.1933,20.23,20.1833,20.1933,19.6521,2423700
2024-03-26,20.25,20.26,20.14,20.1533,19.6131,4006500
2024-03-27,20.2567,20.3367,20.1933,20.3367,19.7915,2303700
2024-03-28,20.3433,20.3933,20.33,20.35,19.8045,2430300
2024-04-01,20.3767,20.38,20.2433,20.2967,19.7526,2789700
2024-04-02,20.1433,20.1433,20.05,20.14,19.6001,2928300
2024-04-03,20.09,20.2233,20.0867,20.17,19.6293,2276100
2024-04-04,20.3133,20.3433,19.9133,19.9333,19.399,3066900
2024-04-05,19.98,20.2067,19.96,20.1367,19.5969,2158800
2024-04-08,20.1733,20.2033,20.1233,20.1567,19.6164,1891200
2024-04-09,20.2067,20.2267,19.9867,20.1867,19.6456,2108400
2024-04-10,19.9267,20.04,19.8733,19.96,19.425,3208800
2024-04-11,20.02,20.1467,19.8733,20.1033,19.5645,2219400
2024-04-12,19.97,20.0067,19.7333,19.7933,19.2628,2893200
2024-04-15,19.95,19.9733,19.51,19.55,19.026,4079400
2024-04-16,19.56,19.6167,19.45,19.4933,18.9708,4085400
2024-04-17,19.5967,19.6067,19.33,19.39,18.8702,2964900
2024-04-18,19.4467,19.5267,19.3033,19.35,18.8313,3108900
2024-04-19,19.3233,19.3833,19.1367,19.19,18.6756,3638700
2024-04-22,19.3033,19.4767,19.2033,19.3767,18.8573,2275800
2024-04-23,19.4567,19.6367,19.4333,19.6133,19.0876,1917600
2024-04-24,19.6433,19.6867,19.5133,19.61,19.0844,2687400
2024-04-25,19.3567,19.5567,19.29,19.5333,19.0097,2147400
2024-04-26,19.64,19.77,19.6067,19.7033,19.1752,1604400
2024-04-29,19.7667,19.8067,19.6767,19.79,19.2595,1676700
2024-04-30,19.7233,19.75,19.4633,19.4667,18.9449,2043000
2024-05-01,19.44,19.7233,19.38,19.4067,18.8865,3901500
2024-05-02,19.5767,19.6367,19.38,19.6167,19.0908,2207100
2024-05-03,19.8633,19.9067,19.7467,19.8467,19.3147,2506200
2024-05-06,19.9367,20.0567,19.9333,20.05,19.5126,2059200
2024-05-07,20.09,20.13,20.05,20.0833,19.545,2052300
2024-05-08,20.0,20.08,19.9767,20.07,19.532,1572600
2024-05-09,20.0767,20.1867,20.04,20.1867,19.6456,1402500
2024-05-10,20.25,20.27,20.1533,20.2033,19.6618,1280700
2024-05-13,20.27,20.27,20.1667,20.21,19.6683,1832400
2024-05-14,20.2167,20.3267,20.2033,20.3133,19.7688,1585200
2024-05-15,20.4067,20.57,20.3867,20.55,19.9992,2370300
2024-05-16,20.5567,20.61,20.5,20.51,19.9602,2177700
2024-05-17,20.5267,20.5367,20.45,20.5333,19.9829,1460400
2024-05-20,20.54,20.6133,20.5233,20.5667,20.0154,1488300
2024-05-21,20.52,20.6033,20.5167,20.6033,20.0511,1747200
2024-05-22,20.5767,20.5933,20.4433,20.5367,19.9862,1853700
2024-05-23,20.6567,20.6567,20.3067,20.3633,19.8175,2239800
2024-05-24,20.4367,20.53,20.3933,20.49,19.9408,13571100
2024-05-28,20.5467,20.5467,20.3967,20.4933,19.944,1664400
2024-05-29,20.3267,20.39,20.3167,20.3533,19.8078,1659900
2024-05-30,20.2933,20.3267,20.18,20.2433,19.7007,1737600
2024-05-31,20.28,20.4,20.0667,20.3967,19.8499,2085000
2024-06-03,20.4833,20.4833,20.21,20.41,19.8629,1822200
2024-06-04,20.36,20.43,20.2767,20.3967,19.8499,1877100
2024-06-05,20.5,20.65,20.4167,20.65,20.0965,1764000
2024-06-06,20.64,20.6667,20.5633,20.6333,20.0803,1311300
2024-06-07,20.5833,20.69,20.5367,20.59,20.0381,1784700
2024-06-10,20.5567,20.6733,20.53,20.6633,20.1095,1421700
2024-06-11,20.6033,20.6933,20.5033,20.6867,20.1322,1648800
2024-06-12,20.9033,20.9967,20.84,20.8833,20.3236,1695000
2024-06-13,20.95,20.95,20.7867,20.9,20.3398,1581900
2024-06-14,20.8267,20.88,20.7633,20.88,20.3203,1383900
2024-06-17,20.8533,21.0867,20.83,21.0267,20.463,1746600
2024-06-18,21.0467,21.1,21.0333,21.1,20.5344,1671600
2024-06-20,21.13,21.1533,20.9667,21.0433,20.4793,2226300
2024-06-21,21.03,21.0433,20.94,21.01,20.4468,1596000
2024-06-24,21.0067,21.12,20.96,20.96,20.3982,1623600
2024-06-25,21.0167,21.04,20.94,21.0367,20.4728,1583700
2024-06-26,20.9167,21.0033,20.89,20.9667,20.4705,1848000
2024-06-27,20.98,21.0333,20.9533,21.03,20.5323,1539600
2024-06-28,21.0567,21.1733,20.9067,20.9567,20.4607,2162700
2024-07-01,21.0267,21.0267,20.8867,20.9867,20.49,3828300
2024-07-02,20.93,21.1233,20.93,21.1233,20.6235,1756500
2024-07-03,21.1167,21.2167,21.1167,21.2033,20.7016,977700
2024-07-05,21.2133,21.32,21.1767,21.31,20.8057,1787700
2024-07-08,21.3533,21.37,21.2967,21.34,20.835,1662300
2024-07-09,21.3767,21.3967,21.3267,21.3433,20.8383,1606800
2024-07-10,21.3967,21.5567,21.37,21.55,21.04,1738200
2024-07-11,21.59,21.6333,21.4133,21.4467,20.9391,1899300
2024-07-12,21.48,21.72,21.48,21.5833,21.0726,2067300
2024-07-15,21.6767,21.7867,21.6,21.6733,21.1604,2327400
2024-07-16,21.7333,21.8567,21.72,21.84,21.3232,2131500
2024-07-17,21.62,21.7033,21.53,21.5467,21.0368,2343600
2024-07-18,21.6,21.65,21.2733,21.36,20.8545,2353500
2024-07-19,21.3433,21.3967,21.18,21.22,20.7178,1380000
2024-07-22,21.3767,21.4633,21.29,21.4533,20.9457,2661600
2024-07-23,21.4433,21.5333,21.4133,21.4333,20.9261,2262600
2024-07-24,21.24,21.26,20.9033,20.94,20.4445,2123700
2024-07-25,20.94,21.2167,20.8133,20.87,20.3761,2154000
2024-07-26,21.0333,21.21,21.0033,21.12,20.6202,1720800
2024-07-29,21.1933,21.2167,21.04,21.1167,20.617,1949400
2024-07-30,21.1633,21.2167,20.8867,21.03,20.5323,1528200
2024-07-31,21.29,21.4667,21.22,21.34,20.835,2313000
2024-08-01,21.3967,21.49,20.8667,21.0133,20.5161,2486400
2024-08-02,20.6867,20.7233,20.4033,20.5767,20.0897,3282000
2024-08-05,19.6933,20.22,19.6667,19.9767,19.5039,6495900
2024-08-06,20.0967,20.4567,20.0,20.1633,19.6862,4042800
2024-08-07,20.4233,20.53,20.0033,20.02,19.5462,3135600
2024-08-08,20.24,20.5167,20.16,20.4833,19.9986,1962600
2024-08-09,20.48,20.6333,20.41,20.5767,20.0897,1898400
2024-08-12,20.6333,20.6633,20.4933,20.56,20.0735,1981800
2024-08-13,20.69,20.9167,20.67,20.9133,20.4184,1691100
2024-08-14,20.9667,21.0167,20.8333,20.9633,20.4672,1659900
2024-08-15,21.1967,21.3533,21.18,21.3467,20.8415,2367000
2024-08-16,21.2833,21.4133,21.26,21.39,20.8838,1806600
2024-08-19,21.4067,21.5933,21.3767,21.5933,21.0823,1963500
2024-08-20,21.5867,21.63,21.4833,21.53,21.0205,1548000
2024-08-21,21.58,21.6733,21.5233,21.6467,21.1344,1776300
2024-08-22,21.7033,21.7333,21.42,21.4667,20.9587,1941000
2024-08-23,21.5967,21.75,21.5567,21.7333,21.219,2358900
2024-08-26,21.7667,21.8,21.6233,21.6833,21.1702,1865400
2024-08-27,21.6133,21.7133,21.5733,21.6933,21.18,1341900
2024-08-28,21.67,21.69,21.4433,21.5667,21.0563,1567800
2024-08-29,21.65,21.7833,21.5433,21.59,21.0791,2361000
2024-08-30,21.6767,21.8033,21.53,21.7867,21.2711,2279400
2024-09-03,21.6633,21.6667,21.22,21.3133,20.809,2389800
2024-09-04,21.2367,21.4033,21.21,21.27,20.7667,2335200
2024-09-05,21.2667,21.3633,21.1167,21.2067,20.7048,1833300
2024-09-06,21.2233,21.28,20.82,20.8467,20.3533,2259600
2024-09-09,21.01,21.1333,20.94,21.0733,20.5746,1755300
2024-09-10,21.14,21.1633,20.94,21.1567,20.656,2130900
2024-09-11,21.1533,21.3933,20.8133,21.36,20.8545,1744200
2024-09-12,21.3867,21.5633,21.31,21.5467,21.0368,1716900
2024-09-13,21.59,21.7267,21.5733,21.6867,21.1735,1852800
2024-09-16,21.67,21.7467,21.6167,21.74,21.2255,1718400
2024-09-17,21.8167,21.89,21.6767,21.7567,21.2418,1782300
2024-09-18,21.79,21.9967,21.6833,21.7067,21.193,3732000
2024-09-19,22.0733,22.15,21.96,22.08,21.5575,1783800
2024-09-20,22.0433,22.07,21.9167,22.03,21.5087,2600100
2024-09-23,22.08,22.1067,22.0233,22.0867,21.564,1479300
2024-09-24,22.13,22.14,22.0033,22.1367,21.6128,1495800
2024-09-25,22.0633,22.09,21.9667,22.0067,21.5531,1656000
2024-09-26,22.1667,22.1967,22.01,22.1,21.6445,2897400
2024-09-27,22.16,22.1833,22.0367,22.08,21.6249,2331300
2024-09-30,22.04,22.1833,21.95,22.1733,21.7163,3728400
2024-10-01,22.1467,22.1467,21.85,21.96,21.5074,3453300
2024-10-02,21.9233,22.0,21.8233,21.9667,21.5139,2004900
2024-10-03,21.8933,21.99,21.83,21.91,21.4584,2429100
2024-10-04,22.0933,22.14,21.9467,22.1333,21.6771,2081100
2024-10-07,22.0767,22.0833,21.88,21.9367,21.4845,1827900
2024-10-08,22.0133,22.1433,21.9867,22.1233,21.6673,1794300
2024-10-09,22.1333,22.29,22.0967,22.2733,21.8142,1607700
2024-10-10,22.2167,22.2833,22.1567,22.2333,21.7751,1407600
2024-10-11,22.22,22.42,22.22,22.4,21.9383,1249300
2024-10-14,22.47,22.61,22.44,22.57,22.1048,1670000
2024-10-15,22.58,22.61,22.38,22.42,21.9579,1849000
2024-10-16,22.45,22.55,22.4,22.54,22.0754,1690100
2024-10-17,22.65,22.66,22.52,22.54,22.0754,1508500
2024-10-18,22.6,22.64,22.55,22.62,22.1538,2288600
2024-10-21,22.59,22.61,22.43,22.56,22.095,2029400
2024-10-22,22.46,22.57,22.43,22.53,22.0656,1805800
2024-10-23,22.46,22.47,22.18,22.33,21.8697,2255100
2024-10-24,22.39,22.41,22.27,22.37,21.9089,1487800
2024-10-25,22.45,22.57,22.33,22.36,21.8991,1754200
2024-10-28,22.49,22.51,22.44,22.46,21.9971,2590400
2024-10-29,22.41,22.53,22.35,22.47,22.0069,2175300
2024-10-30,22.45,22.57,22.4,22.43,21.9677,1425200
2024-10-31,22.29,22.29,22.0,22.01,21.5563,2230600
2024-11-01,22.12,22.28,22.08,22.11,21.6543,1828200
2024-11-04,22.1,22.17,21.99,22.06,21.6053,2478200
2024-11-05,22.1,22.35,22.07,22.35,21.8893,2363200
2024-11-06,22.85,22.99,22.72,22.97,22.4965,3923900
2024-11-07,23.03,23.18,23.03,23.13,22.6532,2492100
2024-11-08,23.15,23.29,23.13,23.24,22.761,2949800
2024-11-11,23.32,23.34,23.23,23.31,22.8295,2326200
2024-11-12,23.29,23.32,23.11,23.21,22.7316,2030000
2024-11-13,23.24,23.3,23.15,23.2,22.7218,2333600
2024-11-14,23.22,23.23,23.01,23.04,22.5651,2361300
2024-11-15,22.9,22.92,22.66,22.74,22.2713,3856600
2024-11-18,22.77,22.89,22.72,22.84,22.3692,2046700
2024-11-19,22.71,22.96,22.68,22.94,22.4672,2415600
2024-11-20,22.95,22.97,22.73,22.96,22.4868,2116900
2024-11-21,23.09,23.17,22.87,23.12,22.6435,3056500
2024-11-22,23.12,23.25,23.1,23.23,22.7512,4587500
2024-11-25,23.38,23.45,23.26,23.32,22.8393,2229200
2024-11-26,23.38,23.45,23.32,23.42,22.9373,2121900
2024-11-27,23.44,23.45,23.29,23.36,22.8785,1835500
2024-11-29,23.38,23.53,23.38,23.49,23.0058,1124000
2024-12-02,23.5,23.56,23.48,23.53,23.045,2773100
2024-12-03,23.51,23.54,23.47,23.52,23.0352,3039600
2024-12-04,23.61,23.7,23.59,23.7,23.2115,2288800
2024-12-05,23.71,23.71,23.61,23.63,23.1429,2767800
2024-12-06,23.67,23.73,23.65,23.69,23.2017,2319700
2024-12-09,23.68,23.69,23.52,23.55,23.0646,2874800
2024-12-10,23.57,23.57,23.42,23.45,22.9667,2303700
2024-12-11,23.49,23.59,23.48,23.55,23.1465,2421100
2024-12-12,23.51,23.54,23.42,23.43,23.0286,2421900
2024-12-13,23.5,23.52,23.34,23.41,23.0089,2915200
2024-12-16,23.46,23.55,23.45,23.51,23.1072,3997800
2024-12-17,23.41,23.43,23.33,23.39,22.9893,2649400
2024-12-18,23.4,23.46,22.64,22.65,22.2619,6125300
2024-12-19,22.87,22.92,22.63,22.64,22.2521,12416000
2024-12-20,22.55,23.08,22.51,22.9,22.5077,5174000
2024-12-23,22.9,23.04,22.76,23.01,22.6158,4167600
2024-12-24,23.05,23.28,23.04,23.26,22.8615,1603300
2024-12-26,23.2,23.32,23.14,23.28,22.8811,2355400
2024-12-27,23.15,23.16,22.86,23.03,22.6354,3488700
2024-12-30,22.76,22.91,22.62,22.78,22.3897,3709100
2024-12-31,22.85,22.87,22.63,22.7,22.3111,3966900
2025-01-02,22.82,22.91,22.49,22.66,22.2718,5308300
2025-01-03,22.75,22.97,22.72,22.95,22.5568,2911700
2025-01-06,23.13,23.26,23.02,23.09,22.6944,3905500
2025-01-07,23.17,23.18,22.74,22.83,22.4389,3970900
2025-01-08,22.83,22.89,22.67,22.85,22.4585,4092000
2025-01-10,22.71,22.71,22.41,22.5,22.1145,6489300
2025-01-13,22.31,22.55,22.29,22.54,22.1538,4044800
2025-01-14,22.65,22.69,22.44,22.58,22.1931,3613800
2025-01-15,22.92,23.05,22.88,23.02,22.6256,2717100
2025-01-16,23.04,23.08,22.94,22.97,22.5765,2911700
2025-01-17,23.2,23.27,23.14,23.21,22.8123,2685500
2025-01-21,23.31,23.43,23.25,23.43,23.0286,8395800
2025-01-22,23.54,23.6,23.51,23.54,23.1367,3062600
2025-01-23,23.53,23.67,23.49,23.67,23.2645,3015700
2025-01-24,23.68,23.7,23.55,23.6,23.1957,2493900
2025-01-27,23.13,23.3,23.09,23.27,22.8713,5753200
2025-01-28,23.28,23.5,23.19,23.45,23.0482,3195100
2025-01-29,23.43,23.46,23.25,23.37,22.9696,3609000
2025-01-30,23.44,23.57,23.34,23.5,23.0974,3804500
2025-01-31,23.6,23.69,23.34,23.36,22.9598,3836700
2025-02-03,22.98,23.3,22.91,23.2,22.8025,5666200
2025-02-04,23.21,23.38,23.19,23.37,22.9696,3148900
2025-02-05,23.34,23.48,23.26,23.48,23.0777,2403400
2025-02-06,23.54,23.55,23.4,23.55,23.1465,4928700
2025-02-07,23.55,23.61,23.3,23.32,22.9205,5479200
2025-02-10,23.44,23.5,23.4,23.47,23.0679,2814200
2025-02-11,23.39,23.49,23.37,23.47,23.0679,1955600
2025-02-12,23.24,23.44,23.2,23.39,22.9893,2677800
2025-02-13,23.44,23.64,23.4,23.64,23.235,2961400
2025-02-14,23.67,23.69,23.61,23.65,23.2448,2440300
2025-02-18,23.68,23.71,23.59,23.71,23.3038,2708700
2025-02-19,23.66,23.77,23.63,23.75,23.3431,2212500
2025-02-20,23.7,23.7,23.49,23.63,23.2251,2337200
2025-02-21,23.64,23.64,23.15,23.18,22.7829,3542100
2025-02-24,23.25,23.29,23.01,23.05,22.6551,3919900
2025-02-25,23.05,23.09,22.75,22.93,22.5371,4631600
2025-02-26,23.01,23.16,22.86,22.96,22.5666,3805000
2025-02-27,23.05,23.08,22.58,22.58,22.1931,3387300
2025-02-28,22.6,22.95,22.5,22.92,22.5273,4053700
2025-03-03,23.03,23.07,22.37,22.53,22.144,6318200
2025-03-04,22.32,22.58,22.03,22.24,21.859,8084600
2025-03-05,22.26,22.56,22.1,22.5,22.1145,5249500
2025-03-06,22.2,22.38,21.97,22.08,21.7017,5872800
2025-03-07,22.01,22.24,21.77,22.18,21.8,4795900
2025-03-10,21.85,21.93,21.38,21.58,21.2103,14703700
2025-03-11,21.52,21.68,21.26,21.41,21.0432,5135800
2025-03-12,21.66,21.7,21.33,21.52,21.1513,19237500
2025-03-13,21.5,21.52,21.15,21.23,20.8663,5808500
2025-03-14,21.41,21.72,21.4,21.69,21.3184,4371800
2025-03-17,21.67,21.97,21.67,21.85,21.4756,3644400
2025-03-18,21.77,21.77,21.55,21.63,21.2594,3527200
2025-03-19,21.7,22.03,21.65,21.88,21.5051,3331600
2025-03-20,21.74,22.01,21.71,21.82,21.4462,3183100
2025-03-21,21.65,21.85,21.58,21.83,21.456,3245200
2025-03-24,22.07,22.27,22.07,22.22,21.8393,4069100
2025-03-25,22.29,22.32,22.21,22.27,21.8884,2528300
2025-03-26,22.2,22.24,21.88,21.95,21.6371,3106200
2025-03-27,21.87,22.02,21.78,21.86,21.5484,3828700
2025-03-28,21.8,21.83,21.38,21.44,21.1344,5102800
2025-03-31,21.18,21.59,21.05,21.53,21.2231,7807500
2025-04-01,21.45,21.68,21.3,21.61,21.3019,5131000
2025-04-02,21.36,21.87,21.36,21.76,21.4498,4784100
2025-04-03,21.0,21.09,20.65,20.69,20.395,9029400
2025-04-04,20.1,20.19,19.43,19.47,19.1924,21508000
2025-04-07,18.78,20.13,18.52,19.39,19.1136,25685400
2025-04-08,20.07,20.18,18.8,19.1,18.8277,15969000
2025-04-09,18.95,21.01,18.93,20.88,20.5823,15199800
2025-04-10,20.46,20.5,19.58,20.17,19.8825,12829500
2025-04-11,20.1,20.58,19.96,20.48,20.188,6411000
2025-04-14,20.88,20.9,20.49,20.68,20.3852,5496000
2025-04-15,20.72,20.87,20.62,20.65,20.3556,3943300
2025-04-16,20.43,20.57,20.0,20.23,19.9416,4283500
2025-04-17,20.3,20.43,20.16,20.25,19.9613,3060100
2025-04-21,20.07,20.1,19.57,19.79,19.5079,6133200
2025-04-22,20.0,20.37,19.98,20.29,20.0007,4429100
2025-04-23,20.8,21.02,20.56,20.61,20.3162,4714500
2025-04-24,20.67,21.08,20.63,21.06,20.7598,3578600
2025-04-25,21.06,21.22,20.94,21.21,20.9076,3658100
2025-04-28,21.23,21.32,20.99,21.23,20.9273,4646700
2025-04-29,21.15,21.4,21.15,21.35,21.0456,3101200
2025-04-30,21.08,21.41,20.85,21.35,21.0456,4279100
2025-05-01,21.57,21.72,21.48,21.49,21.1836,3639300
2025-05-02,21.72,21.9,21.66,21.82,21.5089,3454900
2025-05-05,21.66,21.84,21.64,21.7,21.3906,2877300
2025-05-06,21.51,21.7,21.45,21.54,21.2329,2350100
2025-05-07,21.6,21.71,21.43,21.61,21.3019,2535800
2025-05-08,21.8,22.0,21.66,21.79,21.4794,2653100
2025-05-09,21.88,21.9,21.72,21.78,21.4695,2690000
2025-05-12,22.45,22.5,22.28,22.49,22.1694,4709300
2025-05-13,22.52,22.75,22.51,22.65,22.3271,4500200
2025-05-14,22.7,22.74,22.6,22.67,22.3468,6102900
2025-05-15,22.61,22.79,22.57,22.78,22.4552,3692200
2025-05-16,22.81,22.94,22.74,22.94,22.613,4320100
2025-05-19,22.69,22.97,22.64,22.95,22.6228,5095300
2025-05-20,22.88,22.92,22.74,22.87,22.544,4243800
2025-05-21,22.72,22.84,22.41,22.47,22.1497,7014300
2025-05-22,22.44,22.61,22.4,22.47,22.1497,5454400
2025-05-23,22.19,22.42,22.16,22.33,22.0117,4583400
2025-05-27,22.59,22.8,22.53,22.79,22.4651,3614400
2025-05-28,22.79,22.85,22.62,22.65,22.3271,4187400
2025-05-29,22.88,22.88,22.59,22.73,22.406,4562400
2025-05-30,22.69,22.78,22.48,22.72,22.3961,4837600
2025-06-02,22.67,22.83,22.53,22.83,22.5045,4080500
2025-06-03,22.84,23.02,22.8,22.99,22.6623,4781800
2025-06-04,23.01,23.06,22.96,22.97,22.6425,3049900
2025-06-05,23.06,23.11,22.81,22.88,22.5538,5738800
2025-06-06,23.09,23.18,23.04,23.12,22.7904,3839500
2025-06-09,23.16,23.22,23.1,23.15,22.82,3318600
2025-06-10,23.18,23.29,23.13,23.26,22.9284,4195500
2025-06-11,23.31,23.35,23.13,23.21,22.8791,5221000
2025-06-12,23.14,23.28,23.12,23.28,22.9481,4075000
2025-06-13,23.07,23.2,22.95,23.01,22.682,5389200
2025-06-16,23.13,23.3,23.13,23.22,22.889,5134000
2025-06-17,23.14,23.19,23.0,23.04,22.7115,5555800
2025-06-18,23.05,23.19,23.0,23.05,22.7214,4032300
2025-06-20,23.15,23.19,22.94,23.0,22.6721,5481500
2025-06-23,23.0,23.23,22.88,23.22,22.889,5191700
2025-06-24,23.37,23.52,23.35,23.48,23.1453,3301800
2025-06-25,23.47,23.47,23.35,23.39,23.1255,4118600
2025-06-26,23.48,23.61,23.45,23.59,23.3232,2681800
2025-06-27,23.66,23.77,23.56,23.71,23.4419,5389100
2025-06-30,23.8,23.87,23.72,23.83,23.5605,6000500
2025-07-01,23.77,23.88,23.73,23.82,23.5506,4804800
2025-07-02,23.82,23.95,23.79,23.95,23.6792,2700600
2025-07-03,24.02,24.18,24.02,24.14,23.867,1918700
2025-07-07,24.06,24.09,23.84,23.97,23.6989,8711700
2025-07-08,23.99,24.02,23.92,23.96,23.6891,4926300
2025-07-09,24.03,24.12,23.97,24.1,23.8275,3460700
2025-07-10,24.12,24.22,24.06,24.16,23.8868,2924400
2025-07-11,24.05,24.12,24.0,24.07,23.7978,3610600
2025-07-14,24.03,24.14,24.0,24.13,23.8571,3108500
2025-07-15,24.22,24.23,23.99,24.0,23.7286,4107000
2025-07-16,24.07,24.11,23.83,24.09,23.8176,4412800
2025-07-17,24.11,24.27,24.09,24.26,23.9857,3566000
2025-07-18,24.32,24.32,24.18,24.23,23.956,3196300
2025-07-21,24.28,24.38,24.24,24.25,23.9758,2681600
2025-07-22,24.26,24.31,24.15,24.28,24.0054,3822000
2025-07-23,24.37,24.49,24.32,24.48,24.2032,4127600
2025-07-24,24.49,24.54,24.47,24.48,24.2032,3288800
2025-07-25,24.52,24.61,24.49,24.59,24.3119,2561900
2025-07-28,24.62,24.63,24.53,24.58,24.302,3723700
2025-07-29,24.64,24.65,24.47,24.51,24.2328,9072400
2025-07-30,24.54,24.62,24.36,24.48,24.2032,5753500
2025-07-31,24.66,24.68,24.34,24.37,24.0944,8351600
2025-08-01,24.15,24.15,23.85,23.97,23.6989,10209200
2025-08-04,24.13,24.34,24.12,24.34,24.0648,5107800
2025-08-05,24.37,24.4,24.17,24.24,23.9659,6273900
2025-08-06,24.25,24.42,24.22,24.38,24.1043,6060200
2025-08-07,24.55,24.57,24.25,24.38,24.1043,7719400
2025-08-08,24.44,24.56,24.43,24.53,24.2526,6874600
2025-08-11,24.56,24.61,24.44,24.47,24.1933,5757200
2025-08-12,24.59,24.79,24.53,24.78,24.4998,4038800
2025-08-13,24.87,24.92,24.8,24.9,24.6184,6642600
2025-08-14,24.8,24.89,24.77,24.86,24.5789,5198100
2025-08-15,24.91,24.92,24.76,24.81,24.5294,6085400
2025-08-18,24.78,24.83,24.76,24.82,24.5393,4976300
2025-08-19,24.81,24.85,24.62,24.67,24.391,5545100
2025-08-20,24.65,24.66,24.4,24.6,24.3218,9015300
2025-08-21,24.51,24.6,24.44,24.52,24.2427,5375400
2025-08-22,24.59,24.99,24.58,24.93,24.6481,7345500
2025-08-25,24.88,24.92,24.81,24.82,24.5393,4689800
2025-08-26,24.82,24.94,24.8,24.93,24.6481,3552300
2025-08-27,24.92,25.02,24.9,25.0,24.7173,3826700
2025-08-28,25.03,25.11,24.96,25.09,24.8063,4439900
2025-08-29,25.05,25.05,24.86,24.94,24.658,6920900
2025-09-02,24.63,24.77,24.55,24.77,24.4899,7404400
2025-09-03,24.84,24.9,24.75,24.87,24.5888,7393200
2025-09-04,24.89,25.09,24.86,25.09,24.8063,4504000
2025-09-05,25.19,25.23,24.88,25.04,24.7568,9338900
2025-09-08,25.1,25.14,25.04,25.11,24.826,6480800
2025-09-09,25.1,25.17,25.03,25.14,24.8557,5441000
2025-09-10,25.28,25.31,25.14,25.2,24.915,5645000
2025-09-11,25.28,25.47,25.27,25.43,25.1424,5018200
2025-09-12,25.44,25.48,25.39,25.41,25.1227,3820800
2025-09-15,25.48,25.55,25.47,25.52,25.2314,4725300
2025-09-16,25.55,25.56,25.45,25.49,25.2017,3656100
2025-09-17,25.51,25.61,25.28,25.48,25.1919,7470100
2025-09-18,25.6,25.71,25.53,25.63,25.3402,5752500
2025-09-19,25.71,25.76,25.6,25.73,25.439,4232000
2025-09-22,25.67,25.86,25.65,25.84,25.5478,3350200
2025-09-23,25.83,25.88,25.66,25.71,25.4193,4757600
2025-09-24,25.69,25.69,25.48,25.53,25.3142,4993600
2025-09-25,25.38,25.45,25.26,25.39,25.1753,7088200
2025-09-26,25.46,25.57,25.4,25.56,25.3439,6406500
2025-09-29,25.67,25.68,25.56,25.63,25.4133,6665500
2025-09-30,25.59,25.72,25.52,25.71,25.4926,7050800
2025-10-01,25.59,25.82,25.59,25.8,25.5819,5310300
2025-10-02,25.87,25.87,25.73,25.83,25.6116,4663200
2025-10-03,25.87,25.99,25.8,25.84,25.6215,5083800
2025-10-06,25.96,25.99,25.86,25.93,25.7108,4011800
2025-10-07,25.98,25.99,25.75,25.82,25.6017,6120400
2025-10-08,25.87,25.99,25.84,25.98,25.7604,3762600
2025-10-09,26.0,26.01,25.82,25.89,25.6711,5804000
2025-10-10,25.94,26.01,25.18,25.2,24.9869,7199300
2025-10-13,25.5,25.66,25.46,25.59,25.3736,6164000
2025-10-14,25.35,25.73,25.22,25.58,25.3637,9337200
2025-10-15,25.79,25.91,25.47,25.7,25.4827,11524000
2025-10-16,25.8,25.84,25.38,25.51,25.2943,13966300
2025-10-17,25.46,25.68,25.39,25.63,25.4133,10368700
2025-10-20,25.74,25.95,25.74,25.91,25.6909,3678500
2025-10-21,25.92,25.99,25.86,25.91,25.6909,4322600
2025-10-22,25.93,25.94,25.57,25.74,25.5224,8710400
2025-10-23,25.78,25.97,25.75,25.93,25.7108,4753900
2025-10-24,26.11,26.2,26.09,26.13,25.9091,4177500
2025-10-27,26.36,26.45,26.34,26.44,26.2165,2988900
2025-10-28,26.5,26.54,26.41,26.46,26.2363,4201500
2025-10-29,26.52,26.57,26.3,26.46,26.2363,9358400
2025-10-30,26.31,26.42,26.17,26.18,25.9587,9675000
2025-10-31,26.36,26.37,26.15,26.28,26.0578,7110400
2025-11-03,26.4,26.4,26.16,26.3,26.0776,6086400
2025-11-04,26.02,26.17,25.95,25.98,25.7604,8672800
2025-11-05,25.98,26.22,25.95,26.09,25.8694,5218000
2025-11-06,26.06,26.09,25.73,25.78,25.562,9153400
2025-11-07,25.67,25.85,25.45,25.84,25.6215,10286400
2025-11-10,26.08,26.27,26.0,26.23,26.0082,6635400
2025-11-11,26.18,26.31,26.13,26.28,26.0578,7561800
2025-11-12,26.36,26.38,26.21,26.3,26.0776,8830300
2025-11-13,26.17,26.2,25.77,25.82,25.6017,11349700
2025-11-14,25.57,25.98,25.49,25.82,25.6017,13693500
2025-11-17,25.75,25.89,25.42,25.56,25.3439,12718500
2025-11-18,25.4,25.56,25.19,25.37,25.1555,16153600
2025-11-19,25.39,25.64,25.3,25.45,25.2348,10791600
2025-11-20,25.84,25.95,25.03,25.05,24.8382,27039500
2025-11-21,25.15,25.54,24.99,25.33,25.1159,13552100
2025-11-24,25.46,25.76,25.42,25.71,25.4926,7857000
2025-11-25,25.71,26.03,25.57,25.99,25.7703,8081200
2025-11-26,26.08,26.25,26.06,26.16,25.9388,8158100
2025-11-28,26.21,26.33,26.2,26.32,26.0975,2655900
2025-12-01,26.11,26.3,26.11,26.19,25.9686,7182400
2025-12-02,26.26,26.33,26.15,26.23,26.0082,7363900
2025-12-03,26.19,26.38,26.17,26.35,26.1272,11185200
2025-12-04,26.4,26.4,26.27,26.39,26.1669,6431800
2025-12-05,26.41,26.54,26.38,26.43,26.2066,6660000
2025-12-08,26.47,26.47,26.27,26.34,26.1173,6815400
2025-12-09,26.31,26.43,26.31,26.33,26.1074,5565800
2025-12-10,26.21,26.5,26.19,26.44,26.2984,8505200
2025-12-11,26.35,26.53,26.26,26.51,26.368,9299600
2025-12-12,26.5,26.51,26.13,26.21,26.0696,10417900
2025-12-15,26.35,26.37,26.11,26.16,26.0199,13407900
2025-12-16,26.1,26.18,25.94,26.09,25.9502,12819200
2025-12-17,26.12,26.15,25.79,25.8,25.6618,14023200
2025-12-18,26.03,26.17,25.94,26.0,25.8607,11867000
2025-12-19,26.08,26.26,26.06,26.23,26.0895,8672400
2025-12-22,26.36,26.44,26.34,26.42,26.2785,4949800
2025-12-23,26.37,26.51,26.37,26.5,26.358,4798500
2025-12-24,26.51,26.61,26.5,26.58,26.4376,1894400
2025-12-26,26.61,26.63,26.54,26.58,26.4376,3991900
2025-12-29,26.47,26.54,26.41,26.49,26.3481,5176300
2025-12-30,26.47,26.51,26.43,26.44,26.2984,4447700
2025-12-31,26.45,26.45,26.23,26.23,26.0895,5774300
2026-01-02,26.37,26.43,26.18,26.31,26.1691,10511100
2026-01-05,26.44,26.57,26.44,26.52,26.3779,7515600
2026-01-06,26.52,26.71,26.51,26.7,26.557,5751900
2026-01-07,26.71,26.77,26.59,26.61,26.4675,5521300
2026-01-08,26.58,26.66,26.53,26.62,26.4774,6704300
2026-01-09,26.68,26.83,26.6,26.79,26.6465,6471300
2026-01-12,26.66,26.87,26.65,26.84,26.6962,5539700
2026-01-13,26.86,26.88,26.69,26.79,26.6465,7066700
2026-01-14,26.68,26.71,26.51,26.68,26.5371,8475700
2026-01-15,26.83,26.89,26.73,26.75,26.6067,8089300
2026-01-16,26.81,26.83,26.68,26.74,26.5968,6581400
2026-01-20,26.36,26.48,26.17,26.21,26.0696,11093800
2026-01-21,26.3,26.65,26.23,26.51,26.368,14407100
2026-01-22,26.69,26.75,26.59,26.66,26.5172,7009700
2026-01-23,26.63,26.71,26.58,26.62,26.4774,11792200
2026-01-26,26.66,26.8,26.65,26.75,26.6067,5014700
2026-01-27,26.8,26.89,26.77,26.85,26.7062,3849500
2026-01-28,26.92,26.94,26.78,26.83,26.6863,7958000
2026-01-29,26.87,26.9,26.41,26.76,26.6167,10584300
2026-01-30,26.66,26.75,26.48,26.65,26.5072,9122600
2026-02-02,26.56,26.85,26.55,26.79,26.6465,5593400
2026-02-03,26.82,26.85,26.34,26.58,26.4376,11554900
2026-02-04,26.63,26.65,26.27,26.44,26.2984,13261000
2026-02-05,26.25,26.37,26.05,26.11,25.9701,11251900
2026-02-06,26.28,26.73,26.27,26.67,26.5271,9890300
2026-02-09,26.61,26.87,26.58,26.8,26.6564,7813200
2026-02-10,26.84,26.9,26.71,26.73,26.5868,11131500
2026-02-11,26.9,26.93,26.59,26.71,26.5669,12798800
2026-02-12,26.82,26.86,26.25,26.29,26.1492,13550100
2026-02-13,26.31,26.51,26.14,26.33,26.189,11322900
2026-02-17,26.28,26.45,26.08,26.36,26.2188,11751200
2026-02-18,26.43,26.63,26.37,26.51,26.368,9465100
2026-02-19,26.4,26.51,26.33,26.46,26.3183,9276200
2026-02-20,26.38,26.65,26.35,26.62,26.4774,11334700
2026-02-23,26.54,26.63,26.23,26.32,26.179,9056100
2026-02-24,26.31,26.57,26.25,26.52,26.3779,8074200
2026-02-25,26.65,26.76,26.62,26.74,26.5968,4155600
2026-02-26,26.77,26.77,26.43,26.62,26.4774,12119500
2026-02-27,26.37,26.51,26.32,26.49,26.3481,10233900
2026-03-02,26.19,26.6,26.18,26.52,26.3779,12711100
2026-03-03,26.06,26.36,25.82,26.25,26.1094,15911300
2026-03-04,26.32,26.52,26.22,26.44,26.2984,10731500
2026-03-05,26.32,26.47,26.05,26.29,26.1492,12770500
2026-03-06,25.95,26.06,25.8,25.91,25.7712,12481800
2026-03-09,25.67,26.2,25.5,26.15,26.0099,18258400
2026-03-10,26.12,26.35,26.0,26.09,25.9502,12005300
2026-03-11,26.1,26.19,25.94,26.06,25.9204,11045700
2026-03-12,25.85,25.87,25.63,25.65,25.5126,11355300
2026-03-13,25.76,25.89,25.46,25.5,25.3634,12462900
2026-03-16,25.73,25.88,25.7,25.76,25.622,12111200
2026-03-17,25.89,25.99,25.82,25.86,25.7215,9050000
2026-03-18,25.75,25.81,25.49,25.49,25.3535,10379500
2026-03-19,25.3,25.57,25.25,25.43,25.2938,17258400
2026-03-20,25.39,25.4,24.91,25.05,24.9158,14515000
2026-03-23,25.43,25.64,25.3,25.35,25.2142,16096400
2026-03-24,25.2,25.43,25.14,25.27,25.1346,10904800
2026-03-25,25.43,25.52,25.26,25.37,25.3032,10703600
2026-03-26,25.18,25.3,24.91,24.93,24.8643,12484800
2026-03-27,24.82,24.83,24.45,24.5,24.4355,15241400
2026-03-30,24.72,24.72,24.28,24.39,24.3258,19285200
2026-03-31,24.67,25.15,24.63,25.1,25.0339,16646800
2026-04-01,25.25,25.44,25.22,25.3,25.2334,13231500
2026-04-02,24.96,25.42,24.91,25.33,25.2633,11231700
2026-04-06,25.33,25.47,25.32,25.44,25.373,11538000
2026-04-07,25.37,25.47,25.16,25.47,25.4029,12986300
2026-04-08,26.16,26.18,25.95,26.12,26.0512,9856100
2026-04-09,26.06,26.3,26.02,26.25,26.1809,9962600
2026-04-10,26.3,26.33,26.18,26.23,26.1609,8189200
2026-04-13,26.15,26.51,26.12,26.51,26.4402,8439600
2026-04-14,26.59,26.83,26.58,26.82,26.7494,8234000
2026-04-15,26.86,27.04,26.82,27.01,26.9389,8752700
2026-04-16,27.08,27.14,26.97,27.09,27.0187,8600400
2026-04-17,27.29,27.53,27.26,27.43,27.3578,11013500
2026-04-20,27.39,27.44,27.3,27.4,27.3278,7382200
2026-04-21,27.47,27.53,27.18,27.23,27.1583,9917200
2026-04-22,27.42,27.5,27.39,27.48,27.4076,6355500
2026-04-23,27.44,27.53,27.13,27.38,27.3079,9523300
2026-04-24,27.47,27.59,27.37,27.56,27.4874,7541700
2026-04-27,27.53,27.63,27.51,27.61,27.5373,4691500
2026-04-28,27.47,27.53,27.36,27.46,27.3877,6644700
2026-04-29,27.43,27.48,27.32,27.44,27.3677,7487900
2026-04-30,27.53,27.77,27.42,27.73,27.657,7915700
2026-05-01,27.84,27.96,27.82,27.82,27.7467,7994500
2026-05-04,27.79,27.89,27.6,27.72,27.647,9005900
2026-05-05,27.85,28.0,27.85,27.94,27.8664,4959700
2026-05-06,28.12,28.37,28.12,28.34,28.2654,6662800
2026-05-07,28.37,28.41,28.15,28.21,28.1357,8204100
2026-05-08,28.32,28.44,28.31,28.42,28.3452,4857900
2026-05-11,28.38,28.55,28.37,28.48,28.405,5285800
2026-05-12,28.38,28.44,28.16,28.41,28.3352,9809000
2026-05-13,28.42,28.62,28.3,28.56,28.4848,6653400
2026-05-14,28.62,28.85,28.62,28.79,28.7142,6539700
2026-05-15,28.52,28.58,28.38,28.42,28.3452,8632900
2026-05-18,28.46,28.51,28.19,28.38,28.3053,13526000
2026-05-19,28.22,28.35,28.11,28.19,28.1158,14103700
2026-05-20,28.29,28.54,28.22,28.53,28.4549,13694000
2026-05-21,28.42,28.68,28.37,28.6,28.5247,11572600
2026-05-22,28.74,28.85,28.67,28.73,28.6543,9658200
2026-05-26,28.9,29.0,28.85,28.93,28.8538,9845800
2026-05-27,28.98,28.98,28.85,28.94,28.8638,11886500
2026-05-28,28.92,29.13,28.87,29.11,29.0333,7483000
2026-05-29,29.14,29.23,29.08,29.17,29.0932,11979500
2026-06-01,29.13,29.32,29.08,29.25,29.173,11485100
2026-06-02,29.21,29.35,29.2,29.32,29.2428,8496900
2026-06-03,29.29,29.29,29.07,29.11,29.0333,10205000
2026-06-04,29.01,29.29,29.0,29.24,29.163,8655800
2026-06-05,29.05,29.06,28.38,28.45,28.3751,12096200
2026-06-08,28.69,28.79,28.51,28.55,28.4748,10870700
2026-06-09,28.71,28.87,27.89,28.49,28.415,16295500
2026-06-10,28.34,28.55,28.02,28.03,27.9562,13002200
2026-06-11,28.16,28.63,28.02,28.55,28.4748,14673300
2026-06-12,28.65,28.82,28.45,28.69,28.6144,8851500
2026-06-15,29.1,29.27,29.08,29.19,29.1131,7979600
2026-06-16,29.19,29.23,28.98,29.0,28.9236,6879400
2026-06-17,29.04,29.09,28.58,28.66,28.5845,13425500
2026-06-18,28.99,29.02,28.85,28.97,28.8937,9571700
2026-06-22,29.02,29.1,28.83,28.88,28.8039,13290100
2026-06-23,28.44,28.71,28.42,28.48,28.405,8151800
2026-06-24,28.46,28.67,28.32,28.4,28.4,9168900
2026-06-25,28.62,28.65,28.29,28.42,28.42,7906800
2026-06-26,28.25,28.56,28.19,28.34,28.34,10298300
2026-06-29,28.56,28.76,28.39,28.73,28.73,8611000
2026-06-30,28.75,29.02,28.73,28.96,28.96,8125100
2026-07-01,28.92,29.08,28.8,28.91,28.91,11030000
2026-07-02,29.0,29.14,28.66,28.87,28.87,12513600
2026-07-06,28.99,29.15,28.97,29.09,29.09,6263200
2026-07-07,29.06,29.09,28.85,28.94,28.94,6618800
2026-07-08,28.78,28.86,28.6,28.84,28.84,5455200
2026-07-09,28.92,29.12,28.87,29.09,29.09,4413100
2026-07-10,29.12,29.21,28.94,29.18,29.18,5451700
2026-07-13,29.1,29.15,28.91,28.96,28.96,8235000
2026-07-14,29.05,29.13,28.96,29.07,29.07,7212500
2026-07-15,29.17,29.22,28.99,29.16,29.16,6240500
2026-07-16,29.1,29.17,28.91,29.03,29.03,5623500
2026-07-17,28.66,28.9,28.63,28.75,28.75,7413100
2026-07-20,28.88,28.95,28.66,28.68,28.68,9063700
2026-07-21,28.83,28.96,28.76,28.94,28.94,5530900
2026-07-22,28.88,28.99,28.85,28.89,28.89,6820200
2026-07-23,28.58,28.72,28.42,28.55,28.55,9303000
2026-07-24,28.58,28.76,28.51,28.56,28.56,7608300
2026-07-27,28.78,28.84,28.46,28.59,28.59,10292600
2026-07-28,28.56,28.73,28.46,28.66,28.66,5526900
2026-07-29,28.6,28.72,28.19,28.22,28.22,7037200
2026-07-30,28.47,28.7,28.39,28.68,28.68,6605800
2026-07-31,28.8,28.92,28.49,28.85,28.85,6400100
2026-08-03,28.92,29.3,28.88,29.27,29.27,6620900
2026-08-04,29.4,29.89,29.37,29.8,29.8,6919900
2026-08-05,29.96,30.01,29.72,29.74,29.74,7972800
2026-08-06,29.74,29.83,29.65,29.67,29.67,7970000
2026-08-07,29.81,29.92,29.75,29.9,29.9,5459600
2026-08-10,29.88,29.96,29.84,29.87,29.87,5486300
2026-08-11,29.94,29.96,29.76,29.79,29.79,5291200
2026-08-12,29.97,29.98,29.85,29.9,29.9,5003200
2026-08-13,29.98,30.15,29.95,30.09,30.09,5226700
2026-08-14,30.13,30.14,30.01,30.05,30.05,4296300
2026-08-17,30.04,30.07,29.9,29.92,29.92,4787600
2026-08-18,29.75,29.79,29.66,29.68,29.68,4508900
2026-08-19,29.82,29.88,29.71,29.73,29.73,6130600
2026-08-20,29.63,29.7,29.46,29.47,29.47,5545900
2026-08-21,29.62,29.69,29.54,29.61,29.61,5365300
2026-08-24,29.58,29.59,29.47,29.52,29.52,6009500
2026-08-25,29.63,29.64,29.5,29.6,29.6,4789500
2026-08-26,29.55,29.66,29.53,29.61,29.61,5310500
2026-08-27,29.71,29.85,29.67,29.81,29.81,5020900
2026-08-28,29.84,29.93,29.66,29.7,29.7,6139500
2026-08-31,29.61,29.65,29.51,29.6,29.6,6649100
2026-09-01,29.4,29.51,29.29,29.38,29.38,5606800
2026-09-02,29.41,29.56,29.38,29.51,29.51,5745700
2026-09-03,29.65,29.86,29.61,29.82,29.82,6462000
2026-09-04,29.79,29.81,29.69,29.73,29.73,4503300
2026-09-08,29.7,29.72,29.54,29.57,29.57,5479300
2026-09-09,29.51,29.52,29.36,29.4,29.4,4156100
2026-09-10,29.24,29.31,29.18,29.23,29.23,5908000
2026-09-11,29.49,29.55,29.44,29.47,29.47,4807500
2026-09-14,29.25,29.44,29.23,29.33,29.33,7908900
2026-09-15,29.32,29.32,29.14,29.19,29.19,5834700
2026-09-16,29.26,29.36,28.88,29.07,29.07,7733700
2026-09-17,29.42,29.45,29.3,29.39,29.3103,5281700
2026-09-18,29.42,29.43,29.27,29.41,29.3302,5470400
2026-09-21,29.59,29.9,29.57,29.85,29.769,7230100
2026-09-22,29.9,29.92,29.82,29.86,29.779,7169000
2026-09-23,29.76,29.77,29.51,29.55,29.55,8917800
2026-09-24,29.41,29.58,29.37,29.52,29.52,11296000
2026-09-25,29.59,29.7,29.48,nan,nan,14395152
