date,open,high,low,close,adj_close,volume
2015-01-02,13.31,13.3533,13.21,13.27,9.0789,1418700
2015-01-05,13.22,13.2333,13.07,13.0833,8.9512,12067500
2015-01-06,13.1033,13.1733,12.9467,13.0033,8.8964,1611300
2015-01-07,13.12,13.17,13.0667,13.1567,9.0013,3470700
2015-01-08,13.2733,13.4067,13.25,13.4,9.1678,3114600
2015-01-09,13.4167,13.4233,13.2533,13.2967,9.0971,3722400
2015-01-12,13.2933,13.32,13.18,13.2233,9.047,5879700
2015-01-13,13.3267,13.4033,13.1067,13.1933,9.0264,3306000
2015-01-14,13.0567,13.1467,13.0033,13.13,8.9831,2773200
2015-01-15,13.1833,13.2033,13.07,13.08,8.9489,1326600
2015-01-16,13.0733,13.27,13.0633,13.2567,9.0698,1408200
2015-01-20,13.31,13.31,13.1533,13.27,9.0789,1407900
2015-01-21,13.2433,13.3433,13.2,13.3267,9.1177,1538400
2015-01-22,13.39,13.4833,13.26,13.4833,9.2248,6761100
2015-01-23,13.46,13.46,13.31,13.3133,9.1085,9584400
2015-01-26,13.2933,13.3367,13.22,13.3267,9.1177,2996400
2015-01-27,13.1633,13.2033,13.06,13.1233,8.9785,2307600
2015-01-28,13.2133,13.2133,12.9333,12.9533,8.8622,1332900
2015-01-29,12.9867,13.1,12.8733,13.08,8.9489,1101000
2015-01-30,12.9867,13.0233,12.85,12.87,8.8052,1307700
2015-02-02,12.9033,13.0567,12.7933,13.05,8.9284,1476000
2015-02-03,13.1167,13.2533,13.1133,13.2533,9.0675,31112400
2015-02-04,13.2133,13.3,13.1933,13.22,9.0447,1279800
2015-02-05,13.3,13.3567,13.28,13.35,9.1336,909900
2015-02-06,13.3833,13.41,13.3,13.3333,9.1222,1463700
2015-02-09,13.3067,13.34,13.24,13.27,9.0789,997800
2015-02-10,13.37,13.4233,13.2933,13.4067,9.1724,939000
2015-02-11,13.4033,13.4333,13.34,13.4067,9.1724,655500
2015-02-12,13.4767,13.52,13.4433,13.5133,9.2454,1089300
2015-02-13,13.5367,13.5633,13.5067,13.5633,9.2796,1054800
2015-02-17,13.5367,13.57,13.4867,13.5567,9.275,992100
2015-02-18,13.53,13.5433,13.49,13.5267,9.2545,1130400
2015-02-19,13.4867,13.5333,13.46,13.5033,9.2385,993000
2015-02-20,13.4733,13.5533,13.41,13.55,9.2705,1122300
2015-02-23,13.5467,13.5467,13.4867,13.5233,9.2522,711600
2015-02-24,13.5367,13.5967,13.51,13.59,9.2978,901500
2015-02-25,13.59,13.5967,13.5533,13.59,9.2978,633600
2015-02-26,13.5733,13.5867,13.53,13.5667,9.2819,518700
2015-02-27,13.5733,13.5767,13.5367,13.5433,9.2659,737100
2015-03-02,13.5333,13.61,13.5267,13.6067,9.3092,1890900
2015-03-03,13.5533,13.58,13.4933,13.5367,9.2613,1325400
2015-03-04,13.5133,13.5133,13.42,13.4633,9.2112,1137300
2015-03-05,13.4867,13.4867,13.4267,13.46,9.2089,700800
2015-03-06,13.39,13.39,13.2167,13.2467,9.0629,1821000
2015-03-09,13.27,13.3267,13.2533,13.3,9.0994,1166400
2015-03-10,13.1833,13.2267,13.0933,13.1,8.9626,2026800
2015-03-11,13.1433,13.1433,13.0533,13.06,8.9352,1144800
2015-03-12,13.0733,13.1733,13.0733,13.1733,9.0127,798000
2015-03-13,13.1567,13.1567,13.01,13.11,8.9694,1005000
2015-03-16,13.1533,13.2633,13.1533,13.26,9.072,7826400
2015-03-17,13.2133,13.2233,13.1433,13.1933,9.0264,14977500
2015-03-18,13.1533,13.39,13.0767,13.34,9.1268,4384500
2015-03-19,13.31,13.31,13.2367,13.2567,9.0698,5974200
2015-03-20,13.3167,13.42,13.2833,13.39,9.161,1352400
2015-03-23,13.3167,13.3767,13.3,13.3167,9.1725,1242000
2015-03-24,13.32,13.3333,13.2267,13.23,9.1128,936000
2015-03-25,13.2433,13.26,13.0467,13.0533,8.9911,1635300
2015-03-26,13.0133,13.0833,12.9567,13.03,8.975,1730100
2015-03-27,13.01,13.09,12.9967,13.0767,9.0072,1152300
2015-03-30,13.1667,13.2567,13.14,13.2333,9.1151,1424400
2015-03-31,13.18,13.2267,13.13,13.1367,9.0485,1196100
2015-04-01,13.13,13.1433,13.01,13.0633,8.998,971700
2015-04-02,13.0767,13.1433,13.0533,13.0867,9.014,21366900
2015-04-06,13.0533,13.2433,13.0367,13.19,9.0852,1761000
2015-04-07,13.2067,13.26,13.1833,13.1867,9.0829,1292700
2015-04-08,13.22,13.24,13.1333,13.1867,9.0829,954300
2015-04-09,13.1833,13.26,13.1467,13.2367,9.1174,1701600
2015-04-10,13.26,13.3233,13.2433,13.2933,9.1564,768600
2015-04-13,13.2967,13.3167,13.2233,13.2267,9.1105,894300
2015-04-14,13.2267,13.29,13.1933,13.2667,9.138,2211600
2015-04-15,13.33,13.3733,13.3167,13.34,9.1885,1568400
2015-04-16,13.2967,13.3633,13.2867,13.3167,9.1725,1743000
2015-04-17,13.26,13.26,13.1167,13.1733,9.0737,1428000
2015-04-20,13.2467,13.3467,13.24,13.3133,9.1702,930900
2015-04-21,13.34,13.3733,13.26,13.2867,9.1518,1396500
2015-04-22,13.3267,13.35,13.2467,13.3433,9.1908,1429500
2015-04-23,13.29,13.38,13.2833,13.3433,9.1908,859200
2015-04-24,13.37,13.39,13.3167,13.38,9.2161,1008600
2015-04-27,13.3967,13.4133,13.3333,13.3433,9.1908,1343100
2015-04-28,13.33,13.4067,13.2933,13.4067,9.2345,974700
2015-04-29,13.34,13.3733,13.2833,13.3433,9.1908,913800
2015-04-30,13.3267,13.33,13.19,13.2367,9.1174,849000
2015-05-01,13.3067,13.36,13.28,13.3533,9.1977,1065300
2015-05-04,13.38,13.42,13.3633,13.3667,9.2069,1556700
2015-05-05,13.3467,13.3767,13.23,13.2467,9.1243,1094100
2015-05-06,13.2833,13.31,13.1267,13.1933,9.0875,1198200
2015-05-07,13.19,13.27,13.1667,13.2333,9.1151,792300
2015-05-08,13.35,13.4233,13.3467,13.4033,9.2322,1182600
2015-05-11,13.4067,13.41,13.3367,13.3433,9.1908,1010700
2015-05-12,13.2967,13.34,13.22,13.3033,9.1633,1111500
2015-05-13,13.3233,13.3933,13.3,13.3167,9.1725,752100
2015-05-14,13.3767,13.4633,13.3733,13.46,9.2712,838200
2015-05-15,13.4667,13.4833,13.44,13.4833,9.2873,638100
2015-05-18,13.4733,13.4867,13.44,13.4767,9.2827,756000
2015-05-19,13.4867,13.4867,13.42,13.4433,9.2597,804000
2015-05-20,13.4533,13.4967,13.4367,13.4433,9.2597,586500
2015-05-21,13.44,13.48,13.4233,13.4633,9.2735,698100
2015-05-22,13.4367,13.4367,13.3933,13.3967,9.2276,691800
2015-05-26,13.37,13.37,13.24,13.28,9.1472,1339200
2015-05-27,13.3167,13.3867,13.28,13.37,9.2092,863700
2015-05-28,13.3467,13.3767,13.3233,13.36,9.2023,779400
2015-05-29,13.3633,13.3633,13.2767,13.3033,9.1633,1922100
2015-06-01,13.34,13.3467,13.2533,13.2933,9.1564,1334400
2015-06-02,13.25,13.3167,13.2133,13.2767,9.1449,1134300
2015-06-03,13.2933,13.3467,13.26,13.2733,9.1426,717900
2015-06-04,13.2333,13.2667,13.13,13.1467,9.0554,1589400
2015-06-05,13.1233,13.1367,13.0567,13.07,9.0026,1333500
2015-06-08,13.05,13.06,13.0033,13.0133,8.9635,1441500
2015-06-09,13.0133,13.06,12.99,13.02,8.9681,810300
2015-06-10,13.0767,13.2033,13.0767,13.16,9.0646,863400
2015-06-11,13.1867,13.2333,13.1833,13.2,9.0921,958500
2015-06-12,13.16,13.16,13.07,13.0933,9.0186,691500
2015-06-15,13.03,13.0433,12.96,13.01,8.9612,1439100
2015-06-16,12.9967,13.0933,12.99,13.0833,9.0117,915900
2015-06-17,13.1067,13.16,13.05,13.1267,9.0416,879900
2015-06-18,13.17,13.3033,13.17,13.2567,9.1311,1349700
2015-06-19,13.2467,13.2567,13.19,13.19,9.0852,928800
2015-06-22,13.1733,13.2233,13.1567,13.1767,9.1468,1011300
2015-06-23,13.1967,13.2033,13.1267,13.1533,9.1306,971100
2015-06-24,13.1367,13.1467,13.0567,13.0567,9.0635,789300
2015-06-25,13.1033,13.11,13.0167,13.0167,9.0357,731100
2015-06-26,13.0167,13.06,12.98,13.0133,9.0334,968400
2015-06-29,12.88,12.9533,12.7667,12.7733,8.8668,2833500
2015-06-30,12.8633,12.8633,12.7333,12.7633,8.8598,2148600
2015-07-01,12.8633,12.8633,12.79,12.85,8.92,1420500
2015-07-02,12.8633,12.8933,12.8167,12.8467,8.9177,574500
2015-07-06,12.7533,12.8533,12.7333,12.8,8.8853,1472700
2015-07-07,12.8033,12.9333,12.69,12.9267,8.9732,854100
2015-07-08,12.8467,12.85,12.74,12.76,8.8575,1242900
2015-07-09,12.9,12.9333,12.76,12.76,8.8575,1186200
2015-07-10,12.8833,12.9233,12.8467,12.89,8.9478,1137900
2015-07-13,12.9733,13.0367,12.9,13.03,9.045,832800
2015-07-14,13.0233,13.0733,13.01,13.0633,9.0681,745200
2015-07-15,13.0533,13.0667,13.0,13.0233,9.0403,854400
2015-07-16,13.0833,13.1067,13.0733,13.1067,9.0982,1020600
2015-07-17,13.0667,13.0667,13.02,13.0467,9.0565,1078800
2015-07-20,13.06,13.0667,13.0167,13.04,9.0519,1172400
2015-07-21,13.0033,13.01,12.9167,12.9433,8.9848,1298400
2015-07-22,12.9067,12.94,12.8567,12.8833,8.9431,949500
2015-07-23,12.8933,12.9,12.8067,12.8267,8.9038,1011300
2015-07-24,12.82,12.83,12.6767,12.6867,8.8066,1982100
2015-07-27,12.6533,12.6633,12.5833,12.6333,8.7696,1756200
2015-07-28,12.6967,12.83,12.6533,12.8167,8.8969,3994200
2015-07-29,12.82,12.93,12.8133,12.91,8.9617,984000
2015-07-30,12.86,12.9133,12.8233,12.9,8.9547,1560300
2015-07-31,12.9167,12.9167,12.8433,12.8533,8.9223,1140000
2015-08-03,12.85,12.85,12.75,12.81,8.8922,1690200
2015-08-04,12.83,12.8533,12.77,12.8067,8.8899,1553100
2015-08-05,12.8833,12.93,12.8533,12.8667,8.9316,851700
2015-08-06,12.8767,12.8767,12.7667,12.79,8.8784,1076400
2015-08-07,12.7667,12.77,12.6933,12.7333,8.839,1078800
2015-08-10,12.8067,12.9033,12.8067,12.8967,8.9524,1051800
2015-08-11,12.7867,12.83,12.7533,12.81,8.8922,1195500
2015-08-12,12.73,12.87,12.6667,12.85,8.92,1049100
2015-08-13,12.85,12.87,12.7967,12.81,8.8922,577500
2015-08-14,12.8167,12.8567,12.7833,12.8567,8.9246,689400
2015-08-17,12.8233,12.8967,12.7567,12.8967,8.9524,583800
2015-08-18,12.8633,12.8933,12.8367,12.8533,8.9223,615300
2015-08-19,12.8133,12.83,12.6733,12.7333,8.839,1568700
2015-08-20,12.6633,12.6833,12.55,12.5533,8.7141,1571100
2015-08-21,12.43,12.4933,12.1967,12.1967,8.4665,5421900
2015-08-24,11.53,12.0733,10.5833,11.7433,8.1518,9033000
2015-08-25,12.1667,12.1667,11.5433,11.5433,8.013,3863100
2015-08-26,11.7733,11.98,11.6167,11.9633,8.3045,2282100
2015-08-27,12.1167,12.24,11.98,12.2233,8.485,2796600
2015-08-28,12.1733,12.2633,12.17,12.2367,8.4943,1799700
2015-08-31,12.1767,12.2333,12.0967,12.17,8.448,1026300
2015-09-01,11.9367,11.9733,11.7833,11.8367,8.2166,2147700
2015-09-02,12.0,12.0433,11.9033,12.0433,8.36,1947300
2015-09-03,12.11,12.2133,12.0567,12.09,8.3924,996900
2015-09-04,11.9533,11.9667,11.84,11.8967,8.2582,1412400
2015-09-08,12.08,12.19,12.0567,12.1867,8.4595,1529100
2015-09-09,12.29,12.2967,11.9733,11.9967,8.3277,1248000
2015-09-10,11.9867,12.1133,11.9467,12.0333,8.3531,1265400
2015-09-11,12.0,12.0833,11.9633,12.0833,8.3878,1098000
2015-09-14,12.0733,12.0733,11.9967,12.0233,8.3462,1190100
2015-09-15,12.06,12.22,12.06,12.19,8.4619,868500
2015-09-16,12.2167,12.31,12.2,12.3,8.5382,816900
2015-09-17,12.2833,12.47,12.27,12.2967,8.5359,1323300
2015-09-18,12.1367,12.23,12.0667,12.1,8.3994,1227900
2015-09-21,12.07,12.13,12.0,12.07,8.4481,1845900
2015-09-22,11.9233,11.9667,11.8767,11.9467,8.3618,1369200
2015-09-23,11.9667,11.9767,11.8767,11.9167,8.3408,682500
2015-09-24,11.8267,11.9467,11.7667,11.9133,8.3385,2028900
2015-09-25,12.0167,12.0533,11.8933,11.9467,8.3618,814800
2015-09-28,11.8867,11.8933,11.7367,11.7567,8.2288,2589600
2015-09-29,11.7767,11.85,11.7367,11.8,8.2592,1803000
2015-09-30,11.9233,11.9967,11.88,11.9833,8.3875,1164000
2015-10-01,12.0133,12.0333,11.85,11.9667,8.3758,2452500
2015-10-02,11.85,12.1633,11.8267,12.1633,8.5135,1680300
2015-10-05,12.2333,12.4033,12.2333,12.3967,8.6768,1454700
2015-10-06,12.4133,12.4633,12.39,12.4267,8.6978,1468500
2015-10-07,12.4967,12.55,12.4233,12.54,8.7771,1250700
2015-10-08,12.51,12.69,12.5033,12.6767,8.8728,1257600
2015-10-09,12.6833,12.71,12.64,12.6767,8.8728,808800
2015-10-12,12.66,12.6633,12.6233,12.65,8.8541,660900
2015-10-13,12.6033,12.6533,12.5667,12.5833,8.8074,657300
2015-10-14,12.5633,12.61,12.5167,12.54,8.7771,762600
2015-10-15,12.57,12.6633,12.53,12.6633,8.8634,828300
2015-10-16,12.69,12.7333,12.6633,12.7333,8.9124,608700
2015-10-19,12.6967,12.7133,12.66,12.7133,8.8984,975300
2015-10-20,12.6767,12.71,12.65,12.69,8.8821,542400
2015-10-21,12.7033,12.7633,12.6433,12.6567,8.8588,685800
2015-10-22,12.74,12.9833,12.74,12.9667,9.0758,1356300
2015-10-23,13.08,13.1133,13.0233,13.09,9.1621,1332600
2015-10-26,13.07,13.0867,13.0467,13.0567,9.1387,1449600
2015-10-27,13.0067,13.04,12.9767,13.0067,9.1037,840900
2015-10-28,13.03,13.1233,12.96,13.1233,9.1854,1005000
2015-10-29,13.09,13.1033,13.04,13.0867,9.1597,660300
2015-10-30,13.1033,13.1267,13.0333,13.0333,9.1224,961800
2015-11-02,13.0533,13.1867,13.0467,13.1733,9.2204,1425900
2015-11-03,13.1567,13.2567,13.1433,13.2167,9.2507,1158000
2015-11-04,13.24,13.25,13.15,13.1733,9.2204,807600
2015-11-05,13.1567,13.1667,13.0567,13.1133,9.1784,1084500
2015-11-06,13.0633,13.08,12.96,13.08,9.1551,915000
2015-11-09,13.0367,13.0367,12.89,12.94,9.0571,1531500
2015-11-10,12.9033,12.9633,12.8933,12.9533,9.0664,524400
2015-11-11,12.9833,13.0067,12.9433,12.9467,9.0618,650400
2015-11-12,12.8667,12.88,12.7633,12.7667,8.9358,958200
2015-11-13,12.7467,12.7633,12.64,12.6533,8.8564,1515600
2015-11-16,12.6567,12.8633,12.6567,12.86,9.0011,1040400
2015-11-17,12.91,12.9633,12.8367,12.8667,9.0058,1167000
2015-11-18,12.8867,13.01,12.8667,12.9933,9.0944,967200
2015-11-19,12.9933,13.0567,12.9933,13.0233,9.1154,1399200
2015-11-20,13.09,13.1233,13.01,13.03,9.1201,771000
2015-11-23,13.0333,13.0833,13.0167,13.05,9.1341,843600
2015-11-24,12.9867,13.1367,12.96,13.1067,9.1737,855900
2015-11-25,13.09,13.1267,13.08,13.09,9.1621,864000
2015-11-27,13.09,13.1167,13.07,13.1,9.1691,204900
2015-11-30,13.1267,13.1267,13.06,13.07,9.1481,1036800
2015-12-01,13.1033,13.19,13.0967,13.18,9.2251,1050300
2015-12-02,13.1867,13.2,13.0467,13.0633,9.1434,5708400
2015-12-03,13.0867,13.09,12.86,12.9067,9.0338,3771600
2015-12-04,12.9233,13.1567,12.9233,13.14,9.1971,3479400
2015-12-07,13.0967,13.1033,13.0067,13.0767,9.1527,3175500
2015-12-08,12.9567,13.0233,12.9033,12.9567,9.0688,5207100
2015-12-09,12.9467,13.1167,12.85,12.9167,9.0408,8400900
2015-12-10,12.93,13.05,12.9133,12.96,9.0711,2725800
2015-12-11,12.8033,12.8567,12.7333,12.75,8.9241,2917200
2015-12-14,12.76,12.8467,12.67,12.8467,8.9918,2078100
2015-12-15,12.9267,13.02,12.9267,12.9667,9.0758,2010600
2015-12-16,13.02,13.1333,12.9367,13.1133,9.1784,1898700
2015-12-17,13.1333,13.14,12.9267,12.93,9.0501,3144300
2015-12-18,12.8833,12.8933,12.7067,12.71,8.8961,2531400
2015-12-21,12.69,12.7167,12.62,12.7167,8.9647,1945500
2015-12-22,12.7833,12.8767,12.72,12.85,9.0587,3985800
2015-12-23,12.93,13.02,12.9267,13.0133,9.1739,1847400
2015-12-24,13.0033,13.02,12.9733,12.98,9.1504,623100
2015-12-28,12.9233,12.9467,12.8833,12.9433,9.1245,2786700
2015-12-29,13.0067,13.1,13.0067,13.0733,9.2162,3043200
2015-12-30,13.0433,13.0667,12.9867,13.0,9.1645,2280600
2015-12-31,12.9467,12.9667,12.8533,12.8533,9.0611,1993500
2016-01-04,12.6867,12.7067,12.5633,12.7067,8.9577,3673800
2016-01-05,12.7333,12.7967,12.68,12.78,9.0094,8220000
2016-01-06,12.6133,12.68,12.55,12.6267,8.9013,9086700
2016-01-07,12.42,12.55,12.33,12.3633,8.7156,4105500
2016-01-08,12.44,12.44,12.2,12.23,8.6216,2928600
2016-01-11,12.2967,12.3167,12.13,12.2533,8.6381,3090000
2016-01-12,12.3567,12.3733,12.1867,12.3267,8.6898,1824600
2016-01-13,12.38,12.3933,12.07,12.09,8.5229,2628900
2016-01-14,12.1267,12.3633,12.0733,12.2933,8.6663,3338700
2016-01-15,11.9667,12.07,11.9133,12.0367,8.4853,5484600
2016-01-19,12.1567,12.16,11.9533,12.05,8.4947,2782200
2016-01-20,11.8533,11.9533,11.6267,11.8667,8.3655,6438300
2016-01-21,11.8967,12.07,11.8,11.97,8.4384,4101000
2016-01-22,12.1767,12.21,12.1033,12.1933,8.5958,2515800
2016-01-25,12.1567,12.21,12.0467,12.06,8.5018,2009700
2016-01-26,12.11,12.2733,12.11,12.2633,8.6451,1551900
2016-01-27,12.2167,12.3867,12.1267,12.1933,8.5958,2151600
2016-01-28,12.28,12.31,12.1533,12.28,8.6569,1856700
2016-01-29,12.3533,12.56,12.34,12.56,8.8543,2604600
2016-02-01,12.46,12.6033,12.4367,12.5533,8.8496,2601300
2016-02-02,12.43,12.43,12.3167,12.3533,8.7086,9894900
2016-02-03,12.4333,12.49,12.2267,12.46,8.7838,2577000
2016-02-04,12.4333,12.5133,12.3767,12.4633,8.7861,2149200
2016-02-05,12.4367,12.4433,12.27,12.33,8.6921,2481900
2016-02-08,12.21,12.34,12.1233,12.3067,8.6757,3099900
2016-02-09,12.1967,12.3733,12.19,12.2867,8.6616,2655900
2016-02-10,12.3467,12.4,12.21,12.22,8.6146,4085700
2016-02-11,12.0367,12.1567,11.9833,12.0933,8.5253,4323900
2016-02-12,12.18,12.29,12.1467,12.2867,8.6616,2533500
2016-02-16,12.4067,12.44,12.3133,12.4367,8.7673,1779600
2016-02-17,12.5033,12.6467,12.5033,12.6167,8.8942,3050100
2016-02-18,12.6367,12.66,12.59,12.62,8.8966,1577100
2016-02-19,12.57,12.6,12.5233,12.6,8.8825,1281600
2016-02-22,12.7133,12.7767,12.6967,12.74,8.9812,2071500
2016-02-23,12.7233,12.7333,12.6133,12.6367,8.9083,2565900
2016-02-24,12.5333,12.71,12.4767,12.6933,8.9483,1226700
2016-02-25,12.7233,12.8433,12.6767,12.8367,9.0493,1237800
2016-02-26,12.9167,12.9167,12.74,12.7533,8.9906,1960200
2016-02-29,12.76,12.8333,12.6533,12.6533,8.9201,1677000
2016-03-01,12.7433,12.88,12.7133,12.88,9.0799,1834500
2016-03-02,12.8433,12.9433,12.8167,12.9433,9.1245,2232300
2016-03-03,12.93,12.9767,12.88,12.9733,9.1457,2592600
2016-03-04,12.9667,13.06,12.93,13.0233,9.1809,1906500
2016-03-07,12.9767,13.09,12.9733,13.0667,9.2115,1878600
2016-03-08,13.0133,13.08,12.9767,12.9867,9.1551,6796200
2016-03-09,13.0667,13.1133,13.0367,13.0767,9.2185,1550700
2016-03-10,13.1133,13.1467,12.95,13.0767,9.2185,1954500
2016-03-11,13.1767,13.2233,13.1567,13.2167,9.3172,1284300
2016-03-14,13.1733,13.23,13.15,13.1933,9.3007,1430400
2016-03-15,13.1367,13.1967,13.1067,13.1967,9.3031,1351200
2016-03-16,13.1733,13.2867,13.1367,13.27,9.3548,1513500
2016-03-17,13.2767,13.4167,13.26,13.3867,9.437,1759800
2016-03-18,13.42,13.4267,13.38,13.41,9.4535,2196300
2016-03-21,13.2867,13.3533,13.2667,13.33,9.4672,1620000
2016-03-22,13.29,13.34,13.2567,13.3033,9.4483,1539300
2016-03-23,13.2767,13.2933,13.2133,13.23,9.3962,1193400
2016-03-24,13.1533,13.24,13.15,13.24,9.4033,1578900
2016-03-28,13.27,13.28,13.2133,13.2433,9.4057,3290100
2016-03-29,13.2267,13.36,13.2,13.36,9.4885,3226800
2016-03-30,13.4133,13.4467,13.37,13.39,9.5098,1215600
2016-03-31,13.3833,13.42,13.3533,13.3633,9.4909,1296600
2016-04-01,13.28,13.4267,13.25,13.4167,9.5288,1439100
2016-04-04,13.4133,13.4233,13.3533,13.3833,9.5051,3130800
2016-04-05,13.3333,13.3767,13.2967,13.32,9.4601,2512500
2016-04-06,13.3267,13.4267,13.2767,13.4267,9.5359,2085900
2016-04-07,13.3333,13.3567,13.2533,13.3033,9.4483,1773900
2016-04-08,13.3733,13.4033,13.3133,13.3533,9.4838,1194000
2016-04-11,13.4033,13.4467,13.3,13.3033,9.4483,1806000
2016-04-12,13.3267,13.43,13.2967,13.4133,9.5264,2051400
2016-04-13,13.4633,13.4733,13.41,13.47,9.5666,1594500
2016-04-14,13.47,13.48,13.4367,13.4467,9.5501,1419300
2016-04-15,13.4467,13.4667,13.43,13.45,9.5524,2436000
2016-04-18,13.42,13.5467,13.4133,13.54,9.6164,1848600
2016-04-19,13.56,13.5767,13.52,13.56,9.6306,2377800
2016-04-20,13.5367,13.5867,13.5,13.5167,9.5998,1918500
2016-04-21,13.5,13.5133,13.4067,13.43,9.5382,1825200
2016-04-22,13.4133,13.4333,13.3767,13.4267,9.5359,1628400
2016-04-25,13.4,13.4333,13.35,13.4333,9.5406,1794000
2016-04-26,13.47,13.5,13.42,13.4533,9.5548,1868100
2016-04-27,13.46,13.57,13.4467,13.5433,9.6187,1538100
2016-04-28,13.4767,13.5367,13.3867,13.4233,9.5335,1650000
2016-04-29,13.3867,13.3867,13.2667,13.34,9.4743,2298900
2016-05-02,13.3733,13.43,13.35,13.42,9.5311,1945500
2016-05-03,13.3667,13.3833,13.3033,13.35,9.4814,2446800
2016-05-04,13.2967,13.3467,13.2767,13.3,9.4459,2681700
2016-05-05,13.32,13.3533,13.28,13.3067,9.4506,1449300
2016-05-06,13.2733,13.3867,13.2667,13.38,9.5027,1400700
2016-05-09,13.39,13.42,13.3433,13.38,9.5027,1102200
2016-05-10,13.4267,13.5333,13.4233,13.53,9.6093,1775400
2016-05-11,13.5,13.52,13.4233,13.4267,9.5359,1774800
2016-05-12,13.4833,13.4967,13.39,13.4633,9.5619,1130400
2016-05-13,13.4467,13.4567,13.3,13.3267,9.4649,1662900
2016-05-16,13.3333,13.4767,13.33,13.4467,9.5501,1404000
2016-05-17,13.44,13.44,13.27,13.3167,9.4578,2359500
2016-05-18,13.2667,13.3367,13.1667,13.2367,9.4009,2294400
2016-05-19,13.1967,13.2267,13.13,13.2233,9.3915,2064000
2016-05-20,13.27,13.3133,13.2567,13.2733,9.427,1067400
2016-05-23,13.2733,13.3033,13.25,13.26,9.4175,1416000
2016-05-24,13.3233,13.4367,13.3233,13.4167,9.5288,1588800
2016-05-25,13.4567,13.54,13.45,13.5,9.588,1246500
2016-05-26,13.5167,13.5433,13.4867,13.5167,9.5998,768600
2016-05-27,13.5367,13.5667,13.52,13.5533,9.6258,1444200
2016-05-31,13.5867,13.5867,13.4667,13.5267,9.6069,1263900
2016-06-01,13.49,13.5633,13.48,13.5567,9.6282,1963800
2016-06-02,13.53,13.5767,13.4833,13.57,9.6377,948300
2016-06-03,13.5633,13.6067,13.52,13.59,9.6519,1791300
2016-06-06,13.63,13.68,13.6133,13.6667,9.7063,2626200
2016-06-07,13.6933,13.75,13.6833,13.7167,9.7418,1614300
2016-06-08,13.7233,13.77,13.7167,13.76,9.7726,1252200
2016-06-09,13.71,13.78,13.7067,13.7667,9.7773,867900
2016-06-10,13.6933,13.7367,13.6567,13.7067,9.7347,1084500
2016-06-13,13.6633,13.69,13.5933,13.6,9.659,1493100
2016-06-14,13.5767,13.6133,13.52,13.6067,9.6637,1218300
2016-06-15,13.64,13.6633,13.5733,13.5833,9.6471,1500300
2016-06-16,13.5367,13.6633,13.4733,13.66,9.7016,1351800
2016-06-17,13.6533,13.6533,13.5533,13.63,9.6803,969300
2016-06-20,13.6533,13.6933,13.6133,13.6267,9.7535,1922400
2016-06-21,13.65,13.6933,13.6267,13.66,9.7774,1174200
2016-06-22,13.67,13.71,13.6167,13.6267,9.7535,989100
2016-06-23,13.7333,13.79,13.7,13.79,9.8704,1455000
2016-06-24,13.4167,13.6233,13.3367,13.4,9.5913,4989900
2016-06-27,13.3167,13.3267,13.1567,13.2233,9.4648,6081600
2016-06-28,13.3233,13.39,13.2667,13.39,9.5841,3090000
2016-06-29,13.4833,13.6,13.4733,13.58,9.7201,3900900
2016-06-30,13.6133,13.8133,13.6,13.8133,9.8871,2651100
2016-07-01,13.8067,13.8433,13.7067,13.8267,9.8967,1799700
2016-07-05,13.7667,13.82,13.76,13.78,9.8633,1546800
2016-07-06,13.7667,13.8333,13.6767,13.8267,9.8967,1606800
2016-07-07,13.85,13.89,13.7533,13.8067,9.8824,1760100
2016-07-08,13.8767,14.0,13.8733,13.99,10.0136,1932600
2016-07-11,14.0067,14.0867,14.0,14.0533,10.0589,1728900
2016-07-12,14.0867,14.15,14.08,14.1267,10.1114,5422800
2016-07-13,14.15,14.1667,14.1167,14.16,10.1353,1542600
2016-07-14,14.24,14.25,14.19,14.2167,10.1758,1524600
2016-07-15,14.2433,14.2567,14.1667,14.21,10.1711,1364100
2016-07-18,14.2267,14.2333,14.1933,14.2233,10.1806,1078800
2016-07-19,14.2233,14.23,14.19,14.2267,10.183,1272000
2016-07-20,14.28,14.3,14.2467,14.2767,10.2188,1021500
2016-07-21,14.26,14.2767,14.1867,14.2267,10.183,1452900
2016-07-22,14.24,14.31,14.2333,14.31,10.2426,1120200
2016-07-25,14.2967,14.2967,14.2267,14.28,10.2212,1182600
2016-07-26,14.2733,14.3133,14.21,14.29,10.2283,1667700
2016-07-27,14.2833,14.2833,14.16,14.2133,10.1734,1359000
2016-07-28,14.19,14.2,14.11,14.1833,10.152,1050000
2016-07-29,14.15,14.2233,14.13,14.2067,10.1687,1571400
2016-08-01,14.21,14.2133,14.1333,14.1633,10.1377,1794000
2016-08-02,14.15,14.1633,14.0167,14.0733,10.0732,1371900
2016-08-03,14.07,14.08,14.0233,14.08,10.078,693000
2016-08-04,14.0967,14.1267,14.08,14.1033,10.0947,2761800
2016-08-05,14.1533,14.19,14.1467,14.1833,10.152,930300
2016-08-08,14.2133,14.2133,14.1667,14.1833,10.152,1108500
2016-08-09,14.1967,14.23,14.1667,14.19,10.1567,1017000
2016-08-10,14.21,14.2167,14.1533,14.1867,10.1544,1240800
2016-08-11,14.2367,14.2733,14.22,14.2633,10.2092,1245300
2016-08-12,14.26,14.2733,14.2233,14.2533,10.2021,1242600
2016-08-15,14.2867,14.32,14.2767,14.2933,10.2307,1370700
2016-08-16,14.26,14.2633,14.2033,14.21,10.1711,949200
2016-08-17,14.2,14.24,14.15,14.2333,10.1878,1104000
2016-08-18,14.2333,14.2767,14.22,14.2767,10.2188,1076400
2016-08-19,14.2433,14.2433,14.19,14.2267,10.183,837900
2016-08-22,14.2167,14.2333,14.1633,14.21,10.1711,1266000
2016-08-23,14.26,14.2833,14.2367,14.2433,10.1949,1107900
2016-08-24,14.2433,14.2433,14.1767,14.2067,10.1687,1071900
2016-08-25,14.1933,14.2233,14.1767,14.2,10.1639,1032600
2016-08-26,14.2133,14.2967,14.11,14.16,10.1353,1413900
2016-08-29,14.17,14.25,14.16,14.24,10.1925,1288200
2016-08-30,14.25,14.2567,14.1533,14.1867,10.1544,1159500
2016-08-31,14.18,14.18,14.1033,14.16,10.1353,1113900
2016-09-01,14.15,14.19,14.09,14.1867,10.1544,851100
2016-09-02,14.25,14.2767,14.2067,14.2467,10.1973,1211100
2016-09-06,14.27,14.2867,14.22,14.2867,10.2259,1156800
2016-09-07,14.2833,14.2833,14.23,14.2633,10.2092,1115700
2016-09-08,14.25,14.2633,14.21,14.2333,10.1878,1338900
2016-09-09,14.15,14.15,13.88,13.88,9.9349,3557400
2016-09-12,13.8367,14.1,13.7867,14.0767,10.0756,2022900
2016-09-13,13.98,13.9967,13.8433,13.8833,9.9372,1660500
2016-09-14,13.89,13.95,13.8167,13.85,9.9134,1614300
2016-09-15,13.8433,14.02,13.8333,13.9933,10.016,9441900
2016-09-16,13.97,13.9833,13.9067,13.9533,9.9874,7872900
2016-09-19,13.92,13.9633,13.86,13.87,9.9859,4539900
2016-09-20,13.93,13.93,13.8633,13.8633,9.9811,954300
2016-09-21,13.8933,14.0167,13.86,14.0033,10.0819,1401000
2016-09-22,14.0867,14.11,14.0433,14.07,10.1299,1637100
2016-09-23,14.06,14.06,13.99,13.9967,10.0771,1137000
2016-09-26,13.9567,13.9633,13.8733,13.8833,9.9955,2091000
2016-09-27,13.8833,14.0,13.8567,13.99,10.0723,1612500
2016-09-28,14.0167,14.0767,13.9433,14.0667,10.1275,1259100
2016-09-29,14.0567,14.08,13.9367,13.99,10.0723,1257900
2016-09-30,14.0633,14.1567,14.0467,14.1033,10.1539,1991700
2016-10-03,14.0833,14.0833,14.02,14.0533,10.1179,1497600
2016-10-04,14.0733,14.0733,13.9067,13.9433,10.0387,18874200
2016-10-05,13.9967,14.0367,13.9833,14.0033,10.0819,1613400
2016-10-06,13.99,14.03,13.93,14.0133,10.0891,1598700
2016-10-07,14.04,14.04,13.92,13.9867,10.0699,1268400
2016-10-10,14.05,14.0833,13.9933,14.0067,10.0843,1571400
2016-10-11,13.9967,13.9967,13.8,13.8667,9.9835,1969800
2016-10-12,13.8667,13.9067,13.8133,13.8767,9.9907,1510200
2016-10-13,13.75,13.8733,13.7267,13.8333,9.9595,2193000
2016-10-14,13.87,13.93,13.8467,13.8533,9.9739,1333200
2016-10-17,13.8467,13.8667,13.81,13.8167,9.9475,1224000
2016-10-18,13.8933,13.8933,13.8233,13.8267,9.9547,1255200
2016-10-19,13.8333,13.8333,13.7733,13.7967,9.9331,1421700
2016-10-20,13.7733,13.79,13.7067,13.75,9.8995,1327200
2016-10-21,13.77,13.8167,13.75,13.7967,9.9331,1962000
2016-10-24,13.8533,13.89,13.8333,13.8667,9.9835,1024200
2016-10-25,13.88,13.9167,13.8633,13.8733,9.9883,1582200
2016-10-26,13.8367,13.9367,13.8233,13.8967,10.0051,1438800
2016-10-27,13.9367,13.94,13.85,13.8533,9.9739,1522800
2016-10-28,13.8667,13.9467,13.8133,13.8667,9.9835,1509900
2016-10-31,13.9,13.9167,13.8733,13.8833,9.9955,1193700
2016-11-01,13.8933,13.9067,13.7233,13.79,9.9283,1657800
2016-11-02,13.78,13.81,13.72,13.74,9.8923,2076000
2016-11-03,13.77,13.77,13.6767,13.7,9.8635,1721400
2016-11-04,13.6933,13.7233,13.6467,13.6467,9.8251,1739700
2016-11-07,13.8233,13.9067,13.8033,13.9033,10.0099,1817100
2016-11-08,13.9067,14.0233,13.8933,13.9833,10.0675,1780200
2016-11-09,13.8467,14.1733,13.8333,14.11,10.1587,3871200
2016-11-10,14.1767,14.1767,14.0267,14.0933,10.1467,2732100
2016-11-11,14.0567,14.1,14.02,14.0833,10.1395,2246100
2016-11-14,14.1233,14.13,14.03,14.0633,10.1251,1686300
2016-11-15,14.11,14.1767,14.0967,14.1767,10.2067,1368000
2016-11-16,14.19,14.2033,14.1433,14.1767,10.2067,1305600
2016-11-17,14.1833,14.2067,14.1633,14.19,10.2163,1470000
2016-11-18,14.2,14.2,14.15,14.1733,10.2043,1241400
2016-11-21,14.2067,14.27,14.2067,14.27,10.2739,4462800
2016-11-22,14.3067,14.36,14.3033,14.3433,10.3267,3031500
2016-11-23,14.34,14.3633,14.3167,14.35,10.3315,2916600
2016-11-25,14.3733,14.4167,14.3733,14.4133,10.3771,1195500
2016-11-28,14.4033,14.43,14.3733,14.3933,10.3627,1685700
2016-11-29,14.3867,14.4167,14.3467,14.39,10.3603,1413600
2016-11-30,14.42,14.4233,14.3367,14.3367,10.3219,1655700
2016-12-01,14.36,14.36,14.2133,14.24,10.2523,2224800
2016-12-02,14.24,14.3033,14.24,14.2867,10.2859,1180800
2016-12-05,14.3467,14.38,14.3167,14.3467,10.3291,1824900
2016-12-06,14.36,14.3867,14.33,14.3867,10.3579,2371500
2016-12-07,14.3933,14.5933,14.3667,14.59,10.5043,1811400
2016-12-08,14.59,14.6333,14.5533,14.5967,10.5091,1889700
2016-12-09,14.6167,14.6867,14.6067,14.6767,10.5667,1832700
2016-12-12,14.6967,14.7567,14.6967,14.75,10.6195,1843800
2016-12-13,14.81,14.8767,14.7833,14.8433,10.6867,1675800
2016-12-14,14.84,14.87,14.66,14.6933,10.5787,2287800
2016-12-15,14.6833,14.79,14.6733,14.7367,10.6099,1784100
2016-12-16,14.7733,14.7867,14.6967,14.7433,10.6147,1644900
2016-12-19,14.59,14.66,14.59,14.6467,10.6411,1643700
2016-12-20,14.6767,14.69,14.6467,14.6833,10.6677,1516200
2016-12-21,14.6767,14.7,14.65,14.65,10.6435,3044700
2016-12-22,14.6533,14.6533,14.61,14.6367,10.6338,1482000
2016-12-23,14.64,14.6467,14.6233,14.6467,10.6411,866100
2016-12-27,14.67,14.6933,14.66,14.67,10.658,2500500
2016-12-28,14.68,14.68,14.55,14.56,10.5781,1546200
2016-12-29,14.57,14.5933,14.5567,14.5733,10.5878,1922700
2016-12-30,14.59,14.6,14.47,14.5233,10.5515,1350900
2017-01-03,14.6,14.63,14.52,14.6,10.6072,2177100
2017-01-04,14.6267,14.65,14.6067,14.6233,10.6241,4258200
2017-01-05,14.6067,14.62,14.5633,14.61,10.6144,1647600
2017-01-06,14.6133,14.6333,14.5367,14.61,10.6144,1512600
2017-01-09,14.59,14.59,14.53,14.5333,10.5587,1673400
2017-01-10,14.5333,14.5533,14.48,14.4833,10.5224,1863000
2017-01-11,14.4833,14.5267,14.4533,14.5233,10.5515,1365900
2017-01-12,14.5,14.5033,14.4,14.4933,10.5297,1929300
2017-01-13,14.5033,14.5133,14.4767,14.5033,10.5369,1253100
2017-01-17,14.4833,14.53,14.4633,14.5033,10.5369,1965000
2017-01-18,14.5133,14.53,14.4833,14.51,10.5418,1017900
2017-01-19,14.5133,14.5267,14.4233,14.4567,10.503,1311900
2017-01-20,14.5033,14.5733,14.49,14.5333,10.5587,1537200
2017-01-23,14.5,14.5067,14.4233,14.47,10.5127,1706100
2017-01-24,14.4533,14.5733,14.4533,14.5567,10.5757,1448100
2017-01-25,14.6233,14.6667,14.6,14.6533,10.6459,2823600
2017-01-26,14.6367,14.6367,14.58,14.6,10.6072,1778700
2017-01-27,14.61,14.6267,14.5867,14.6033,10.6096,1209600
2017-01-30,14.5633,14.5833,14.4733,14.5233,10.5515,1736700
2017-01-31,14.4833,14.4933,14.4033,14.4533,10.5006,2264400
2017-02-01,14.4567,14.46,14.35,14.3867,10.4522,1650600
2017-02-02,14.3667,14.4067,14.35,14.4033,10.4643,1979400
2017-02-03,14.45,14.4867,14.4267,14.47,10.5127,1434000
2017-02-06,14.4633,14.4733,14.4267,14.4533,10.5006,1644300
2017-02-07,14.4867,14.5167,14.4633,14.4833,10.5224,1381200
2017-02-08,14.4833,14.52,14.4733,14.5033,10.5369,884400
2017-02-09,14.5133,14.5967,14.5067,14.5633,10.5805,1425000
2017-02-10,14.58,14.6167,14.5633,14.5967,10.6048,1926900
2017-02-13,14.6367,14.69,14.6233,14.67,10.658,1428300
2017-02-14,14.6633,14.7,14.6167,14.7,10.6798,1468500
2017-02-15,14.6933,14.79,14.6833,14.7833,10.7404,1400100
2017-02-16,14.7833,14.81,14.76,14.81,10.7597,1494900
2017-02-17,14.7733,14.83,14.76,14.83,10.7743,1335600
2017-02-21,14.8633,14.9267,14.85,14.91,10.8324,1739400
2017-02-22,14.8867,14.9233,14.83,14.8967,10.8227,1431900
2017-02-23,14.94,14.98,14.9033,14.96,10.8687,1188300
2017-02-24,14.93,15.0,14.9167,15.0,10.8978,1071600
2017-02-27,15.0,15.01,14.9633,15.0033,10.9002,1318500
2017-02-28,14.9567,14.9733,14.92,14.9467,10.859,1571100
2017-03-01,15.0167,15.1267,15.0067,15.1033,10.9729,1914300
2017-03-02,15.0967,15.0967,15.0433,15.0533,10.9365,2011800
2017-03-03,15.0567,15.0567,14.9967,15.0367,10.9244,1671900
2017-03-06,14.99,15.0233,14.92,15.0133,10.9075,1725900
2017-03-07,14.9833,15.0167,14.96,14.9667,10.8736,1248300
2017-03-08,14.9667,14.9867,14.9333,14.95,10.8615,1416300
2017-03-09,14.94,14.9633,14.8967,14.9567,10.8663,1476300
2017-03-10,15.0267,15.0433,14.9667,15.0167,10.9099,1315500
2017-03-13,15.0167,15.03,14.9733,15.01,10.905,1098900
2017-03-14,14.98,14.98,14.9333,14.9633,10.8711,1136700
2017-03-15,14.98,15.11,14.9667,15.0767,10.9535,1446000
2017-03-16,15.0833,15.1,15.03,15.0633,10.9438,1075200
2017-03-17,15.07,15.12,15.0667,15.0733,10.9511,1657200
2017-03-20,14.9633,14.9767,14.91,14.9433,10.9354,1131900
2017-03-21,14.99,15.0,14.82,14.8333,10.8549,2079600
2017-03-22,14.8367,14.86,14.7767,14.8467,10.8647,3082800
2017-03-23,14.8333,14.8967,14.8033,14.8267,10.8501,1353900
2017-03-24,14.85,14.8567,14.75,14.7933,10.8257,1610700
2017-03-27,14.72,14.7933,14.7033,14.78,10.8159,2858100
2017-03-28,14.76,14.8767,14.7367,14.8567,10.872,2582100
2017-03-29,14.84,14.8633,14.8133,14.8533,10.8696,2609400
2017-03-30,14.8467,14.9,14.8267,14.8733,10.8842,1558500
2017-03-31,14.8667,14.9067,14.8533,14.86,10.8745,1323900
2017-04-03,14.8667,14.8767,14.7667,14.8167,10.8428,2298900
2017-04-04,14.8133,14.8533,14.79,14.8533,10.8696,4558500
2017-04-05,14.8833,14.9633,14.8067,14.8133,10.8403,1808400
2017-04-06,14.8267,14.86,14.8,14.82,10.8452,1302000
2017-04-07,14.8233,14.8633,14.8033,14.8267,10.8501,1687500
2017-04-10,14.8333,14.88,14.79,14.8267,10.8501,1412700
2017-04-11,14.8133,14.83,14.7267,14.83,10.8525,1823400
2017-04-12,14.8167,14.83,14.7667,14.7867,10.8208,1360200
2017-04-13,14.7667,14.79,14.69,14.6967,10.7549,1571100
2017-04-17,14.7267,14.7933,14.72,14.7933,10.8257,1442700
2017-04-18,14.75,14.8067,14.7167,14.79,10.8232,1648500
2017-04-19,14.8033,14.8133,14.71,14.73,10.7793,1370700
2017-04-20,14.75,14.8333,14.73,14.8033,10.833,901500
2017-04-21,14.7633,14.7967,14.74,14.78,10.8159,1173900
2017-04-24,14.8933,14.9267,14.8733,14.91,10.9111,1616700
2017-04-25,14.9567,15.0033,14.9467,14.99,10.9696,1454400
2017-04-26,14.9767,15.0067,14.9467,14.9567,10.9452,1396800
2017-04-27,14.9767,14.9833,14.92,14.9667,10.9525,1069200
2017-04-28,14.9533,14.9533,14.87,14.8967,10.9013,1349100
2017-05-01,14.9167,14.9167,14.8567,14.8733,10.8842,1143600
2017-05-02,14.8767,14.89,14.8533,14.88,10.8891,1413600
2017-05-03,14.88,14.8967,14.83,14.89,10.8964,1373400
2017-05-04,14.9067,14.9133,14.8467,14.9033,10.9062,932700
2017-05-05,14.9067,14.9567,14.8767,14.9567,10.9452,897000
2017-05-08,14.9333,14.9533,14.92,14.94,10.933,3549600
2017-05-09,14.9467,14.95,14.9033,14.9267,10.9233,1227000
2017-05-10,14.92,14.94,14.9067,14.9367,10.9306,1109100
2017-05-11,14.8933,14.8967,14.81,14.8733,10.8842,1435800
2017-05-12,14.8567,14.8733,14.84,14.8467,10.8647,940200
2017-05-15,14.8733,14.93,14.8733,14.9267,10.9233,1197900
2017-05-16,14.9467,14.96,14.9133,14.94,10.933,1023600
2017-05-17,14.86,14.89,14.7467,14.7567,10.7988,3060600
2017-05-18,14.7433,14.83,14.7067,14.7733,10.811,2530500
2017-05-19,14.81,14.9133,14.79,14.8867,10.894,1011300
2017-05-22,14.92,14.9667,14.92,14.9633,10.9501,1122000
2017-05-23,14.97,14.98,14.94,14.9533,10.9428,949800
2017-05-24,14.9633,15.0,14.95,14.9833,10.9647,1422600
2017-05-25,15.0367,15.1,15.0033,15.0833,11.0379,1198800
2017-05-26,15.0733,15.09,15.06,15.0767,11.033,697200
2017-05-30,15.0633,15.12,15.0467,15.1133,11.0599,962700
2017-05-31,15.1467,15.16,15.1133,15.1567,11.0916,952200
2017-06-01,15.1667,15.2333,15.1333,15.2333,11.1477,1674000
2017-06-02,15.2567,15.2733,15.2167,15.26,11.1672,825300
2017-06-05,15.2533,15.28,15.2367,15.2667,11.1721,1245300
2017-06-06,15.2367,15.2567,15.21,15.2233,11.1404,1107900
2017-06-07,15.23,15.24,15.17,15.21,11.1306,882000
2017-06-08,15.2133,15.2333,15.16,15.2,11.1233,1013700
2017-06-09,15.2133,15.2433,15.1533,15.2333,11.1477,1370400
2017-06-12,15.22,15.27,15.22,15.26,11.1672,1265100
2017-06-13,15.28,15.3133,15.2533,15.3067,11.2013,1277100
2017-06-14,15.33,15.3533,15.2667,15.3267,11.216,1252200
2017-06-15,15.2567,15.3367,15.2333,15.3233,11.2135,1391400
2017-06-16,15.3233,15.35,15.2533,15.35,11.233,1100400
2017-06-19,15.29,15.3233,15.2533,15.3233,11.2947,1535700
2017-06-20,15.3033,15.3067,15.23,15.24,11.2333,985800
2017-06-21,15.2533,15.2533,15.16,15.18,11.1891,1243500
2017-06-22,15.1833,15.1967,15.15,15.1633,11.1768,1499100
2017-06-23,15.16,15.2067,15.14,15.1933,11.1989,1071300
2017-06-26,15.22,15.2533,15.18,15.18,11.1891,1866600
2017-06-27,15.1667,15.1767,15.07,15.0767,11.1129,3392700
2017-06-28,15.1267,15.17,15.11,15.1433,11.162,1113000
2017-06-29,15.1267,15.13,14.92,14.9867,11.0466,2022300
2017-06-30,15.0433,15.0833,15.0067,15.0333,11.081,1044900
2017-07-03,15.07,15.1233,15.0667,15.07,11.108,680400
2017-07-05,15.0833,15.0867,15.0367,15.08,11.1154,1377900
2017-07-06,15.04,15.04,14.9533,14.9667,11.0318,1152600
2017-07-07,14.99,15.05,14.98,15.0333,11.081,1242300
2017-07-10,15.03,15.04,15.0,15.0,11.0564,1216500
2017-07-11,15.0,15.0067,14.9167,14.9867,11.0466,1191000
2017-07-12,15.0533,15.1133,15.0533,15.0867,11.1203,1203600
2017-07-13,15.0967,15.1067,15.0667,15.1,11.1301,1265100
2017-07-14,15.1233,15.2033,15.1233,15.1867,11.194,822300
2017-07-17,15.18,15.1933,15.1667,15.18,11.1891,1140000
2017-07-18,15.1533,15.17,15.12,15.1567,11.1719,1141500
2017-07-19,15.17,15.2133,15.1533,15.2067,11.2087,1077600
2017-07-20,15.2133,15.2267,15.1667,15.2067,11.2087,1222800
2017-07-21,15.15,15.1867,15.1067,15.1867,11.194,1290000
2017-07-24,15.1767,15.1767,15.0933,15.0933,11.1252,1990200
2017-07-25,15.1533,15.19,15.1333,15.1733,11.1841,2295300
2017-07-26,15.2133,15.2133,15.1867,15.2,11.2038,1254000
2017-07-27,15.2367,15.3233,15.2367,15.3233,11.2947,910800
2017-07-28,15.2967,15.3167,15.16,15.25,11.2407,1195200
2017-07-31,15.2567,15.3133,15.2567,15.2833,11.2652,1246500
2017-08-01,15.31,15.3133,15.27,15.2933,11.2726,1229400
2017-08-02,15.2767,15.2867,15.2433,15.28,11.2628,989100
2017-08-03,15.2867,15.3267,15.2833,15.3067,11.2824,1085700
2017-08-04,15.33,15.34,15.29,15.3267,11.2972,699300
2017-08-07,15.33,15.3533,15.3233,15.3533,11.3168,973500
2017-08-08,15.34,15.38,15.29,15.3167,11.2898,1139100
2017-08-09,15.3,15.3267,15.2733,15.3233,11.2947,1117500
2017-08-10,15.2733,15.2933,15.2133,15.22,11.2185,1281300
2017-08-11,15.22,15.2667,15.21,15.2133,11.2136,1111500
2017-08-14,15.2833,15.3467,15.28,15.3267,11.2972,1141800
2017-08-15,15.3533,15.3533,15.2933,15.3267,11.2972,875700
2017-08-16,15.35,15.3933,15.35,15.3633,11.3242,1100100
2017-08-17,15.3233,15.34,15.15,15.15,11.167,1816800
2017-08-18,15.1433,15.1733,15.0867,15.0967,11.1276,3172200
2017-08-21,15.1,15.16,15.0733,15.1467,11.1645,11046900
2017-08-22,15.17,15.25,15.17,15.2333,11.2284,6925800
2017-08-23,15.1933,15.21,15.1767,15.18,11.1891,1085400
2017-08-24,15.21,15.2267,15.15,15.1567,11.1719,1245000
2017-08-25,15.2,15.25,15.19,15.2,11.2038,825900
2017-08-28,15.2267,15.2333,15.1667,15.1833,11.1915,1187700
2017-08-29,15.13,15.22,15.1267,15.2,11.2038,956700
2017-08-30,15.2,15.25,15.1833,15.23,11.2259,902700
2017-08-31,15.2633,15.2933,15.2567,15.28,11.2628,919800
2017-09-01,15.3,15.3233,15.29,15.3033,11.28,998100
2017-09-05,15.2767,15.2933,15.18,15.2367,11.2308,16979100
2017-09-06,15.2833,15.3233,15.2667,15.3033,11.28,1225200
2017-09-07,15.3267,15.34,15.29,15.3267,11.2972,666000
2017-09-08,15.31,15.3233,15.2833,15.3033,11.28,948900
2017-09-11,15.3633,15.4467,15.3533,15.4333,11.3758,1384500
2017-09-12,15.4667,15.5133,15.4633,15.5067,11.4298,1017000
2017-09-13,15.4933,15.54,15.46,15.54,11.4544,822000
2017-09-14,15.52,15.5867,15.52,15.5867,11.4888,767100
2017-09-15,15.5933,15.6467,15.5867,15.6467,11.533,1029600
2017-09-18,15.5467,15.5767,15.5233,15.5667,11.5588,1563600
2017-09-19,15.58,15.6167,15.5567,15.5833,11.5712,1067400
2017-09-20,15.59,15.6,15.5033,15.5867,11.5736,1090800
2017-09-21,15.58,15.5967,15.52,15.5267,11.5291,828900
2017-09-22,15.5233,15.5633,15.5233,15.5567,11.5514,1061400
2017-09-25,15.5533,15.59,15.5067,15.5733,11.5637,1947600
2017-09-26,15.5833,15.6,15.5467,15.5533,11.5489,979800
2017-09-27,15.58,15.58,15.4733,15.55,11.5464,949500
2017-09-28,15.51,15.6033,15.51,15.59,11.5761,744300
2017-09-29,15.5867,15.6167,15.57,15.6,11.5835,1075200
2017-10-02,15.61,15.6733,15.6,15.6667,11.633,2342700
2017-10-03,15.6833,15.7267,15.67,15.7167,11.6702,1409400
2017-10-04,15.71,15.7633,15.7,15.7567,11.6999,1069200
2017-10-05,15.77,15.8233,15.7667,15.8233,11.7494,921300
2017-10-06,15.79,15.8067,15.77,15.8,11.732,852900
2017-10-09,15.8133,15.8533,15.8067,15.8233,11.7494,1037100
2017-10-10,15.8867,15.9167,15.8633,15.9133,11.8162,1159200
2017-10-11,15.9067,15.95,15.9,15.95,11.8434,934500
2017-10-12,15.93,15.98,15.92,15.97,11.8583,1022400
2017-10-13,16.01,16.0467,15.99,16.0033,11.883,1062600
2017-10-16,16.0167,16.0167,15.9667,16.0033,11.883,1216200
2017-10-17,15.9967,16.01,15.9633,16.01,11.888,1255200
2017-10-18,16.0633,16.08,16.02,16.0633,11.9276,1021500
2017-10-19,16.0433,16.1,16.02,16.1,11.9548,997800
2017-10-20,16.1433,16.1567,16.0967,16.1533,11.9944,1153200
2017-10-23,16.1833,16.2233,16.13,16.1667,12.0043,1255800
2017-10-24,16.21,16.2167,16.1633,16.1867,12.0192,1056900
2017-10-25,16.1633,16.1633,16.0333,16.11,11.9622,1419000
2017-10-26,16.1733,16.1967,16.1367,16.1633,12.0018,1925400
2017-10-27,16.2233,16.2867,16.1967,16.27,12.081,1021200
2017-10-30,16.2233,16.27,16.1367,16.1567,11.9969,1643100
2017-10-31,16.1767,16.1833,16.1367,16.1633,12.0018,1186500
2017-11-01,16.2133,16.2467,16.18,16.2233,12.0464,1323600
2017-11-02,16.2233,16.2467,16.1533,16.2367,12.0563,1216200
2017-11-03,16.25,16.2767,16.21,16.2567,12.0711,1144500
2017-11-06,16.27,16.27,16.1967,16.2067,12.034,1502400
2017-11-07,16.2167,16.2467,16.1833,16.2467,12.0637,1305600
2017-11-08,16.24,16.3,16.23,16.2967,12.1008,1008900
2017-11-09,16.2233,16.2467,16.1267,16.2233,12.0464,1934400
2017-11-10,16.2,16.23,16.1733,16.2267,12.0489,1303500
2017-11-13,16.2133,16.3133,16.2,16.29,12.0959,1833600
2017-11-14,16.2467,16.31,16.21,16.31,12.1107,1032600
2017-11-15,16.2433,16.25,16.1733,16.1867,12.0192,3121800
2017-11-16,16.2633,16.3733,16.26,16.35,12.1404,1170900
2017-11-17,16.3167,16.33,16.2767,16.29,12.0959,1105200
2017-11-20,16.3033,16.37,16.2867,16.3433,12.1355,1105200
2017-11-21,16.4033,16.45,16.3933,16.4367,12.2048,1579200
2017-11-22,16.4367,16.4367,16.3733,16.4,12.1776,2468100
2017-11-24,16.43,16.4433,16.4167,16.43,12.1998,819000
2017-11-27,16.4367,16.47,16.4333,16.4467,12.2122,1355700
2017-11-28,16.48,16.6267,16.4667,16.62,12.3409,1346700
2017-11-29,16.6333,16.7133,16.6333,16.6867,12.3904,1510800
2017-11-30,16.7233,16.9067,16.7233,16.8433,12.5067,3618900
2017-12-01,16.8233,16.8467,16.59,16.8167,12.487,2712900
2017-12-04,16.9367,16.9867,16.88,16.8833,12.5365,2426100
2017-12-05,16.9367,16.9367,16.8,16.81,12.482,2387400
2017-12-06,16.7867,16.8467,16.7867,16.8233,12.4919,1291200
2017-12-07,16.8067,16.8433,16.79,16.8133,12.4845,1149600
2017-12-08,16.8533,16.8733,16.8133,16.8733,12.529,1240500
2017-12-11,16.8767,16.9267,16.8533,16.9233,12.5662,1350600
2017-12-12,16.96,16.9933,16.9267,16.9433,12.581,1777200
2017-12-13,16.9533,17.0333,16.9433,16.9967,12.6206,1470600
2017-12-14,17.0167,17.02,16.9233,16.9267,12.5686,1334100
2017-12-15,17.0133,17.0867,17.0,17.0533,12.6627,1894200
2017-12-18,17.02,17.0867,17.02,17.0567,12.7511,2638500
2017-12-19,17.11,17.11,17.0433,17.0667,12.7586,1524900
2017-12-20,17.1333,17.1367,17.03,17.0667,12.7586,1763400
2017-12-21,17.0967,17.1,17.0233,17.0367,12.7362,1671300
2017-12-22,17.0533,17.0633,17.0267,17.0567,12.7511,1445100
2017-12-26,17.05,17.0933,17.04,17.0667,12.7586,2246700
2017-12-27,17.0833,17.1167,17.0667,17.09,12.7761,4083900
2017-12-28,17.13,17.13,17.07,17.1,12.7835,1797000
2017-12-29,17.13,17.1333,17.0567,17.0567,12.7511,1890900
2018-01-02,17.12,17.1233,17.07,17.11,12.791,2382300
2018-01-03,17.1067,17.1667,17.0733,17.16,12.8284,2928900
2018-01-04,17.1733,17.2667,17.16,17.2433,12.8907,2469900
2018-01-05,17.2833,17.36,17.25,17.35,12.9704,2328600
2018-01-08,17.34,17.3967,17.33,17.3867,12.9978,2660400
2018-01-09,17.41,17.4667,17.3767,17.39,13.0003,3060300
2018-01-10,17.3467,17.36,17.2867,17.34,12.963,2682900
2018-01-11,17.3767,17.4667,17.34,17.4633,13.0552,2049000
2018-01-12,17.5067,17.5967,17.5,17.5633,13.1299,2458500
2018-01-16,17.6467,17.6933,17.4733,17.5333,13.1075,3421500
2018-01-17,17.6267,17.82,17.6033,17.7967,13.3043,2446800
2018-01-18,17.8133,17.8233,17.7167,17.7467,13.267,3337200
2018-01-19,17.79,17.8067,17.7333,17.8033,13.3093,2493300
2018-01-22,17.7933,17.9467,17.79,17.9467,13.4165,2629800
2018-01-23,17.9333,17.9333,17.8733,17.9033,13.3841,2496000
2018-01-24,17.9133,17.9667,17.7767,17.86,13.3517,2464200
2018-01-25,17.9267,17.9433,17.85,17.89,13.3741,2331900
2018-01-26,17.9767,18.2,17.9767,18.1933,13.6009,2838300
2018-01-29,18.16,18.1667,18.05,18.0633,13.5037,2815200
2018-01-30,17.96,17.99,17.8033,17.8333,13.3318,3911100
2018-01-31,17.93,17.94,17.7367,17.8333,13.3318,3468000
2018-02-01,17.7333,17.8733,17.72,17.7767,13.2894,3010500
2018-02-02,17.66,17.6667,17.3767,17.39,13.0003,5088300
2018-02-05,17.27,17.3933,16.5,16.6333,12.4347,10652100
2018-02-06,16.3333,16.94,16.2267,16.9133,12.644,9009600
2018-02-07,16.8667,17.16,16.82,16.8767,12.6166,4570200
2018-02-08,16.8833,16.9167,16.2533,16.26,12.1556,5699100
2018-02-09,16.4233,16.5967,15.9733,16.48,12.32,8161500
2018-02-12,16.6333,16.8,16.5267,16.7067,12.4895,3564900
2018-02-13,16.6433,16.77,16.5833,16.72,12.4995,2163300
2018-02-14,16.6333,16.8433,16.59,16.8167,12.5717,2344800
2018-02-15,16.92,17.0133,16.76,17.0133,12.7187,2858100
2018-02-16,16.9733,17.1767,16.9667,17.0333,12.7337,2988300
2018-02-20,16.9167,16.97,16.7867,16.8333,12.5842,2567100
2018-02-21,16.85,16.9733,16.6767,16.6833,12.4721,3061500
2018-02-22,16.7333,16.8833,16.71,16.75,12.5219,3278400
2018-02-23,16.8367,16.99,16.8,16.99,12.7013,2015100
2018-02-26,17.06,17.23,17.05,17.2233,12.8757,2709900
2018-02-27,17.25,17.3333,17.0467,17.0467,12.7437,2801400
2018-02-28,17.1333,17.1467,16.8267,16.83,12.5817,3213600
2018-03-01,16.8367,16.9367,16.5067,16.6233,12.4272,4178100
2018-03-02,16.4867,16.7133,16.46,16.6733,12.4646,3917100
2018-03-05,16.5833,16.89,16.5833,16.8467,12.5942,2889000
2018-03-06,16.9067,16.9167,16.75,16.86,12.6041,2030100
2018-03-07,16.69,16.8467,16.67,16.8233,12.5767,1796400
2018-03-08,16.8667,16.9,16.79,16.8933,12.629,1593000
2018-03-09,17.0,17.1367,16.96,17.1333,12.8085,1653900
2018-03-12,17.1567,17.1867,17.01,17.0367,12.7362,1926600
2018-03-13,17.1067,17.1867,16.9333,16.97,12.6864,1535100
2018-03-14,17.0367,17.0533,16.7833,16.8133,12.5692,1807800
2018-03-15,16.8533,16.9267,16.7767,16.82,12.5742,2095500
2018-03-16,16.7533,16.8567,16.75,16.7967,12.6223,2150400
2018-03-19,16.7533,16.7533,16.4967,16.59,12.467,2632200
2018-03-20,16.6333,16.67,16.5467,16.5933,12.4695,1745400
2018-03-21,16.57,16.7067,16.5167,16.5333,12.4244,2411100
2018-03-22,16.4133,16.4667,16.17,16.1733,12.1539,3543300
2018-03-23,16.1933,16.2533,15.85,15.86,11.9184,5365500
2018-03-26,16.08,16.26,15.9733,16.2467,12.209,3089400
2018-03-27,16.2967,16.3867,16.01,16.0833,12.0863,7560900
2018-03-28,16.1133,16.2833,16.0967,16.14,12.1288,2381400
2018-03-29,16.23,16.41,16.22,16.3433,12.2816,1938600
2018-04-02,16.3167,16.32,15.7833,15.9567,11.9911,4953900
2018-04-03,16.0333,16.1933,15.9533,16.1767,12.1564,3321300
2018-04-04,15.9533,16.4,15.95,16.3667,12.2992,2396100
2018-04-05,16.42,16.4867,16.35,16.45,12.3618,3599700
2018-04-06,16.35,16.43,16.01,16.12,12.1138,3364500
2018-04-09,16.1833,16.3533,16.11,16.1233,12.1163,2822700
2018-04-10,16.3333,16.42,16.2333,16.3633,12.2967,2676300
2018-04-11,16.2733,16.39,16.2533,16.31,12.2566,2309400
2018-04-12,16.3933,16.47,16.37,16.4,12.3242,2564700
2018-04-13,16.5,16.5033,16.32,16.38,12.3092,2433300
2018-04-16,16.4733,16.6133,16.45,16.5467,12.4344,2633400
2018-04-17,16.6467,16.6867,16.5967,16.6467,12.5096,7239000
2018-04-18,16.6367,16.66,16.5867,16.59,12.467,5970300
2018-04-19,16.5167,16.5167,16.3,16.3767,12.3067,5347800
2018-04-20,16.36,16.3833,16.1533,16.2167,12.1865,3855300
2018-04-23,16.2533,16.27,16.16,16.2267,12.194,7383300
2018-04-24,16.29,16.2967,15.9567,16.07,12.0762,8897700
2018-04-25,16.07,16.1867,15.9833,16.1533,12.1389,6927600
2018-04-26,16.18,16.32,16.1367,16.2867,12.2391,3548700
2018-04-27,16.28,16.3333,16.24,16.3133,12.2591,1698900
2018-04-30,16.3433,16.3833,16.16,16.16,12.1439,2766900
2018-05-01,16.0967,16.0967,15.9133,16.0733,12.0787,4299600
2018-05-02,16.0333,16.07,15.8833,15.91,11.956,18551100
2018-05-03,15.8533,15.92,15.6933,15.87,11.9259,11351100
2018-05-04,15.8167,16.1267,15.7633,16.08,12.0838,2380500
2018-05-07,16.1233,16.13,16.0167,16.06,12.0687,2424000
2018-05-08,16.0333,16.0667,15.9567,16.06,12.0687,2002200
2018-05-09,16.0767,16.2033,16.04,16.1667,12.1489,1896300
2018-05-10,16.24,16.3433,16.23,16.33,12.2716,2475300
2018-05-11,16.36,16.43,16.3333,16.4,12.3242,1947900
2018-05-14,16.4733,16.5033,16.4333,16.4667,12.3743,2050800
2018-05-15,16.3933,16.4,16.32,16.3667,12.2992,2572800
2018-05-16,16.3867,16.52,16.3867,16.4833,12.3869,1519200
2018-05-17,16.49,16.58,16.4567,16.5133,12.4094,1410300
2018-05-18,16.4933,16.5033,16.4267,16.4633,12.3718,1734000
2018-05-21,16.5433,16.65,16.5433,16.6167,12.487,1983600
2018-05-22,16.6533,16.6833,16.52,16.5333,12.4244,1552800
2018-05-23,16.4567,16.5667,16.4067,16.5667,12.4495,1430400
2018-05-24,16.5367,16.5667,16.4333,16.5467,12.4344,1290000
2018-05-25,16.5133,16.5633,16.4867,16.5333,12.4244,1171500
2018-05-29,16.4333,16.49,16.3133,16.4067,12.3292,2065500
2018-05-30,16.4933,16.6733,16.4767,16.64,12.5046,2296800
2018-05-31,16.61,16.61,16.4133,16.45,12.3618,3770700
2018-06-01,16.5467,16.64,16.5467,16.6067,12.4795,2230500
2018-06-04,16.6633,16.7333,16.6633,16.6933,12.5447,1660200
2018-06-05,16.7067,16.7467,16.6667,16.7333,12.5747,1153200
2018-06-06,16.7733,16.8367,16.7167,16.8367,12.6524,1346400
2018-06-07,16.8633,16.9433,16.85,16.8833,12.6874,1421100
2018-06-08,16.8533,16.96,16.8533,16.96,12.7451,1128300
2018-06-11,16.97,17.0367,16.9533,16.9933,12.7701,1205700
2018-06-12,17.02,17.0333,16.9567,17.0033,12.7776,1854600
2018-06-13,17.0167,17.0167,16.8967,16.9133,12.71,1147800
2018-06-14,16.9667,16.9767,16.8867,16.9133,12.71,1228800
2018-06-15,16.8667,16.9767,16.8267,16.9733,12.7551,1557000
2018-06-18,16.8767,16.9133,16.7667,16.8267,12.6449,1398900
2018-06-19,16.69,16.8067,16.6833,16.7833,12.6123,1566000
2018-06-20,16.83,16.83,16.7367,16.78,12.6098,1127100
2018-06-21,16.7933,16.8267,16.68,16.7033,12.5522,1163100
2018-06-22,16.8,16.84,16.7767,16.78,12.6098,1092900
2018-06-25,16.72,16.7367,16.5533,16.6533,12.5146,2028600
2018-06-26,16.52,16.5433,16.4633,16.48,12.4858,1605000
2018-06-27,16.4967,16.5967,16.3567,16.36,12.3949,1553400
2018-06-28,16.3233,16.4567,16.31,16.4233,12.4429,2563500
2018-06-29,16.4667,16.55,16.4267,16.43,12.4479,1469100
2018-07-02,16.33,16.4133,16.2833,16.4033,12.4277,3512400
2018-07-03,16.46,16.51,16.3533,16.3733,12.405,1047300
2018-07-05,16.4433,16.5467,16.4033,16.5467,12.5363,2170800
2018-07-06,16.54,16.66,16.5,16.6167,12.5894,1305900
2018-07-09,16.6767,16.7433,16.6467,16.72,12.6676,1606800
2018-07-10,16.77,16.8667,16.77,16.8567,12.7712,1755900
2018-07-11,16.7833,16.7833,16.6867,16.7067,12.6575,1424700
2018-07-12,16.79,16.83,16.7567,16.79,12.7207,1584900
2018-07-13,16.7933,16.8867,16.7933,16.86,12.7737,1219200
2018-07-16,16.86,16.8667,16.7967,16.8133,12.7384,1288200
2018-07-17,16.7833,16.8833,16.7833,16.8633,12.7762,1263000
2018-07-18,16.8567,16.8833,16.83,16.88,12.7889,915000
2018-07-19,16.8433,16.9233,16.81,16.89,12.7964,1104900
2018-07-20,16.85,16.9033,16.8267,16.8667,12.7788,942600
2018-07-23,16.8633,16.8733,16.8167,16.8567,12.7712,1029600
2018-07-24,16.9067,16.95,16.8533,16.91,12.8116,1698000
2018-07-25,16.8867,17.02,16.8533,17.01,12.8874,1941300
2018-07-26,17.06,17.17,17.06,17.1133,12.9656,1612800
2018-07-27,17.05,17.0933,16.99,17.0333,12.905,1433700
2018-07-30,17.0267,17.08,17.0133,17.0233,12.8975,1330500
2018-07-31,17.0933,17.1967,17.0767,17.1767,13.0136,1514100
2018-08-01,17.1267,17.1267,17.01,17.0333,12.905,1446600
2018-08-02,16.9667,17.1233,16.9433,17.1133,12.9656,1506300
2018-08-03,17.1267,17.2567,17.1267,17.24,13.0616,2048700
2018-08-06,17.2367,17.29,17.2033,17.2667,13.0818,1469700
2018-08-07,17.3067,17.34,17.2633,17.3233,13.1248,3850500
2018-08-08,17.3367,17.34,17.2833,17.31,13.1146,1289100
2018-08-09,17.33,17.3367,17.2667,17.2667,13.0818,1289700
2018-08-10,17.1833,17.2033,17.11,17.1567,12.9985,1660200
2018-08-13,17.1767,17.2,17.0567,17.0833,12.9429,1561200
2018-08-14,17.1233,17.21,17.1233,17.1833,13.0187,1086000
2018-08-15,17.0933,17.17,17.0133,17.16,13.001,1664700
2018-08-16,17.2933,17.4033,17.2933,17.36,13.1525,1468200
2018-08-17,17.3433,17.4933,17.34,17.4533,13.2232,1786800
2018-08-20,17.4933,17.5267,17.4767,17.4967,13.2561,1722300
2018-08-21,17.51,17.5667,17.4933,17.5333,13.2839,1325700
2018-08-22,17.52,17.5333,17.4633,17.4733,13.2384,1435800
2018-08-23,17.4533,17.5067,17.4333,17.46,13.2283,1373400
2018-08-24,17.46,17.5467,17.4533,17.52,13.2738,1130400
2018-08-27,17.5767,17.6267,17.57,17.61,13.3419,2006700
2018-08-28,17.6433,17.6567,17.59,17.6133,13.3445,1359300
2018-08-29,17.6167,17.6667,17.5767,17.6433,13.3672,1194000
2018-08-30,17.5967,17.64,17.5133,17.55,13.2965,1452000
2018-08-31,17.52,17.5833,17.4867,17.57,13.3116,1284300
2018-09-04,17.5433,17.58,17.5033,17.5633,13.3066,1451700
2018-09-05,17.5233,17.7067,17.5233,17.6967,13.4076,1701000
2018-09-06,17.7067,17.7467,17.6533,17.7,13.4101,1487700
2018-09-07,17.6533,17.71,17.6067,17.6533,13.3748,1370100
2018-09-10,17.7167,17.81,17.7167,17.72,13.4253,1618500
2018-09-11,17.7033,17.7433,17.6467,17.6933,13.4051,1650000
2018-09-12,17.6733,17.7767,17.66,17.7333,13.4354,1526100
2018-09-13,17.8033,17.8133,17.75,17.8,13.4859,1369800
2018-09-14,17.81,17.83,17.76,17.82,13.501,1356600
2018-09-17,17.8267,17.8767,17.7867,17.8067,13.4909,1650900
2018-09-18,17.8467,17.9433,17.7967,17.8967,13.5591,1356600
2018-09-19,17.8967,17.95,17.8633,17.88,13.5465,2233800
2018-09-20,17.94,18.03,17.9333,18.0133,13.6475,1920000
2018-09-21,18.0767,18.0967,18.04,18.05,13.6753,1694700
2018-09-24,18.0233,18.0233,17.8867,17.9033,13.5642,1830600
2018-09-25,17.7967,17.8133,17.6533,17.6667,13.477,2071200
2018-09-26,17.71,17.7833,17.6333,17.6433,13.4592,1670100
2018-09-27,17.66,17.74,17.63,17.6367,13.4541,1407000
2018-09-28,17.6133,17.6833,17.59,17.6667,13.477,1605300
2018-10-01,17.72,17.7733,17.6767,17.7167,13.5151,2867100
2018-10-02,17.7133,17.82,17.71,17.77,13.5558,1845600
2018-10-03,17.8433,17.8767,17.7367,17.76,13.5482,1604700
2018-10-04,17.72,17.72,17.5667,17.6733,13.482,2360400
2018-10-05,17.6667,17.6867,17.5033,17.5633,13.3981,1710300
2018-10-08,17.5333,17.6733,17.52,17.65,13.4642,1622100
2018-10-09,17.65,17.6733,17.5767,17.5867,13.4159,2018100
2018-10-10,17.5367,17.5367,17.1367,17.1467,13.0803,5194200
2018-10-11,17.1167,17.1667,16.6267,16.71,12.7472,7683300
2018-10-12,16.9233,16.9267,16.65,16.8333,12.8413,4164900
2018-10-15,16.8067,16.95,16.7867,16.8133,12.826,2038800
2018-10-16,16.8967,17.1033,16.86,17.08,13.0294,2284800
2018-10-17,17.0233,17.0533,16.87,16.9967,12.9659,2091900
2018-10-18,16.9367,17.03,16.7367,16.8133,12.826,3569400
2018-10-19,16.8567,16.98,16.81,16.8533,12.8565,1944600
2018-10-22,16.88,16.9033,16.74,16.8033,12.8184,2018100
2018-10-23,16.5767,16.8167,16.48,16.7333,12.765,4458900
2018-10-24,16.6867,16.7267,16.3233,16.35,12.4725,3477900
2018-10-25,16.4233,16.6067,16.3267,16.52,12.6022,3434100
2018-10-26,16.4033,16.4833,16.1933,16.3233,12.4522,7546200
2018-10-29,16.4767,16.6133,16.17,16.3667,12.4853,5576400
2018-10-30,16.3933,16.7133,16.3933,16.69,12.7319,4408500
2018-10-31,16.7733,16.78,16.62,16.6233,12.6811,2227500
2018-11-01,16.6633,16.83,16.6367,16.8167,12.8285,2284500
2018-11-02,16.92,16.9267,16.62,16.7633,12.7879,3610200
2018-11-05,16.7967,16.98,16.7767,16.9533,12.9328,2458800
2018-11-06,16.9433,17.0767,16.9233,17.0667,13.0193,2980200
2018-11-07,17.2,17.3,17.08,17.28,13.182,3352500
2018-11-08,17.2033,17.3167,17.1767,17.2733,13.1769,2244600
2018-11-09,17.23,17.2667,17.11,17.1733,13.1006,1898400
2018-11-12,17.1467,17.16,16.9067,16.9367,12.9201,2576400
2018-11-13,16.97,17.0633,16.8733,16.9233,12.9099,2865900
2018-11-14,17.0333,17.0633,16.75,16.8433,12.8489,4440000
2018-11-15,16.7667,16.9867,16.6567,16.9633,12.9404,4443300
2018-11-16,16.8833,17.0667,16.8833,17.01,12.976,2480700
2018-11-19,16.9933,17.0367,16.7933,16.8667,12.8667,2636700
2018-11-20,16.6767,16.73,16.4767,16.5267,12.6073,4482900
2018-11-21,16.58,16.6467,16.54,16.5467,12.6226,3224100
2018-11-23,16.4567,16.5467,16.4333,16.47,12.5641,1484700
2018-11-26,16.5833,16.6833,16.54,16.6467,12.6989,3627900
2018-11-27,16.6033,16.7733,16.5733,16.77,12.7929,2367300
2018-11-28,16.8167,17.0367,16.72,17.0333,12.9938,2712900
2018-11-29,17.0067,17.0967,16.96,17.0,12.9684,1858200
2018-11-30,16.9967,17.2,16.9833,17.1833,13.1082,2544900
2018-12-03,17.3567,17.37,17.14,17.2667,13.1718,3901200
2018-12-04,17.2333,17.2533,16.7733,16.8067,12.8209,4129500
2018-12-06,16.5867,16.7467,16.34,16.7433,12.7726,6839700
2018-12-07,16.7333,16.8067,16.3533,16.4133,12.5209,4391100
2018-12-10,16.4333,16.5,16.1267,16.44,12.5412,6895200
2018-12-11,16.62,16.69,16.3733,16.4667,12.5615,5126700
2018-12-12,16.52,16.52,16.3367,16.3467,12.5731,4592100
2018-12-13,16.3933,16.45,16.2833,16.37,12.591,3341100
2018-12-14,16.2567,16.3467,16.1133,16.1567,12.4269,4311300
2018-12-17,16.11,16.1367,15.7267,15.8167,12.1654,8396100
2018-12-18,15.91,15.9767,15.7,15.7933,12.1475,8332800
2018-12-19,15.81,16.0433,15.4767,15.5533,11.9629,8329200
2018-12-20,15.4867,15.56,15.1867,15.3467,11.8039,14826900
2018-12-21,15.3433,15.65,15.13,15.17,11.668,11748300
2018-12-24,15.07,15.12,14.7367,14.7433,11.3399,9286500
2018-12-26,14.8067,15.3767,14.6767,15.3767,11.827,13596300
2018-12-27,15.2033,15.5633,15.0133,15.5633,11.9706,11298600
2018-12-28,15.6267,15.7333,15.4767,15.5267,11.9424,7551000
2018-12-31,15.6067,15.66,15.51,15.6567,12.0424,7402800
2019-01-02,15.4467,15.7167,15.4167,15.6567,12.0424,6042000
2019-01-03,15.5667,15.58,15.3167,15.35,11.8065,5907900
2019-01-04,15.5367,15.8033,15.5133,15.7733,12.1321,5090100
2019-01-07,15.7933,15.99,15.6833,15.88,12.2141,4483200
2019-01-08,16.0533,16.09,15.92,16.03,12.3295,4616400
2019-01-09,16.0833,16.1067,15.9667,16.0433,12.3398,3149100
2019-01-10,15.9767,16.1233,15.93,16.1133,12.3936,3105900
2019-01-11,16.05,16.1567,16.03,16.1333,12.409,3621900
2019-01-14,16.05,16.1,16.0133,16.06,12.3526,2893500
2019-01-15,16.0667,16.1333,16.0167,16.09,12.3757,4116300
2019-01-16,16.0933,16.1033,16.02,16.0333,12.3321,4683300
2019-01-17,15.9833,16.19,15.9533,16.1467,12.4192,3051600
2019-01-18,16.2933,16.4433,16.2767,16.4133,12.6244,4643400
2019-01-22,16.3367,16.3433,16.09,16.1933,12.4551,5065500
2019-01-23,16.2833,16.36,16.1067,16.2567,12.5039,3235800
2019-01-24,16.28,16.3233,16.1867,16.3067,12.5423,3151800
2019-01-25,16.3767,16.4333,16.33,16.3667,12.5885,2803800
2019-01-28,16.2467,16.28,16.16,16.2733,12.5167,3855900
2019-01-29,16.2767,16.3267,16.2433,16.2933,12.5321,1829100
2019-01-30,16.3567,16.5,16.26,16.4467,12.65,3677400
2019-01-31,16.46,16.6233,16.4233,16.6033,12.7705,3249900
2019-02-01,16.64,16.6867,16.5767,16.6433,12.8013,3225300
2019-02-04,16.6433,16.74,16.58,16.74,12.8756,2889600
2019-02-05,16.7567,16.8,16.71,16.7833,12.9089,2126100
2019-02-06,16.7767,16.8633,16.7767,16.8433,12.9551,2004900
2019-02-07,16.75,16.7967,16.5967,16.7267,12.8654,2463600
2019-02-08,16.6533,16.7333,16.5733,16.7267,12.8654,2227500
2019-02-11,16.7767,16.8,16.7167,16.76,12.891,1697100
2019-02-12,16.8767,17.0333,16.8667,17.0,13.0756,2439300
2019-02-13,17.0533,17.1267,17.0333,17.0967,13.1499,2220000
2019-02-14,17.0433,17.11,16.9767,17.0433,13.1089,2448000
2019-02-15,17.1567,17.2433,17.15,17.24,13.2602,2031900
2019-02-19,17.22,17.3633,17.22,17.3067,13.3115,2335200
2019-02-20,17.2767,17.3233,17.24,17.3033,13.3089,2513700
2019-02-21,17.2733,17.3,17.1833,17.24,13.2602,1879800
2019-02-22,17.3,17.3667,17.26,17.3633,13.3551,1985700
2019-02-25,17.45,17.46,17.35,17.3633,13.3551,3309600
2019-02-26,17.3367,17.3833,17.2967,17.3233,13.3243,1822500
2019-02-27,17.2933,17.3067,17.2,17.28,13.291,2301000
2019-02-28,17.28,17.31,17.24,17.2767,13.2884,1896000
2019-03-01,17.39,17.41,17.2567,17.3467,13.3422,2235000
2019-03-04,17.4067,17.4333,17.14,17.28,13.291,3008700
2019-03-05,17.2867,17.3,17.24,17.24,13.2602,2205000
2019-03-06,17.25,17.25,17.15,17.1733,13.2089,1980000
2019-03-07,17.1433,17.16,17.0033,17.0567,13.1192,3777300
2019-03-08,16.9533,17.0133,16.8867,17.0067,13.0807,2638200
2019-03-11,17.07,17.2467,17.07,17.2467,13.2653,2138100
2019-03-12,17.28,17.3333,17.2467,17.27,13.2833,2262300
2019-03-13,17.3233,17.4533,17.31,17.38,13.3679,2444400
2019-03-14,17.3933,17.3933,17.3033,17.33,13.3294,2559900
2019-03-15,17.3667,17.4367,17.35,17.4233,13.4012,11528100
2019-03-18,17.4433,17.52,17.4233,17.51,13.4679,10807500
2019-03-19,17.5667,17.6167,17.4233,17.49,13.4525,8694000
2019-03-20,17.36,17.39,17.21,17.2633,13.3678,8808300
2019-03-21,17.2133,17.4933,17.2133,17.4533,13.5149,2232900
2019-03-22,17.3967,17.4233,17.1833,17.2033,13.3214,3875400
2019-03-25,17.1633,17.2567,17.1067,17.1667,13.293,3029100
2019-03-26,17.28,17.4067,17.28,17.3633,13.4452,3347100
2019-03-27,17.3633,17.4033,17.2033,17.2967,13.3936,2581500
2019-03-28,17.3267,17.4,17.2367,17.3333,13.422,3125400
2019-03-29,17.4,17.44,17.3367,17.4267,13.4943,2133900
2019-04-01,17.53,17.6467,17.5,17.6267,13.6492,3236400
2019-04-02,17.62,17.6367,17.54,17.5733,13.6079,2519700
2019-04-03,17.6333,17.68,17.5467,17.6033,13.6311,2641800
2019-04-04,17.6167,17.7033,17.6133,17.7,13.7059,2114400
2019-04-05,17.7267,17.77,17.6867,17.7667,13.7576,2315400
2019-04-08,17.7433,17.83,17.7367,17.83,13.8066,2076600
2019-04-09,17.76,17.76,17.64,17.6767,13.6879,1975800
2019-04-10,17.69,17.7133,17.6333,17.7,13.7059,1628700
2019-04-11,17.74,17.7767,17.6967,17.7533,13.7472,2165700
2019-04-12,17.8333,17.88,17.8067,17.8667,13.835,2191500
2019-04-15,17.8867,17.9033,17.8367,17.8833,13.8479,1769700
2019-04-16,17.9333,18.0233,17.88,18.0233,13.9563,2123700
2019-04-17,18.11,18.1467,18.0433,18.0733,13.995,2390100
2019-04-18,18.1167,18.1167,18.0067,18.07,13.9925,1974000
2019-04-22,18.0367,18.1033,18.0067,18.0767,13.9976,2216400
2019-04-23,18.12,18.2167,18.0633,18.2,14.0931,1812000
2019-04-24,18.1967,18.25,18.15,18.1833,14.0802,1642500
2019-04-25,18.02,18.02,17.8533,17.9067,13.866,2185800
2019-04-26,17.83,17.9133,17.7833,17.9133,13.8711,2149500
2019-04-29,17.91,17.93,17.8767,17.8833,13.8479,1898100
2019-04-30,17.9233,18.01,17.86,17.9867,13.9279,1900200
2019-05-01,18.0233,18.0233,17.8233,17.83,13.8066,2210700
2019-05-02,17.82,17.9233,17.7467,17.85,13.8221,2067300
2019-05-03,17.9333,18.0133,17.8933,17.9967,13.9357,1863300
2019-05-06,17.72,17.9167,17.7133,17.8867,13.8505,2532300
2019-05-07,17.7333,17.7433,17.4733,17.59,13.6208,4291800
2019-05-08,17.58,17.6567,17.52,17.5533,13.5924,1890900
2019-05-09,17.4,17.5,17.2733,17.4633,13.5227,3410700
2019-05-10,17.4033,17.6067,17.2233,17.5567,13.595,2913300
2019-05-13,17.29,17.3167,17.12,17.1833,13.3059,2769000
2019-05-14,17.25,17.4133,17.2333,17.3033,13.3988,2289600
2019-05-15,17.24,17.43,17.2,17.3933,13.4685,2373300
2019-05-16,17.4067,17.5433,17.3967,17.4433,13.5072,1848000
2019-05-17,17.3033,17.4867,17.2867,17.3467,13.4323,1767000
2019-05-20,17.2433,17.3367,17.19,17.25,13.3575,1775100
2019-05-21,17.34,17.41,17.3167,17.3767,13.4556,2012700
2019-05-22,17.3033,17.35,17.26,17.31,13.404,1505700
2019-05-23,17.19,17.2,17.0267,17.1433,13.2749,2633700
2019-05-24,17.21,17.23,17.07,17.1333,13.2671,1414200
2019-05-28,17.16,17.17,16.8667,16.8667,13.0607,2008500
2019-05-29,16.7867,16.8533,16.69,16.8267,13.0297,3034500
2019-05-30,16.8533,16.9133,16.7933,16.8633,13.0581,1612200
2019-05-31,16.7067,16.7567,16.6067,16.62,12.8697,2714100
2019-06-03,16.6533,16.8533,16.6533,16.8133,13.0194,2206200
2019-06-04,16.98,17.1633,16.9767,17.1567,13.2852,3249000
2019-06-05,17.2433,17.2433,17.1133,17.2233,13.3368,1649400
2019-06-06,17.2667,17.4,17.2133,17.35,13.4349,1512900
2019-06-07,17.4133,17.5467,17.4067,17.4633,13.5227,1768500
2019-06-10,17.55,17.6167,17.5067,17.53,13.5743,1856100
2019-06-11,17.63,17.6667,17.5333,17.5667,13.6027,1894500
2019-06-12,17.5433,17.57,17.5,17.5167,13.564,1446300
2019-06-13,17.5833,17.6367,17.54,17.6333,13.6543,1689600
2019-06-14,17.5767,17.62,17.52,17.5733,13.6079,1150500
2019-06-17,17.5867,17.59,17.5133,17.5267,13.5717,1254000
2019-06-18,17.61,17.7633,17.6033,17.6867,13.6956,1765800
2019-06-19,17.7,17.7567,17.64,17.7233,13.724,1380300
2019-06-20,17.8733,17.9267,17.7633,17.9,13.8608,1601400
2019-06-21,17.88,17.95,17.8533,17.88,13.8453,1475100
2019-06-24,17.87,17.8867,17.8033,17.8167,13.7963,1689300
2019-06-25,17.8267,17.8267,17.71,17.7167,13.7189,1462500
2019-06-26,17.6133,17.6367,17.5733,17.5767,13.7191,1546500
2019-06-27,17.61,17.6633,17.5833,17.6233,13.7555,1276200
2019-06-28,17.6833,17.7367,17.67,17.69,13.8076,1550400
2019-07-01,17.91,17.9467,17.75,17.8367,13.922,2428200
2019-07-02,17.8367,17.8467,17.72,17.83,13.9168,2612700
2019-07-03,17.8667,17.9767,17.8667,17.97,14.0261,1428000
2019-07-05,17.8867,17.9267,17.77,17.9167,13.9845,1428000
2019-07-08,17.8533,17.9,17.8033,17.8467,13.9299,1599600
2019-07-09,17.7733,17.7833,17.7167,17.77,13.87,1552200
2019-07-10,17.8267,17.8733,17.7867,17.82,13.909,2059500
2019-07-11,17.8633,17.8767,17.78,17.8733,13.9507,1525500
2019-07-12,17.9167,18.0367,17.9167,18.0233,14.0677,2077500
2019-07-15,18.05,18.0633,18.0067,18.05,14.0886,1642500
2019-07-16,18.0367,18.0833,18.0167,18.04,14.0808,1687500
2019-07-17,18.0667,18.0667,17.8933,17.8967,13.9689,1511700
2019-07-18,17.86,17.99,17.84,17.9567,14.0157,1431600
2019-07-19,18.0,18.0333,17.9033,17.9167,13.9845,1587900
2019-07-22,17.93,17.95,17.8567,17.9067,13.9767,1485600
2019-07-23,18.0133,18.1033,17.96,18.1,14.1276,2555700
2019-07-24,18.13,18.3,18.1067,18.28,14.2681,2382600
2019-07-25,18.28,18.32,18.19,18.26,14.2525,1401900
2019-07-26,18.2833,18.36,18.2267,18.3467,14.3201,1375800
2019-07-29,18.32,18.3733,18.2967,18.34,14.3149,1602300
2019-07-30,18.2667,18.3,18.21,18.27,14.2603,2973000
2019-07-31,18.2467,18.2467,17.8333,17.9833,14.0365,3174900
2019-08-01,17.97,18.1433,17.7167,17.7267,13.8362,3584700
2019-08-02,17.6933,17.72,17.5667,17.6333,13.7633,2745600
2019-08-05,17.4233,17.4333,17.0233,17.1367,13.3757,5381100
2019-08-06,17.25,17.31,17.0967,17.2833,13.4902,3816900
2019-08-07,17.14,17.3833,16.98,17.3367,13.5318,3382200
2019-08-08,17.4067,17.6433,17.3867,17.6367,13.7659,3112200
2019-08-09,17.58,17.61,17.35,17.4333,13.6072,2282400
2019-08-12,17.36,17.38,17.1833,17.25,13.4641,1893900
2019-08-13,17.2233,17.6167,17.1967,17.4867,13.6489,2241600
2019-08-14,17.2467,17.2867,17.03,17.0433,13.3028,3178500
2019-08-15,17.1,17.14,16.9567,17.08,13.3314,2801700
2019-08-16,17.1933,17.4133,17.19,17.38,13.5656,1732800
2019-08-19,17.57,17.6367,17.5467,17.6067,13.7425,1934400
2019-08-20,17.5967,17.6033,17.4833,17.5,13.6593,1683900
2019-08-21,17.6667,17.69,17.62,17.6567,13.7816,2124600
2019-08-22,17.71,17.77,17.59,17.71,13.8232,1736100
2019-08-23,17.6333,17.6867,17.1467,17.2367,13.4537,3598200
2019-08-26,17.3933,17.42,17.2767,17.4033,13.5838,2986200
2019-08-27,17.5333,17.5767,17.3133,17.35,13.5422,1975500
2019-08-28,17.3133,17.54,17.28,17.5333,13.6853,2066700
2019-08-29,17.6833,17.7367,17.5967,17.71,13.8232,1998900
2019-08-30,17.8,17.85,17.7133,17.75,13.8544,2487600
2019-09-03,17.6633,17.6867,17.5333,17.6533,13.7789,2532600
2019-09-04,17.7833,17.8667,17.7467,17.8667,13.9455,1863000
2019-09-05,18.0233,18.1967,18.0233,18.0933,14.1224,2808600
2019-09-06,18.1433,18.1867,18.0833,18.1567,14.1718,1980600
2019-09-09,18.2267,18.2767,18.1767,18.2767,14.2655,2148300
2019-09-10,18.23,18.3967,18.2167,18.3867,14.3513,2030400
2019-09-11,18.4167,18.5267,18.3167,18.5133,14.4502,1990200
2019-09-12,18.58,18.6433,18.4733,18.5867,14.5074,2287800
2019-09-13,18.61,18.6433,18.5333,18.55,14.4788,4241100
2019-09-16,18.4733,18.4867,18.3867,18.4367,14.3904,1704000
2019-09-17,18.41,18.4567,18.3633,18.4433,14.3956,1444200
2019-09-18,18.4267,18.4367,18.2767,18.4333,14.3878,2230200
2019-09-19,18.4533,18.4933,18.3567,18.38,14.3461,1216800
2019-09-20,18.4233,18.4533,18.2833,18.29,14.2759,2426100
2019-09-23,18.2567,18.38,18.2367,18.3367,14.3123,2163000
2019-09-24,18.4033,18.4033,18.1533,18.2067,14.2108,5267400
2019-09-25,18.05,18.16,17.98,18.13,14.278,2445300
2019-09-26,18.15,18.19,18.0433,18.1433,14.2886,1442100
2019-09-27,18.1933,18.2433,18.0667,18.17,14.3096,2373600
2019-09-30,18.2033,18.32,18.2033,18.26,14.3804,2261400
2019-10-01,18.32,18.3733,17.9867,18.0233,14.194,4204200
2019-10-02,17.9,17.9,17.5733,17.6567,13.9053,4290000
2019-10-03,17.68,17.8033,17.4767,17.7967,14.0155,3231600
2019-10-04,17.8433,18.0567,17.82,18.0433,14.2098,2205600
2019-10-07,18.0033,18.0633,17.91,17.91,14.1048,1797000
2019-10-08,17.8067,17.8067,17.6167,17.6233,13.879,3188700
2019-10-09,17.7467,17.8467,17.7,17.7767,13.9998,1845900
2019-10-10,17.7767,17.9967,17.7767,17.92,14.1127,1992300
2019-10-11,18.1167,18.3033,18.1167,18.1567,14.2991,3190200
2019-10-14,18.1333,18.1467,18.09,18.1167,14.2675,1388400
2019-10-15,18.1733,18.3133,18.1567,18.25,14.3726,1823400
2019-10-16,18.2367,18.2633,18.1733,18.2067,14.3384,1626900
2019-10-17,18.2433,18.3067,18.1933,18.2533,14.3752,1824300
2019-10-18,18.2267,18.3,18.2033,18.2467,14.3699,1517400
2019-10-21,18.3333,18.3833,18.32,18.3733,14.4697,1764000
2019-10-22,18.42,18.47,18.37,18.4033,14.4933,2078700
2019-10-23,18.3033,18.39,18.2333,18.3767,14.4723,2119500
2019-10-24,18.4167,18.4267,18.2933,18.36,14.4592,1863300
2019-10-25,18.3767,18.5467,18.3733,18.5,14.5694,1711800
2019-10-28,18.56,18.62,18.56,18.5933,14.6429,2518500
2019-10-29,18.5733,18.6733,18.5667,18.5967,14.6456,1792800
2019-10-30,18.62,18.64,18.5133,18.6267,14.6692,1981800
2019-10-31,18.6033,18.64,18.41,18.5067,14.5747,2177100
2019-11-01,18.61,18.7,18.6067,18.6967,14.7243,2130900
2019-11-04,18.78,18.83,18.7567,18.8,14.8057,2108400
2019-11-05,18.8067,18.83,18.77,18.7933,14.8004,2252700
2019-11-06,18.8133,18.86,18.77,18.8533,14.8477,1821300
2019-11-07,18.9867,19.03,18.9033,18.9467,14.9212,2306100
2019-11-08,18.9167,18.9833,18.8533,18.9833,14.9501,2338200
2019-11-11,18.8867,18.9067,18.85,18.8833,14.8713,2086500
2019-11-12,18.92,18.96,18.84,18.8867,14.874,1846800
2019-11-13,18.8433,18.9067,18.8,18.8633,14.8556,2171400
2019-11-14,18.8633,18.9067,18.81,18.8933,14.8792,1998600
2019-11-15,18.9933,19.01,18.9367,19.0033,14.9658,1776900
2019-11-18,18.99,19.02,18.9367,19.0033,14.9658,1878300
2019-11-19,19.0167,19.02,18.8633,18.8867,14.874,2484000
2019-11-20,18.8833,18.8933,18.75,18.8233,14.8241,2949600
2019-11-21,18.8267,18.8433,18.7667,18.8267,14.8267,2131500
2019-11-22,18.8733,18.89,18.8167,18.87,14.8608,2655300
2019-11-25,18.9333,18.99,18.92,18.9833,14.9501,2313600
2019-11-26,19.0,19.0533,18.9567,19.04,14.9947,2164200
2019-11-27,19.0867,19.1133,19.0533,19.11,15.0498,2092200
2019-11-29,19.0833,19.0967,19.0067,19.03,14.9868,827100
2019-12-02,19.07,19.07,18.93,18.9433,14.9186,3469500
2019-12-03,18.7767,18.79,18.6567,18.76,14.7742,3385800
2019-12-04,18.8433,18.9467,18.82,18.9133,14.895,2241900
2019-12-05,18.9533,18.9833,18.8567,18.9367,14.9133,2238000
2019-12-06,19.0567,19.1667,19.0233,19.1133,15.0525,2045700
2019-12-09,19.0967,19.1767,19.0967,19.14,15.0735,1824600
2019-12-10,19.14,19.1567,19.0533,19.0767,15.0236,2786400
2019-12-11,19.0867,19.1567,19.0867,19.1367,15.0708,2260500
2019-12-12,18.9867,19.22,18.9533,19.17,15.2206,3063300
2019-12-13,19.1633,19.2367,19.0533,19.1267,15.1862,2398500
2019-12-16,19.2267,19.28,19.1867,19.1933,15.2392,2371500
2019-12-17,19.2333,19.25,19.1933,19.1967,15.2418,2753400
2019-12-18,19.2333,19.2333,19.1367,19.16,15.2127,3450300
2019-12-19,19.18,19.2133,19.1567,19.19,15.2365,1936200
2019-12-20,19.2733,19.3733,19.2667,19.3533,15.3662,2006400
2019-12-23,19.3867,19.39,19.33,19.3367,15.353,2325300
2019-12-24,19.3567,19.3567,19.3,19.3233,15.3424,861900
2019-12-26,19.35,19.3633,19.3167,19.36,15.3715,1373400
2019-12-27,19.4067,19.4067,19.35,19.3833,15.39,1508700
2019-12-30,19.3833,19.3867,19.2367,19.2633,15.2947,2524500
2019-12-31,19.2267,19.3133,19.21,19.3067,15.3291,2711700
2020-01-02,19.3967,19.4,19.26,19.3567,15.3688,4103100
2020-01-03,19.1867,19.2767,19.1667,19.2167,15.2577,3058200
2020-01-06,19.1233,19.22,19.1233,19.2133,15.255,2436300
2020-01-07,19.1933,19.23,19.15,19.1867,15.2339,2312700
2020-01-08,19.1833,19.3233,19.1833,19.26,15.2921,3318600
2020-01-09,19.3267,19.3833,19.2933,19.3833,15.39,3364200
2020-01-10,19.42,19.4567,19.3067,19.33,15.3477,2443500
2020-01-13,19.3767,19.4733,19.3433,19.4733,15.4615,3690300
2020-01-14,19.4567,19.53,19.4233,19.4667,15.4562,2752500
2020-01-15,19.4567,19.5567,19.4433,19.5,15.4826,2850600
2020-01-16,19.5833,19.65,19.56,19.6433,15.5965,3351600
2020-01-17,19.6833,19.74,19.6667,19.7167,15.6547,2976300
2020-01-21,19.68,19.71,19.5933,19.6633,15.6123,3488400
2020-01-22,19.7333,19.8133,19.71,19.7367,15.6706,2585700
2020-01-23,19.68,19.7667,19.5867,19.76,15.6891,3445200
2020-01-24,19.84,19.8533,19.5167,19.6133,15.5726,4262100
2020-01-27,19.3333,19.4367,19.3067,19.3367,15.353,4224000
2020-01-28,19.4133,19.5033,19.3567,19.44,15.435,2932200
2020-01-29,19.4967,19.4967,19.3,19.3033,15.3265,3296400
2020-01-30,19.17,19.3233,19.08,19.3133,15.3344,3720300
2020-01-31,19.26,19.2767,18.9033,18.9667,15.0592,4760400
2020-02-03,19.0433,19.1867,19.0133,19.02,15.1015,3176100
2020-02-04,19.2467,19.3333,19.2267,19.25,15.2841,3518700
2020-02-05,19.44,19.6467,19.41,19.6267,15.5832,3189000
2020-02-06,19.7067,19.7067,19.62,19.66,15.6097,2944500
2020-02-07,19.6033,19.6067,19.4667,19.4933,15.4774,2504100
2020-02-10,19.4467,19.5833,19.4467,19.5833,15.5488,2691300
2020-02-11,19.6667,19.6967,19.62,19.6533,15.6044,2283000
2020-02-12,19.7333,19.7633,19.6667,19.7067,15.6467,2618400
2020-02-13,19.6467,19.69,19.5633,19.6433,15.5965,3069600
2020-02-14,19.6633,19.6633,19.54,19.6167,15.5753,2465400
2020-02-18,19.5533,19.5867,19.43,19.5,15.4826,3114600
2020-02-19,19.5567,19.6033,19.54,19.5833,15.5488,3045600
2020-02-20,19.5433,19.61,19.3933,19.54,15.5144,2992500
2020-02-21,19.4633,19.48,19.3633,19.4,15.4033,3320700
2020-02-24,18.9533,19.0333,18.7833,18.8,14.9269,7879800
2020-02-25,18.9,18.9,18.2033,18.27,14.506,9729900
2020-02-26,18.36,18.54,18.1433,18.1767,14.4319,8925300
2020-02-27,17.8967,18.06,17.39,17.3967,13.8126,15975300
2020-02-28,16.91,17.2233,16.66,17.1933,13.6512,25358700
2020-03-02,17.3,17.9367,17.16,17.9367,14.2414,12913800
2020-03-03,17.9967,18.26,17.3367,17.4867,13.8841,18236400
2020-03-04,17.8333,18.2767,17.6867,18.2767,14.5113,7025700
2020-03-05,17.8033,18.01,17.55,17.7033,14.0561,8220600
2020-03-06,17.1567,17.49,17.0433,17.4067,13.8206,14056200
2020-03-09,16.24,16.7267,16.0567,16.1533,12.8255,18369300
2020-03-10,16.71,16.9067,16.01,16.8967,13.4156,15008100
2020-03-11,16.44,16.5233,15.92,16.12,12.799,13600200
2020-03-12,15.02,15.5467,14.4867,14.5167,11.526,22436100
2020-03-13,15.3,15.8,14.5833,15.7933,12.5396,12396600
2020-03-16,14.11,15.2133,13.9167,14.2233,11.2931,13232700
2020-03-17,14.5067,15.3533,14.2167,15.3533,12.1903,11782800
2020-03-18,14.3667,14.8767,13.8233,14.6167,11.6054,11117400
2020-03-19,14.3967,14.6967,13.9533,14.3133,11.3645,13005000
2020-03-20,14.3967,14.43,13.4933,13.5133,10.7293,10349400
2020-03-23,13.4333,13.6167,12.9433,13.1667,10.4541,16892100
2020-03-24,13.9067,14.2633,13.7667,14.2233,11.2931,11651400
2020-03-25,14.2267,14.77,13.8233,14.2067,11.3979,17705400
2020-03-26,14.37,15.2233,14.37,15.1567,12.1601,16427100
2020-03-27,14.6667,15.2367,14.62,14.8033,11.8766,11930700
2020-03-30,14.8767,15.3067,14.8233,15.2467,12.2323,12971700
2020-03-31,15.18,15.2933,14.9267,14.9933,12.029,11226600
2020-04-01,14.47,14.81,14.3933,14.52,11.6493,11064300
2020-04-02,14.4633,14.96,14.4433,14.9267,11.9756,8040600
2020-04-03,14.8633,15.0733,14.6067,14.7667,11.8472,6090300
2020-04-06,15.2833,15.7033,15.2133,15.59,12.5077,8517900
2020-04-07,16.12,16.1667,15.6,15.6,12.5158,9847200
2020-04-08,15.8,16.1567,15.6233,16.0833,12.9035,6715800
2020-04-09,16.3133,16.54,16.1467,16.24,13.0292,9144000
2020-04-13,16.2333,16.2333,15.91,16.0767,12.8982,9449400
2020-04-14,16.3633,16.58,16.3333,16.53,13.2619,5910000
2020-04-15,16.1967,16.2,15.9267,16.0667,12.8902,6276000
2020-04-16,16.1333,16.1767,15.9233,16.13,12.941,5615100
2020-04-17,16.5,16.6767,16.3533,16.6333,13.3448,5759400
2020-04-20,16.3667,16.61,16.3067,16.31,13.0854,6247500
2020-04-21,16.0067,16.1267,15.88,15.9167,12.7698,6806100
2020-04-22,16.26,16.3067,16.11,16.2067,13.0025,5196600
2020-04-23,16.2467,16.4733,16.2067,16.2167,13.0105,5589000
2020-04-24,16.3067,16.55,16.24,16.5033,13.2405,4469400
2020-04-27,16.6167,16.8767,16.59,16.8067,13.4839,6486900
2020-04-28,17.07,17.1333,16.86,16.9333,13.5855,5594700
2020-04-29,17.16,17.3167,17.0533,17.21,13.8075,4753800
2020-04-30,17.1,17.1033,16.85,16.8833,13.5454,7862700
2020-05-01,16.6367,16.6933,16.38,16.44,13.1897,5651700
2020-05-04,16.3367,16.4867,16.23,16.47,13.2138,5957100
2020-05-05,16.6567,16.7967,16.5867,16.6067,13.3234,3438300
2020-05-06,16.7133,16.75,16.4667,16.48,13.2218,3092100
2020-05-07,16.6833,16.7433,16.5233,16.5467,13.2753,4295700
2020-05-08,16.7567,16.96,16.72,16.9367,13.5882,4145700
2020-05-11,16.83,17.03,16.8067,16.9267,13.5801,3558600
2020-05-12,16.9833,17.0267,16.5867,16.5867,13.3074,4094100
2020-05-13,16.5467,16.5933,16.1667,16.29,13.0693,6630000
2020-05-14,16.1567,16.4867,15.9633,16.4867,13.2271,6903900
2020-05-15,16.3567,16.6,16.3,16.52,13.2539,4344300
2020-05-18,16.95,17.1767,16.9233,17.0967,13.7165,11589600
2020-05-19,17.0633,17.0633,16.82,16.82,13.4946,6180900
2020-05-20,17.0133,17.1267,16.9633,17.0267,13.6604,7623600
2020-05-21,16.9933,17.0433,16.8267,16.8833,13.5454,4816800
2020-05-22,16.8767,16.9133,16.7733,16.9033,13.5614,3146100
2020-05-26,17.2867,17.3267,17.1733,17.2033,13.8021,4836300
2020-05-27,17.4167,17.58,17.25,17.58,14.1043,5002800
2020-05-28,17.6933,17.71,17.4433,17.4833,14.0267,4581300
2020-05-29,17.4467,17.57,17.2567,17.5067,14.0455,6552900
2020-06-01,17.44,17.5667,17.39,17.4867,14.0294,3229500
2020-06-02,17.5633,17.7467,17.5267,17.7467,14.238,15150000
2020-06-03,17.8967,18.0733,17.8967,18.0333,14.468,4263600
2020-06-04,17.9567,18.1067,17.9333,18.0867,14.5108,3231000
2020-06-05,18.4667,18.7167,18.4567,18.5667,14.8959,6157200
2020-06-08,18.6467,18.8467,18.6033,18.8333,15.1098,8227200
2020-06-09,18.65,18.6833,18.52,18.59,14.9146,7328100
2020-06-10,18.6033,18.62,18.3533,18.3533,14.7247,6397500
2020-06-11,17.9167,17.93,17.2,17.2267,13.8208,9177600
2020-06-12,17.6567,17.6567,17.0667,17.3867,13.9492,8612700
2020-06-15,17.0133,17.5967,16.9367,17.5133,14.0508,7377000
2020-06-16,18.0233,18.0433,17.55,17.8667,14.3343,7843500
2020-06-17,17.9233,17.96,17.7433,17.7733,14.2594,3997500
2020-06-18,17.68,17.81,17.6233,17.7567,14.246,10122300
2020-06-19,17.9867,18.0,17.5733,17.6467,14.1578,5762100
2020-06-22,17.58,17.6133,17.3833,17.5433,14.0749,18654000
2020-06-23,17.7267,17.79,17.59,17.5967,14.1177,5816400
2020-06-24,17.29,17.29,16.7967,16.89,13.6651,8261100
2020-06-25,16.8333,17.1267,16.72,17.1133,13.8458,5684400
2020-06-26,17.0333,17.0333,16.62,16.6767,13.4925,6679800
2020-06-29,16.8233,17.05,16.7567,17.03,13.7784,4705500
2020-06-30,16.9833,17.33,16.9533,17.25,13.9564,6525600
2020-07-01,17.3433,17.4167,17.0833,17.0867,13.8243,3527400
2020-07-02,17.37,17.5167,17.19,17.23,13.9402,4249500
2020-07-06,17.47,17.5667,17.33,17.4033,14.0805,5079900
2020-07-07,17.2633,17.2933,17.0933,17.1267,13.8566,3806100
2020-07-08,17.1533,17.24,17.0167,17.1567,13.8809,2977500
2020-07-09,17.1267,17.13,16.6867,16.79,13.5842,4715100
2020-07-10,16.79,17.1767,16.79,17.1633,13.8863,3852900
2020-07-13,17.32,17.4767,17.1967,17.2333,13.9429,5597100
2020-07-14,17.1833,17.48,17.0767,17.4433,14.1128,4419900
2020-07-15,17.7067,17.8433,17.6233,17.7767,14.3825,4310700
2020-07-16,17.71,17.9033,17.6333,17.81,14.4095,3242100
2020-07-17,17.8733,17.93,17.7533,17.7833,14.3879,2973300
2020-07-20,17.7667,17.7667,17.59,17.6267,14.2612,3393600
2020-07-21,17.7867,17.99,17.78,17.8933,14.4769,4019100
2020-07-22,17.9,18.0133,17.8267,18.0067,14.5686,2968500
2020-07-23,18.0233,18.13,17.9433,18.0267,14.5848,5166300
2020-07-24,18.0233,18.1067,17.8867,17.9467,14.52,3676500
2020-07-27,17.94,18.0733,17.81,18.0733,14.6225,6987000
2020-07-28,18.0267,18.0933,17.95,17.9667,14.5362,2942700
2020-07-29,18.04,18.2833,17.9633,18.23,14.7493,2665800
2020-07-30,18.17,18.2367,17.9733,18.22,14.7412,3177300
2020-07-31,18.1367,18.17,17.9033,18.1633,14.6953,3535500
2020-08-03,18.2367,18.3133,18.1133,18.24,14.7574,3086400
2020-08-04,18.1967,18.32,18.1833,18.3067,14.8113,2759100
2020-08-05,18.3933,18.5267,18.3867,18.5067,14.9731,6674700
2020-08-06,18.4833,18.5433,18.4067,18.48,14.9516,3921900
2020-08-07,18.43,18.7467,18.41,18.7467,15.1673,3108900
2020-08-10,18.77,19.0033,18.77,18.9867,15.3615,3801900
2020-08-11,19.19,19.3433,19.0267,19.0867,15.4424,5674500
2020-08-12,19.2633,19.2933,19.1033,19.1967,15.5314,5242500
2020-08-13,19.11,19.1667,19.01,19.07,15.4289,3198600
2020-08-14,19.0133,19.2033,18.9633,19.1433,15.4882,3313200
2020-08-17,19.1533,19.1633,19.0333,19.0567,15.4181,3123600
2020-08-18,19.0933,19.0933,18.95,18.9733,15.3507,2900100
2020-08-19,19.01,19.09,18.88,18.9167,15.3048,3078600
2020-08-20,18.8,18.8467,18.7333,18.8,15.2105,4014300
2020-08-21,18.7767,18.82,18.71,18.7833,15.197,3013800
2020-08-24,18.8933,19.1733,18.8467,19.1733,15.5125,6674100
2020-08-25,19.2167,19.2533,19.0,19.0733,15.4316,3912600
2020-08-26,19.0567,19.0633,18.94,19.0067,15.3777,4856400
2020-08-27,19.0633,19.2133,19.03,19.1233,15.4721,4668300
2020-08-28,19.1733,19.2933,19.0667,19.29,15.6069,3647400
2020-08-31,19.2733,19.2733,19.0867,19.0933,15.4478,4493400
2020-09-01,19.0933,19.1633,18.9733,19.1533,15.4963,3708600
2020-09-02,19.2267,19.56,19.1833,19.5133,15.7876,4943400
2020-09-03,19.4933,19.6633,18.9433,19.0767,15.4343,7558500
2020-09-04,19.2233,19.3367,18.8567,19.11,15.4613,7248300
2020-09-08,18.9833,18.9833,18.61,18.6467,15.0864,7311000
2020-09-09,18.8167,19.01,18.7767,18.8667,15.2644,4958400
2020-09-10,18.9233,18.98,18.53,18.5867,15.0379,5314200
2020-09-11,18.6633,18.7933,18.58,18.7167,15.143,4778100
2020-09-14,18.89,19.0867,18.8567,18.9967,15.3696,3376200
2020-09-15,19.0833,19.1333,18.94,18.9667,15.3453,3994800
2020-09-16,19.09,19.3067,19.0033,19.0867,15.4424,3739200
2020-09-17,18.87,19.1,18.77,19.04,15.4046,4752300
2020-09-18,19.07,19.0967,18.79,18.8667,15.2644,4206600
2020-09-21,18.5967,18.5967,18.1633,18.38,14.8706,6561300
2020-09-22,18.4067,18.5433,18.26,18.38,14.8706,4493400
2020-09-23,18.2667,18.3633,17.84,17.8433,14.58,4332000
2020-09-24,17.8167,18.1,17.6467,17.9033,14.6291,4995600
2020-09-25,17.81,18.1533,17.7767,18.09,14.7816,4229100
2020-09-28,18.3333,18.5567,18.3333,18.4867,15.1057,5968200
2020-09-29,18.4933,18.5,18.2233,18.3067,14.9586,6111900
2020-09-30,18.3633,18.61,18.2967,18.4333,15.0621,4935600
2020-10-01,18.5267,18.5867,18.2933,18.4233,15.0539,4379700
2020-10-02,18.1467,18.61,18.1233,18.5067,15.122,6087900
2020-10-05,18.6733,18.9367,18.6733,18.91,15.4516,3478500
2020-10-06,18.9833,19.2367,18.7467,18.7867,15.3508,4992900
2020-10-07,18.96,19.21,18.96,19.17,15.6641,3791700
2020-10-08,19.3333,19.4767,19.2933,19.4567,15.8983,3668700
2020-10-09,19.59,19.6267,19.44,19.4933,15.9283,3991500
2020-10-12,19.5667,19.66,19.53,19.6167,16.029,3940500
2020-10-13,19.6067,19.61,19.3967,19.4533,15.8956,3907800
2020-10-14,19.4967,19.6167,19.4333,19.4433,15.8874,3839700
2020-10-15,19.26,19.56,19.23,19.5433,15.9691,4079100
2020-10-16,19.63,19.6733,19.5167,19.5767,15.9964,3622500
2020-10-19,19.6233,19.7167,19.2933,19.3267,15.7921,4459800
2020-10-20,19.43,19.5733,19.3267,19.38,15.8357,7688700
2020-10-21,19.3667,19.4233,19.24,19.24,15.7213,3501900
2020-10-22,19.27,19.4867,19.1933,19.46,15.901,3531000
2020-10-23,19.5633,19.6167,19.4133,19.5667,15.9882,2866500
2020-10-26,19.35,19.35,18.9267,19.12,15.6232,5844900
2020-10-27,19.1367,19.14,18.8433,18.8467,15.3999,4732800
2020-10-28,18.5,18.6067,18.2433,18.2667,14.9259,7518900
2020-10-29,18.2267,18.6367,18.0867,18.5067,15.122,5783400
2020-10-30,18.3933,18.52,18.2267,18.5033,15.1193,6378000
2020-11-02,18.75,18.9533,18.63,18.9167,15.4571,4733700
2020-11-03,19.14,19.3567,19.1133,19.2533,15.7322,4990500
2020-11-04,19.25,19.3767,18.8767,19.0233,15.5442,5957400
2020-11-05,19.3467,19.6,19.3333,19.4767,15.9146,4603200
2020-11-06,19.5233,19.5433,19.28,19.3433,15.8057,4346100
2020-11-09,20.2633,20.7267,20.2433,20.2633,16.5574,9910800
2020-11-10,20.3467,20.5233,20.2167,20.4767,16.7318,7823100
2020-11-11,20.6667,20.6667,20.3233,20.4733,16.729,3905100
2020-11-12,20.36,20.36,19.9567,20.12,16.4403,5298000
2020-11-13,20.2433,20.5467,20.2433,20.5033,16.7535,3876300
2020-11-16,20.8433,20.9667,20.6533,20.96,17.1267,6069300
2020-11-17,20.8267,20.97,20.6333,20.9167,17.0913,4402800
2020-11-18,20.9867,21.1033,20.7,20.7,16.9142,7611600
2020-11-19,20.66,20.7767,20.5033,20.7633,16.966,5473800
2020-11-20,20.7333,20.7767,20.6167,20.62,16.8489,6327000
2020-11-23,20.7567,20.9833,20.7567,20.95,17.1185,4363500
2020-11-24,21.1767,21.4733,21.15,21.47,17.5434,8588100
2020-11-25,21.3967,21.3967,21.1933,21.27,17.38,4734300
2020-11-27,21.32,21.34,21.1733,21.2267,17.3446,2100600
2020-11-30,21.18,21.18,20.9033,20.94,17.1104,5607600
2020-12-01,21.23,21.3967,21.18,21.2133,17.3337,3943200
2020-12-02,21.1767,21.3233,21.1433,21.31,17.4127,4131000
2020-12-03,21.34,21.4567,21.2667,21.3567,17.4508,12800400
2020-12-04,21.43,21.7067,21.42,21.7067,17.7368,3894900
2020-12-07,21.6667,21.6667,21.4667,21.5633,17.6197,5079900
2020-12-08,21.4767,21.7333,21.44,21.7,17.7314,3642600
2020-12-09,21.7833,21.8533,21.5867,21.72,17.7477,5821200
2020-12-10,21.44,21.4767,21.3333,21.42,17.6658,4842600
2020-12-11,21.2767,21.3367,21.1567,21.3,17.5668,5712600
2020-12-14,21.5,21.5033,21.0267,21.0267,17.3414,5212800
2020-12-15,21.2,21.3367,21.0633,21.3067,17.5723,4282200
2020-12-16,21.3367,21.3833,21.2567,21.33,17.5915,5225700
2020-12-17,21.4233,21.4233,21.2667,21.3767,17.63,4751400
2020-12-18,21.3867,21.3967,21.16,21.3133,17.5778,4372800
2020-12-21,21.08,21.2367,20.85,21.1667,17.4568,5814900
2020-12-22,21.1667,21.1667,21.0467,21.05,17.3606,3897600
2020-12-23,21.1667,21.32,21.1667,21.24,17.5173,3600900
2020-12-24,21.2767,21.2767,21.1333,21.2767,17.5476,1757100
2020-12-28,21.41,21.4867,21.2633,21.2867,17.5558,3928200
2020-12-29,21.37,21.3733,21.0833,21.1633,17.4541,4710300
2020-12-30,21.2033,21.3233,21.1967,21.2567,17.5311,3286500
2020-12-31,21.25,21.41,21.17,21.38,17.6328,3119400
2021-01-04,21.4633,21.48,20.88,21.0767,17.3826,7476900
2021-01-05,21.0633,21.3633,21.0333,21.2467,17.5228,4403100
2021-01-06,21.38,21.9967,21.38,21.8333,18.0067,6752700
2021-01-07,21.9533,22.0633,21.86,21.98,18.1276,6633300
2021-01-08,22.05,22.06,21.6833,21.9133,18.0726,5717400
2021-01-11,21.7733,22.0467,21.7167,22.0033,18.1469,4843800
2021-01-12,22.0367,22.2233,21.97,22.2,18.3091,5135100
2021-01-13,22.1767,22.2,22.0433,22.1167,18.2403,4539300
2021-01-14,22.1567,22.35,22.1,22.2233,18.3283,4691700
2021-01-15,22.0767,22.0833,21.7833,21.9567,18.1084,5418900
2021-01-19,22.0933,22.1633,22.0333,22.1,18.2266,5773200
2021-01-20,22.16,22.1633,22.0233,22.13,18.2513,4712400
2021-01-21,22.1633,22.1667,22.0267,22.07,18.2019,4641000
2021-01-22,21.8767,21.9667,21.71,21.9067,18.0672,4927800
2021-01-25,21.8567,22.03,21.7333,21.9467,18.1001,5772600
2021-01-26,22.0133,22.0467,21.8633,21.92,18.0781,4226400
2021-01-27,21.6867,21.7533,21.41,21.5,17.7318,7789200
2021-01-28,21.63,21.8133,21.5933,21.66,17.8637,7250700
2021-01-29,21.6167,21.6567,21.12,21.1867,17.4733,9219000
2021-02-01,21.3567,21.4533,21.14,21.41,17.6575,7594500
2021-02-02,21.62,21.72,21.5067,21.64,17.8472,4575300
2021-02-03,21.6467,21.7533,21.54,21.7233,17.9159,4812600
2021-02-04,21.72,21.92,21.6667,21.9067,18.0672,4664700
2021-02-05,22.04,22.0967,21.9467,22.01,18.1524,4543800
2021-02-08,22.1267,22.2833,22.1,22.2733,18.3695,4776000
2021-02-09,22.26,22.3367,22.1433,22.2967,18.3888,4044300
2021-02-10,22.4133,22.4267,22.2,22.3133,18.4025,4554300
2021-02-11,22.3833,22.3833,22.0633,22.2333,18.3366,4651200
2021-02-12,22.19,22.3667,22.1667,22.34,18.4245,3657000
2021-02-16,22.4533,22.51,22.39,22.4567,18.5208,4648500
2021-02-17,22.4033,22.5267,22.3267,22.4867,18.5455,3990600
2021-02-18,22.3967,22.45,22.2833,22.41,18.4823,4298700
2021-02-19,22.49,22.6467,22.49,22.5967,18.6362,3796200
2021-02-22,22.53,22.8767,22.53,22.7867,18.7929,5275500
2021-02-23,22.8267,22.9033,22.59,22.84,18.8369,7680000
2021-02-24,22.8633,23.26,22.8167,23.2333,19.1613,7028400
2021-02-25,23.2133,23.2633,22.68,22.7633,18.7737,14103600
2021-02-26,22.7667,22.7667,22.3167,22.47,18.5317,9713100
2021-03-01,22.76,23.1733,22.76,23.0333,18.9963,5799900
2021-03-02,23.0433,23.12,22.9267,22.95,18.9276,5798100
2021-03-03,22.9667,23.3133,22.9667,23.01,18.9771,7123200
2021-03-04,23.0267,23.1467,22.44,22.78,18.7874,10848900
2021-03-05,23.0333,23.46,22.72,23.39,19.2905,11131800
2021-03-08,23.5067,23.93,23.4467,23.7,19.5462,9854700
2021-03-09,23.8033,23.8533,23.5433,23.5667,19.4362,8601900
2021-03-10,23.6933,24.0333,23.6467,23.9567,19.7578,8439300
2021-03-11,24.0433,24.1733,23.8867,23.96,19.7606,8237400
2021-03-12,24.05,24.2,24.02,24.1833,19.9448,5784000
2021-03-15,24.2233,24.2333,23.95,24.21,19.9668,6927600
2021-03-16,24.1933,24.2,23.9333,24.01,19.8018,7235700
2021-03-17,24.0,24.1233,23.8367,24.1167,19.8898,8609700
2021-03-18,24.1167,24.4233,24.0067,24.0833,19.8623,13691700
2021-03-19,24.07,24.19,23.82,23.9933,19.7881,7164900
2021-03-22,23.98,24.1267,23.88,24.0767,19.8568,5637600
2021-03-23,24.0333,24.0867,23.75,23.81,19.6369,6622500
2021-03-24,23.7033,23.97,23.6833,23.69,19.6765,5940300
2021-03-25,23.68,24.0433,23.58,24.0,19.934,9449400
2021-03-26,24.0967,24.58,24.0733,24.5567,20.3963,7816500
2021-03-29,24.4,24.6033,24.3433,24.5133,20.3603,7088400
2021-03-30,24.48,24.5133,24.3033,24.4,20.2662,9015000
2021-03-31,24.4,24.4067,24.2767,24.3067,20.1887,5739900
2021-04-01,24.36,24.4533,24.2067,24.44,20.2994,6459900
2021-04-05,24.62,24.8067,24.5767,24.75,20.5569,7335000
2021-04-06,24.7133,24.7367,24.6167,24.66,20.4821,6890400
2021-04-07,24.65,24.7067,24.5367,24.6033,20.4351,5266200
2021-04-08,24.6333,24.6433,24.5033,24.6133,20.4434,4731000
2021-04-09,24.6367,24.7567,24.61,24.7533,20.5597,5246400
2021-04-12,24.7467,24.8267,24.7233,24.82,20.615,5486100
2021-04-13,24.78,24.78,24.6,24.68,20.4988,5101200
2021-04-14,24.68,24.8233,24.64,24.7433,20.5514,5526300
2021-04-15,24.8433,24.9,24.7567,24.8567,20.6455,4539600
2021-04-16,25.0,25.1,24.9867,25.0633,20.8171,4830600
2021-04-19,25.0033,25.0633,24.8733,24.95,20.723,6002700
2021-04-20,24.85,24.8867,24.7233,24.8,20.5984,6845700
2021-04-21,24.8167,25.0967,24.7967,25.08,20.831,5820300
2021-04-22,25.0667,25.0667,24.7333,24.7633,20.568,6918600
2021-04-23,24.7867,25.0867,24.7567,24.9867,20.7535,4864500
2021-04-26,25.0133,25.0667,24.89,24.94,20.7147,4575600
2021-04-27,24.9333,24.9333,24.83,24.91,20.6898,5881800
2021-04-28,24.8567,24.86,24.74,24.76,20.5652,5055300
2021-04-29,24.8467,24.98,24.76,24.97,20.7396,6778500
2021-04-30,24.8833,24.8833,24.76,24.8433,20.6344,5224500
2021-05-03,24.98,25.2067,24.9767,25.0967,20.8448,4822500
2021-05-04,25.07,25.25,25.0067,25.25,20.9722,6338700
2021-05-05,25.2933,25.43,25.19,25.3733,21.0746,6606900
2021-05-06,25.3967,25.6967,25.3733,25.6933,21.3404,5869500
2021-05-07,25.6667,25.83,25.5667,25.8033,21.4318,6787200
2021-05-10,25.9167,26.1367,25.8233,25.83,21.4539,7428900
2021-05-11,25.6533,25.75,25.4167,25.5633,21.2324,8487900
2021-05-12,25.46,25.5367,25.0667,25.11,20.8559,8588700
2021-05-13,25.1333,25.6767,25.11,25.5533,21.2241,7327800
2021-05-14,25.6867,25.8467,25.6533,25.7867,21.4179,5982900
2021-05-17,25.7667,25.8367,25.64,25.8033,21.4318,5158200
2021-05-18,25.7767,25.7867,25.5,25.52,21.1964,5512800
2021-05-19,25.2767,25.4167,25.05,25.4167,21.1106,7296000
2021-05-20,25.4133,25.66,25.3533,25.5667,21.2352,5183100
2021-05-21,25.6633,25.7733,25.5333,25.6033,21.2657,5405100
2021-05-24,25.75,25.78,25.66,25.6833,21.3321,4591800
2021-05-25,25.7467,25.7467,25.4667,25.5033,21.1826,4702500
2021-05-26,25.52,25.56,25.41,25.5,21.1798,5132100
2021-05-27,25.5833,25.69,25.5567,25.6,21.2629,4266300
2021-05-28,25.6833,25.6933,25.5867,25.6433,21.2989,5160600
2021-06-01,25.8233,25.88,25.5967,25.66,21.3127,5259300
2021-06-02,25.6833,25.7767,25.6167,25.7367,21.3764,4914000
2021-06-03,25.6333,25.7733,25.56,25.72,21.3626,4826400
2021-06-04,25.8167,25.8933,25.77,25.8833,21.4982,4301400
2021-06-07,25.8967,25.9233,25.7033,25.77,21.4041,4659600
2021-06-08,25.7933,25.7933,25.6267,25.7433,21.3819,4594500
2021-06-09,25.77,25.79,25.64,25.6633,21.3155,4938300
2021-06-10,25.7733,25.8733,25.6567,25.7367,21.3764,4189500
2021-06-11,25.7967,25.81,25.6833,25.7767,21.4096,3263400
2021-06-14,25.76,25.76,25.4933,25.65,21.3044,5109300
2021-06-15,25.6567,25.6667,25.5367,25.6367,21.2933,4030500
2021-06-16,25.6367,25.6367,25.3433,25.4433,21.1328,4643700
2021-06-17,25.4233,25.47,24.9867,25.1067,20.8531,6851100
2021-06-18,24.9233,24.9233,24.64,24.6567,20.4794,10156500
2021-06-21,24.8367,25.1167,24.8267,25.1033,20.8504,6276900
2021-06-22,25.11,25.1967,24.97,25.1367,20.8781,5074500
2021-06-23,24.9733,24.99,24.8333,24.8433,20.7832,4851300
2021-06-24,24.9733,25.0333,24.89,25.01,20.9227,3795000
2021-06-25,25.05,25.2033,25.0167,25.1733,21.0593,4634100
2021-06-28,25.2,25.2,25.04,25.1,20.998,7838400
2021-06-29,25.1533,25.21,25.0367,25.0733,20.9757,5953800
2021-06-30,25.0633,25.24,25.06,25.2067,21.0872,3409200
2021-07-01,25.27,25.3367,25.2333,25.3233,21.1848,3553800
2021-07-02,25.39,25.39,25.2933,25.3567,21.2127,3410400
2021-07-06,25.32,25.3333,24.9267,25.0867,20.9868,5560500
2021-07-07,25.07,25.21,25.0333,25.2,21.0816,4348800
2021-07-08,24.94,25.0633,24.84,24.9733,20.892,5113200
2021-07-09,25.13,25.36,25.1233,25.3433,21.2015,4080900
2021-07-12,25.2767,25.4433,25.1967,25.4033,21.2517,4570800
2021-07-13,25.3867,25.4233,25.2367,25.2667,21.1374,3758700
2021-07-14,25.31,25.35,25.1767,25.2967,21.1625,3708300
2021-07-15,25.1967,25.3467,25.1867,25.3467,21.2043,4116900
2021-07-16,25.41,25.4167,25.1133,25.15,21.0398,3848400
2021-07-19,24.88,24.9233,24.5633,24.7433,20.6996,10718100
2021-07-20,24.8267,25.2033,24.79,25.0733,20.9757,6145200
2021-07-21,25.19,25.34,25.1867,25.2667,21.1374,3898500
2021-07-22,25.24,25.24,25.0333,25.0733,20.9757,4411800
2021-07-23,25.1667,25.2967,25.1167,25.27,21.1402,4689300
2021-07-26,25.2333,25.3633,25.2233,25.3333,21.1932,3163800
2021-07-27,25.2533,25.3367,25.1133,25.3133,21.1764,3277200
2021-07-28,25.3433,25.3633,25.1733,25.28,21.1486,3359400
2021-07-29,25.4,25.4833,25.36,25.4367,21.2796,3548400
2021-07-30,25.4,25.4933,25.3233,25.37,21.2238,3696900
2021-08-02,25.48,25.6267,25.3133,25.3267,21.1876,4251900
2021-08-03,25.3867,25.6233,25.2467,25.6233,21.4358,4041600
2021-08-04,25.49,25.5033,25.2933,25.3,21.1653,5029800
2021-08-05,25.3833,25.45,25.37,25.44,21.2824,3865500
2021-08-06,25.48,25.5533,25.45,25.52,21.3493,4249500
2021-08-09,25.52,25.5567,25.4333,25.5,21.3326,3432000
2021-08-10,25.53,25.7333,25.48,25.73,21.525,3235800
2021-08-11,25.7833,25.8733,25.7367,25.8667,21.6393,3741900
2021-08-12,25.8667,25.8967,25.7667,25.89,21.6589,4275000
2021-08-13,25.9133,25.9633,25.8733,25.9433,21.7035,3357300
2021-08-16,25.8833,26.0433,25.7633,26.0433,21.7871,4153800
2021-08-17,25.91,25.9167,25.66,25.8667,21.6393,5718600
2021-08-18,25.7867,25.8567,25.4767,25.4967,21.3298,4628400
2021-08-19,25.3067,25.5733,25.2833,25.5,21.3326,6062700
2021-08-20,25.5033,25.6967,25.45,25.64,21.4497,3156900
2021-08-23,25.76,25.9033,25.75,25.8,21.5836,3688200
2021-08-24,25.8333,25.8567,25.7667,25.78,21.5668,3104700
2021-08-25,25.7833,25.9333,25.7167,25.83,21.6087,4671300
2021-08-26,25.8333,25.8433,25.68,25.7,21.4999,5481000
2021-08-27,25.76,25.9367,25.7367,25.9133,21.6784,3064500
2021-08-30,25.9567,25.9967,25.8733,25.88,21.6505,3612600
2021-08-31,25.8867,25.9133,25.8167,25.9,21.6672,3486600
2021-09-01,25.9167,25.9167,25.7033,25.78,21.5668,5623500
2021-09-02,25.8567,25.95,25.8233,25.9433,21.7035,4252500
2021-09-03,25.9267,25.9733,25.87,25.93,21.6923,3070200
2021-09-07,25.8867,25.8867,25.5667,25.5867,21.4051,5416200
2021-09-08,25.5533,25.63,25.4667,25.6,21.4163,4637400
2021-09-09,25.57,25.6533,25.4233,25.4633,21.3019,3582300
2021-09-10,25.5633,25.6,25.3367,25.3433,21.2015,4104300
2021-09-13,25.5033,25.5833,25.3367,25.4667,21.3047,4018200
2021-09-14,25.5467,25.5567,25.2167,25.29,21.1569,6301500
2021-09-15,25.3,25.5767,25.2533,25.5167,21.3465,4372500
2021-09-16,25.5267,25.5567,25.2167,25.3467,21.2043,4325400
2021-09-17,25.29,25.31,25.12,25.1833,21.0677,6664200
2021-09-20,24.84,24.94,24.5633,24.8333,20.7749,12579900
2021-09-21,24.9567,25.0133,24.6967,24.7433,20.6996,7194600
2021-09-22,24.7467,24.93,24.68,24.7633,20.8814,5871300
2021-09-23,24.8867,25.2167,24.8667,25.0967,21.1625,6086400
2021-09-24,25.0533,25.2367,25.0467,25.1467,21.2047,5298900
2021-09-27,25.16,25.37,25.16,25.31,21.3424,7365000
2021-09-28,25.2367,25.29,24.9633,25.01,21.0894,8213400
2021-09-29,25.0667,25.2367,24.98,25.13,21.1906,3685800
2021-09-30,25.2367,25.26,24.74,24.7467,20.8674,18546600
2021-10-01,24.9,25.2033,24.6867,25.0767,21.1457,6019800
2021-10-04,25.06,25.2267,24.8467,24.9767,21.0613,13274700
2021-10-05,25.0267,25.2533,24.91,25.1267,21.1878,4444500
2021-10-06,24.9667,25.1667,24.8033,25.1667,21.2216,5120400
2021-10-07,25.3233,25.5367,25.3233,25.3567,21.3818,3742800
2021-10-08,25.3533,25.4267,25.2867,25.35,21.3762,3387900
2021-10-11,25.3633,25.5233,25.2233,25.2267,21.2722,3823500
2021-10-12,25.26,25.2933,25.0367,25.1033,21.1681,4632600
2021-10-13,25.1333,25.23,24.8967,25.1667,21.2216,4860900
2021-10-14,25.3233,25.5533,25.27,25.5533,21.5476,3778200
2021-10-15,25.6667,25.75,25.6133,25.6667,21.6432,4193700
2021-10-18,25.5533,25.6967,25.4533,25.5833,21.5729,4461600
2021-10-19,25.6733,25.81,25.5767,25.81,21.764,4916100
2021-10-20,25.8233,26.0767,25.7933,26.06,21.9749,4138200
2021-10-21,26.0033,26.01,25.8167,25.93,21.8652,5559000
2021-10-22,25.96,26.07,25.8967,26.0,21.9242,4053900
2021-10-25,26.0367,26.1033,25.92,26.0633,21.9777,4317300
2021-10-26,26.0633,26.0933,25.9867,25.9933,21.9186,4872000
2021-10-27,25.97,25.97,25.6233,25.6367,21.6179,4028700
2021-10-28,25.6833,25.8533,25.6767,25.8467,21.795,3290400
2021-10-29,25.81,25.9167,25.78,25.8367,21.7865,3973200
2021-11-01,25.9,25.9367,25.8167,25.8933,21.8343,3961200
2021-11-02,25.94,26.1133,25.8967,26.07,21.9833,4212000
2021-11-03,25.96,26.25,25.9433,26.2233,22.1126,4461600
2021-11-04,26.2667,26.2667,25.99,26.1367,22.0395,4650900
2021-11-05,26.2667,26.4267,26.1633,26.2967,22.1744,5215200
2021-11-08,26.3433,26.41,26.1933,26.2767,22.1575,4975500
2021-11-09,26.2733,26.2733,26.1433,26.2267,22.1154,4357200
2021-11-10,26.2267,26.3633,26.2233,26.26,22.1435,4077000
2021-11-11,26.32,26.3333,26.23,26.3067,22.1828,3576300
2021-11-12,26.3633,26.44,26.26,26.38,22.2447,3892500
2021-11-15,26.4533,26.4667,26.3367,26.3967,22.2587,4216800
2021-11-16,26.4433,26.54,26.4067,26.4267,22.284,4032300
2021-11-17,26.3933,26.3933,26.2633,26.3233,22.1969,3454500
2021-11-18,26.27,26.29,26.09,26.22,22.1098,3879300
2021-11-19,26.1867,26.1867,26.0333,26.0533,21.9692,5141700
2021-11-22,26.11,26.44,26.0833,26.1767,22.0732,5799000
2021-11-23,26.1533,26.3567,26.1367,26.3233,22.1969,5268300
2021-11-24,26.27,26.3067,26.17,26.2433,22.1294,4343100
2021-11-26,25.9267,25.93,25.6433,25.7633,21.7247,8369400
2021-11-29,25.9533,25.9833,25.7467,25.85,21.7978,7036500
2021-11-30,25.7,25.7033,25.28,25.3067,21.3396,9491100
2021-12-01,25.57,25.8533,25.18,25.19,21.2412,7119600
2021-12-02,25.27,25.72,25.21,25.5667,21.5589,7744200
2021-12-03,25.6733,25.7433,25.4167,25.6133,21.5982,7710600
2021-12-06,25.83,26.0233,25.7733,25.8667,21.8118,5594100
2021-12-07,26.0033,26.1933,25.9633,26.1433,22.0451,4682100
2021-12-08,25.98,26.0133,25.76,25.8767,21.9941,5704500
2021-12-09,25.7833,25.93,25.73,25.82,21.946,6639600
2021-12-10,26.0133,26.0933,25.9033,26.0933,22.1783,7415700
2021-12-13,26.1033,26.13,25.93,26.0067,22.1046,5590800
2021-12-14,25.9,26.1267,25.8833,25.99,22.0905,8023500
2021-12-15,26.03,26.3367,25.9533,26.33,22.3794,5975400
2021-12-16,26.41,26.6333,26.3933,26.52,22.5409,8395200
2021-12-17,26.4567,26.4733,26.2,26.2033,22.2718,7888800
2021-12-20,25.9767,26.0467,25.7867,26.03,22.1245,9898800
2021-12-21,26.14,26.26,26.0533,26.2367,22.3001,6453600
2021-12-22,26.2267,26.39,26.1333,26.3833,22.4248,4855800
2021-12-23,26.46,26.6267,26.45,26.5333,22.5523,5688900
2021-12-27,26.5867,26.8467,26.5467,26.8467,22.8186,5518800
2021-12-28,26.84,26.95,26.83,26.9,22.8639,6584100
2021-12-29,26.88,27.0133,26.87,26.9533,22.9092,5178300
2021-12-30,26.99,27.0867,26.8867,26.9033,22.8667,4984200
2021-12-31,26.8867,27.0333,26.8867,26.9433,22.9007,4047600
2022-01-03,26.9667,26.9967,26.7933,26.9367,22.8951,8928300
2022-01-04,27.0267,27.3333,27.0267,27.2633,23.1727,7969500
2022-01-05,27.3167,27.4933,27.0833,27.09,23.0254,9767700
2022-01-06,27.1533,27.2633,27.0333,27.17,23.0934,10201500
2022-01-07,27.12,27.28,27.09,27.2167,23.1331,8449500
2022-01-10,27.1933,27.25,26.96,27.2167,23.1331,12178500
2022-01-11,27.2033,27.3133,26.9667,27.3133,23.2152,8802000
2022-01-12,27.3433,27.39,27.17,27.3,23.2039,10553100
2022-01-13,27.35,27.4867,27.1867,27.2633,23.1727,9165600
2022-01-14,27.07,27.2467,27.01,27.2367,23.1501,8229000
2022-01-18,27.04,27.0533,26.7967,26.92,22.8809,14785500
2022-01-19,26.89,26.9167,26.5967,26.61,22.6174,11593500
2022-01-20,26.6233,26.79,26.2033,26.2367,22.3001,11585400
2022-01-21,26.2433,26.3167,25.8667,25.8867,22.0026,27423000
2022-01-24,25.6667,26.0467,25.2133,25.9933,22.0933,28006200
2022-01-25,25.7133,26.2133,25.4033,26.01,22.1075,15238500
2022-01-26,26.1167,26.2367,25.57,25.8033,21.9318,17263500
2022-01-27,25.98,26.24,25.57,25.7,21.844,12460800
2022-01-28,25.65,26.0333,25.3733,26.0233,22.1188,11340900
2022-01-31,25.89,26.21,25.8133,26.2067,22.2746,8006400
2022-02-01,26.2333,26.3933,26.0533,26.3633,22.4078,10737300
2022-02-02,26.3633,26.6367,26.3267,26.5767,22.5891,9663000
2022-02-03,26.4833,26.58,26.2533,26.2833,22.3398,8540100
2022-02-04,26.1567,26.3567,25.9633,26.18,22.2519,6971400
2022-02-07,26.2233,26.3833,26.12,26.2467,22.3086,7850700
2022-02-08,26.3133,26.5033,26.2367,26.46,22.4899,7542900
2022-02-09,26.6167,26.66,26.5333,26.5833,22.5948,8477700
2022-02-10,26.3333,26.6,26.0167,26.1367,22.2151,11459100
2022-02-11,26.12,26.3167,25.8667,25.9567,22.0621,10028400
2022-02-14,25.9433,25.9767,25.55,25.7567,21.8921,12685800
2022-02-15,25.9567,26.09,25.9067,26.0133,22.1103,8981700
2022-02-16,25.93,26.15,25.8667,26.0467,22.1386,7470900
2022-02-17,25.9267,25.95,25.7067,25.7567,21.8921,8899500
2022-02-18,25.73,25.9167,25.6533,25.78,21.912,9522600
2022-02-22,25.73,25.78,25.36,25.5467,21.7136,13990200
2022-02-23,25.66,25.6867,25.1867,25.2233,21.4388,13036200
2022-02-24,24.79,25.0867,24.5,25.0467,21.2887,28840200
2022-02-25,25.1667,25.8633,25.1533,25.8067,21.9346,11682600
2022-02-28,25.4633,25.7533,25.38,25.7,21.844,11774700
2022-03-01,25.5833,25.73,25.11,25.2433,21.4558,14989500
2022-03-02,25.37,25.95,25.3667,25.8333,21.9573,14114100
2022-03-03,25.9233,26.09,25.7333,25.93,22.0395,13099500
2022-03-04,25.6667,25.9233,25.5667,25.88,21.997,10649100
2022-03-07,25.7833,25.83,25.4067,25.42,21.606,12826500
2022-03-08,25.5,25.7467,25.1533,25.16,21.385,16128000
2022-03-09,25.5733,25.71,25.46,25.5467,21.7136,11618100
2022-03-10,25.3167,25.4333,25.15,25.3767,21.5691,9550200
2022-03-11,25.49,25.6167,25.21,25.2333,21.4473,8404800
2022-03-14,25.4133,25.67,25.2867,25.3767,21.5691,8918400
2022-03-15,25.52,25.76,25.43,25.7067,21.8496,7232100
2022-03-16,25.83,25.9667,25.5,25.9667,22.0706,9442200
2022-03-17,25.8833,26.2067,25.86,26.1967,22.2661,9147000
2022-03-18,26.1867,26.3033,25.9833,26.2533,22.3143,8209500
2022-03-21,26.3367,26.5333,26.15,26.2967,22.3511,8823900
2022-03-22,26.3933,26.52,26.3233,26.48,22.5069,8237700
2022-03-23,26.26,26.31,25.9867,25.9867,22.2326,9014100
2022-03-24,26.1,26.24,26.0167,26.2333,22.4436,6228900
2022-03-25,26.2667,26.4867,26.2667,26.4867,22.6604,7825500
2022-03-28,26.4033,26.4333,26.2033,26.4333,22.6147,8082600
2022-03-29,26.56,26.7033,26.4533,26.6867,22.8315,14089200
2022-03-30,26.6767,26.7533,26.5,26.6167,22.7716,6133200
2022-03-31,26.5667,26.7133,26.2833,26.2967,22.4978,6081300
2022-04-01,26.4067,26.43,26.1767,26.41,22.5948,7048800
2022-04-04,26.4033,26.4533,26.1767,26.4467,22.6261,6914400
2022-04-05,26.3667,26.6033,26.2167,26.29,22.4921,6558300
2022-04-06,26.17,26.4,26.14,26.3233,22.5206,6141600
2022-04-07,26.2967,26.5167,26.13,26.43,22.6119,8394000
2022-04-08,26.4133,26.61,26.34,26.4867,22.6604,6522000
2022-04-11,26.4667,26.6067,26.26,26.3,22.5007,6444000
2022-04-12,26.3633,26.5533,26.1333,26.2233,22.4351,7321200
2022-04-13,26.2033,26.4,26.17,26.3833,22.5719,7727100
2022-04-14,26.44,26.5467,26.2167,26.2333,22.4436,6996600
2022-04-18,26.2133,26.36,26.09,26.19,22.4065,8536500
2022-04-19,26.1667,26.52,26.1567,26.4767,22.6518,9876900
2022-04-20,26.6433,26.8567,26.6333,26.7467,22.8828,8420400
2022-04-21,26.86,27.0033,26.47,26.5167,22.686,7180500
2022-04-22,26.4,26.4067,25.8933,25.92,22.1756,10358700
2022-04-25,25.7867,26.02,25.38,25.9733,22.2212,14453700
2022-04-26,25.8333,26.0,25.5233,25.53,21.8419,9595500
2022-04-27,25.5033,25.8133,25.4367,25.57,21.8761,13697400
2022-04-28,25.65,26.0267,25.4733,25.9333,22.187,8425200
2022-04-29,25.8367,25.9133,25.16,25.2133,21.571,11616300
2022-05-02,25.2167,25.4367,24.8467,25.31,21.6537,15532200
2022-05-03,25.3667,25.6767,25.27,25.5,21.8162,17117400
2022-05-04,25.5133,26.2933,25.4667,26.27,22.475,10825800
2022-05-05,26.05,26.0933,25.39,25.6167,21.916,11702700
2022-05-06,25.5067,25.7467,25.3267,25.6767,21.9674,11724900
2022-05-09,25.3933,25.5767,25.2433,25.33,21.6708,13332000
2022-05-10,25.55,25.6367,24.9933,25.2033,21.5624,16161300
2022-05-11,25.2067,25.52,24.9767,25.0033,21.3913,14619000
2022-05-12,24.97,25.16,24.7567,25.1533,21.5196,15341400
2022-05-13,25.3233,25.48,25.1833,25.4333,21.7592,8690100
2022-05-16,25.3833,25.6733,25.23,25.52,21.8333,9478800
2022-05-17,25.8267,26.0067,25.7167,25.9833,22.2297,8304000
2022-05-18,25.8033,25.8333,25.0933,25.1733,21.5368,10883400
2022-05-19,24.8733,25.06,24.64,24.8,21.2173,12990300
2022-05-20,24.94,25.02,24.4067,24.91,21.3115,10151400
2022-05-23,25.1333,25.3467,25.01,25.2233,21.5795,8779500
2022-05-24,25.1333,25.4367,24.9,25.37,21.705,9628200
2022-05-25,25.33,25.7133,25.2833,25.6233,21.9217,10427100
2022-05-26,25.7533,26.0633,25.7533,25.97,22.2183,9681300
2022-05-27,26.0733,26.3733,26.0433,26.3733,22.5634,7304700
2022-05-31,26.2367,26.35,25.9833,26.1967,22.4122,8544900
2022-06-01,26.29,26.3133,25.7667,25.9767,22.224,6660000
2022-06-02,26.0233,26.2,25.6833,26.1967,22.4122,9066900
2022-06-03,26.04,26.16,25.9667,26.0167,22.2583,5053800
2022-06-06,26.19,26.2867,25.9967,26.0433,22.2811,5256600
2022-06-07,25.8833,26.3067,25.8467,26.2933,22.495,6089400
2022-06-08,26.1667,26.1667,25.8567,25.8967,22.1556,7344300
2022-06-09,25.85,25.9533,25.42,25.4233,21.7506,5587500
2022-06-10,25.0867,25.15,24.88,24.9,21.3029,12758700
2022-06-13,24.4367,24.5467,24.0867,24.1933,20.6983,19847100
2022-06-14,24.2533,24.3833,23.8667,24.05,20.5757,12123300
2022-06-15,24.2167,24.4067,23.7867,24.13,20.6441,10636500
2022-06-16,23.71,23.7233,23.37,23.53,20.1308,13704000
2022-06-17,23.5367,23.7067,23.2867,23.4367,20.051,11796300
2022-06-21,23.7933,24.0633,23.7233,23.99,20.5244,10361100
2022-06-22,23.4767,23.83,23.45,23.6333,20.419,8873400
2022-06-23,23.6833,23.8167,23.4533,23.7033,20.4794,7862400
2022-06-24,23.9433,24.3367,23.85,24.3367,21.0266,8217900
2022-06-27,24.4067,24.49,24.2867,24.34,21.0295,8454600
2022-06-28,24.5,24.6267,24.07,24.0867,20.8106,10842300
2022-06-29,24.0833,24.1533,23.8667,23.95,20.6926,6081900
2022-06-30,23.7333,24.0467,23.64,23.8767,20.6292,8898900
2022-07-01,23.84,24.11,23.6233,24.0567,20.7847,8765100
2022-07-05,23.75,23.8867,23.39,23.8833,20.635,8808900
2022-07-06,23.91,24.0933,23.7467,23.9467,20.6897,7683300
2022-07-07,24.0833,24.2767,24.0667,24.2133,20.9201,6652200
2022-07-08,24.1867,24.28,24.07,24.1667,20.8798,6412800
2022-07-11,24.0633,24.1567,23.99,24.0333,20.7646,6435900
2022-07-12,24.0033,24.2133,23.84,23.9367,20.681,5953500
2022-07-13,23.6733,23.93,23.5767,23.76,20.5284,8006700
2022-07-14,23.4167,23.62,23.2933,23.5967,20.3873,10183200
2022-07-15,23.8233,23.9433,23.7,23.9367,20.681,5757900
2022-07-18,24.0833,24.1333,23.6767,23.75,20.5198,6536100
2022-07-19,23.8833,24.2433,23.87,24.2,20.9086,5415900
2022-07-20,24.17,24.2433,24.0167,24.1433,20.8596,7205400
2022-07-21,24.04,24.1633,23.8667,24.1633,20.8769,6507900
2022-07-22,24.2033,24.27,23.9167,24.06,20.7876,6758400
2022-07-25,24.1233,24.2133,24.0433,24.1733,20.8855,7557600
2022-07-26,24.1567,24.23,24.0567,24.1033,20.825,6735600
2022-07-27,24.16,24.5233,24.1067,24.4467,21.1217,6378900
2022-07-28,24.4733,24.6733,24.23,24.61,21.2628,7521000
2022-07-29,24.6133,24.8567,24.58,24.81,21.4356,8176200
2022-08-01,24.6933,24.8733,24.6533,24.8333,21.4557,8817300
2022-08-02,24.8033,24.9033,24.6067,24.61,21.2628,7005300
2022-08-03,24.7233,24.9367,24.63,24.8667,21.4845,6279000
2022-08-04,24.8433,24.8633,24.7567,24.8,21.4269,5891400
2022-08-05,24.64,24.88,24.6067,24.87,21.4874,6135000
2022-08-08,24.95,25.0333,24.8267,24.8967,21.5105,6525300
2022-08-09,24.9,24.9533,24.7833,24.8867,21.5018,5589300
2022-08-10,25.16,25.3233,25.1467,25.3167,21.8733,7348800
2022-08-11,25.4167,25.5667,25.3333,25.3633,21.9137,6528600
2022-08-12,25.4467,25.7567,25.42,25.7467,22.2449,5393400
2022-08-15,25.5867,25.82,25.5333,25.8,22.2909,8227500
2022-08-16,25.75,26.0533,25.7467,25.9567,22.4263,10325700
2022-08-17,25.7633,25.9267,25.6767,25.79,22.2823,6731700
2022-08-18,25.88,25.9667,25.8033,25.9467,22.4177,6210300
2022-08-19,25.8267,25.8533,25.66,25.7433,22.242,7356900
2022-08-22,25.5367,25.5367,25.22,25.2667,21.8301,6321600
2022-08-23,25.2667,25.3633,25.1933,25.2167,21.7869,5048400
2022-08-24,25.1833,25.28,25.1167,25.2267,21.7956,4852200
2022-08-25,25.3167,25.5067,25.2467,25.5067,22.0375,5538300
2022-08-26,25.5033,25.56,24.7433,24.7567,21.3895,9096300
2022-08-29,24.6433,24.7833,24.51,24.5967,21.2513,8014500
2022-08-30,24.6433,24.6433,24.25,24.3367,21.0266,7905600
2022-08-31,24.4033,24.4467,24.1067,24.1333,20.8509,6569100
2022-09-01,24.0367,24.2433,23.9067,24.23,20.9345,11283300
2022-09-02,24.4667,24.5567,23.9133,24.01,20.7444,7192800
2022-09-06,24.0933,24.13,23.84,23.9267,20.6724,7915800
2022-09-07,23.9167,24.3133,23.8733,24.2767,20.9748,6258300
2022-09-08,24.1833,24.4767,24.0633,24.47,21.1418,6693600
2022-09-09,24.61,24.8067,24.57,24.7567,21.3895,5499000
2022-09-12,24.8167,24.99,24.7733,24.8567,21.4759,7610100
2022-09-13,24.4867,24.5167,23.8233,23.9,20.6494,10521300
2022-09-14,23.9767,24.0267,23.7267,23.92,20.6666,7096500
2022-09-15,23.8833,23.9567,23.6467,23.73,20.5025,7848000
2022-09-16,23.59,23.76,23.4933,23.73,20.5025,11690100
2022-09-19,23.5333,23.9267,23.53,23.92,20.6666,6936000
2022-09-20,23.76,23.76,23.5033,23.67,20.4506,10531800
2022-09-21,23.59,23.7567,23.1333,23.1367,20.1708,12713100
2022-09-22,23.1367,23.23,22.9867,23.06,20.1039,16892100
2022-09-23,22.8533,22.9,22.4067,22.69,19.7814,22713600
2022-09-26,22.6033,22.7467,22.35,22.44,19.5634,13227600
2022-09-27,22.6267,22.74,22.2067,22.3367,19.4733,19514100
2022-09-28,22.44,22.8667,22.3767,22.7567,19.8395,11484900
2022-09-29,22.6067,22.6267,22.25,22.41,19.5373,12804000
2022-09-30,22.42,22.5567,22.1133,22.1433,19.3048,10547700
2022-10-03,22.4067,22.8333,22.3167,22.7367,19.8221,9942000
2022-10-04,23.0167,23.34,22.9733,23.33,20.3393,10969500
2022-10-05,23.14,23.4233,23.0167,23.29,20.3045,7479600
2022-10-06,23.2233,23.3267,22.9433,22.99,20.0429,8243100
2022-10-07,22.8233,22.87,22.4133,22.53,19.6419,9671700
2022-10-10,22.6367,22.7133,22.31,22.4567,19.578,8264700
2022-10-11,22.38,22.6833,22.2867,22.4067,19.5344,9132300
2022-10-12,22.45,22.58,22.3433,22.3867,19.5169,9470400
2022-10-13,22.0733,23.11,21.9867,23.0433,20.0894,13476900
2022-10-14,23.1633,23.3,22.6167,22.6467,19.7436,9612600
2022-10-17,22.9767,23.1333,22.9167,23.02,20.0691,12595800
2022-10-18,23.41,23.49,23.1067,23.33,20.3393,8050800
2022-10-19,23.1833,23.31,22.9233,23.0733,20.1156,7527300
2022-10-20,23.0567,23.2567,22.7833,22.8433,19.9151,6961200
2022-10-21,22.8533,23.3933,22.7667,23.3667,20.3713,8250000
2022-10-24,23.5267,23.8333,23.5067,23.7833,20.7346,9317100
2022-10-25,23.7067,24.0367,23.68,24.02,20.9409,7805700
2022-10-26,24.07,24.3533,23.9967,24.1267,21.0339,8904300
2022-10-27,24.28,24.4233,24.1467,24.1733,21.0746,9545100
2022-10-28,24.2233,24.7567,24.21,24.7333,21.5628,8294700
2022-10-31,24.5767,24.74,24.5333,24.6267,21.4698,9193500
2022-11-01,24.8133,24.83,24.5433,24.69,21.525,10305000
2022-11-02,24.6433,24.9467,24.23,24.24,21.1327,10794000
2022-11-03,24.0,24.17,23.8067,24.0467,20.9641,12130200
2022-11-04,24.37,24.5933,24.1133,24.49,21.3506,9562200
2022-11-07,24.5633,24.77,24.4333,24.7467,21.5744,9270900
2022-11-08,24.7867,25.1433,24.7533,25.0167,21.8098,10376400
2022-11-09,24.87,24.98,24.5567,24.59,21.4378,9747300
2022-11-10,25.27,25.6033,25.1167,25.5733,22.2951,13729500
2022-11-11,25.5733,25.71,25.3933,25.64,22.3532,12663000
2022-11-14,25.5967,25.8433,25.4767,25.49,22.2224,10524300
2022-11-15,25.73,25.8033,25.3433,25.5767,22.298,13650600
2022-11-16,25.5167,25.54,25.35,25.39,22.1353,10797300
2022-11-17,25.1767,25.4933,25.1667,25.48,22.2137,10681800
2022-11-18,25.6233,25.69,25.4833,25.6467,22.359,9075600
2022-11-21,25.6167,25.7667,25.5667,25.7167,22.4201,12778500
2022-11-22,25.89,26.1067,25.8667,26.0967,22.7513,8062800
2022-11-23,26.0633,26.1767,25.9633,26.0867,22.7426,7527600
2022-11-25,26.11,26.2033,26.1,26.1467,22.7949,3444300
2022-11-28,25.9567,26.0633,25.7133,25.7733,22.4695,8653200
2022-11-29,25.7933,25.8967,25.68,25.85,22.5363,6960900
2022-11-30,25.86,26.3167,25.5767,26.31,22.9373,10571100
2022-12-01,26.45,26.4967,26.2067,26.3533,22.9751,10197900
2022-12-02,26.0967,26.3867,26.0667,26.3367,22.9606,14984400
2022-12-05,26.16,26.1833,25.7867,25.8833,22.5654,10372200
2022-12-06,25.85,25.9167,25.44,25.5733,22.2951,14779200
2022-12-07,25.2933,25.5133,25.2533,25.3433,22.2989,8716500
2022-12-08,25.4467,25.5467,25.3867,25.4967,22.4338,10608900
2022-12-09,25.5067,25.5867,25.32,25.3367,22.293,7839000
2022-12-12,25.4,25.6633,25.28,25.6567,22.5746,9286800
2022-12-13,26.21,26.2433,25.6367,25.7833,22.6861,13612500
2022-12-14,25.77,26.0167,25.5167,25.6767,22.5922,11433000
2022-12-15,25.4467,25.4767,25.0467,25.16,22.1376,11455500
2022-12-16,24.9433,25.0233,24.7333,24.9433,21.947,13434300
2022-12-19,24.9833,25.06,24.7133,24.86,21.8736,9720900
2022-12-20,24.85,25.0033,24.7833,24.8967,21.9059,9119100
2022-12-21,25.0867,25.2933,25.08,25.2467,22.2139,10937400
2022-12-22,25.11,25.11,24.6567,25.03,22.0232,13066200
2022-12-23,25.0267,25.1967,24.9133,25.1967,22.1699,9231000
2022-12-27,25.2467,25.3433,25.1233,25.2833,22.2461,9435600
2022-12-28,25.32,25.3833,24.96,24.9733,21.9734,9989400
2022-12-29,25.11,25.3267,25.08,25.2567,22.2227,8621400
2022-12-30,25.1633,25.2033,24.9567,25.18,22.1552,10362600
2023-01-03,25.2767,25.33,24.9667,25.1467,22.1259,9125700
2023-01-04,25.2733,25.5167,25.17,25.3967,22.3458,10210800
2023-01-05,25.2967,25.3433,25.1067,25.2467,22.2139,8378400
2023-01-06,25.5067,25.95,25.43,25.8767,22.7682,10004700
2023-01-09,25.9833,26.0533,25.6667,25.69,22.6039,13200000
2023-01-10,25.7167,25.82,25.57,25.82,22.7183,10056300
2023-01-11,25.9,25.93,25.7367,25.9167,22.8034,8382000
2023-01-12,25.9667,26.0767,25.8067,25.96,22.8415,9211500
2023-01-13,25.7967,26.0067,25.7133,25.9833,22.862,9216600
2023-01-17,25.96,25.9767,25.6833,25.7233,22.6333,9721500
2023-01-18,25.7667,25.77,25.2133,25.23,22.1992,13953900
2023-01-19,25.1,25.16,24.9467,25.0133,22.0085,9714900
2023-01-20,25.0667,25.3233,24.9367,25.3133,22.2725,9034500
2023-01-23,25.3667,25.65,25.32,25.5133,22.4485,9284400
2023-01-24,25.4333,25.5767,25.2833,25.4933,22.4309,8128200
2023-01-25,25.37,25.5033,25.2067,25.4967,22.4338,9218400
2023-01-26,25.5167,25.5267,25.3033,25.4933,22.4309,8358000
2023-01-27,25.46,25.5533,25.35,25.4533,22.3957,11433000
2023-01-30,25.35,25.54,25.3233,25.35,22.3048,8212200
2023-01-31,25.4,25.7033,25.3433,25.7033,22.6157,16214400
2023-02-01,25.6133,25.9967,25.39,25.8233,22.7212,13659600
2023-02-02,25.8467,26.0533,25.73,26.01,22.8855,15913200
2023-02-03,25.86,25.95,25.7067,25.8033,22.7036,10095000
2023-02-06,25.6667,25.7267,25.5733,25.67,22.5863,9450600
2023-02-07,25.5933,25.8567,25.4433,25.8033,22.7036,11888400
2023-02-08,25.69,25.7733,25.55,25.5867,22.513,9959400
2023-02-09,25.75,25.7867,25.2933,25.3667,22.3194,8798100
2023-02-10,25.3667,25.63,25.34,25.6,22.5247,7377300
2023-02-13,25.66,25.8867,25.6167,25.8833,22.774,8393100
2023-02-14,25.8167,25.8867,25.54,25.7133,22.6245,10174500
2023-02-15,25.6033,25.7733,25.5467,25.7633,22.6685,7397700
2023-02-16,25.58,25.79,25.54,25.5833,22.5101,7906200
2023-02-17,25.5233,25.6633,25.45,25.6367,22.557,7465200
2023-02-21,25.4633,25.4767,25.11,25.15,22.1288,10497900
2023-02-22,25.2,25.2267,24.9533,25.0467,22.0379,8979000
2023-02-23,25.21,25.23,24.8733,25.1233,22.1053,8780400
2023-02-24,24.8967,24.9967,24.7567,24.9533,21.9558,10475700
2023-02-27,25.1233,25.2,24.8933,24.9567,21.9587,10268100
2023-02-28,24.96,24.99,24.8433,24.85,21.8648,8443500
2023-03-01,24.7967,24.8867,24.7033,24.84,21.856,11108100
2023-03-02,24.7467,24.9767,24.68,24.93,21.9352,8533800
2023-03-03,25.03,25.2233,24.9167,25.19,22.164,8190900
2023-03-06,25.19,25.29,25.1333,25.18,22.1552,7317000
2023-03-07,25.18,25.1933,24.75,24.78,21.8032,8960700
2023-03-08,24.8267,24.8567,24.6267,24.7467,21.7739,9119700
2023-03-09,24.81,24.8267,24.23,24.28,21.3633,11207400
2023-03-10,24.22,24.41,23.8767,23.9867,21.1052,16793700
2023-03-13,23.5967,24.0033,23.5133,23.6433,20.8031,32750700
2023-03-14,24.0567,24.06,23.5733,23.8533,20.9879,12085800
2023-03-15,23.5167,23.6567,23.3467,23.6567,20.8149,19080300
2023-03-16,23.49,23.9133,23.3367,23.8833,21.0143,12662400
2023-03-17,23.8667,23.8667,23.4333,23.5033,20.6799,14466300
2023-03-20,23.6467,23.9233,23.6433,23.8567,20.9908,11370600
2023-03-21,24.0933,24.15,23.9633,24.11,21.2137,9270300
2023-03-22,23.9267,23.9767,23.44,23.4467,20.8018,11112900
2023-03-23,23.56,23.74,23.27,23.4267,20.784,14120700
2023-03-24,23.3133,23.64,23.22,23.6133,20.9496,11326500
2023-03-27,23.8267,23.8567,23.64,23.7133,21.0384,10263900
2023-03-28,23.7033,23.83,23.67,23.75,21.0709,10033800
2023-03-29,23.9433,24.04,23.8967,24.03,21.3193,8134800
2023-03-30,24.1733,24.2,24.0067,24.1,21.3814,8238300
2023-03-31,24.19,24.4033,24.1733,24.3867,21.6357,8034300
2023-04-03,24.4367,24.55,24.39,24.52,21.754,9918300
2023-04-04,24.5533,24.56,24.1733,24.2833,21.5441,8911200
2023-04-05,24.27,24.39,24.2567,24.34,21.5943,7926300
2023-04-06,24.3433,24.39,24.28,24.32,21.5766,7558200
2023-04-10,24.2867,24.4133,24.2167,24.41,21.6564,8987400
2023-04-11,24.48,24.5933,24.45,24.5133,21.7481,8110200
2023-04-12,24.5933,24.61,24.3667,24.41,21.6564,7884600
2023-04-13,24.4333,24.6033,24.3033,24.58,21.8073,8252700
2023-04-14,24.59,24.6933,24.39,24.5267,21.7599,6999300
2023-04-17,24.5333,24.64,24.4933,24.64,21.8605,7678200
2023-04-18,24.71,24.7367,24.5667,24.6467,21.8664,7495200
2023-04-19,24.55,24.6233,24.5033,24.59,21.8161,6846000
2023-04-20,24.4367,24.52,24.3567,24.4367,21.6801,7374900
2023-04-21,24.48,24.48,24.3,24.3867,21.6357,6876900
2023-04-24,24.3967,24.47,24.3533,24.4367,21.6801,6163800
2023-04-25,24.3067,24.32,24.0433,24.0533,21.34,8270700
2023-04-26,23.94,23.9467,23.6567,23.6967,21.0236,10873500
2023-04-27,23.72,23.9567,23.6,23.94,21.2395,9308100
2023-04-28,23.8733,24.1967,23.87,24.19,21.4613,8824500
2023-05-01,24.1733,24.32,24.1733,24.21,21.479,9200700
2023-05-02,24.09,24.1167,23.5167,23.7033,21.0295,13883100
2023-05-03,23.72,23.83,23.48,23.4933,20.8432,11622000
2023-05-04,23.41,23.42,23.1733,23.2733,20.648,15059700
2023-05-05,23.51,23.7033,23.4967,23.6633,20.994,9132600
2023-05-08,23.6733,23.7133,23.4867,23.54,20.8846,10743600
2023-05-09,23.4433,23.5133,23.36,23.4533,20.8077,10566600
2023-05-10,23.6,23.61,23.19,23.4067,20.7663,10198800
2023-05-11,23.3267,23.3267,23.1567,23.3033,20.6746,10107000
2023-05-12,23.37,23.4033,23.21,23.35,20.716,8498100
2023-05-15,23.37,23.4333,23.27,23.4,20.7604,7678200
2023-05-16,23.3367,23.3367,23.05,23.06,20.4587,9490200
2023-05-17,23.18,23.41,23.0933,23.39,20.7515,8262900
2023-05-18,23.2967,23.53,23.2567,23.5067,20.855,10053000
2023-05-19,23.5933,23.6633,23.4367,23.53,20.8757,9811500
2023-05-22,23.53,23.62,23.3633,23.5333,20.8787,8946900
2023-05-23,23.53,23.7267,23.5033,23.5267,20.8728,10928700
2023-05-24,23.5,23.5067,23.2667,23.3033,20.6746,9371100
2023-05-25,23.2233,23.2667,23.0367,23.2133,20.5948,11398500
2023-05-26,23.2967,23.5133,23.2567,23.4767,20.8284,13805700
2023-05-30,23.4967,23.5367,23.33,23.39,20.7515,12973500
2023-05-31,23.2967,23.3233,23.1267,23.1967,20.58,11291400
2023-06-01,23.2567,23.37,23.04,23.29,20.6628,11988600
2023-06-02,23.4033,23.78,23.4033,23.7467,21.0679,9735600
2023-06-05,23.77,23.78,23.5733,23.5967,20.9349,7203900
2023-06-06,23.5633,23.68,23.51,23.6633,20.994,8585700
2023-06-07,23.67,23.9533,23.62,23.9333,21.2335,9618900
2023-06-08,23.9233,23.9867,23.82,23.97,21.2661,7749300
2023-06-09,23.9567,24.0333,23.8733,23.91,21.2128,10866300
2023-06-12,23.95,24.05,23.8933,24.0433,21.3311,8997900
2023-06-13,24.0867,24.2467,24.0367,24.1933,21.4642,9424800
2023-06-14,24.26,24.3,24.0,24.14,21.4169,9975300
2023-06-15,24.15,24.49,24.1467,24.4533,21.6949,11187900
2023-06-16,24.5567,24.61,24.4367,24.4467,21.689,12838800
2023-06-20,24.35,24.3667,24.1733,24.2133,21.482,9382500
2023-06-21,23.9433,24.0367,23.8133,23.91,21.4088,9037800
2023-06-22,23.87,23.8967,23.7433,23.8067,21.3163,7303200
2023-06-23,23.7,23.7867,23.5467,23.57,21.1044,9089400
2023-06-26,23.57,23.7567,23.5367,23.69,21.2118,9741300
2023-06-27,23.71,23.9167,23.67,23.8933,21.3939,11336100
2023-06-28,23.8467,23.87,23.72,23.84,21.3462,8761200
2023-06-29,23.84,24.01,23.8067,24.0033,21.4924,8395200
2023-06-30,24.1333,24.2533,24.0833,24.2067,21.6745,8362200
2023-07-03,24.17,24.3567,24.1467,24.35,21.8028,5321700
2023-07-05,24.2333,24.33,24.16,24.2433,21.7073,7522800
2023-07-06,24.0467,24.06,23.85,23.98,21.4715,7891500
2023-07-07,23.91,24.1533,23.8833,23.9367,21.4327,6875100
2023-07-10,23.94,24.2033,23.9367,24.1267,21.6028,9162300
2023-07-11,24.1533,24.4233,24.1533,24.4067,21.8536,9109500
2023-07-12,24.5667,24.6333,24.4433,24.48,21.9192,8286000
2023-07-13,24.5267,24.62,24.5033,24.5933,22.0207,8994300
2023-07-14,24.5733,24.5833,24.39,24.46,21.9013,9302100
2023-07-17,24.39,24.4567,24.3133,24.3967,21.8446,9975300
2023-07-18,24.3733,24.7033,24.37,24.5933,22.0207,9374400
2023-07-19,24.6533,24.8567,24.6533,24.8333,22.2356,10055100
2023-07-20,24.8133,24.98,24.77,24.9333,22.3251,8472000
2023-07-21,25.0033,25.0533,24.9267,24.99,22.3759,7883100
2023-07-24,25.0267,25.19,25.0167,25.1367,22.5072,7482000
2023-07-25,25.14,25.21,25.0833,25.11,22.4833,11333400
2023-07-26,25.01,25.2333,24.9867,25.1567,22.5251,7806000
2023-07-27,25.27,25.3433,25.0233,25.0533,22.4326,10443000
2023-07-28,25.1967,25.29,25.12,25.21,22.5728,6849300
2023-07-31,25.2467,25.28,25.13,25.22,22.5818,7678500
2023-08-01,25.19,25.23,25.01,25.1067,22.4803,9380400
2023-08-02,24.9467,24.9867,24.8067,24.8467,22.2475,10698000
2023-08-03,24.7767,24.9067,24.7033,24.82,22.2236,8093400
2023-08-04,24.88,24.9767,24.6867,24.72,22.1341,8268900
2023-08-07,24.79,24.9567,24.7833,24.9367,22.3281,7629600
2023-08-08,24.7867,24.86,24.6067,24.8467,22.2475,7299300
2023-08-09,24.84,24.93,24.7433,24.7833,22.1908,5960100
2023-08-10,24.8833,25.05,24.7333,24.7867,22.1938,7045200
2023-08-11,24.7433,24.8833,24.7067,24.8567,22.2565,5196600
2023-08-14,24.8167,24.8433,24.7333,24.8167,22.2207,6620400
2023-08-15,24.6767,24.6767,24.48,24.5233,21.958,8457300
2023-08-16,24.5167,24.64,24.4033,24.4233,21.8685,7290000
2023-08-17,24.5333,24.66,24.44,24.46,21.9013,7266300
2023-08-18,24.3367,24.57,24.3033,24.52,21.955,7854000
2023-08-21,24.5333,24.58,24.35,24.5067,21.9431,7080300
2023-08-22,24.5333,24.5633,24.2967,24.32,21.776,8922000
2023-08-23,24.3433,24.54,24.3233,24.5267,21.961,7087500
2023-08-24,24.5267,24.6933,24.3333,24.3367,21.7909,7776000
2023-08-25,24.4167,24.5133,24.2567,24.4467,21.8894,7470600
2023-08-28,24.5533,24.6567,24.5,24.5867,22.0147,6457200
2023-08-29,24.6167,24.8267,24.5933,24.82,22.2236,7608600
2023-08-30,24.84,24.92,24.7767,24.8633,22.2624,6776100
2023-08-31,24.92,24.9533,24.84,24.8433,22.2445,5803800
2023-09-01,24.96,25.0267,24.82,24.89,22.2863,7832700
2023-09-05,24.89,24.91,24.6533,24.67,22.0893,10831200
2023-09-06,24.6267,24.6267,24.36,24.4767,21.9162,10455900
2023-09-07,24.4333,24.5167,24.3633,24.46,21.9013,6183300
2023-09-08,24.48,24.5867,24.4667,24.5567,21.9879,6187500
2023-09-11,24.6467,24.6933,24.5633,24.5933,22.0207,6309300
2023-09-12,24.5433,24.68,24.5267,24.5867,22.0147,7701900
2023-09-13,24.6133,24.67,24.45,24.5167,21.952,6287100
2023-09-14,24.6667,24.8,24.65,24.78,22.1878,7003800
2023-09-15,24.72,24.7767,24.5333,24.5433,21.9759,8133600
2023-09-18,24.5733,24.61,24.4833,24.54,21.9729,8060100
2023-09-19,24.5333,24.5467,24.36,24.4767,21.9162,7377900
2023-09-20,24.34,24.43,24.1467,24.16,21.8274,9579000
2023-09-21,24.0367,24.0533,23.8033,23.81,21.5112,10454400
2023-09-22,23.87,23.8933,23.7533,23.7633,21.469,10194600
2023-09-25,23.7133,23.83,23.6867,23.8267,21.5262,9135600
2023-09-26,23.6867,23.73,23.51,23.5433,21.2703,13153200
2023-09-27,23.6333,23.65,23.38,23.5467,21.2733,8781300
2023-09-28,23.5367,23.7367,23.4933,23.67,21.3847,8310600
2023-09-29,23.79,23.79,23.5133,23.5867,21.3094,7446900
2023-10-02,23.5633,23.5667,23.26,23.3933,21.1347,13518300
2023-10-03,23.28,23.3333,23.0567,23.14,20.9059,12576000
2023-10-04,23.15,23.1733,22.9467,23.15,20.9149,15901500
2023-10-05,23.11,23.1867,22.9633,23.07,20.8426,11496300
2023-10-06,22.97,23.3233,22.82,23.21,20.9691,12545700
2023-10-09,23.24,23.5,23.2033,23.4667,21.201,8345700
2023-10-10,23.5567,23.7133,23.5033,23.5833,21.3064,7980300
2023-10-11,23.6233,23.66,23.48,23.62,21.3395,7934700
2023-10-12,23.6833,23.6833,23.3567,23.49,21.2221,10840200
2023-10-13,23.5767,23.65,23.3767,23.44,21.1769,7026600
2023-10-16,23.6033,23.7933,23.58,23.7167,21.4269,9343200
2023-10-17,23.6067,23.8667,23.6033,23.81,21.5112,8586000
2023-10-18,23.7333,23.7533,23.5067,23.54,21.2672,8427300
2023-10-19,23.5233,23.6167,23.29,23.3267,21.0745,11148600
2023-10-20,23.3,23.3367,23.0933,23.0967,20.8667,10215900
2023-10-23,23.0467,23.1533,22.9033,22.9167,20.7041,12551700
2023-10-24,23.0833,23.1733,22.98,23.0933,20.8637,9668700
2023-10-25,23.0,23.0467,22.7967,22.8467,20.6409,10981500
2023-10-26,22.7967,22.92,22.7233,22.7267,20.5324,11457900
2023-10-27,22.6867,22.6867,22.2233,22.3,20.147,19812000
2023-10-30,22.4333,22.61,22.3967,22.5633,20.3849,15673200
2023-10-31,22.5733,22.69,22.46,22.6867,20.4963,12723000
2023-11-01,22.7167,22.7667,22.55,22.7167,20.5234,12750900
2023-11-02,22.85,23.23,22.85,23.2233,20.9812,17221800
2023-11-03,23.41,23.52,23.38,23.4167,21.1558,11808000
2023-11-06,23.4167,23.4567,23.24,23.3133,21.0625,10616700
2023-11-07,23.2533,23.2733,23.1833,23.2333,20.9902,10370700
2023-11-08,23.2667,23.2933,23.12,23.19,20.951,9341100
2023-11-09,23.22,23.2233,22.9033,22.9233,20.7101,10171500
2023-11-10,23.0533,23.1667,22.87,23.1467,20.9119,10023300
2023-11-13,23.0667,23.1467,23.0,23.09,20.8607,12084000
2023-11-14,23.3833,23.6733,23.3667,23.6,21.3215,11900400
2023-11-15,23.6267,23.84,23.6267,23.78,21.4841,9096600
2023-11-16,23.67,23.71,23.47,23.59,21.3124,10950600
2023-11-17,23.72,23.7433,23.6067,23.7133,21.4238,8777100
2023-11-20,23.66,23.88,23.6367,23.83,21.5292,12552000
2023-11-21,23.77,23.79,23.6933,23.7667,21.472,8789100
2023-11-22,23.8067,23.8833,23.7733,23.8433,21.5413,8541000
2023-11-24,23.8667,23.9367,23.86,23.9333,21.6226,6213000
2023-11-27,23.8733,23.8867,23.77,23.8133,21.5142,15677700
2023-11-28,23.8,23.9233,23.7333,23.8467,21.5443,11078700
2023-11-29,23.97,24.0633,23.93,23.9433,21.6316,10791000
2023-11-30,24.0267,24.1367,23.9467,24.1167,21.7882,9611400
2023-12-01,24.0633,24.3967,24.0233,24.3833,22.0292,13222500
2023-12-04,24.2667,24.5,24.2667,24.48,22.1165,12940800
2023-12-05,24.4267,24.4267,24.2967,24.3367,21.987,9987900
2023-12-06,24.1433,24.22,24.0267,24.0433,21.945,16391700
2023-12-07,24.1,24.18,24.01,24.1333,22.0272,9737100
2023-12-08,24.1567,24.2533,24.0867,24.1733,22.0637,19341600
2023-12-11,24.2733,24.4167,24.2533,24.4067,22.2766,20164200
2023-12-12,24.4333,24.46,24.3067,24.42,22.2888,14730600
2023-12-13,24.3333,24.8233,24.3,24.8233,22.6569,12121500
2023-12-14,25.0133,25.3233,25.0133,25.23,23.0281,14745900
2023-12-15,25.1233,25.2433,25.0833,25.15,22.9551,14744400
2023-12-18,25.27,25.28,25.1733,25.1833,22.9855,12961500
2023-12-19,25.2567,25.35,25.23,25.3233,23.1133,10315500
2023-12-20,25.27,25.3433,24.9333,24.9433,22.7665,10764000
2023-12-21,25.0933,25.1433,24.92,25.13,22.9368,9560700
2023-12-22,25.2067,25.3867,25.1867,25.2833,23.0768,9598200
2023-12-26,25.31,25.48,25.2833,25.4067,23.1894,10798500
2023-12-27,25.4233,25.48,25.36,25.4267,23.2076,10449000
2023-12-28,25.4233,25.4833,25.3867,25.44,23.2198,9972900
2023-12-29,25.42,25.4633,25.29,25.3767,23.162,11581800
2024-01-02,25.2867,25.6667,25.28,25.5633,23.3324,20586600
2024-01-03,25.5133,25.5567,25.3667,25.4033,23.1863,10899900
2024-01-04,25.4433,25.5467,25.3667,25.3733,23.1589,11936700
2024-01-05,25.3733,25.55,25.29,25.4567,23.235,10662300
2024-01-08,25.4233,25.6267,25.3333,25.6067,23.3719,13774800
2024-01-09,25.48,25.5133,25.38,25.47,23.2472,8764500
2024-01-10,25.4667,25.5,25.36,25.4567,23.235,17371800
2024-01-11,25.4533,25.47,25.2033,25.3533,23.1407,10072500
2024-01-12,25.4833,25.5533,25.33,25.4233,23.2046,10789200
2024-01-16,25.3667,25.3867,25.1633,25.2367,23.0342,14806500
2024-01-17,25.06,25.1933,24.97,25.0833,22.8942,12843300
2024-01-18,25.16,25.26,25.03,25.2333,23.0312,10711500
2024-01-19,25.3233,25.5833,25.1967,25.53,23.3019,12286200
2024-01-22,25.56,25.6967,25.5333,25.64,23.4023,13368900
2024-01-23,25.6467,25.6933,25.5667,25.6467,23.4084,9414000
2024-01-24,25.7433,25.7433,25.46,25.4667,23.2441,13708500
2024-01-25,25.68,25.6967,25.55,25.69,23.448,12179400
2024-01-26,25.7167,25.76,25.61,25.6733,23.4328,11016900
2024-01-29,25.6933,25.7833,25.6033,25.7767,23.5271,11151000
2024-01-30,25.67,25.76,25.5967,25.73,23.4845,7753800
2024-01-31,25.7233,25.7233,25.41,25.4133,23.1954,12526800
2024-02-01,25.48,25.68,25.3033,25.68,23.4388,10506900
2024-02-02,25.6033,25.77,25.4733,25.6667,23.4267,10705500
2024-02-05,25.6033,25.6033,25.3867,25.46,23.238,11640300
2024-02-06,25.5567,25.6267,25.5167,25.5833,23.3506,10884000
2024-02-07,25.71,25.72,25.5333,25.6233,23.3871,8478900
2024-02-08,25.6567,25.7033,25.5633,25.69,23.448,7434300
2024-02-09,25.6567,25.6567,25.5,25.5967,23.3628,9789600
2024-02-12,25.6067,25.8233,25.6033,25.7533,23.5058,9979200
2024-02-13,25.5633,25.5733,25.16,25.36,23.1468,12654600
2024-02-14,25.47,25.4933,25.3067,25.46,23.238,10551900
2024-02-15,25.5067,25.7667,25.5067,25.7467,23.4997,10514400
2024-02-16,25.6767,25.8133,25.6033,25.66,23.4206,9462300
2024-02-20,25.6033,25.7633,25.5567,25.6567,23.4175,14182800
2024-02-21,25.6833,25.77,25.58,25.76,23.5119,8347800
2024-02-22,25.7933,26.0,25.7533,25.9333,23.6701,9360300
2024-02-23,25.9633,26.0467,25.9267,25.9633,23.6974,12565200
2024-02-26,25.9633,26.0067,25.7867,25.8233,23.5697,8671800
2024-02-27,25.8367,25.86,25.7567,25.8467,23.591,8188200
2024-02-28,25.8067,25.9,25.7667,25.81,23.5575,8081100
2024-02-29,25.9467,25.99,25.8367,25.88,23.6214,9695100
2024-03-01,25.9267,26.0833,25.84,26.05,23.7765,8981700
2024-03-04,26.06,26.2,26.05,26.13,23.8496,11979300
2024-03-05,26.1033,26.1933,25.96,26.04,23.7674,10272000
2024-03-06,26.1867,26.2767,26.0633,26.1267,23.8465,9660000
2024-03-07,26.25,26.3267,26.2167,26.2533,23.9621,9161100
2024-03-08,26.2633,26.3133,26.1433,26.1433,23.8617,10614300
2024-03-11,26.16,26.3033,26.0933,26.2933,23.9986,10698300
2024-03-12,26.3833,26.4233,26.2333,26.34,24.0412,8812200
2024-03-13,26.4267,26.52,26.36,26.42,24.1143,9695100
2024-03-14,26.46,26.46,26.1333,26.2767,23.9834,9599400
2024-03-15,26.1767,26.3133,26.1367,26.1867,23.9013,10259100
2024-03-18,26.31,26.33,26.1567,26.24,23.95,12881700
2024-03-19,26.2333,26.37,26.1967,26.3567,24.0565,10482900
2024-03-20,26.1033,26.43,26.07,26.4133,24.2959,14684100
2024-03-21,26.4767,26.6633,26.4567,26.6233,24.4891,10912500
2024-03-22,26.6533,26.6833,26.45,26.46,24.3388,10813500
2024-03-25,26.46,26.6067,26.4567,26.4667,24.345,10905600
2024-03-26,26.5433,26.5667,26.2867,26.29,24.1825,14642700
2024-03-27,26.43,26.7433,26.42,26.7433,24.5995,9745200
2024-03-28,26.8,26.94,26.7867,26.8767,24.7221,9044100
2024-04-01,26.8967,26.93,26.6867,26.7133,24.5719,12515100
2024-04-02,26.6667,26.69,26.51,26.5767,24.4462,10589400
2024-04-03,26.58,26.6167,26.46,26.51,24.3848,9058200
2024-04-04,26.6667,26.7233,26.2,26.2433,24.1395,11765700
2024-04-05,26.2567,26.4,26.13,26.3367,24.2254,10267200
2024-04-08,26.3533,26.46,26.32,26.3667,24.253,6589200
2024-04-09,26.4433,26.5167,26.2967,26.5167,24.391,9741300
2024-04-10,26.2067,26.2333,25.9067,26.0433,23.9556,19044000
2024-04-11,26.1,26.1033,25.8333,25.9767,23.8943,14938800
2024-04-12,25.88,25.9267,25.55,25.6033,23.5508,11039100
2024-04-15,25.81,25.8733,25.38,25.4733,23.4313,13462500
2024-04-16,25.4733,25.4933,25.2667,25.31,23.281,9982800
2024-04-17,25.3933,25.4367,25.1767,25.27,23.2442,7970400
2024-04-18,25.3233,25.4133,25.1933,25.27,23.2442,7839600
2024-04-19,25.31,25.57,25.2833,25.55,23.5018,10240500
2024-04-22,25.66,25.8867,25.5467,25.7467,23.6827,9235500
2024-04-23,25.8033,25.97,25.74,25.9233,23.8452,7521000
2024-04-24,25.8833,26.06,25.7933,26.0433,23.9556,8927700
2024-04-25,25.96,26.05,25.7033,25.8533,23.7808,10230300
2024-04-26,25.78,25.9333,25.75,25.8267,23.7563,7184400
2024-04-29,25.86,26.01,25.85,25.9733,23.8912,7443000
2024-04-30,25.91,25.91,25.6433,25.6633,23.606,7275300
2024-05-01,25.6,25.89,25.54,25.63,23.5754,10349100
2024-05-02,25.7967,25.8333,25.6,25.7567,23.6919,7831500
2024-05-03,25.99,26.1,25.86,25.99,23.9065,7839600
2024-05-06,26.09,26.1433,26.0,26.0433,23.9556,10487700
2024-05-07,26.1467,26.22,26.0633,26.0833,23.9924,9078900
2024-05-08,26.0433,26.19,25.9933,26.17,24.0721,6155400
2024-05-09,26.1967,26.39,26.13,26.3867,24.2714,9018300
2024-05-10,26.4367,26.46,26.3867,26.4333,24.3143,6134100
2024-05-13,26.5033,26.6267,26.4733,26.52,24.394,6714600
2024-05-14,26.5667,26.65,26.4667,26.5633,24.4339,6367500
2024-05-15,26.67,26.7433,26.61,26.7167,24.5749,7487700
2024-05-16,26.6667,26.7133,26.57,26.6667,24.5289,8173800
2024-05-17,26.6633,26.7,26.61,26.6933,24.5535,6338400
2024-05-20,26.6967,26.6967,26.5333,26.56,24.4308,7638000
2024-05-21,26.53,26.5733,26.42,26.4867,24.3634,6726000
2024-05-22,26.43,26.5067,26.32,26.4,24.2836,8979300
2024-05-23,26.38,26.38,25.98,25.9933,23.9096,9431700
2024-05-24,26.0833,26.1467,25.98,26.0333,23.9464,7175100
2024-05-28,26.0533,26.0533,25.7233,25.8133,23.744,9843000
2024-05-29,25.65,25.65,25.4533,25.4733,23.4313,9505800
2024-05-30,25.54,25.72,25.52,25.7167,23.6551,7257600
2024-05-31,25.7667,26.1967,25.7167,26.19,24.0905,7858800
2024-06-03,26.2333,26.2333,25.8767,26.0467,23.9586,8255700
2024-06-04,25.96,26.12,25.9133,26.06,23.9709,5874600
2024-06-05,26.1,26.12,25.86,26.05,23.9617,11250000
2024-06-06,26.0,26.13,25.92,26.0267,23.9402,6650100
2024-06-07,25.9633,26.1467,25.8867,25.9633,23.882,6192000
2024-06-10,25.8933,25.96,25.76,25.9233,23.8452,7659900
2024-06-11,25.8333,25.8367,25.6467,25.8333,23.7624,7496100
2024-06-12,26.07,26.09,25.7433,25.8133,23.744,8495700
2024-06-13,25.7367,25.7433,25.54,25.7033,23.6428,8197200
2024-06-14,25.57,25.64,25.4167,25.5967,23.5447,9477600
2024-06-17,25.5467,25.7867,25.48,25.7667,23.7011,9250200
2024-06-18,25.7833,25.9667,25.7833,25.88,23.8053,7321200
2024-06-20,25.83,26.0633,25.7933,26.02,23.9341,9732000
2024-06-21,26.07,26.1233,25.9833,26.04,23.9525,8371200
2024-06-24,26.15,26.4533,26.1367,26.4033,24.2867,7982100
2024-06-25,26.3767,26.3767,26.11,26.1933,24.0935,7842300
2024-06-26,25.8633,25.8667,25.7633,25.81,23.9925,8162400
2024-06-27,25.8133,25.8267,25.6567,25.7567,23.943,9172500
2024-06-28,25.8367,26.0333,25.8,25.92,24.0948,10609800
2024-07-01,26.0,26.13,25.77,25.8033,23.9863,16640400
2024-07-02,25.8033,25.8767,25.68,25.8167,23.9987,8160600
2024-07-03,25.81,25.89,25.7167,25.7267,23.9151,6168900
2024-07-05,25.7333,25.7333,25.57,25.6733,23.8655,9886200
2024-07-08,25.69,25.8033,25.6167,25.6967,23.8872,8576700
2024-07-09,25.6167,25.81,25.5967,25.7033,23.8934,8870100
2024-07-10,25.7567,25.98,25.72,25.9567,24.1289,7726500
2024-07-11,26.0367,26.3167,26.03,26.2733,24.4232,10332000
2024-07-12,26.42,26.6767,26.3767,26.5467,24.6773,9661200
2024-07-15,26.6267,26.7867,26.5733,26.6433,24.7672,9588600
2024-07-16,26.6967,27.0867,26.6567,27.0867,25.1793,8936100
2024-07-17,27.0633,27.4767,27.05,27.44,25.5078,11274000
2024-07-18,27.32,27.6467,27.1767,27.2033,25.2878,11019000
2024-07-19,27.2133,27.2867,26.95,27.0367,25.1328,6724800
2024-07-22,27.0367,27.07,26.81,27.06,25.1545,9084600
2024-07-23,26.8967,26.9233,26.7567,26.8267,24.9376,8572800
2024-07-24,26.88,27.01,26.7233,26.9,25.0058,7804200
2024-07-25,26.86,27.2767,26.8067,27.06,25.1545,9511800
2024-07-26,27.2267,27.5333,27.1833,27.49,25.5542,7490400
2024-07-29,27.49,27.4933,27.2933,27.3833,25.4551,9230100
2024-07-30,27.4467,27.6633,27.41,27.6,25.6565,8377200
2024-07-31,27.65,27.73,27.4767,27.5267,25.5883,9619200
2024-08-01,27.6367,27.7267,27.17,27.2533,25.3342,10129500
2024-08-02,27.17,27.26,26.6367,26.9333,25.0368,10460700
2024-08-05,26.44,26.5633,26.2533,26.3267,24.4728,18282000
2024-08-06,26.4033,26.7433,26.3,26.46,24.5968,12704400
2024-08-07,26.65,26.8133,26.2833,26.2967,24.4449,9877200
2024-08-08,26.39,26.7667,26.37,26.74,24.857,8586000
2024-08-09,26.7333,26.8033,26.5467,26.7233,24.8416,7585200
2024-08-12,26.8033,26.8133,26.5367,26.5967,24.7238,7661400
2024-08-13,26.6567,26.8933,26.5733,26.88,24.9872,7015800
2024-08-14,26.8633,26.98,26.83,26.9133,25.0182,6625200
2024-08-15,27.2167,27.3367,27.14,27.1967,25.2816,8206800
2024-08-16,27.1833,27.3367,27.1733,27.32,25.3962,6395100
2024-08-19,27.3433,27.49,27.3333,27.48,25.5449,7279800
2024-08-20,27.4467,27.45,27.3433,27.4067,25.4768,7043100
2024-08-21,27.5033,27.5733,27.44,27.5233,25.5852,7131000
2024-08-22,27.57,27.5967,27.3733,27.4467,25.514,6476700
2024-08-23,27.5767,27.8533,27.5133,27.84,25.8796,7466400
2024-08-26,27.92,28.0367,27.8467,27.8733,25.9106,9560100
2024-08-27,27.8667,27.9,27.7467,27.8267,25.8672,6933300
2024-08-28,27.8,27.9733,27.7,27.8333,25.8734,6417300
2024-08-29,27.9833,28.0867,27.74,27.9533,25.9849,7154100
2024-08-30,28.0,28.19,27.8967,28.1767,26.1926,7419000
2024-09-03,28.0633,28.1267,27.8633,27.9267,25.9602,10817700
2024-09-04,27.9267,28.06,27.7467,27.8333,25.8734,9603900
2024-09-05,27.9133,27.9267,27.4833,27.57,25.6286,8496000
2024-09-06,27.6033,27.73,27.2867,27.3333,25.4086,9841200
2024-09-09,27.4467,27.7733,27.3867,27.6633,25.7154,8665800
2024-09-10,27.6967,27.6967,27.4433,27.6867,25.7371,6937500
2024-09-11,27.6033,27.6033,27.0633,27.5167,25.579,8727300
2024-09-12,27.57,27.6333,27.3433,27.5433,25.6038,6989100
2024-09-13,27.6167,27.7967,27.6067,27.7867,25.83,6856800
2024-09-16,27.9167,28.0633,27.8733,28.05,26.0748,7710600
2024-09-17,28.0533,28.1967,27.9533,28.03,26.0562,7572000
2024-09-18,28.0667,28.3833,27.9933,28.0467,26.0717,8607300
2024-09-19,28.39,28.4133,28.2033,28.29,26.2979,9279900
2024-09-20,28.1867,28.2033,28.0433,28.16,26.1771,10921800
2024-09-23,28.24,28.3167,28.1833,28.31,26.3165,7689600
2024-09-24,28.3733,28.4133,28.2867,28.3533,26.3568,9443100
2024-09-25,28.1233,28.1333,27.7767,27.79,26.0645,10584900
2024-09-26,27.8233,27.99,27.8167,27.9133,26.1801,10354200
2024-09-27,28.06,28.25,28.01,28.0867,26.3427,13143900
2024-09-30,28.1133,28.2033,27.95,28.1767,26.4271,21598200
2024-10-01,28.18,28.1933,27.9867,28.16,26.4115,13093500
2024-10-02,28.1933,28.2433,28.03,28.18,26.4302,10701600
2024-10-03,28.1,28.1567,27.9367,28.1067,26.3615,9858300
2024-10-04,28.2367,28.26,28.05,28.2167,26.4646,9511200
2024-10-07,28.2167,28.2633,28.0167,28.1,26.3552,12602700
2024-10-08,28.1333,28.1467,27.9433,28.0533,26.3114,10086300
2024-10-09,28.0633,28.3333,27.9867,28.3167,26.5584,11862600
2024-10-10,28.2733,28.3,28.1433,28.2067,26.4553,9633300
2024-10-11,28.32,28.56,28.31,28.54,26.7679,9937900
2024-10-14,28.53,28.7,28.44,28.69,26.9086,9085700
2024-10-15,28.64,28.86,28.53,28.57,26.796,11217500
2024-10-16,28.65,28.83,28.63,28.8,27.0117,9171700
2024-10-17,28.87,28.9,28.74,28.81,27.0211,8740400
2024-10-18,28.81,28.85,28.68,28.81,27.0211,8179200
2024-10-21,28.8,28.81,28.43,28.47,26.7022,12964900
2024-10-22,28.3,28.37,28.19,28.33,26.5709,11338300
2024-10-23,28.27,28.41,28.13,28.28,26.524,11877000
2024-10-24,28.4,28.43,28.22,28.33,26.5709,8814500
2024-10-25,28.43,28.47,28.13,28.15,26.4021,9305200
2024-10-28,28.2,28.33,28.16,28.32,26.5616,10346800
2024-10-29,28.18,28.21,28.06,28.09,26.3458,10209700
2024-10-30,28.05,28.27,28.02,28.18,26.4302,10503900
2024-10-31,28.19,28.38,28.19,28.23,26.4771,10905200
2024-11-01,28.3,28.38,28.07,28.1,26.3552,9374000
2024-11-04,28.15,28.25,28.03,28.13,26.3834,10761000
2024-11-05,28.15,28.38,28.07,28.38,26.6178,10098100
2024-11-06,29.01,29.12,28.79,29.04,27.2369,16061100
2024-11-07,29.1,29.11,28.87,28.91,27.1149,13223300
2024-11-08,29.01,29.14,28.9,29.08,27.2744,11674000
2024-11-11,29.22,29.35,29.14,29.16,27.3494,11164700
2024-11-12,29.19,29.2,28.89,28.91,27.1149,13235500
2024-11-13,28.97,29.05,28.87,29.01,27.2087,10503000
2024-11-14,29.03,29.04,28.84,28.88,27.0868,8902300
2024-11-15,28.81,28.83,28.58,28.63,26.8523,12549300
2024-11-18,28.68,28.84,28.64,28.79,27.0024,11084400
2024-11-19,28.63,28.72,28.48,28.64,26.8617,11657500
2024-11-20,28.65,28.73,28.5,28.71,26.9273,9201500
2024-11-21,28.74,29.04,28.68,28.98,27.1806,11132500
2024-11-22,29.01,29.38,29.01,29.35,27.5276,12227600
2024-11-25,29.54,29.72,29.45,29.51,27.6777,12321500
2024-11-26,29.48,29.48,29.24,29.45,27.6214,11306600
2024-11-27,29.52,29.62,29.41,29.44,27.612,10547500
2024-11-29,29.49,29.58,29.44,29.53,27.6964,7685300
2024-12-02,29.53,29.55,29.21,29.34,27.5182,15555700
2024-12-03,29.37,29.4,29.17,29.18,27.3682,13097900
2024-12-04,29.14,29.19,28.82,28.94,27.1431,16023900
2024-12-05,28.96,29.05,28.91,28.95,27.1524,12749200
2024-12-06,28.99,29.04,28.76,28.82,27.0305,12671900
2024-12-09,28.9,29.01,28.76,28.79,27.0024,19540700
2024-12-10,28.79,28.85,28.57,28.68,26.8992,17529000
2024-12-11,28.49,28.49,28.24,28.25,26.743,15896100
2024-12-12,28.29,28.31,28.15,28.2,26.6957,14370700
2024-12-13,28.18,28.21,28.0,28.13,26.6294,16919700
2024-12-16,28.12,28.16,27.85,27.87,26.3833,24794000
2024-12-17,27.83,27.93,27.71,27.81,26.3265,17417900
2024-12-18,27.8,27.84,27.05,27.08,25.6354,20344000
2024-12-19,27.24,27.36,26.91,26.93,25.4934,22797700
2024-12-20,26.9,27.41,26.87,27.29,25.8342,35339500
2024-12-23,27.23,27.39,27.08,27.37,25.9099,22013800
2024-12-24,27.35,27.58,27.29,27.58,26.1087,9522500
2024-12-26,27.48,27.62,27.42,27.59,26.1182,14128100
2024-12-27,27.45,27.66,27.33,27.47,26.0046,16074000
2024-12-30,27.32,27.32,27.05,27.23,25.7774,16946400
2024-12-31,27.28,27.38,27.16,27.32,25.8626,13234100
2025-01-02,27.47,27.54,27.15,27.26,25.8058,17005200
2025-01-03,27.35,27.48,27.2,27.44,25.9762,11470500
2025-01-06,27.47,27.57,27.24,27.27,25.8153,22820300
2025-01-07,27.38,27.52,27.17,27.26,25.8058,16406000
2025-01-08,27.2,27.33,27.04,27.32,25.8626,13723600
2025-01-10,27.24,27.25,26.94,27.01,25.5692,22011200
2025-01-13,26.97,27.33,26.96,27.3,25.8437,17826400
2025-01-14,27.41,27.53,27.3,27.52,26.0519,14077400
2025-01-15,27.87,27.94,27.71,27.82,26.3359,12225300
2025-01-16,27.73,27.85,27.59,27.83,26.3454,13454400
2025-01-17,27.95,28.01,27.87,27.99,26.4969,15361500
2025-01-21,28.06,28.29,28.06,28.22,26.7146,21390200
2025-01-22,28.15,28.15,27.92,27.92,26.4306,15660900
2025-01-23,27.96,28.11,27.91,28.09,26.5915,14818700
2025-01-24,28.03,28.13,28.0,28.07,26.5726,11739400
2025-01-27,28.16,28.45,28.15,28.45,26.9323,21061100
2025-01-28,28.32,28.38,28.03,28.07,26.5726,14748400
2025-01-29,28.09,28.22,27.96,28.01,26.5158,11720300
2025-01-30,28.0,28.09,27.81,27.98,26.4874,15498900
2025-01-31,28.01,28.09,27.78,27.83,26.3454,15426900
2025-02-03,27.54,27.83,27.4,27.72,26.2413,19749100
2025-02-04,27.65,27.8,27.61,27.76,26.2791,11507200
2025-02-05,27.81,27.96,27.72,27.95,26.459,10937300
2025-02-06,27.98,28.0,27.65,27.75,26.2697,13422000
2025-02-07,27.8,27.83,27.52,27.56,26.0898,14970000
2025-02-10,27.68,27.7,27.5,27.68,26.2034,11902600
2025-02-11,27.66,27.87,27.61,27.87,26.3833,11203800
2025-02-12,27.61,27.74,27.55,27.65,26.175,12124200
2025-02-13,27.76,27.85,27.65,27.85,26.3643,10936900
2025-02-14,27.87,28.01,27.76,27.79,26.3075,10062600
2025-02-18,27.81,27.99,27.74,27.99,26.4969,15611500
2025-02-19,27.95,28.2,27.91,28.18,26.6767,12266700
2025-02-20,28.15,28.32,28.09,28.32,26.8093,12605400
2025-02-21,28.35,28.37,28.18,28.21,26.7051,13856400
2025-02-24,28.26,28.44,28.18,28.26,26.7525,13681800
2025-02-25,28.35,28.54,28.35,28.45,26.9323,12774100
2025-02-26,28.41,28.44,28.09,28.15,26.6483,12882000
2025-02-27,28.16,28.39,28.13,28.17,26.6673,12408200
2025-02-28,28.26,28.54,28.1,28.54,27.0175,16590300
2025-03-03,28.57,28.72,28.2,28.4,26.885,17881200
2025-03-04,28.31,28.32,27.86,27.92,26.4306,20158100
2025-03-05,27.85,28.14,27.72,28.05,26.5537,16031700
2025-03-06,27.95,28.1,27.79,28.07,26.5726,14871800
2025-03-07,28.03,28.51,28.01,28.46,26.9418,16558700
2025-03-10,28.32,28.85,28.19,28.38,26.8661,23520500
2025-03-11,28.3,28.31,27.66,27.74,26.2602,24564600
2025-03-12,27.65,27.67,27.31,27.44,25.9762,26655200
2025-03-13,27.47,27.62,27.23,27.29,25.8342,15121400
2025-03-14,27.37,27.67,27.29,27.64,26.1655,15167200
2025-03-17,27.63,28.02,27.62,27.96,26.4685,16046200
2025-03-18,27.95,27.98,27.81,27.92,26.4306,12625300
2025-03-19,27.94,28.1,27.8,28.03,26.5347,13079400
2025-03-20,27.9,28.08,27.86,27.95,26.459,11317400
2025-03-21,27.85,27.88,27.62,27.76,26.2791,16883800
2025-03-24,27.88,28.11,27.83,28.09,26.5915,15452500
2025-03-25,28.08,28.12,27.75,27.84,26.3549,16456400
2025-03-26,27.72,27.94,27.67,27.8,26.5545,17390600
2025-03-27,27.83,27.89,27.65,27.75,26.5068,11448800
2025-03-28,27.75,27.79,27.47,27.58,26.3444,15661100
2025-03-31,27.5,28.06,27.49,27.96,26.7073,19019400
2025-04-01,27.94,27.95,27.67,27.87,26.6214,14702200
2025-04-02,27.73,27.89,27.6,27.87,26.6214,11923400
2025-04-03,27.37,27.47,26.71,26.73,25.5324,30584900
2025-04-04,26.22,26.3,25.23,25.28,24.1474,45530200
2025-04-07,24.6,25.73,24.18,24.94,23.8226,50085200
2025-04-08,25.44,25.48,24.0,24.32,23.2304,40098800
2025-04-09,23.91,25.96,23.87,25.87,24.711,46103800
2025-04-10,25.51,25.51,24.31,24.97,23.8513,31358500
2025-04-11,24.96,25.4,24.63,25.3,24.1665,21685900
2025-04-14,25.61,25.69,25.31,25.6,24.4531,27320700
2025-04-15,25.59,25.74,25.37,25.43,24.2907,17240800
2025-04-16,25.45,25.55,24.99,25.13,24.0041,18600500
2025-04-17,25.21,25.63,25.19,25.42,24.2811,15390600
2025-04-21,25.3,25.34,24.76,25.03,23.9086,21932900
2025-04-22,25.11,25.53,25.11,25.44,24.3002,21483100
2025-04-23,25.65,25.87,25.28,25.42,24.2811,27870400
2025-04-24,25.5,25.72,25.32,25.71,24.5581,15485700
2025-04-25,25.65,25.68,25.41,25.67,24.5199,14346200
2025-04-28,25.69,25.87,25.57,25.79,24.6346,14821000
2025-04-29,25.62,25.95,25.62,25.89,24.7301,12637700
2025-04-30,25.79,25.88,25.41,25.82,24.6632,13636400
2025-05-01,25.7,25.92,25.57,25.71,24.5581,15470600
2025-05-02,25.99,26.08,25.84,26.06,24.8925,14242200
2025-05-05,25.94,25.94,25.74,25.8,24.6441,14148800
2025-05-06,25.72,25.76,25.5,25.55,24.4053,12092400
2025-05-07,25.62,25.75,25.5,25.64,24.4913,12919200
2025-05-08,25.72,26.02,25.65,25.78,24.625,20045400
2025-05-09,25.89,25.92,25.7,25.73,24.5772,14195200
2025-05-12,26.29,26.5,26.26,26.43,25.2459,18699900
2025-05-13,26.42,26.44,26.29,26.31,25.1313,17389700
2025-05-14,26.27,26.27,25.97,26.0,24.8352,17297200
2025-05-15,26.01,26.42,25.99,26.42,25.2363,14412000
2025-05-16,26.45,26.6,26.34,26.6,25.4083,11779600
2025-05-19,26.45,26.58,26.34,26.58,25.3892,15067100
2025-05-20,26.56,26.6,26.41,26.48,25.2936,12280800
2025-05-21,26.35,26.36,26.0,26.01,24.8447,15842400
2025-05-22,25.98,26.08,25.76,25.96,24.7969,16081300
2025-05-23,25.79,25.95,25.69,25.89,24.7301,16065700
2025-05-27,26.07,26.27,25.97,26.27,25.0931,15919500
2025-05-28,26.28,26.32,25.98,26.04,24.8734,13190600
2025-05-29,26.1,26.19,25.89,26.19,25.0166,13882500
2025-05-30,26.12,26.27,25.99,26.17,24.9975,14779900
2025-06-02,26.23,26.25,25.93,26.25,25.074,20610300
2025-06-03,26.2,26.49,26.07,26.44,25.2554,12717000
2025-06-04,26.48,26.56,26.29,26.29,25.1122,11733400
2025-06-05,26.36,26.37,26.17,26.23,25.0548,18901400
2025-06-06,26.44,26.59,26.38,26.54,25.351,10658900
2025-06-09,26.6,26.78,26.55,26.65,25.456,13743000
2025-06-10,26.73,27.08,26.72,26.95,25.7426,12688100
2025-06-11,26.99,26.99,26.76,26.86,25.6566,13813000
2025-06-12,26.83,27.02,26.71,27.02,25.8095,10552300
2025-06-13,27.01,27.1,26.83,26.9,25.6948,21328400
2025-06-16,26.97,27.08,26.84,26.92,25.7139,13918200
2025-06-17,26.89,26.94,26.69,26.72,25.5229,12383700
2025-06-18,26.75,26.8,26.6,26.64,25.4465,13837400
2025-06-20,26.75,26.82,26.65,26.7,25.5038,14262300
2025-06-23,26.78,26.86,26.54,26.7,25.5038,18943800
2025-06-24,26.69,26.8,26.65,26.74,25.542,19845100
2025-06-25,26.44,26.44,26.16,26.2,25.2719,20744100
2025-06-26,26.27,26.42,26.27,26.39,25.4552,17013600
2025-06-27,26.41,26.51,26.28,26.39,25.4552,20889900
2025-06-30,26.42,26.53,26.37,26.5,25.5613,24163700
2025-07-01,26.49,27.24,26.48,27.05,26.0918,25633400
2025-07-02,27.13,27.32,27.05,27.31,26.3426,15531900
2025-07-03,27.36,27.4,27.28,27.35,26.3812,8818700
2025-07-07,27.28,27.29,26.9,27.06,26.1015,15913300
2025-07-08,27.03,27.4,27.0,27.32,26.3522,14732800
2025-07-09,27.35,27.41,27.14,27.29,26.3233,14405300
2025-07-10,27.25,27.6,27.17,27.51,26.5355,13643200
2025-07-11,27.4,27.42,27.24,27.33,26.3619,14040400
2025-07-14,27.32,27.38,27.13,27.31,26.3426,16559000
2025-07-15,27.28,27.33,26.87,26.87,25.9182,16833400
2025-07-16,26.9,27.0,26.7,26.93,25.9761,16183600
2025-07-17,26.91,27.18,26.91,27.14,26.1786,14578000
2025-07-18,27.28,27.29,26.95,27.02,26.0629,13196900
2025-07-21,27.1,27.15,26.93,26.95,25.9954,13098600
2025-07-22,26.9,27.26,26.87,27.24,26.2751,12718600
2025-07-23,27.24,27.41,27.19,27.38,26.4101,16834900
2025-07-24,27.31,27.42,27.22,27.28,26.3137,14200200
2025-07-25,27.32,27.34,27.12,27.32,26.3522,16852700
2025-07-28,27.33,27.34,27.16,27.2,26.2365,14874400
2025-07-29,27.15,27.19,27.01,27.17,26.2076,13147000
2025-07-30,27.17,27.17,26.73,26.84,25.8892,23968400
2025-07-31,26.66,26.86,26.44,26.5,25.5613,19727500
2025-08-01,26.48,26.53,26.21,26.38,25.4455,17759300
2025-08-04,26.41,26.62,26.39,26.61,25.6674,20330500
2025-08-05,26.61,26.75,26.54,26.74,25.7928,15668200
2025-08-06,26.78,26.83,26.63,26.68,25.7349,16556100
2025-08-07,26.79,26.92,26.59,26.75,25.8024,13395300
2025-08-08,26.8,26.98,26.79,26.88,25.9278,13660000
2025-08-11,26.94,27.09,26.71,26.79,25.841,17459200
2025-08-12,26.87,27.12,26.84,27.1,26.14,13871100
2025-08-13,27.14,27.48,27.08,27.46,26.4873,16077000
2025-08-14,27.28,27.37,27.17,27.34,26.3715,14665800
2025-08-15,27.37,27.43,27.26,27.33,26.3619,14205700
2025-08-18,27.32,27.38,27.23,27.26,26.2944,12751600
2025-08-19,27.29,27.62,27.29,27.45,26.4776,12997100
2025-08-20,27.48,27.7,27.46,27.51,26.5355,16734900
2025-08-21,27.47,27.59,27.4,27.52,26.5452,9865400
2025-08-22,27.63,28.03,27.63,27.95,26.9599,15118600
2025-08-25,27.93,27.93,27.75,27.77,26.7863,12613200
2025-08-26,27.76,27.83,27.67,27.75,26.767,16407600
2025-08-27,27.73,27.93,27.71,27.87,26.8828,11516200
2025-08-28,27.91,27.93,27.67,27.82,26.8345,11793900
2025-08-29,27.82,27.99,27.81,27.92,26.931,13211200
2025-09-02,27.89,27.95,27.7,27.84,26.8538,18420600
2025-09-03,27.75,27.85,27.5,27.6,26.6223,19873300
2025-09-04,27.61,27.7,27.51,27.69,26.7091,13419700
2025-09-05,27.67,27.83,27.5,27.64,26.6609,15327800
2025-09-08,27.61,27.61,27.27,27.44,26.468,18249700
2025-09-09,27.41,27.54,27.41,27.45,26.4776,18576600
2025-09-10,27.42,27.54,27.27,27.5,26.5259,16572100
2025-09-11,27.51,27.75,27.47,27.72,26.7381,13521500
2025-09-12,27.69,27.73,27.48,27.48,26.5066,14967600
2025-09-15,27.52,27.52,27.28,27.34,26.3715,18547600
2025-09-16,27.37,27.5,27.29,27.42,26.4487,19907700
2025-09-17,27.43,27.74,27.35,27.47,26.4969,21748100
2025-09-18,27.48,27.53,27.35,27.45,26.4776,17238300
2025-09-19,27.51,27.51,27.27,27.33,26.3619,17610900
2025-09-22,27.29,27.33,27.2,27.25,26.2847,17463700
2025-09-23,27.28,27.56,27.27,27.4,26.4294,16862900
2025-09-24,27.18,27.29,27.13,27.16,26.4489,19469300
2025-09-25,27.15,27.2,26.96,26.99,26.2833,20335200
2025-09-26,27.1,27.26,27.08,27.21,26.4976,16482800
2025-09-29,27.27,27.28,27.0,27.1,26.3905,25833100
2025-09-30,27.04,27.3,27.01,27.3,26.5852,18115100
2025-10-01,27.28,27.55,27.26,27.53,26.8092,18618100
2025-10-02,27.46,27.58,27.3,27.34,26.6242,15690700
2025-10-03,27.37,27.56,27.36,27.41,26.6923,15309500
2025-10-06,27.47,27.49,27.31,27.34,26.6242,16315100
2025-10-07,27.35,27.37,27.17,27.28,26.5657,17220200
2025-10-08,27.31,27.33,27.14,27.18,26.4684,15899800
2025-10-09,27.2,27.29,26.95,27.0,26.2931,19054300
2025-10-10,27.05,27.1,26.53,26.54,25.8451,24258300
2025-10-13,26.61,26.73,26.56,26.63,25.9328,20634900
2025-10-14,26.46,26.92,26.44,26.87,26.1665,18735100
2025-10-15,26.91,27.0,26.63,26.78,26.0788,15036900
2025-10-16,26.82,26.89,26.47,26.57,25.8743,18983200
2025-10-17,26.61,26.79,26.56,26.79,26.0886,14043800
2025-10-20,26.82,27.0,26.81,26.99,26.2833,13374300
2025-10-21,26.99,27.14,26.94,27.07,26.3612,14782500
2025-10-22,27.02,27.18,26.93,26.99,26.2833,13644800
2025-10-23,27.11,27.17,26.99,27.03,26.3223,13653800
2025-10-24,27.17,27.22,27.03,27.03,26.3223,14055000
2025-10-27,27.1,27.14,27.04,27.12,26.4099,17308000
2025-10-28,27.13,27.17,27.0,27.0,26.2931,19879800
2025-10-29,26.98,27.01,26.65,26.74,26.0399,22899100
2025-10-30,26.64,26.87,26.6,26.68,25.9815,18030300
2025-10-31,26.59,26.79,26.49,26.75,26.0496,16174400
2025-11-03,26.65,26.66,26.32,26.47,25.777,20525300
2025-11-04,26.37,26.47,26.32,26.44,25.7477,18189400
2025-11-05,26.43,26.68,26.41,26.57,25.8743,16559900
2025-11-06,26.55,26.67,26.46,26.52,25.8256,15867800
2025-11-07,26.55,26.74,26.49,26.72,26.0204,18818800
2025-11-10,26.76,26.8,26.51,26.77,26.0691,19396900
2025-11-11,26.82,27.23,26.82,27.18,26.4684,16948900
2025-11-12,27.17,27.29,27.16,27.19,26.4781,15034300
2025-11-13,27.24,27.49,27.19,27.22,26.5073,21714900
2025-11-14,27.22,27.35,27.0,27.24,26.5268,19840800
2025-11-17,27.23,27.33,26.94,27.0,26.2931,17416700
2025-11-18,26.94,27.25,26.89,27.16,26.4489,17175100
2025-11-19,27.03,27.07,26.81,26.93,26.2249,17996500
2025-11-20,27.01,27.12,26.6,26.62,25.923,21664100
2025-11-21,26.7,27.3,26.7,27.1,26.3905,21087200
2025-11-24,27.13,27.17,26.94,26.95,26.2444,22398300
2025-11-25,27.02,27.34,27.02,27.32,26.6047,17863700
2025-11-26,27.29,27.57,27.29,27.45,26.7313,14495900
2025-11-28,27.46,27.64,27.45,27.59,26.8676,8406000
2025-12-01,27.56,27.73,27.49,27.53,26.8092,20224200
2025-12-02,27.53,27.54,27.27,27.4,26.6826,17595800
2025-12-03,27.51,27.84,27.51,27.8,27.0721,16300500
2025-12-04,27.82,27.88,27.68,27.75,27.0234,15934900
2025-12-05,27.75,27.9,27.7,27.71,26.9845,14265800
2025-12-08,27.7,27.71,27.55,27.58,26.8579,20370900
2025-12-09,27.57,27.7,27.45,27.46,26.741,19476000
2025-12-10,27.25,27.64,27.21,27.57,27.1227,16499500
2025-12-11,27.58,27.77,27.58,27.68,27.231,18955300
2025-12-12,27.76,27.81,27.61,27.68,27.231,20252900
2025-12-15,27.75,27.83,27.64,27.76,27.3097,25870900
2025-12-16,27.73,27.75,27.39,27.47,27.0244,20603500
2025-12-17,27.52,27.63,27.47,27.6,27.1523,17679900
2025-12-18,27.62,27.71,27.45,27.48,27.0342,19642900
2025-12-19,27.48,27.57,27.43,27.46,27.0145,20518200
2025-12-22,27.53,27.67,27.5,27.62,27.1719,20436800
2025-12-23,27.62,27.64,27.51,27.54,27.0932,16626400
2025-12-24,27.56,27.67,27.54,27.66,27.2113,9031900
2025-12-26,27.64,27.7,27.51,27.64,27.1916,15949400
2025-12-29,27.64,27.69,27.57,27.62,27.1719,15289800
2025-12-30,27.63,27.66,27.56,27.63,27.1818,15209800
2025-12-31,27.61,27.61,27.43,27.43,26.985,14202400
2026-01-02,27.5,27.81,27.28,27.73,27.2801,22356200
2026-01-05,27.94,28.02,27.74,27.91,27.4572,27203800
2026-01-06,27.94,28.13,27.93,28.09,27.6343,18746400
2026-01-07,28.18,28.25,27.86,27.9,27.4474,18870000
2026-01-08,27.94,28.49,27.91,28.42,27.9589,22373700
2026-01-09,28.5,28.64,28.46,28.55,28.0868,17651900
2026-01-12,28.57,28.57,28.37,28.5,28.0377,24490500
2026-01-13,28.59,28.69,28.49,28.62,28.1557,18445500
2026-01-14,28.62,29.11,28.61,29.04,28.5689,21696900
2026-01-15,29.0,29.09,28.83,29.03,28.5591,18253100
2026-01-16,28.99,29.02,28.86,28.9,28.4312,19792300
2026-01-20,28.7,28.82,28.57,28.7,28.2344,24135600
2026-01-21,28.82,29.19,28.81,29.15,28.6771,20011400
2026-01-22,29.16,29.26,29.12,29.17,28.6968,16446000
2026-01-23,29.24,29.3,29.04,29.14,28.6673,19242800
2026-01-26,29.23,29.29,29.07,29.18,28.7066,19124800
2026-01-27,29.18,29.39,29.13,29.37,28.8935,14886200
2026-01-28,29.37,29.49,29.17,29.3,28.8247,19578400
2026-01-29,29.46,29.79,29.37,29.37,28.8935,27141900
2026-01-30,29.4,29.82,29.38,29.82,29.3362,22771200
2026-02-02,29.65,30.08,29.57,30.0,29.5133,23678900
2026-02-03,29.98,30.55,29.96,30.5,30.0052,28640100
2026-02-04,30.6,31.08,30.57,31.01,30.5069,34231600
2026-02-05,30.98,31.07,30.75,30.97,30.4676,31348400
2026-02-06,31.09,31.49,31.06,31.47,30.9595,27103700
2026-02-09,31.42,31.49,31.17,31.35,30.8414,25465200
2026-02-10,31.35,31.4,31.21,31.3,30.7922,20978000
2026-02-11,31.4,31.74,31.36,31.64,31.1267,23176800
2026-02-12,31.62,31.77,31.3,31.34,30.8316,23196300
2026-02-13,31.3,31.71,31.29,31.61,31.0972,29146500
2026-02-17,31.7,31.88,31.21,31.42,30.9103,32704700
2026-02-18,31.51,31.58,31.41,31.56,31.048,18596800
2026-02-19,31.6,31.75,31.46,31.57,31.0578,17596100
2026-02-20,31.55,31.66,31.36,31.61,31.0972,19596700
2026-02-23,31.55,31.8,31.42,31.53,31.0185,21142700
2026-02-24,31.55,31.7,31.5,31.64,31.1267,16288400
2026-02-25,31.66,31.66,31.28,31.51,30.9988,21818500
2026-02-26,31.5,31.64,31.42,31.51,30.9988,20177100
2026-02-27,31.51,31.79,31.4,31.77,31.2546,17423600
2026-03-02,31.92,31.95,31.61,31.86,31.3431,24565200
2026-03-03,31.64,31.72,31.28,31.59,31.0775,29375000
2026-03-04,31.59,31.63,31.27,31.54,31.0283,36141400
2026-03-05,31.46,31.53,31.06,31.26,30.7529,21798300
2026-03-06,31.11,31.15,30.78,31.13,30.625,30706100
2026-03-09,31.0,31.08,30.61,31.02,30.5168,27754600
2026-03-10,30.95,31.17,30.82,30.9,30.3987,26716000
2026-03-11,30.85,31.03,30.81,31.0,30.4971,19947100
2026-03-12,30.86,31.1,30.74,30.82,30.32,22684200
2026-03-13,30.91,31.06,30.75,30.8,30.3003,30481900
2026-03-16,30.92,31.0,30.82,30.87,30.3692,30596500
2026-03-17,31.01,31.17,30.93,30.95,30.4479,24456000
2026-03-18,30.89,30.93,30.55,30.58,30.0839,26352600
2026-03-19,30.52,30.74,30.47,30.59,30.0937,29056900
2026-03-20,30.62,30.73,30.23,30.39,29.897,27516700
2026-03-23,30.68,30.83,30.5,30.54,30.0446,33437900
2026-03-24,30.4,30.8,30.37,30.64,30.1429,30013400
2026-03-25,30.49,30.64,30.38,30.54,30.2987,27249800
2026-03-26,30.44,30.81,30.44,30.62,30.3781,20280100
2026-03-27,30.59,30.68,30.37,30.44,30.1995,23433800
2026-03-30,30.68,30.74,30.39,30.48,30.2392,30521900
2026-03-31,30.7,30.81,30.44,30.68,30.4376,30453500
2026-04-01,30.56,30.71,30.37,30.51,30.2689,31995000
2026-04-02,30.46,30.64,30.38,30.56,30.3185,20626200
2026-04-06,30.51,30.64,30.42,30.64,30.3979,21978700
2026-04-07,30.68,30.71,30.46,30.56,30.3185,18789600
2026-04-08,30.56,30.86,30.51,30.86,30.6162,30778800
2026-04-09,30.79,30.97,30.72,30.94,30.6955,31723800
2026-04-10,30.97,30.97,30.5,30.56,30.3185,19661600
2026-04-13,30.59,30.75,30.42,30.74,30.4971,19407400
2026-04-14,30.66,30.74,30.51,30.71,30.4674,18705300
2026-04-15,30.7,30.74,30.51,30.65,30.4078,19024500
2026-04-16,30.64,30.86,30.61,30.81,30.5666,17406500
2026-04-17,30.79,31.1,30.72,31.05,30.8047,20134700
2026-04-20,31.07,31.17,30.96,31.03,30.7848,17253100
2026-04-21,31.19,31.24,30.94,30.98,30.7352,17909800
2026-04-22,31.07,31.21,30.94,31.01,30.765,15167200
2026-04-23,31.16,31.44,31.14,31.42,31.1717,16814200
2026-04-24,31.5,31.55,31.14,31.2,30.9535,19340700
2026-04-27,31.3,31.52,31.1,31.13,30.884,19472300
2026-04-28,31.34,31.47,31.24,31.31,31.0626,15859900
2026-04-29,31.36,31.45,31.3,31.45,31.2015,17417400
2026-04-30,31.48,32.1,31.4,32.07,31.8166,21723300
2026-05-01,32.08,32.13,31.82,31.86,31.6083,21039900
2026-05-04,31.75,31.78,31.46,31.52,31.271,22058900
2026-05-05,31.5,31.77,31.35,31.69,31.4396,16891100
2026-05-06,31.64,31.75,31.56,31.66,31.4098,20183600
2026-05-07,31.51,31.7,31.27,31.54,31.2908,24151200
2026-05-08,31.69,31.79,31.53,31.62,31.3702,20946800
2026-05-11,31.82,31.97,31.63,31.75,31.4991,24800700
2026-05-12,31.8,31.84,31.52,31.76,31.5091,22999900
2026-05-13,31.76,31.78,31.57,31.75,31.4991,16077400
2026-05-14,31.78,31.95,31.69,31.8,31.5487,20145900
2026-05-15,31.85,31.9,31.63,31.72,31.4694,16015700
2026-05-18,31.78,32.07,31.66,32.04,31.7868,20267400
2026-05-19,31.94,32.19,31.84,32.1,31.8464,18074200
2026-05-20,32.06,32.16,31.94,32.12,31.8662,18299100
2026-05-21,32.04,32.26,31.86,32.25,31.9952,19360600
2026-05-22,32.42,32.89,32.38,32.83,32.5706,19172000
2026-05-26,32.86,32.91,32.63,32.67,32.4119,28043700
2026-05-27,32.66,32.73,32.53,32.55,32.2928,17388700
2026-05-28,32.62,32.73,32.5,32.63,32.3722,16915400
2026-05-29,32.62,32.68,32.43,32.5,32.2432,17205900
2026-06-01,32.27,32.34,32.15,32.18,31.9257,27497800
2026-06-02,32.14,32.42,32.07,32.37,32.1142,19827000
2026-06-03,32.25,32.51,32.19,32.37,32.1142,16608200
2026-06-04,32.61,32.79,32.49,32.59,32.3325,18235100
2026-06-05,32.6,32.66,32.29,32.3,32.0448,26826000
2026-06-08,32.36,32.54,32.27,32.29,32.0349,21239400
2026-06-09,32.32,32.41,32.07,32.39,32.1341,23600300
2026-06-10,32.4,32.54,32.24,32.26,32.0051,20776300
2026-06-11,32.45,32.71,32.39,32.53,32.273,21831600
2026-06-12,32.62,32.92,32.57,32.82,32.5607,20503700
2026-06-15,32.76,32.86,32.6,32.63,32.3722,25567300
2026-06-16,32.67,32.84,32.5,32.53,32.273,20119700
2026-06-17,32.48,32.5,31.84,31.93,31.6777,24015200
2026-06-18,31.97,31.98,31.75,31.86,31.6083,21237300
2026-06-22,31.86,32.04,31.83,31.89,31.638,22208900
2026-06-23,31.9,32.07,31.79,32.02,31.767,19897100
2026-06-24,31.73,31.85,31.61,31.72,31.72,19321200
2026-06-25,31.83,32.21,31.81,31.96,31.96,16436600
2026-06-26,31.99,32.31,31.97,32.09,32.09,22398300
2026-06-29,32.24,32.24,31.86,31.93,31.93,27791000
2026-06-30,31.94,31.97,31.69,31.71,31.71,20679100
2026-07-01,31.75,32.04,31.74,31.85,31.85,20100300
2026-07-02,32.07,32.4,32.06,32.39,32.39,19859200
2026-07-06,32.38,32.48,32.06,32.24,32.24,24030700
2026-07-07,32.55,32.72,32.44,32.54,32.54,21176400
2026-07-08,32.52,32.54,32.32,32.34,32.34,17997100
2026-07-09,32.24,32.34,32.12,32.26,32.26,17425100
2026-07-10,32.31,32.44,32.26,32.4,32.4,14202400
2026-07-13,32.58,32.72,32.47,32.56,32.56,18864100
2026-07-14,32.55,32.56,32.18,32.2,32.2,23685000
2026-07-15,32.25,32.5,32.21,32.34,32.34,16317500
2026-07-16,32.6,33.04,32.59,33.04,33.04,24656800
2026-07-17,33.19,33.5,32.82,32.91,32.91,22221500
2026-07-20,32.94,32.95,32.71,32.75,32.75,19501800
2026-07-21,32.75,32.83,32.59,32.82,32.82,17734400
2026-07-22,32.99,33.12,32.87,32.9,32.9,16920600
2026-07-23,32.79,32.97,32.71,32.8,32.8,19621100
2026-07-24,32.85,33.3,32.85,33.29,33.29,20136100
2026-07-27,33.33,33.6,33.32,33.43,33.43,24004200
2026-07-28,33.76,34.24,33.74,33.89,33.89,27315400
2026-07-29,33.94,34.13,33.78,33.83,33.83,30028700
2026-07-30,33.38,33.45,33.04,33.41,33.41,35446700
2026-07-31,33.32,33.54,33.09,33.47,33.47,25718200
2026-08-03,33.6,33.82,33.41,33.56,33.56,24706000
2026-08-04,33.46,33.88,33.26,33.85,33.85,26996700
2026-08-05,33.94,33.96,33.51,33.64,33.64,23515300
2026-08-06,33.86,33.92,33.55,33.7,33.7,22903800
2026-08-07,33.6,33.91,33.5,33.9,33.9,20355900
2026-08-10,33.89,34.19,33.82,34.19,34.19,24148200
2026-08-11,34.16,34.34,34.09,34.27,34.27,22069000
2026-08-12,34.19,34.31,34.05,34.26,34.26,18971100
2026-08-13,34.35,34.51,34.31,34.43,34.43,18263800
2026-08-14,34.47,34.54,34.38,34.52,34.52,20698500
2026-08-17,34.35,34.41,34.24,34.29,34.29,24547000
2026-08-18,34.48,34.62,34.4,34.51,34.51,23379000
2026-08-19,34.77,35.31,34.77,35.09,35.09,25515200
2026-08-20,34.98,35.15,34.82,34.83,34.83,21355400
2026-08-21,34.94,35.21,34.91,35.11,35.11,19784600
2026-08-24,35.13,35.31,35.11,35.21,35.21,24149100
2026-08-25,35.11,35.15,34.94,35.11,35.11,26614700
2026-08-26,35.02,35.18,34.98,35.05,35.05,21657600
2026-08-27,34.77,34.97,34.7,34.83,34.83,25773500
2026-08-28,34.87,34.95,34.77,34.9,34.9,21068400
2026-08-31,34.92,34.96,34.81,34.89,34.89,20953100
2026-09-01,35.02,35.12,34.72,34.81,34.81,23493500
2026-09-02,34.83,35.1,34.81,35.01,35.01,21231800
2026-09-03,35.11,35.2,34.89,35.08,35.08,21395200
2026-09-04,34.83,34.95,34.78,34.8,34.8,24579900
2026-09-08,34.66,34.7,34.38,34.41,34.41,31888000
2026-09-09,34.45,34.45,34.07,34.09,34.09,25855400
2026-09-10,34.15,34.16,33.94,33.99,33.99,21586900
2026-09-11,34.2,34.24,34.02,34.12,34.12,18490000
2026-09-14,34.35,34.51,34.28,34.34,34.34,22897200
2026-09-15,34.29,34.46,34.23,34.33,34.33,17233000
2026-09-16,34.29,34.3,33.71,33.84,33.84,23977000
2026-09-17,33.97,34.03,33.81,33.89,33.89,21048900
2026-09-18,33.73,33.79,33.58,33.68,33.68,22392900
2026-09-21,33.73,33.82,33.55,33.72,33.72,25218300
2026-09-22,33.81,33.85,33.67,33.74,33.74,24317000
2026-09-23,33.48,33.5,33.26,33.28,33.28,23060474
