date,open,high,low,close,adj_close,volume
2015-01-02,14.47,14.49,14.355,14.4,10.4973,2196800
2015-01-05,14.235,14.25,14.035,14.08,10.2641,2791000
2015-01-06,14.07,14.105,13.87,13.925,10.1511,2036800
2015-01-07,14.01,14.085,13.925,14.055,10.2458,1364000
2015-01-08,14.12,14.285,14.12,14.24,10.3807,1636000
2015-01-09,14.25,14.255,14.11,14.175,10.3333,3716800
2015-01-12,14.19,14.19,14.06,14.12,10.2932,4088400
2015-01-13,14.305,14.315,14.08,14.195,10.3479,1759600
2015-01-14,14.135,14.175,14.025,14.145,10.3114,2407200
2015-01-15,14.315,14.33,14.2,14.205,10.3552,1822600
2015-01-16,14.235,14.4,14.21,14.38,10.4828,1118000
2015-01-20,14.505,14.525,14.365,14.425,10.5156,2052400
2015-01-21,14.445,14.535,14.42,14.53,10.5921,987200
2015-01-22,14.505,14.63,14.46,14.59,10.6358,1786600
2015-01-23,14.58,14.6,14.505,14.505,10.5739,1452600
2015-01-26,14.61,14.715,14.575,14.68,10.7015,1444000
2015-01-27,14.64,14.745,14.63,14.705,10.7197,1505400
2015-01-28,14.73,14.735,14.48,14.49,10.5629,1656800
2015-01-29,14.585,14.67,14.53,14.665,10.6905,1492200
2015-01-30,14.535,14.585,14.45,14.465,10.5447,1688600
2015-02-02,14.57,14.68,14.51,14.655,10.6832,1731400
2015-02-03,14.74,14.9,14.735,14.87,10.84,1760800
2015-02-04,14.79,14.855,14.74,14.75,10.7525,1303800
2015-02-05,14.855,14.945,14.825,14.935,10.8873,2002600
2015-02-06,14.84,14.86,14.705,14.745,10.7488,1365800
2015-02-09,14.675,14.75,14.665,14.685,10.7051,2635400
2015-02-10,14.79,14.81,14.705,14.79,10.7816,2308000
2015-02-11,14.71,14.755,14.655,14.73,10.7379,1417400
2015-02-12,14.82,14.955,14.82,14.95,10.8983,778000
2015-02-13,15.04,15.05,15.0,15.05,10.9712,1386800
2015-02-17,15.065,15.12,15.0,15.1,11.0076,1106000
2015-02-18,15.14,15.205,15.1,15.17,11.0587,977800
2015-02-19,15.17,15.215,15.135,15.165,11.055,1602800
2015-02-20,15.14,15.345,15.1,15.315,11.1644,1482400
2015-02-23,15.26,15.26,15.21,15.245,11.1133,1250600
2015-02-24,15.255,15.36,15.21,15.335,11.1789,2091400
2015-02-25,15.335,15.375,15.305,15.355,11.1935,1072400
2015-02-26,15.34,15.36,15.3,15.32,11.168,1083600
2015-02-27,15.335,15.375,15.305,15.315,11.1644,1446600
2015-03-02,15.33,15.35,15.295,15.34,11.1826,2207400
2015-03-03,15.31,15.345,15.225,15.26,11.1243,1192400
2015-03-04,15.185,15.22,15.095,15.205,11.0842,1486200
2015-03-05,15.275,15.28,15.21,15.24,11.1097,1056800
2015-03-06,15.155,15.155,15.01,15.03,10.9566,1222800
2015-03-09,15.055,15.06,15.0,15.04,10.9639,1106400
2015-03-10,14.835,14.845,14.715,14.725,10.7343,1870800
2015-03-11,14.72,14.785,14.695,14.755,10.7561,1144400
2015-03-12,14.915,14.96,14.87,14.93,10.8837,1145000
2015-03-13,14.835,14.855,14.75,14.845,10.8217,1410600
2015-03-16,14.955,15.03,14.93,15.005,10.9384,1308600
2015-03-17,14.935,14.995,14.9,14.985,10.9238,2159000
2015-03-18,14.96,15.32,14.95,15.285,11.1425,1851800
2015-03-19,15.12,15.16,15.075,15.11,11.0149,975600
2015-03-20,15.32,15.48,15.31,15.43,11.2482,1271400
2015-03-23,15.475,15.525,15.45,15.505,11.3029,1276600
2015-03-24,15.55,15.555,15.49,15.495,11.2956,1554200
2015-03-25,15.565,15.57,15.4,15.415,11.2373,2367000
2015-03-26,15.31,15.32,15.195,15.28,11.1388,1007200
2015-03-27,15.25,15.315,15.245,15.295,11.1498,1051400
2015-03-30,15.315,15.355,15.31,15.325,11.1716,1390800
2015-03-31,15.125,15.185,15.085,15.115,11.0186,1842800
2015-04-01,15.205,15.235,15.1,15.205,11.0842,2897600
2015-04-02,15.305,15.36,15.29,15.335,11.1789,1220800
2015-04-06,15.4,15.575,15.37,15.495,11.2956,1510400
2015-04-07,15.535,15.595,15.48,15.485,11.2883,1402600
2015-04-08,15.605,15.65,15.51,15.55,11.3357,1207200
2015-04-09,15.57,15.585,15.515,15.58,11.3575,1525800
2015-04-10,15.565,15.615,15.55,15.615,11.383,1178400
2015-04-13,15.56,15.59,15.51,15.53,11.3211,1177600
2015-04-14,15.635,15.67,15.6,15.645,11.4049,988600
2015-04-15,15.7,15.765,15.645,15.74,11.4742,1388000
2015-04-16,15.78,15.82,15.695,15.78,11.5033,1592200
2015-04-17,15.61,15.645,15.535,15.6,11.3721,1470200
2015-04-20,15.63,15.67,15.605,15.625,11.3903,1373000
2015-04-21,15.755,15.775,15.715,15.735,11.4705,1594400
2015-04-22,15.78,15.785,15.68,15.775,11.4997,970000
2015-04-23,15.705,15.87,15.695,15.85,11.5544,1087800
2015-04-24,15.915,15.95,15.84,15.92,11.6054,830000
2015-04-27,16.035,16.075,15.98,16.0,11.6637,1844200
2015-04-28,15.975,16.025,15.915,16.02,11.6783,1107600
2015-04-29,15.93,15.945,15.84,15.89,11.5835,1858200
2015-04-30,15.765,15.82,15.705,15.725,11.4632,1432400
2015-05-01,15.805,15.86,15.745,15.855,11.558,2875000
2015-05-04,15.84,15.9,15.805,15.865,11.5653,1292000
2015-05-05,15.8,15.825,15.635,15.65,11.4086,1630600
2015-05-06,15.735,15.735,15.61,15.655,11.4122,1323600
2015-05-07,15.62,15.63,15.545,15.61,11.3794,1214600
2015-05-08,15.85,15.96,15.845,15.94,11.62,830200
2015-05-11,15.845,15.88,15.795,15.82,11.5325,1000800
2015-05-12,15.8,15.835,15.755,15.805,11.5216,1026800
2015-05-13,15.95,15.99,15.885,15.9,11.5908,1465000
2015-05-14,16.04,16.085,16.015,16.08,11.722,1299200
2015-05-15,16.06,16.11,16.0,16.1,11.7366,968000
2015-05-18,16.035,16.06,16.0,16.04,11.6929,1525800
2015-05-19,16.0,16.025,15.97,15.985,11.6528,1087000
2015-05-20,15.985,16.07,15.975,16.01,11.671,1090000
2015-05-21,16.05,16.12,16.02,16.09,11.7293,1226200
2015-05-22,16.025,16.035,15.985,15.995,11.6601,744800
2015-05-26,15.885,15.93,15.7,15.735,11.4705,1584000
2015-05-27,15.765,15.86,15.73,15.85,11.5544,1429200
2015-05-28,15.785,15.835,15.705,15.83,11.5398,1119600
2015-05-29,15.775,15.8,15.61,15.675,11.4268,1189000
2015-06-01,15.73,15.73,15.575,15.615,11.383,2494200
2015-06-02,15.685,15.78,15.645,15.71,11.4523,1139000
2015-06-03,15.775,15.845,15.75,15.785,11.507,1088200
2015-06-04,15.705,15.78,15.575,15.615,11.383,4316600
2015-06-05,15.435,15.51,15.375,15.465,11.2737,2958600
2015-06-08,15.455,15.46,15.37,15.42,11.2409,2601400
2015-06-09,15.385,15.415,15.285,15.345,11.1862,1495000
2015-06-10,15.595,15.695,15.56,15.64,11.4013,1349000
2015-06-11,15.705,15.725,15.62,15.685,11.4341,1689200
2015-06-12,15.54,15.61,15.49,15.565,11.3466,1417200
2015-06-15,15.4,15.485,15.37,15.48,11.2846,1846200
2015-06-16,15.41,15.48,15.375,15.465,11.2737,1950000
2015-06-17,15.43,15.475,15.305,15.45,11.2628,1305600
2015-06-18,15.49,15.68,15.485,15.58,11.3575,1157800
2015-06-19,15.57,15.58,15.525,15.53,11.3211,1598000
2015-06-22,15.78,15.885,15.75,15.8,11.5179,1539800
2015-06-23,15.845,15.865,15.825,15.85,11.5544,2911600
2015-06-24,15.78,15.805,15.715,15.735,11.4705,1005000
2015-06-25,15.795,15.795,15.715,15.72,11.4596,751400
2015-06-26,15.745,15.765,15.665,15.715,11.4559,1926200
2015-06-29,15.46,15.49,14.79,15.255,11.1206,4763600
2015-06-30,15.405,15.405,15.16,15.235,11.106,3028800
2015-07-01,15.395,15.415,15.25,15.295,11.1498,3516400
2015-07-02,15.305,15.36,15.285,15.335,11.1789,2215400
2015-07-06,15.035,15.15,14.99,15.025,10.9529,2379800
2015-07-07,14.915,15.055,14.745,15.025,10.9529,4892600
2015-07-08,14.79,14.85,14.66,14.69,10.7087,3531000
2015-07-09,15.015,15.02,14.855,14.885,10.8509,2193400
2015-07-10,15.315,15.34,15.215,15.315,11.1644,2041400
2015-07-13,15.39,15.415,15.36,15.385,11.2154,1208400
2015-07-14,15.44,15.5,15.405,15.49,11.2919,1355000
2015-07-15,15.475,15.48,15.385,15.43,11.2482,1182200
2015-07-16,15.58,15.595,15.54,15.555,11.3393,1198800
2015-07-17,15.555,15.575,15.495,15.52,11.3138,984800
2015-07-20,15.575,15.575,15.505,15.53,11.3211,2219800
2015-07-21,15.5,15.525,15.465,15.495,11.2956,1522600
2015-07-22,15.345,15.39,15.345,15.37,11.2044,1208400
2015-07-23,15.405,15.405,15.305,15.325,11.1716,1798800
2015-07-24,15.305,15.305,15.145,15.165,11.055,1526200
2015-07-27,15.135,15.135,15.035,15.055,10.9748,1925800
2015-07-28,15.185,15.255,15.105,15.245,11.1133,1638200
2015-07-29,15.245,15.36,15.235,15.31,11.1607,2055600
2015-07-30,15.255,15.3,15.185,15.3,11.1534,1216400
2015-07-31,15.435,15.44,15.345,15.365,11.2008,1233800
2015-08-03,15.38,15.39,15.27,15.32,11.168,2196600
2015-08-04,15.37,15.39,15.315,15.325,11.1716,1178600
2015-08-05,15.43,15.475,15.395,15.42,11.2409,1159800
2015-08-06,15.405,15.405,15.305,15.345,11.1862,1300200
2015-08-07,15.295,15.33,15.25,15.315,11.1644,1591800
2015-08-10,15.37,15.51,15.37,15.5,11.2992,1650200
2015-08-11,15.315,15.335,15.195,15.265,11.1279,2582400
2015-08-12,15.11,15.18,15.01,15.18,11.0659,3413000
2015-08-13,15.17,15.185,15.1,15.155,11.0477,1199000
2015-08-14,15.14,15.2,15.1,15.19,11.0732,1540000
2015-08-17,15.09,15.155,15.02,15.155,11.0477,2102600
2015-08-18,15.075,15.105,15.03,15.055,10.9748,1454600
2015-08-19,14.945,14.975,14.83,14.895,10.8582,7092000
2015-08-20,14.75,14.77,14.545,14.55,10.6067,6893400
2015-08-21,14.51,14.53,14.18,14.2,10.3515,9347000
2015-08-24,13.925,13.99,13.275,13.715,9.998,14488400
2015-08-25,14.015,14.64,13.825,13.825,10.0782,5068400
2015-08-26,14.135,14.195,13.86,14.19,10.3442,2834600
2015-08-27,14.285,14.45,14.25,14.415,10.5083,3367400
2015-08-28,14.335,14.42,14.285,14.4,10.4973,1767400
2015-08-31,14.3,14.36,14.235,14.305,10.4281,3123000
2015-09-01,14.02,14.02,13.765,13.82,10.0745,6256800
2015-09-02,14.05,14.05,13.85,14.0,10.2057,1767800
2015-09-03,14.05,14.155,14.005,14.045,10.2385,2627200
2015-09-04,13.78,13.81,13.675,13.745,10.0199,2515200
2015-09-08,14.095,14.135,14.025,14.13,10.3005,2086200
2015-09-09,14.35,14.35,14.055,14.07,10.2568,6645800
2015-09-10,14.075,14.21,14.055,14.165,10.326,1044200
2015-09-11,14.065,14.15,14.03,14.15,10.3151,1539000
2015-09-14,14.055,14.06,13.995,14.04,10.2349,1805200
2015-09-15,14.04,14.15,14.01,14.13,10.3005,2969600
2015-09-16,14.235,14.36,14.215,14.36,10.4682,2459200
2015-09-17,14.29,14.53,14.26,14.375,10.4791,1197000
2015-09-18,14.13,14.185,14.035,14.05,10.2422,2169400
2015-09-21,14.09,14.105,13.965,14.035,10.2313,8092800
2015-09-22,13.745,13.755,13.605,13.71,9.9943,8304400
2015-09-23,13.705,13.76,13.575,13.64,9.9433,3557800
2015-09-24,13.505,13.6,13.435,13.575,9.8959,8279000
2015-09-25,13.785,13.81,13.64,13.705,9.9907,2218600
2015-09-28,13.605,13.645,13.385,13.415,9.7793,4902800
2015-09-29,13.375,13.445,13.315,13.415,9.7793,6413000
2015-09-30,13.61,13.695,13.545,13.685,9.9761,6670600
2015-10-01,13.755,13.8,13.61,13.725,10.0053,2299600
2015-10-02,13.665,13.945,13.63,13.945,10.1656,1807600
2015-10-05,14.11,14.225,14.105,14.22,10.3661,3298800
2015-10-06,14.205,14.295,14.205,14.26,10.3953,1837400
2015-10-07,14.41,14.475,14.32,14.435,10.5228,1493400
2015-10-08,14.36,14.555,14.345,14.555,10.6103,1506600
2015-10-09,14.62,14.625,14.54,14.58,10.6286,2627600
2015-10-12,14.55,14.57,14.515,14.54,10.5994,2400000
2015-10-13,14.37,14.48,14.35,14.36,10.4682,2114600
2015-10-14,14.395,14.445,14.35,14.4,10.4973,1052800
2015-10-15,14.5,14.65,14.495,14.64,10.6723,1377200
2015-10-16,14.62,14.65,14.575,14.64,10.6723,1413800
2015-10-19,14.575,14.595,14.525,14.585,10.6322,2123400
2015-10-20,14.52,14.58,14.505,14.54,10.5994,1352000
2015-10-21,14.62,14.64,14.5,14.5,10.5702,1155400
2015-10-22,14.585,14.725,14.58,14.68,10.7015,972400
2015-10-23,14.79,14.83,14.735,14.805,10.7926,1264600
2015-10-26,14.77,14.79,14.725,14.74,10.7452,1863600
2015-10-27,14.64,14.675,14.58,14.62,10.6577,1531200
2015-10-28,14.68,14.785,14.585,14.72,10.7306,1310600
2015-10-29,14.555,14.625,14.54,14.615,10.6541,1358000
2015-10-30,14.63,14.675,14.58,14.585,10.6322,2308400
2015-11-02,14.64,14.715,14.595,14.7,10.716,2348200
2015-11-03,14.62,14.76,14.605,14.725,10.7343,2867400
2015-11-04,14.73,14.73,14.595,14.625,10.6614,1448600
2015-11-05,14.65,14.69,14.57,14.6,10.6431,1633000
2015-11-06,14.505,14.545,14.425,14.515,10.5812,3247800
2015-11-09,14.45,14.455,14.32,14.385,10.4864,3009600
2015-11-10,14.305,14.37,14.285,14.355,10.4645,1200000
2015-11-11,14.48,14.49,14.405,14.42,10.5119,926200
2015-11-12,14.305,14.35,14.245,14.245,10.3843,2153800
2015-11-13,14.18,14.195,14.1,14.12,10.2932,3372000
2015-11-16,14.135,14.305,14.12,14.295,10.4208,2028200
2015-11-17,14.35,14.4,14.3,14.33,10.4463,6430400
2015-11-18,14.39,14.475,14.35,14.465,10.5447,2148000
2015-11-19,14.545,14.59,14.525,14.545,10.603,2084000
2015-11-20,14.6,14.61,14.5,14.51,10.5775,1396400
2015-11-23,14.465,14.5,14.395,14.42,10.5119,2662600
2015-11-24,14.325,14.46,14.325,14.435,10.5228,1510200
2015-11-25,14.445,14.495,14.42,14.465,10.5447,1425000
2015-11-27,14.47,14.48,14.445,14.46,10.5411,601400
2015-11-30,14.47,14.48,14.425,14.445,10.5301,1959000
2015-12-01,14.54,14.6,14.53,14.595,10.6395,1669600
2015-12-02,14.535,14.57,14.425,14.445,10.5301,3006200
2015-12-03,14.505,14.51,14.31,14.355,10.4645,6044200
2015-12-04,14.31,14.49,14.3,14.47,10.5484,4217200
2015-12-07,14.4,14.405,14.3,14.35,10.4609,2429600
2015-12-08,14.115,14.17,14.065,14.125,10.2969,5136800
2015-12-09,14.145,14.255,14.015,14.1,10.2786,2953600
2015-12-10,14.1,14.17,14.08,14.085,10.2677,3515200
2015-12-11,13.92,13.935,13.815,13.845,10.0928,6740000
2015-12-14,13.875,13.905,13.71,13.855,10.1,6639800
2015-12-15,13.93,13.99,13.905,13.935,10.1584,6102800
2015-12-16,14.1,14.23,14.025,14.21,10.3588,2769800
2015-12-17,14.19,14.19,14.025,14.025,10.224,2064200
2015-12-18,13.955,13.99,13.89,13.89,10.1256,3046800
2015-12-21,13.72,13.745,13.575,13.64,10.171,6828000
2015-12-22,13.685,13.76,13.635,13.745,10.2493,4047600
2015-12-23,13.855,13.975,13.855,13.975,10.4208,3791400
2015-12-24,13.93,13.98,13.925,13.945,10.3985,1404400
2015-12-28,13.905,13.915,13.85,13.895,10.3612,4216600
2015-12-29,14.005,14.075,14.0,14.05,10.4768,6364800
2015-12-30,13.995,13.995,13.93,13.95,10.4022,4085600
2015-12-31,13.87,13.885,13.78,13.78,10.2754,3578600
2016-01-04,13.575,13.575,13.4,13.56,10.1114,4672800
2016-01-05,13.525,13.55,13.445,13.545,10.1002,5297000
2016-01-06,13.255,13.34,13.235,13.295,9.9138,8079000
2016-01-07,13.06,13.17,13.025,13.05,9.7311,11446600
2016-01-08,13.11,13.125,12.87,12.89,9.6118,13061800
2016-01-11,13.025,13.04,12.81,12.93,9.6416,11849200
2016-01-12,13.005,13.04,12.87,12.985,9.6826,8564600
2016-01-13,13.065,13.085,12.74,12.785,9.5335,15234400
2016-01-14,12.82,12.99,12.73,12.935,9.6453,7983200
2016-01-15,12.515,12.6,12.405,12.485,9.3098,7660400
2016-01-19,12.67,12.705,12.495,12.59,9.3881,5615000
2016-01-20,12.325,12.385,12.065,12.32,9.1867,12183000
2016-01-21,12.25,12.48,12.185,12.41,9.2539,8814000
2016-01-22,12.71,12.79,12.68,12.78,9.5298,5175200
2016-01-25,12.67,12.725,12.58,12.585,9.3844,3703400
2016-01-26,12.665,12.82,12.65,12.815,9.5559,5293600
2016-01-27,12.79,12.93,12.69,12.745,9.5037,2297000
2016-01-28,12.86,12.87,12.69,12.8,9.5447,3109800
2016-01-29,12.855,13.035,12.83,13.035,9.7199,4582800
2016-02-01,12.925,13.045,12.87,13.005,9.6975,6728800
2016-02-02,12.825,12.825,12.675,12.71,9.4776,3590000
2016-02-03,12.78,12.83,12.56,12.82,9.5596,4673200
2016-02-04,12.765,12.915,12.745,12.86,9.5894,4615800
2016-02-05,12.805,12.835,12.63,12.665,9.444,4284600
2016-02-08,12.495,12.495,12.325,12.445,9.28,13086000
2016-02-09,12.18,12.345,12.18,12.275,9.1532,10922800
2016-02-10,12.33,12.415,12.235,12.26,9.142,12661600
2016-02-11,12.07,12.145,11.99,12.1,9.0227,10717800
2016-02-12,12.12,12.295,12.065,12.295,9.1681,5626400
2016-02-16,12.505,12.535,12.4,12.525,9.3396,5963200
2016-02-17,12.635,12.785,12.63,12.76,9.5148,5721400
2016-02-18,12.825,12.825,12.7,12.71,9.4776,2798400
2016-02-19,12.61,12.69,12.565,12.68,9.4552,3761200
2016-02-22,12.77,12.845,12.765,12.825,9.5633,4739000
2016-02-23,12.75,12.76,12.61,12.625,9.4142,5374600
2016-02-24,12.44,12.62,12.37,12.605,9.3993,7342600
2016-02-25,12.65,12.755,12.61,12.755,9.5111,3912800
2016-02-26,12.805,12.82,12.695,12.705,9.4738,3668400
2016-02-29,12.705,12.765,12.65,12.65,9.4328,4560600
2016-03-01,12.82,12.985,12.795,12.97,9.6714,2477200
2016-03-02,12.955,13.065,12.93,13.065,9.7423,2326400
2016-03-03,13.095,13.2,13.095,13.2,9.8429,4991600
2016-03-04,13.265,13.355,13.255,13.295,9.9138,2791800
2016-03-07,13.16,13.325,13.14,13.285,9.9063,3077800
2016-03-08,13.205,13.22,13.13,13.155,9.8094,5593000
2016-03-09,13.205,13.245,13.17,13.205,9.8467,1893000
2016-03-10,13.32,13.39,13.09,13.2,9.8429,3158000
2016-03-11,13.415,13.54,13.415,13.54,10.0965,2260400
2016-03-14,13.52,13.525,13.465,13.495,10.0629,3331800
2016-03-15,13.35,13.375,13.32,13.36,9.9623,2150400
2016-03-16,13.285,13.52,13.285,13.515,10.0778,2425200
2016-03-17,13.52,13.655,13.485,13.63,10.1636,3977400
2016-03-18,13.63,13.65,13.575,13.595,10.1375,1986800
2016-03-21,13.555,13.605,13.535,13.575,10.1226,2568200
2016-03-22,13.48,13.59,13.47,13.565,10.1151,1745800
2016-03-23,13.52,13.545,13.41,13.425,10.0107,2436800
2016-03-24,13.26,13.335,13.25,13.33,9.9399,1802200
2016-03-28,13.43,13.435,13.37,13.42,10.007,4547400
2016-03-29,13.365,13.57,13.325,13.565,10.1151,4360800
2016-03-30,13.675,13.745,13.63,13.67,10.1934,3536000
2016-03-31,13.62,13.65,13.555,13.555,10.1077,1483200
2016-04-01,13.29,13.42,13.255,13.405,9.9958,2566200
2016-04-04,13.445,13.445,13.35,13.375,9.9734,1798600
2016-04-05,13.13,13.165,13.1,13.115,9.7796,3258800
2016-04-06,13.16,13.325,13.145,13.325,9.9362,2799600
2016-04-07,13.215,13.255,13.11,13.14,9.7982,2381600
2016-04-08,13.385,13.435,13.36,13.395,9.9883,3032000
2016-04-11,13.46,13.535,13.405,13.41,9.9995,1851200
2016-04-12,13.495,13.64,13.44,13.61,10.1487,2558600
2016-04-13,13.78,13.835,13.755,13.82,10.3053,1931600
2016-04-14,13.86,13.885,13.83,13.85,10.3276,1261200
2016-04-15,13.82,13.855,13.805,13.815,10.3015,1462600
2016-04-18,13.785,13.94,13.775,13.925,10.3836,1853800
2016-04-19,14.125,14.19,14.115,14.17,10.5662,2860000
2016-04-20,14.15,14.245,14.135,14.18,10.5737,4559600
2016-04-21,14.175,14.175,14.065,14.1,10.5141,2276200
2016-04-22,14.105,14.13,14.04,14.1,10.5141,3139800
2016-04-25,14.04,14.04,13.985,14.03,10.4619,2292200
2016-04-26,14.065,14.1,14.04,14.08,10.4991,2821200
2016-04-27,14.05,14.12,14.02,14.1,10.5141,2188200
2016-04-28,13.94,14.045,13.895,13.925,10.3836,2261800
2016-04-29,13.92,13.945,13.82,13.875,10.3463,3270000
2016-05-02,13.95,13.995,13.925,13.985,10.4283,2096400
2016-05-03,13.85,13.85,13.735,13.755,10.2568,3294400
2016-05-04,13.65,13.665,13.56,13.595,10.1375,3061600
2016-05-05,13.58,13.63,13.53,13.58,10.1263,2506400
2016-05-06,13.5,13.615,13.495,13.605,10.1449,1750200
2016-05-09,13.615,13.64,13.555,13.57,10.1188,2335800
2016-05-10,13.65,13.76,13.65,13.755,10.2568,1950800
2016-05-11,13.665,13.73,13.655,13.66,10.186,2066400
2016-05-12,13.755,13.78,13.595,13.655,10.1822,2952000
2016-05-13,13.53,13.595,13.47,13.5,10.0666,2578800
2016-05-16,13.565,13.67,13.54,13.66,10.186,2076800
2016-05-17,13.63,13.69,13.56,13.58,10.1263,2306600
2016-05-18,13.58,13.715,13.525,13.57,10.1188,2500200
2016-05-19,13.49,13.51,13.43,13.495,10.0629,2686600
2016-05-20,13.57,13.615,13.56,13.59,10.1338,1684800
2016-05-23,13.55,13.58,13.52,13.55,10.1039,1402600
2016-05-24,13.615,13.75,13.615,13.73,10.2381,1961600
2016-05-25,13.82,13.89,13.775,13.865,10.3388,2963800
2016-05-26,13.91,13.94,13.865,13.895,10.3612,1959000
2016-05-27,13.88,13.9,13.85,13.87,10.3425,1386600
2016-05-31,13.94,13.96,13.79,13.825,10.309,3072000
2016-06-01,13.74,13.83,13.74,13.815,10.3015,2706000
2016-06-02,13.75,13.82,13.725,13.82,10.3053,1927800
2016-06-03,13.885,13.925,13.81,13.925,10.3836,1897800
2016-06-06,13.955,14.035,13.955,14.0,10.4395,2638600
2016-06-07,14.095,14.155,14.095,14.11,10.5215,3061600
2016-06-08,14.175,14.2,14.145,14.16,10.5588,2249000
2016-06-09,14.005,14.02,13.945,13.99,10.432,1334200
2016-06-10,13.72,13.745,13.575,13.61,10.1487,2470800
2016-06-13,13.455,13.545,13.385,13.41,9.9995,5437000
2016-06-14,13.285,13.325,13.16,13.24,9.8728,13090600
2016-06-15,13.335,13.39,13.29,13.315,9.9287,7258200
2016-06-16,13.125,13.34,13.025,13.33,9.9399,7880400
2016-06-17,13.37,13.47,13.31,13.445,10.0256,3046600
2016-06-20,13.845,13.855,13.75,13.76,10.2605,3321400
2016-06-21,13.87,13.955,13.8,13.865,10.3388,2066800
2016-06-22,13.905,13.975,13.855,13.86,10.3351,2515400
2016-06-23,14.12,14.225,14.04,14.215,10.5998,2474600
2016-06-24,13.075,13.395,13.065,13.07,9.746,10904400
2016-06-27,12.905,12.905,12.665,12.81,9.5521,18324600
2016-06-28,13.105,13.135,12.99,13.135,9.7945,10484600
2016-06-29,13.33,13.41,13.295,13.375,9.9734,5804600
2016-06-30,13.41,13.555,13.365,13.555,10.1077,3797200
2016-07-01,13.575,13.615,13.565,13.595,10.1375,2816400
2016-07-05,13.445,13.445,13.29,13.32,9.9324,3829800
2016-07-06,13.19,13.315,13.105,13.31,9.925,4466200
2016-07-07,13.34,13.385,13.215,13.26,9.8877,5307000
2016-07-08,13.4,13.46,13.375,13.44,10.0219,3560200
2016-07-11,13.61,13.68,13.59,13.635,10.1673,2893000
2016-07-12,13.81,13.87,13.79,13.82,10.3053,2992000
2016-07-13,13.84,13.88,13.78,13.82,10.3053,2366800
2016-07-14,13.945,13.97,13.91,13.93,10.3873,3694800
2016-07-15,13.9,13.91,13.835,13.865,10.3388,2704000
2016-07-18,13.865,13.93,13.83,13.905,10.3686,1751400
2016-07-19,13.79,13.815,13.755,13.785,10.2792,1751000
2016-07-20,13.84,13.91,13.835,13.9,10.3649,2398600
2016-07-21,13.85,13.905,13.82,13.85,10.3276,4600000
2016-07-22,13.86,13.875,13.83,13.85,10.3276,3041800
2016-07-25,13.86,13.87,13.8,13.835,10.3164,1450200
2016-07-26,13.895,13.935,13.85,13.885,10.3537,1640400
2016-07-27,13.97,13.985,13.835,13.96,10.4097,2172600
2016-07-28,13.95,13.96,13.88,13.95,10.4022,1537800
2016-07-29,14.055,14.135,14.03,14.105,10.5178,3940400
2016-08-01,14.075,14.095,14.005,14.015,10.4507,2324600
2016-08-02,14.0,14.015,13.9,13.95,10.4022,1706600
2016-08-03,13.85,13.905,13.825,13.9,10.3649,1590000
2016-08-04,13.935,13.985,13.925,13.975,10.4208,1608800
2016-08-05,13.99,14.045,13.975,14.04,10.4693,1512000
2016-08-08,14.075,14.085,14.055,14.08,10.4991,1547000
2016-08-09,14.135,14.24,14.135,14.2,10.5886,1815000
2016-08-10,14.3,14.3,14.235,14.245,10.6222,2958800
2016-08-11,14.315,14.38,14.3,14.35,10.7005,2538400
2016-08-12,14.37,14.37,14.295,14.315,10.6744,1396000
2016-08-15,14.37,14.41,14.37,14.375,10.7191,1571800
2016-08-16,14.365,14.385,14.33,14.35,10.7005,1186600
2016-08-17,14.315,14.375,14.24,14.345,10.6967,1469400
2016-08-18,14.345,14.415,14.335,14.41,10.7452,1486800
2016-08-19,14.285,14.325,14.235,14.31,10.6706,1642800
2016-08-22,14.275,14.335,14.235,14.32,10.6781,1434400
2016-08-23,14.42,14.445,14.38,14.38,10.7228,1571000
2016-08-24,14.41,14.41,14.335,14.35,10.7005,1251600
2016-08-25,14.315,14.33,14.285,14.305,10.6669,1621200
2016-08-26,14.315,14.45,14.155,14.205,10.5923,4325200
2016-08-29,14.19,14.26,14.185,14.26,10.6334,1461600
2016-08-30,14.275,14.29,14.215,14.23,10.611,1704000
2016-08-31,14.23,14.245,14.15,14.19,10.5812,2491800
2016-09-01,14.25,14.3,14.215,14.295,10.6595,2202800
2016-09-02,14.42,14.47,14.385,14.445,10.7713,1758400
2016-09-06,14.495,14.58,14.495,14.575,10.8682,2531400
2016-09-07,14.62,14.63,14.55,14.59,10.8794,2108000
2016-09-08,14.56,14.61,14.525,14.55,10.8496,1845000
2016-09-09,14.415,14.415,14.245,14.25,10.6259,3769200
2016-09-12,14.145,14.365,14.12,14.36,10.7079,3265000
2016-09-13,14.175,14.185,14.0,14.055,10.4805,4517600
2016-09-14,14.05,14.125,14.015,14.045,10.473,4695800
2016-09-15,14.05,14.185,14.015,14.16,10.5588,4327800
2016-09-16,14.025,14.025,13.96,13.99,10.432,3133200
2016-09-19,14.12,14.155,14.055,14.07,10.4917,2196800
2016-09-20,14.185,14.21,14.135,14.15,10.5513,1778000
2016-09-21,14.29,14.425,14.24,14.405,10.7415,2239000
2016-09-22,14.595,14.645,14.535,14.555,10.8533,2414400
2016-09-23,14.43,14.47,14.415,14.415,10.7489,1721200
2016-09-26,14.315,14.32,14.275,14.28,10.6483,2027800
2016-09-27,14.235,14.365,14.225,14.35,10.7005,1916400
2016-09-28,14.41,14.48,14.315,14.48,10.7974,2887800
2016-09-29,14.435,14.475,14.26,14.3,10.6632,2584600
2016-09-30,14.35,14.44,14.32,14.395,10.734,3121000
2016-10-03,14.365,14.395,14.33,14.365,10.7117,1480200
2016-10-04,14.42,14.44,14.285,14.325,10.6818,2446600
2016-10-05,14.4,14.425,14.36,14.41,10.7452,2476400
2016-10-06,14.335,14.345,14.295,14.33,10.6856,2151000
2016-10-07,14.29,14.29,14.155,14.245,10.6222,2220000
2016-10-10,14.285,14.345,14.28,14.3,10.6632,2242800
2016-10-11,14.235,14.24,14.06,14.095,10.5103,2753800
2016-10-12,14.07,14.105,14.035,14.075,10.4954,2575600
2016-10-13,13.93,14.055,13.885,14.025,10.4581,3271400
2016-10-14,14.12,14.15,14.04,14.04,10.4693,2153600
2016-10-17,14.03,14.055,13.995,14.015,10.4507,3441200
2016-10-18,14.185,14.2,14.135,14.16,10.5588,1640400
2016-10-19,14.195,14.25,14.185,14.205,10.5923,2270600
2016-10-20,14.19,14.24,14.16,14.21,10.5961,1908200
2016-10-21,14.115,14.18,14.1,14.17,10.5662,1952800
2016-10-24,14.215,14.22,14.14,14.175,10.57,1843000
2016-10-25,14.14,14.175,14.115,14.16,10.5588,1845400
2016-10-26,14.1,14.14,14.065,14.095,10.5103,3834000
2016-10-27,14.135,14.14,14.07,14.085,10.5029,2161800
2016-10-28,14.07,14.11,14.045,14.08,10.4991,2972800
2016-10-31,14.07,14.095,14.03,14.075,10.4954,2391800
2016-11-01,14.12,14.125,13.975,14.025,10.4581,4093200
2016-11-02,14.005,14.025,13.905,13.92,10.3798,3378000
2016-11-03,13.975,13.985,13.885,13.915,10.3761,2490800
2016-11-04,13.825,13.865,13.78,13.795,10.2866,7377600
2016-11-07,13.94,13.995,13.93,13.99,10.432,3434400
2016-11-08,13.95,14.06,13.925,14.03,10.4619,2187800
2016-11-09,13.86,14.065,13.86,14.005,10.4432,5653400
2016-11-10,14.0,14.04,13.86,13.96,10.4097,3537400
2016-11-11,13.885,13.9,13.795,13.87,10.3425,3732000
2016-11-14,13.76,13.805,13.74,13.8,10.2903,5249400
2016-11-15,13.775,13.88,13.76,13.875,10.3463,3960200
2016-11-16,13.755,13.79,13.73,13.745,10.2493,3431400
2016-11-17,13.81,13.865,13.795,13.84,10.3202,3170400
2016-11-18,13.74,13.75,13.69,13.71,10.2232,4839600
2016-11-21,13.755,13.835,13.755,13.835,10.3164,3940400
2016-11-22,13.855,13.875,13.81,13.875,10.3463,2490600
2016-11-23,13.745,13.82,13.725,13.82,10.3053,2400800
2016-11-25,13.86,13.865,13.84,13.86,10.3351,1043800
2016-11-28,13.835,13.85,13.79,13.81,10.2978,3304800
2016-11-29,13.81,13.91,13.79,13.885,10.3537,3483200
2016-11-30,13.93,13.93,13.845,13.86,10.3351,3993800
2016-12-01,13.855,13.87,13.81,13.825,10.309,9044800
2016-12-02,13.8,13.885,13.79,13.86,10.3351,4814400
2016-12-05,13.925,14.005,13.915,13.98,10.4246,4524400
2016-12-06,14.0,14.085,13.985,14.06,10.4842,4508800
2016-12-07,14.115,14.29,14.11,14.27,10.6408,2988400
2016-12-08,14.25,14.29,14.22,14.27,10.6408,5413800
2016-12-09,14.275,14.33,14.265,14.325,10.6818,2917200
2016-12-12,14.305,14.325,14.255,14.28,10.6483,3609400
2016-12-13,14.385,14.45,14.385,14.42,10.7527,4191800
2016-12-14,14.4,14.42,14.175,14.195,10.5849,3448200
2016-12-15,14.155,14.195,14.135,14.18,10.5737,3397600
2016-12-16,14.175,14.21,14.15,14.175,10.57,3381200
2016-12-19,13.835,13.88,13.8,13.805,10.5597,4972600
2016-12-20,13.81,13.855,13.81,13.855,10.5979,3787800
2016-12-21,13.85,13.86,13.83,13.845,10.5903,5864600
2016-12-22,13.825,13.845,13.805,13.815,10.5673,4212800
2016-12-23,13.82,13.84,13.815,13.83,10.5788,3261000
2016-12-27,13.84,13.85,13.825,13.835,10.5826,7344000
2016-12-28,13.825,13.825,13.755,13.775,10.5367,5165400
2016-12-29,13.8,13.84,13.78,13.81,10.5635,6217400
2016-12-30,13.9,13.92,13.82,13.84,10.5864,5263400
2017-01-03,13.91,13.94,13.885,13.94,10.6629,4815400
2017-01-04,14.02,14.105,14.01,14.095,10.7815,7776600
2017-01-05,14.14,14.235,14.135,14.22,10.8771,3496600
2017-01-06,14.17,14.185,14.145,14.165,10.835,4888400
2017-01-09,14.125,14.155,14.095,14.14,10.8159,3063400
2017-01-10,14.145,14.19,14.135,14.145,10.8197,2433800
2017-01-11,14.13,14.245,14.115,14.24,10.8924,2779200
2017-01-12,14.275,14.275,14.2,14.26,10.9077,3367200
2017-01-13,14.275,14.315,14.255,14.305,10.9421,2170200
2017-01-17,14.29,14.29,14.255,14.27,10.9153,3328400
2017-01-18,14.235,14.255,14.175,14.2,10.8618,2870400
2017-01-19,14.195,14.21,14.14,14.18,10.8465,2835200
2017-01-20,14.22,14.255,14.21,14.255,10.9039,3886000
2017-01-23,14.25,14.295,14.21,14.285,10.9268,2784000
2017-01-24,14.28,14.355,14.27,14.34,10.9689,3178200
2017-01-25,14.425,14.49,14.41,14.49,11.0836,3069000
2017-01-26,14.47,14.48,14.42,14.435,11.0415,4442200
2017-01-27,14.425,14.435,14.38,14.405,11.0186,3101600
2017-01-30,14.295,14.31,14.245,14.305,10.9421,3779600
2017-01-31,14.335,14.36,14.285,14.345,10.9727,3393200
2017-02-01,14.425,14.43,14.35,14.4,11.0148,4563400
2017-02-02,14.42,14.425,14.37,14.4,11.0148,2816800
2017-02-03,14.435,14.48,14.415,14.47,11.0683,3464200
2017-02-06,14.34,14.37,14.315,14.37,10.9918,4161200
2017-02-07,14.335,14.35,14.32,14.34,10.9689,6026600
2017-02-08,14.34,14.385,14.31,14.38,10.9995,2860200
2017-02-09,14.4,14.435,14.38,14.43,11.0377,2818400
2017-02-10,14.425,14.485,14.415,14.475,11.0721,2873000
2017-02-13,14.535,14.55,14.505,14.53,11.1142,2243000
2017-02-14,14.5,14.52,14.43,14.515,11.1027,2968400
2017-02-15,14.465,14.58,14.455,14.58,11.1525,2454400
2017-02-16,14.58,14.61,14.565,14.61,11.1754,3640000
2017-02-17,14.52,14.57,14.51,14.565,11.141,3512600
2017-02-21,14.565,14.625,14.555,14.62,11.1831,3245200
2017-02-22,14.565,14.625,14.55,14.625,11.1869,2704600
2017-02-23,14.67,14.675,14.62,14.64,11.1984,3289600
2017-02-24,14.5,14.545,14.485,14.53,11.1142,2731200
2017-02-27,14.495,14.535,14.475,14.53,11.1142,3136400
2017-02-28,14.515,14.55,14.47,14.485,11.0798,3511000
2017-03-01,14.59,14.67,14.58,14.64,11.1984,3327600
2017-03-02,14.585,14.595,14.54,14.55,11.1295,3747200
2017-03-03,14.565,14.63,14.54,14.615,11.1792,2429800
2017-03-06,14.575,14.58,14.54,14.575,11.1486,3338600
2017-03-07,14.535,14.56,14.505,14.535,11.118,2330200
2017-03-08,14.52,14.545,14.46,14.47,11.0683,3037600
2017-03-09,14.505,14.525,14.475,14.52,11.1066,2951800
2017-03-10,14.62,14.65,14.59,14.64,11.1984,2216200
2017-03-13,14.68,14.71,14.675,14.705,11.2481,3024800
2017-03-14,14.615,14.62,14.58,14.6,11.1678,3179400
2017-03-15,14.64,14.825,14.63,14.82,11.336,3183800
2017-03-16,14.905,14.91,14.86,14.89,11.3896,3453800
2017-03-17,14.92,14.94,14.885,14.91,11.4049,2836400
2017-03-20,14.925,14.945,14.87,14.89,11.3896,3385000
2017-03-21,15.0,15.02,14.81,14.815,11.3322,3846800
2017-03-22,14.775,14.84,14.75,14.825,11.3399,2667600
2017-03-23,14.815,14.9,14.805,14.865,11.3705,2713400
2017-03-24,14.9,14.935,14.88,14.905,11.4011,2837200
2017-03-27,14.895,14.96,14.86,14.955,11.4393,2058200
2017-03-28,14.97,15.03,14.955,15.01,11.4814,3061400
2017-03-29,14.955,15.025,14.945,15.015,11.4852,3210000
2017-03-30,14.985,15.015,14.955,14.97,11.4508,2484000
2017-03-31,14.91,14.965,14.895,14.935,11.424,3636800
2017-04-03,14.915,14.935,14.815,14.93,11.4202,5579200
2017-04-04,14.865,14.925,14.835,14.925,11.4164,4070400
2017-04-05,14.915,14.955,14.84,14.845,11.3552,3177000
2017-04-06,14.84,14.87,14.82,14.84,11.3513,3313600
2017-04-07,14.825,14.86,14.815,14.84,11.3513,10842000
2017-04-10,14.82,14.84,14.8,14.825,11.3399,12525200
2017-04-11,14.875,14.89,14.78,14.89,11.3896,3607600
2017-04-12,14.865,14.885,14.815,14.88,11.3819,3986800
2017-04-13,14.825,14.835,14.77,14.785,11.3093,2503200
2017-04-17,14.865,14.9,14.845,14.895,11.3934,3007800
2017-04-18,14.78,14.805,14.73,14.8,11.3207,4112600
2017-04-19,14.82,14.825,14.725,14.74,11.2748,2075400
2017-04-20,14.86,14.895,14.85,14.865,11.3705,3044800
2017-04-21,14.865,14.88,14.84,14.88,11.3819,2660200
2017-04-24,15.2,15.23,15.175,15.23,11.6497,7025600
2017-04-25,15.295,15.335,15.275,15.32,11.7185,3955600
2017-04-26,15.285,15.325,15.27,15.275,11.6841,2500200
2017-04-27,15.3,15.3,15.24,15.28,11.6879,2380000
2017-04-28,15.28,15.285,15.255,15.255,11.6688,3766600
2017-05-01,15.32,15.35,15.29,15.325,11.7223,2757400
2017-05-02,15.37,15.415,15.35,15.415,11.7912,2639400
2017-05-03,15.36,15.385,15.325,15.37,11.7567,3073000
2017-05-04,15.41,15.475,15.39,15.475,11.8371,2588400
2017-05-05,15.49,15.64,15.48,15.64,11.9633,2700600
2017-05-08,15.57,15.57,15.535,15.56,11.9021,2754800
2017-05-09,15.555,15.555,15.495,15.525,11.8753,2578400
2017-05-10,15.535,15.55,15.505,15.55,11.8944,2416600
2017-05-11,15.49,15.51,15.45,15.51,11.8638,2233600
2017-05-12,15.525,15.585,15.515,15.585,11.9212,3027200
2017-05-15,15.64,15.675,15.63,15.675,11.99,2683000
2017-05-16,15.75,15.765,15.735,15.76,12.0551,3293800
2017-05-17,15.685,15.69,15.56,15.565,11.9059,3104600
2017-05-18,15.52,15.605,15.505,15.6,11.9327,2216800
2017-05-19,15.705,15.785,15.695,15.78,12.0704,2711400
2017-05-22,15.81,15.835,15.79,15.815,12.0971,2556400
2017-05-23,15.85,15.85,15.79,15.81,12.0933,2904400
2017-05-24,15.785,15.83,15.76,15.83,12.1086,1770200
2017-05-25,15.845,15.865,15.805,15.83,12.1086,3778000
2017-05-26,15.765,15.795,15.75,15.795,12.0818,2081000
2017-05-30,15.75,15.775,15.74,15.77,12.0627,2026200
2017-05-31,15.845,15.855,15.775,15.785,12.0742,2798800
2017-06-01,15.85,15.905,15.83,15.905,12.166,2285200
2017-06-02,16.005,16.065,15.975,16.055,12.2807,2453000
2017-06-05,16.0,16.0,15.95,15.985,12.2272,2134600
2017-06-06,15.925,15.95,15.91,15.95,12.2004,4080000
2017-06-07,15.975,15.985,15.88,15.925,12.1813,2164200
2017-06-08,15.89,15.915,15.86,15.915,12.1736,2542800
2017-06-09,15.855,15.905,15.81,15.865,12.1354,2310600
2017-06-12,15.82,15.835,15.76,15.81,12.0933,2190000
2017-06-13,15.91,15.95,15.89,15.95,12.2004,2391400
2017-06-14,16.025,16.025,15.875,15.92,12.1774,2194800
2017-06-15,15.695,15.77,15.675,15.77,12.0627,2966400
2017-06-16,15.825,15.89,15.8,15.89,12.1545,1684200
2017-06-19,15.95,15.985,15.945,15.96,12.208,2387400
2017-06-20,15.915,15.915,15.795,15.82,12.101,2665400
2017-06-21,15.8,15.825,15.76,15.795,12.0818,6758400
2017-06-22,15.81,15.845,15.785,15.82,12.101,2159400
2017-06-23,15.82,15.875,15.795,15.86,12.1316,2271000
2017-06-26,15.96,15.97,15.88,15.89,12.1545,2218000
2017-06-27,15.905,15.93,15.865,15.9,12.1621,15105600
2017-06-28,15.955,16.035,15.94,16.025,12.2578,3331000
2017-06-29,15.99,15.99,15.805,15.88,12.1468,3236000
2017-06-30,15.925,15.925,15.805,15.89,12.1545,3325800
2017-07-03,15.88,15.915,15.865,15.865,12.1354,2165600
2017-07-05,15.84,15.87,15.78,15.87,12.1392,4067600
2017-07-06,15.785,15.83,15.75,15.79,12.078,4352600
2017-07-07,15.77,15.82,15.73,15.815,12.0971,3759600
2017-07-10,15.805,15.855,15.785,15.845,12.1201,2192000
2017-07-11,15.815,15.885,15.785,15.885,12.1507,2244000
2017-07-12,15.97,16.045,15.97,16.02,12.2539,2893000
2017-07-13,16.05,16.075,16.015,16.07,12.2922,2749800
2017-07-14,16.12,16.195,16.11,16.185,12.3801,2862600
2017-07-17,16.165,16.185,16.14,16.16,12.361,2272000
2017-07-18,16.155,16.175,16.135,16.175,12.3725,2362200
2017-07-19,16.21,16.25,16.205,16.25,12.4299,2313600
2017-07-20,16.285,16.33,16.27,16.32,12.4834,3397400
2017-07-21,16.255,16.265,16.195,16.265,12.4413,2506200
2017-07-24,16.21,16.23,16.16,16.225,12.4107,2383200
2017-07-25,16.305,16.305,16.235,16.235,12.4184,1892000
2017-07-26,16.285,16.365,16.255,16.34,12.4987,2544200
2017-07-27,16.37,16.37,16.235,16.29,12.4605,2220800
2017-07-28,16.25,16.3,16.23,16.295,12.4643,1558600
2017-07-31,16.315,16.35,16.28,16.345,12.5025,1775800
2017-08-01,16.45,16.47,16.415,16.425,12.5637,2263000
2017-08-02,16.435,16.45,16.385,16.435,12.5714,2697400
2017-08-03,16.425,16.45,16.395,16.42,12.5599,2238200
2017-08-04,16.43,16.45,16.37,16.43,12.5676,1992800
2017-08-07,16.41,16.445,16.4,16.445,12.579,2079800
2017-08-08,16.425,16.43,16.35,16.37,12.5217,1988400
2017-08-09,16.26,16.32,16.24,16.315,12.4796,6106200
2017-08-10,16.22,16.22,16.07,16.095,12.3113,4389800
2017-08-11,16.075,16.11,16.04,16.075,12.296,5271400
2017-08-14,16.17,16.225,16.17,16.195,12.3878,2735600
2017-08-15,16.175,16.18,16.125,16.175,12.3725,2813400
2017-08-16,16.23,16.28,16.22,16.27,12.4452,2518200
2017-08-17,16.215,16.23,16.085,16.095,12.3113,2871800
2017-08-18,16.125,16.165,16.085,16.125,12.3343,3180600
2017-08-21,16.14,16.15,16.085,16.135,12.3419,1984800
2017-08-22,16.16,16.22,16.16,16.205,12.3954,2577400
2017-08-23,16.175,16.225,16.16,16.22,12.4069,3003200
2017-08-24,16.24,16.25,16.19,16.2,12.3916,2408800
2017-08-25,16.255,16.32,16.24,16.29,12.4605,1945200
2017-08-28,16.315,16.315,16.27,16.28,12.4528,2566400
2017-08-29,16.2,16.245,16.18,16.23,12.4146,2409200
2017-08-30,16.2,16.21,16.175,16.2,12.3916,1989000
2017-08-31,16.265,16.335,16.25,16.325,12.4872,3500200
2017-09-01,16.4,16.405,16.34,16.35,12.5064,2179600
2017-09-05,16.31,16.315,16.175,16.24,12.4222,3280400
2017-09-06,16.31,16.365,16.295,16.34,12.4987,2692400
2017-09-07,16.47,16.475,16.43,16.47,12.5981,2217600
2017-09-08,16.5,16.505,16.46,16.475,12.602,3371400
2017-09-11,16.57,16.625,16.57,16.6,12.6976,2207000
2017-09-12,16.63,16.65,16.62,16.64,12.7282,2066600
2017-09-13,16.615,16.62,16.545,16.565,12.6708,1837000
2017-09-14,16.54,16.6,16.525,16.6,12.6976,1985200
2017-09-15,16.63,16.63,16.58,16.61,12.7052,2071800
2017-09-18,16.665,16.69,16.61,16.655,12.7397,2589600
2017-09-19,16.715,16.725,16.685,16.715,12.7856,2306000
2017-09-20,16.735,16.795,16.61,16.7,12.7741,2295000
2017-09-21,16.66,16.69,16.635,16.67,12.7511,1942800
2017-09-22,16.705,16.73,16.685,16.705,12.7779,1820600
2017-09-25,16.66,16.685,16.59,16.63,12.7205,2599600
2017-09-26,16.6,16.605,16.53,16.58,12.6823,3144600
2017-09-27,16.56,16.61,16.555,16.595,12.6938,2327600
2017-09-28,16.6,16.655,16.595,16.63,12.7205,2323200
2017-09-29,16.68,16.745,16.65,16.735,12.8009,3184600
2017-10-02,16.685,16.74,16.67,16.725,12.7932,2938400
2017-10-03,16.74,16.785,16.725,16.785,12.8391,2500800
2017-10-04,16.755,16.77,16.74,16.77,12.8276,4785600
2017-10-05,16.72,16.755,16.715,16.745,12.8085,2088000
2017-10-06,16.68,16.73,16.66,16.73,12.797,1825200
2017-10-09,16.74,16.75,16.715,16.735,12.8009,1993400
2017-10-10,16.83,16.895,16.82,16.875,12.9079,4121200
2017-10-11,16.905,16.95,16.89,16.95,12.9653,2717000
2017-10-12,16.92,16.96,16.905,16.935,12.9538,2513000
2017-10-13,17.03,17.04,17.005,17.015,13.015,2121200
2017-10-16,17.02,17.03,16.985,17.01,13.0112,2055600
2017-10-17,16.97,16.975,16.93,16.975,12.9844,2607200
2017-10-18,16.995,17.02,16.97,17.01,13.0112,1842400
2017-10-19,16.93,16.975,16.92,16.97,12.9806,1890000
2017-10-20,16.97,16.975,16.93,16.955,12.9691,2553800
2017-10-23,16.97,16.97,16.91,16.92,12.9424,2077200
2017-10-24,16.945,16.985,16.93,16.945,12.9615,1829200
2017-10-25,16.945,16.955,16.82,16.88,12.9118,2463400
2017-10-26,16.92,16.93,16.875,16.88,12.9118,2262800
2017-10-27,16.87,16.935,16.845,16.925,12.9462,2066600
2017-10-30,16.87,16.97,16.87,16.965,12.9768,2279200
2017-10-31,17.02,17.06,16.995,17.04,13.0342,3203400
2017-11-01,17.135,17.155,17.08,17.08,13.0647,2517400
2017-11-02,17.08,17.13,17.065,17.13,13.103,3829600
2017-11-03,17.115,17.115,17.05,17.105,13.0839,2225400
2017-11-06,17.07,17.15,17.065,17.15,13.1183,2857600
2017-11-07,17.11,17.125,17.03,17.085,13.0686,2455000
2017-11-08,17.115,17.16,17.095,17.145,13.1145,1939200
2017-11-09,17.005,17.05,16.94,17.045,13.038,3790600
2017-11-10,17.005,17.015,16.96,16.98,12.9883,3292800
2017-11-13,16.845,16.935,16.835,16.93,12.95,2976600
2017-11-14,16.9,16.92,16.85,16.91,12.9347,2704800
2017-11-15,16.78,16.85,16.75,16.84,12.8812,3362600
2017-11-16,16.955,17.0,16.935,16.985,12.9921,2381600
2017-11-17,16.935,16.955,16.9,16.935,12.9538,2464000
2017-11-20,16.955,16.995,16.955,16.965,12.9768,2582000
2017-11-21,17.065,17.105,17.065,17.075,13.0609,2359000
2017-11-22,17.155,17.165,17.085,17.13,13.103,3009800
2017-11-24,17.25,17.27,17.245,17.255,13.1986,1291600
2017-11-27,17.23,17.23,17.135,17.14,13.1106,2932200
2017-11-28,17.195,17.24,17.165,17.225,13.1757,2410200
2017-11-29,17.245,17.245,17.13,17.16,13.1259,2245600
2017-11-30,17.235,17.245,17.16,17.17,13.1336,3285600
2017-12-01,17.125,17.17,17.045,17.14,13.1106,3435800
2017-12-04,17.175,17.175,17.065,17.065,13.0533,3001800
2017-12-05,17.095,17.115,17.035,17.045,13.038,3517400
2017-12-06,16.99,17.02,16.965,16.98,12.9883,6885200
2017-12-07,17.02,17.065,16.97,17.035,13.0303,4232800
2017-12-08,17.105,17.12,17.065,17.12,13.0953,2133200
2017-12-11,17.135,17.165,17.125,17.16,13.1259,2295600
2017-12-12,17.145,17.19,17.135,17.18,13.1412,2978200
2017-12-13,17.21,17.28,17.19,17.245,13.191,2750800
2017-12-14,17.235,17.245,17.155,17.16,13.1259,2928200
2017-12-15,17.145,17.17,17.11,17.145,13.1145,2681200
2017-12-18,16.915,16.965,16.895,16.93,13.2598,3519000
2017-12-19,16.915,16.915,16.84,16.87,13.2128,3531800
2017-12-20,16.9,16.905,16.84,16.86,13.2049,4565800
2017-12-21,16.865,16.95,16.86,16.905,13.2402,4100400
2017-12-22,16.915,16.955,16.895,16.955,13.2793,3353400
2017-12-26,16.935,16.99,16.92,16.955,13.2793,8179000
2017-12-27,16.99,17.015,16.965,16.99,13.3067,3269600
2017-12-28,17.055,17.055,17.01,17.03,13.3381,3047600
2017-12-29,17.1,17.105,17.03,17.035,13.342,3820400
2018-01-02,17.1,17.165,17.07,17.155,13.436,4325000
2018-01-03,17.185,17.28,17.185,17.275,13.53,4304000
2018-01-04,17.405,17.445,17.39,17.44,13.6592,4363200
2018-01-05,17.495,17.54,17.465,17.535,13.7336,3834600
2018-01-08,17.515,17.525,17.49,17.525,13.7258,3514800
2018-01-09,17.53,17.54,17.47,17.535,13.7336,5320400
2018-01-10,17.535,17.535,17.47,17.495,13.7023,4327800
2018-01-11,17.53,17.605,17.515,17.605,13.7884,3096800
2018-01-12,17.665,17.765,17.64,17.765,13.9137,3977800
2018-01-16,17.835,17.84,17.73,17.755,13.9059,4026000
2018-01-17,17.805,17.905,17.75,17.845,13.9764,4981800
2018-01-18,17.79,17.825,17.755,17.815,13.9529,3452800
2018-01-19,17.895,17.9,17.835,17.895,14.0156,3661600
2018-01-22,17.9,17.975,17.88,17.975,14.0782,4956800
2018-01-23,17.995,18.04,17.97,18.035,14.1252,4188400
2018-01-24,18.135,18.145,18.005,18.08,14.1604,4433000
2018-01-25,18.155,18.16,17.97,18.015,14.1095,4121000
2018-01-26,18.105,18.175,18.085,18.175,14.2348,3910600
2018-01-29,18.045,18.045,17.975,18.01,14.1056,4944200
2018-01-30,17.93,17.945,17.83,17.86,13.9881,6036800
2018-01-31,17.93,17.93,17.815,17.86,13.9881,3893400
2018-02-01,17.815,17.9,17.795,17.88,14.0038,3305400
2018-02-02,17.685,17.695,17.47,17.475,13.6866,7169000
2018-02-05,17.275,17.35,16.75,16.785,13.1462,14227000
2018-02-06,16.715,17.16,16.705,17.135,13.4203,14279000
2018-02-07,16.95,17.075,16.865,16.885,13.2245,7063400
2018-02-08,16.915,16.92,16.46,16.46,12.8916,11720400
2018-02-09,16.575,16.64,16.145,16.55,12.9621,19704800
2018-02-12,16.68,16.825,16.61,16.79,13.1501,6908400
2018-02-13,16.675,16.765,16.66,16.745,13.1149,5236600
2018-02-14,16.65,17.05,16.64,17.045,13.3498,4934000
2018-02-15,17.155,17.185,17.01,17.17,13.4477,4391600
2018-02-16,17.185,17.31,17.18,17.235,13.4986,4110800
2018-02-20,17.095,17.16,17.015,17.055,13.3577,4862400
2018-02-21,17.1,17.21,16.975,16.98,13.2989,4337600
2018-02-22,17.045,17.135,17.0,17.045,13.3498,3799400
2018-02-23,17.125,17.225,17.09,17.205,13.4751,3446600
2018-02-26,17.28,17.365,17.215,17.365,13.6005,3502200
2018-02-27,17.27,17.28,17.09,17.095,13.389,4583600
2018-02-28,17.135,17.135,16.91,16.91,13.2441,5127200
2018-03-01,16.81,16.885,16.575,16.675,13.06,5296000
2018-03-02,16.605,16.745,16.535,16.74,13.1109,5569400
2018-03-05,16.61,16.835,16.6,16.825,13.1775,4073800
2018-03-06,16.975,16.99,16.89,16.955,13.2793,6664800
2018-03-07,16.865,16.945,16.805,16.93,13.2598,6017200
2018-03-08,16.985,17.0,16.91,16.97,13.2911,3526200
2018-03-09,17.015,17.1,16.98,17.1,13.3929,3465400
2018-03-12,17.115,17.15,17.075,17.12,13.4086,3859200
2018-03-13,17.18,17.19,16.975,17.01,13.3224,4802600
2018-03-14,17.145,17.15,16.995,17.055,13.3577,3773200
2018-03-15,17.065,17.12,17.005,17.035,13.342,3081400
2018-03-16,17.015,17.07,17.0,17.02,13.3302,3289000
2018-03-19,16.955,16.955,16.795,16.875,13.2167,5151600
2018-03-20,16.87,16.925,16.85,16.9,13.2363,6583800
2018-03-21,16.875,17.0,16.855,16.94,13.2676,4259000
2018-03-22,16.755,16.795,16.61,16.615,13.013,7287200
2018-03-23,16.645,16.665,16.415,16.415,12.8564,9040400
2018-03-26,16.66,16.72,16.505,16.72,13.0953,7306600
2018-03-27,16.785,16.81,16.525,16.575,12.9817,5170600
2018-03-28,16.68,16.785,16.605,16.67,13.0561,3606200
2018-03-29,16.785,16.905,16.755,16.855,13.201,4796200
2018-04-02,16.795,16.81,16.5,16.585,12.9895,9101400
2018-04-03,16.705,16.74,16.615,16.73,13.1031,5872400
2018-04-04,16.5,16.765,16.49,16.765,13.1305,5043800
2018-04-05,16.835,16.92,16.815,16.89,13.2284,4351600
2018-04-06,16.85,16.915,16.69,16.745,13.1149,3941600
2018-04-09,16.915,17.0,16.855,16.895,13.2323,4430600
2018-04-10,17.05,17.105,17.015,17.075,13.3733,4363000
2018-04-11,17.025,17.1,16.995,17.01,13.3224,4438400
2018-04-12,17.02,17.085,17.005,17.07,13.3694,2826000
2018-04-13,17.11,17.125,17.025,17.075,13.3733,3419800
2018-04-16,17.12,17.125,17.075,17.11,13.4007,3382800
2018-04-17,17.135,17.22,17.125,17.2,13.4712,3436400
2018-04-18,17.27,17.31,17.245,17.295,13.5456,2966800
2018-04-19,17.285,17.295,17.175,17.22,13.4869,3260800
2018-04-20,17.165,17.17,17.11,17.14,13.4242,3079600
2018-04-23,17.125,17.15,17.07,17.115,13.4046,2972600
2018-04-24,17.155,17.16,16.99,17.04,13.3459,4171800
2018-04-25,16.97,17.04,16.93,17.02,13.3302,4670000
2018-04-26,17.105,17.145,17.065,17.115,13.4046,3549200
2018-04-27,17.135,17.17,17.085,17.155,13.436,2280400
2018-04-30,17.14,17.19,17.085,17.095,13.389,2992000
2018-05-01,17.085,17.085,16.95,17.05,13.3537,2958600
2018-05-02,17.115,17.14,17.01,17.03,13.3381,5640200
2018-05-03,17.05,17.095,16.92,17.065,13.3655,3266000
2018-05-04,16.94,17.14,16.91,17.12,13.4086,4946800
2018-05-07,17.115,17.17,17.095,17.13,13.4164,2775600
2018-05-08,17.065,17.125,17.025,17.12,13.4086,4185000
2018-05-09,17.115,17.19,17.105,17.175,13.4516,2640200
2018-05-10,17.24,17.3,17.205,17.295,13.5456,3541200
2018-05-11,17.35,17.37,17.32,17.34,13.5809,2165200
2018-05-14,17.395,17.415,17.35,17.37,13.6044,2321400
2018-05-15,17.22,17.27,17.17,17.235,13.4986,3056800
2018-05-16,17.235,17.285,17.215,17.27,13.526,2687800
2018-05-17,17.275,17.315,17.24,17.28,13.5339,3205400
2018-05-18,17.24,17.25,17.2,17.215,13.483,3081800
2018-05-21,17.32,17.34,17.29,17.34,13.5809,2895800
2018-05-22,17.355,17.38,17.3,17.32,13.5652,2492000
2018-05-23,17.12,17.165,17.07,17.165,13.4438,3589000
2018-05-24,17.125,17.125,16.985,17.095,13.389,3568600
2018-05-25,16.98,17.025,16.96,17.0,13.3146,2967200
2018-05-29,16.745,16.79,16.6,16.67,13.0561,11919000
2018-05-30,16.78,16.905,16.74,16.89,13.2284,4910400
2018-05-31,16.845,16.86,16.72,16.805,13.1619,5191000
2018-06-01,16.92,16.94,16.86,16.93,13.2598,3620000
2018-06-04,17.05,17.07,16.985,16.995,13.3107,6806400
2018-06-05,16.985,17.0,16.925,16.97,13.2911,3414200
2018-06-06,17.035,17.12,16.995,17.115,13.4046,3111800
2018-06-07,17.125,17.14,16.995,17.03,13.3381,4153800
2018-06-08,17.015,17.07,16.965,17.055,13.3577,2776600
2018-06-11,17.115,17.19,17.09,17.16,13.4399,2779800
2018-06-12,17.115,17.125,17.03,17.055,13.3577,3196600
2018-06-13,17.09,17.115,17.0,17.07,13.3694,2620000
2018-06-14,17.06,17.1,17.01,17.025,13.3342,2346400
2018-06-15,16.925,16.925,16.84,16.915,13.248,3660200
2018-06-18,16.73,16.8,16.705,16.8,13.1579,3430000
2018-06-19,16.565,16.64,16.53,16.64,13.0326,8264800
2018-06-20,16.705,16.705,16.625,16.665,13.0522,4882200
2018-06-21,16.61,16.615,16.525,16.54,12.9543,8138800
2018-06-22,16.75,16.79,16.675,16.72,13.0953,5496800
2018-06-25,16.595,16.61,16.45,16.485,12.9112,11527400
2018-06-26,16.53,16.55,16.455,16.505,12.9269,11111600
2018-06-27,16.535,16.59,16.355,16.38,12.829,6538600
2018-06-28,16.36,16.435,16.315,16.42,12.8603,12223000
2018-06-29,16.55,16.61,16.515,16.525,12.9426,6373400
2018-07-02,16.29,16.365,16.275,16.36,12.8133,11349400
2018-07-03,16.475,16.495,16.39,16.39,12.8368,4749400
2018-07-05,16.535,16.55,16.48,16.54,12.9543,6545400
2018-07-06,16.55,16.66,16.535,16.64,13.0326,3190200
2018-07-09,16.76,16.79,16.725,16.78,13.1423,2882400
2018-07-10,16.765,16.8,16.75,16.795,13.154,4207200
2018-07-11,16.6,16.64,16.46,16.51,12.9308,3056200
2018-07-12,16.6,16.65,16.56,16.64,13.0326,4527200
2018-07-13,16.63,16.695,16.61,16.695,13.0757,2109800
2018-07-16,16.695,16.705,16.655,16.69,13.0718,3147000
2018-07-17,16.63,16.73,16.63,16.715,13.0914,3057800
2018-07-18,16.685,16.745,16.67,16.725,13.0992,2567400
2018-07-19,16.625,16.7,16.6,16.665,13.0522,3194200
2018-07-20,16.685,16.775,16.675,16.755,13.1227,3328200
2018-07-23,16.755,16.755,16.705,16.735,13.107,2965800
2018-07-24,16.875,16.915,16.81,16.84,13.1893,2585400
2018-07-25,16.85,16.995,16.78,16.99,13.3067,2573000
2018-07-26,16.905,16.945,16.885,16.9,13.2363,2344200
2018-07-27,16.985,17.01,16.91,16.94,13.2676,2573000
2018-07-30,16.98,17.0,16.925,16.925,13.2558,8592200
2018-07-31,16.975,17.0,16.935,16.94,13.2676,2526000
2018-08-01,16.93,16.94,16.87,16.895,13.2323,3267200
2018-08-02,16.69,16.76,16.66,16.76,13.1266,4945000
2018-08-03,16.715,16.785,16.695,16.785,13.1462,3889800
2018-08-06,16.67,16.735,16.65,16.71,13.0874,3208400
2018-08-07,16.86,16.875,16.8,16.815,13.1697,2269600
2018-08-08,16.795,16.84,16.76,16.82,13.1736,2562400
2018-08-09,16.825,16.84,16.765,16.775,13.1384,2387400
2018-08-10,16.49,16.5,16.415,16.455,12.8877,11919200
2018-08-13,16.42,16.45,16.335,16.38,12.829,14379600
2018-08-14,16.4,16.42,16.355,16.405,12.8486,10354600
2018-08-15,16.19,16.19,16.055,16.16,12.6567,18023000
2018-08-16,16.24,16.32,16.24,16.265,12.7389,11130200
2018-08-17,16.245,16.405,16.24,16.375,12.8251,3881600
2018-08-20,16.43,16.465,16.415,16.455,12.8877,3519200
2018-08-21,16.545,16.6,16.515,16.545,12.9582,3372800
2018-08-22,16.62,16.65,16.59,16.62,13.017,3624200
2018-08-23,16.525,16.56,16.485,16.495,12.9191,5199000
2018-08-24,16.59,16.635,16.55,16.615,13.013,2846200
2018-08-27,16.745,16.835,16.735,16.82,13.1736,3387400
2018-08-28,16.875,16.875,16.79,16.79,13.1501,3581800
2018-08-29,16.81,16.89,16.78,16.885,13.2245,3634800
2018-08-30,16.76,16.78,16.69,16.735,13.107,3596600
2018-08-31,16.655,16.7,16.55,16.62,13.017,3698800
2018-09-04,16.42,16.46,16.385,16.455,12.8877,5914400
2018-09-05,16.365,16.375,16.265,16.33,12.7898,8247800
2018-09-06,16.31,16.335,16.2,16.28,12.7507,6627200
2018-09-07,16.125,16.195,16.095,16.15,12.6489,6650600
2018-09-10,16.265,16.28,16.215,16.235,12.7154,5078400
2018-09-11,16.165,16.26,16.125,16.26,12.735,6922200
2018-09-12,16.26,16.355,16.25,16.325,12.7859,5197600
2018-09-13,16.455,16.48,16.39,16.435,12.8721,4074600
2018-09-14,16.475,16.5,16.415,16.455,12.8877,4830400
2018-09-17,16.52,16.56,16.465,16.47,12.8995,3741000
2018-09-18,16.57,16.67,16.57,16.645,13.0365,3254600
2018-09-19,16.675,16.73,16.665,16.715,13.0914,2048400
2018-09-20,16.87,16.92,16.83,16.89,13.2284,3468600
2018-09-21,16.89,16.935,16.88,16.91,13.2441,2913200
2018-09-24,16.905,16.91,16.83,16.835,13.1853,2790000
2018-09-25,16.95,16.97,16.915,16.92,13.2519,3083000
2018-09-26,16.905,17.03,16.905,16.925,13.2558,2932800
2018-09-27,16.895,16.965,16.875,16.89,13.2284,3323800
2018-09-28,16.76,16.83,16.735,16.765,13.1305,3305600
2018-10-01,16.83,16.855,16.785,16.81,13.1658,5168000
2018-10-02,16.67,16.715,16.64,16.695,13.0757,3920000
2018-10-03,16.73,16.735,16.65,16.67,13.0561,3422800
2018-10-04,16.56,16.56,16.39,16.465,12.8956,5341800
2018-10-05,16.42,16.445,16.305,16.38,12.829,4948600
2018-10-08,16.205,16.3,16.16,16.295,12.7624,10356800
2018-10-09,16.135,16.27,16.105,16.25,12.7272,8844000
2018-10-10,16.19,16.19,15.86,15.89,12.4452,16403200
2018-10-11,15.825,15.885,15.565,15.66,12.2651,34042200
2018-10-12,15.795,15.795,15.565,15.73,12.3199,18713600
2018-10-15,15.695,15.77,15.64,15.71,12.3042,11508400
2018-10-16,15.895,15.985,15.86,15.97,12.5079,9941200
2018-10-17,15.915,15.92,15.79,15.87,12.4295,8116000
2018-10-18,15.8,15.815,15.555,15.62,12.2337,7777600
2018-10-19,15.685,15.785,15.685,15.71,12.3042,5518200
2018-10-22,15.715,15.725,15.59,15.63,12.2416,5051400
2018-10-23,15.375,15.545,15.28,15.49,12.1319,15140600
2018-10-24,15.39,15.405,15.045,15.065,11.7991,12213200
2018-10-25,15.155,15.295,15.1,15.235,11.9322,12701800
2018-10-26,15.015,15.2,14.9,15.11,11.8343,12082000
2018-10-29,15.26,15.285,14.925,15.05,11.7873,7954800
2018-10-30,15.095,15.235,15.065,15.235,11.9322,10458600
2018-10-31,15.36,15.425,15.33,15.355,12.0262,6932200
2018-11-01,15.465,15.54,15.42,15.54,12.1711,8088200
2018-11-02,15.695,15.715,15.49,15.575,12.1985,7201000
2018-11-05,15.585,15.62,15.53,15.58,12.2024,6602000
2018-11-06,15.59,15.66,15.565,15.66,12.2651,5281800
2018-11-07,15.78,15.855,15.735,15.855,12.4178,5554600
2018-11-08,15.79,15.82,15.66,15.695,12.2925,5512000
2018-11-09,15.585,15.615,15.51,15.595,12.2142,6746200
2018-11-12,15.495,15.495,15.325,15.34,12.0144,10814800
2018-11-13,15.385,15.505,15.33,15.4,12.0614,10818400
2018-11-14,15.485,15.515,15.315,15.4,12.0614,10772600
2018-11-15,15.31,15.5,15.245,15.47,12.1163,14386400
2018-11-16,15.37,15.5,15.345,15.48,12.1241,14454800
2018-11-19,15.47,15.47,15.305,15.355,12.0262,7790000
2018-11-20,15.135,15.19,15.035,15.07,11.803,17985400
2018-11-21,15.235,15.34,15.225,15.28,11.9675,17838200
2018-11-23,15.165,15.225,15.14,15.185,11.8931,4738200
2018-11-26,15.375,15.425,15.35,15.41,12.0693,13750800
2018-11-27,15.335,15.355,15.28,15.355,12.0262,11222000
2018-11-28,15.365,15.58,15.3,15.575,12.1985,10381200
2018-11-29,15.485,15.55,15.45,15.505,12.1437,9122200
2018-11-30,15.42,15.455,15.37,15.435,12.0889,9575800
2018-12-03,15.675,15.68,15.585,15.66,12.2651,12066600
2018-12-04,15.57,15.58,15.235,15.26,11.9518,12848200
2018-12-06,14.99,15.115,14.825,15.105,11.8304,29087200
2018-12-07,15.11,15.19,14.91,14.955,11.7129,25011000
2018-12-10,14.885,14.905,14.68,14.835,11.6189,22991800
2018-12-11,14.96,14.975,14.775,14.87,11.6463,21387800
2018-12-12,14.655,14.735,14.635,14.65,11.819,16262200
2018-12-13,14.67,14.71,14.6,14.625,11.7988,16658400
2018-12-14,14.45,14.515,14.415,14.425,11.6375,18721800
2018-12-17,14.425,14.44,14.245,14.295,11.5326,23911000
2018-12-18,14.38,14.415,14.28,14.31,11.5447,37512200
2018-12-19,14.385,14.48,14.125,14.18,11.4398,25393000
2018-12-20,14.19,14.245,14.065,14.115,11.3874,40447400
2018-12-21,14.03,14.105,13.855,13.88,11.1978,34474600
2018-12-24,13.865,13.925,13.715,13.72,11.0687,14935400
2018-12-26,13.79,14.06,13.665,14.05,11.3349,38515600
2018-12-27,13.875,14.07,13.785,14.055,11.339,46631800
2018-12-28,14.195,14.21,14.1,14.14,11.4075,32793400
2018-12-31,14.2,14.215,14.12,14.175,11.4358,33324000
2019-01-02,13.995,14.145,13.965,14.135,11.4035,16578000
2019-01-03,14.09,14.105,13.98,14.035,11.3228,13552400
2019-01-04,14.24,14.485,14.22,14.44,11.6496,10259200
2019-01-07,14.455,14.57,14.425,14.51,11.706,11466400
2019-01-08,14.64,14.645,14.545,14.605,11.7827,8942200
2019-01-09,14.745,14.805,14.695,14.785,11.9279,8388000
2019-01-10,14.715,14.84,14.705,14.835,11.9682,10009400
2019-01-11,14.73,14.775,14.69,14.755,11.9037,7450400
2019-01-14,14.64,14.72,14.62,14.675,11.8392,8857400
2019-01-15,14.72,14.785,14.685,14.77,11.9158,7410400
2019-01-16,14.785,14.835,14.785,14.81,11.9481,8722400
2019-01-17,14.735,14.905,14.725,14.875,12.0005,8972400
2019-01-18,15.01,15.04,14.965,15.02,12.1175,10568400
2019-01-22,14.865,14.88,14.755,14.795,11.936,13029800
2019-01-23,14.9,14.925,14.795,14.865,11.9924,8808400
2019-01-24,14.875,14.925,14.835,14.9,12.0207,12516800
2019-01-25,15.045,15.09,15.035,15.065,12.1538,7630800
2019-01-28,14.955,15.005,14.925,15.005,12.1054,10014600
2019-01-29,15.085,15.115,15.045,15.045,12.1377,6841200
2019-01-30,15.115,15.265,15.07,15.21,12.2708,6953000
2019-01-31,15.185,15.235,15.15,15.195,12.2587,10640000
2019-02-01,15.2,15.225,15.155,15.195,12.2587,9331800
2019-02-04,15.18,15.25,15.14,15.25,12.303,10399400
2019-02-05,15.34,15.37,15.315,15.365,12.3958,11454600
2019-02-06,15.325,15.335,15.25,15.275,12.3232,6704000
2019-02-07,15.165,15.17,15.03,15.09,12.174,16223000
2019-02-08,14.995,15.04,14.925,15.035,12.1296,15862200
2019-02-11,15.025,15.05,14.975,15.01,12.1094,13407800
2019-02-12,15.165,15.205,15.145,15.185,12.2506,6938800
2019-02-13,15.235,15.27,15.19,15.2,12.2627,5864400
2019-02-14,15.185,15.25,15.155,15.19,12.2546,10099400
2019-02-15,15.34,15.405,15.31,15.405,12.4281,5533200
2019-02-19,15.35,15.495,15.35,15.475,12.4846,7255000
2019-02-20,15.5,15.59,15.49,15.535,12.533,4360400
2019-02-21,15.52,15.52,15.45,15.485,12.4926,7207200
2019-02-22,15.555,15.58,15.52,15.555,12.5491,4682200
2019-02-25,15.635,15.65,15.585,15.6,12.5854,10514600
2019-02-26,15.615,15.695,15.605,15.65,12.6257,5857800
2019-02-27,15.64,15.65,15.58,15.61,12.5935,5292200
2019-02-28,15.585,15.61,15.55,15.56,12.5531,7971800
2019-03-01,15.655,15.675,15.585,15.64,12.6177,6697800
2019-03-04,15.655,15.655,15.51,15.58,12.5693,6996400
2019-03-05,15.575,15.62,15.545,15.595,12.5814,5427200
2019-03-06,15.61,15.61,15.535,15.55,12.5451,9382600
2019-03-07,15.49,15.49,15.34,15.35,12.3837,7911200
2019-03-08,15.24,15.34,15.23,15.34,12.3756,5265600
2019-03-11,15.35,15.48,15.35,15.48,12.4886,5132200
2019-03-12,15.485,15.495,15.46,15.485,12.4926,5488600
2019-03-13,15.525,15.61,15.52,15.6,12.5854,5514800
2019-03-14,15.57,15.605,15.55,15.58,12.5693,5169000
2019-03-15,15.67,15.74,15.67,15.725,12.6862,5479200
2019-03-18,15.75,15.805,15.74,15.805,12.7508,4042200
2019-03-19,15.88,15.9,15.8,15.825,12.7669,5549200
2019-03-20,15.775,15.905,15.72,15.835,12.775,6782600
2019-03-21,15.74,15.845,15.74,15.845,12.7831,5330000
2019-03-22,15.675,15.685,15.53,15.545,12.541,7697200
2019-03-25,15.52,15.57,15.48,15.55,12.5451,5717000
2019-03-26,15.66,15.685,15.6,15.635,12.6136,4890400
2019-03-27,15.665,15.68,15.525,15.62,12.6015,10230800
2019-03-28,15.59,15.62,15.535,15.605,12.5894,5124200
2019-03-29,15.67,15.67,15.59,15.655,12.6298,5740200
2019-04-01,15.815,15.865,15.785,15.865,12.7992,4712000
2019-04-02,15.845,15.88,15.795,15.88,12.8113,5313800
2019-04-03,15.975,16.03,15.955,15.98,12.892,4671400
2019-04-04,15.94,15.97,15.925,15.965,12.8799,6630800
2019-04-05,15.95,15.995,15.94,15.995,12.9041,6256000
2019-04-08,15.99,16.01,15.955,16.01,12.9162,4327600
2019-04-09,15.945,15.95,15.895,15.905,12.8315,5771000
2019-04-10,15.935,15.975,15.915,15.97,12.8839,4568400
2019-04-11,15.95,15.97,15.91,15.945,12.8637,4427000
2019-04-12,16.05,16.06,16.02,16.06,12.9565,4673000
2019-04-15,16.065,16.075,16.03,16.07,12.9646,3766400
2019-04-16,16.115,16.125,16.085,16.095,12.9848,3829000
2019-04-17,16.165,16.165,16.1,16.135,13.017,4310400
2019-04-18,16.105,16.125,16.065,16.105,12.9928,4747600
2019-04-22,16.055,16.1,16.05,16.095,12.9848,4740200
2019-04-23,16.05,16.115,16.04,16.115,13.0009,3473000
2019-04-24,16.02,16.025,15.95,15.98,12.892,4462800
2019-04-25,15.93,15.97,15.915,15.96,12.8758,4403800
2019-04-26,15.995,16.03,15.96,16.02,12.9242,3338800
2019-04-29,16.035,16.1,16.025,16.095,12.9848,3740800
2019-04-30,16.085,16.12,16.03,16.105,12.9928,4137400
2019-05-01,16.13,16.15,16.0,16.01,12.9162,5774400
2019-05-02,16.025,16.025,15.94,15.975,12.8879,4716800
2019-05-03,16.04,16.14,16.04,16.135,13.017,3883000
2019-05-06,15.8,15.985,15.785,15.98,12.892,4493200
2019-05-07,15.825,15.83,15.65,15.705,12.6701,9095600
2019-05-08,15.7,15.77,15.675,15.72,12.6822,5794600
2019-05-09,15.525,15.64,15.475,15.615,12.5975,9664800
2019-05-10,15.61,15.735,15.52,15.715,12.6782,7517000
2019-05-13,15.43,15.455,15.335,15.37,12.3999,10823200
2019-05-14,15.46,15.55,15.46,15.52,12.5209,7931400
2019-05-15,15.41,15.595,15.4,15.585,12.5733,5869800
2019-05-16,15.625,15.73,15.615,15.68,12.6499,3860800
2019-05-17,15.58,15.655,15.57,15.59,12.5773,4023600
2019-05-20,15.515,15.565,15.475,15.52,12.5209,3218000
2019-05-21,15.6,15.635,15.565,15.63,12.6096,3910600
2019-05-22,15.555,15.595,15.545,15.56,12.5531,3774400
2019-05-23,15.41,15.435,15.36,15.425,12.4442,4881000
2019-05-24,15.57,15.575,15.515,15.56,12.5531,3517200
2019-05-28,15.58,15.595,15.44,15.44,12.4563,3683000
2019-05-29,15.335,15.34,15.26,15.325,12.3635,6410800
2019-05-30,15.355,15.395,15.34,15.395,12.42,6335200
2019-05-31,15.21,15.275,15.18,15.265,12.3151,7365200
2019-06-03,15.31,15.385,15.275,15.345,12.3797,9403200
2019-06-04,15.45,15.545,15.415,15.53,12.5289,4580000
2019-06-05,15.605,15.605,15.505,15.535,12.533,4913400
2019-06-06,15.575,15.625,15.545,15.59,12.5773,4296000
2019-06-07,15.725,15.82,15.72,15.785,12.7347,4617400
2019-06-10,15.81,15.86,15.805,15.83,12.771,3276800
2019-06-11,15.97,15.97,15.875,15.905,12.8315,3482600
2019-06-12,15.845,15.855,15.77,15.78,12.7306,4255600
2019-06-13,15.805,15.825,15.755,15.79,12.7387,4273400
2019-06-14,15.7,15.7,15.665,15.69,12.658,4107400
2019-06-17,15.69,15.725,15.675,15.69,12.658,3760400
2019-06-18,15.8,15.91,15.8,15.905,12.8315,4786800
2019-06-19,15.945,16.035,15.93,16.005,12.9121,4249800
2019-06-20,16.2,16.21,16.105,16.165,13.0412,4262400
2019-06-21,16.085,16.13,16.075,16.09,12.9807,3552000
2019-06-24,16.125,16.14,16.105,16.125,13.009,4048800
2019-06-25,16.13,16.135,16.02,16.03,12.9323,5741400
2019-06-26,15.965,15.965,15.915,15.925,12.9514,3404600
2019-06-27,15.955,15.985,15.95,15.96,12.9799,3564400
2019-06-28,16.03,16.06,16.01,16.045,13.049,4196000
2019-07-01,16.205,16.205,16.075,16.125,13.1141,6842000
2019-07-02,16.155,16.17,16.125,16.165,13.1466,6285800
2019-07-03,16.22,16.26,16.22,16.26,13.2239,2108200
2019-07-05,16.125,16.15,16.04,16.145,13.1303,4307000
2019-07-08,16.05,16.065,16.03,16.045,13.049,3664200
2019-07-09,15.925,15.98,15.905,15.98,12.9962,3534200
2019-07-10,16.055,16.085,16.005,16.035,13.0409,3675600
2019-07-11,16.065,16.08,16.0,16.045,13.049,3307400
2019-07-12,16.03,16.05,16.005,16.05,13.0531,3017200
2019-07-15,16.07,16.08,16.045,16.055,13.0571,2919800
2019-07-16,16.025,16.055,15.985,16.0,13.0124,3283000
2019-07-17,16.035,16.035,15.97,15.98,12.9962,2959400
2019-07-18,15.93,16.025,15.9,16.025,13.0328,4009000
2019-07-19,16.025,16.045,15.98,15.99,13.0043,3737600
2019-07-22,16.005,16.02,15.975,16.01,13.0206,3472800
2019-07-23,16.09,16.105,16.055,16.1,13.0937,2833200
2019-07-24,16.06,16.1,16.05,16.1,13.0937,2792800
2019-07-25,16.07,16.07,15.925,15.94,12.9636,4343000
2019-07-26,15.985,16.005,15.97,15.99,13.0043,2872400
2019-07-29,16.025,16.025,15.97,15.99,13.0043,2499600
2019-07-30,15.83,15.84,15.79,15.83,12.8742,8238800
2019-07-31,15.82,15.865,15.6,15.73,12.7928,6286000
2019-08-01,15.725,15.86,15.6,15.645,12.7237,6840400
2019-08-02,15.585,15.6,15.46,15.535,12.6342,8261600
2019-08-05,15.3,15.3,15.065,15.145,12.3171,15771400
2019-08-06,15.255,15.275,15.13,15.24,12.3943,14313200
2019-08-07,15.175,15.33,15.12,15.315,12.4553,8503600
2019-08-08,15.355,15.495,15.34,15.47,12.5814,7149400
2019-08-09,15.415,15.43,15.315,15.37,12.5001,8065000
2019-08-12,15.3,15.34,15.21,15.235,12.3903,5230200
2019-08-13,15.195,15.41,15.18,15.37,12.5001,7721400
2019-08-14,15.1,15.12,14.965,14.98,12.1829,15815400
2019-08-15,15.01,15.05,14.945,15.015,12.2113,18963800
2019-08-16,15.095,15.205,15.085,15.2,12.3618,7093400
2019-08-19,15.315,15.325,15.27,15.275,12.4228,19786800
2019-08-20,15.265,15.28,15.21,15.23,12.3862,4717600
2019-08-21,15.39,15.395,15.335,15.355,12.4879,4365600
2019-08-22,15.335,15.36,15.25,15.31,12.4513,5344000
2019-08-23,15.265,15.37,15.11,15.125,12.3008,7717400
2019-08-26,15.265,15.265,15.185,15.23,12.3862,5891600
2019-08-27,15.3,15.32,15.225,15.225,12.3821,3979200
2019-08-28,15.19,15.28,15.155,15.24,12.3943,4610800
2019-08-29,15.365,15.39,15.32,15.36,12.4919,3731800
2019-08-30,15.475,15.48,15.36,15.435,12.5529,5435200
2019-09-03,15.345,15.385,15.31,15.38,12.5082,7237000
2019-09-04,15.54,15.595,15.525,15.595,12.683,4722400
2019-09-05,15.71,15.75,15.69,15.705,12.7725,3510000
2019-09-06,15.745,15.78,15.73,15.755,12.8132,3674000
2019-09-09,15.795,15.805,15.76,15.78,12.8335,3741000
2019-09-10,15.765,15.84,15.74,15.82,12.866,3827800
2019-09-11,15.86,15.92,15.86,15.915,12.9433,2936200
2019-09-12,15.93,16.035,15.915,16.0,13.0124,4037000
2019-09-13,16.08,16.13,16.07,16.09,13.0856,3765000
2019-09-16,16.005,16.01,15.96,15.97,12.988,3327000
2019-09-17,15.925,16.035,15.92,16.03,13.0368,3567800
2019-09-18,15.99,16.025,15.905,16.0,13.0124,2979400
2019-09-19,16.08,16.12,16.05,16.06,13.0612,2420200
2019-09-20,16.085,16.1,16.005,16.015,13.0246,3674400
2019-09-23,15.92,15.995,15.915,15.99,13.0043,3317800
2019-09-24,16.02,16.04,15.92,15.945,12.9677,7190800
2019-09-25,15.84,15.91,15.79,15.895,12.927,6580400
2019-09-26,15.955,15.97,15.91,15.945,12.9677,5819600
2019-09-27,15.925,15.96,15.84,15.885,12.9189,3954200
2019-09-30,15.875,15.94,15.875,15.93,12.9555,4817000
2019-10-01,15.89,15.9,15.75,15.775,12.8294,7152600
2019-10-02,15.575,15.59,15.425,15.475,12.5854,8161800
2019-10-03,15.455,15.57,15.4,15.565,12.6586,9677400
2019-10-04,15.565,15.695,15.565,15.695,12.7644,4392600
2019-10-07,15.66,15.74,15.66,15.68,12.7522,6504000
2019-10-08,15.59,15.605,15.515,15.525,12.6261,6710600
2019-10-09,15.62,15.67,15.595,15.645,12.7237,4060000
2019-10-10,15.645,15.76,15.63,15.75,12.8091,5059000
2019-10-11,15.975,16.085,15.965,16.01,13.0206,5732800
2019-10-14,15.935,15.98,15.93,15.955,12.9758,3077200
2019-10-15,16.01,16.175,16.005,16.13,13.1181,7139200
2019-10-16,16.11,16.18,16.105,16.155,13.1385,7375600
2019-10-17,16.225,16.24,16.145,16.19,13.1669,3446800
2019-10-18,16.165,16.2,16.115,16.175,13.1547,3721000
2019-10-21,16.275,16.29,16.26,16.28,13.2401,4806000
2019-10-22,16.28,16.34,16.24,16.25,13.2157,5778200
2019-10-23,16.26,16.32,16.255,16.31,13.2645,5364600
2019-10-24,16.375,16.375,16.315,16.35,13.2971,5309600
2019-10-25,16.295,16.375,16.295,16.355,13.3011,4753800
2019-10-28,16.385,16.44,16.385,16.435,13.3662,5418800
2019-10-29,16.36,16.43,16.36,16.42,13.354,4631400
2019-10-30,16.405,16.485,16.33,16.485,13.4069,4560800
2019-10-31,16.44,16.44,16.36,16.43,13.3621,4796000
2019-11-01,16.535,16.59,16.525,16.59,13.4923,4324200
2019-11-04,16.69,16.715,16.65,16.685,13.5695,3928400
2019-11-05,16.665,16.68,16.62,16.665,13.5532,5137400
2019-11-06,16.68,16.69,16.63,16.66,13.5492,4828200
2019-11-07,16.745,16.765,16.705,16.72,13.598,5639400
2019-11-08,16.655,16.7,16.615,16.695,13.5776,3532000
2019-11-11,16.61,16.675,16.6,16.67,13.5573,3959400
2019-11-12,16.68,16.71,16.645,16.675,13.5614,3730000
2019-11-13,16.56,16.635,16.56,16.625,13.5207,4278400
2019-11-14,16.555,16.6,16.535,16.6,13.5004,3448400
2019-11-15,16.635,16.705,16.635,16.705,13.5858,2660600
2019-11-18,16.68,16.725,16.65,16.72,13.598,7094600
2019-11-19,16.76,16.76,16.665,16.695,13.5776,4046800
2019-11-20,16.605,16.63,16.53,16.585,13.4882,4791400
2019-11-21,16.575,16.575,16.505,16.55,13.4597,4336200
2019-11-22,16.605,16.625,16.55,16.58,13.4841,3911800
2019-11-25,16.65,16.715,16.65,16.71,13.5898,5771000
2019-11-26,16.69,16.735,16.675,16.725,13.602,4047200
2019-11-27,16.74,16.765,16.695,16.765,13.6346,3665600
2019-11-29,16.65,16.67,16.63,16.635,13.5288,2313200
2019-12-02,16.63,16.63,16.48,16.55,13.4597,6651200
2019-12-03,16.4,16.49,16.35,16.485,13.4069,10118000
2019-12-04,16.57,16.63,16.565,16.63,13.5248,4457800
2019-12-05,16.63,16.63,16.575,16.6,13.5004,4235000
2019-12-06,16.725,16.755,16.715,16.75,13.6224,4399000
2019-12-09,16.715,16.75,16.675,16.685,13.5695,4687200
2019-12-10,16.67,16.72,16.635,16.695,13.5776,5147200
2019-12-11,16.7,16.79,16.675,16.785,13.6508,4507000
2019-12-12,16.415,16.545,16.385,16.535,13.7481,7226200
2019-12-13,16.61,16.715,16.58,16.64,13.8354,6441600
2019-12-16,16.795,16.83,16.785,16.795,13.9643,5032200
2019-12-17,16.755,16.775,16.735,16.745,13.9227,7985800
2019-12-18,16.73,16.73,16.69,16.72,13.9019,9612200
2019-12-19,16.69,16.72,16.665,16.72,13.9019,3909200
2019-12-20,16.75,16.77,16.735,16.74,13.9186,3981400
2019-12-23,16.735,16.765,16.73,16.765,13.9394,4315000
2019-12-24,16.745,16.75,16.715,16.735,13.9144,2594400
2019-12-26,16.755,16.815,16.735,16.81,13.9768,4243800
2019-12-27,16.89,16.895,16.835,16.86,14.0183,4137600
2019-12-30,16.875,16.875,16.725,16.74,13.9186,5738800
2019-12-31,16.745,16.815,16.705,16.815,13.9809,4729800
2020-01-02,16.925,16.955,16.885,16.95,14.0932,5511600
2020-01-03,16.74,16.85,16.715,16.77,13.9435,5159400
2020-01-06,16.725,16.825,16.725,16.825,13.9892,4494600
2020-01-07,16.81,16.82,16.765,16.785,13.956,6616200
2020-01-08,16.765,16.87,16.75,16.81,13.9768,4824800
2020-01-09,16.86,16.875,16.825,16.875,14.0308,4784400
2020-01-10,16.87,16.895,16.8,16.825,13.9892,4895400
2020-01-13,16.845,16.925,16.805,16.925,14.0724,5174800
2020-01-14,16.885,16.955,16.875,16.94,14.0849,4539400
2020-01-15,16.91,16.955,16.905,16.93,14.0765,4409000
2020-01-16,16.96,17.015,16.945,17.015,14.1472,3286800
2020-01-17,17.055,17.06,17.01,17.06,14.1846,4085400
2020-01-21,16.99,16.99,16.92,16.935,14.0807,4667600
2020-01-22,17.01,17.01,16.945,16.965,14.1056,6318000
2020-01-23,16.88,16.935,16.81,16.93,14.0765,5913000
2020-01-24,16.985,16.985,16.81,16.86,14.0183,4758600
2020-01-27,16.505,16.585,16.48,16.51,13.7273,10111800
2020-01-28,16.555,16.66,16.54,16.66,13.8521,8645600
2020-01-29,16.675,16.7,16.62,16.645,13.8396,4144200
2020-01-30,16.505,16.625,16.45,16.625,13.823,7991600
2020-01-31,16.46,16.46,16.28,16.335,13.5818,6534800
2020-02-03,16.38,16.465,16.335,16.39,13.6276,9980000
2020-02-04,16.625,16.685,16.62,16.655,13.8479,5446200
2020-02-05,16.81,16.83,16.76,16.81,13.9768,5089800
2020-02-06,16.885,16.885,16.84,16.875,14.0308,5624400
2020-02-07,16.775,16.775,16.705,16.725,13.9061,4127600
2020-02-10,16.695,16.76,16.67,16.76,13.9352,4922400
2020-02-11,16.855,16.905,16.835,16.87,14.0267,5850000
2020-02-12,16.945,16.945,16.905,16.94,14.0849,4181000
2020-02-13,16.79,16.865,16.77,16.82,13.9851,3842800
2020-02-14,16.835,16.835,16.76,16.805,13.9726,4520800
2020-02-18,16.68,16.725,16.66,16.695,13.8812,6804800
2020-02-19,16.75,16.775,16.74,16.76,13.9352,5295000
2020-02-20,16.675,16.71,16.55,16.64,13.8354,5626400
2020-02-21,16.575,16.605,16.515,16.56,13.7689,6534000
2020-02-24,15.91,16.03,15.89,15.925,13.2409,17724400
2020-02-25,15.99,16.01,15.635,15.66,13.0206,17377800
2020-02-26,15.775,15.89,15.66,15.685,13.0414,12839200
2020-02-27,15.44,15.58,15.205,15.215,12.6506,17061400
2020-02-28,14.845,15.13,14.72,15.13,12.5799,33314200
2020-03-02,15.09,15.345,14.98,15.34,12.7545,23743000
2020-03-03,15.435,15.6,15.085,15.195,12.634,18947600
2020-03-04,15.465,15.64,15.33,15.63,12.9957,15604000
2020-03-05,15.29,15.39,15.16,15.23,12.6631,12764000
2020-03-06,14.97,15.075,14.855,15.005,12.476,15991800
2020-03-09,13.91,14.25,13.775,13.82,11.4907,48487000
2020-03-10,14.34,14.37,13.86,14.29,11.8815,43708600
2020-03-11,13.92,13.955,13.485,13.575,11.287,34761200
2020-03-12,12.54,12.575,11.905,12.085,10.0481,49043000
2020-03-13,12.82,12.875,12.09,12.845,10.68,40576800
2020-03-16,11.29,11.915,10.95,11.485,9.5493,40561200
2020-03-17,11.635,12.065,11.45,12.02,9.9941,41960200
2020-03-18,11.27,11.605,11.005,11.3,9.3955,39363400
2020-03-19,11.25,11.7,11.155,11.455,9.5243,47234400
2020-03-20,11.76,11.925,11.34,11.345,9.4329,41669800
2020-03-23,11.34,11.455,11.1,11.15,9.2707,33779400
2020-03-24,11.975,12.21,11.875,12.145,10.098,23714000
2020-03-25,12.31,12.77,12.12,12.57,10.4514,40491200
2020-03-26,12.645,13.135,12.645,13.105,10.8962,28428600
2020-03-27,12.63,12.935,12.53,12.725,10.5803,35446000
2020-03-30,12.745,12.985,12.665,12.97,10.784,30956400
2020-03-31,12.815,13.025,12.755,12.92,10.7424,27064400
2020-04-01,12.47,12.605,12.31,12.31,10.2352,14931600
2020-04-02,12.345,12.625,12.32,12.575,10.4556,27305000
2020-04-03,12.385,12.445,12.22,12.31,10.2352,24573000
2020-04-06,12.75,13.01,12.715,12.97,10.784,25971200
2020-04-07,13.4,13.425,13.02,13.05,10.8505,15177800
2020-04-08,13.075,13.21,12.97,13.16,10.942,11335600
2020-04-09,13.33,13.505,13.31,13.43,11.1665,19984400
2020-04-13,13.38,13.41,13.205,13.33,11.0833,29003800
2020-04-14,13.52,13.655,13.505,13.565,11.2787,15744800
2020-04-15,13.17,13.23,13.085,13.14,10.9253,15137200
2020-04-16,13.175,13.205,13.0,13.125,10.9129,34068400
2020-04-17,13.425,13.5,13.32,13.5,11.2247,25583200
2020-04-20,13.315,13.49,13.28,13.295,11.0542,29112200
2020-04-21,13.1,13.185,12.97,13.015,10.8214,34038800
2020-04-22,13.24,13.27,13.18,13.245,11.0126,14424000
2020-04-23,13.28,13.465,13.19,13.225,10.996,15425600
2020-04-24,13.325,13.375,13.21,13.355,11.1041,10041000
2020-04-27,13.44,13.575,13.425,13.55,11.2662,12303400
2020-04-28,13.795,13.815,13.65,13.655,11.3535,11226600
2020-04-29,13.925,14.06,13.91,14.02,11.657,12249400
2020-04-30,13.84,13.855,13.65,13.725,11.4117,20012200
2020-05-01,13.48,13.515,13.355,13.41,11.1498,13042200
2020-05-04,13.305,13.425,13.265,13.425,11.1623,20512600
2020-05-05,13.515,13.575,13.43,13.455,11.1872,10822200
2020-05-06,13.56,13.58,13.355,13.365,11.1124,12794600
2020-05-07,13.55,13.63,13.5,13.565,11.2787,15781400
2020-05-08,13.72,13.79,13.705,13.785,11.4616,13714600
2020-05-11,13.69,13.815,13.68,13.785,11.4616,12100200
2020-05-12,13.805,13.84,13.605,13.615,11.3203,16035800
2020-05-13,13.685,13.695,13.42,13.49,11.2163,13695800
2020-05-14,13.185,13.405,13.11,13.4,11.1415,21856800
2020-05-15,13.35,13.445,13.305,13.405,11.1457,10378400
2020-05-18,13.715,13.96,13.715,13.925,11.578,21406600
2020-05-19,13.835,13.9,13.745,13.755,11.4367,11498400
2020-05-20,13.98,14.09,13.975,14.02,11.657,12968600
2020-05-21,13.975,14.01,13.815,13.865,11.5281,10885400
2020-05-22,13.785,13.825,13.72,13.825,11.4949,9442600
2020-05-26,14.245,14.305,14.215,14.235,11.8358,11403200
2020-05-27,14.38,14.4,14.22,14.395,11.9688,13018400
2020-05-28,14.565,14.66,14.495,14.505,12.0603,12960200
2020-05-29,14.475,14.495,14.31,14.46,12.0228,14551600
2020-06-01,14.565,14.79,14.565,14.79,12.2972,9312800
2020-06-02,14.885,14.975,14.87,14.955,12.4344,23746600
2020-06-03,15.125,15.345,15.125,15.29,12.713,28802800
2020-06-04,15.21,15.32,15.18,15.22,12.6548,25815400
2020-06-05,15.525,15.625,15.485,15.515,12.9,10377800
2020-06-08,15.595,15.715,15.505,15.71,13.0622,8741600
2020-06-09,15.45,15.565,15.415,15.51,12.8959,8484800
2020-06-10,15.555,15.61,15.42,15.485,12.8751,10931800
2020-06-11,15.055,15.105,14.61,14.635,12.1684,14594800
2020-06-12,15.015,15.055,14.675,14.875,12.3679,20522400
2020-06-15,14.575,14.965,14.535,14.925,12.4095,15779800
2020-06-16,15.245,15.275,14.955,15.125,12.5758,11414800
2020-06-17,15.235,15.255,15.13,15.17,12.6132,7012000
2020-06-18,15.045,15.15,15.035,15.09,12.5467,8531400
2020-06-19,15.255,15.255,15.0,15.02,12.4885,9979400
2020-06-22,15.105,15.215,15.06,15.2,12.6381,13567200
2020-06-23,15.375,15.395,15.26,15.275,12.7005,12799600
2020-06-24,15.0,15.03,14.74,14.795,12.3984,26861000
2020-06-25,14.785,14.985,14.72,14.97,12.545,15801800
2020-06-26,14.945,14.955,14.735,14.75,12.3607,11989600
2020-06-29,14.82,14.905,14.74,14.885,12.4738,9412800
2020-06-30,14.77,14.925,14.76,14.875,12.4654,11322600
2020-07-01,14.85,14.965,14.84,14.925,12.5073,6104800
2020-07-02,15.115,15.2,15.06,15.075,12.633,9539200
2020-07-06,15.295,15.35,15.25,15.33,12.8467,7336200
2020-07-07,15.175,15.245,15.09,15.1,12.654,6474600
2020-07-08,15.1,15.225,15.07,15.22,12.7545,4790600
2020-07-09,15.205,15.205,14.945,15.055,12.6163,7112800
2020-07-10,15.095,15.2,15.05,15.195,12.7336,8370800
2020-07-13,15.285,15.375,15.09,15.115,12.6665,10530200
2020-07-14,15.12,15.345,15.11,15.325,12.8425,10379200
2020-07-15,15.545,15.61,15.465,15.505,12.9934,7489800
2020-07-16,15.4,15.465,15.37,15.41,12.9138,5304200
2020-07-17,15.435,15.49,15.4,15.49,12.9808,6531400
2020-07-20,15.485,15.57,15.45,15.565,13.0437,6806000
2020-07-21,15.65,15.705,15.6,15.62,13.0897,5367400
2020-07-22,15.6,15.67,15.58,15.65,13.1149,4723600
2020-07-23,15.61,15.665,15.475,15.52,13.0059,6278400
2020-07-24,15.43,15.485,15.4,15.44,12.9389,4172200
2020-07-27,15.595,15.68,15.58,15.655,13.1191,4735200
2020-07-28,15.585,15.655,15.565,15.585,13.0604,4952800
2020-07-29,15.65,15.77,15.625,15.735,13.1861,5085600
2020-07-30,15.39,15.555,15.265,15.53,13.0143,6624200
2020-07-31,15.45,15.45,15.125,15.235,12.7671,8287200
2020-08-03,15.38,15.495,15.335,15.495,12.985,5884800
2020-08-04,15.435,15.605,15.43,15.605,13.0772,6495000
2020-08-05,15.72,15.775,15.66,15.68,13.14,4768400
2020-08-06,15.63,15.73,15.59,15.71,13.1652,6496800
2020-08-07,15.57,15.645,15.54,15.645,13.1107,5479200
2020-08-10,15.655,15.71,15.62,15.71,13.1652,4831800
2020-08-11,15.955,15.98,15.76,15.77,13.2154,5537000
2020-08-12,16.06,16.16,16.045,16.095,13.4878,6881400
2020-08-13,16.08,16.115,15.97,16.025,13.4291,4435200
2020-08-14,15.915,15.955,15.885,15.925,13.3453,3546800
2020-08-17,16.005,16.055,16.0,16.055,13.4543,7773800
2020-08-18,16.095,16.115,15.98,16.04,13.4417,5069600
2020-08-19,16.09,16.115,15.945,15.965,13.3789,6313600
2020-08-20,15.805,15.925,15.77,15.905,13.3286,4006000
2020-08-21,15.725,15.825,15.715,15.825,13.2615,4325400
2020-08-24,16.055,16.055,15.955,16.025,13.4291,4599800
2020-08-25,16.115,16.12,15.955,16.055,13.4543,5510600
2020-08-26,16.05,16.17,16.045,16.155,13.5381,4484400
2020-08-27,16.155,16.17,15.94,16.0,13.4082,5518800
2020-08-28,16.09,16.115,16.015,16.105,13.4962,3423600
2020-08-31,16.07,16.095,15.965,15.985,13.3956,7570600
2020-09-01,15.985,16.035,15.93,16.015,13.4208,5199200
2020-09-02,16.105,16.215,16.055,16.21,13.5842,9955200
2020-09-03,16.15,16.17,15.785,15.855,13.2867,10882600
2020-09-04,15.91,15.96,15.59,15.885,13.3118,10027400
2020-09-08,15.68,15.815,15.625,15.685,13.1442,8946200
2020-09-09,15.91,16.03,15.895,15.975,13.3872,6388600
2020-09-10,16.04,16.075,15.785,15.79,13.2322,6913400
2020-09-11,15.965,16.015,15.865,15.94,13.3579,5221800
2020-09-14,16.08,16.11,16.03,16.045,13.4459,3955200
2020-09-15,16.2,16.21,16.115,16.14,13.5255,4173400
2020-09-16,16.19,16.255,16.115,16.14,13.5255,4832600
2020-09-17,16.02,16.16,16.015,16.155,13.5381,4792400
2020-09-18,16.12,16.13,15.99,16.04,13.4417,4088800
2020-09-21,15.655,15.67,15.485,15.655,13.1191,13173600
2020-09-22,15.645,15.67,15.51,15.66,13.1233,4535200
2020-09-23,15.73,15.755,15.49,15.51,12.9976,7416200
2020-09-24,15.455,15.595,15.38,15.49,12.9808,5962600
2020-09-25,15.375,15.555,15.32,15.55,13.0311,5685200
2020-09-28,15.76,15.795,15.735,15.795,13.2364,4229400
2020-09-29,15.775,15.825,15.705,15.765,13.2113,4191600
2020-09-30,15.725,15.81,15.655,15.7,13.1568,6664000
2020-10-01,15.78,15.8,15.7,15.785,13.228,9584200
2020-10-02,15.595,15.8,15.59,15.765,13.2113,5135600
2020-10-05,15.89,16.005,15.89,16.0,13.4082,2938200
2020-10-06,16.015,16.03,15.805,15.84,13.2741,4698400
2020-10-07,15.955,16.01,15.93,15.995,13.404,6983000
2020-10-08,16.06,16.105,16.045,16.105,13.4962,3930600
2020-10-09,16.175,16.22,16.15,16.195,13.5716,3773400
2020-10-12,16.23,16.3,16.22,16.28,13.6428,2929800
2020-10-13,16.15,16.155,16.075,16.105,13.4962,4065600
2020-10-14,16.145,16.185,16.07,16.08,13.4752,3757000
2020-10-15,15.775,15.915,15.76,15.89,13.316,3869200
2020-10-16,15.95,16.025,15.93,15.96,13.3747,2838600
2020-10-19,16.035,16.055,15.875,15.895,13.3202,3316000
2020-10-20,15.985,16.06,15.97,15.985,13.3956,4096800
2020-10-21,15.965,16.035,15.915,15.915,13.337,3562200
2020-10-22,15.885,15.955,15.82,15.93,13.3495,2847600
2020-10-23,16.025,16.035,15.935,16.03,13.4333,3050600
2020-10-26,15.835,15.85,15.65,15.745,13.1945,3905800
2020-10-27,15.72,15.73,15.61,15.63,13.0981,4119800
2020-10-28,15.3,15.335,15.17,15.175,12.7168,13211200
2020-10-29,15.175,15.29,15.1,15.24,12.7713,15769600
2020-10-30,15.16,15.19,15.04,15.16,12.7043,8251400
2020-11-02,15.325,15.355,15.245,15.355,12.8677,7185800
2020-11-03,15.65,15.8,15.63,15.745,13.1945,5241400
2020-11-04,15.795,16.035,15.74,15.905,13.3286,6592200
2020-11-05,16.255,16.315,16.19,16.29,13.6512,5334000
2020-11-06,16.355,16.385,16.285,16.32,13.6764,4786600
2020-11-09,17.055,17.055,16.755,16.755,14.0409,6793400
2020-11-10,16.895,16.99,16.845,16.915,14.175,5522800
2020-11-11,17.01,17.055,16.975,17.05,14.2881,4118200
2020-11-12,16.915,16.955,16.755,16.8,14.0786,6409600
2020-11-13,16.91,17.055,16.91,17.035,14.2755,4530200
2020-11-16,17.24,17.255,17.15,17.255,14.4599,4175600
2020-11-17,17.18,17.29,17.145,17.235,14.4431,5257200
2020-11-18,17.27,17.33,17.155,17.16,14.3803,3971000
2020-11-19,17.15,17.27,17.11,17.26,14.4641,4278000
2020-11-20,17.28,17.345,17.245,17.325,14.5186,3283800
2020-11-23,17.395,17.425,17.265,17.34,14.5311,4501400
2020-11-24,17.495,17.61,17.47,17.6,14.749,4988800
2020-11-25,17.505,17.595,17.45,17.57,14.7239,5490400
2020-11-27,17.61,17.7,17.61,17.685,14.8202,2126200
2020-11-30,17.615,17.625,17.31,17.31,14.506,11405000
2020-12-01,17.6,17.71,17.59,17.69,14.8244,6267400
2020-12-02,17.635,17.745,17.62,17.72,14.8496,4934200
2020-12-03,17.805,17.86,17.75,17.785,14.904,4902400
2020-12-04,17.89,17.955,17.89,17.955,15.0465,3918600
2020-12-07,17.845,17.9,17.8,17.835,14.9459,3783200
2020-12-08,17.775,17.89,17.77,17.87,14.9753,4148000
2020-12-09,17.995,18.0,17.8,17.91,15.0088,4826600
2020-12-10,17.58,17.725,17.565,17.69,15.0385,5102200
2020-12-11,17.58,17.635,17.535,17.63,14.9875,3101400
2020-12-14,17.765,17.78,17.625,17.64,14.996,5305600
2020-12-15,17.715,17.835,17.69,17.835,15.1618,5597400
2020-12-16,17.845,17.9,17.785,17.88,15.2001,9154200
2020-12-17,18.025,18.04,17.97,17.995,15.2978,7199200
2020-12-18,17.985,17.985,17.86,17.91,15.2256,4995000
2020-12-21,17.48,17.705,17.415,17.68,15.03,6119800
2020-12-22,17.635,17.645,17.565,17.625,14.9833,4664200
2020-12-23,17.765,17.83,17.76,17.82,15.1491,4094600
2020-12-24,17.84,17.855,17.8,17.85,15.1746,2566600
2020-12-28,18.03,18.04,17.955,17.975,15.2808,3140800
2020-12-29,18.195,18.195,18.065,18.1,15.3871,3800000
2020-12-30,18.205,18.245,18.125,18.13,15.4126,3654600
2020-12-31,18.11,18.11,17.98,18.005,15.3063,5451600
2021-01-04,18.37,18.375,18.035,18.13,15.4126,11154000
2021-01-05,18.175,18.36,18.175,18.32,15.5741,5420600
2021-01-06,18.33,18.6,18.33,18.515,15.7399,6256200
2021-01-07,18.5,18.585,18.485,18.575,15.7909,5155400
2021-01-08,18.725,18.77,18.57,18.765,15.9524,5890000
2021-01-11,18.425,18.585,18.425,18.53,15.7526,4493200
2021-01-12,18.51,18.62,18.46,18.61,15.8207,5357800
2021-01-13,18.585,18.62,18.54,18.58,15.7951,4691200
2021-01-14,18.645,18.765,18.64,18.715,15.9099,5241000
2021-01-15,18.475,18.5,18.315,18.42,15.6591,5725600
2021-01-19,18.565,18.57,18.47,18.545,15.7654,6291400
2021-01-20,18.585,18.68,18.545,18.68,15.8802,5737400
2021-01-21,18.7,18.72,18.595,18.71,15.9057,4320400
2021-01-22,18.535,18.615,18.52,18.58,15.7951,5062800
2021-01-25,18.475,18.585,18.36,18.585,15.7994,6201200
2021-01-26,18.59,18.605,18.52,18.585,15.7994,4599000
2021-01-27,18.25,18.325,18.085,18.13,15.4126,7238800
2021-01-28,18.185,18.38,18.18,18.275,15.5359,6201600
2021-01-29,18.055,18.105,17.8,17.87,15.1916,9448400
2021-02-01,18.12,18.145,18.03,18.125,15.4083,5727800
2021-02-02,18.24,18.335,18.195,18.325,15.5784,4253400
2021-02-03,18.35,18.39,18.28,18.38,15.6251,4189800
2021-02-04,18.31,18.38,18.275,18.37,15.6166,4004400
2021-02-05,18.49,18.52,18.41,18.51,15.7356,3957200
2021-02-08,18.615,18.67,18.575,18.64,15.8462,6823200
2021-02-09,18.65,18.75,18.635,18.735,15.9269,4607000
2021-02-10,18.8,18.81,18.605,18.685,15.8844,7395600
2021-02-11,18.79,18.815,18.715,18.805,15.9864,5038000
2021-02-12,18.765,18.91,18.745,18.91,16.0757,3824600
2021-02-16,19.06,19.1,18.99,19.025,16.1734,4870200
2021-02-17,18.885,18.94,18.805,18.92,16.0842,5104800
2021-02-18,18.77,18.82,18.66,18.805,15.9864,3709200
2021-02-19,18.895,18.96,18.855,18.895,16.0629,3864000
2021-02-22,18.795,18.93,18.79,18.825,16.0034,6317400
2021-02-23,18.785,18.89,18.615,18.85,16.0247,7986600
2021-02-24,18.7,18.925,18.675,18.905,16.0714,5622000
2021-02-25,18.955,18.995,18.545,18.59,15.8036,7417600
2021-02-26,18.525,18.525,18.295,18.31,15.5656,12051800
2021-03-01,18.54,18.685,18.535,18.67,15.8717,6626800
2021-03-02,18.635,18.71,18.585,18.65,15.8547,6587200
2021-03-03,18.6,18.68,18.515,18.54,15.7611,6135400
2021-03-04,18.54,18.635,18.24,18.36,15.6081,9847200
2021-03-05,18.495,18.525,18.215,18.505,15.7314,8726400
2021-03-08,18.41,18.55,18.37,18.42,15.6591,9680800
2021-03-09,18.635,18.71,18.59,18.65,15.8547,7808200
2021-03-10,18.73,18.76,18.635,18.74,15.9312,5248000
2021-03-11,18.815,18.895,18.77,18.865,16.0374,4949400
2021-03-12,18.765,18.915,18.75,18.915,16.0799,4379400
2021-03-15,18.895,18.945,18.78,18.94,16.1012,5457600
2021-03-16,19.0,19.005,18.94,18.975,16.1309,5612800
2021-03-17,18.9,19.11,18.875,19.075,16.216,4802600
2021-03-18,18.995,19.115,18.895,18.91,16.0757,4227200
2021-03-19,18.91,18.98,18.795,18.945,16.1054,5596200
2021-03-22,18.94,19.01,18.905,18.955,16.1139,5139600
2021-03-23,18.815,18.845,18.665,18.7,15.8972,5637800
2021-03-24,18.645,18.735,18.6,18.605,15.8164,6327600
2021-03-25,18.58,18.75,18.535,18.735,15.9269,8724600
2021-03-26,18.82,18.985,18.8,18.98,16.1352,4573600
2021-03-29,18.87,18.93,18.805,18.9,16.0672,3640200
2021-03-30,18.815,18.895,18.785,18.87,16.0417,5671800
2021-03-31,18.82,18.9,18.805,18.81,15.9907,4269600
2021-04-01,18.935,19.085,18.91,19.075,16.216,4301600
2021-04-05,19.2,19.345,19.19,19.335,16.437,4903800
2021-04-06,19.135,19.19,19.115,19.16,16.2882,5664800
2021-04-07,19.17,19.215,19.135,19.19,16.3137,3515400
2021-04-08,19.26,19.315,19.225,19.3,16.4072,4148800
2021-04-09,19.275,19.345,19.255,19.345,16.4455,3367800
2021-04-12,19.27,19.27,19.205,19.245,16.3605,4962400
2021-04-13,19.29,19.365,19.27,19.365,16.4625,3084800
2021-04-14,19.385,19.45,19.36,19.385,16.4795,3306400
2021-04-15,19.51,19.54,19.48,19.54,16.6113,3991200
2021-04-16,19.605,19.665,19.565,19.665,16.7175,3531200
2021-04-19,19.665,19.685,19.56,19.615,16.675,3613800
2021-04-20,19.41,19.425,19.225,19.275,16.386,5894600
2021-04-21,19.22,19.465,19.205,19.465,16.5475,5172200
2021-04-22,19.495,19.495,19.345,19.38,16.4752,4387400
2021-04-23,19.46,19.62,19.45,19.58,16.6453,2895800
2021-04-26,19.585,19.63,19.58,19.62,16.6793,3319000
2021-04-27,19.53,19.565,19.5,19.555,16.624,3828200
2021-04-28,19.535,19.665,19.53,19.63,16.6878,4059800
2021-04-29,19.69,19.69,19.505,19.625,16.6835,3386800
2021-04-30,19.5,19.525,19.31,19.37,16.4667,4245800
2021-05-03,19.52,19.585,19.475,19.58,16.6453,5457800
2021-05-04,19.365,19.415,19.2,19.325,16.4285,6638200
2021-05-05,19.495,19.59,19.46,19.575,16.641,4245000
2021-05-06,19.59,19.725,19.525,19.72,16.7643,3640600
2021-05-07,19.775,19.96,19.745,19.955,16.9641,3257000
2021-05-10,20.015,20.03,19.845,19.86,16.8833,3937400
2021-05-11,19.51,19.65,19.475,19.615,16.675,4969000
2021-05-12,19.45,19.535,19.23,19.27,16.3817,5260400
2021-05-13,19.27,19.445,19.265,19.415,16.505,4522200
2021-05-14,19.595,19.745,19.585,19.735,16.777,3457400
2021-05-17,19.6,19.695,19.595,19.695,16.743,4768200
2021-05-18,19.85,19.855,19.755,19.76,16.7983,3394600
2021-05-19,19.5,19.66,19.42,19.59,16.6538,5756400
2021-05-20,19.705,19.865,19.69,19.85,16.8748,4426600
2021-05-21,19.895,19.9,19.78,19.855,16.879,2698800
2021-05-24,19.895,19.995,19.885,19.975,16.9811,3327200
2021-05-25,20.03,20.055,19.945,19.98,16.9853,4275600
2021-05-26,19.96,20.005,19.93,19.975,16.9811,5062400
2021-05-27,20.01,20.05,19.96,20.02,17.0193,4916200
2021-05-28,20.065,20.145,20.065,20.065,17.0576,4108600
2021-06-01,20.25,20.25,20.145,20.17,17.1468,5726600
2021-06-02,20.205,20.26,20.17,20.23,17.1978,3568400
2021-06-03,20.125,20.155,20.065,20.125,17.1086,3468200
2021-06-04,20.28,20.315,20.24,20.31,17.2658,2931800
2021-06-07,20.33,20.35,20.285,20.345,17.2956,44571600
2021-06-08,20.37,20.37,20.285,20.32,17.2743,3969800
2021-06-09,20.325,20.325,20.245,20.26,17.2233,4912800
2021-06-10,20.28,20.35,20.26,20.325,17.2786,4016600
2021-06-11,20.35,20.36,20.285,20.36,17.3084,5760400
2021-06-14,20.355,20.395,20.325,20.395,17.3381,5259200
2021-06-15,20.41,20.42,20.365,20.42,17.3594,4152400
2021-06-16,20.43,20.46,20.215,20.28,17.2403,6537800
2021-06-17,20.155,20.205,20.045,20.145,17.1256,8216400
2021-06-18,19.81,19.855,19.73,19.755,16.794,14245200
2021-06-21,19.85,20.035,19.82,20.03,17.0278,9280000
2021-06-22,19.965,20.08,19.92,20.03,17.0278,5675600
2021-06-23,19.855,19.87,19.725,19.75,16.9339,4256000
2021-06-24,19.915,19.94,19.88,19.94,17.0968,3327000
2021-06-25,19.99,19.995,19.94,19.99,17.1397,4961000
2021-06-28,19.925,19.93,19.83,19.87,17.0368,4782400
2021-06-29,19.88,19.89,19.825,19.86,17.0282,5873200
2021-06-30,19.695,19.765,19.64,19.725,16.9125,6354000
2021-07-01,19.725,19.765,19.665,19.765,16.9468,5412800
2021-07-02,19.78,19.84,19.715,19.84,17.0111,3672800
2021-07-06,19.83,19.835,19.62,19.71,16.8996,4511000
2021-07-07,19.775,19.815,19.685,19.795,16.9725,4387000
2021-07-08,19.47,19.54,19.39,19.5,16.7196,8874600
2021-07-09,19.7,19.84,19.68,19.835,17.0068,3753600
2021-07-12,19.835,19.915,19.81,19.915,17.0754,5375800
2021-07-13,19.835,19.88,19.78,19.79,16.9682,5045000
2021-07-14,19.905,19.905,19.825,19.86,17.0282,4032800
2021-07-15,19.675,19.735,19.615,19.695,16.8868,3402200
2021-07-16,19.68,19.68,19.505,19.54,16.7539,4061200
2021-07-19,19.23,19.245,19.06,19.175,16.4409,11948800
2021-07-20,19.14,19.36,19.1,19.33,16.5738,7857600
2021-07-21,19.425,19.61,19.42,19.605,16.8096,3811000
2021-07-22,19.69,19.69,19.56,19.62,16.8225,3462600
2021-07-23,19.73,19.77,19.685,19.74,16.9254,4146200
2021-07-26,19.7,19.765,19.685,19.755,16.9382,4320800
2021-07-27,19.68,19.685,19.58,19.68,16.8739,5880400
2021-07-28,19.695,19.805,19.655,19.775,16.9554,4004800
2021-07-29,19.935,19.955,19.9,19.915,17.0754,4368200
2021-07-30,19.825,19.87,19.745,19.79,16.9682,3980600
2021-08-02,19.935,19.975,19.85,19.88,17.0454,6220800
2021-08-03,19.97,20.03,19.885,20.02,17.1654,4488600
2021-08-04,20.05,20.08,19.975,19.985,17.1354,3233400
2021-08-05,20.07,20.1,20.05,20.08,17.2169,3257000
2021-08-06,20.03,20.045,19.97,20.01,17.1569,2330000
2021-08-09,20.005,20.01,19.96,19.985,17.1354,2754800
2021-08-10,19.98,20.02,19.965,20.02,17.1654,2967600
2021-08-11,20.135,20.16,20.085,20.14,17.2683,4389800
2021-08-12,20.1,20.115,20.04,20.105,17.2383,6974600
2021-08-13,20.145,20.205,20.13,20.2,17.3198,4888400
2021-08-16,20.045,20.105,19.98,20.105,17.2383,4471800
2021-08-17,19.89,19.935,19.795,19.885,17.0497,5142200
2021-08-18,19.9,19.965,19.815,19.825,16.9982,3377400
2021-08-19,19.565,19.66,19.53,19.61,16.8139,9335000
2021-08-20,19.535,19.68,19.515,19.675,16.8696,3785800
2021-08-23,19.79,19.9,19.785,19.875,17.0411,3155400
2021-08-24,19.89,19.985,19.885,19.955,17.1097,3134400
2021-08-25,19.935,19.98,19.9,19.96,17.114,3794200
2021-08-26,19.9,19.915,19.815,19.84,17.0111,3486800
2021-08-27,19.84,20.05,19.84,20.04,17.1826,3470400
2021-08-30,20.035,20.05,19.995,20.025,17.1697,2732000
2021-08-31,20.06,20.08,20.0,20.025,17.1697,6229800
2021-09-01,20.165,20.26,20.155,20.2,17.3198,5101000
2021-09-02,20.28,20.325,20.26,20.295,17.4012,3484400
2021-09-03,20.325,20.415,20.295,20.395,17.487,3284000
2021-09-07,20.395,20.41,20.36,20.365,17.4612,4287400
2021-09-08,20.275,20.315,20.17,20.21,17.3283,4179800
2021-09-09,20.2,20.265,20.15,20.18,17.3026,3422200
2021-09-10,20.315,20.325,20.115,20.125,17.2555,3154000
2021-09-13,20.315,20.315,20.205,20.285,17.3926,3993600
2021-09-14,20.345,20.345,20.17,20.185,17.3069,4331400
2021-09-15,20.185,20.265,20.145,20.265,17.3755,3898600
2021-09-16,20.165,20.22,20.105,20.205,17.3241,4170600
2021-09-17,20.105,20.125,19.895,19.96,17.114,5375400
2021-09-20,19.53,19.615,19.405,19.58,16.7882,12407800
2021-09-21,19.82,19.85,19.715,19.755,16.9382,5432600
2021-09-22,19.84,20.005,19.835,19.86,17.0282,4252200
2021-09-23,20.02,20.13,20.01,20.09,17.2254,2318000
2021-09-24,19.89,19.95,19.87,19.895,17.0583,2663000
2021-09-27,19.87,19.935,19.835,19.91,17.0711,3577800
2021-09-28,19.625,19.625,19.415,19.47,16.6939,8602800
2021-09-29,19.52,19.53,19.405,19.425,16.6553,4343800
2021-09-30,19.445,19.485,19.31,19.35,16.591,8010200
2021-10-01,19.355,19.445,19.225,19.405,16.6381,9197600
2021-10-04,19.355,19.38,19.145,19.235,16.4924,9314400
2021-10-05,19.25,19.405,19.225,19.335,16.5781,5809200
2021-10-06,19.025,19.215,18.96,19.215,16.4752,11157000
2021-10-07,19.3,19.435,19.3,19.37,16.6081,5067800
2021-10-08,19.415,19.42,19.335,19.375,16.6124,4048400
2021-10-11,19.4,19.48,19.31,19.32,16.5652,4496400
2021-10-12,19.33,19.37,19.27,19.305,16.5524,6057000
2021-10-13,19.415,19.515,19.36,19.505,16.7239,5442600
2021-10-14,19.675,19.725,19.645,19.72,16.9082,4391000
2021-10-15,19.815,19.875,19.795,19.865,17.0325,2720600
2021-10-18,19.725,19.805,19.69,19.79,16.9682,3896000
2021-10-19,19.88,19.95,19.87,19.925,17.084,3392200
2021-10-20,19.945,20.015,19.92,19.995,17.144,4614600
2021-10-21,19.865,19.935,19.855,19.895,17.0583,3654600
2021-10-22,19.975,20.045,19.92,19.995,17.144,3853000
2021-10-25,19.975,20.01,19.92,19.985,17.1354,4809000
2021-10-26,20.095,20.1,19.985,20.015,17.1611,4604400
2021-10-27,20.005,20.03,19.91,19.92,17.0797,4257200
2021-10-28,20.005,20.13,19.98,20.11,17.2426,3377600
2021-10-29,19.945,19.995,19.91,19.98,17.1311,4186800
2021-11-01,20.08,20.175,20.05,20.175,17.2983,5847000
2021-11-02,20.115,20.155,20.105,20.125,17.2555,3802400
2021-11-03,20.1,20.28,20.06,20.265,17.3755,5456800
2021-11-04,20.23,20.245,20.17,20.24,17.3541,3917000
2021-11-05,20.265,20.285,20.205,20.285,17.3926,6805000
2021-11-08,20.305,20.33,20.275,20.3,17.4055,5804600
2021-11-09,20.31,20.31,20.18,20.23,17.3455,11172400
2021-11-10,20.16,20.195,19.97,19.99,17.1397,5525800
2021-11-11,20.095,20.11,20.055,20.07,17.2083,3035800
2021-11-12,20.125,20.205,20.11,20.2,17.3198,3355600
2021-11-15,20.24,20.255,20.15,20.17,17.294,4251000
2021-11-16,20.15,20.19,20.12,20.13,17.2597,3848800
2021-11-17,20.085,20.105,20.045,20.085,17.2212,3777400
2021-11-18,20.075,20.105,19.99,20.105,17.2383,4370400
2021-11-19,20.005,20.025,19.925,19.945,17.1011,6987400
2021-11-22,19.95,20.0,19.84,19.85,17.0197,4457400
2021-11-23,19.8,19.87,19.725,19.825,16.9982,8886800
2021-11-24,19.575,19.72,19.56,19.705,16.8953,6679200
2021-11-26,19.33,19.34,19.105,19.175,16.4409,7215800
2021-11-29,19.34,19.34,19.165,19.27,16.5224,11694600
2021-11-30,19.21,19.27,18.92,19.09,16.368,21431400
2021-12-01,19.35,19.445,18.98,18.985,16.278,9965200
2021-12-02,19.115,19.295,19.105,19.25,16.5052,10332600
2021-12-03,19.31,19.325,19.055,19.17,16.4366,10732400
2021-12-06,19.29,19.385,19.22,19.365,16.6038,5683800
2021-12-07,19.62,19.765,19.605,19.76,16.9425,4908600
2021-12-08,19.355,19.385,19.295,19.36,16.9657,7032600
2021-12-09,19.24,19.25,19.185,19.205,16.8299,6850000
2021-12-10,19.235,19.255,19.165,19.24,16.8606,5964800
2021-12-13,19.16,19.165,19.02,19.04,16.6853,13932200
2021-12-14,18.955,19.04,18.87,18.945,16.602,18990800
2021-12-15,18.99,19.185,18.895,19.185,16.8124,12004200
2021-12-16,19.275,19.305,19.135,19.195,16.8211,9226400
2021-12-17,19.05,19.11,18.95,18.965,16.6196,6542600
2021-12-20,18.835,18.89,18.77,18.885,16.5495,13056600
2021-12-21,18.975,19.11,18.965,19.1,16.7379,8250800
2021-12-22,19.09,19.295,19.07,19.285,16.9,6643000
2021-12-23,19.315,19.445,19.3,19.41,17.0095,6139800
2021-12-27,19.425,19.55,19.415,19.55,17.1322,5440600
2021-12-28,19.57,19.61,19.545,19.56,17.141,4882000
2021-12-29,19.525,19.565,19.495,19.545,17.1278,4123200
2021-12-30,19.52,19.55,19.45,19.465,17.0783,5644200
2021-12-31,19.48,19.545,19.435,19.435,17.052,5323200
2022-01-03,19.53,19.575,19.465,19.56,17.1616,8504600
2022-01-04,19.67,19.725,19.61,19.655,17.245,5133200
2022-01-05,19.72,19.745,19.475,19.485,17.0958,6311000
2022-01-06,19.4,19.475,19.33,19.395,17.0169,10246600
2022-01-07,19.39,19.495,19.32,19.475,17.087,9008400
2022-01-10,19.265,19.305,19.12,19.305,16.9379,12269400
2022-01-11,19.335,19.535,19.28,19.535,17.1397,8054400
2022-01-12,19.67,19.75,19.645,19.735,17.3152,6285200
2022-01-13,19.79,19.8,19.565,19.59,17.1879,7845200
2022-01-14,19.51,19.595,19.435,19.555,17.1572,13621400
2022-01-18,19.345,19.38,19.23,19.285,16.9203,10332400
2022-01-19,19.39,19.415,19.245,19.27,16.9072,10180000
2022-01-20,19.33,19.43,19.135,19.15,16.8019,11889000
2022-01-21,19.11,19.12,18.885,18.895,16.5782,18124200
2022-01-24,18.545,18.695,18.185,18.695,16.4027,32093800
2022-01-25,18.485,18.715,18.325,18.6,16.3193,26114200
2022-01-26,18.805,18.85,18.425,18.525,16.2535,23675000
2022-01-27,18.54,18.615,18.335,18.39,16.1351,15006800
2022-01-28,18.31,18.485,18.2,18.485,16.2184,16402000
2022-01-31,18.495,18.775,18.485,18.77,16.4685,17624400
2022-02-01,18.86,18.945,18.745,18.945,16.622,12305800
2022-02-02,19.085,19.11,18.985,19.095,16.7536,10264600
2022-02-03,18.885,18.955,18.785,18.8,16.4948,9413600
2022-02-04,18.76,18.915,18.7,18.83,16.5211,9972000
2022-02-07,18.845,18.96,18.83,18.87,16.5562,8499400
2022-02-08,18.87,18.995,18.82,18.965,16.6396,9354000
2022-02-09,19.21,19.265,19.19,19.265,16.9028,7162200
2022-02-10,18.995,19.29,18.99,19.035,16.701,10653800
2022-02-11,19.035,19.105,18.725,18.775,16.4729,16815800
2022-02-14,18.715,18.72,18.535,18.665,16.3764,15322400
2022-02-15,18.87,18.985,18.835,18.975,16.6484,9153400
2022-02-16,18.92,19.09,18.9,19.055,16.7185,11324800
2022-02-17,18.93,18.935,18.755,18.775,16.4729,10002600
2022-02-18,18.77,18.81,18.62,18.68,16.3895,14624400
2022-02-22,18.525,18.625,18.35,18.475,16.2097,13155400
2022-02-23,18.65,18.67,18.285,18.32,16.0737,18334400
2022-02-24,17.665,18.085,17.63,18.065,15.8499,40624200
2022-02-25,18.245,18.535,18.21,18.53,16.2579,20835600
2022-02-28,18.17,18.425,18.13,18.245,16.0079,20254400
2022-03-01,18.16,18.215,17.77,17.88,15.6876,19173000
2022-03-02,18.0,18.14,17.93,18.1,15.8806,24296200
2022-03-03,18.06,18.06,17.75,17.815,15.6306,13170600
2022-03-04,17.375,17.385,17.2,17.355,15.227,37912000
2022-03-07,17.22,17.255,16.765,16.835,14.7708,33579800
2022-03-08,16.98,17.24,16.75,16.94,14.8629,47039800
2022-03-09,17.395,17.68,17.31,17.57,15.4156,24940000
2022-03-10,17.335,17.49,17.28,17.375,15.2445,15687600
2022-03-11,17.53,17.54,17.2,17.21,15.0998,21242000
2022-03-14,17.45,17.54,17.285,17.315,15.1919,18373800
2022-03-15,17.4,17.515,17.315,17.495,15.3498,18271000
2022-03-16,17.8,18.085,17.665,18.08,15.8631,19090000
2022-03-17,18.0,18.26,17.99,18.235,15.9991,15419000
2022-03-18,18.085,18.42,18.065,18.4,16.1439,22211800
2022-03-21,18.345,18.385,18.21,18.3,16.0561,9904000
2022-03-22,18.39,18.49,18.39,18.47,16.2053,9201000
2022-03-23,18.265,18.35,18.23,18.235,15.9991,12200600
2022-03-24,18.31,18.39,18.255,18.38,16.1263,9964000
2022-03-25,18.385,18.42,18.28,18.4,16.1439,10228200
2022-03-28,18.29,18.36,18.215,18.36,16.1088,12867000
2022-03-29,18.715,18.76,18.57,18.725,16.429,9570600
2022-03-30,18.665,18.72,18.58,18.65,16.3632,7420000
2022-03-31,18.53,18.595,18.345,18.36,16.1088,8819800
2022-04-01,18.45,18.51,18.37,18.51,16.2404,8664400
2022-04-04,18.495,18.6,18.475,18.595,16.315,11189800
2022-04-05,18.505,18.57,18.315,18.365,16.1132,10397400
2022-04-06,18.155,18.23,18.045,18.13,15.907,14750200
2022-04-07,18.13,18.205,17.995,18.155,15.9289,21162800
2022-04-08,18.085,18.215,18.06,18.145,15.9201,15367000
2022-04-11,18.055,18.11,17.945,17.97,15.7666,8601000
2022-04-12,17.995,18.035,17.8,17.84,15.6525,13878000
2022-04-13,17.86,18.05,17.855,18.045,15.8324,10421000
2022-04-14,18.05,18.085,17.94,17.95,15.749,12972600
2022-04-18,17.865,17.985,17.835,17.875,15.6832,12103600
2022-04-19,17.785,17.955,17.765,17.955,15.7534,8438400
2022-04-20,18.1,18.14,18.035,18.08,15.8631,5278400
2022-04-21,18.24,18.265,17.835,17.87,15.6788,20592400
2022-04-22,17.83,17.83,17.535,17.55,15.3981,19738600
2022-04-25,17.36,17.475,17.21,17.455,15.3147,24951200
2022-04-26,17.315,17.32,16.98,16.985,14.9024,24033000
2022-04-27,17.05,17.17,16.95,17.065,14.9726,15797400
2022-04-28,17.17,17.36,17.03,17.33,15.2051,16964600
2022-04-29,17.39,17.485,17.105,17.105,15.0076,17832600
2022-05-02,17.065,17.14,16.87,17.06,14.9682,18455600
2022-05-03,17.165,17.275,17.135,17.22,15.1085,12738000
2022-05-04,17.21,17.545,17.03,17.51,15.363,17399600
2022-05-05,17.28,17.285,16.825,16.965,14.8848,18757400
2022-05-06,16.855,16.91,16.7,16.81,14.7488,25377400
2022-05-09,16.52,16.53,16.265,16.305,14.3057,24464200
2022-05-10,16.565,16.585,16.275,16.39,14.3803,22014600
2022-05-11,16.44,16.65,16.28,16.29,14.2926,26138600
2022-05-12,16.21,16.39,16.105,16.25,14.2575,27174400
2022-05-13,16.5,16.71,16.49,16.695,14.6479,11416600
2022-05-16,16.625,16.795,16.575,16.72,14.6699,9651200
2022-05-17,16.985,17.035,16.9,17.035,14.9462,12955400
2022-05-18,16.89,16.91,16.595,16.615,14.5777,15343600
2022-05-19,16.6,16.885,16.6,16.79,14.7313,12030800
2022-05-20,16.975,16.99,16.675,16.89,14.819,12045600
2022-05-23,17.055,17.21,17.03,17.17,15.0647,9092600
2022-05-24,17.09,17.165,16.995,17.125,15.0252,8338400
2022-05-25,17.0,17.2,16.995,17.125,15.0252,7523000
2022-05-26,17.16,17.345,17.15,17.305,15.1831,7556200
2022-05-27,17.43,17.525,17.405,17.525,15.3762,6311400
2022-05-31,17.505,17.56,17.405,17.435,15.2972,10446800
2022-06-01,17.55,17.555,17.22,17.28,15.1612,8356000
2022-06-02,17.4,17.635,17.345,17.635,15.4727,8657800
2022-06-03,17.42,17.445,17.32,17.36,15.2314,5544400
2022-06-06,17.575,17.6,17.395,17.43,15.2928,16170800
2022-06-07,17.27,17.49,17.26,17.49,15.3454,8479000
2022-06-08,17.33,17.39,17.235,17.255,15.1393,6543400
2022-06-09,17.19,17.21,16.9,16.905,14.8322,21751400
2022-06-10,16.6,16.62,16.45,16.505,14.4812,22494000
2022-06-13,16.095,16.155,15.92,15.96,14.003,29178800
2022-06-14,15.945,16.005,15.68,15.815,13.8758,21092000
2022-06-15,15.955,16.17,15.76,16.08,14.1083,16447800
2022-06-16,15.685,15.825,15.62,15.71,13.7837,27470800
2022-06-17,15.715,15.77,15.545,15.65,13.7311,19897800
2022-06-21,15.9,15.97,15.865,15.88,13.9329,16980400
2022-06-22,15.56,15.745,15.515,15.625,13.8293,24254600
2022-06-23,15.59,15.61,15.42,15.565,13.7762,13634800
2022-06-24,15.775,16.02,15.735,16.02,14.1789,12044600
2022-06-27,16.015,16.08,15.945,15.985,14.1479,12863400
2022-06-28,16.11,16.17,15.89,15.895,14.0683,19788600
2022-06-29,15.865,15.925,15.8,15.81,13.993,11781200
2022-06-30,15.535,15.745,15.475,15.725,13.9178,19299200
2022-07-01,15.54,15.755,15.465,15.75,13.9399,12262600
2022-07-05,15.295,15.435,15.205,15.435,13.6611,15625200
2022-07-06,15.405,15.465,15.305,15.435,13.6611,14848400
2022-07-07,15.555,15.675,15.555,15.675,13.8736,8464600
2022-07-08,15.635,15.75,15.57,15.7,13.8957,9991000
2022-07-11,15.51,15.54,15.425,15.445,13.67,13347200
2022-07-12,15.42,15.545,15.385,15.43,13.6567,16289800
2022-07-13,15.25,15.48,15.215,15.41,13.639,18691800
2022-07-14,15.095,15.2,14.96,15.175,13.431,38284800
2022-07-15,15.295,15.42,15.225,15.42,13.6479,12917800
2022-07-18,15.625,15.685,15.47,15.505,13.7231,9622400
2022-07-19,15.755,15.91,15.755,15.9,14.0727,13029400
2022-07-20,15.875,15.905,15.74,15.82,14.0019,9596800
2022-07-21,15.785,15.995,15.77,15.985,14.1479,11918600
2022-07-22,16.045,16.12,15.87,15.935,14.1037,11001000
2022-07-25,16.05,16.08,15.98,16.06,14.2143,9792400
2022-07-26,15.955,15.97,15.855,15.855,14.0329,8942800
2022-07-27,16.005,16.24,15.96,16.22,14.3559,7585000
2022-07-28,16.21,16.335,16.105,16.315,14.44,24716800
2022-07-29,16.325,16.53,16.29,16.53,14.6303,11844600
2022-08-01,16.515,16.605,16.455,16.525,14.6259,14239200
2022-08-02,16.41,16.455,16.28,16.28,14.409,9641200
2022-08-03,16.355,16.415,16.26,16.385,14.502,6067600
2022-08-04,16.395,16.485,16.39,16.46,14.5683,7844600
2022-08-05,16.27,16.365,16.235,16.35,14.471,10294200
2022-08-08,16.485,16.53,16.365,16.4,14.5152,16383600
2022-08-09,16.395,16.41,16.275,16.31,14.4356,8835400
2022-08-10,16.64,16.725,16.575,16.675,14.7586,7639000
2022-08-11,16.745,16.81,16.65,16.68,14.7631,7280800
2022-08-12,16.695,16.81,16.655,16.805,14.8737,5373400
2022-08-15,16.655,16.715,16.625,16.7,14.7808,10887000
2022-08-16,16.62,16.74,16.605,16.715,14.794,7376800
2022-08-17,16.56,16.665,16.485,16.575,14.6701,8872200
2022-08-18,16.57,16.57,16.47,16.525,14.6259,8018200
2022-08-19,16.375,16.38,16.255,16.295,14.4223,10718600
2022-08-22,16.11,16.115,15.99,16.03,14.1878,10001400
2022-08-23,15.995,16.165,15.975,16.05,14.2055,8597600
2022-08-24,15.985,16.115,15.97,16.07,14.2232,7354800
2022-08-25,16.1,16.255,16.09,16.25,14.3825,6600800
2022-08-26,16.265,16.28,15.825,15.835,14.0152,9892000
2022-08-29,15.77,15.855,15.74,15.8,13.9842,14938000
2022-08-30,15.895,15.9,15.625,15.665,13.8647,17605200
2022-08-31,15.675,15.725,15.555,15.565,13.7762,15078400
2022-09-01,15.355,15.37,15.195,15.365,13.5992,36390400
2022-09-02,15.475,15.59,15.22,15.26,13.5062,18006400
2022-09-06,15.31,15.34,15.155,15.205,13.4576,22093200
2022-09-07,15.08,15.335,15.07,15.32,13.5594,28237200
2022-09-08,15.15,15.365,15.145,15.345,13.5815,18999800
2022-09-09,15.61,15.74,15.61,15.735,13.9267,11375000
2022-09-12,15.925,16.01,15.9,15.945,14.1125,13758800
2022-09-13,15.645,15.73,15.38,15.395,13.6257,11592600
2022-09-14,15.455,15.52,15.37,15.465,13.6877,13048800
2022-09-15,15.34,15.465,15.285,15.32,13.5594,12508200
2022-09-16,15.19,15.275,15.135,15.22,13.4708,15019000
2022-09-19,15.055,15.29,15.04,15.285,13.5284,12507400
2022-09-20,15.085,15.095,14.935,15.03,13.3027,21144200
2022-09-21,15.025,15.14,14.82,14.825,13.1212,15537000
2022-09-22,14.87,14.905,14.71,14.785,13.0858,35315600
2022-09-23,14.45,14.455,14.195,14.305,12.661,33772000
2022-09-26,14.16,14.275,14.01,14.08,12.4619,29418800
2022-09-27,14.16,14.22,13.915,14.005,12.3955,27015400
2022-09-28,13.99,14.355,13.935,14.32,12.6743,27756200
2022-09-29,14.135,14.145,13.95,14.14,12.515,27770000
2022-09-30,14.075,14.25,14.04,14.065,12.4486,24540800
2022-10-03,14.21,14.42,14.16,14.355,12.7053,22178400
2022-10-04,14.73,14.945,14.725,14.94,13.223,17379000
2022-10-05,14.675,14.84,14.59,14.755,13.0593,16309800
2022-10-06,14.605,14.68,14.495,14.51,12.8424,16147800
2022-10-07,14.45,14.46,14.225,14.275,12.6344,13655400
2022-10-10,14.26,14.28,14.11,14.18,12.5504,19191800
2022-10-11,14.1,14.255,13.99,14.035,12.422,18455800
2022-10-12,14.01,14.075,13.96,14.0,12.3911,13868000
2022-10-13,13.75,14.345,13.7,14.285,12.6433,24375800
2022-10-14,14.365,14.405,14.045,14.06,12.4442,17693600
2022-10-17,14.37,14.475,14.36,14.415,12.7584,23954000
2022-10-18,14.615,14.635,14.4,14.505,12.838,12871400
2022-10-19,14.375,14.435,14.245,14.33,12.6831,11233200
2022-10-20,14.36,14.525,14.27,14.3,12.6566,12346800
2022-10-21,14.185,14.575,14.13,14.56,12.8867,21507800
2022-10-24,14.51,14.61,14.425,14.555,12.8823,17627400
2022-10-25,14.645,14.875,14.645,14.865,13.1566,8588200
2022-10-26,14.88,15.12,14.87,15.015,13.2894,12392600
2022-10-27,14.965,15.1,14.885,14.89,13.1788,20962000
2022-10-28,14.87,15.025,14.83,15.015,13.2894,25286400
2022-10-31,14.88,14.935,14.85,14.895,13.1832,29735000
2022-11-01,15.21,15.21,14.965,15.03,13.3027,18640400
2022-11-02,15.055,15.245,14.805,14.805,13.1035,18264200
2022-11-03,14.605,14.76,14.59,14.695,13.0062,17508200
2022-11-04,15.13,15.28,15.03,15.25,13.4974,22561200
2022-11-07,15.325,15.37,15.245,15.31,13.5505,11549600
2022-11-08,15.41,15.585,15.385,15.495,13.7142,8058000
2022-11-09,15.4,15.5,15.27,15.28,13.5239,12245800
2022-11-10,15.89,16.115,15.81,16.11,14.2586,15803400
2022-11-11,16.265,16.455,16.215,16.43,14.5418,7827400
2022-11-14,16.29,16.385,16.245,16.245,14.378,9351200
2022-11-15,16.515,16.525,16.21,16.355,14.4754,12517400
2022-11-16,16.345,16.385,16.255,16.3,14.4267,14824800
2022-11-17,16.095,16.29,16.08,16.29,14.4179,11288000
2022-11-18,16.345,16.355,16.26,16.315,14.44,8435600
2022-11-21,16.175,16.21,16.105,16.185,14.3249,11344800
2022-11-22,16.29,16.425,16.26,16.425,14.5374,7511800
2022-11-23,16.445,16.615,16.445,16.595,14.6878,6942000
2022-11-25,16.615,16.705,16.61,16.67,14.7542,2263400
2022-11-28,16.585,16.655,16.435,16.45,14.5595,5718200
2022-11-29,16.49,16.585,16.455,16.495,14.5993,5725200
2022-11-30,16.64,16.85,16.47,16.79,14.8604,14446400
2022-12-01,16.98,17.01,16.855,16.935,14.9887,18180800
2022-12-02,16.785,16.965,16.775,16.925,14.9799,8438600
2022-12-05,16.86,16.9,16.63,16.665,14.7498,7752600
2022-12-06,16.69,16.725,16.505,16.575,14.6701,9853400
2022-12-07,16.27,16.335,16.205,16.27,14.6778,10481200
2022-12-08,16.275,16.37,16.235,16.345,14.7454,6453000
2022-12-09,16.38,16.485,16.35,16.355,14.7545,10894600
2022-12-12,16.36,16.405,16.3,16.405,14.7996,11278800
2022-12-13,16.855,16.865,16.57,16.63,15.0026,18813200
2022-12-14,16.64,16.745,16.495,16.6,14.9755,10638000
2022-12-15,16.4,16.415,16.12,16.18,14.5966,9951400
2022-12-16,16.06,16.14,15.99,16.06,14.4883,14208200
2022-12-19,16.1,16.135,15.975,16.02,14.4523,9046000
2022-12-20,16.045,16.165,16.035,16.1,14.5244,9082600
2022-12-21,16.17,16.295,16.17,16.255,14.6643,6209200
2022-12-22,16.18,16.2,15.975,16.12,14.5425,9359600
2022-12-23,16.1,16.2,16.06,16.19,14.6056,8128600
2022-12-27,16.22,16.275,16.17,16.215,14.6282,7923800
2022-12-28,16.25,16.285,16.025,16.03,14.4613,7896200
2022-12-29,16.21,16.31,16.185,16.265,14.6733,9074800
2022-12-30,16.19,16.24,16.09,16.105,14.5289,10692000
2023-01-03,16.27,16.37,16.14,16.21,14.6237,7173200
2023-01-04,16.45,16.495,16.335,16.445,14.8357,10249600
2023-01-05,16.3,16.34,16.24,16.28,14.6868,7620600
2023-01-06,16.405,16.72,16.305,16.705,15.0702,6906800
2023-01-09,16.86,16.955,16.79,16.795,15.1514,5333200
2023-01-10,16.785,16.84,16.725,16.84,15.192,4036600
2023-01-11,16.925,16.955,16.855,16.955,15.2958,5175200
2023-01-12,17.095,17.23,16.92,17.195,15.5123,6891000
2023-01-13,17.12,17.3,17.12,17.285,15.5935,4828800
2023-01-17,17.355,17.41,17.295,17.35,15.6521,6277600
2023-01-18,17.535,17.555,17.255,17.255,15.5664,6463200
2023-01-19,17.225,17.29,17.15,17.255,15.5664,4985800
2023-01-20,17.25,17.42,17.205,17.42,15.7152,5916200
2023-01-23,17.35,17.505,17.345,17.49,15.7784,6737800
2023-01-24,17.4,17.51,17.34,17.47,15.7604,4773600
2023-01-25,17.42,17.59,17.39,17.575,15.8551,4039200
2023-01-26,17.615,17.63,17.475,17.615,15.8912,4668000
2023-01-27,17.53,17.635,17.505,17.59,15.8686,4038000
2023-01-30,17.525,17.6,17.465,17.465,15.7558,4971400
2023-01-31,17.425,17.57,17.38,17.56,15.8415,17420400
2023-02-01,17.56,17.79,17.425,17.72,15.9859,7424000
2023-02-02,17.775,17.785,17.595,17.705,15.9724,8282600
2023-02-03,17.52,17.665,17.485,17.525,15.81,7983600
2023-02-06,17.35,17.375,17.24,17.34,15.6431,6185200
2023-02-07,17.275,17.515,17.225,17.49,15.7784,5322000
2023-02-08,17.465,17.495,17.355,17.395,15.6927,5164800
2023-02-09,17.64,17.64,17.37,17.415,15.7107,4205400
2023-02-10,17.365,17.375,17.28,17.355,15.6566,4302600
2023-02-13,17.365,17.515,17.35,17.515,15.801,3300800
2023-02-14,17.425,17.62,17.38,17.54,15.8235,4879800
2023-02-15,17.31,17.44,17.29,17.44,15.7333,3624200
2023-02-16,17.295,17.465,17.275,17.36,15.6611,4814200
2023-02-17,17.275,17.4,17.23,17.385,15.6837,3278600
2023-02-21,17.265,17.31,17.165,17.18,15.4987,5173000
2023-02-22,17.13,17.17,17.04,17.085,15.413,5180600
2023-02-23,17.165,17.195,17.015,17.17,15.4897,4518800
2023-02-24,16.88,16.93,16.82,16.9,15.2461,7945600
2023-02-27,17.08,17.13,17.03,17.085,15.413,4116200
2023-02-28,17.04,17.065,16.95,16.96,15.3003,7400800
2023-03-01,17.095,17.125,16.99,17.05,15.3815,6604000
2023-03-02,16.94,17.09,16.925,17.075,15.404,5174600
2023-03-03,17.185,17.34,17.13,17.33,15.6341,3839400
2023-03-06,17.295,17.36,17.265,17.295,15.6025,4412800
2023-03-07,17.265,17.265,16.96,16.985,15.3228,8105800
2023-03-08,17.035,17.12,16.995,17.065,15.395,5289000
2023-03-09,17.09,17.15,16.89,16.92,15.2642,5543800
2023-03-10,16.925,16.97,16.735,16.75,15.1108,8149800
2023-03-13,16.59,16.79,16.555,16.655,15.0251,14454400
2023-03-14,16.805,16.855,16.72,16.845,15.1965,6144000
2023-03-15,16.25,16.375,16.145,16.35,14.75,13816000
2023-03-16,16.285,16.61,16.26,16.61,14.9845,8196400
2023-03-17,16.475,16.505,16.355,16.42,14.8131,5930400
2023-03-20,16.565,16.705,16.55,16.67,15.0386,5192600
2023-03-21,16.885,16.905,16.79,16.875,15.2236,5316600
2023-03-22,16.91,17.115,16.815,16.82,15.174,6055400
2023-03-23,16.985,17.08,16.76,16.84,15.192,5368200
2023-03-24,16.715,16.795,16.62,16.78,15.1379,4292000
2023-03-27,16.885,16.94,16.83,16.925,15.2687,21883400
2023-03-28,16.915,16.98,16.9,16.945,15.2867,6508200
2023-03-29,17.09,17.145,17.07,17.135,15.4581,9253000
2023-03-30,17.325,17.35,17.285,17.33,15.6341,5409200
2023-03-31,17.38,17.445,17.365,17.4,15.6972,6231000
2023-04-03,17.455,17.565,17.44,17.56,15.8415,5289200
2023-04-04,17.56,17.615,17.505,17.555,15.837,3806400
2023-04-05,17.48,17.51,17.375,17.44,15.7333,4138000
2023-04-06,17.425,17.535,17.39,17.49,15.7784,3251400
2023-04-10,17.4,17.51,17.38,17.51,15.7964,4268000
2023-04-11,17.545,17.605,17.545,17.58,15.8596,4042600
2023-04-12,17.725,17.77,17.63,17.685,15.9543,5911000
2023-04-13,17.84,17.935,17.82,17.92,16.1663,4068400
2023-04-14,17.92,17.955,17.775,17.85,16.1032,4830400
2023-04-17,17.8,17.825,17.735,17.825,16.0806,4966200
2023-04-18,17.895,17.93,17.86,17.915,16.1618,4110400
2023-04-19,17.82,17.865,17.805,17.845,16.0987,9180200
2023-04-20,17.795,17.885,17.785,17.845,16.0987,6605800
2023-04-21,17.855,17.915,17.77,17.91,16.1573,6718200
2023-04-24,17.905,17.945,17.885,17.945,16.1889,4447800
2023-04-25,17.84,17.845,17.67,17.68,15.9498,4463800
2023-04-26,17.78,17.78,17.635,17.66,15.9318,3586800
2023-04-27,17.76,17.885,17.72,17.885,16.1347,3795800
2023-04-28,17.75,17.895,17.75,17.88,16.1302,6685000
2023-05-01,17.91,17.955,17.86,17.875,16.1257,5234200
2023-05-02,17.725,17.725,17.575,17.69,15.9588,6856800
2023-05-03,17.74,17.86,17.71,17.715,15.9814,7594400
2023-05-04,17.69,17.755,17.645,17.7,15.9678,4713400
2023-05-05,17.79,18.0,17.78,17.97,16.2114,3056200
2023-05-08,18.005,18.015,17.945,17.98,16.2204,3899800
2023-05-09,17.845,17.93,17.825,17.9,16.1483,4237800
2023-05-10,17.94,17.945,17.765,17.885,16.1347,3354800
2023-05-11,17.75,17.805,17.68,17.805,16.0626,3478600
2023-05-12,17.845,17.845,17.7,17.765,16.0265,3969200
2023-05-15,17.84,17.92,17.81,17.915,16.1618,3345600
2023-05-16,17.835,17.865,17.735,17.745,16.0084,3477400
2023-05-17,17.79,17.845,17.7,17.835,16.0896,6763000
2023-05-18,17.795,17.805,17.71,17.805,16.0626,6911400
2023-05-19,17.89,17.945,17.86,17.91,16.1573,6529400
2023-05-22,17.9,17.965,17.89,17.93,16.1753,8726600
2023-05-23,17.79,17.805,17.67,17.68,15.9498,5336200
2023-05-24,17.525,17.525,17.415,17.435,15.7288,7315400
2023-05-25,17.41,17.425,17.32,17.4,15.6972,4792800
2023-05-26,17.48,17.58,17.46,17.565,15.8461,3891000
2023-05-30,17.535,17.54,17.36,17.415,15.7107,5277600
2023-05-31,17.25,17.265,17.11,17.24,15.5529,9246600
2023-06-01,17.335,17.515,17.32,17.495,15.7829,5316200
2023-06-02,17.735,17.765,17.69,17.755,16.0175,4564600
2023-06-05,17.73,17.745,17.645,17.65,15.9227,4827600
2023-06-06,17.69,17.815,17.675,17.815,16.0716,4579600
2023-06-07,17.74,17.795,17.625,17.635,15.9092,5472200
2023-06-08,17.73,17.82,17.685,17.82,16.0761,5313400
2023-06-09,17.83,17.855,17.78,17.805,16.0626,4082000
2023-06-12,17.86,17.885,17.805,17.885,16.1347,3371800
2023-06-13,18.04,18.095,18.015,18.055,16.2881,4511600
2023-06-14,18.145,18.195,18.005,18.11,16.3377,5283200
2023-06-15,18.095,18.295,18.08,18.27,16.4821,5919000
2023-06-16,18.365,18.365,18.23,18.24,16.455,6375800
2023-06-20,18.05,18.06,17.95,17.995,16.234,7490200
2023-06-21,17.77,17.88,17.735,17.83,16.2627,5400800
2023-06-22,17.7,17.74,17.68,17.715,16.1578,3099600
2023-06-23,17.425,17.49,17.405,17.45,15.9161,8460200
2023-06-26,17.47,17.53,17.46,17.495,15.9572,4138400
2023-06-27,17.55,17.66,17.495,17.65,16.0985,8661800
2023-06-28,17.63,17.68,17.595,17.655,16.1031,4282400
2023-06-29,17.565,17.62,17.55,17.615,16.0666,3387400
2023-06-30,17.78,17.84,17.755,17.825,16.2581,3854400
2023-07-03,17.845,17.88,17.825,17.85,16.281,2965800
2023-07-05,17.725,17.725,17.63,17.655,16.1031,5678800
2023-07-06,17.4,17.4,17.24,17.335,15.8112,7341400
2023-07-07,17.36,17.55,17.35,17.475,15.9389,6190000
2023-07-10,17.445,17.525,17.435,17.52,15.98,5037000
2023-07-11,17.595,17.68,17.55,17.68,16.1259,3719800
2023-07-12,17.915,18.025,17.885,18.01,16.4269,6060600
2023-07-13,18.23,18.315,18.215,18.29,16.6823,4272000
2023-07-14,18.285,18.3,18.18,18.195,16.5956,4550200
2023-07-17,18.12,18.2,18.095,18.185,16.5865,4731600
2023-07-18,18.205,18.315,18.19,18.29,16.6823,3870400
2023-07-19,18.315,18.345,18.245,18.295,16.6868,4768200
2023-07-20,18.26,18.285,18.165,18.195,16.5956,6005600
2023-07-21,18.23,18.24,18.17,18.22,16.6184,2828200
2023-07-24,18.18,18.25,18.165,18.21,16.6093,5425400
2023-07-25,18.185,18.27,18.18,18.245,16.6412,3906200
2023-07-26,18.135,18.33,18.135,18.28,16.6732,4214400
2023-07-27,18.41,18.41,18.2,18.22,16.6184,4892400
2023-07-28,18.35,18.42,18.315,18.355,16.7416,3639400
2023-07-31,18.36,18.425,18.345,18.355,16.7416,5010800
2023-08-01,18.2,18.24,18.105,18.155,16.5591,6466000
2023-08-02,17.93,17.945,17.78,17.81,16.2445,7836000
2023-08-03,17.655,17.8,17.65,17.75,16.1897,5058800
2023-08-04,17.83,17.975,17.775,17.8,16.2353,7167000
2023-08-07,17.9,17.94,17.825,17.925,16.3494,4389400
2023-08-08,17.725,17.825,17.675,17.815,16.249,4266600
2023-08-09,17.85,17.89,17.785,17.83,16.2627,3590000
2023-08-10,18.0,18.1,17.86,17.875,16.3038,4575600
2023-08-11,17.77,17.835,17.735,17.77,16.208,3740200
2023-08-14,17.6,17.71,17.55,17.695,16.1396,4688800
2023-08-15,17.6,17.6,17.435,17.465,15.9298,5896800
2023-08-16,17.405,17.475,17.315,17.315,15.793,6254600
2023-08-17,17.385,17.395,17.185,17.21,15.6972,7352400
2023-08-18,17.085,17.23,17.075,17.205,15.6926,7270400
2023-08-21,17.245,17.275,17.16,17.26,15.7428,5206600
2023-08-22,17.335,17.335,17.205,17.225,15.7109,4759800
2023-08-23,17.295,17.435,17.28,17.405,15.8751,7057400
2023-08-24,17.34,17.39,17.18,17.19,15.679,9723800
2023-08-25,17.3,17.36,17.135,17.295,15.7747,5744600
2023-08-28,17.42,17.485,17.405,17.465,15.9298,4165600
2023-08-29,17.435,17.705,17.415,17.695,16.1396,4244800
2023-08-30,17.715,17.77,17.66,17.69,16.135,4323400
2023-08-31,17.715,17.72,17.585,17.635,16.0849,5483800
2023-09-01,17.79,17.81,17.605,17.655,16.1031,5341600
2023-09-05,17.62,17.62,17.5,17.51,15.9708,4669400
2023-09-06,17.495,17.525,17.385,17.44,15.907,6021800
2023-09-07,17.4,17.425,17.335,17.39,15.8614,5177400
2023-09-08,17.37,17.42,17.34,17.355,15.8295,4425000
2023-09-11,17.515,17.565,17.46,17.55,16.0073,4768800
2023-09-12,17.46,17.54,17.45,17.49,15.9526,4834400
2023-09-13,17.455,17.5,17.405,17.445,15.9116,3482600
2023-09-14,17.595,17.695,17.575,17.685,16.1305,4654400
2023-09-15,17.715,17.765,17.63,17.65,16.0985,5157800
2023-09-18,17.585,17.605,17.515,17.58,16.0347,4046200
2023-09-19,17.615,17.64,17.535,17.585,16.0392,4308600
2023-09-20,17.65,17.74,17.525,17.53,15.9891,5446600
2023-09-21,17.365,17.39,17.23,17.24,15.7246,7007600
2023-09-22,17.335,17.385,17.23,17.245,15.7291,8570000
2023-09-25,17.12,17.195,17.07,17.18,15.6698,13962800
2023-09-26,17.04,17.085,16.93,16.945,15.4555,10282200
2023-09-27,17.015,17.02,16.8,16.91,15.4236,8078800
2023-09-28,16.955,17.1,16.895,17.05,15.5513,6516200
2023-09-29,17.215,17.215,16.95,16.98,15.4874,7085200
2023-10-02,16.88,16.89,16.68,16.73,15.2594,12611800
2023-10-03,16.585,16.625,16.465,16.53,15.077,16409600
2023-10-04,16.55,16.56,16.4,16.535,15.0815,14247600
2023-10-05,16.615,16.705,16.575,16.685,15.2184,13606400
2023-10-06,16.645,16.9,16.545,16.855,15.3734,8698000
2023-10-09,16.705,16.865,16.695,16.85,15.3689,10325400
2023-10-10,17.015,17.13,16.995,17.065,15.565,6714800
2023-10-11,17.165,17.19,17.045,17.145,15.6379,5568400
2023-10-12,17.165,17.175,16.925,16.99,15.4965,8117800
2023-10-13,16.945,16.995,16.81,16.85,15.3689,8737600
2023-10-16,16.885,16.99,16.855,16.985,15.492,7418400
2023-10-17,16.84,17.065,16.825,16.985,15.492,6362400
2023-10-18,16.855,16.865,16.68,16.705,15.2366,6984000
2023-10-19,16.65,16.74,16.53,16.565,15.1089,11345000
2023-10-20,16.505,16.535,16.395,16.4,14.9584,11212200
2023-10-23,16.33,16.52,16.275,16.41,14.9675,12131400
2023-10-24,16.455,16.51,16.415,16.495,15.0451,7661400
2023-10-25,16.44,16.495,16.345,16.365,14.9265,11883000
2023-10-26,16.315,16.35,16.19,16.24,14.8125,13688600
2023-10-27,16.345,16.36,16.145,16.185,14.7623,12369600
2023-10-30,16.36,16.41,16.295,16.4,14.9584,10014600
2023-10-31,16.415,16.46,16.345,16.44,14.9949,10321000
2023-11-01,16.48,16.615,16.445,16.61,15.1499,13740200
2023-11-02,16.895,16.98,16.855,16.97,15.4783,8717200
2023-11-03,17.135,17.225,17.115,17.175,15.6653,7675200
2023-11-06,17.21,17.215,17.095,17.135,15.6288,8037800
2023-11-07,16.995,17.045,16.945,17.01,15.5148,8486600
2023-11-08,16.985,17.035,16.905,16.97,15.4783,8768200
2023-11-09,17.105,17.15,16.95,16.96,15.4692,8279000
2023-11-10,16.955,17.05,16.835,17.04,15.5422,5978200
2023-11-13,16.98,17.11,16.94,17.085,15.5832,5180800
2023-11-14,17.365,17.55,17.365,17.53,15.9891,6423800
2023-11-15,17.55,17.595,17.49,17.5,15.9617,9726600
2023-11-16,17.46,17.545,17.425,17.485,15.948,5848000
2023-11-17,17.635,17.7,17.605,17.7,16.1441,5675800
2023-11-20,17.685,17.795,17.685,17.78,16.2171,5467600
2023-11-21,17.77,17.785,17.68,17.705,16.1487,5980800
2023-11-22,17.725,17.745,17.64,17.74,16.1806,5046600
2023-11-24,17.785,17.865,17.775,17.86,16.2901,2600800
2023-11-27,17.815,17.825,17.76,17.81,16.2445,5085800
2023-11-28,17.785,17.88,17.75,17.83,16.2627,8028000
2023-11-29,17.87,17.93,17.815,17.865,16.2946,5880000
2023-11-30,17.87,17.89,17.79,17.855,16.2855,6556400
2023-12-01,17.84,18.05,17.83,18.045,16.4588,9441600
2023-12-04,17.905,17.94,17.83,17.89,16.3174,5332400
2023-12-05,17.83,17.885,17.79,17.83,16.2627,6021200
2023-12-06,17.655,17.67,17.5,17.51,16.2925,6027200
2023-12-07,17.555,17.64,17.48,17.605,16.3809,7879400
2023-12-08,17.555,17.68,17.555,17.65,16.4228,13816800
2023-12-11,17.64,17.715,17.62,17.705,16.4739,7356400
2023-12-12,17.67,17.73,17.61,17.73,16.4972,12618200
2023-12-13,17.73,18.01,17.645,17.995,16.7438,8651800
2023-12-14,18.1,18.205,18.07,18.145,16.8833,8194200
2023-12-15,18.065,18.095,17.965,17.97,16.7205,8072800
2023-12-18,18.055,18.06,17.97,18.02,16.767,6612000
2023-12-19,18.13,18.195,18.11,18.19,16.9252,7130200
2023-12-20,18.205,18.24,17.995,18.01,16.7577,7460000
2023-12-21,18.21,18.295,18.165,18.29,17.0182,11239200
2023-12-22,18.34,18.38,18.265,18.325,17.0508,8130200
2023-12-26,18.34,18.435,18.335,18.415,17.1346,4898400
2023-12-27,18.43,18.52,18.41,18.505,17.2183,5955600
2023-12-28,18.52,18.57,18.47,18.48,17.195,6273000
2023-12-29,18.495,18.54,18.44,18.48,17.195,7201400
2024-01-02,18.305,18.375,18.25,18.285,17.0136,9448400
2024-01-03,18.105,18.2,18.05,18.15,16.888,9923200
2024-01-04,18.135,18.265,18.135,18.18,16.9159,7558600
2024-01-05,18.16,18.35,18.14,18.195,16.9299,7782600
2024-01-08,18.22,18.385,18.205,18.38,17.102,6896400
2024-01-09,18.215,18.25,18.175,18.21,16.9438,7841200
2024-01-10,18.265,18.33,18.25,18.31,17.0369,6111000
2024-01-11,18.355,18.37,18.13,18.29,17.0182,7673600
2024-01-12,18.415,18.47,18.325,18.355,17.0787,8074600
2024-01-16,18.125,18.15,18.005,18.045,16.7903,10208600
2024-01-17,17.795,17.855,17.73,17.855,16.6135,11420400
2024-01-18,17.92,18.015,17.89,18.015,16.7624,8109200
2024-01-19,17.975,18.075,17.91,18.07,16.8135,7765000
2024-01-22,18.115,18.17,18.085,18.12,16.8601,8854000
2024-01-23,18.04,18.095,18.0,18.09,16.8322,7698000
2024-01-24,18.31,18.315,18.195,18.2,16.9345,9451800
2024-01-25,18.24,18.245,18.15,18.24,16.9717,7920400
2024-01-26,18.325,18.36,18.295,18.315,17.0415,6937600
2024-01-29,18.32,18.45,18.29,18.435,17.1532,6213200
2024-01-30,18.395,18.425,18.33,18.415,17.1346,5685400
2024-01-31,18.49,18.535,18.28,18.305,17.0322,9859200
2024-02-01,18.375,18.505,18.325,18.5,17.2136,10072400
2024-02-02,18.385,18.39,18.295,18.375,17.0973,10721800
2024-02-05,18.26,18.3,18.17,18.26,16.9903,7339600
2024-02-06,18.265,18.38,18.25,18.38,17.102,10186400
2024-02-07,18.385,18.41,18.345,18.39,17.1113,9160400
2024-02-08,18.355,18.36,18.285,18.355,17.0787,7499400
2024-02-09,18.36,18.43,18.315,18.425,17.1439,8262000
2024-02-12,18.42,18.525,18.41,18.465,17.1811,7776800
2024-02-13,18.26,18.265,18.08,18.15,16.888,8902800
2024-02-14,18.27,18.37,18.255,18.37,17.0927,6342800
2024-02-15,18.44,18.58,18.44,18.58,17.2881,7058800
2024-02-16,18.57,18.68,18.54,18.6,17.3067,6212200
2024-02-20,18.68,18.725,18.62,18.675,17.3765,6116200
2024-02-21,18.635,18.685,18.595,18.68,17.3811,5399400
2024-02-22,18.825,18.895,18.8,18.885,17.5719,6121600
2024-02-23,18.9,18.94,18.88,18.915,17.5998,5123200
2024-02-26,18.92,18.92,18.84,18.885,17.5719,7135400
2024-02-27,18.885,18.92,18.865,18.9,17.5858,5341200
2024-02-28,18.8,18.835,18.775,18.8,17.4928,5452400
2024-02-29,18.9,18.925,18.765,18.855,17.544,6987200
2024-03-01,18.935,19.05,18.86,19.035,17.7114,5025400
2024-03-04,18.99,19.035,18.965,19.0,17.6789,6136000
2024-03-05,19.01,19.07,18.9,18.955,17.637,7260800
2024-03-06,19.165,19.235,19.13,19.175,17.8417,9949400
2024-03-07,19.31,19.415,19.295,19.395,18.0464,5949000
2024-03-08,19.465,19.49,19.31,19.34,17.9952,9553400
2024-03-11,19.21,19.245,19.15,19.245,17.9068,6825000
2024-03-12,19.295,19.395,19.2,19.395,18.0464,6787400
2024-03-13,19.365,19.445,19.36,19.405,18.0557,5505600
2024-03-14,19.405,19.415,19.185,19.26,17.9208,8650000
2024-03-15,19.285,19.3,19.19,19.25,17.9115,7263400
2024-03-18,19.305,19.315,19.235,19.255,17.9161,7371800
2024-03-19,19.225,19.33,19.2,19.285,17.9441,7079000
2024-03-20,19.285,19.515,19.26,19.5,18.1441,8915400
2024-03-21,19.53,19.565,19.495,19.505,18.1488,6833000
2024-03-22,19.495,19.5,19.425,19.45,18.0976,4618800
2024-03-25,19.395,19.48,19.39,19.415,18.065,7091600
2024-03-26,19.505,19.51,19.43,19.44,18.0883,5351600
2024-03-27,19.475,19.56,19.455,19.555,18.1953,7401200
2024-03-28,19.495,19.545,19.495,19.51,18.1534,6561000
2024-04-01,19.495,19.52,19.385,19.43,18.079,5573800
2024-04-02,19.3,19.315,19.25,19.31,17.9673,7508800
2024-04-03,19.27,19.445,19.27,19.415,18.065,6737600
2024-04-04,19.55,19.555,19.245,19.26,17.9208,7303600
2024-04-05,19.24,19.37,19.2,19.33,17.9859,6820000
2024-04-08,19.43,19.455,19.38,19.42,18.0697,8151200
2024-04-09,19.5,19.515,19.325,19.42,18.0697,7929400
2024-04-10,19.135,19.22,19.06,19.135,17.8045,12588000
2024-04-11,19.225,19.23,18.995,19.2,17.865,9466400
2024-04-12,19.03,19.08,18.845,18.875,17.5626,10297800
2024-04-15,19.075,19.1,18.775,18.81,17.5021,9159800
2024-04-16,18.65,18.7,18.55,18.605,17.3113,15951200
2024-04-17,18.695,18.72,18.535,18.625,17.33,10709600
2024-04-18,18.635,18.72,18.56,18.595,17.302,10498000
2024-04-19,18.62,18.67,18.55,18.605,17.3113,9865200
2024-04-22,18.715,18.88,18.68,18.815,17.5067,6553400
2024-04-23,18.855,19.03,18.85,19.0,17.6789,6908600
2024-04-24,19.015,19.025,18.88,18.96,17.6417,7060000
2024-04-25,18.69,18.905,18.64,18.875,17.5626,6974600
2024-04-26,18.94,19.04,18.935,19.015,17.6928,5904400
2024-04-29,19.07,19.135,19.04,19.1,17.7719,5229000
2024-04-30,19.025,19.075,18.835,18.835,17.5254,7572800
2024-05-01,18.845,19.04,18.765,18.815,17.5067,9257200
2024-05-02,19.025,19.12,18.91,19.085,17.758,8333400
2024-05-03,19.285,19.34,19.155,19.26,17.9208,8883000
2024-05-06,19.355,19.42,19.355,19.415,18.065,6113200
2024-05-07,19.47,19.495,19.41,19.445,18.0929,4562800
2024-05-08,19.35,19.425,19.345,19.42,18.0697,3777600
2024-05-09,19.42,19.555,19.42,19.555,18.1953,5306600
2024-05-10,19.63,19.635,19.555,19.575,18.2139,3558800
2024-05-13,19.6,19.625,19.545,19.57,18.2092,4448800
2024-05-14,19.645,19.705,19.62,19.7,18.3302,4142000
2024-05-15,19.8,19.905,19.75,19.905,18.521,4351200
2024-05-16,19.865,19.88,19.79,19.79,18.4139,4743000
2024-05-17,19.795,19.87,19.765,19.86,18.4791,4338000
2024-05-20,19.885,19.93,19.86,19.875,18.493,4015400
2024-05-21,19.795,19.855,19.785,19.835,18.4558,4297000
2024-05-22,19.715,19.725,19.595,19.65,18.2837,5452000
2024-05-23,19.805,19.805,19.5,19.54,18.1813,6797800
2024-05-24,19.635,19.725,19.615,19.695,18.3256,10934000
2024-05-28,19.795,19.8,19.635,19.7,18.3302,13903600
2024-05-29,19.45,19.48,19.355,19.375,18.0278,12226600
2024-05-30,19.485,19.575,19.475,19.53,18.172,8220600
2024-05-31,19.645,19.71,19.54,19.705,18.3349,8309200
2024-06-03,19.77,19.82,19.67,19.755,18.3814,7359800
2024-06-04,19.725,19.745,19.62,19.72,18.3488,8297600
2024-06-05,19.8,19.855,19.7,19.85,18.4698,4361600
2024-06-06,19.84,19.91,19.835,19.91,18.5256,5640000
2024-06-07,19.75,19.795,19.66,19.68,18.3116,5292600
2024-06-10,19.56,19.705,19.54,19.69,18.3209,5111600
2024-06-11,19.475,19.51,19.365,19.475,18.1209,6501200
2024-06-12,19.815,19.845,19.67,19.71,18.3395,6798000
2024-06-13,19.575,19.575,19.355,19.44,18.0883,5355200
2024-06-14,19.215,19.26,19.13,19.25,17.9115,7450800
2024-06-17,19.195,19.32,19.125,19.315,17.972,4763200
2024-06-18,19.32,19.4,19.31,19.39,18.0418,5297800
2024-06-20,19.39,19.425,19.33,19.395,18.0464,5200800
2024-06-21,19.25,19.285,19.2,19.265,17.9255,5138200
2024-06-24,19.42,19.51,19.405,19.425,18.0743,8085400
2024-06-25,19.425,19.495,19.39,19.47,18.1162,7100000
2024-06-26,19.13,19.19,19.095,19.155,17.9908,6017200
2024-06-27,19.2,19.245,19.145,19.19,18.0237,6377000
2024-06-28,19.195,19.275,19.125,19.21,18.0425,13371600
2024-07-01,19.315,19.36,19.175,19.22,18.0519,7854400
2024-07-02,19.17,19.285,19.15,19.28,18.1082,6765800
2024-07-03,19.41,19.515,19.41,19.5,18.3148,3402600
2024-07-05,19.655,19.66,19.495,19.63,18.4369,4398800
2024-07-08,19.645,19.655,19.525,19.545,18.3571,4051800
2024-07-09,19.535,19.535,19.425,19.475,18.2914,5336000
2024-07-10,19.62,19.755,19.61,19.755,18.5543,4590200
2024-07-11,19.87,19.92,19.795,19.81,18.606,7009400
2024-07-12,19.94,20.08,19.94,20.015,18.7985,5027400
2024-07-15,19.97,19.97,19.835,19.855,18.6483,5859800
2024-07-16,19.805,19.97,19.785,19.965,18.7516,4808000
2024-07-17,19.865,19.93,19.82,19.85,18.6436,6004800
2024-07-18,19.89,19.895,19.61,19.655,18.4604,4471400
2024-07-19,19.595,19.61,19.51,19.535,18.3477,3868800
2024-07-22,19.685,19.735,19.635,19.73,18.5309,6112400
2024-07-23,19.65,19.665,19.61,19.63,18.4369,3841000
2024-07-24,19.565,19.59,19.37,19.38,18.2021,5156200
2024-07-25,19.225,19.435,19.16,19.27,18.0988,6304400
2024-07-26,19.41,19.54,19.4,19.51,18.3242,3537200
2024-07-29,19.485,19.485,19.37,19.43,18.2491,4685000
2024-07-30,19.505,19.525,19.41,19.475,18.2914,6825000
2024-07-31,19.77,19.855,19.71,19.76,18.559,6511200
2024-08-01,19.535,19.585,19.16,19.26,18.0894,6348400
2024-08-02,18.99,19.02,18.775,18.93,17.7795,13225600
2024-08-05,18.19,18.605,18.12,18.49,17.3662,16246200
2024-08-06,18.35,18.635,18.315,18.53,17.4038,60648600
2024-08-07,18.895,18.935,18.605,18.62,17.4883,7540800
2024-08-08,18.81,18.96,18.72,18.945,17.7936,8018200
2024-08-09,18.905,19.02,18.855,19.01,17.8546,17662400
2024-08-12,19.0,19.065,18.95,19.01,17.8546,4366800
2024-08-13,19.14,19.35,19.135,19.33,18.1552,3316800
2024-08-14,19.355,19.415,19.33,19.41,18.2303,4383600
2024-08-15,19.56,19.685,19.56,19.64,18.4463,4559600
2024-08-16,19.67,19.775,19.635,19.765,18.5637,3864000
2024-08-19,19.855,20.01,19.855,19.985,18.7704,3650000
2024-08-20,19.965,19.995,19.89,19.935,18.7234,3461600
2024-08-21,20.04,20.14,20.005,20.105,18.8831,3580400
2024-08-22,20.165,20.165,19.955,19.97,18.7563,3253000
2024-08-23,20.145,20.37,20.12,20.36,19.1226,4173400
2024-08-26,20.295,20.335,20.245,20.265,19.0334,2764000
2024-08-27,20.3,20.385,20.275,20.35,19.1132,4070600
2024-08-28,20.31,20.365,20.19,20.265,19.0334,5618400
2024-08-29,20.36,20.445,20.305,20.33,19.0944,5034600
2024-08-30,20.395,20.425,20.26,20.385,19.1461,4892800
2024-09-03,20.26,20.28,19.99,20.035,18.8173,4678400
2024-09-04,19.905,20.065,19.9,19.97,18.7563,6181600
2024-09-05,19.99,20.04,19.895,19.97,18.7563,6582800
2024-09-06,19.945,19.97,19.565,19.6,18.4088,5075000
2024-09-09,19.76,19.885,19.755,19.815,18.6107,4325600
2024-09-10,19.76,19.76,19.565,19.72,18.5215,3599400
2024-09-11,19.725,19.845,19.5,19.835,18.6295,3994600
2024-09-12,19.835,20.01,19.775,20.005,18.7892,3832200
2024-09-13,20.04,20.13,20.02,20.07,18.8502,3592400
2024-09-16,20.145,20.225,20.095,20.225,18.9958,3620400
2024-09-17,20.21,20.225,20.05,20.11,18.8878,5120600
2024-09-18,20.135,20.3,20.01,20.06,18.8408,5706200
2024-09-19,20.41,20.47,20.275,20.435,19.193,4367800
2024-09-20,20.315,20.32,20.165,20.25,19.0193,3813800
2024-09-23,20.235,20.35,20.235,20.33,19.0944,3105600
2024-09-24,20.39,20.465,20.34,20.455,19.2118,3424400
2024-09-25,20.465,20.475,20.32,20.33,19.0944,2890400
2024-09-26,20.715,20.815,20.65,20.775,19.5124,3664600
2024-09-27,20.74,20.805,20.615,20.66,19.4043,5197200
2024-09-30,20.635,20.64,20.45,20.56,19.3104,4854400
2024-10-01,20.575,20.585,20.325,20.435,19.193,5176200
2024-10-02,20.4,20.445,20.305,20.405,19.1648,6735600
2024-10-03,20.22,20.26,20.135,20.21,18.9817,4064600
2024-10-04,20.23,20.335,20.21,20.325,19.0897,3591400
2024-10-07,20.23,20.295,20.135,20.225,18.9958,4678800
2024-10-08,20.185,20.195,20.115,20.185,18.9582,3047800
2024-10-09,20.07,20.21,20.065,20.205,18.977,4381000
2024-10-10,20.115,20.17,20.04,20.17,18.9441,3786600
2024-10-11,20.15,20.29,20.15,20.26,19.0287,1753000
2024-10-14,20.22,20.32,20.19,20.32,19.085,2906200
2024-10-15,20.25,20.25,19.99,20.01,18.7938,3858200
2024-10-16,20.07,20.09,20.04,20.08,18.8596,3347800
2024-10-17,20.12,20.14,20.05,20.08,18.8596,4252900
2024-10-18,20.15,20.21,20.11,20.21,18.9817,2810900
2024-10-21,20.09,20.1,19.92,19.97,18.7563,4731100
2024-10-22,19.83,19.87,19.8,19.86,18.653,7554200
2024-10-23,19.68,19.73,19.57,19.68,18.4839,4562500
2024-10-24,19.8,19.8,19.65,19.74,18.5403,4156000
2024-10-25,19.79,19.82,19.63,19.69,18.4933,4069000
2024-10-28,19.76,19.86,19.69,19.84,18.6342,10060200
2024-10-29,19.79,19.83,19.74,19.78,18.5778,5027700
2024-10-30,19.64,19.76,19.62,19.66,18.4651,4339400
2024-10-31,19.55,19.57,19.36,19.53,18.343,15547700
2024-11-01,19.64,19.68,19.55,19.58,18.39,4737500
2024-11-04,19.68,19.74,19.58,19.61,18.4182,6175600
2024-11-05,19.64,19.81,19.63,19.8,18.5966,4533000
2024-11-06,19.52,19.56,19.38,19.54,18.3524,6088700
2024-11-07,19.74,19.86,19.73,19.84,18.6342,6395300
2024-11-08,19.63,19.64,19.47,19.56,18.3712,5714300
2024-11-11,19.61,19.64,19.55,19.57,18.3806,5507200
2024-11-12,19.4,19.41,19.15,19.24,18.0706,11961200
2024-11-13,19.19,19.19,19.03,19.15,17.9861,10211400
2024-11-14,19.26,19.3,19.14,19.18,18.0143,6135800
2024-11-15,19.16,19.17,19.06,19.12,17.9579,6288100
2024-11-18,19.1,19.27,19.1,19.25,18.08,6905600
2024-11-19,19.09,19.25,19.05,19.22,18.0519,5901700
2024-11-20,19.14,19.15,19.02,19.14,17.9767,5980500
2024-11-21,19.16,19.23,19.08,19.2,18.0331,7388500
2024-11-22,19.22,19.31,19.18,19.29,18.1176,5241400
2024-11-25,19.41,19.44,19.3,19.36,18.1834,9792000
2024-11-26,19.29,19.32,19.2,19.25,18.08,7080600
2024-11-27,19.34,19.39,19.29,19.35,18.174,3589600
2024-11-29,19.42,19.61,19.4,19.61,18.4182,6698700
2024-12-02,19.61,19.66,19.47,19.63,18.4369,6820400
2024-12-03,19.7,19.75,19.61,19.71,18.5121,6092500
2024-12-04,19.74,19.76,19.68,19.71,18.5121,6468900
2024-12-05,19.78,19.83,19.75,19.8,18.5966,6149800
2024-12-06,19.85,19.86,19.73,19.76,18.559,6192600
2024-12-09,19.84,19.89,19.72,19.74,18.5403,6731200
2024-12-10,19.67,19.69,19.57,19.58,18.39,8672800
2024-12-11,19.67,19.73,19.64,19.72,18.5215,7739000
2024-12-12,19.61,19.68,19.51,19.52,18.3336,9636700
2024-12-13,19.15,19.15,19.0,19.06,18.2972,14794300
2024-12-16,18.99,19.05,18.96,18.98,18.2204,10906000
2024-12-17,18.94,18.99,18.91,18.93,18.1724,21075800
2024-12-18,18.96,18.97,18.44,18.46,17.7212,19536300
2024-12-19,18.56,18.57,18.41,18.44,17.702,25884400
2024-12-20,18.23,18.54,18.21,18.41,17.6732,23104900
2024-12-23,18.43,18.53,18.34,18.52,17.7788,17583800
2024-12-24,18.49,18.59,18.48,18.57,17.8268,5775000
2024-12-26,18.63,18.68,18.56,18.65,17.9036,17326100
2024-12-27,18.6,18.65,18.51,18.51,17.7692,12191700
2024-12-30,18.52,18.56,18.4,18.51,17.7692,13111200
2024-12-31,18.56,18.58,18.44,18.5,17.7596,14937600
2025-01-02,18.53,18.57,18.39,18.44,17.702,10246900
2025-01-03,18.53,18.57,18.44,18.56,17.8172,8106600
2025-01-06,18.71,18.85,18.7,18.74,17.99,12785400
2025-01-07,18.86,18.88,18.66,18.7,17.9516,7892100
2025-01-08,18.61,18.7,18.54,18.69,17.942,8217900
2025-01-10,18.55,18.55,18.34,18.4,17.6636,9396100
2025-01-13,18.24,18.36,18.2,18.36,17.6252,12408100
2025-01-14,18.38,18.45,18.31,18.45,17.7116,8617000
2025-01-15,18.66,18.69,18.56,18.65,17.9036,8080700
2025-01-16,18.67,18.77,18.63,18.71,17.9612,8812500
2025-01-17,18.8,18.9,18.77,18.81,18.0572,8328300
2025-01-21,19.03,19.17,19.01,19.16,18.3931,8993700
2025-01-22,19.21,19.22,19.12,19.13,18.3643,6474300
2025-01-23,19.17,19.3,19.14,19.3,18.5275,7224400
2025-01-24,19.34,19.43,19.33,19.35,18.5755,7680100
2025-01-27,19.28,19.36,19.24,19.36,18.5851,9618800
2025-01-28,19.32,19.36,19.21,19.33,18.5563,6404700
2025-01-29,19.33,19.38,19.25,19.33,18.5563,8720700
2025-01-30,19.48,19.62,19.45,19.52,18.7387,7321500
2025-01-31,19.5,19.59,19.31,19.32,18.5467,16141100
2025-02-03,18.98,19.22,18.94,19.11,18.3451,17681400
2025-02-04,19.21,19.36,19.21,19.34,18.5659,8418200
2025-02-05,19.44,19.54,19.4,19.51,18.7291,7434600
2025-02-06,19.59,19.66,19.56,19.61,18.8251,6540900
2025-02-07,19.63,19.64,19.4,19.45,18.6715,12287900
2025-02-10,19.55,19.58,19.51,19.54,18.7579,7880200
2025-02-11,19.55,19.67,19.52,19.65,18.8635,6690300
2025-02-12,19.49,19.74,19.47,19.69,18.9019,9533200
2025-02-13,19.76,19.95,19.75,19.95,19.1515,10311500
2025-02-14,20.03,20.06,19.95,19.96,19.1611,6485700
2025-02-18,20.08,20.11,20.03,20.1,19.2955,6002400
2025-02-19,19.91,19.95,19.84,19.92,19.1227,6550500
2025-02-20,19.97,20.02,19.9,20.0,19.1995,6873100
2025-02-21,20.01,20.01,19.81,19.86,19.0651,9170000
2025-02-24,19.92,19.95,19.79,19.84,19.0459,9846500
2025-02-25,20.04,20.06,19.89,19.99,19.1899,9399500
2025-02-26,20.05,20.17,19.96,20.02,19.2187,10457200
2025-02-27,19.97,19.97,19.76,19.78,18.9883,11901800
2025-02-28,19.73,19.8,19.61,19.79,18.9979,14751900
2025-03-03,20.15,20.21,19.85,19.95,19.1515,11870900
2025-03-04,19.8,20.13,19.63,19.93,19.1323,13571900
2025-03-05,20.17,20.42,20.16,20.39,19.5739,10210800
2025-03-06,20.23,20.41,20.16,20.19,19.3819,11555100
2025-03-07,20.22,20.4,20.17,20.38,19.5643,10164100
2025-03-10,20.08,20.13,19.78,19.95,19.1515,9779800
2025-03-11,19.95,19.97,19.71,19.87,19.0747,14571600
2025-03-12,20.02,20.06,19.86,20.01,19.2091,23024300
2025-03-13,19.91,19.96,19.8,19.84,19.0459,8530300
2025-03-14,20.04,20.23,20.02,20.23,19.4203,7180000
2025-03-17,20.29,20.49,20.29,20.47,19.6507,6995500
2025-03-18,20.44,20.47,20.33,20.46,19.6411,10413600
2025-03-19,20.4,20.6,20.38,20.51,19.6891,12037300
2025-03-20,20.26,20.39,20.24,20.38,19.5643,7424000
2025-03-21,20.23,20.33,20.18,20.33,19.5163,8744500
2025-03-24,20.26,20.32,20.21,20.26,19.4491,7443800
2025-03-25,20.42,20.44,20.34,20.39,19.5739,7208700
2025-03-26,20.28,20.32,20.1,20.15,19.3435,8920300
2025-03-27,20.12,20.22,20.09,20.17,19.3627,5999700
2025-03-28,20.08,20.09,19.92,19.96,19.1611,8207900
2025-03-31,19.68,19.84,19.61,19.78,18.9883,12939800
2025-04-01,19.82,19.92,19.71,19.86,19.0651,9034300
2025-04-02,19.68,19.93,19.68,19.92,19.1227,7232000
2025-04-03,19.69,19.76,19.46,19.48,18.7003,11123300
2025-04-04,18.76,18.83,18.23,18.25,17.5196,30011400
2025-04-07,17.69,18.44,17.56,17.85,17.1356,44069100
2025-04-08,18.44,18.46,17.57,17.76,17.0492,34227400
2025-04-09,17.76,19.15,17.69,19.07,18.3068,31469800
2025-04-10,18.73,18.82,18.29,18.7,17.9516,15590700
2025-04-11,18.83,19.77,18.79,19.22,18.4507,19734300
2025-04-14,19.35,19.52,19.26,19.42,18.6427,10741400
2025-04-15,19.56,19.67,19.53,19.57,18.7867,9250100
2025-04-16,19.59,19.71,19.43,19.52,18.7387,9895500
2025-04-17,19.69,19.84,19.65,19.72,18.9307,8664000
2025-04-21,19.82,19.83,19.49,19.64,18.8539,8694300
2025-04-22,19.86,20.11,19.86,20.02,19.2187,42341800
2025-04-23,20.2,20.32,20.03,20.08,19.2763,11921400
2025-04-24,20.18,20.34,20.12,20.33,19.5163,9984900
2025-04-25,20.31,20.41,20.26,20.39,19.5739,8339800
2025-04-28,20.44,20.55,20.4,20.54,19.7179,12632200
2025-04-29,20.54,20.63,20.52,20.59,19.7659,6852300
2025-04-30,20.43,20.6,20.34,20.55,19.7275,12343700
2025-05-01,20.63,20.63,20.45,20.48,19.6603,9289900
2025-05-02,20.83,20.92,20.79,20.87,20.0347,8379000
2025-05-05,20.91,20.96,20.9,20.91,20.0731,7703100
2025-05-06,20.89,20.95,20.86,20.89,20.0539,8057200
2025-05-07,20.83,20.9,20.75,20.82,19.9867,9188900
2025-05-08,20.88,20.88,20.74,20.75,19.9195,7066400
2025-05-09,20.91,20.91,20.79,20.86,20.0251,6848100
2025-05-12,20.91,20.97,20.8,20.97,20.1307,11125600
2025-05-13,20.92,21.05,20.91,20.99,20.1499,7698100
2025-05-14,21.07,21.08,20.89,20.92,20.0827,7233900
2025-05-15,21.06,21.14,21.01,21.14,20.2939,5660200
2025-05-16,21.14,21.19,21.07,21.19,20.3419,6630400
2025-05-19,21.14,21.36,21.14,21.36,20.5051,5982700
2025-05-20,21.4,21.46,21.37,21.46,20.6011,6914700
2025-05-21,21.48,21.56,21.33,21.33,20.4763,9334100
2025-05-22,21.27,21.38,21.22,21.31,20.4571,9455700
2025-05-23,21.19,21.42,21.17,21.39,20.5339,8303800
2025-05-27,21.68,21.72,21.64,21.69,20.8219,6292500
2025-05-28,21.52,21.53,21.44,21.48,20.6203,7166100
2025-05-29,21.61,21.61,21.47,21.56,20.6971,7403300
2025-05-30,21.58,21.62,21.43,21.57,20.7067,9165400
2025-06-02,21.63,21.83,21.58,21.83,20.9563,7581900
2025-06-03,21.62,21.7,21.58,21.68,20.8123,6020000
2025-06-04,21.75,21.84,21.72,21.78,20.9083,5789700
2025-06-05,21.85,21.88,21.73,21.79,20.9179,7329800
2025-06-06,21.83,21.88,21.79,21.86,20.9851,8074100
2025-06-09,21.85,21.93,21.82,21.87,20.9947,5356200
2025-06-10,21.94,21.94,21.85,21.91,21.0331,4836800
2025-06-11,21.96,22.0,21.88,21.9,21.0235,6362400
2025-06-12,22.02,22.08,22.0,22.06,21.1771,4749800
2025-06-13,21.82,21.92,21.74,21.8,20.9275,8102300
2025-06-16,21.97,22.09,21.88,21.9,21.0235,5683300
2025-06-17,21.81,21.82,21.59,21.61,20.7451,5683200
2025-06-18,21.71,21.79,21.62,21.67,20.8027,8470700
2025-06-20,21.69,21.69,21.48,21.49,20.6299,6578500
2025-06-23,21.35,21.63,21.34,21.63,20.7643,48302500
2025-06-24,21.83,21.94,21.78,21.92,21.0427,6447300
2025-06-25,21.66,21.68,21.6,21.66,20.9306,8823900
2025-06-26,21.83,21.91,21.79,21.9,21.1625,5953400
2025-06-27,22.03,22.12,21.94,22.05,21.3075,9835200
2025-06-30,22.01,22.12,21.97,22.1,21.3558,12492000
2025-07-01,22.05,22.12,22.02,22.07,21.3268,11656500
2025-07-02,22.01,22.15,21.96,22.15,21.4041,8986400
2025-07-03,22.13,22.21,22.13,22.18,21.4331,5013800
2025-07-07,22.02,22.05,21.84,21.91,21.1722,7720100
2025-07-08,21.97,22.09,21.93,22.08,21.3364,8229900
2025-07-09,22.15,22.22,22.1,22.22,21.4717,4650000
2025-07-10,22.18,22.25,22.12,22.24,21.4911,6035200
2025-07-11,22.07,22.08,22.0,22.04,21.2978,5232400
2025-07-14,21.97,22.08,21.95,22.06,21.3171,5540800
2025-07-15,22.08,22.08,21.82,21.84,21.1045,6818100
2025-07-16,21.84,21.95,21.76,21.94,21.2012,10265800
2025-07-17,21.89,22.0,21.85,21.99,21.2495,6108300
2025-07-18,22.09,22.1,21.92,21.94,21.2012,5851300
2025-07-21,22.06,22.18,22.01,22.08,21.3364,5480200
2025-07-22,22.08,22.2,22.03,22.19,21.4427,5836400
2025-07-23,22.46,22.69,22.44,22.69,21.9259,9499000
2025-07-24,22.57,22.62,22.51,22.51,21.752,8179200
2025-07-25,22.35,22.49,22.33,22.49,21.7326,5830900
2025-07-28,22.27,22.31,22.11,22.18,21.4331,7369900
2025-07-29,22.18,22.18,22.1,22.14,21.3944,6120400
2025-07-30,22.08,22.14,21.9,22.01,21.2688,8093600
2025-07-31,21.91,21.92,21.73,21.79,21.0562,13326600
2025-08-01,21.71,21.73,21.57,21.69,20.9596,14129100
2025-08-04,21.93,22.02,21.92,22.02,21.2785,7194500
2025-08-05,22.04,22.07,21.94,22.04,21.2978,7874800
2025-08-06,22.13,22.23,22.13,22.2,21.4524,8331200
2025-08-07,22.42,22.44,22.27,22.37,21.6167,8666400
2025-08-08,22.43,22.52,22.42,22.48,21.723,7983800
2025-08-11,22.43,22.45,22.36,22.4,21.6457,6205100
2025-08-12,22.49,22.66,22.45,22.65,21.8873,7315900
2025-08-13,22.72,22.78,22.71,22.77,22.0032,7398300
2025-08-14,22.65,22.74,22.63,22.73,21.9646,6948000
2025-08-15,22.87,22.87,22.8,22.84,22.0709,8298800
2025-08-18,22.78,22.8,22.72,22.79,22.0225,73778900
2025-08-19,22.85,22.86,22.73,22.76,21.9935,20569600
2025-08-20,22.81,22.84,22.75,22.82,22.0515,8574700
2025-08-21,22.72,22.75,22.66,22.71,21.9452,6254800
2025-08-22,22.8,23.1,22.78,23.07,22.2931,8441400
2025-08-25,22.96,22.99,22.77,22.78,22.0129,6562200
2025-08-26,22.73,22.78,22.7,22.78,22.0129,6761400
2025-08-27,22.61,22.75,22.58,22.75,21.9839,6408800
2025-08-28,22.83,22.86,22.78,22.84,22.0709,5048200
2025-08-29,22.7,22.75,22.67,22.71,21.9452,11211200
2025-09-02,22.43,22.55,22.37,22.53,21.7713,11942000
2025-09-03,22.48,22.59,22.48,22.57,21.8099,11472600
2025-09-04,22.62,22.72,22.59,22.72,21.9549,6609500
2025-09-05,22.89,22.96,22.75,22.82,22.0515,11283200
2025-09-08,22.97,23.04,22.92,23.04,22.2641,6081400
2025-09-09,22.93,23.0,22.91,22.97,22.1965,7280300
2025-09-10,23.04,23.08,22.95,22.98,22.2061,6086300
2025-09-11,23.09,23.25,23.06,23.25,22.467,6189400
2025-09-12,23.17,23.19,23.09,23.15,22.3704,6214900
2025-09-15,23.26,23.34,23.23,23.34,22.554,6541900
2025-09-16,23.33,23.33,23.22,23.3,22.5154,12116100
2025-09-17,23.27,23.4,23.11,23.2,22.4187,12116900
2025-09-18,23.22,23.32,23.15,23.29,22.5057,8508000
2025-09-19,23.22,23.24,23.15,23.21,22.4284,8734000
2025-09-22,23.21,23.31,23.16,23.31,22.525,4824200
2025-09-23,23.36,23.39,23.23,23.26,22.4767,6196400
2025-09-24,23.16,23.2,23.08,23.1,22.3221,7099300
2025-09-25,22.96,22.98,22.85,22.94,22.1675,6959300
2025-09-26,23.02,23.09,22.99,23.09,22.3124,6209200
2025-09-29,23.15,23.21,23.14,23.19,22.4091,6059900
2025-09-30,23.18,23.31,23.15,23.28,22.496,7279500
2025-10-01,23.39,23.5,23.39,23.47,22.6796,6795100
2025-10-02,23.57,23.59,23.4,23.53,22.7376,6570500
2025-10-03,23.68,23.77,23.66,23.73,22.9309,5658100
2025-10-06,23.79,23.85,23.76,23.79,22.9889,5423200
2025-10-07,23.73,23.74,23.56,23.56,22.7666,7941300
2025-10-08,23.66,23.68,23.6,23.66,22.8632,5753700
2025-10-09,23.69,23.69,23.4,23.46,22.67,6567100
2025-10-10,23.41,23.43,22.98,23.02,22.2448,7788200
2025-10-13,23.18,23.28,23.13,23.25,22.467,5263900
2025-10-14,23.07,23.4,23.05,23.33,22.5444,7112700
2025-10-15,23.47,23.55,23.34,23.5,22.7086,8032500
2025-10-16,23.66,23.73,23.53,23.61,22.8149,9486600
2025-10-17,23.54,23.66,23.49,23.64,22.8439,7797000
2025-10-20,23.74,23.87,23.74,23.86,23.0565,4967500
2025-10-21,23.71,23.74,23.63,23.64,22.8439,6809800
2025-10-22,23.67,23.72,23.54,23.66,22.8632,12935500
2025-10-23,23.7,23.8,23.7,23.77,22.9695,8264600
2025-10-24,23.82,23.88,23.8,23.85,23.0468,6047900
2025-10-27,24.0,24.03,23.95,24.03,23.2208,5992100
2025-10-28,23.98,24.08,23.94,24.03,23.2208,6731900
2025-10-29,24.05,24.07,23.79,23.91,23.1048,11054300
2025-10-30,23.76,23.89,23.75,23.8,22.9985,9252300
2025-10-31,23.79,23.8,23.67,23.76,22.9599,12531700
2025-11-03,23.84,23.85,23.73,23.83,23.0275,7070400
2025-11-04,23.54,23.66,23.51,23.53,22.7376,10667200
2025-11-05,23.54,23.72,23.53,23.69,22.8922,8121300
2025-11-06,23.67,23.7,23.5,23.58,22.7859,11356900
2025-11-07,23.48,23.66,23.39,23.66,22.8632,11922100
2025-11-10,23.83,23.96,23.77,23.94,23.1338,7564200
2025-11-11,24.0,24.13,24.0,24.09,23.2788,6406400
2025-11-12,24.16,24.28,24.16,24.26,23.443,8463600
2025-11-13,24.2,24.23,23.93,23.97,23.1628,12055300
2025-11-14,23.78,23.99,23.75,23.93,23.1241,12311800
2025-11-17,23.76,23.85,23.53,23.62,22.8246,10868900
2025-11-18,23.32,23.44,23.21,23.37,22.583,18370200
2025-11-19,23.33,23.43,23.18,23.3,22.5154,12620200
2025-11-20,23.45,23.5,22.96,22.96,22.1868,18243200
2025-11-21,23.15,23.37,23.05,23.31,22.525,21528000
2025-11-24,23.28,23.4,23.22,23.38,22.5927,10107900
2025-11-25,23.46,23.63,23.38,23.63,22.8342,9201000
2025-11-26,23.77,23.94,23.71,23.9,23.0952,7800900
2025-11-28,23.9,24.0,23.87,24.0,23.1918,4071900
2025-12-01,23.91,23.98,23.85,23.86,23.0565,9278000
2025-12-02,23.97,23.97,23.86,23.95,23.1435,10365400
2025-12-03,23.97,24.09,23.95,24.09,23.2788,10470000
2025-12-04,24.2,24.22,24.1,24.15,23.3367,7950000
2025-12-05,24.21,24.29,24.15,24.19,23.3754,9038000
2025-12-08,24.23,24.23,24.09,24.12,23.3077,9468600
2025-12-09,24.15,24.21,24.09,24.1,23.2884,8677800
2025-12-10,24.12,24.41,24.11,24.37,23.5493,11426800
2025-12-11,23.72,23.83,23.7,23.81,23.6666,16102700
2025-12-12,23.85,23.85,23.56,23.66,23.5175,15093800
2025-12-15,23.88,23.9,23.75,23.81,23.6666,20531200
2025-12-16,23.79,23.79,23.6,23.67,23.5275,26088700
2025-12-17,23.67,23.7,23.5,23.51,23.3684,16831000
2025-12-18,23.7,23.81,23.63,23.7,23.5573,10936000
2025-12-19,23.79,23.91,23.77,23.83,23.6865,7607400
2025-12-22,23.87,23.94,23.85,23.92,23.776,7377400
2025-12-23,24.06,24.1,24.03,24.09,23.9449,7524100
2025-12-24,24.13,24.16,24.08,24.14,23.9946,3882300
2025-12-26,24.19,24.21,24.13,24.21,24.0642,6573500
2025-12-29,24.15,24.21,24.1,24.17,24.0245,7939700
2025-12-30,24.22,24.27,24.18,24.2,24.0543,6979300
2025-12-31,24.15,24.17,24.04,24.04,23.8952,13031400
2026-01-02,24.33,24.36,24.21,24.36,24.2133,11540500
2026-01-05,24.45,24.66,24.43,24.63,24.4817,14082700
2026-01-06,24.69,24.74,24.65,24.73,24.5811,9051000
2026-01-07,24.69,24.69,24.58,24.62,24.4717,12444800
2026-01-08,24.54,24.63,24.51,24.63,24.4817,8696000
2026-01-09,24.74,24.88,24.73,24.86,24.7103,8839500
2026-01-12,24.9,25.02,24.9,25.02,24.8693,7497500
2026-01-13,24.97,24.98,24.81,24.87,24.7202,10276000
2026-01-14,24.97,25.01,24.91,25.01,24.8594,13801700
2026-01-15,25.09,25.12,25.01,25.05,24.8992,8992700
2026-01-16,25.08,25.1,24.97,25.1,24.9489,9314300
2026-01-20,24.83,24.92,24.71,24.77,24.6208,14688700
2026-01-21,24.86,25.11,24.77,25.06,24.9091,15333800
2026-01-22,25.14,25.2,25.07,25.15,24.9985,8674800
2026-01-23,25.09,25.32,25.05,25.3,25.1476,15597900
2026-01-26,25.44,25.51,25.4,25.43,25.2769,10237200
2026-01-27,25.67,25.88,25.66,25.84,25.6844,12058200
2026-01-28,25.71,25.73,25.51,25.67,25.5154,13220200
2026-01-29,25.91,25.92,25.49,25.8,25.6446,14698600
2026-01-30,25.69,25.74,25.37,25.44,25.2868,18694800
2026-02-02,25.44,25.62,25.42,25.61,25.4558,13856300
2026-02-03,25.64,25.74,25.47,25.67,25.5154,18421900
2026-02-04,25.96,25.98,25.61,25.72,25.5651,19436400
2026-02-05,25.45,25.6,25.33,25.39,25.2371,15459600
2026-02-06,25.71,25.97,25.7,25.97,25.8136,10457100
2026-02-09,26.06,26.37,26.06,26.35,26.1913,12510300
2026-02-10,26.46,26.5,26.39,26.42,26.2609,13178900
2026-02-11,26.6,26.66,26.39,26.62,26.4597,15132200
2026-02-12,26.69,26.74,26.32,26.4,26.241,14454100
2026-02-13,26.38,26.53,26.21,26.49,26.3305,13766300
2026-02-17,26.3,26.48,26.13,26.43,26.2708,14063800
2026-02-18,26.49,26.64,26.43,26.52,26.3603,11030600
2026-02-19,26.36,26.51,26.31,26.51,26.3504,14154400
2026-02-20,26.5,26.79,26.48,26.78,26.6187,13138500
2026-02-23,26.74,26.83,26.57,26.65,26.4895,12072600
2026-02-24,26.64,26.84,26.61,26.78,26.6187,8945800
2026-02-25,26.96,27.1,26.93,27.08,26.9169,8360400
2026-02-26,27.11,27.14,26.86,27.07,26.907,14548800
2026-02-27,27.06,27.17,26.99,27.03,26.8672,16443800
2026-03-02,26.41,26.68,26.37,26.58,26.4199,11954200
2026-03-03,25.31,25.77,24.99,25.64,25.4856,20578600
2026-03-04,25.76,26.02,25.65,25.95,25.7937,17897500
2026-03-05,25.52,25.68,25.07,25.33,25.1775,14082900
2026-03-06,24.88,25.26,24.8,25.14,24.9886,14003500
2026-03-09,24.75,25.47,24.53,25.37,25.2172,18966500
2026-03-10,25.54,25.86,25.37,25.4,25.247,15162800
2026-03-11,25.3,25.47,25.18,25.38,25.2272,11021700
2026-03-12,25.11,25.11,24.78,24.88,24.7302,11206800
2026-03-13,24.98,25.1,24.57,24.62,24.4717,13055100
2026-03-16,25.02,25.21,24.95,25.14,24.9886,10328100
2026-03-17,25.27,25.38,25.19,25.21,25.0582,12231700
2026-03-18,25.09,25.16,24.78,24.81,24.6606,12566100
2026-03-19,24.33,24.91,24.32,24.78,24.6308,22826600
2026-03-20,24.67,24.67,23.86,23.98,23.8356,22227600
2026-03-23,24.47,24.91,24.36,24.63,24.4817,17117700
2026-03-24,24.24,24.58,24.2,24.42,24.2729,9855100
2026-03-25,24.81,24.88,24.6,24.75,24.601,10593200
2026-03-26,24.4,24.6,24.15,24.16,24.0145,11303900
2026-03-27,24.08,24.23,23.9,23.99,23.8455,11208400
2026-03-30,24.17,24.23,23.86,23.97,23.8257,12824500
2026-03-31,24.27,24.77,24.18,24.75,24.601,22540400
2026-04-01,25.12,25.33,25.04,25.14,24.9886,14024700
2026-04-02,24.59,25.08,24.51,24.98,24.8296,12473500
2026-04-06,25.03,25.19,25.02,25.14,24.9886,13218200
2026-04-07,24.97,25.17,24.72,25.14,24.9886,16326800
2026-04-08,26.25,26.28,26.0,26.18,26.0223,11855600
2026-04-09,25.91,26.23,25.83,26.11,25.9528,11976200
2026-04-10,26.25,26.28,26.06,26.15,25.9925,7811000
2026-04-13,25.92,26.35,25.89,26.32,26.1615,10549200
2026-04-14,26.47,26.64,26.42,26.61,26.4498,9441500
2026-04-15,26.51,26.55,26.43,26.5,26.3404,7998500
2026-04-16,26.6,26.62,26.41,26.51,26.3504,9368400
2026-04-17,26.89,27.08,26.81,26.88,26.7181,10081900
2026-04-20,26.7,26.77,26.56,26.76,26.5989,9336300
2026-04-21,26.62,26.66,26.15,26.18,26.0223,10867400
2026-04-22,26.41,26.42,26.29,26.4,26.241,7396100
2026-04-23,26.29,26.4,25.86,26.14,25.9826,11212600
2026-04-24,26.21,26.36,26.14,26.31,26.1516,8237800
2026-04-27,26.38,26.43,26.25,26.27,26.1118,7473000
2026-04-28,26.17,26.23,26.04,26.16,26.0025,8972300
2026-04-29,26.06,26.08,25.79,25.91,25.754,9528500
2026-04-30,26.24,26.62,26.21,26.56,26.4001,5451800
2026-05-01,26.58,26.74,26.52,26.54,26.3802,9094400
2026-05-04,26.47,26.54,26.14,26.23,26.072,8779300
2026-05-05,26.49,26.71,26.46,26.65,26.4895,7388300
2026-05-06,27.31,27.42,27.24,27.37,27.2052,7060000
2026-05-07,27.46,27.46,26.91,26.91,26.7479,8512700
2026-05-08,27.24,27.36,27.19,27.36,27.1952,7267100
2026-05-11,27.32,27.43,27.32,27.36,27.1952,7374700
2026-05-12,27.04,27.08,26.8,27.05,26.8871,7718000
2026-05-13,27.11,27.31,27.06,27.31,27.1455,6401300
2026-05-14,27.29,27.36,27.24,27.28,27.1157,5734400
2026-05-15,26.77,26.8,26.62,26.7,26.5392,7437600
2026-05-18,26.89,26.98,26.64,26.88,26.7181,9532200
2026-05-19,26.62,26.87,26.55,26.69,26.5293,8228000
2026-05-20,26.76,27.21,26.7,27.16,26.9964,6881800
2026-05-21,27.02,27.45,26.94,27.36,27.1952,6503900
2026-05-22,27.34,27.41,27.23,27.25,27.0859,6708900
2026-05-26,27.71,27.81,27.65,27.78,27.6127,7333500
2026-05-27,27.75,27.78,27.56,27.64,27.4736,5834400
2026-05-28,27.49,27.81,27.44,27.72,27.5531,8452500
2026-05-29,27.84,27.96,27.75,27.77,27.6028,9178700
2026-06-01,27.73,27.97,27.59,27.87,27.7022,9323100
2026-06-02,27.86,28.02,27.83,28.02,27.8513,8583300
2026-06-03,27.91,27.92,27.73,27.78,27.6127,7118500
2026-06-04,27.69,27.89,27.66,27.86,27.6922,5211200
2026-06-05,27.45,27.46,26.74,26.81,26.6486,11086500
2026-06-08,27.19,27.25,27.02,27.07,26.907,9356900
2026-06-09,27.42,27.5,26.58,27.07,26.907,9685400
2026-06-10,26.9,27.12,26.68,26.68,26.5193,9779900
2026-06-11,27.01,27.69,26.92,27.66,27.4934,10298100
2026-06-12,27.6,27.84,27.47,27.74,27.573,6114900
2026-06-15,28.15,28.22,28.05,28.08,27.9109,5098700
2026-06-16,28.2,28.26,28.04,28.08,27.9109,6629100
2026-06-17,28.26,28.41,27.87,27.92,27.7519,7472100
2026-06-18,28.24,28.31,28.17,28.23,28.06,6325900
2026-06-22,28.27,28.36,28.22,28.29,28.1196,7930600
2026-06-23,27.37,27.63,27.31,27.4,27.235,8636500
2026-06-24,27.3,27.36,27.13,27.26,27.26,8564900
2026-06-25,27.77,27.78,27.48,27.64,27.64,6465600
2026-06-26,27.33,27.59,27.3,27.4,27.4,8314700
2026-06-29,27.43,27.53,27.17,27.53,27.53,9295000
2026-06-30,27.52,27.73,27.49,27.7,27.7,6047500
2026-07-01,27.36,27.47,27.29,27.3,27.3,6725500
2026-07-02,27.59,27.79,27.23,27.47,27.47,8231600
2026-07-06,27.77,27.9,27.75,27.87,27.87,7610100
2026-07-07,27.65,27.7,27.37,27.48,27.48,7879400
2026-07-08,27.06,27.31,26.92,27.29,27.29,10279900
2026-07-09,27.34,27.53,27.34,27.45,27.45,6490000
2026-07-10,27.46,27.6,27.35,27.55,27.55,7114200
2026-07-13,27.22,27.27,27.01,27.07,27.07,7549000
2026-07-14,27.42,27.56,27.37,27.41,27.41,6448300
2026-07-15,27.47,27.53,27.21,27.48,27.48,8968700
2026-07-16,27.19,27.31,27.08,27.16,27.16,9008700
2026-07-17,26.8,27.15,26.75,27.01,27.01,9988800
2026-07-20,27.06,27.12,26.84,26.86,26.86,7745900
2026-07-21,27.14,27.38,27.05,27.34,27.34,4917000
2026-07-22,27.35,27.44,27.3,27.35,27.35,5675700
2026-07-23,27.02,27.19,26.94,27.08,27.08,6504300
2026-07-24,27.11,27.22,27.0,27.04,27.04,7978600
2026-07-27,27.31,27.35,26.96,27.13,27.13,9483300
2026-07-28,26.82,27.1,26.78,26.98,26.98,8127400
2026-07-29,26.91,27.22,26.62,26.74,26.74,10872500
2026-07-30,27.2,27.6,27.15,27.59,27.59,9653000
2026-07-31,27.52,27.58,27.18,27.43,27.43,8364100
2026-08-03,27.43,27.57,27.34,27.56,27.56,8483600
2026-08-04,27.78,28.04,27.76,28.0,28.0,6807800
2026-08-05,28.11,28.19,28.03,28.04,28.04,5948100
2026-08-06,27.97,28.11,27.9,27.94,27.94,7317000
2026-08-07,28.28,28.33,28.12,28.23,28.23,6198900
2026-08-10,28.11,28.15,28.07,28.08,28.08,6266000
2026-08-11,28.22,28.29,28.09,28.15,28.15,7448600
2026-08-12,28.41,28.48,28.33,28.41,28.41,4741100
2026-08-13,28.41,28.54,28.41,28.49,28.49,6183500
2026-08-14,28.55,28.63,28.46,28.5,28.5,7237500
2026-08-17,28.53,28.69,28.52,28.54,28.54,6059500
2026-08-18,28.27,28.33,28.03,28.05,28.05,7899600
2026-08-19,28.32,28.33,28.13,28.21,28.21,5553500
2026-08-20,28.18,28.37,28.15,28.22,28.22,5070200
2026-08-21,28.45,28.5,28.4,28.46,28.46,5607700
2026-08-24,28.33,28.36,28.23,28.32,28.32,5153200
2026-08-25,28.48,28.6,28.42,28.59,28.59,6124800
2026-08-26,28.55,28.6,28.43,28.44,28.44,5962700
2026-08-27,28.48,28.48,28.32,28.42,28.42,6000400
2026-08-28,28.52,28.61,28.24,28.3,28.3,7633500
2026-08-31,28.37,28.4,28.18,28.22,28.22,7219500
2026-09-01,28.1,28.16,27.86,27.94,27.94,9309000
2026-09-02,27.99,28.15,27.99,28.15,28.15,9117900
2026-09-03,28.34,28.51,28.25,28.46,28.46,7297800
2026-09-04,28.38,28.63,28.38,28.58,28.58,6983100
2026-09-08,28.6,28.64,28.45,28.47,28.47,7197200
2026-09-09,28.38,28.42,28.19,28.2,28.2,7968300
2026-09-10,28.01,28.08,27.84,27.88,27.88,8326700
2026-09-11,28.29,28.29,28.15,28.19,28.19,5885300
2026-09-14,27.81,28.0,27.71,27.82,27.82,8984400
2026-09-15,27.8,27.8,27.63,27.74,27.74,7923100
2026-09-16,27.9,27.97,27.45,27.63,27.63,8512300
2026-09-17,28.0,28.06,27.95,27.97,27.97,7400600
2026-09-18,27.71,27.76,27.61,27.73,27.73,5776800
2026-09-21,28.05,28.15,27.94,28.12,28.12,6734400
2026-09-22,28.15,28.32,28.06,28.25,28.25,11033000
2026-09-23,27.97,27.99,27.67,27.74,27.74,9019200
2026-09-24,27.64,27.74,27.47,27.62,27.62,10257500
2026-09-25,27.78,27.9366,27.6901,nan,nan,8124358
