date,open,high,low,close,adj_close,volume
2015-01-02,6.4988,6.5188,6.4225,6.4563,5.9345,5301600
2015-01-05,6.4138,6.4225,6.3313,6.345,5.8323,2344000
2015-01-06,6.3538,6.3663,6.24,6.2838,5.776,2659200
2015-01-07,6.335,6.3725,6.325,6.3663,5.8518,1316800
2015-01-08,6.4225,6.49,6.4225,6.4875,5.9633,2015200
2015-01-09,6.505,6.5113,6.4125,6.4375,5.9173,1408800
2015-01-12,6.445,6.445,6.36,6.3762,5.861,1157600
2015-01-13,6.4375,6.4725,6.3225,6.3725,5.8576,1305600
2015-01-14,6.305,6.3475,6.2712,6.3375,5.8254,1341600
2015-01-15,6.3575,6.3688,6.2663,6.2688,5.7622,972800
2015-01-16,6.26,6.3525,6.2537,6.35,5.8369,1752000
2015-01-20,6.38,6.39,6.315,6.3775,5.8622,1789600
2015-01-21,6.3663,6.4412,6.3538,6.4163,5.8978,1539200
2015-01-22,6.4575,6.5262,6.3938,6.5188,5.992,1324800
2015-01-23,6.5138,6.5413,6.5,6.51,5.9839,1158400
2015-01-26,6.505,6.5375,6.4862,6.535,6.0069,1843200
2015-01-27,6.4713,6.5,6.4225,6.455,5.9334,1669600
2015-01-28,6.5075,6.5125,6.385,6.39,5.8736,1736800
2015-01-29,6.4037,6.4587,6.35,6.45,5.9288,1936800
2015-01-30,6.4138,6.4763,6.3812,6.3888,5.8725,1026400
2015-02-02,6.4062,6.4525,6.3275,6.4475,5.9265,1752000
2015-02-03,6.4763,6.5388,6.4625,6.5363,6.0081,2480000
2015-02-04,6.5075,6.5625,6.5025,6.5237,5.9966,1258400
2015-02-05,6.5425,6.5988,6.5425,6.5963,6.0632,1126400
2015-02-06,6.6112,6.6238,6.5525,6.5675,6.0368,1453600
2015-02-09,6.5525,6.57,6.5275,6.5425,6.0138,2502400
2015-02-10,6.58,6.625,6.5538,6.62,6.0851,898400
2015-02-11,6.6137,6.6525,6.605,6.6388,6.1023,2695200
2015-02-12,6.6638,6.7013,6.6525,6.7,6.1586,1340800
2015-02-13,6.7125,6.735,6.6988,6.735,6.1908,1521600
2015-02-17,6.74,6.755,6.7188,6.7463,6.2011,2148800
2015-02-18,6.735,6.7625,6.7337,6.7625,6.216,945600
2015-02-19,6.7463,6.7825,6.7463,6.77,6.2229,1424800
2015-02-20,6.76,6.82,6.74,6.82,6.2689,929600
2015-02-23,6.8212,6.825,6.8025,6.8225,6.2712,1021600
2015-02-24,6.8288,6.8387,6.805,6.8337,6.2815,2000800
2015-02-25,6.8362,6.8612,6.825,6.8387,6.2861,1140000
2015-02-26,6.845,6.845,6.8125,6.8375,6.285,1280000
2015-02-27,6.8375,6.8412,6.805,6.8075,6.2574,1651200
2015-03-02,6.8362,6.8637,6.8162,6.8637,6.3091,5080000
2015-03-03,6.8463,6.8463,6.8,6.8362,6.2838,1654400
2015-03-04,6.82,6.82,6.7712,6.81,6.2597,2081600
2015-03-05,6.8275,6.835,6.8038,6.8288,6.2769,982400
2015-03-06,6.8113,6.82,6.7275,6.7413,6.1965,2528800
2015-03-09,6.7463,6.7762,6.7413,6.765,6.2183,1229600
2015-03-10,6.71,6.7162,6.6537,6.655,6.1172,2041600
2015-03-11,6.655,6.6687,6.6312,6.6363,6.1,1719200
2015-03-12,6.6613,6.7275,6.6613,6.7225,6.1793,1000800
2015-03-13,6.7162,6.73,6.645,6.685,6.1448,1615200
2015-03-16,6.72,6.7787,6.7112,6.7787,6.231,1295200
2015-03-17,6.7575,6.7825,6.7387,6.765,6.2183,3822400
2015-03-18,6.7525,6.8663,6.7225,6.8438,6.2907,3776000
2015-03-19,6.8263,6.8513,6.8187,6.8362,6.2838,1112000
2015-03-20,6.875,6.9088,6.8713,6.8888,6.3321,1405600
2015-03-23,6.8775,6.8787,6.845,6.8463,6.3078,1512800
2015-03-24,6.845,6.865,6.8175,6.8187,6.2825,1013600
2015-03-25,6.8288,6.8313,6.6988,6.7013,6.1742,3133600
2015-03-26,6.665,6.7213,6.65,6.6912,6.165,1770400
2015-03-27,6.685,6.7188,6.685,6.7112,6.1834,1218400
2015-03-30,6.7587,6.7962,6.7587,6.7888,6.2548,4432000
2015-03-31,6.76,6.7913,6.7312,6.7337,6.2041,1539200
2015-04-01,6.73,6.7475,6.6638,6.6988,6.1719,2305600
2015-04-02,6.6863,6.74,6.6863,6.7312,6.2018,779200
2015-04-06,6.69,6.79,6.6863,6.7688,6.2364,2141600
2015-04-07,6.7775,6.805,6.7512,6.7512,6.2203,1317600
2015-04-08,6.7562,6.7975,6.755,6.7863,6.2525,1453600
2015-04-09,6.7913,6.82,6.7688,6.8175,6.2813,1156800
2015-04-10,6.8263,6.8387,6.81,6.8362,6.2986,1064800
2015-04-13,6.8362,6.865,6.8075,6.8137,6.2778,1461600
2015-04-14,6.81,6.8187,6.77,6.8113,6.2755,910400
2015-04-15,6.83,6.8587,6.825,6.8438,6.3055,1929600
2015-04-16,6.8362,6.8538,6.8225,6.8375,6.2997,2956800
2015-04-17,6.7987,6.7987,6.7188,6.7475,6.2168,2008800
2015-04-20,6.7925,6.82,6.7838,6.8125,6.2767,1832800
2015-04-21,6.8425,6.8425,6.815,6.8187,6.2825,748800
2015-04-22,6.8313,6.8612,6.81,6.8538,6.3147,1284000
2015-04-23,6.84,6.9,6.835,6.8787,6.3377,885600
2015-04-24,6.9012,6.9012,6.8725,6.8825,6.3412,992800
2015-04-27,6.91,6.915,6.8425,6.8513,6.3124,4492000
2015-04-28,6.8625,6.8625,6.7812,6.835,6.2974,1120800
2015-04-29,6.815,6.8325,6.7688,6.805,6.2698,1732800
2015-04-30,6.7825,6.7975,6.6937,6.7213,6.1926,1486400
2015-05-01,6.7488,6.8025,6.7488,6.8025,6.2675,983200
2015-05-04,6.8288,6.85,6.815,6.8225,6.2859,1371200
2015-05-05,6.8175,6.8238,6.73,6.7312,6.2018,1180800
2015-05-06,6.7562,6.7613,6.6675,6.71,6.1823,1864000
2015-05-07,6.7,6.7562,6.6988,6.7475,6.2168,1552000
2015-05-08,6.81,6.8412,6.81,6.8325,6.2951,1506400
2015-05-11,6.8313,6.84,6.8025,6.8025,6.2675,1222400
2015-05-12,6.7712,6.8038,6.735,6.7825,6.2491,928000
2015-05-13,6.8025,6.8212,6.7688,6.775,6.2421,1065600
2015-05-14,6.8162,6.8562,6.8,6.8538,6.3147,1928800
2015-05-15,6.8663,6.8663,6.84,6.8612,6.3216,857600
2015-05-18,6.8587,6.9037,6.855,6.895,6.3527,1108000
2015-05-19,6.9062,6.9075,6.8775,6.8875,6.3458,789600
2015-05-20,6.8938,6.905,6.855,6.8762,6.3354,795200
2015-05-21,6.8738,6.91,6.8738,6.9012,6.3585,1060000
2015-05-22,6.8938,6.9163,6.8938,6.8975,6.355,1133600
2015-05-26,6.8863,6.8863,6.8063,6.8225,6.2859,2488000
2015-05-27,6.84,6.9012,6.83,6.8962,6.3539,1542400
2015-05-28,6.88,6.8925,6.855,6.8775,6.3366,1760800
2015-05-29,6.8775,6.8775,6.825,6.8337,6.2963,1178400
2015-06-01,6.8562,6.8725,6.8125,6.8525,6.3135,4953600
2015-06-02,6.8387,6.8787,6.815,6.8538,6.3147,747200
2015-06-03,6.875,6.8925,6.8525,6.8762,6.3354,1077600
2015-06-04,6.8463,6.8688,6.8038,6.8162,6.2801,7376000
2015-06-05,6.8162,6.83,6.7762,6.815,6.279,1089600
2015-06-08,6.8137,6.8137,6.755,6.7575,6.226,1249600
2015-06-09,6.7575,6.77,6.715,6.7512,6.2203,1520800
2015-06-10,6.7825,6.8475,6.775,6.8362,6.2986,2156000
2015-06-11,6.855,6.87,6.8438,6.85,6.3112,1164800
2015-06-12,6.8288,6.8325,6.8012,6.8113,6.2755,876800
2015-06-15,6.7725,6.7913,6.7325,6.785,6.2514,1181600
2015-06-16,6.7863,6.8225,6.7812,6.8175,6.2813,939200
2015-06-17,6.8362,6.85,6.7925,6.83,6.2928,758400
2015-06-18,6.8412,6.9175,6.8412,6.9012,6.3585,1423200
2015-06-19,6.8975,6.9,6.87,6.87,6.3297,1904000
2015-06-22,6.8888,6.9037,6.8787,6.885,6.3693,2752000
2015-06-23,6.895,6.9025,6.88,6.9,6.3832,1447200
2015-06-24,6.895,6.9037,6.8463,6.8463,6.3335,2795200
2015-06-25,6.8562,6.8713,6.8275,6.8387,6.3266,1400800
2015-06-26,6.8525,6.8562,6.8075,6.8288,6.3173,967200
2015-06-29,6.765,6.79,6.6712,6.6712,6.1716,4619200
2015-06-30,6.7337,6.7463,6.6863,6.7087,6.2063,2330400
2015-07-01,6.7725,6.7737,6.7225,6.7525,6.2468,1656000
2015-07-02,6.7688,6.7762,6.7288,6.7475,6.2421,3187200
2015-07-06,6.695,6.7613,6.6863,6.7275,6.2236,1951200
2015-07-07,6.7362,6.7675,6.6375,6.7638,6.2572,2792800
2015-07-08,6.7125,6.7238,6.6312,6.6413,6.1438,1863200
2015-07-09,6.7125,6.73,6.6562,6.6588,6.16,1216800
2015-07-10,6.725,6.7625,6.7137,6.75,6.2444,1818400
2015-07-13,6.8038,6.8412,6.8012,6.8375,6.3254,1591200
2015-07-14,6.8387,6.8888,6.8387,6.8725,6.3578,1455200
2015-07-15,6.8825,6.895,6.8513,6.865,6.3508,1842400
2015-07-16,6.91,6.9225,6.8975,6.9225,6.404,1785600
2015-07-17,6.9488,6.96,6.93,6.9587,6.4376,2609600
2015-07-20,6.9788,6.9938,6.9575,6.975,6.4526,2499200
2015-07-21,6.9763,6.9825,6.9412,6.9538,6.4329,1699200
2015-07-22,6.9138,6.9437,6.9075,6.9313,6.4121,1013600
2015-07-23,6.945,6.95,6.8762,6.8888,6.3728,1312800
2015-07-24,6.9187,6.9187,6.8137,6.8225,6.3115,1585600
2015-07-27,6.7925,6.805,6.7625,6.7762,6.2687,2014400
2015-07-28,6.82,6.8762,6.78,6.8675,6.3531,2388800
2015-07-29,6.8787,6.9163,6.8663,6.9113,6.3936,1602400
2015-07-30,6.8837,6.92,6.8562,6.915,6.3971,3054400
2015-07-31,6.9313,6.9387,6.9,6.9062,6.389,1512800
2015-08-03,6.9138,6.9138,6.8463,6.8837,6.3682,2624800
2015-08-04,6.8875,6.9012,6.8538,6.8713,6.3566,2340800
2015-08-05,6.9012,6.9412,6.8913,6.9,6.3832,2000000
2015-08-06,6.9088,6.9113,6.7975,6.8263,6.315,1645600
2015-08-07,6.8187,6.8225,6.7688,6.8125,6.3023,1253600
2015-08-10,6.855,6.9,6.855,6.8938,6.3774,2485600
2015-08-11,6.8538,6.8688,6.805,6.8337,6.3219,5668000
2015-08-12,6.7838,6.8438,6.715,6.8375,6.3254,2114400
2015-08-13,6.84,6.8713,6.8162,6.8362,6.3242,1415200
2015-08-14,6.825,6.8612,6.8175,6.8575,6.3439,1070400
2015-08-17,6.84,6.9062,6.8187,6.9062,6.389,1248800
2015-08-18,6.8987,6.915,6.88,6.89,6.374,2715200
2015-08-19,6.8625,6.8837,6.8088,6.8475,6.3346,3850400
2015-08-20,6.79,6.795,6.675,6.6762,6.1762,3666400
2015-08-21,6.5938,6.63,6.4425,6.4425,5.96,6040800
2015-08-24,6.055,6.4037,5.0138,6.195,5.731,17844800
2015-08-25,6.3187,6.43,6.2013,6.2013,5.7368,5134400
2015-08-26,6.3125,6.3962,6.1775,6.3888,5.9103,3992800
2015-08-27,6.4837,6.5563,6.4212,6.5475,6.0571,4124800
2015-08-28,6.5225,6.5725,6.5125,6.5588,6.0675,3396000
2015-08-31,6.5287,6.555,6.48,6.4925,6.0062,3748800
2015-09-01,6.4288,6.4288,6.28,6.3038,5.8316,6867200
2015-09-02,6.4,6.4363,6.3337,6.435,5.953,1988000
2015-09-03,6.4662,6.5125,6.4138,6.4288,5.9473,980000
2015-09-04,6.3762,6.39,6.3187,6.35,5.8744,1664000
2015-09-08,6.4612,6.5138,6.4313,6.5062,6.019,1366400
2015-09-09,6.5712,6.5725,6.4125,6.4262,5.9449,11380800
2015-09-10,6.42,6.5075,6.4175,6.465,5.9808,2235200
2015-09-11,6.4412,6.5037,6.4262,6.5037,6.0166,2048800
2015-09-14,6.5188,6.5188,6.4563,6.4738,5.9889,989600
2015-09-15,6.4963,6.5687,6.4713,6.5563,6.0652,1854400
2015-09-16,6.56,6.6112,6.5462,6.6062,6.1115,1607200
2015-09-17,6.5925,6.6988,6.585,6.6038,6.1092,1380000
2015-09-18,6.5138,6.5738,6.49,6.5037,6.0166,1998400
2015-09-21,6.52,6.5613,6.4637,6.5075,6.0365,1934400
2015-09-22,6.4288,6.44,6.3738,6.425,5.9599,1228800
2015-09-23,6.4288,6.4488,6.3938,6.4125,5.9483,1023200
2015-09-24,6.3663,6.3913,6.2975,6.38,5.9182,1646400
2015-09-25,6.44,6.44,6.3025,6.3412,5.8823,1574400
2015-09-28,6.2975,6.3,6.1262,6.1438,5.699,4045600
2015-09-29,6.1525,6.2025,6.08,6.125,5.6817,2668800
2015-09-30,6.2,6.2525,6.1737,6.2475,5.7953,2030400
2015-10-01,6.2562,6.2775,6.1962,6.2737,5.8196,5107200
2015-10-02,6.2,6.3787,6.175,6.3787,5.917,2417600
2015-10-05,6.42,6.4825,6.42,6.475,6.0063,2136800
2015-10-06,6.4688,6.48,6.3888,6.425,5.9599,2806400
2015-10-07,6.4563,6.4812,6.4075,6.475,6.0063,4536800
2015-10-08,6.4587,6.535,6.4363,6.525,6.0527,2144000
2015-10-09,6.5312,6.56,6.5212,6.5538,6.0794,2524800
2015-10-12,6.5613,6.5725,6.5388,6.565,6.0898,1314400
2015-10-13,6.53,6.5875,6.5087,6.5138,6.0423,1096800
2015-10-14,6.52,6.5375,6.4713,6.4825,6.0133,1069600
2015-10-15,6.495,6.5837,6.4913,6.5825,6.106,2042400
2015-10-16,6.5938,6.6025,6.5575,6.6,6.1223,1214400
2015-10-19,6.58,6.6225,6.5687,6.6213,6.142,1578400
2015-10-20,6.6087,6.635,6.5813,6.6025,6.1246,1103200
2015-10-21,6.62,6.6225,6.535,6.5462,6.0724,1373600
2015-10-22,6.5788,6.6388,6.5675,6.635,6.1547,1707200
2015-10-23,6.7188,6.7312,6.6737,6.72,6.2336,1323200
2015-10-26,6.7112,6.725,6.6925,6.715,6.2289,1486400
2015-10-27,6.6937,6.715,6.6762,6.71,6.2243,1201600
2015-10-28,6.7238,6.78,6.6887,6.78,6.2892,1500000
2015-10-29,6.765,6.8038,6.765,6.7937,6.302,1116800
2015-10-30,6.8,6.8113,6.765,6.765,6.2753,1493600
2015-11-02,6.7838,6.8575,6.7762,6.8475,6.3519,2276000
2015-11-03,6.8362,6.8913,6.8288,6.8675,6.3704,2868800
2015-11-04,6.885,6.89,6.8325,6.855,6.3588,1851200
2015-11-05,6.8587,6.8787,6.8075,6.845,6.3495,1213600
2015-11-06,6.825,6.86,6.795,6.845,6.3495,2650400
2015-11-09,6.8288,6.8288,6.7375,6.7812,6.2904,2016800
2015-11-10,6.7537,6.7913,6.745,6.79,6.2985,1356800
2015-11-11,6.8,6.8,6.7537,6.755,6.2661,890400
2015-11-12,6.73,6.745,6.665,6.6687,6.186,1723200
2015-11-13,6.6462,6.65,6.5725,6.5725,6.0968,1665600
2015-11-16,6.5588,6.6588,6.5563,6.6575,6.1756,1859200
2015-11-17,6.68,6.7137,6.65,6.665,6.1826,6824000
2015-11-18,6.685,6.7888,6.6838,6.7812,6.2904,1776800
2015-11-19,6.7762,6.7875,6.755,6.7575,6.2684,1109600
2015-11-20,6.7937,6.8175,6.7888,6.805,6.3124,1530400
2015-11-23,6.8125,6.8325,6.7838,6.8038,6.3113,2394400
2015-11-24,6.76,6.8187,6.7438,6.805,6.3124,1353600
2015-11-25,6.815,6.8313,6.8075,6.8212,6.3275,1335200
2015-11-27,6.8263,6.8313,6.8038,6.8238,6.3298,598400
2015-11-30,6.835,6.835,6.78,6.7825,6.2916,1684000
2015-12-01,6.8125,6.8562,6.8038,6.8513,6.3553,1960800
2015-12-02,6.8525,6.8675,6.7863,6.7975,6.3055,4298400
2015-12-03,6.8187,6.8187,6.6575,6.6863,6.2023,7359200
2015-12-04,6.7,6.825,6.7,6.8162,6.3229,1016800
2015-12-07,6.8075,6.8075,6.7375,6.7688,6.2788,2296000
2015-12-08,6.71,6.77,6.695,6.7475,6.2591,1454400
2015-12-09,6.7238,6.7812,6.6388,6.67,6.1872,2400800
2015-12-10,6.675,6.7375,6.665,6.695,6.2104,1195200
2015-12-11,6.62,6.6275,6.5413,6.5563,6.0817,3158400
2015-12-14,6.5588,6.5813,6.4837,6.5813,6.1049,2128000
2015-12-15,6.63,6.6675,6.62,6.6275,6.1478,1734400
2015-12-16,6.6675,6.7312,6.625,6.72,6.2336,1567200
2015-12-17,6.7375,6.7375,6.6188,6.6188,6.1397,6792000
2015-12-18,6.595,6.5975,6.505,6.5062,6.0353,2120000
2015-12-21,6.53,6.5437,6.4875,6.535,6.0797,2764000
2015-12-22,6.57,6.5988,6.5388,6.5862,6.1274,1796800
2015-12-23,6.6238,6.655,6.6163,6.6512,6.1879,1989600
2015-12-24,6.645,6.6687,6.6425,6.65,6.1867,515200
2015-12-28,6.6225,6.6375,6.5938,6.6363,6.1739,1285600
2015-12-29,6.675,6.7263,6.675,6.715,6.2472,1621600
2015-12-30,6.705,6.7075,6.6625,6.665,6.2007,1764800
2015-12-31,6.64,6.6687,6.6025,6.6038,6.1437,2312000
2016-01-04,6.49,6.4988,6.42,6.495,6.0425,4762400
2016-01-05,6.5125,6.52,6.4538,6.4862,6.0344,3065600
2016-01-06,6.3938,6.4475,6.3675,6.4075,5.9611,2167200
2016-01-07,6.3025,6.3562,6.2337,6.2438,5.8088,3896800
2016-01-08,6.2888,6.3025,6.1663,6.18,5.7495,3361600
2016-01-11,6.2137,6.225,6.0938,6.1687,5.739,2074400
2016-01-12,6.2312,6.2638,6.1462,6.2312,5.7971,2116000
2016-01-13,6.25,6.2638,6.0225,6.0375,5.6169,2230400
2016-01-14,6.0575,6.18,5.9675,6.1325,5.7053,2566400
2016-01-15,5.9662,6.0325,5.9225,6.0,5.582,4304000
2016-01-19,6.065,6.075,5.9363,5.9963,5.5785,8184000
2016-01-20,5.9088,6.0175,5.7725,5.9625,5.5471,6263200
2016-01-21,5.975,6.055,5.9163,5.98,5.5634,2057600
2016-01-22,6.0788,6.1238,6.0637,6.1163,5.6902,1668000
2016-01-25,6.1,6.1075,6.0138,6.0175,5.5983,1382400
2016-01-26,6.0462,6.0975,6.0075,6.0887,5.6646,2237600
2016-01-27,6.0637,6.1025,5.95,5.9812,5.5646,1864000
2016-01-28,6.0437,6.05,5.9375,6.0037,5.5855,1851200
2016-01-29,6.0175,6.145,6.0163,6.1388,5.7111,3951200
2016-02-01,6.1087,6.1887,6.09,6.1663,5.7367,2430400
2016-02-02,6.1262,6.1262,6.0275,6.045,5.6239,2443200
2016-02-03,6.0813,6.0938,5.9375,6.055,5.6332,3224000
2016-02-04,6.045,6.1137,6.0188,6.075,5.6518,5952800
2016-02-05,6.0413,6.0462,5.8787,5.9,5.489,4037600
2016-02-08,5.8212,5.8212,5.6863,5.7787,5.3762,3422400
2016-02-09,5.71,5.8337,5.7087,5.7775,5.375,6512800
2016-02-10,5.8238,5.9113,5.8012,5.8063,5.4018,2178400
2016-02-11,5.7125,5.7825,5.6813,5.7512,5.3506,2704800
2016-02-12,5.8063,5.8575,5.7688,5.855,5.4471,2063200
2016-02-16,5.93,5.975,5.8975,5.975,5.5587,1788000
2016-02-17,6.0163,6.1025,6.0087,6.095,5.6704,1933600
2016-02-18,6.105,6.1062,6.0363,6.045,5.6239,1597600
2016-02-19,6.0125,6.0625,5.9925,6.0588,5.6367,1176800
2016-02-22,6.1175,6.16,6.1175,6.1575,5.7285,1461600
2016-02-23,6.135,6.1475,6.0775,6.0788,5.6553,1610400
2016-02-24,6.0225,6.1238,5.975,6.115,5.689,1943200
2016-02-25,6.1337,6.185,6.095,6.185,5.7541,1480000
2016-02-26,6.2162,6.2275,6.1863,6.1925,5.7611,1141600
2016-02-29,6.1912,6.23,6.145,6.1462,5.7181,1834400
2016-03-01,6.195,6.31,6.1762,6.31,5.8704,1167200
2016-03-02,6.295,6.3175,6.2712,6.315,5.8751,2673600
2016-03-03,6.3063,6.34,6.2913,6.3362,5.8948,1028800
2016-03-04,6.3562,6.3913,6.3175,6.355,5.9123,3054400
2016-03-07,6.3187,6.3688,6.3088,6.345,5.903,3737600
2016-03-08,6.305,6.3212,6.2575,6.265,5.8285,1320000
2016-03-09,6.2975,6.2975,6.2512,6.2888,5.8506,1171200
2016-03-10,6.3075,6.3425,6.22,6.2875,5.8495,1549600
2016-03-11,6.345,6.4113,6.345,6.4088,5.9623,1620800
2016-03-14,6.3913,6.4262,6.3875,6.4113,5.9646,2219200
2016-03-15,6.3787,6.395,6.365,6.3925,5.9472,1334400
2016-03-16,6.3775,6.4525,6.36,6.44,5.9913,1908800
2016-03-17,6.435,6.4875,6.4113,6.4713,6.0204,1244800
2016-03-18,6.4975,6.5113,6.4775,6.5025,6.0495,1444800
2016-03-21,6.4775,6.5062,6.4738,6.5012,6.0483,1027200
2016-03-22,6.4688,6.5262,6.4688,6.5075,6.0541,1414400
2016-03-23,6.4925,6.4925,6.4488,6.4563,6.0065,1512800
2016-03-24,6.4175,6.4538,6.4113,6.4538,6.0041,913600
2016-03-28,6.4713,6.475,6.4387,6.4538,6.0041,7814400
2016-03-29,6.4412,6.535,6.4288,6.5338,6.0786,12758400
2016-03-30,6.57,6.5963,6.545,6.56,6.103,3304800
2016-03-31,6.5575,6.5763,6.5413,6.5525,6.096,1743200
2016-04-01,6.5175,6.6062,6.4988,6.6,6.1402,1265600
2016-04-04,6.6,6.6075,6.5625,6.5712,6.1135,2264800
2016-04-05,6.515,6.5338,6.4938,6.5037,6.0507,3569600
2016-04-06,6.5113,6.5925,6.5113,6.5925,6.1332,3276000
2016-04-07,6.56,6.5687,6.48,6.5075,6.0541,1238400
2016-04-08,6.5475,6.5613,6.4925,6.5138,6.06,3043200
2016-04-11,6.54,6.5637,6.4887,6.4887,6.0367,3250400
2016-04-12,6.4938,6.5563,6.4688,6.5487,6.0925,2537600
2016-04-13,6.585,6.6337,6.5687,6.6312,6.1693,2373600
2016-04-14,6.6325,6.6512,6.6163,6.63,6.1681,946400
2016-04-15,6.63,6.6337,6.6087,6.6238,6.1623,1121600
2016-04-18,6.6038,6.6625,6.6,6.6613,6.1972,2116800
2016-04-19,6.67,6.685,6.6325,6.6625,6.1983,1946400
2016-04-20,6.6663,6.71,6.6512,6.6825,6.217,1811200
2016-04-21,6.6887,6.6962,6.6537,6.665,6.2007,1308800
2016-04-22,6.6325,6.665,6.61,6.6537,6.1902,1381600
2016-04-25,6.6312,6.6388,6.605,6.6325,6.1704,5820800
2016-04-26,6.6388,6.6625,6.6225,6.6425,6.1797,1310400
2016-04-27,6.6112,6.64,6.5825,6.6275,6.1658,1440800
2016-04-28,6.6062,6.655,6.545,6.555,6.0983,1253600
2016-04-29,6.5425,6.5525,6.4775,6.5237,6.0693,1228800
2016-05-02,6.5425,6.5875,6.5237,6.58,6.1216,1534400
2016-05-03,6.5363,6.5462,6.4988,6.5212,6.0669,1612000
2016-05-04,6.49,6.5075,6.4575,6.4788,6.0274,2405600
2016-05-05,6.4925,6.505,6.4587,6.4725,6.0216,6192000
2016-05-06,6.4513,6.4913,6.43,6.4875,6.0355,1335200
2016-05-09,6.4862,6.53,6.4862,6.5075,6.0541,1752000
2016-05-10,6.5375,6.5938,6.5312,6.59,6.1309,1631200
2016-05-11,6.5687,6.5862,6.5138,6.515,6.0611,1392000
2016-05-12,6.5413,6.5437,6.4637,6.4913,6.039,1460800
2016-05-13,6.4862,6.5125,6.4437,6.455,6.0053,1730400
2016-05-16,6.465,6.545,6.465,6.525,6.0704,1061600
2016-05-17,6.5138,6.5325,6.4525,6.47,6.0193,1165600
2016-05-18,6.4525,6.5163,6.4338,6.4763,6.0251,983200
2016-05-19,6.4513,6.465,6.4025,6.4437,5.9948,1192000
2016-05-20,6.4612,6.5163,6.4612,6.5,6.0472,785600
2016-05-23,6.4938,6.5163,6.4862,6.49,6.0379,789600
2016-05-24,6.525,6.5975,6.5237,6.5875,6.1286,993600
2016-05-25,6.6075,6.6413,6.6075,6.6312,6.1693,1607200
2016-05-26,6.6413,6.645,6.62,6.6275,6.1658,920800
2016-05-27,6.6312,6.6588,6.63,6.6562,6.1925,1208000
2016-05-31,6.6712,6.675,6.6325,6.655,6.1914,1229600
2016-06-01,6.6275,6.67,6.6188,6.6625,6.1983,780000
2016-06-02,6.645,6.6875,6.6275,6.6875,6.2216,1169600
2016-06-03,6.675,6.675,6.6188,6.6638,6.1995,952800
2016-06-06,6.6725,6.7112,6.6663,6.7025,6.2356,1442400
2016-06-07,6.7038,6.7288,6.6975,6.7063,6.2391,824800
2016-06-08,6.7162,6.7362,6.71,6.73,6.2611,1271200
2016-06-09,6.7038,6.7238,6.6962,6.7175,6.2495,685600
2016-06-10,6.6613,6.6625,6.6137,6.6312,6.1693,860000
2016-06-13,6.615,6.6475,6.5788,6.5837,6.1251,1154400
2016-06-14,6.5662,6.5975,6.5312,6.5738,6.1158,1232000
2016-06-15,6.585,6.6125,6.5588,6.565,6.1076,3138400
2016-06-16,6.5262,6.5763,6.4837,6.57,6.1123,971200
2016-06-17,6.57,6.57,6.5212,6.5363,6.0809,784800
2016-06-20,6.58,6.6213,6.5613,6.5613,6.1218,1768800
2016-06-21,6.5813,6.5875,6.5563,6.5763,6.1358,1204800
2016-06-22,6.5813,6.6112,6.5575,6.5613,6.1218,1944000
2016-06-23,6.61,6.6487,6.595,6.6487,6.2035,1138400
2016-06-24,6.4062,6.505,6.38,6.3938,5.9655,4380000
2016-06-27,6.335,6.3463,6.2225,6.2537,5.8349,3888000
2016-06-28,6.32,6.3825,6.3125,6.3825,5.9551,2000000
2016-06-29,6.4363,6.5062,6.4237,6.495,6.06,3028000
2016-06-30,6.5062,6.5588,6.4812,6.5588,6.1195,1583200
2016-07-01,6.5538,6.6112,6.5538,6.5862,6.1452,1056000
2016-07-05,6.5563,6.5637,6.5012,6.5312,6.0938,1121600
2016-07-06,6.5062,6.5738,6.4938,6.57,6.13,1380000
2016-07-07,6.5788,6.6087,6.5525,6.58,6.1393,1617600
2016-07-08,6.625,6.695,6.625,6.6887,6.2408,1182400
2016-07-11,6.7112,6.7337,6.7038,6.7112,6.2618,5012800
2016-07-12,6.7475,6.7775,6.74,6.7675,6.3143,2780800
2016-07-13,6.7825,6.7863,6.74,6.75,6.2979,1383200
2016-07-14,6.7987,6.8075,6.7762,6.79,6.3353,1311200
2016-07-15,6.8088,6.8088,6.7712,6.7838,6.3294,1132800
2016-07-18,6.79,6.8162,6.78,6.8113,6.3551,1282400
2016-07-19,6.795,6.8025,6.7838,6.8,6.3446,1292800
2016-07-20,6.8113,6.8475,6.8,6.8387,6.3807,2787200
2016-07-21,6.84,6.855,6.7962,6.8162,6.3598,1112800
2016-07-22,6.82,6.8475,6.8025,6.8412,6.3831,1390400
2016-07-25,6.8412,6.8412,6.805,6.8225,6.3656,1148000
2016-07-26,6.8137,6.84,6.7937,6.83,6.3726,1510400
2016-07-27,6.8637,6.8675,6.8238,6.8488,6.3901,2122400
2016-07-28,6.8538,6.8825,6.84,6.8738,6.4134,952800
2016-07-29,6.8663,6.8975,6.85,6.8863,6.4251,1320800
2016-08-01,6.8812,6.9125,6.8713,6.8888,6.4274,1036800
2016-08-02,6.8837,6.8863,6.8025,6.8375,6.3796,1080800
2016-08-03,6.8275,6.8675,6.8275,6.8675,6.4076,852800
2016-08-04,6.8675,6.8837,6.8488,6.8738,6.4134,1225600
2016-08-05,6.9025,6.9437,6.9012,6.9387,6.474,1286400
2016-08-08,6.9437,6.955,6.9237,6.9363,6.4717,1155200
2016-08-09,6.94,6.9612,6.9338,6.9412,6.4764,1319200
2016-08-10,6.9462,6.9475,6.9163,6.9288,6.4647,1119200
2016-08-11,6.9462,6.9738,6.9387,6.965,6.4985,2358400
2016-08-12,6.9513,6.9662,6.9425,6.96,6.4939,1655200
2016-08-15,6.9725,7.0,6.97,6.9913,6.523,894400
2016-08-16,6.975,6.9763,6.9513,6.9525,6.4869,1028800
2016-08-17,6.9488,6.9625,6.9175,6.9563,6.4904,1521600
2016-08-18,6.95,6.975,6.95,6.9725,6.5055,1200000
2016-08-19,6.95,6.9725,6.94,6.97,6.5032,736000
2016-08-22,6.9575,6.9788,6.95,6.9688,6.502,816000
2016-08-23,6.99,7.01,6.99,6.9925,6.5242,863200
2016-08-24,6.985,6.9925,6.925,6.94,6.4752,915200
2016-08-25,6.9262,6.9462,6.9062,6.9212,6.4577,980800
2016-08-26,6.9275,6.9675,6.8875,6.9187,6.4554,1379200
2016-08-29,6.925,6.9538,6.9237,6.94,6.4752,969600
2016-08-30,6.9387,6.9462,6.905,6.9262,6.4624,870400
2016-08-31,6.915,6.9163,6.8775,6.905,6.4426,1113600
2016-09-01,6.91,6.9212,6.87,6.91,6.4472,1358400
2016-09-02,6.94,6.9575,6.92,6.94,6.4752,857600
2016-09-06,6.9462,6.9587,6.9288,6.9587,6.4927,804000
2016-09-07,6.9575,6.9763,6.9488,6.9738,6.5067,921600
2016-09-08,6.955,6.955,6.935,6.9425,6.4775,703200
2016-09-09,6.9,6.9,6.7775,6.7775,6.3236,1766400
2016-09-12,6.7413,6.8875,6.7387,6.8787,6.4181,2505600
2016-09-13,6.835,6.8438,6.765,6.79,6.3353,2244000
2016-09-14,6.795,6.84,6.7812,6.8025,6.3469,1087200
2016-09-15,6.7987,6.8863,6.795,6.875,6.4146,2355200
2016-09-16,6.855,6.8612,6.83,6.855,6.3959,1268000
2016-09-19,6.865,6.8888,6.8275,6.84,6.3928,2157600
2016-09-20,6.8688,6.8738,6.8387,6.8425,6.3951,865600
2016-09-21,6.8725,6.9237,6.8375,6.915,6.4629,852800
2016-09-22,6.9513,6.9812,6.9513,6.9738,6.5178,1189600
2016-09-23,6.9538,6.9612,6.9288,6.9288,6.4757,992000
2016-09-26,6.8962,6.9062,6.8725,6.8775,6.4278,1136800
2016-09-27,6.8725,6.9212,6.8675,6.9212,6.4687,767200
2016-09-28,6.93,6.95,6.8962,6.9475,6.4932,1606400
2016-09-29,6.9375,6.9538,6.8713,6.8875,6.4371,1140000
2016-09-30,6.9125,6.96,6.9012,6.935,6.4815,1830400
2016-10-03,6.9237,6.9275,6.8962,6.915,6.4629,754400
2016-10-04,6.9313,6.9387,6.8738,6.8925,6.4418,986400
2016-10-05,6.9125,6.9288,6.91,6.91,6.4582,1220000
2016-10-06,6.9075,6.9225,6.8863,6.9163,6.464,779200
2016-10-07,6.9237,6.925,6.8625,6.8875,6.4371,1489600
2016-10-10,6.9225,6.9475,6.9225,6.9325,6.4792,1347200
2016-10-11,6.92,6.92,6.8162,6.84,6.3928,1055200
2016-10-12,6.8488,6.8688,6.83,6.8513,6.4033,1604000
2016-10-13,6.805,6.8412,6.7663,6.8263,6.3799,1465600
2016-10-14,6.8625,6.875,6.8238,6.8238,6.3776,1155200
2016-10-17,6.8238,6.8238,6.7925,6.7987,6.3542,1138400
2016-10-18,6.8587,6.875,6.8387,6.8525,6.4044,1761600
2016-10-19,6.8663,6.8913,6.8562,6.8775,6.4278,824000
2016-10-20,6.87,6.8925,6.8488,6.8725,6.4231,1088800
2016-10-21,6.8375,6.8725,6.825,6.8713,6.422,1261600
2016-10-24,6.905,6.92,6.9037,6.9125,6.4605,1004800
2016-10-25,6.895,6.895,6.8575,6.8625,6.4138,1851200
2016-10-26,6.8313,6.8475,6.8063,6.8263,6.3799,1499200
2016-10-27,6.85,6.8525,6.7863,6.7913,6.3472,1187200
2016-10-28,6.7762,6.8125,6.7438,6.765,6.3227,1824800
2016-10-31,6.775,6.7825,6.7525,6.7575,6.3156,1708800
2016-11-01,6.7688,6.7688,6.6625,6.7087,6.2701,2303200
2016-11-02,6.6912,6.7125,6.65,6.66,6.2245,2194400
2016-11-03,6.66,6.67,6.6038,6.6137,6.1813,2103200
2016-11-04,6.61,6.665,6.6087,6.6188,6.186,1946400
2016-11-07,6.7162,6.7675,6.7063,6.7675,6.325,1910400
2016-11-08,6.7463,6.8162,6.7325,6.7925,6.3484,1584000
2016-11-09,6.705,6.8688,6.68,6.8538,6.4056,3656800
2016-11-10,6.89,6.9237,6.79,6.8475,6.3998,2524000
2016-11-11,6.8275,6.8513,6.8038,6.8425,6.3951,5246400
2016-11-14,6.855,6.855,6.7975,6.8212,6.3752,6904000
2016-11-15,6.8513,6.8787,6.84,6.8738,6.4243,1984800
2016-11-16,6.85,6.89,6.85,6.8875,6.4371,1940000
2016-11-17,6.89,6.9325,6.89,6.9325,6.4792,4173600
2016-11-18,6.9412,6.9425,6.9062,6.9125,6.4605,1964800
2016-11-21,6.9262,6.9675,6.9262,6.9662,6.5107,2593600
2016-11-22,6.9788,6.9788,6.9462,6.9688,6.5131,1963200
2016-11-23,6.9525,6.9837,6.9475,6.9825,6.5259,2331200
2016-11-25,6.9913,6.9988,6.9837,6.9988,6.5411,913600
2016-11-28,6.9913,6.9925,6.9538,6.96,6.5049,2192000
2016-11-29,6.9612,6.9963,6.955,6.975,6.5189,2553600
2016-11-30,6.9988,7.0012,6.945,6.945,6.4909,1516000
2016-12-01,6.9563,6.9563,6.88,6.8938,6.443,5515200
2016-12-02,6.89,6.9175,6.8812,6.8987,6.4477,3671200
2016-12-05,6.9288,6.9575,6.9175,6.9412,6.4874,4441600
2016-12-06,6.9513,6.9675,6.935,6.9675,6.5119,2962400
2016-12-07,6.955,7.05,6.9462,7.045,6.5843,2283200
2016-12-08,7.05,7.0788,7.0413,7.0625,6.6007,2901600
2016-12-09,7.0837,7.1,7.0763,7.0963,6.6322,2785600
2016-12-12,7.0875,7.0938,7.0525,7.07,6.6077,2769600
2016-12-13,7.0912,7.1462,7.09,7.1225,6.6568,3100000
2016-12-14,7.1175,7.1375,7.065,7.0813,6.6182,3426400
2016-12-15,7.085,7.1287,7.0788,7.0925,6.6287,4270400
2016-12-16,7.11,7.11,7.065,7.075,6.6124,2732000
2016-12-19,7.0512,7.09,7.0212,7.0625,6.6249,1540800
2016-12-20,7.0825,7.0963,7.0763,7.0875,6.6484,2753600
2016-12-21,7.0862,7.0887,7.0712,7.075,6.6367,2555200
2016-12-22,7.065,7.065,7.0237,7.0425,6.6062,1198400
2016-12-23,7.0363,7.055,7.0363,7.0525,6.6156,1044000
2016-12-27,7.0662,7.1025,7.0613,7.0813,6.6425,2879200
2016-12-28,7.0938,7.0938,7.0188,7.02,6.5851,1510400
2016-12-29,7.0275,7.0375,7.0,7.0163,6.5816,1832800
2016-12-30,7.0275,7.03,6.9587,6.9788,6.5464,2944000
2017-01-03,7.0175,7.06,6.9975,7.0338,6.598,2816800
2017-01-04,7.0538,7.1112,7.0437,7.1,6.6601,7354400
2017-01-05,7.0975,7.1175,7.0813,7.115,6.6742,2508000
2017-01-06,7.125,7.1813,7.1075,7.1613,6.7176,2152000
2017-01-09,7.1638,7.1725,7.1487,7.1613,6.7176,1974400
2017-01-10,7.1638,7.1925,7.1512,7.1663,6.7223,2354400
2017-01-11,7.1687,7.1813,7.1325,7.1813,6.7363,2225600
2017-01-12,7.165,7.1762,7.1163,7.175,6.7305,1966400
2017-01-13,7.1762,7.205,7.1762,7.195,6.7492,1541600
2017-01-17,7.1775,7.1863,7.1562,7.1725,6.7281,2580000
2017-01-18,7.1825,7.1937,7.165,7.1937,6.7481,1815200
2017-01-19,7.1988,7.2038,7.1575,7.1725,6.7281,1938400
2017-01-20,7.2013,7.2125,7.1712,7.1887,6.7434,2677600
2017-01-23,7.1788,7.1887,7.1413,7.1762,6.7316,2876000
2017-01-24,7.1875,7.2312,7.1737,7.2225,6.775,2092000
2017-01-25,7.2575,7.29,7.25,7.285,6.8336,4054400
2017-01-26,7.2925,7.3,7.275,7.2825,6.8313,2169600
2017-01-27,7.2863,7.2875,7.26,7.27,6.8196,2138400
2017-01-30,7.2438,7.2438,7.1762,7.225,6.7774,4083200
2017-01-31,7.2013,7.225,7.18,7.225,6.7774,2152800
2017-02-01,7.2638,7.2712,7.2238,7.2537,6.8043,2116800
2017-02-02,7.2375,7.2613,7.2213,7.245,6.7961,1835200
2017-02-03,7.27,7.295,7.255,7.2863,6.8348,2046400
2017-02-06,7.28,7.2863,7.2638,7.2812,6.8301,2981600
2017-02-07,7.2962,7.31,7.2775,7.2875,6.836,6094400
2017-02-08,7.2875,7.3113,7.265,7.3088,6.8559,1811200
2017-02-09,7.3187,7.365,7.3162,7.355,6.8993,2754400
2017-02-10,7.3688,7.3913,7.3612,7.3863,6.9286,1726400
2017-02-13,7.4125,7.4325,7.4075,7.4225,6.9626,2197600
2017-02-14,7.42,7.4525,7.4062,7.4513,6.9896,1801600
2017-02-15,7.4475,7.5,7.4425,7.49,7.0259,1856800
2017-02-16,7.4975,7.5012,7.4587,7.48,7.0166,2854400
2017-02-17,7.4625,7.4938,7.4563,7.4938,7.0295,2382400
2017-02-21,7.515,7.5413,7.5125,7.5338,7.067,3132800
2017-02-22,7.5225,7.5388,7.5188,7.5312,7.0646,2300000
2017-02-23,7.5525,7.555,7.4938,7.515,7.0494,1712000
2017-02-24,7.4812,7.5363,7.4763,7.5363,7.0693,1550400
2017-02-27,7.5363,7.5625,7.52,7.56,7.0916,1511200
2017-02-28,7.5538,7.5538,7.5188,7.5275,7.0611,3738400
2017-03-01,7.5925,7.645,7.5763,7.6337,7.1608,1944800
2017-03-02,7.6312,7.6312,7.5825,7.5887,7.1186,2159200
2017-03-03,7.5837,7.5963,7.5613,7.5938,7.1233,2060800
2017-03-06,7.5637,7.58,7.5462,7.5712,7.1022,3595200
2017-03-07,7.5588,7.5738,7.5375,7.545,7.0775,1900000
2017-03-08,7.555,7.5687,7.535,7.5425,7.0752,1838400
2017-03-09,7.5437,7.5575,7.5113,7.5437,7.0764,1416800
2017-03-10,7.5788,7.5788,7.535,7.5675,7.0986,1908000
2017-03-13,7.5662,7.5837,7.5613,7.5837,7.1139,2110400
2017-03-14,7.5675,7.5675,7.5312,7.5563,7.0881,1776000
2017-03-15,7.5725,7.6312,7.5662,7.6125,7.1409,2040800
2017-03-16,7.6213,7.6262,7.5875,7.6,7.1291,1752000
2017-03-17,7.6112,7.615,7.5938,7.6,7.1291,1297600
2017-03-20,7.585,7.5887,7.5538,7.5712,7.1181,1641600
2017-03-21,7.5963,7.6,7.4637,7.4713,7.0241,2768000
2017-03-22,7.4662,7.4975,7.445,7.49,7.0417,2767200
2017-03-23,7.4862,7.52,7.47,7.4825,7.0346,1172800
2017-03-24,7.4975,7.5163,7.4575,7.485,7.037,1653600
2017-03-27,7.4237,7.4887,7.405,7.4825,7.0346,2909600
2017-03-28,7.48,7.5462,7.465,7.5363,7.0852,3801600
2017-03-29,7.5287,7.5613,7.5225,7.5538,7.1016,1890400
2017-03-30,7.5512,7.575,7.5437,7.5687,7.1157,1770400
2017-03-31,7.5588,7.5813,7.5525,7.56,7.1075,1586400
2017-04-03,7.5675,7.5775,7.5075,7.5512,7.0993,2936800
2017-04-04,7.5325,7.5487,7.525,7.5475,7.0958,2410400
2017-04-05,7.565,7.6062,7.5138,7.5237,7.0734,2048000
2017-04-06,7.5287,7.5625,7.5175,7.5437,7.0922,4292800
2017-04-07,7.5437,7.5613,7.5225,7.5437,7.0922,9254400
2017-04-10,7.5512,7.5775,7.5338,7.5525,7.1005,8023200
2017-04-11,7.5425,7.5512,7.4875,7.5425,7.0911,2372000
2017-04-12,7.5363,7.5375,7.4975,7.5062,7.057,2707200
2017-04-13,7.4963,7.52,7.4662,7.4662,7.0194,1752000
2017-04-17,7.4837,7.535,7.4788,7.535,7.084,2189600
2017-04-18,7.5087,7.5363,7.4913,7.5163,7.0664,2137600
2017-04-19,7.5413,7.5625,7.5138,7.5262,7.0758,1928000
2017-04-20,7.5475,7.605,7.54,7.5925,7.1381,2252000
2017-04-21,7.5887,7.5925,7.5575,7.5712,7.1181,2074400
2017-04-24,7.6562,7.6562,7.63,7.6487,7.1909,2437600
2017-04-25,7.6737,7.71,7.6625,7.6962,7.2356,3571200
2017-04-26,7.7038,7.7288,7.7013,7.705,7.2438,2832000
2017-04-27,7.7112,7.735,7.705,7.73,7.2673,1696000
2017-04-28,7.7525,7.7525,7.7188,7.73,7.2673,1399200
2017-05-01,7.75,7.7775,7.745,7.7638,7.2991,2056000
2017-05-02,7.775,7.78,7.7575,7.78,7.3143,1884000
2017-05-03,7.7613,7.7613,7.73,7.7537,7.2897,2965600
2017-05-04,7.7525,7.765,7.7312,7.765,7.3002,1310400
2017-05-05,7.7825,7.8,7.765,7.7975,7.3308,1825600
2017-05-08,7.8025,7.8063,7.775,7.7987,7.332,1667200
2017-05-09,7.8113,7.825,7.7987,7.8125,7.3449,1666400
2017-05-10,7.81,7.8187,7.79,7.8187,7.3508,1955200
2017-05-11,7.8025,7.815,7.7587,7.8088,7.3414,3007200
2017-05-12,7.8075,7.81,7.7863,7.8075,7.3402,1600800
2017-05-15,7.8187,7.85,7.8162,7.835,7.3661,2539200
2017-05-16,7.855,7.855,7.8137,7.8337,7.3649,1804000
2017-05-17,7.765,7.7787,7.6788,7.6813,7.2215,4562400
2017-05-18,7.68,7.7562,7.68,7.7288,7.2662,2736800
2017-05-19,7.755,7.8075,7.7488,7.7762,7.3108,2260800
2017-05-22,7.8,7.8362,7.8,7.8275,7.359,1239200
2017-05-23,7.8525,7.8525,7.8263,7.8387,7.3696,1663200
2017-05-24,7.8463,7.8675,7.8337,7.865,7.3943,1183200
2017-05-25,7.88,7.925,7.8775,7.9075,7.4342,4590400
2017-05-26,7.9125,7.92,7.9037,7.9175,7.4436,5586400
2017-05-30,7.9075,7.9175,7.8987,7.9075,7.4342,1757600
2017-05-31,7.9212,7.9212,7.8713,7.91,7.4366,1908800
2017-06-01,7.93,7.975,7.9212,7.9738,7.4965,1674400
2017-06-02,7.9913,8.0288,7.9837,8.0225,7.5423,1490400
2017-06-05,8.025,8.0275,8.0075,8.0188,7.5388,1484000
2017-06-06,8.0025,8.0125,7.9788,7.98,7.5024,5837600
2017-06-07,8.0,8.0075,7.975,7.9975,7.5188,1438400
2017-06-08,8.01,8.0112,7.975,8.0,7.5212,1752800
2017-06-09,8.0112,8.0312,7.8688,7.9288,7.4542,2082400
2017-06-12,7.8975,7.9088,7.8525,7.9088,7.4354,2714400
2017-06-13,7.9425,7.9675,7.925,7.9637,7.4871,1738400
2017-06-14,7.9788,7.9862,7.9175,7.9513,7.4753,1263200
2017-06-15,7.9,7.935,7.8713,7.9275,7.453,1801600
2017-06-16,7.9387,7.9387,7.8913,7.9212,7.4471,1088000
2017-06-19,7.9387,7.9862,7.9325,7.9837,7.5276,1155200
2017-06-20,7.98,7.98,7.9275,7.9275,7.4746,1640000
2017-06-21,7.95,7.9637,7.935,7.9637,7.5088,3317600
2017-06-22,7.9563,7.985,7.9462,7.9525,7.4982,1708800
2017-06-23,7.9575,7.9825,7.9387,7.975,7.5194,2080800
2017-06-26,8.0037,8.0138,7.9538,7.9612,7.5064,2263200
2017-06-27,7.9525,7.9662,7.8875,7.89,7.4392,5948800
2017-06-28,7.9313,7.9788,7.9,7.97,7.5147,1940800
2017-06-29,7.9625,7.9625,7.8288,7.885,7.4345,2244000
2017-06-30,7.9138,7.9275,7.8863,7.9,7.4487,1766400
2017-07-03,7.9288,7.9412,7.8888,7.89,7.4392,2181600
2017-07-05,7.9088,7.925,7.8738,7.9163,7.464,1869600
2017-07-06,7.8875,7.8875,7.8288,7.8375,7.3897,2434400
2017-07-07,7.86,7.9138,7.8562,7.905,7.4534,2482400
2017-07-10,7.9075,7.9375,7.8962,7.9262,7.4734,1416800
2017-07-11,7.9187,7.9363,7.88,7.9288,7.4758,1190400
2017-07-12,7.9725,8.0037,7.9662,7.9975,7.5406,4711200
2017-07-13,8.0037,8.02,7.99,8.0162,7.5583,1631200
2017-07-14,8.0262,8.065,8.02,8.0562,7.596,2956800
2017-07-17,8.0588,8.0725,8.0525,8.0575,7.5972,1324000
2017-07-18,8.0463,8.0775,8.035,8.0775,7.616,1824000
2017-07-19,8.0962,8.1287,8.0887,8.1225,7.6585,1528000
2017-07-20,8.1412,8.1412,8.1012,8.1213,7.6573,4136000
2017-07-21,8.1038,8.1275,8.1038,8.1275,7.6632,1392800
2017-07-24,8.1275,8.1488,8.1125,8.1475,7.682,1212800
2017-07-25,8.15,8.155,8.1362,8.1462,7.6809,1381600
2017-07-26,8.16,8.1637,8.1488,8.16,7.6938,2617600
2017-07-27,8.1925,8.1925,8.0612,8.1213,7.6573,1874400
2017-07-28,8.0887,8.13,8.0863,8.1263,7.662,1556000
2017-07-31,8.1438,8.1488,8.0988,8.1112,7.6479,1457600
2017-08-01,8.14,8.14,8.11,8.1287,7.6644,1977600
2017-08-02,8.16,8.16,8.0975,8.1412,7.6761,2242400
2017-08-03,8.1412,8.1412,8.1088,8.1175,7.6537,2632800
2017-08-04,8.1362,8.145,8.115,8.1325,7.6679,2109600
2017-08-07,8.1388,8.1575,8.1313,8.1575,7.6915,1541600
2017-08-08,8.1525,8.1888,8.1175,8.135,7.6702,5052800
2017-08-09,8.0887,8.1287,8.08,8.1237,7.6596,8737600
2017-08-10,8.0938,8.1,7.985,7.9875,7.5312,6470400
2017-08-11,7.995,8.035,7.9887,8.0162,7.5583,8603200
2017-08-14,8.075,8.1163,8.07,8.1062,7.6431,4016800
2017-08-15,8.125,8.125,8.0887,8.1025,7.6396,1801600
2017-08-16,8.1237,8.1488,8.1062,8.125,7.6608,2143200
2017-08-17,8.1038,8.1138,7.9963,7.9975,7.5406,2307200
2017-08-18,7.985,8.0238,7.9575,7.98,7.5241,2249600
2017-08-21,7.9763,7.9938,7.9412,7.9875,7.5312,2736000
2017-08-22,8.0087,8.0913,8.0087,8.0837,7.6219,1805600
2017-08-23,8.045,8.0612,8.035,8.0475,7.5877,1800800
2017-08-24,8.0688,8.075,8.0112,8.03,7.5712,1027200
2017-08-25,8.0525,8.075,8.0275,8.0363,7.5771,1604000
2017-08-28,8.0562,8.0562,8.0312,8.045,7.5854,1280800
2017-08-29,7.9988,8.0737,7.9875,8.0662,7.6054,2296800
2017-08-30,8.0675,8.1337,8.0625,8.1263,7.662,1537600
2017-08-31,8.1512,8.2037,8.1488,8.195,7.7268,2044000
2017-09-01,8.215,8.2225,8.1938,8.2075,7.7386,1738400
2017-09-05,8.1838,8.2,8.105,8.1475,7.682,2726400
2017-09-06,8.175,8.1875,8.14,8.1763,7.7091,1677600
2017-09-07,8.19,8.1925,8.1663,8.1812,7.7139,954400
2017-09-08,8.1737,8.185,8.1438,8.1637,7.6974,2714400
2017-09-11,8.2163,8.2463,8.2063,8.2437,7.7728,1581600
2017-09-12,8.2625,8.2662,8.2425,8.265,7.7928,1777600
2017-09-13,8.2537,8.2612,8.2437,8.2612,7.7893,1243200
2017-09-14,8.245,8.2537,8.2288,8.2425,7.7716,4223200
2017-09-15,8.2375,8.2612,8.2325,8.2563,7.7846,1441600
2017-09-18,8.2475,8.255,8.2125,8.23,7.7852,1339200
2017-09-19,8.2463,8.2463,8.2125,8.2238,7.7792,1690400
2017-09-20,8.2275,8.2312,8.1825,8.2262,7.7816,1391200
2017-09-21,8.2275,8.2275,8.1838,8.1962,7.7532,2247200
2017-09-22,8.1825,8.1962,8.1713,8.1925,7.7497,1312000
2017-09-25,8.1812,8.1812,8.1163,8.1438,7.7036,2534400
2017-09-26,8.17,8.1838,8.1425,8.1587,7.7178,1834400
2017-09-27,8.185,8.2262,8.1625,8.2087,7.7651,1388000
2017-09-28,8.1912,8.215,8.1862,8.2125,7.7686,1178400
2017-09-29,8.215,8.26,8.215,8.2587,7.8124,1261600
2017-10-02,8.2725,8.2875,8.2525,8.2825,7.8348,2284800
2017-10-03,8.2913,8.3062,8.285,8.3062,7.8573,2213600
2017-10-04,8.3038,8.3287,8.2975,8.32,7.8703,2332000
2017-10-05,8.3375,8.3737,8.335,8.3737,7.9211,1336800
2017-10-06,8.3562,8.3763,8.3538,8.3763,7.9235,1136000
2017-10-09,8.3837,8.3837,8.3475,8.355,7.9034,1376000
2017-10-10,8.38,8.385,8.335,8.355,7.9034,1046400
2017-10-11,8.355,8.3787,8.345,8.3763,7.9235,1248000
2017-10-12,8.3675,8.3888,8.3638,8.3713,7.9188,2176800
2017-10-13,8.3912,8.3962,8.3787,8.3837,7.9306,1732800
2017-10-16,8.3988,8.4025,8.3775,8.395,7.9412,1392000
2017-10-17,8.3938,8.4087,8.3888,8.4087,7.9542,1336800
2017-10-18,8.42,8.42,8.3975,8.4025,7.9483,2132000
2017-10-19,8.3625,8.3862,8.3337,8.3862,7.933,1392000
2017-10-20,8.4163,8.43,8.405,8.4213,7.9661,1187200
2017-10-23,8.4487,8.4487,8.375,8.3825,7.9294,1479200
2017-10-24,8.3912,8.4062,8.38,8.3988,7.9448,1159200
2017-10-25,8.3925,8.4012,8.3212,8.3725,7.92,1810400
2017-10-26,8.3737,8.3988,8.3675,8.3813,7.9282,2158400
2017-10-27,8.425,8.495,8.4175,8.495,8.0358,1837600
2017-10-30,8.425,8.5125,8.425,8.4925,8.0335,1365600
2017-10-31,8.5063,8.52,8.4913,8.5087,8.0488,1351200
2017-11-01,8.5463,8.5463,8.4913,8.5138,8.0536,1710400
2017-11-02,8.5025,8.5112,8.4663,8.4937,8.0347,1990400
2017-11-03,8.5175,8.555,8.5025,8.55,8.0879,1054400
2017-11-06,8.545,8.59,8.545,8.5787,8.1151,1296000
2017-11-07,8.5875,8.6012,8.5562,8.5737,8.1103,1836800
2017-11-08,8.5725,8.6025,8.5625,8.5962,8.1316,1530400
2017-11-09,8.5562,8.5737,8.5013,8.5712,8.108,2578400
2017-11-10,8.5612,8.5737,8.5437,8.565,8.102,3166400
2017-11-13,8.5387,8.5875,8.5387,8.5737,8.1103,1551200
2017-11-14,8.5487,8.5638,8.5188,8.5525,8.0902,1147200
2017-11-15,8.52,8.5312,8.48,8.5063,8.0465,2578400
2017-11-16,8.5413,8.6038,8.5363,8.5913,8.1269,1498400
2017-11-17,8.5825,8.5887,8.5688,8.5725,8.1091,1324800
2017-11-20,8.58,8.5887,8.5725,8.5837,8.1198,1576000
2017-11-21,8.6175,8.665,8.6163,8.6613,8.1931,1724000
2017-11-22,8.675,8.675,8.6562,8.6663,8.1978,1596800
2017-11-24,8.6825,8.6975,8.6788,8.6962,8.2262,860000
2017-11-27,8.7025,8.7087,8.6788,8.6938,8.2238,1783200
2017-11-28,8.71,8.7425,8.6862,8.7388,8.2664,4538400
2017-11-29,8.7437,8.7463,8.6512,8.6812,8.212,2640800
2017-11-30,8.72,8.7837,8.7075,8.7688,8.2948,1952000
2017-12-01,8.7563,8.7738,8.6175,8.7388,8.2664,2610400
2017-12-04,8.8013,8.81,8.6925,8.695,8.225,2709600
2017-12-05,8.6888,8.7413,8.6687,8.6725,8.2037,2576800
2017-12-06,8.65,8.6912,8.645,8.6812,8.212,1577600
2017-12-07,8.6825,8.7388,8.6788,8.7275,8.2558,2108800
2017-12-08,8.7662,8.7825,8.7575,8.7725,8.2983,1480800
2017-12-11,8.7775,8.8013,8.7725,8.8,8.3244,1636800
2017-12-12,8.8125,8.8263,8.7963,8.8013,8.3255,1663200
2017-12-13,8.8175,8.8363,8.8025,8.8025,8.3267,1888000
2017-12-14,8.82,8.8387,8.785,8.7887,8.3137,1765600
2017-12-15,8.8337,8.8787,8.8225,8.8663,8.387,1373600
2017-12-18,8.8962,8.9175,8.885,8.9087,8.4488,2061600
2017-12-19,8.9075,8.9075,8.8625,8.865,8.4073,2171200
2017-12-20,8.9025,8.905,8.8488,8.8612,8.4037,3682400
2017-12-21,8.8862,8.9025,8.8687,8.8775,8.4191,1990400
2017-12-22,8.875,8.875,8.85,8.8675,8.4097,2259200
2017-12-26,8.845,8.86,8.8337,8.8575,8.4002,2190400
2017-12-27,8.8625,8.875,8.8538,8.8612,8.4037,2951200
2017-12-28,8.8825,8.8837,8.8675,8.8787,8.4203,2512800
2017-12-29,8.9,8.9038,8.8363,8.8387,8.3824,2808000
2018-01-02,8.8787,8.935,8.8612,8.935,8.4737,2851200
2018-01-03,8.945,9.02,8.945,9.015,8.5495,2616000
2018-01-04,9.0475,9.0625,9.0337,9.0413,8.5744,3226400
2018-01-05,9.0763,9.1287,9.065,9.1263,8.6551,3439200
2018-01-08,9.1237,9.155,9.115,9.1488,8.6764,2591200
2018-01-09,9.1713,9.195,9.1488,9.1788,8.7048,2936000
2018-01-10,9.15,9.1637,9.11,9.1625,8.6894,2493600
2018-01-11,9.185,9.2413,9.1775,9.2413,8.7641,2611200
2018-01-12,9.2437,9.3112,9.2413,9.3062,8.8258,2588000
2018-01-16,9.3687,9.3888,9.2425,9.2688,8.7902,3340000
2018-01-17,9.3138,9.3687,9.2738,9.3575,8.8744,4497600
2018-01-18,9.3588,9.375,9.325,9.3538,8.8708,3739200
2018-01-19,9.3825,9.41,9.3625,9.41,8.9242,3122400
2018-01-22,9.4075,9.4888,9.4038,9.4888,8.9988,2772000
2018-01-23,9.5037,9.5425,9.495,9.535,9.0427,2817600
2018-01-24,9.565,9.5763,9.4688,9.515,9.0237,3384000
2018-01-25,9.55,9.5538,9.4825,9.5138,9.0225,2231200
2018-01-26,9.5487,9.6038,9.52,9.6038,9.1079,2156800
2018-01-29,9.58,9.6,9.5238,9.535,9.0427,3295200
2018-01-30,9.4425,9.4825,9.4137,9.4487,8.9609,3892800
2018-01-31,9.5025,9.5288,9.4325,9.4712,8.9822,2411200
2018-02-01,9.4388,9.5063,9.4225,9.4525,8.9645,2112000
2018-02-02,9.3988,9.405,9.25,9.2563,8.7783,4839200
2018-02-05,9.17,9.2863,8.8575,8.8938,8.4346,10664800
2018-02-06,8.72,9.0887,8.69,9.0662,8.5981,9089600
2018-02-07,9.0625,9.1675,9.015,9.0162,8.5507,6557600
2018-02-08,9.0363,9.0363,8.6663,8.67,8.2224,6788000
2018-02-09,8.7725,8.85,8.4788,8.785,8.3314,9158400
2018-02-12,8.8675,8.9775,8.7975,8.9237,8.463,3575200
2018-02-13,8.8737,8.9688,8.8512,8.95,8.4879,2858400
2018-02-14,8.9,9.11,8.9,9.1,8.6302,2700000
2018-02-15,9.1663,9.225,9.0712,9.225,8.7487,4010400
2018-02-16,9.1975,9.2913,9.1938,9.2212,8.7451,7212800
2018-02-20,9.1875,9.2662,9.1575,9.1875,8.7131,3641600
2018-02-21,9.2137,9.31,9.1512,9.1538,8.6811,2612000
2018-02-22,9.1888,9.245,9.14,9.165,8.6918,2723200
2018-02-23,9.2163,9.3062,9.1888,9.305,8.8246,1880000
2018-02-26,9.3512,9.4137,9.3287,9.4113,8.9253,2024000
2018-02-27,9.4113,9.43,9.2913,9.2937,8.8139,2621600
2018-02-28,9.3263,9.3575,9.205,9.205,8.7297,2829600
2018-03-01,9.2163,9.2537,9.0087,9.0737,8.6053,6484800
2018-03-02,8.9937,9.145,8.9537,9.13,8.6586,4320800
2018-03-05,9.0825,9.2537,9.0712,9.2288,8.7523,2328000
2018-03-06,9.2712,9.2788,9.2113,9.2775,8.7985,2299200
2018-03-07,9.1912,9.305,9.165,9.2937,8.8139,1600000
2018-03-08,9.3188,9.34,9.2837,9.3313,8.8495,2325600
2018-03-09,9.39,9.5063,9.3813,9.5063,9.0154,2642400
2018-03-12,9.5212,9.54,9.49,9.505,9.0142,2502400
2018-03-13,9.5487,9.5675,9.4175,9.4425,8.955,2255200
2018-03-14,9.4762,9.4762,9.3837,9.4125,8.9265,1442400
2018-03-15,9.4325,9.4575,9.3763,9.405,8.9194,1760800
2018-03-16,9.3988,9.4187,9.3825,9.385,8.9182,1177600
2018-03-19,9.3313,9.34,9.1713,9.2388,8.7792,2216800
2018-03-20,9.25,9.29,9.23,9.275,8.8137,2907200
2018-03-21,9.265,9.3375,9.235,9.2475,8.7876,2395200
2018-03-22,9.1613,9.1925,9.0112,9.0175,8.569,2760000
2018-03-23,9.0225,9.05,8.8275,8.8313,8.392,4285600
2018-03-26,8.9738,9.0913,8.8575,9.0825,8.6308,3128000
2018-03-27,9.1163,9.1213,8.815,8.8775,8.436,6019200
2018-03-28,8.8588,8.9163,8.765,8.8175,8.3789,5223200
2018-03-29,8.8625,9.0337,8.825,8.9637,8.5179,2850400
2018-04-02,8.9237,8.95,8.6625,8.7487,8.3136,5177600
2018-04-03,8.81,8.8763,8.7212,8.85,8.4098,3997600
2018-04-04,8.7025,8.9762,8.6788,8.9587,8.5132,4542400
2018-04-05,9.025,9.0688,8.9838,9.0238,8.5749,2958400
2018-04-06,8.9388,9.005,8.7625,8.8138,8.3754,3487200
2018-04-09,8.875,8.98,8.8325,8.8425,8.4027,1840000
2018-04-10,8.955,9.025,8.9187,8.995,8.5476,3136000
2018-04-11,8.9513,9.025,8.9338,8.9537,8.5084,2060000
2018-04-12,9.0075,9.0588,8.99,9.0262,8.5773,2270400
2018-04-13,9.0712,9.075,8.96,8.9975,8.55,2569600
2018-04-16,9.0662,9.1038,9.0288,9.0775,8.626,3432000
2018-04-17,9.1512,9.2413,9.14,9.2175,8.759,5328800
2018-04-18,9.245,9.28,9.2125,9.2513,8.7911,3006400
2018-04-19,9.225,9.2312,9.1625,9.2,8.7424,2176000
2018-04-20,9.1912,9.1912,9.0737,9.1062,8.6533,2355200
2018-04-23,9.1375,9.1587,9.05,9.0925,8.6403,2542400
2018-04-24,9.1237,9.1287,8.8625,8.93,8.4859,3876800
2018-04-25,8.9263,8.9688,8.85,8.9425,8.4977,4032000
2018-04-26,9.0075,9.1012,8.9875,9.07,8.6189,3370400
2018-04-27,9.1125,9.1213,9.0312,9.07,8.6189,1967200
2018-04-30,9.085,9.1313,9.0188,9.0188,8.5702,2080800
2018-05-01,9.0013,9.0688,8.96,9.0625,8.6118,2253600
2018-05-02,9.0825,9.125,9.0275,9.04,8.5904,5533600
2018-05-03,8.9987,9.0463,8.8988,9.0238,8.5749,2732800
2018-05-04,8.9913,9.1838,8.9913,9.1562,8.7008,2361600
2018-05-07,9.1962,9.2425,9.1838,9.2125,8.7543,3083200
2018-05-08,9.195,9.2238,9.1587,9.2137,8.7555,2312800
2018-05-09,9.23,9.3088,9.2137,9.3013,8.8386,2183200
2018-05-10,9.3225,9.3938,9.3162,9.38,8.9135,2348800
2018-05-11,9.38,9.4137,9.3588,9.3988,8.9313,1884000
2018-05-14,9.42,9.4438,9.3787,9.3975,8.9301,3680000
2018-05-15,9.3413,9.3413,9.2762,9.31,8.847,3364800
2018-05-16,9.3112,9.3725,9.3112,9.3562,8.8909,2210400
2018-05-17,9.3525,9.3962,9.3225,9.3575,8.8921,1727200
2018-05-18,9.3488,9.375,9.3363,9.3562,8.8909,1581600
2018-05-21,9.415,9.4438,9.3938,9.4187,8.9503,1924800
2018-05-22,9.4388,9.4487,9.3575,9.3675,8.9016,2076000
2018-05-23,9.3237,9.4213,9.3138,9.4213,8.9527,1895200
2018-05-24,9.4113,9.425,9.3462,9.41,8.942,1535200
2018-05-25,9.3962,9.4263,9.3875,9.4062,8.9384,1817600
2018-05-29,9.35,9.3775,9.275,9.3162,8.8529,3751200
2018-05-30,9.3625,9.4388,9.3525,9.4213,8.9527,2551200
2018-05-31,9.4062,9.4362,9.36,9.375,8.9087,2005600
2018-06-01,9.4275,9.4937,9.4275,9.4888,9.0168,3045600
2018-06-04,9.5125,9.5562,9.5125,9.555,9.0798,1817600
2018-06-05,9.5625,9.585,9.54,9.575,9.0988,2222400
2018-06-06,9.5975,9.6637,9.57,9.6637,9.1831,1991200
2018-06-07,9.6713,9.6775,9.5863,9.63,9.151,3688000
2018-06-08,9.6,9.6613,9.595,9.66,9.1795,1720800
2018-06-11,9.6687,9.7063,9.6663,9.6838,9.2021,1709600
2018-06-12,9.6987,9.735,9.69,9.7238,9.2401,2825600
2018-06-13,9.735,9.76,9.69,9.6912,9.2092,1663200
2018-06-14,9.7262,9.7662,9.725,9.7537,9.2686,1883200
2018-06-15,9.7212,9.7537,9.695,9.7487,9.2639,3496000
2018-06-18,9.6825,9.7487,9.6663,9.7437,9.2591,1644800
2018-06-19,9.6462,9.695,9.6075,9.6925,9.2104,2764800
2018-06-20,9.7312,9.7625,9.7163,9.7325,9.2484,2137600
2018-06-21,9.7413,9.7413,9.645,9.6637,9.1831,1976000
2018-06-22,9.7113,9.7125,9.6512,9.6538,9.1736,1550400
2018-06-25,9.6062,9.6062,9.42,9.4862,9.0144,3109600
2018-06-26,9.4862,9.5387,9.4613,9.4963,9.0441,1796000
2018-06-27,9.53,9.5813,9.3962,9.3962,8.9488,13125600
2018-06-28,9.3988,9.49,9.3612,9.4637,9.0131,5619200
2018-06-29,9.505,9.5475,9.47,9.4725,9.0215,2112000
2018-07-02,9.4113,9.5188,9.385,9.5162,9.0631,7648800
2018-07-03,9.5475,9.5475,9.445,9.455,9.0048,2389600
2018-07-05,9.5087,9.545,9.4563,9.5425,9.0881,3079200
2018-07-06,9.5525,9.6538,9.5363,9.64,9.181,1768000
2018-07-09,9.6888,9.74,9.675,9.74,9.2762,2344000
2018-07-10,9.7513,9.7688,9.7238,9.7525,9.2881,1756000
2018-07-11,9.6925,9.7437,9.675,9.7113,9.2488,2780000
2018-07-12,9.755,9.815,9.7375,9.8125,9.3453,5028000
2018-07-13,9.8162,9.845,9.7987,9.8313,9.3631,1628000
2018-07-16,9.8337,9.84,9.7875,9.7987,9.3322,1879200
2018-07-17,9.75,9.86,9.7225,9.8462,9.3774,1856000
2018-07-18,9.8562,9.88,9.8325,9.875,9.4048,1986400
2018-07-19,9.85,9.875,9.8337,9.8512,9.3822,2300800
2018-07-20,9.8425,9.8687,9.8225,9.8263,9.3584,3819200
2018-07-23,9.8225,9.8413,9.7863,9.8375,9.3691,1912000
2018-07-24,9.9062,9.9288,9.83,9.8638,9.3941,3696800
2018-07-25,9.8588,9.97,9.8588,9.9663,9.4917,4241600
2018-07-26,9.8737,9.9125,9.86,9.8837,9.4131,1920000
2018-07-27,9.9237,9.9362,9.74,9.7788,9.3131,2329600
2018-07-30,9.7812,9.8088,9.6325,9.6613,9.2012,2388000
2018-07-31,9.7025,9.7575,9.6663,9.7212,9.2584,2340000
2018-08-01,9.755,9.7875,9.7063,9.74,9.2762,1734400
2018-08-02,9.6925,9.84,9.6875,9.8337,9.3655,4574400
2018-08-03,9.84,9.855,9.8112,9.855,9.3857,2665600
2018-08-06,9.855,9.91,9.8462,9.9087,9.4369,1971200
2018-08-07,9.9338,9.9613,9.925,9.945,9.4715,2507200
2018-08-08,9.94,9.9575,9.9213,9.9412,9.4679,2107200
2018-08-09,9.945,9.975,9.935,9.94,9.4667,1479200
2018-08-10,9.8888,9.9175,9.855,9.8837,9.4131,2656000
2018-08-13,9.895,9.9362,9.8475,9.8575,9.3881,4721600
2018-08-14,9.8862,9.9362,9.865,9.9225,9.45,3636800
2018-08-15,9.8675,9.8988,9.775,9.8325,9.3643,2162400
2018-08-16,9.8888,9.9312,9.8737,9.8888,9.4179,3354400
2018-08-17,9.8687,9.9225,9.84,9.9038,9.4322,1818400
2018-08-20,9.93,9.9475,9.9,9.9338,9.4607,1516800
2018-08-21,9.955,10.0087,9.95,9.97,9.4953,2020800
2018-08-22,9.9513,10.0025,9.9513,9.985,9.5096,1608000
2018-08-23,9.9712,10.02,9.9625,9.9675,9.4929,1407200
2018-08-24,9.9987,10.06,9.9987,10.0525,9.5738,2080000
2018-08-27,10.1075,10.1412,10.0938,10.1362,9.6536,2571200
2018-08-28,10.16,10.1675,10.1287,10.1525,9.6691,2523200
2018-08-29,10.1663,10.2413,10.1625,10.2338,9.7465,2234400
2018-08-30,10.2087,10.2487,10.1775,10.2025,9.7167,2048800
2018-08-31,10.1912,10.2288,10.1838,10.2125,9.7262,2791200
2018-09-04,10.195,10.2087,10.15,10.1975,9.7119,3236800
2018-09-05,10.1812,10.1838,10.0725,10.1163,9.6346,2132000
2018-09-06,10.125,10.1325,10.0288,10.0813,9.6012,2023200
2018-09-07,10.03,10.1213,10.025,10.065,9.5857,1909600
2018-09-10,10.1088,10.1088,10.065,10.0825,9.6024,1198400
2018-09-11,10.06,10.1587,10.0425,10.1512,9.6679,3448000
2018-09-12,10.1438,10.1575,10.08,10.1438,9.6607,1970400
2018-09-13,10.185,10.2288,10.1825,10.2163,9.7298,1931200
2018-09-14,10.2262,10.2338,10.1725,10.2025,9.7167,3576800
2018-09-17,10.1938,10.2013,10.0875,10.0962,9.6155,3367200
2018-09-18,10.11,10.1975,10.1062,10.1737,9.6893,2838400
2018-09-19,10.1825,10.1962,10.1462,10.1775,9.6929,1944800
2018-09-20,10.23,10.2688,10.2188,10.2525,9.7643,1929600
2018-09-21,10.285,10.29,10.2125,10.2175,9.731,2688800
2018-09-24,10.175,10.2188,10.1462,10.2125,9.7262,2498400
2018-09-25,10.205,10.225,10.185,10.2175,9.7502,1695200
2018-09-26,10.2225,10.2837,10.1888,10.2013,9.7347,2229600
2018-09-27,10.2338,10.29,10.23,10.2587,9.7896,1957600
2018-09-28,10.2325,10.2762,10.2325,10.2525,9.7836,1697600
2018-10-01,10.3112,10.3387,10.255,10.2812,9.811,3569600
2018-10-02,10.2738,10.29,10.23,10.2475,9.7788,2380000
2018-10-03,10.2925,10.3025,10.2413,10.26,9.7908,2206400
2018-10-04,10.235,10.235,10.0525,10.115,9.6524,3796800
2018-10-05,10.1138,10.1462,9.9563,10.0337,9.5749,12223200
2018-10-08,9.9975,10.0375,9.8825,9.9825,9.5259,3733600
2018-10-09,9.965,10.0525,9.9587,9.9913,9.5343,3405600
2018-10-10,9.9587,9.9812,9.5813,9.5875,9.149,6897600
2018-10-11,9.5475,9.6575,9.36,9.43,8.9987,11316800
2018-10-12,9.6462,9.6725,9.4838,9.6337,9.1931,8918400
2018-10-15,9.6175,9.6475,9.5375,9.5562,9.1192,5598400
2018-10-16,9.65,9.8363,9.6425,9.8175,9.3685,3328000
2018-10-17,9.8363,9.8363,9.7025,9.8013,9.353,4615200
2018-10-18,9.7625,9.7625,9.565,9.6237,9.1836,3808000
2018-10-19,9.6587,9.7325,9.5612,9.5887,9.1502,4080800
2018-10-22,9.625,9.6512,9.54,9.5837,9.1454,3249600
2018-10-23,9.42,9.575,9.3237,9.5262,9.0906,5018400
2018-10-24,9.5325,9.545,9.1637,9.18,8.7601,5349600
2018-10-25,9.27,9.465,9.2325,9.4075,8.9772,4624800
2018-10-26,9.2113,9.35,9.085,9.2013,8.7804,9381600
2018-10-29,9.3337,9.375,8.9213,9.0775,8.6623,9806400
2018-10-30,9.05,9.22,9.0162,9.21,8.7888,5381600
2018-10-31,9.34,9.4725,9.34,9.3837,8.9546,4220800
2018-11-01,9.4213,9.5125,9.3588,9.5075,9.0727,10192000
2018-11-02,9.5212,9.5688,9.3488,9.42,8.9892,3936000
2018-11-05,9.4362,9.4537,9.3488,9.4338,9.0023,2896800
2018-11-06,9.4275,9.5138,9.4275,9.4937,9.0596,2491200
2018-11-07,9.5925,9.75,9.5863,9.7475,9.3017,7702400
2018-11-08,9.7188,9.735,9.6725,9.7137,9.2695,3531200
2018-11-09,9.655,9.6625,9.5225,9.5938,9.155,2707200
2018-11-12,9.5513,9.565,9.3462,9.3575,8.9295,3380000
2018-11-13,9.3825,9.4725,9.32,9.3475,8.92,3799200
2018-11-14,9.4362,9.4537,9.22,9.2738,8.8496,4937600
2018-11-15,9.2338,9.4113,9.1538,9.3888,8.9594,4860000
2018-11-16,9.32,9.4263,9.2963,9.3862,8.957,3259200
2018-11-19,9.36,9.3612,9.1025,9.1287,8.7112,4424000
2018-11-20,8.9338,9.065,8.8813,8.9613,8.5514,11788800
2018-11-21,9.0425,9.1062,9.0112,9.0312,8.6182,4301600
2018-11-23,8.9663,9.0325,8.935,8.98,8.5693,960000
2018-11-26,9.0813,9.1488,9.0612,9.1462,8.7279,2947200
2018-11-27,9.105,9.17,9.0688,9.1675,8.7482,5170400
2018-11-28,9.2312,9.4425,9.2,9.4425,9.0106,4677600
2018-11-29,9.4163,9.4862,9.3588,9.4275,8.9963,4376800
2018-11-30,9.4388,9.4963,9.4113,9.475,9.0417,2590400
2018-12-03,9.67,9.7,9.5775,9.6362,9.1955,5644800
2018-12-04,9.6038,9.6125,9.2812,9.2925,8.8675,5467200
2018-12-06,9.1275,9.3112,9.0262,9.31,8.8842,7240000
2018-12-07,9.2825,9.3575,9.0175,9.0513,8.6373,5029600
2018-12-10,9.03,9.1388,8.9125,9.1038,8.6874,8981600
2018-12-11,9.2375,9.2425,9.0487,9.1088,8.6922,4932800
2018-12-12,9.205,9.2788,9.15,9.1525,8.7601,4255200
2018-12-13,9.1875,9.2188,9.09,9.1375,8.7458,4460000
2018-12-14,9.0475,9.0787,8.9275,8.9475,8.5639,4503200
2018-12-17,8.9062,8.9525,8.6875,8.7463,8.3713,9043200
2018-12-18,8.8125,8.8612,8.7113,8.7788,8.4024,8692800
2018-12-19,8.7712,8.9237,8.5538,8.6213,8.2516,16646400
2018-12-20,8.5737,8.635,8.3625,8.4613,8.0985,15784800
2018-12-21,8.4913,8.5662,8.205,8.2325,7.8796,12897600
2018-12-24,8.1663,8.2375,8.0375,8.0375,7.6929,7480000
2018-12-26,8.1012,8.4963,8.0562,8.4937,8.1296,12470400
2018-12-27,8.3787,8.5688,8.2325,8.5688,8.2014,13814400
2018-12-28,8.5975,8.6562,8.47,8.5312,8.1871,11899200
2018-12-31,8.6062,8.6263,8.525,8.6163,8.2687,8975200
2019-01-02,8.4613,8.6462,8.46,8.6088,8.2615,11723200
2019-01-03,8.5238,8.5337,8.34,8.355,8.018,8898400
2019-01-04,8.4812,8.705,8.4725,8.6675,8.3179,8791200
2019-01-07,8.6888,8.81,8.6725,8.7587,8.4054,6727200
2019-01-08,8.8562,8.8837,8.7487,8.865,8.5074,5463200
2019-01-09,8.9,8.9663,8.87,8.935,8.5746,9245600
2019-01-10,8.8725,8.9825,8.8438,8.9788,8.6166,5536800
2019-01-11,8.93,8.9613,8.9012,8.9587,8.5974,5485600
2019-01-14,8.8837,8.9312,8.8663,8.8962,8.5374,3916000
2019-01-15,8.9187,9.04,8.9175,9.035,8.6705,5018400
2019-01-16,9.05,9.1,9.0425,9.0538,8.6885,4561600
2019-01-17,9.0212,9.1575,9.0188,9.1187,8.7509,4316800
2019-01-18,9.1987,9.2612,9.1538,9.24,8.8673,6531200
2019-01-22,9.1775,9.1838,9.03,9.0938,8.7269,8592000
2019-01-23,9.13,9.1637,9.0037,9.1012,8.7341,4055200
2019-01-24,9.105,9.1412,9.0763,9.1225,8.7545,3405600
2019-01-25,9.2063,9.2537,9.1938,9.2362,8.8637,5795200
2019-01-28,9.14,9.1475,9.08,9.1475,8.7785,3823200
2019-01-29,9.1538,9.1538,9.0675,9.1025,8.7353,2420000
2019-01-30,9.1925,9.3275,9.1613,9.3,8.9249,3820000
2019-01-31,9.3125,9.4325,9.3038,9.3912,9.0124,4750400
2019-02-01,9.38,9.43,9.3588,9.3888,9.01,3828000
2019-02-04,9.3888,9.485,9.3862,9.485,9.1024,3267200
2019-02-05,9.5037,9.555,9.4987,9.5475,9.1624,4707200
2019-02-06,9.545,9.5463,9.48,9.5162,9.1324,7912000
2019-02-07,9.4425,9.4688,9.3512,9.4213,9.0412,6219200
2019-02-08,9.3538,9.4312,9.3425,9.43,9.0496,5715200
2019-02-11,9.4575,9.4825,9.4187,9.44,9.0592,11869600
2019-02-12,9.5063,9.5825,9.5,9.5712,9.1852,5934400
2019-02-13,9.6062,9.6388,9.5813,9.5962,9.2092,4020800
2019-02-14,9.555,9.63,9.5288,9.595,9.208,4143200
2019-02-15,9.6587,9.6713,9.6287,9.6713,9.2811,3333600
2019-02-19,9.645,9.7037,9.6375,9.6763,9.2859,3116800
2019-02-20,9.6812,9.6975,9.6337,9.6775,9.2871,2788000
2019-02-21,9.6625,9.6625,9.6,9.6362,9.2475,4082400
2019-02-22,9.665,9.7188,9.6575,9.7163,9.3243,2992000
2019-02-25,9.7788,9.7963,9.7238,9.7275,9.3351,5453600
2019-02-26,9.7063,9.7575,9.6987,9.7275,9.3351,3678400
2019-02-27,9.6975,9.7388,9.6525,9.725,9.3327,4860800
2019-02-28,9.7113,9.7375,9.6888,9.6975,9.3063,3911200
2019-03-01,9.77,9.7887,9.71,9.775,9.3807,3603200
2019-03-04,9.8188,9.8287,9.635,9.7212,9.3291,4094400
2019-03-05,9.7288,9.7437,9.685,9.715,9.3231,2463200
2019-03-06,9.7188,9.7238,9.64,9.6462,9.2571,3899200
2019-03-07,9.63,9.6313,9.5225,9.555,9.1696,4886400
2019-03-08,9.4675,9.5413,9.4525,9.5363,9.1516,2699200
2019-03-11,9.5575,9.6987,9.5575,9.6938,9.3027,2438400
2019-03-12,9.7163,9.7575,9.7037,9.7362,9.3435,3124000
2019-03-13,9.775,9.8475,9.77,9.8062,9.4107,3172000
2019-03-14,9.8088,9.8212,9.7812,9.8025,9.4071,2276800
2019-03-15,9.825,9.885,9.8162,9.85,9.4527,3102400
2019-03-18,9.8575,9.8962,9.8413,9.8837,9.4851,2527200
2019-03-19,9.93,9.9613,9.8663,9.9038,9.5043,3452000
2019-03-20,9.8737,9.9425,9.8125,9.8862,9.5063,3432800
2019-03-21,9.855,10.0288,9.8538,10.0188,9.6337,3402400
2019-03-22,9.9637,9.985,9.8,9.8025,9.4258,5600800
2019-03-25,9.7825,9.8325,9.7413,9.7975,9.421,5022400
2019-03-26,9.8737,9.9012,9.7963,9.8462,9.4678,3202400
2019-03-27,9.85,9.8737,9.7225,9.7987,9.4222,3116800
2019-03-28,9.8212,9.8625,9.7925,9.8525,9.4738,3175200
2019-03-29,9.915,9.9338,9.8737,9.9288,9.5472,3191200
2019-04-01,10.0125,10.0487,9.9875,10.045,9.6589,3966400
2019-04-02,10.0475,10.0688,10.0212,10.0562,9.6698,3707200
2019-04-03,10.1075,10.135,10.0625,10.0913,9.7034,4708000
2019-04-04,10.0988,10.1225,10.045,10.1025,9.7142,11764800
2019-04-05,10.1325,10.1587,10.1263,10.155,9.7647,2247200
2019-04-08,10.1362,10.17,10.0962,10.1687,9.7779,2136000
2019-04-09,10.1287,10.1575,10.1062,10.1263,9.7371,3291200
2019-04-10,10.145,10.1675,10.1275,10.165,9.7743,1632000
2019-04-11,10.1838,10.1862,10.1362,10.1613,9.7707,1970400
2019-04-12,10.215,10.2338,10.1838,10.2225,9.8296,2357600
2019-04-15,10.2312,10.2325,10.1763,10.2275,9.8344,2416000
2019-04-16,10.2625,10.2625,10.1763,10.2013,9.8092,4236000
2019-04-17,10.245,10.2475,10.14,10.1625,9.7719,1994400
2019-04-18,10.1838,10.1987,10.13,10.1912,9.7996,2268000
2019-04-22,10.1613,10.2188,10.1562,10.2188,9.826,2985600
2019-04-23,10.2338,10.3438,10.225,10.3375,9.9402,2837600
2019-04-24,10.3413,10.3512,10.315,10.3175,9.921,5080800
2019-04-25,10.3525,10.3687,10.2913,10.3462,9.9486,2551200
2019-04-26,10.3562,10.4038,10.3112,10.4038,10.0039,2407200
2019-04-29,10.4062,10.4325,10.3925,10.4163,10.0159,2205600
2019-04-30,10.3763,10.39,10.3038,10.38,9.9811,2672800
2019-05-01,10.4237,10.4275,10.3088,10.3112,9.915,4977600
2019-05-02,10.3013,10.3387,10.21,10.2875,9.8921,4424800
2019-05-03,10.3525,10.4075,10.3375,10.3975,9.9979,3778400
2019-05-06,10.2,10.3775,10.1925,10.3612,9.963,4516000
2019-05-07,10.2675,10.2987,10.0887,10.1713,9.7803,7684800
2019-05-08,10.1575,10.2325,10.1325,10.1713,9.7803,6150400
2019-05-09,10.0787,10.1663,10.0063,10.1425,9.7527,9959200
2019-05-10,10.1038,10.2113,9.9675,10.1737,9.7827,12188000
2019-05-13,9.95,9.99,9.8488,9.88,9.5003,8257600
2019-05-14,9.9275,10.0375,9.91,9.9762,9.5928,3658400
2019-05-15,9.915,10.0863,9.9087,10.0638,9.677,6412000
2019-05-16,10.0913,10.2225,10.0875,10.1687,9.7779,3468800
2019-05-17,10.0763,10.2013,10.0763,10.0938,9.7058,2915200
2019-05-20,10.0013,10.0425,9.9487,9.995,9.6109,4624000
2019-05-21,10.0675,10.1112,10.0538,10.09,9.7022,2649600
2019-05-22,10.0538,10.105,10.05,10.0688,9.6818,2105600
2019-05-23,9.9712,9.9738,9.8775,9.9362,9.5544,4018400
2019-05-24,9.9937,10.02,9.9362,9.9537,9.5712,2733600
2019-05-28,9.9712,10.0288,9.9025,9.9038,9.5231,3005600
2019-05-29,9.8525,9.8663,9.77,9.8263,9.4486,7033600
2019-05-30,9.85,9.8962,9.8188,9.8612,9.4823,3013600
2019-05-31,9.7575,9.7987,9.7288,9.74,9.3657,16325600
2019-06-03,9.73,9.7513,9.5588,9.6187,9.2491,7350400
2019-06-04,9.7075,9.8488,9.6775,9.8438,9.4654,4870400
2019-06-05,9.9237,9.9525,9.845,9.9475,9.5652,4530400
2019-06-06,9.9663,10.0337,9.9237,10.01,9.6253,3420000
2019-06-07,10.0525,10.1888,10.0513,10.1562,9.7659,4358400
2019-06-10,10.2262,10.3,10.2163,10.2212,9.8284,3076000
2019-06-11,10.3025,10.3175,10.1613,10.1962,9.8044,3314400
2019-06-12,10.1875,10.2075,10.1475,10.1737,9.7827,2413600
2019-06-13,10.2125,10.2362,10.1912,10.235,9.8416,3700000
2019-06-14,10.2163,10.2338,10.1838,10.2087,9.8164,1732800
2019-06-17,10.2225,10.2688,10.2225,10.2425,9.8489,1886400
2019-06-18,10.3287,10.405,10.3188,10.355,9.957,3152800
2019-06-19,10.3687,10.4163,10.33,10.4,10.0003,2963200
2019-06-20,10.5138,10.5188,10.4137,10.4888,10.0856,3152000
2019-06-21,10.475,10.5225,10.45,10.47,10.0676,4829600
2019-06-24,10.4812,10.4925,10.4438,10.45,10.0484,2577600
2019-06-25,10.4637,10.4637,10.3138,10.3212,9.9246,3067200
2019-06-26,10.335,10.3687,10.2875,10.3,9.9284,2592800
2019-06-27,10.33,10.3675,10.3175,10.3438,9.9706,2306400
2019-06-28,10.3725,10.41,10.3387,10.4012,10.026,2735200
2019-07-01,10.5437,10.55,10.4525,10.495,10.1164,4821600
2019-07-02,10.4963,10.5325,10.4725,10.5312,10.1513,3032800
2019-07-03,10.555,10.6138,10.5487,10.6138,10.2309,1760000
2019-07-05,10.5612,10.6175,10.5188,10.6038,10.2212,1894400
2019-07-08,10.5487,10.55,10.5188,10.5413,10.161,2090400
2019-07-09,10.4913,10.5875,10.4812,10.5825,10.2007,1820000
2019-07-10,10.63,10.6737,10.6025,10.6412,10.2574,2578400
2019-07-11,10.68,10.7063,10.6525,10.6825,10.2971,2694400
2019-07-12,10.6975,10.7437,10.69,10.74,10.3526,2394400
2019-07-15,10.7963,10.7963,10.7262,10.745,10.3574,1972800
2019-07-16,10.7413,10.7563,10.6975,10.7087,10.3224,2912800
2019-07-17,10.71,10.7137,10.6462,10.6462,10.2622,1602400
2019-07-18,10.615,10.675,10.5837,10.6637,10.2791,1812800
2019-07-19,10.725,10.725,10.5863,10.5913,10.2092,2227200
2019-07-22,10.615,10.6587,10.6088,10.6362,10.2526,4036000
2019-07-23,10.6775,10.7,10.6287,10.7,10.314,3090400
2019-07-24,10.6587,10.7475,10.6587,10.745,10.3574,2404800
2019-07-25,10.7288,10.7288,10.6587,10.6775,10.2923,2266400
2019-07-26,10.7238,10.7837,10.7238,10.7712,10.3827,2028800
2019-07-29,10.7738,10.7738,10.7025,10.745,10.3574,2336800
2019-07-30,10.6763,10.7388,10.6613,10.72,10.3333,2740000
2019-07-31,10.7413,10.7525,10.5175,10.5975,10.2152,3629600
2019-08-01,10.6138,10.7463,10.4888,10.5275,10.1477,4872800
2019-08-02,10.4812,10.4937,10.3588,10.43,10.0537,5682400
2019-08-05,10.2325,10.2325,10.01,10.095,9.7308,8879200
2019-08-06,10.1825,10.26,10.125,10.2463,9.8766,7538400
2019-08-07,10.1362,10.3,10.0538,10.2788,9.9079,7404800
2019-08-08,10.3387,10.4913,10.315,10.4913,10.1128,5158400
2019-08-09,10.4513,10.4762,10.35,10.4137,10.0381,5422400
2019-08-12,10.3562,10.3787,10.2563,10.29,9.9188,4185600
2019-08-13,10.2825,10.52,10.2688,10.4675,10.0899,4759200
2019-08-14,10.3038,10.3337,10.15,10.155,9.7887,4023200
2019-08-15,10.19,10.2238,10.1187,10.1938,9.826,3740800
2019-08-16,10.2738,10.3612,10.2725,10.3475,9.9742,5888800
2019-08-19,10.4788,10.4963,10.435,10.4725,10.0947,3912800
2019-08-20,10.4625,10.4963,10.415,10.415,10.0393,8938400
2019-08-21,10.5013,10.5325,10.4862,10.51,10.1309,3472800
2019-08-22,10.535,10.5612,10.4237,10.49,10.1116,2784000
2019-08-23,10.4438,10.52,10.185,10.2262,9.8573,7313600
2019-08-26,10.3125,10.3387,10.2525,10.3387,9.9658,3120000
2019-08-27,10.3988,10.41,10.27,10.3,9.9284,3056000
2019-08-28,10.265,10.3675,10.2275,10.3588,9.9851,2661600
2019-08-29,10.4675,10.5337,10.4362,10.5075,10.1284,3116800
2019-08-30,10.565,10.5675,10.4425,10.4963,10.1176,9770400
2019-09-03,10.4175,10.4663,10.37,10.4038,10.0284,7989600
2019-09-04,10.485,10.5175,10.4563,10.5175,10.1381,2042400
2019-09-05,10.6187,10.69,10.6163,10.6725,10.2875,3413600
2019-09-06,10.6875,10.6987,10.6538,10.665,10.2803,2508800
2019-09-09,10.7025,10.7025,10.5787,10.6138,10.2309,3325600
2019-09-10,10.5763,10.5787,10.4838,10.5787,10.1971,4824800
2019-09-11,10.59,10.6488,10.5688,10.6488,10.2646,3112800
2019-09-12,10.7037,10.75,10.68,10.6975,10.3116,3553600
2019-09-13,10.7037,10.725,10.6675,10.6838,10.2983,1668800
2019-09-16,10.6337,10.6737,10.625,10.66,10.2754,2132800
2019-09-17,10.6512,10.71,10.6512,10.7025,10.3164,2058400
2019-09-18,10.69,10.7087,10.5887,10.7087,10.3224,1992000
2019-09-19,10.7225,10.7688,10.7025,10.715,10.3285,3278400
2019-09-20,10.735,10.7487,10.6,10.6263,10.2429,2536000
2019-09-23,10.6112,10.6512,10.6025,10.6287,10.2453,1964800
2019-09-24,10.6788,10.7037,10.4812,10.5238,10.1441,5172800
2019-09-25,10.4975,10.5925,10.4175,10.5725,10.2165,4778400
2019-09-26,10.5688,10.58,10.4862,10.545,10.1899,3498400
2019-09-27,10.5787,10.58,10.3638,10.4237,10.0727,3893600
2019-09-30,10.4487,10.5225,10.4388,10.5013,10.1476,2695200
2019-10-01,10.5425,10.5688,10.4025,10.4062,10.0558,4013600
2019-10-02,10.345,10.345,10.1825,10.2413,9.8964,6004800
2019-10-03,10.225,10.3462,10.125,10.3462,9.9978,5634400
2019-10-04,10.385,10.5013,10.385,10.4925,10.1392,2308800
2019-10-07,10.4587,10.53,10.4362,10.4587,10.1065,3366400
2019-10-08,10.3875,10.4263,10.3025,10.3025,9.9556,3410400
2019-10-09,10.39,10.4525,10.3638,10.4213,10.0703,2755200
2019-10-10,10.4175,10.5138,10.4087,10.48,10.1271,2417600
2019-10-11,10.5875,10.6575,10.5662,10.5775,10.2213,3487200
2019-10-14,10.565,10.615,10.565,10.5725,10.2165,1922400
2019-10-15,10.6138,10.7175,10.6138,10.6938,10.3336,4489600
2019-10-16,10.6613,10.675,10.6187,10.6663,10.3071,3237600
2019-10-17,10.7188,10.7375,10.675,10.7,10.3397,3648800
2019-10-18,10.6825,10.7,10.565,10.6187,10.2612,2796000
2019-10-21,10.66,10.6737,10.6187,10.67,10.3107,1498400
2019-10-22,10.705,10.7238,10.575,10.5763,10.2201,2064800
2019-10-23,10.575,10.6287,10.5737,10.615,10.2575,1855200
2019-10-24,10.6725,10.7087,10.6462,10.6987,10.3385,1886400
2019-10-25,10.66,10.7612,10.66,10.745,10.3832,2157600
2019-10-28,10.7925,10.8413,10.7925,10.8263,10.4617,2348800
2019-10-29,10.8138,10.8488,10.785,10.7925,10.4291,2584000
2019-10-30,10.8062,10.8612,10.7612,10.8538,10.4882,6742400
2019-10-31,10.8713,10.88,10.7875,10.8363,10.4713,2396000
2019-11-01,10.8888,10.9338,10.8775,10.9263,10.5583,3589600
2019-11-04,10.9925,10.9925,10.9288,10.9325,10.5643,2351200
2019-11-05,10.9513,10.9513,10.875,10.8975,10.5305,1985600
2019-11-06,10.9012,10.905,10.8588,10.905,10.5378,1762400
2019-11-07,10.9513,10.985,10.9125,10.935,10.5668,3119200
2019-11-08,10.9263,10.9613,10.9075,10.9613,10.5921,1589600
2019-11-11,10.9163,10.9738,10.9137,10.97,10.6006,1968800
2019-11-12,10.9762,11.0375,10.9712,11.0087,10.638,1997600
2019-11-13,10.98,11.0513,10.9712,11.0475,10.6755,2055200
2019-11-14,11.035,11.0837,11.025,11.0775,10.7045,1684000
2019-11-15,11.1362,11.175,11.105,11.175,10.7987,1918400
2019-11-18,11.1737,11.2125,11.155,11.1962,10.8192,2106400
2019-11-19,11.2338,11.2475,11.1838,11.22,10.8422,3952000
2019-11-20,11.21,11.245,11.1225,11.1962,10.8192,2628000
2019-11-21,11.195,11.195,11.1375,11.1538,10.7781,2968800
2019-11-22,11.1788,11.1788,11.115,11.1625,10.7866,3368000
2019-11-25,11.2,11.2762,11.2,11.2725,10.8929,2235200
2019-11-26,11.285,11.3263,11.2775,11.315,10.934,2698400
2019-11-27,11.3438,11.3725,11.325,11.3725,10.9895,1796800
2019-11-29,11.35,11.3663,11.3263,11.3275,10.946,929600
2019-12-02,11.3413,11.3413,11.1637,11.205,10.8277,4281600
2019-12-03,11.0737,11.1575,11.0487,11.1538,10.7781,4272000
2019-12-04,11.2025,11.225,11.185,11.1962,10.8192,3301600
2019-12-05,11.2262,11.2362,11.1625,11.2175,10.8397,2084000
2019-12-06,11.2913,11.3212,11.28,11.3138,10.9328,2433600
2019-12-09,11.3025,11.3263,11.255,11.26,10.8808,1942400
2019-12-10,11.26,11.2837,11.225,11.2425,10.8639,1380800
2019-12-11,11.2612,11.2925,11.2375,11.2825,10.9026,1879200
2019-12-12,11.255,11.35,11.2362,11.3112,10.9541,3395200
2019-12-13,11.3112,11.3763,11.3,11.3475,10.9892,3203200
2019-12-16,11.4213,11.4663,11.3938,11.4475,11.0861,2594400
2019-12-17,11.4725,11.4725,11.4275,11.44,11.0788,2239200
2019-12-18,11.46,11.4775,11.4438,11.4438,11.0824,3277600
2019-12-19,11.4513,11.5212,11.4513,11.52,11.1563,2133600
2019-12-20,11.5662,11.585,11.5475,11.5737,11.2083,2491200
2019-12-23,11.6075,11.6075,11.5813,11.5875,11.2217,2309600
2019-12-24,11.605,11.605,11.565,11.5913,11.2253,1548800
2019-12-26,11.6125,11.6788,11.5938,11.6788,11.31,1670400
2019-12-27,11.7087,11.71,11.6475,11.6687,11.3003,2593600
2019-12-30,11.6687,11.6725,11.5463,11.59,11.2241,2796800
2019-12-31,11.5638,11.625,11.5538,11.6138,11.2471,2372800
2020-01-02,11.695,11.7688,11.67,11.7688,11.3972,4770400
2020-01-03,11.6325,11.755,11.6263,11.7037,11.3342,4581600
2020-01-06,11.6225,11.7788,11.6125,11.7775,11.4057,3016800
2020-01-07,11.7612,11.7925,11.7362,11.7612,11.3899,3564800
2020-01-08,11.7675,11.8988,11.7625,11.8438,11.4698,3896800
2020-01-09,11.93,11.9637,11.905,11.9525,11.5751,3443200
2020-01-10,11.99,11.9925,11.9113,11.9338,11.557,2680800
2020-01-13,11.9688,12.03,11.9537,12.0262,11.6465,3807200
2020-01-14,12.0262,12.0425,11.97,11.985,11.6066,4152000
2020-01-15,12.0,12.0688,12.0,12.0275,11.6478,3433600
2020-01-16,12.0962,12.145,12.0625,12.145,11.7616,3106400
2020-01-17,12.1812,12.1938,12.1438,12.1862,11.8015,3224000
2020-01-21,12.1637,12.2238,12.1613,12.1962,11.8112,3162400
2020-01-22,12.24,12.2712,12.1925,12.195,11.81,3066400
2020-01-23,12.19,12.2325,12.145,12.2212,11.8354,3068000
2020-01-24,12.2662,12.2712,12.0737,12.1225,11.7398,4148000
2020-01-27,11.8988,11.9762,11.8425,11.9213,11.5449,4974400
2020-01-28,11.995,12.11,11.9613,12.0837,11.7022,2736000
2020-01-29,12.1538,12.1825,12.0712,12.1088,11.7264,2630400
2020-01-30,12.0425,12.15,12.0087,12.1475,11.764,6599200
2020-01-31,12.15,12.1525,11.9025,11.9375,11.5606,3760000
2020-02-03,11.9862,12.1263,11.985,12.085,11.7034,4128800
2020-02-04,12.235,12.3363,12.2087,12.3075,11.9189,6111200
2020-02-05,12.4537,12.4537,12.2913,12.3562,11.9661,3856800
2020-02-06,12.3938,12.4388,12.35,12.4325,12.04,3244000
2020-02-07,12.3837,12.4388,12.35,12.3787,11.9879,3060000
2020-02-10,12.35,12.52,12.345,12.52,12.1247,4085600
2020-02-11,12.58,12.6062,12.4913,12.5188,12.1235,3549600
2020-02-12,12.5825,12.6275,12.5437,12.6225,12.224,3302400
2020-02-13,12.5662,12.69,12.5588,12.6375,12.2385,2199200
2020-02-14,12.65,12.7025,12.6438,12.6962,12.2954,2404800
2020-02-18,12.6525,12.72,12.64,12.7013,12.3002,3047200
2020-02-19,12.7513,12.8263,12.75,12.7925,12.3886,2622400
2020-02-20,12.7675,12.8,12.5575,12.7037,12.3027,3300000
2020-02-21,12.6575,12.6587,12.4738,12.5225,12.1271,7124800
2020-02-24,12.0275,12.1862,11.9637,12.055,11.6744,9060800
2020-02-25,12.1362,12.1763,11.6625,11.7,11.3306,12847200
2020-02-26,11.73,11.9325,11.63,11.6862,11.3173,7252000
2020-02-27,11.4,11.6025,11.1425,11.1425,10.7907,17140800
2020-02-28,10.7525,11.1687,10.7312,11.1538,10.8016,16044000
2020-03-02,11.2762,11.6775,11.1138,11.6713,11.3028,10083200
2020-03-03,11.7312,11.8575,11.2375,11.3313,10.9735,9757600
2020-03-04,11.6,11.8263,11.4788,11.82,11.4468,7781600
2020-03-05,11.525,11.6725,11.3438,11.4312,11.0703,5881600
2020-03-06,11.0863,11.2762,10.9338,11.2175,10.8633,5044000
2020-03-09,10.3912,10.7863,10.335,10.4025,10.0741,10632800
2020-03-10,10.7975,10.9825,10.4225,10.9825,10.6357,10996800
2020-03-11,10.715,10.7487,10.3225,10.46,10.1298,8461600
2020-03-12,9.7013,10.165,9.375,9.4812,9.1819,17734400
2020-03-13,10.0075,10.3175,9.4913,10.3175,9.9917,12658400
2020-03-16,9.2638,9.6663,8.9725,9.0225,8.7376,11876000
2020-03-17,9.2075,9.6088,8.8875,9.545,9.2436,9742400
2020-03-18,8.8825,9.2013,8.55,9.0075,8.7231,9277600
2020-03-19,8.965,9.4175,8.7475,9.1725,8.8829,8590400
2020-03-20,9.3062,9.425,8.7812,8.7875,8.5101,7364800
2020-03-23,8.75,8.8475,8.4062,8.6488,8.3757,10100800
2020-03-24,9.12,9.4688,9.0775,9.4587,9.1601,7569600
2020-03-25,9.5425,9.9362,9.3375,9.555,9.2738,9211200
2020-03-26,9.645,10.1237,9.645,10.0975,9.8003,11356000
2020-03-27,9.78,10.0275,9.6838,9.74,9.4533,7429600
2020-03-30,9.8138,10.1062,9.7738,10.095,9.7979,7996800
2020-03-31,10.0588,10.1825,9.9113,9.9563,9.6632,6600800
2020-04-01,9.6213,9.7325,9.4187,9.4987,9.2192,7981600
2020-04-02,9.455,9.6938,9.4163,9.6637,9.3793,8360000
2020-04-03,9.6375,9.6912,9.4012,9.5138,9.2338,5410400
2020-04-06,9.8675,10.28,9.8538,10.2225,9.9216,6896800
2020-04-07,10.52,10.605,10.1912,10.1912,9.8913,15451200
2020-04-08,10.3188,10.55,10.215,10.5188,10.2092,4366400
2020-04-09,10.6375,10.7175,10.535,10.625,10.3123,8197600
2020-04-13,10.595,10.625,10.4,10.5988,10.2868,5778400
2020-04-14,10.8263,11.0262,10.7925,10.9987,10.675,6807200
2020-04-15,10.8075,10.9225,10.7362,10.8425,10.5234,5630400
2020-04-16,10.9237,11.0212,10.8225,10.9762,10.6532,5798400
2020-04-17,11.2063,11.2063,11.03,11.1875,10.8582,4326400
2020-04-20,11.0612,11.1788,11.0063,11.0162,10.692,4514400
2020-04-21,10.88,10.88,10.595,10.645,10.3317,4116000
2020-04-22,10.8612,11.0,10.8212,10.9425,10.6205,9555200
2020-04-23,10.995,11.1062,10.9163,10.925,10.6035,4299200
2020-04-24,10.9987,11.1088,10.9,11.0887,10.7624,3049600
2020-04-27,11.1987,11.2575,11.1725,11.2238,10.8934,4360000
2020-04-28,11.3488,11.3525,11.0675,11.0712,10.7454,5040800
2020-04-29,11.3112,11.4875,11.27,11.4237,11.0875,4783200
2020-04-30,11.4237,11.4838,11.3438,11.4187,11.0827,5686400
2020-05-01,11.1925,11.2887,11.0837,11.1275,10.8,3624000
2020-05-04,11.0513,11.2325,11.0175,11.2325,10.9019,4958400
2020-05-05,11.345,11.4975,11.3363,11.3713,11.0366,5310400
2020-05-06,11.4388,11.4937,11.3725,11.38,11.0451,3049600
2020-05-07,11.515,11.615,11.5087,11.5538,11.2137,3220000
2020-05-08,11.6737,11.715,11.6175,11.705,11.3605,2676000
2020-05-11,11.6112,11.8363,11.5962,11.7675,11.4212,3340000
2020-05-12,11.82,11.8375,11.5325,11.5325,11.1931,3336800
2020-05-13,11.5375,11.6125,11.2437,11.3725,11.0378,6213600
2020-05-14,11.2738,11.4725,11.1663,11.47,11.1324,3387200
2020-05-15,11.375,11.5813,11.34,11.58,11.2392,2344800
2020-05-18,11.7875,11.91,11.7662,11.8562,11.5073,4171200
2020-05-19,11.8512,11.9537,11.7863,11.7863,11.4394,4435200
2020-05-20,11.9325,12.0225,11.9325,11.9963,11.6432,3444000
2020-05-21,11.995,12.035,11.8525,11.8975,11.5473,3959200
2020-05-22,11.8925,11.9675,11.85,11.965,11.6129,2196000
2020-05-26,12.205,12.205,11.9888,12.0075,11.6541,9458400
2020-05-27,12.06,12.11,11.7887,12.11,11.7536,4144000
2020-05-28,12.1038,12.3025,12.0938,12.1225,11.7657,5663200
2020-05-29,12.1412,12.2537,12.05,12.2275,11.8676,3068800
2020-06-01,12.2125,12.32,12.19,12.3062,11.9441,6700800
2020-06-02,12.3363,12.38,12.2325,12.3725,12.0084,17092000
2020-06-03,12.4325,12.5087,12.3925,12.4675,12.1006,17079200
2020-06-04,12.4362,12.4875,12.27,12.3475,11.9841,17016000
2020-06-05,12.5025,12.6562,12.4325,12.62,12.2486,7221600
2020-06-08,12.6475,12.7413,12.5775,12.74,12.3651,6358400
2020-06-09,12.6625,12.8025,12.6388,12.735,12.3602,5304000
2020-06-10,12.8075,12.8962,12.73,12.815,12.4378,3674400
2020-06-11,12.5125,12.5875,12.1075,12.1175,11.7609,8970400
2020-06-12,12.43,12.4663,12.0212,12.2513,11.8907,5713600
2020-06-15,12.005,12.4187,11.9812,12.3763,12.012,4297600
2020-06-16,12.6812,12.69,12.4237,12.6138,12.2425,4966400
2020-06-17,12.67,12.7225,12.5962,12.6263,12.2547,4798400
2020-06-18,12.58,12.6587,12.5662,12.6375,12.2656,3216800
2020-06-19,12.7863,12.79,12.53,12.5925,12.2219,3968000
2020-06-22,12.5913,12.7587,12.5675,12.7587,12.3832,3079200
2020-06-23,12.87,12.9425,12.81,12.8287,12.4512,4960000
2020-06-24,12.7463,12.8088,12.415,12.5,12.1513,5978400
2020-06-25,12.4913,12.6462,12.3787,12.6337,12.2813,4661600
2020-06-26,12.62,12.62,12.3237,12.33,11.986,2863200
2020-06-29,12.3512,12.4888,12.22,12.4888,12.1404,3152800
2020-06-30,12.48,12.7375,12.4688,12.6925,12.3384,3766400
2020-07-01,12.7087,12.9,12.7075,12.8538,12.4952,5187200
2020-07-02,12.9788,13.0375,12.8875,12.9113,12.5511,4059200
2020-07-06,13.0863,13.21,13.08,13.18,12.8123,3668800
2020-07-07,13.1562,13.2825,13.055,13.0675,12.703,3452800
2020-07-08,13.1213,13.235,13.0675,13.2288,12.8597,3949600
2020-07-09,13.3025,13.3175,13.065,13.26,12.8901,3077600
2020-07-10,13.2388,13.3438,13.1263,13.33,12.9581,4909600
2020-07-13,13.4487,13.5725,13.0588,13.08,12.7151,6521600
2020-07-14,13.0262,13.2688,12.8837,13.255,12.8852,6494400
2020-07-15,13.3925,13.4125,13.2087,13.3475,12.9752,3669600
2020-07-16,13.225,13.2937,13.15,13.2563,12.8864,2912800
2020-07-17,13.3112,13.3488,13.1987,13.3138,12.9423,2852800
2020-07-20,13.3212,13.6225,13.2837,13.5875,13.2085,4912000
2020-07-21,13.6775,13.6775,13.47,13.5075,13.1307,3623200
2020-07-22,13.5075,13.6088,13.49,13.5938,13.2145,3171200
2020-07-23,13.5775,13.6412,13.2662,13.3337,12.9618,5121600
2020-07-24,13.1912,13.3162,13.0887,13.2638,12.8937,3205600
2020-07-27,13.3237,13.4362,13.2887,13.42,13.0456,3724800
2020-07-28,13.3837,13.4213,13.275,13.2887,12.918,5406400
2020-07-29,13.3387,13.5013,13.3237,13.465,13.0894,6301600
2020-07-30,13.3375,13.5025,13.2575,13.4775,13.1015,2633600
2020-07-31,13.6538,13.6788,13.4487,13.6737,13.2923,3780800
2020-08-03,13.7725,13.865,13.7688,13.83,13.4442,5275200
2020-08-04,13.7913,13.855,13.7487,13.8488,13.4624,3683200
2020-08-05,13.8925,13.9762,13.8837,13.9613,13.5718,5164000
2020-08-06,13.9613,14.1187,13.9187,14.1112,13.7176,5099200
2020-08-07,14.0625,14.1275,13.905,14.0125,13.6216,3124000
2020-08-10,14.0238,14.0487,13.8287,13.97,13.5803,2935200
2020-08-11,13.9525,14.01,13.755,13.7837,13.3992,3471200
2020-08-12,13.885,14.0737,13.885,14.0387,13.6471,3040000
2020-08-13,14.0538,14.1875,14.0538,14.0975,13.7042,3370400
2020-08-14,14.0887,14.1062,14.0162,14.0712,13.6787,3136800
2020-08-17,14.1325,14.2,14.125,14.1812,13.7856,3559200
2020-08-18,14.2275,14.3038,14.1562,14.275,13.8768,3227200
2020-08-19,14.2975,14.3275,14.1862,14.21,13.8136,3620000
2020-08-20,14.14,14.365,14.1362,14.3387,13.9388,3528800
2020-08-21,14.3488,14.44,14.3287,14.4275,14.025,3295200
2020-08-24,14.5712,14.6,14.4263,14.5212,14.1162,3788000
2020-08-25,14.505,14.61,14.4775,14.61,14.2024,4729600
2020-08-26,14.6675,14.9025,14.6675,14.895,14.4795,3457600
2020-08-27,14.93,14.9925,14.7863,14.885,14.4698,3823200
2020-08-28,14.9575,14.985,14.8962,14.97,14.5524,2781600
2020-08-31,14.98,15.0938,14.9563,15.0138,14.5949,4296800
2020-09-01,15.1,15.2137,15.0325,15.2075,14.7833,4016000
2020-09-02,15.36,15.4187,15.1237,15.39,14.9607,5916800
2020-09-03,15.2175,15.2175,14.5538,14.6925,14.2826,10980000
2020-09-04,14.645,14.765,13.985,14.4675,14.0639,9608000
2020-09-08,14.0588,14.2638,13.9513,13.9625,13.573,7016000
2020-09-09,14.2,14.4362,14.1225,14.32,13.9205,9224000
2020-09-10,14.4425,14.5138,14.0087,14.0575,13.6653,4259200
2020-09-11,14.165,14.2063,13.8475,13.9975,13.607,5855200
2020-09-14,14.1725,14.3212,14.15,14.2163,13.8197,3053600
2020-09-15,14.4,14.45,14.3038,14.3713,13.9703,5736800
2020-09-16,14.4275,14.4412,14.2087,14.21,13.8136,3053600
2020-09-17,13.955,14.1263,13.8888,14.0387,13.6471,4616000
2020-09-18,14.1112,14.1112,13.7087,13.8612,13.4746,3324000
2020-09-21,13.6375,13.8962,13.5125,13.89,13.5025,6361600
2020-09-22,14.005,14.1538,13.8425,14.1287,13.7346,3483200
2020-09-23,14.1025,14.1112,13.655,13.6838,13.3225,3086400
2020-09-24,13.5775,13.8938,13.555,13.7288,13.3663,4432800
2020-09-25,13.745,14.1012,13.6912,14.06,13.6888,2300000
2020-09-28,14.3138,14.3138,14.1875,14.3,13.9225,4582400
2020-09-29,14.2987,14.3612,14.2513,14.2738,13.897,2877600
2020-09-30,14.3,14.5437,14.27,14.3962,14.0162,4799200
2020-10-01,14.5763,14.6213,14.5,14.6,14.2146,4546400
2020-10-02,14.2925,14.5,14.2325,14.2937,13.9164,3232000
2020-10-05,14.3975,14.5938,14.3975,14.5863,14.2012,2447200
2020-10-06,14.5688,14.6388,14.285,14.3325,13.9542,4611200
2020-10-07,14.4775,14.625,14.4712,14.6012,14.2158,7636000
2020-10-08,14.7125,14.7125,14.615,14.6775,14.2901,2346400
2020-10-09,14.765,14.9163,14.7362,14.9163,14.5225,2658400
2020-10-12,15.0913,15.4025,15.0625,15.2825,14.8791,3136800
2020-10-13,15.3337,15.385,15.2125,15.26,14.8572,4193600
2020-10-14,15.2987,15.3488,15.045,15.1362,14.7367,3936000
2020-10-15,14.8988,15.085,14.8475,15.0475,14.6503,3268800
2020-10-16,15.1375,15.2325,14.9788,14.9937,14.598,2255200
2020-10-19,15.08,15.1375,14.7075,14.7537,14.3643,2433600
2020-10-20,14.8062,14.9625,14.7325,14.8038,14.413,4305600
2020-10-21,14.825,14.96,14.7725,14.79,14.3996,2122400
2020-10-22,14.81,14.86,14.6062,14.7863,14.3959,3744000
2020-10-23,14.82,14.8638,14.7175,14.8625,14.4702,2614400
2020-10-26,14.72,14.8625,14.425,14.6112,14.2256,3047200
2020-10-27,14.6637,14.7688,14.6125,14.7175,14.329,3358400
2020-10-28,14.465,14.465,14.1263,14.1388,13.7655,4331200
2020-10-29,14.2238,14.475,14.1862,14.3188,13.9408,4172000
2020-10-30,14.2125,14.2712,13.845,13.9875,13.6183,5347200
2020-11-02,14.11,14.2188,13.885,14.035,13.6645,4051200
2020-11-03,14.15,14.3875,14.1,14.2963,13.9189,4412000
2020-11-04,14.7325,15.0763,14.695,14.9725,14.5773,6117600
2020-11-05,15.3275,15.3938,15.235,15.3387,14.9338,8128800
2020-11-06,15.34,15.4038,15.1187,15.3675,14.9618,3924800
2020-11-09,15.7825,15.7825,15.0375,15.055,14.6576,5669600
2020-11-10,14.8962,14.98,14.6138,14.7887,14.3984,4444800
2020-11-11,14.9338,15.115,14.9137,15.09,14.6917,2666400
2020-11-12,15.0825,15.1775,14.9462,15.0037,14.6077,3062400
2020-11-13,15.0887,15.135,14.955,15.1075,14.7087,2646400
2020-11-16,15.1325,15.21,15.0475,15.18,14.7793,2562400
2020-11-17,15.175,15.2063,15.1062,15.1412,14.7416,2215200
2020-11-18,15.1462,15.1763,15.0037,15.0037,14.6077,2402400
2020-11-19,14.985,15.1425,14.9563,15.1138,14.7148,2956000
2020-11-20,15.1187,15.145,15.0037,15.005,14.6089,1797600
2020-11-23,15.0638,15.1313,14.9025,14.9975,14.6016,3589600
2020-11-24,15.065,15.1875,14.9712,15.1587,14.7586,4124000
2020-11-25,15.195,15.2837,15.1675,15.25,14.8474,2237600
2020-11-27,15.3475,15.4213,15.32,15.3825,14.9764,1018400
2020-11-30,15.4038,15.4175,15.1512,15.3938,14.9874,2266400
2020-12-01,15.535,15.6425,15.4625,15.5688,15.1578,3138400
2020-12-02,15.4862,15.5538,15.355,15.5437,15.1334,3718400
2020-12-03,15.5638,15.6475,15.4975,15.53,15.12,3248800
2020-12-04,15.545,15.6012,15.5125,15.6,15.1882,3036800
2020-12-07,15.6012,15.7,15.6,15.6775,15.2637,3984000
2020-12-08,15.6425,15.74,15.565,15.7087,15.2941,4285600
2020-12-09,15.7188,15.7188,15.3313,15.395,14.9886,3176000
2020-12-10,15.2863,15.4913,15.225,15.4438,15.0567,2874400
2020-12-11,15.375,15.425,15.2475,15.425,15.0385,3587200
2020-12-14,15.5,15.6275,15.4775,15.4775,15.0896,4171200
2020-12-15,15.61,15.6613,15.5025,15.6613,15.2688,2341600
2020-12-16,15.6637,15.7875,15.62,15.7537,15.359,3318400
2020-12-17,15.8425,15.8962,15.825,15.8837,15.4857,2696000
2020-12-18,15.93,15.9338,15.7437,15.8737,15.476,3510400
2020-12-21,15.72,15.8862,15.585,15.8763,15.4784,3081600
2020-12-22,15.9175,15.995,15.8237,15.9625,15.5625,2142400
2020-12-23,15.9675,15.9875,15.8687,15.8687,15.4711,2442400
2020-12-24,15.8875,15.9712,15.8862,15.935,15.5357,1077600
2020-12-28,16.0713,16.1275,15.945,16.095,15.6917,2369600
2020-12-29,16.175,16.205,16.0187,16.05,15.6478,2624800
2020-12-30,16.1213,16.135,16.025,16.0413,15.6393,2305600
2020-12-31,16.0263,16.0763,15.96,16.0513,15.649,2702400
2021-01-04,16.1375,16.1388,15.61,15.84,15.4431,7172000
2021-01-05,15.7775,15.9563,15.7775,15.94,15.5405,4310400
2021-01-06,15.75,15.9525,15.64,15.7575,15.3626,3961600
2021-01-07,15.8763,16.185,15.8763,16.1462,15.7416,4298400
2021-01-08,16.25,16.315,16.1075,16.3037,15.8952,4169600
2021-01-11,16.1362,16.1987,16.0362,16.0625,15.66,4702400
2021-01-12,16.0637,16.12,15.9012,16.04,15.638,4600800
2021-01-13,16.0525,16.1675,16.0163,16.1112,15.7075,3336000
2021-01-14,16.13,16.1688,15.9025,15.9237,15.5247,2926400
2021-01-15,15.9312,15.9913,15.7837,15.8175,15.4211,3964000
2021-01-19,15.9462,16.0312,15.8575,16.0012,15.6003,8588800
2021-01-20,16.1875,16.4587,16.1787,16.4025,15.9915,4724800
2021-01-21,16.475,16.56,16.4338,16.5175,16.1036,3180000
2021-01-22,16.4862,16.5763,16.4688,16.5287,16.1145,2772800
2021-01-25,16.675,16.7488,16.275,16.6338,16.2169,3893600
2021-01-26,16.6637,16.7,16.585,16.6025,16.1864,4632000
2021-01-27,16.4775,16.4775,16.03,16.16,15.755,3709600
2021-01-28,16.2,16.5088,16.2,16.2862,15.8781,3025600
2021-01-29,16.1787,16.225,15.83,15.9362,15.5369,3989600
2021-02-01,16.1375,16.3762,16.0163,16.3425,15.933,4289600
2021-02-02,16.5012,16.6812,16.5012,16.6187,16.2023,5610400
2021-02-03,16.7337,16.7563,16.5825,16.61,16.1938,3776000
2021-02-04,16.7038,16.8037,16.6437,16.8037,16.3827,3600000
2021-02-05,16.87,16.9013,16.7787,16.8738,16.4509,4412800
2021-02-08,16.9513,16.9725,16.855,16.95,16.5252,3025600
2021-02-09,16.8962,17.01,16.8962,16.9438,16.5191,3680800
2021-02-10,17.0525,17.0625,16.7862,16.9275,16.5033,3227200
2021-02-11,17.0075,17.0362,16.8875,17.0,16.574,3672800
2021-02-12,16.9688,17.0863,16.9163,17.0863,16.6581,2941600
2021-02-16,17.1313,17.15,16.9613,17.02,16.5935,3024000
2021-02-17,16.875,16.9662,16.7712,16.955,16.5301,2596000
2021-02-18,16.8013,16.92,16.6925,16.8762,16.4533,2485600
2021-02-19,16.9363,16.9363,16.7675,16.79,16.3692,3362400
2021-02-22,16.5987,16.6187,16.3925,16.4013,15.9902,3416000
2021-02-23,16.1325,16.4338,15.825,16.355,15.9451,6055200
2021-02-24,16.2838,16.4888,16.1075,16.4675,16.0548,3821600
2021-02-25,16.3738,16.465,15.8475,15.925,15.5259,3804000
2021-02-26,16.0688,16.22,15.84,16.0012,15.6003,4279200
2021-03-01,16.2525,16.4638,16.1863,16.4513,16.039,3216800
2021-03-02,16.4875,16.4912,16.2138,16.2225,15.816,5096000
2021-03-03,16.1875,16.2162,15.7688,15.7712,15.376,3906400
2021-03-04,15.75,15.9038,15.3075,15.5112,15.1225,5184800
2021-03-05,15.6488,15.7587,15.15,15.7163,15.3224,5520000
2021-03-08,15.7113,15.8387,15.3413,15.3512,14.9666,5225600
2021-03-09,15.7037,15.9925,15.7025,15.9,15.5016,4128000
2021-03-10,16.0863,16.1112,15.855,15.88,15.4821,4642400
2021-03-11,16.11,16.32,16.0987,16.2525,15.8452,3380800
2021-03-12,16.0713,16.16,15.9475,16.1513,15.7465,3619200
2021-03-15,16.1763,16.3137,16.0987,16.31,15.9013,3960000
2021-03-16,16.3962,16.5175,16.2575,16.34,15.9305,2713600
2021-03-17,16.2013,16.4638,16.1187,16.375,15.9647,3148000
2021-03-18,16.1537,16.1887,15.9,15.925,15.5259,2855200
2021-03-19,15.955,16.0462,15.8325,15.9812,15.5808,3184000
2021-03-22,16.055,16.3,16.055,16.2138,15.8074,2631200
2021-03-23,16.2388,16.3487,16.1175,16.145,15.7404,4004000
2021-03-24,16.1925,16.1925,15.8938,15.895,15.5128,3203200
2021-03-25,15.7825,15.9125,15.6788,15.8612,15.4798,3495200
2021-03-26,15.8713,16.0938,15.795,16.0775,15.6909,2656000
2021-03-29,16.0537,16.1187,15.925,16.0637,15.6775,3047200
2021-03-30,15.9862,16.0238,15.8737,15.99,15.6055,2268800
2021-03-31,16.0675,16.3175,16.0675,16.2225,15.8324,2532800
2021-04-01,16.4112,16.51,16.4013,16.51,16.113,4304000
2021-04-05,16.6187,16.8325,16.6187,16.8075,16.4033,4988800
2021-04-06,16.7962,16.9075,16.7675,16.825,16.4204,3752000
2021-04-07,16.8113,16.9212,16.785,16.8813,16.4753,3658400
2021-04-08,17.015,17.0975,17.015,17.095,16.6839,2631200
2021-04-09,17.055,17.2537,17.0125,17.2475,16.8327,3111200
2021-04-12,17.21,17.2862,17.1388,17.2675,16.8523,4577600
2021-04-13,17.3237,17.5,17.3237,17.4625,17.0426,3455200
2021-04-14,17.4862,17.4975,17.2437,17.2725,16.8571,3912000
2021-04-15,17.4338,17.59,17.4338,17.5688,17.1463,3804800
2021-04-16,17.6087,17.6087,17.475,17.5675,17.1451,2147200
2021-04-19,17.5,17.5675,17.3475,17.4338,17.0145,2643200
2021-04-20,17.4088,17.4825,17.2075,17.3162,16.8998,2877600
2021-04-21,17.26,17.44,17.2075,17.4363,17.017,2563200
2021-04-22,17.4275,17.5263,17.2288,17.2913,16.8754,2596800
2021-04-23,17.34,17.6063,17.34,17.5425,17.1207,2091200
2021-04-26,17.5938,17.6725,17.5212,17.6462,17.2219,2243200
2021-04-27,17.6712,17.6712,17.5413,17.5888,17.1658,2619200
2021-04-28,17.6063,17.6663,17.535,17.5775,17.1548,2785600
2021-04-29,17.75,17.75,17.425,17.5875,17.1646,3994400
2021-04-30,17.4713,17.5788,17.4338,17.4613,17.0414,2768000
2021-05-03,17.5263,17.5537,17.3312,17.3612,16.9438,3013600
2021-05-04,17.2225,17.235,16.8512,17.0938,16.6827,4659200
2021-05-05,17.1763,17.2087,16.9338,16.9737,16.5656,2903200
2021-05-06,16.9587,17.0513,16.8162,17.045,16.6351,2289600
2021-05-07,17.195,17.2987,17.1425,17.1863,16.773,2072800
2021-05-10,17.1362,17.1362,16.7987,16.805,16.4009,2765600
2021-05-11,16.5012,16.7975,16.4487,16.7687,16.3655,2951200
2021-05-12,16.5387,16.6287,16.2875,16.3237,15.9312,5876000
2021-05-13,16.4487,16.5925,16.3237,16.4513,16.0556,2397600
2021-05-14,16.6287,16.8325,16.6087,16.7925,16.3887,1799200
2021-05-17,16.72,16.75,16.57,16.7075,16.3057,1664800
2021-05-18,16.7575,16.8188,16.6063,16.6175,16.2179,1810400
2021-05-19,16.3512,16.6225,16.3275,16.615,16.2155,2713600
2021-05-20,16.6963,16.9575,16.6875,16.9125,16.5058,2470400
2021-05-21,17.0063,17.0163,16.8225,16.8275,16.4228,3775200
2021-05-24,16.9625,17.1625,16.9463,17.1112,16.6998,2656000
2021-05-25,17.1938,17.23,17.1063,17.1425,16.7303,3093600
2021-05-26,17.185,17.2225,17.1488,17.1875,16.7742,1996000
2021-05-27,17.1838,17.2213,17.1213,17.1513,16.7388,2199200
2021-05-28,17.2188,17.2763,17.1712,17.1775,16.7644,2116800
2021-06-01,17.265,17.265,17.0562,17.1087,16.6973,5147200
2021-06-02,17.135,17.1775,17.0525,17.1388,16.7266,3162400
2021-06-03,16.99,17.0413,16.875,16.9475,16.54,3881600
2021-06-04,17.0375,17.2087,17.0375,17.1963,16.7827,2857600
2021-06-07,17.18,17.2375,17.15,17.2337,16.8193,1968800
2021-06-08,17.3225,17.375,17.1925,17.2712,16.8559,2400000
2021-06-09,17.345,17.3787,17.2675,17.2775,16.862,2069600
2021-06-10,17.2987,17.455,17.29,17.455,17.0353,1770400
2021-06-11,17.4638,17.5138,17.4363,17.5138,17.0926,1861600
2021-06-14,17.54,17.68,17.5,17.68,17.2548,2139200
2021-06-15,17.6787,17.6787,17.5588,17.5875,17.1646,1820000
2021-06-16,17.6125,17.6688,17.3612,17.5275,17.106,8354400
2021-06-17,17.4775,17.825,17.4775,17.7838,17.3561,7851200
2021-06-18,17.7025,17.7875,17.6562,17.6887,17.2634,7593600
2021-06-21,17.715,17.8475,17.5825,17.8375,17.4086,5467200
2021-06-22,17.8538,18.0487,17.8337,18.0238,17.5903,2915200
2021-06-23,18.0088,18.075,17.9862,18.0287,17.6128,2734400
2021-06-24,18.135,18.1875,18.075,18.1063,17.6885,4232800
2021-06-25,18.1362,18.1462,18.0425,18.0963,17.6787,2435200
2021-06-28,18.1513,18.2712,18.1462,18.26,17.8387,2821600
2021-06-29,18.27,18.3188,18.225,18.3088,17.8863,1990400
2021-06-30,18.2887,18.3025,18.2362,18.245,17.8241,2876000
2021-07-01,18.2362,18.3125,18.2,18.3113,17.8888,3489600
2021-07-02,18.3962,18.55,18.3913,18.5312,18.1037,3444000
2021-07-06,18.5725,18.6763,18.5,18.6688,18.238,3143200
2021-07-07,18.7887,18.8137,18.615,18.7388,18.3064,2408800
2021-07-08,18.4412,18.6537,18.37,18.5912,18.1623,4105600
2021-07-09,18.5987,18.74,18.5713,18.7313,18.2991,2522400
2021-07-12,18.7962,18.8213,18.6987,18.76,18.3272,2384800
2021-07-13,18.74,18.9037,18.7075,18.7437,18.3113,2434400
2021-07-14,18.8787,18.8925,18.7262,18.7638,18.3308,1946400
2021-07-15,18.7563,18.7563,18.5462,18.6475,18.2173,2368800
2021-07-16,18.7113,18.7388,18.5163,18.5375,18.1098,2634400
2021-07-19,18.3325,18.3575,18.1787,18.3088,17.8863,4697600
2021-07-20,18.3888,18.67,18.2987,18.59,18.1611,4797600
2021-07-21,18.6012,18.7062,18.5737,18.7062,18.2747,4073600
2021-07-22,18.7375,18.865,18.7375,18.8612,18.4261,2357600
2021-07-23,18.9737,19.1625,18.9487,19.1375,18.696,3056000
2021-07-26,19.125,19.17,19.055,19.1575,18.7155,3366400
2021-07-27,19.1562,19.1562,18.7738,18.9662,18.5287,3564800
2021-07-28,19.0125,19.0975,18.8813,19.0063,18.5677,3172800
2021-07-29,18.9788,19.0875,18.97,19.005,18.5665,1675200
2021-07-30,18.7875,18.8975,18.785,18.8538,18.4188,2455200
2021-08-02,18.9287,18.945,18.8088,18.83,18.3956,3559200
2021-08-03,18.8825,18.9387,18.7087,18.9312,18.4945,2850400
2021-08-04,18.9338,19.0088,18.875,18.965,18.5274,2171200
2021-08-05,19.005,19.1012,18.95,19.1012,18.6606,4340800
2021-08-06,19.0625,19.0888,18.9538,19.03,18.591,2707200
2021-08-09,19.045,19.0625,18.9662,19.0112,18.5726,2328000
2021-08-10,19.0513,19.0713,18.8738,18.9013,18.4652,3413600
2021-08-11,18.9688,18.9875,18.8113,18.875,18.4395,2835200
2021-08-12,18.865,19.0,18.8213,18.9912,18.5531,1413600
2021-08-13,19.0125,19.0575,18.9875,19.0438,18.6044,1479200
2021-08-16,18.99,19.08,18.7875,19.0775,18.6374,2239200
2021-08-17,18.9438,18.9837,18.805,18.9125,18.4762,2478400
2021-08-18,18.8875,18.9638,18.7162,18.725,18.293,2085600
2021-08-19,18.6112,18.9125,18.5775,18.8263,18.3919,3682400
2021-08-20,18.9,19.0637,18.88,19.0537,18.6141,2132800
2021-08-23,19.1087,19.3188,19.1087,19.275,18.8303,2034400
2021-08-24,19.32,19.3825,19.2938,19.3363,18.8901,1597600
2021-08-25,19.3563,19.3775,19.2975,19.3388,18.8926,2636800
2021-08-26,19.3188,19.3587,19.2237,19.235,18.7912,1800000
2021-08-27,19.2738,19.4487,19.25,19.4325,18.9842,2431200
2021-08-30,19.475,19.6787,19.475,19.6525,19.1991,1655200
2021-08-31,19.6362,19.6475,19.5625,19.585,19.1331,2068800
2021-09-01,19.65,19.7475,19.6437,19.6513,19.1979,2846400
2021-09-02,19.7225,19.7588,19.59,19.6462,19.193,3778400
2021-09-03,19.615,19.7337,19.5788,19.7162,19.2614,3497600
2021-09-07,19.7262,19.7663,19.6525,19.7362,19.2809,2741600
2021-09-08,19.7288,19.74,19.5713,19.6688,19.215,2664800
2021-09-09,19.6863,19.7625,19.5888,19.5987,19.1466,2087200
2021-09-10,19.6963,19.7188,19.39,19.4,18.9524,2226400
2021-09-13,19.5263,19.5387,19.2725,19.3762,18.9292,2605600
2021-09-14,19.4575,19.4825,19.3013,19.3438,18.8975,2215200
2021-09-15,19.3937,19.5238,19.2625,19.4937,19.044,1838400
2021-09-16,19.4375,19.5375,19.34,19.5163,19.066,2976800
2021-09-17,19.4888,19.5012,19.2938,19.325,18.8791,1707200
2021-09-20,19.015,19.12,18.7038,18.9513,18.514,6730400
2021-09-21,19.0688,19.1388,18.94,19.0075,18.569,3356000
2021-09-22,19.0475,19.2375,18.9813,19.1775,18.7531,2383200
2021-09-23,19.2588,19.41,19.2237,19.3563,18.9278,2079200
2021-09-24,19.25,19.4275,19.25,19.4062,18.9767,2440800
2021-09-27,19.265,19.2712,19.1138,19.2125,18.7873,2490400
2021-09-28,18.9688,18.9912,18.61,18.6362,18.2238,4340800
2021-09-29,18.7188,18.8125,18.5875,18.6087,18.1969,3116800
2021-09-30,18.695,18.7687,18.5012,18.5112,18.1015,2568000
2021-10-01,18.5713,18.7563,18.3813,18.7188,18.3045,7064000
2021-10-04,18.6388,18.6388,18.1313,18.2787,17.8742,4708800
2021-10-05,18.3425,18.635,18.3263,18.5212,18.1113,4160000
2021-10-06,18.3438,18.685,18.305,18.67,18.2568,2218400
2021-10-07,18.835,18.9988,18.8288,18.865,18.4475,2094400
2021-10-08,18.95,18.95,18.765,18.79,18.3741,1500000
2021-10-11,18.7425,18.8975,18.6562,18.6588,18.2458,1708000
2021-10-12,18.7412,18.7537,18.6063,18.6462,18.2336,3603200
2021-10-13,18.7425,18.8013,18.6413,18.7862,18.3705,3144000
2021-10-14,18.9888,19.1413,18.9725,19.1275,18.7042,2171200
2021-10-15,19.22,19.2862,19.1625,19.2787,18.8521,3568000
2021-10-18,19.2288,19.4912,19.2013,19.4862,19.055,3025600
2021-10-19,19.555,19.6437,19.5175,19.6162,19.1821,2418400
2021-10-20,19.6688,19.6838,19.5212,19.6,19.1662,2738400
2021-10-21,19.5575,19.7475,19.5375,19.745,19.308,2160800
2021-10-22,19.6612,19.7225,19.5,19.5975,19.1638,2720800
2021-10-25,19.6575,19.7925,19.5487,19.7588,19.3214,1808000
2021-10-26,19.88,19.9875,19.75,19.8088,19.3703,2882400
2021-10-27,19.8638,20.0187,19.8337,19.8337,19.3948,2429600
2021-10-28,19.92,20.0513,19.8713,20.0462,19.6026,3717600
2021-10-29,19.8738,20.1675,19.8738,20.1575,19.7114,4159200
2021-11-01,20.2113,20.2113,20.0475,20.1562,19.7101,2919200
2021-11-02,20.1525,20.2412,20.1238,20.1987,19.7517,3175200
2021-11-03,20.2213,20.3875,20.135,20.37,19.9192,4330400
2021-11-04,20.4263,20.6338,20.4037,20.5938,20.138,3192000
2021-11-05,20.69,20.75,20.54,20.6162,20.16,2248800
2021-11-08,20.6525,20.7125,20.63,20.6675,20.2101,2332800
2021-11-09,20.7237,20.7262,20.47,20.5513,20.0964,2389600
2021-11-10,20.4088,20.53,20.1125,20.23,19.7823,2506400
2021-11-11,20.3838,20.3838,20.2563,20.2575,19.8091,1618400
2021-11-12,20.3288,20.5312,20.2725,20.515,20.0609,1921600
2021-11-15,20.5725,20.6025,20.4037,20.485,20.0316,2509600
2021-11-16,20.4788,20.6887,20.4438,20.6562,20.1991,1904000
2021-11-17,20.6725,20.7162,20.5788,20.6138,20.1575,2087200
2021-11-18,20.7188,20.8088,20.5925,20.7738,20.314,2113600
2021-11-19,20.835,20.9387,20.8125,20.85,20.3885,1812000
2021-11-22,20.9438,21.0275,20.5225,20.5238,20.0695,3732000
2021-11-23,20.4625,20.555,20.1787,20.43,19.9778,3641600
2021-11-24,20.315,20.56,20.1887,20.5575,20.1025,1873600
2021-11-26,20.35,20.465,20.0688,20.1175,19.6722,1632800
2021-11-29,20.3475,20.5775,20.31,20.5075,20.0536,3080800
2021-11-30,20.4525,20.5938,20.115,20.22,19.7725,3632000
2021-12-01,20.4438,20.4963,19.79,19.795,19.3569,3106400
2021-12-02,19.7425,20.0625,19.6875,20.005,19.5622,4325600
2021-12-03,20.0588,20.0912,19.3862,19.6112,19.1772,4042400
2021-12-06,19.6437,19.875,19.4275,19.8125,19.374,4089600
2021-12-07,20.1863,20.455,20.1863,20.43,19.9778,5509600
2021-12-08,20.4487,20.5825,20.3288,20.57,20.143,3362400
2021-12-09,20.5325,20.6162,20.295,20.3,19.8786,2302400
2021-12-10,20.4625,20.5413,20.295,20.5075,20.0818,2388000
2021-12-13,20.4775,20.52,20.2275,20.2437,19.8235,2204000
2021-12-14,19.9925,20.1087,19.7375,19.9587,19.5444,3212000
2021-12-15,19.9475,20.4287,19.7325,20.4062,19.9826,2695200
2021-12-16,20.4475,20.4813,19.7987,19.9075,19.4942,3803200
2021-12-17,19.7062,20.025,19.625,19.855,19.4428,3448000
2021-12-20,19.5562,19.66,19.4688,19.6287,19.2212,6428000
2021-12-21,19.765,20.1012,19.615,20.0863,19.6692,3017600
2021-12-22,20.0863,20.3662,20.0675,20.3563,19.9336,2251200
2021-12-23,20.385,20.5688,20.355,20.4963,20.0707,2456000
2021-12-27,20.5737,20.8137,20.5737,20.8137,20.3816,2359200
2021-12-28,20.8538,20.875,20.6688,20.7087,20.2788,3509600
2021-12-29,20.71,20.7638,20.5763,20.6812,20.2519,4921600
2021-12-30,20.675,20.7962,20.6112,20.6287,20.2055,1967200
2021-12-31,20.5987,20.655,20.4688,20.4688,20.0488,2441600
2022-01-03,20.5875,20.6612,20.4212,20.655,20.2312,4056800
2022-01-04,20.6712,20.6712,20.1725,20.3312,19.9141,4943200
2022-01-05,20.2412,20.2563,19.6262,19.6313,19.2285,4766400
2022-01-06,19.4963,19.76,19.3687,19.545,19.144,3893600
2022-01-07,19.5462,19.6388,19.2588,19.3412,18.9444,4522400
2022-01-10,19.0637,19.3725,18.7475,19.3612,18.964,6914400
2022-01-11,19.3325,19.6338,19.205,19.6213,19.2187,4696000
2022-01-12,19.7675,19.8713,19.6138,19.7062,19.3019,3419200
2022-01-13,19.7687,19.7775,19.1025,19.1488,18.7559,3183200
2022-01-14,19.0025,19.2563,18.9625,19.2062,18.8122,2862400
2022-01-18,18.9137,19.0238,18.7225,18.7575,18.3726,6969600
2022-01-19,18.8463,19.025,18.5788,18.5987,18.2171,4944800
2022-01-20,18.7512,19.0037,18.3625,18.3875,18.0102,5855200
2022-01-21,18.2875,18.3913,17.8412,17.8538,17.4874,9340000
2022-01-24,17.48,17.9688,16.9,17.9487,17.5805,12481600
2022-01-25,17.6338,17.8337,17.3312,17.5175,17.1581,6881600
2022-01-26,17.9888,18.1338,17.3213,17.5325,17.1728,5634400
2022-01-27,17.7763,17.8962,17.3563,17.3988,17.0418,5977600
2022-01-28,17.5525,18.0675,17.3037,18.0625,17.6919,7180000
2022-01-31,18.1313,18.6588,18.0625,18.6388,18.2563,4524800
2022-02-01,18.715,18.8088,18.4525,18.7925,18.4069,5180000
2022-02-02,19.0263,19.0312,18.7175,18.895,18.5073,5951200
2022-02-03,18.4263,18.5863,18.1262,18.185,17.8119,4184800
2022-02-04,18.2463,18.6675,18.1362,18.4825,18.1033,3568000
2022-02-07,18.52,18.6562,18.2687,18.3312,17.9551,3272000
2022-02-08,18.2738,18.5725,18.1912,18.5275,18.1474,3524800
2022-02-09,18.7638,18.9088,18.7113,18.9013,18.5134,3790400
2022-02-10,18.5775,18.9025,18.4075,18.4975,18.118,4280000
2022-02-11,18.4988,18.5975,17.8787,17.96,17.5915,5473600
2022-02-14,17.9175,18.1437,17.79,17.98,17.6111,4267200
2022-02-15,18.2512,18.3825,18.1562,18.3738,17.9968,2594400
2022-02-16,18.265,18.4237,18.085,18.3638,17.987,4928800
2022-02-17,18.2113,18.2275,17.7763,17.805,17.4397,4173600
2022-02-18,17.8662,17.88,17.475,17.58,17.2193,4658400
2022-02-22,17.4075,17.6725,17.185,17.3625,17.0063,5901600
2022-02-23,17.5225,17.57,16.9075,16.9263,16.579,5977600
2022-02-24,16.3538,17.56,16.2938,17.5338,17.174,12004800
2022-02-25,17.5675,17.8275,17.37,17.825,17.4593,4656800
2022-02-28,17.655,17.9625,17.605,17.885,17.518,3514400
2022-03-01,17.845,17.9487,17.4975,17.6225,17.2609,5049600
2022-03-02,17.71,17.96,17.5387,17.895,17.5278,4129600
2022-03-03,17.995,17.995,17.5163,17.6075,17.2462,4500000
2022-03-04,17.4975,17.56,17.1712,17.3325,16.9769,3585600
2022-03-07,17.3325,17.3925,16.6437,16.6513,16.3096,5387200
2022-03-08,16.575,17.0513,16.3775,16.5613,16.2214,5968000
2022-03-09,16.9862,17.2887,16.8838,17.2213,16.8679,5900000
2022-03-10,17.0212,17.1313,16.8275,17.085,16.7345,3732800
2022-03-11,17.23,17.2375,16.69,16.705,16.3622,5044000
2022-03-14,16.6575,16.845,16.37,16.4075,16.0709,5336400
2022-03-15,16.53,16.97,16.47,16.935,16.5875,4680000
2022-03-16,17.12,17.5225,16.925,17.515,17.1556,5060400
2022-03-17,17.42,17.785,17.3725,17.78,17.4152,2885600
2022-03-18,17.71,18.1925,17.6875,18.17,17.7972,4416800
2022-03-21,18.13,18.25,17.9075,18.1275,17.7556,3436800
2022-03-22,18.165,18.53,18.145,18.48,18.1008,4178400
2022-03-23,18.305,18.49,18.2125,18.215,17.8567,3434000
2022-03-24,18.32,18.5775,18.1775,18.5775,18.2121,2720000
2022-03-25,18.625,18.6325,18.3325,18.545,18.1802,2975600
2022-03-28,18.55,18.8425,18.5,18.8375,18.467,3358800
2022-03-29,19.035,19.225,18.9225,19.1825,18.8052,3275600
2022-03-30,19.0925,19.1625,18.9,18.9825,18.6091,2853600
2022-03-31,19.005,19.01,18.695,18.705,18.3371,3474400
2022-04-01,18.7225,18.8125,18.605,18.7675,18.3984,3308800
2022-04-04,18.8125,19.145,18.8125,19.1375,18.7611,2793600
2022-04-05,19.0725,19.1075,18.715,18.7675,18.3984,4027600
2022-04-06,18.4875,18.53,18.1825,18.3275,17.967,3418400
2022-04-07,18.2825,18.505,18.115,18.3975,18.0356,2307600
2022-04-08,18.32,18.36,18.1325,18.165,17.8077,2957600
2022-04-11,17.95,17.9575,17.695,17.7075,17.3592,3013200
2022-04-12,17.9525,18.0575,17.5375,17.6175,17.271,2741600
2022-04-13,17.62,18.0,17.575,17.9625,17.6092,2962400
2022-04-14,17.955,17.9925,17.545,17.55,17.2048,5584800
2022-04-18,17.4975,17.67,17.39,17.55,17.2048,2870000
2022-04-19,17.53,17.9625,17.4825,17.925,17.5724,2793600
2022-04-20,17.985,18.0025,17.65,17.7,17.3519,2930800
2022-04-21,17.9275,18.0475,17.27,17.32,16.9793,3062400
2022-04-22,17.32,17.375,16.8025,16.82,16.4892,5851200
2022-04-25,16.7275,17.0325,16.635,17.02,16.6852,6374000
2022-04-26,16.9025,16.9225,16.3325,16.3425,16.0211,4527200
2022-04-27,16.4125,16.685,16.3025,16.395,16.0725,4642000
2022-04-28,16.675,17.075,16.46,16.9775,16.6436,3674000
2022-04-29,16.745,16.9225,16.2,16.2275,15.9083,3868400
2022-05-02,16.1625,16.4475,15.9825,16.44,16.1166,8672800
2022-05-03,16.4225,16.5325,16.3025,16.435,16.1117,6608400
2022-05-04,16.4475,16.995,16.1475,16.97,16.6362,5904800
2022-05-05,16.7525,16.755,15.9175,16.1025,15.7858,4895200
2022-05-06,15.9875,16.1775,15.66,15.9075,15.5946,9094800
2022-05-09,15.5925,15.68,15.095,15.1675,14.8692,8082800
2022-05-10,15.515,15.6,15.0925,15.3425,15.0407,8124800
2022-05-11,15.22,15.5,14.84,14.8775,14.5849,7515600
2022-05-12,14.6475,15.0725,14.5,14.8175,14.5261,9073600
2022-05-13,15.0625,15.4575,14.99,15.38,15.0775,6510800
2022-05-16,15.2725,15.3825,15.1125,15.185,14.8863,4032400
2022-05-17,15.5,15.565,15.255,15.55,15.2441,5227200
2022-05-18,15.315,15.3525,14.755,14.8125,14.5212,6909600
2022-05-19,14.7225,15.0325,14.675,14.8075,14.5163,7799200
2022-05-20,15.0,15.06,14.375,14.7975,14.5064,8024400
2022-05-23,14.8725,15.09,14.7375,15.0775,14.7809,6493200
2022-05-24,14.7925,14.8275,14.46,14.725,14.4354,5073200
2022-05-25,14.63,15.0275,14.6275,14.9175,14.6241,3417200
2022-05-26,14.8975,15.375,14.875,15.3,14.9991,4516400
2022-05-27,15.4625,15.8475,15.45,15.845,15.5333,6518400
2022-05-31,15.8325,15.9225,15.605,15.76,15.45,4376400
2022-06-01,15.8725,16.0275,15.555,15.655,15.3471,5077600
2022-06-02,15.595,16.1375,15.5225,16.13,15.8127,3711200
2022-06-03,15.8475,15.9275,15.6425,15.71,15.401,3214000
2022-06-06,15.94,16.0375,15.715,15.7925,15.4819,3770000
2022-06-07,15.6225,15.98,15.5725,15.9525,15.6387,4126800
2022-06-08,15.895,16.04,15.8025,15.84,15.5284,3090000
2022-06-09,15.7525,15.8875,15.415,15.415,15.1118,5852800
2022-06-10,15.125,15.1525,14.8175,14.8325,14.5408,5454000
2022-06-13,14.3725,14.465,14.075,14.125,13.8472,6645200
2022-06-14,14.2075,14.27,14.0075,14.1375,13.8594,7900400
2022-06-15,14.305,14.7,14.17,14.4975,14.2123,6828400
2022-06-16,14.1275,14.1375,13.8075,13.9325,13.6585,6270000
2022-06-17,13.9275,14.2275,13.88,14.095,13.8178,8772400
2022-06-21,14.32,14.6025,14.32,14.4825,14.1976,6821200
2022-06-22,14.3175,14.6975,14.28,14.4725,14.2067,5335600
2022-06-23,14.6075,14.805,14.485,14.7725,14.5012,8054800
2022-06-24,14.9025,15.29,14.9025,15.2825,15.0018,5409600
2022-06-27,15.325,15.3675,15.0875,15.1475,14.8693,4881200
2022-06-28,15.185,15.3,14.66,14.665,14.3957,6746400
2022-06-29,14.67,14.7975,14.5425,14.7175,14.4472,3907200
2022-06-30,14.5375,14.68,14.2625,14.4975,14.2313,5480400
2022-07-01,14.46,14.665,14.365,14.66,14.3908,4759200
2022-07-05,14.46,14.9125,14.36,14.9075,14.6337,5308400
2022-07-06,14.9075,15.115,14.835,15.0025,14.727,4304000
2022-07-07,15.0475,15.335,15.04,15.305,15.0239,3267600
2022-07-08,15.155,15.4,15.11,15.3175,15.0362,4014400
2022-07-11,15.1875,15.19,14.955,15.0175,14.7417,6866800
2022-07-12,15.0525,15.165,14.715,14.7975,14.5258,4354000
2022-07-13,14.52,14.8575,14.4575,14.7325,14.4619,4104800
2022-07-14,14.5925,14.79,14.405,14.75,14.4791,3365600
2022-07-15,14.925,15.0525,14.8525,15.0475,14.7712,3226800
2022-07-18,15.1925,15.2825,14.855,14.91,14.6362,4020000
2022-07-19,15.1025,15.385,14.995,15.3725,15.0902,4058800
2022-07-20,15.39,15.6725,15.3625,15.6025,15.316,7592000
2022-07-21,15.6225,15.865,15.5025,15.865,15.5737,7146000
2022-07-22,15.8125,15.905,15.4625,15.55,15.2644,5822000
2022-07-25,15.5675,15.5825,15.365,15.4725,15.1884,3469200
2022-07-26,15.365,15.3825,15.1175,15.1525,14.8742,4873200
2022-07-27,15.415,15.875,15.385,15.79,15.5,4332400
2022-07-28,15.8025,16.0625,15.645,16.0325,15.7381,3849600
2022-07-29,16.1475,16.42,16.105,16.3725,16.0718,6691200
2022-08-01,16.2625,16.5125,16.2075,16.325,16.0252,4971200
2022-08-02,16.2,16.4975,16.16,16.2925,15.9933,4526800
2022-08-03,16.4025,16.7425,16.4025,16.6925,16.386,7393600
2022-08-04,16.7,16.795,16.6,16.7825,16.4743,3104000
2022-08-05,16.515,16.785,16.5,16.7075,16.4007,2678400
2022-08-08,16.7575,16.9525,16.5875,16.6525,16.3467,5079600
2022-08-09,16.565,16.59,16.4325,16.4925,16.1896,8476000
2022-08-10,16.915,16.99,16.79,16.985,16.6731,4819600
2022-08-11,17.125,17.1775,16.82,16.8575,16.5479,7069600
2022-08-12,16.9825,17.195,16.9075,17.19,16.8743,7158800
2022-08-15,17.125,17.34,17.1225,17.3125,16.9946,4465200
2022-08-16,17.2575,17.3675,17.0975,17.275,16.9578,5808800
2022-08-17,17.1075,17.2425,17.0,17.1,16.786,3707600
2022-08-18,17.0875,17.1675,16.9875,17.1175,16.8032,8662400
2022-08-19,16.9625,16.9875,16.74,16.7825,16.4743,2673600
2022-08-22,16.54,16.545,16.31,16.36,16.0596,2526000
2022-08-23,16.325,16.46,16.275,16.305,16.0056,3455200
2022-08-24,16.2925,16.4575,16.2675,16.365,16.0645,3964000
2022-08-25,16.4525,16.65,16.3925,16.65,16.3442,2695600
2022-08-26,16.6275,16.6625,15.965,15.9675,15.6743,5436000
2022-08-29,15.8175,15.9375,15.745,15.8,15.5098,2850400
2022-08-30,15.905,15.9275,15.5075,15.6425,15.3552,4369200
2022-08-31,15.78,15.8425,15.5275,15.5275,15.2423,4662000
2022-09-01,15.3925,15.5325,15.1875,15.515,15.2301,4181200
2022-09-02,15.6875,15.74,15.2375,15.315,15.0338,4566400
2022-09-06,15.35,15.395,15.1325,15.25,14.9699,7988800
2022-09-07,15.2575,15.605,15.25,15.5625,15.2767,3568400
2022-09-08,15.4475,15.7175,15.3925,15.6725,15.3847,6704000
2022-09-09,15.7925,16.03,15.7825,15.9975,15.7037,3620000
2022-09-12,16.075,16.22,16.075,16.215,15.9172,3751600
2022-09-13,15.755,15.795,15.3225,15.365,15.0828,4454000
2022-09-14,15.435,15.5075,15.3025,15.4575,15.1736,4608400
2022-09-15,15.35,15.525,15.15,15.225,14.9454,3530400
2022-09-16,15.0325,15.105,14.895,15.08,14.8031,6041200
2022-09-19,14.925,15.195,14.925,15.1825,14.9037,4860800
2022-09-20,15.0525,15.1675,14.9375,15.0525,14.7761,4448000
2022-09-21,15.0975,15.2675,14.74,14.7475,14.4957,5075600
2022-09-22,14.695,14.73,14.515,14.575,14.3261,8440400
2022-09-23,14.44,14.44,14.1475,14.34,14.0951,6394000
2022-09-26,14.2675,14.5175,14.21,14.2425,13.9993,4408800
2022-09-27,14.425,14.55,14.1475,14.265,14.0214,6984800
2022-09-28,14.2575,14.6125,14.18,14.5425,14.2942,7680800
2022-09-29,14.3425,14.36,14.02,14.18,13.9379,8253600
2022-09-30,14.1225,14.3625,13.9475,13.9525,13.7143,6063200
2022-10-03,14.0475,14.365,13.965,14.2825,14.0386,6398400
2022-10-04,14.5625,14.7675,14.5625,14.7475,14.4957,6216800
2022-10-05,14.5475,14.83,14.43,14.7425,14.4908,4304000
2022-10-06,14.685,14.8525,14.6175,14.64,14.39,8310400
2022-10-07,14.41,14.41,14.0225,14.1,13.8592,6900000
2022-10-10,14.1075,14.125,13.81,13.93,13.6922,6723200
2022-10-11,13.8525,13.9975,13.66,13.7475,13.5128,12321200
2022-10-12,13.7675,13.8525,13.685,13.7325,13.498,5622800
2022-10-13,13.375,14.1075,13.295,14.0375,13.7978,8823200
2022-10-14,14.1725,14.2075,13.61,13.64,13.4071,6871600
2022-10-17,13.9275,14.14,13.9275,14.0975,13.8568,4057600
2022-10-18,14.47,14.5075,14.11,14.2575,14.0141,6149600
2022-10-19,14.15,14.2925,14.0225,14.1625,13.9207,6523200
2022-10-20,14.11,14.37,14.0175,14.0725,13.8322,8595200
2022-10-21,14.0025,14.4125,13.96,14.3875,14.1418,5380800
2022-10-24,14.44,14.6025,14.2475,14.5525,14.304,7828800
2022-10-25,14.5975,14.8875,14.5975,14.8725,14.6186,4381200
2022-10-26,14.5375,14.88,14.515,14.5775,14.3286,4399200
2022-10-27,14.5475,14.595,14.3275,14.35,14.105,5072800
2022-10-28,14.3025,14.745,14.2975,14.7225,14.4711,4732400
2022-10-31,14.61,14.6625,14.4925,14.5725,14.3237,6750000
2022-11-01,14.7475,14.7675,14.3825,14.41,14.164,4590000
2022-11-02,14.4025,14.53,13.91,13.91,13.6725,6118800
2022-11-03,13.7775,13.8625,13.645,13.67,13.4366,5371200
2022-11-04,13.9225,13.9325,13.51,13.795,13.5595,6441200
2022-11-07,13.8475,13.9775,13.7375,13.945,13.7069,9230800
2022-11-08,14.0175,14.1875,13.8375,14.02,13.7806,7250000
2022-11-09,13.9325,13.9675,13.6575,13.68,13.4464,6096000
2022-11-10,14.315,14.72,14.2375,14.7025,14.4515,8140400
2022-11-11,14.71,14.9725,14.645,14.93,14.6751,5592800
2022-11-14,14.835,14.96,14.7225,14.77,14.5178,4719200
2022-11-15,15.075,15.1375,14.8025,14.95,14.6947,5563600
2022-11-16,14.8625,14.89,14.7375,14.7875,14.535,5369200
2022-11-17,14.555,14.7775,14.53,14.7,14.449,4255200
2022-11-18,14.85,14.85,14.5775,14.7,14.449,3218400
2022-11-21,14.625,14.67,14.485,14.5175,14.2696,4506000
2022-11-22,14.5625,14.745,14.465,14.7325,14.4809,6806000
2022-11-23,14.7375,14.9425,14.7375,14.9025,14.648,4815600
2022-11-25,14.835,14.8925,14.81,14.85,14.5964,1144400
2022-11-28,14.7375,14.83,14.5775,14.615,14.3655,3998400
2022-11-29,14.625,14.635,14.4425,14.5075,14.2598,5114400
2022-11-30,14.4975,15.1625,14.495,15.1575,14.8987,6906800
2022-12-01,15.19,15.2725,15.035,15.19,14.9306,6678800
2022-12-02,14.95,15.19,14.92,15.145,14.8864,4288400
2022-12-05,15.015,15.085,14.775,14.835,14.5817,5713600
2022-12-06,14.835,14.835,14.465,14.5575,14.3089,5902800
2022-12-07,14.4825,14.59,14.3975,14.4725,14.2464,5723600
2022-12-08,14.5675,14.6825,14.4475,14.6325,14.4039,6024800
2022-12-09,14.575,14.7125,14.52,14.525,14.2981,5110800
2022-12-12,14.5475,14.73,14.535,14.73,14.4999,4996800
2022-12-13,15.2675,15.2875,14.7575,14.89,14.6574,10161600
2022-12-14,14.8725,15.0275,14.64,14.8,14.5688,6363600
2022-12-15,14.565,14.595,14.2625,14.325,14.1012,6622400
2022-12-16,14.285,14.3325,14.06,14.1425,13.9216,7134400
2022-12-19,14.1525,14.1675,13.8725,13.94,13.7222,7168800
2022-12-20,13.865,14.03,13.8025,13.9525,13.7346,7049200
2022-12-21,14.01,14.2325,13.97,14.17,13.9487,7832800
2022-12-22,13.995,14.04,13.655,13.88,13.6632,6045200
2022-12-23,13.8225,13.9375,13.725,13.92,13.7026,11503600
2022-12-27,13.875,13.8825,13.7175,13.7525,13.5377,5218400
2022-12-28,13.7375,13.845,13.5625,13.5775,13.3654,8152400
2022-12-29,13.7075,13.955,13.7,13.9175,13.7001,11658800
2022-12-30,13.7825,13.8925,13.7025,13.89,13.673,6572000
2023-01-03,14.0075,14.09,13.65,13.765,13.55,5039200
2023-01-04,13.8425,13.8875,13.65,13.7975,13.582,3889600
2023-01-05,13.72,13.735,13.5275,13.5475,13.3359,3896400
2023-01-06,13.635,13.89,13.455,13.8425,13.6263,4020000
2023-01-09,13.97,14.185,13.935,13.9575,13.7395,6021600
2023-01-10,13.9075,14.0825,13.9,14.08,13.8601,2378800
2023-01-11,14.1425,14.375,14.1425,14.375,14.1505,2854000
2023-01-12,14.4125,14.4975,14.1875,14.455,14.2292,6137200
2023-01-13,14.32,14.565,14.3175,14.5475,14.3203,2973600
2023-01-17,14.5375,14.6525,14.475,14.5925,14.3646,5551200
2023-01-18,14.6825,14.78,14.405,14.41,14.1849,4900000
2023-01-19,14.31,14.4175,14.2475,14.3125,14.0889,5921600
2023-01-20,14.4025,14.7075,14.3575,14.705,14.4753,5201200
2023-01-23,14.74,15.025,14.6975,14.96,14.7263,3038800
2023-01-24,14.88,14.9775,14.8525,14.9175,14.6845,2378800
2023-01-25,14.6975,14.915,14.565,14.8875,14.6549,3826400
2023-01-26,15.0625,15.16,14.925,15.1525,14.9158,4194000
2023-01-27,15.1225,15.405,15.105,15.295,15.0561,2786000
2023-01-30,15.165,15.23,15.0,15.005,14.7706,4153200
2023-01-31,15.035,15.27,15.035,15.27,15.0315,3093200
2023-02-01,15.25,15.6625,15.1475,15.5525,15.3096,4254000
2023-02-02,15.8825,16.1025,15.8275,16.015,15.7648,5042000
2023-02-03,15.675,16.07,15.67,15.7725,15.5261,6096000
2023-02-06,15.65,15.73,15.5675,15.63,15.3858,3206800
2023-02-07,15.625,15.995,15.57,15.945,15.6959,4722800
2023-02-08,15.8825,15.935,15.6875,15.72,15.4744,4352800
2023-02-09,15.925,15.925,15.515,15.58,15.3366,3754400
2023-02-10,15.475,15.565,15.37,15.48,15.2382,2528000
2023-02-13,15.5375,15.735,15.5,15.7125,15.4671,4206400
2023-02-14,15.64,15.87,15.5575,15.795,15.5483,3326400
2023-02-15,15.725,15.905,15.6825,15.905,15.6566,4553600
2023-02-16,15.67,15.8525,15.5975,15.6,15.3563,3618000
2023-02-17,15.5,15.515,15.3275,15.4775,15.2357,3788000
2023-02-21,15.2875,15.355,15.1225,15.1275,14.8912,3996800
2023-02-22,15.1725,15.2475,15.065,15.155,14.9183,3689200
2023-02-23,15.315,15.3275,15.0675,15.27,15.0315,4342800
2023-02-24,15.0425,15.0675,14.9325,15.025,14.7903,3424400
2023-02-27,15.1725,15.2425,15.0775,15.115,14.8789,2853600
2023-02-28,15.09,15.2125,15.07,15.08,14.8444,2123200
2023-03-01,15.0575,15.1125,14.9475,14.99,14.7558,3086400
2023-03-02,14.9075,15.165,14.88,15.1225,14.8863,2557200
2023-03-03,15.2175,15.4625,15.2125,15.455,15.2136,2722800
2023-03-06,15.515,15.6725,15.475,15.485,15.2431,3200000
2023-03-07,15.4775,15.5325,15.255,15.275,15.0364,3876800
2023-03-08,15.285,15.365,15.1975,15.325,15.0856,3561200
2023-03-09,15.3475,15.49,15.0225,15.06,14.8248,3483200
2023-03-10,15.0475,15.0875,14.7325,14.7825,14.5516,4964000
2023-03-13,14.6625,15.0725,14.6,14.8775,14.6451,6658800
2023-03-14,15.09,15.265,15.025,15.2225,14.9847,3781600
2023-03-15,15.0525,15.2575,14.9625,15.2375,14.9995,5767600
2023-03-16,15.185,15.6375,15.16,15.615,15.3711,6891200
2023-03-17,15.625,15.705,15.4225,15.5225,15.28,5981200
2023-03-20,15.5,15.5975,15.4075,15.5675,15.3243,4104000
2023-03-21,15.6825,15.8675,15.6375,15.84,15.5926,3058800
2023-03-22,15.8125,16.06,15.5925,15.6,15.3769,3875200
2023-03-23,15.785,15.985,15.61,15.7425,15.5174,5443600
2023-03-24,15.6925,15.8,15.5775,15.8,15.5741,3402800
2023-03-27,15.8375,15.91,15.69,15.7275,15.5026,7603200
2023-03-28,15.7175,15.7175,15.5375,15.65,15.4262,2822800
2023-03-29,15.8275,15.9075,15.7675,15.885,15.6579,3382800
2023-03-30,16.01,16.035,15.93,16.0175,15.7885,5780400
2023-03-31,16.0475,16.3075,16.0475,16.2925,16.0595,4827600
2023-04-03,16.22,16.33,16.1625,16.3175,16.0842,4680400
2023-04-04,16.345,16.4025,16.215,16.265,16.0324,4884400
2023-04-05,16.23,16.23,16.0325,16.1125,15.8821,3730000
2023-04-06,16.0475,16.235,15.96,16.23,15.9979,3340000
2023-04-10,16.085,16.21,15.9825,16.21,15.9782,3975200
2023-04-11,16.2025,16.2075,16.0975,16.14,15.9092,2722400
2023-04-12,16.25,16.285,16.0325,16.05,15.8205,4018800
2023-04-13,16.145,16.4025,16.145,16.39,16.1556,5337600
2023-04-14,16.3125,16.4275,16.1975,16.335,16.1014,4074000
2023-04-17,16.31,16.36,16.2225,16.3425,16.1088,3142000
2023-04-18,16.4475,16.465,16.305,16.36,16.1261,4066800
2023-04-19,16.2425,16.395,16.2175,16.355,16.1211,5380400
2023-04-20,16.185,16.3575,16.1725,16.2325,16.0004,4662800
2023-04-21,16.245,16.2775,16.16,16.255,16.0226,3960400
2023-04-24,16.2275,16.31,16.1275,16.2325,16.0004,2896800
2023-04-25,16.1525,16.185,15.8925,15.9,15.6727,2586000
2023-04-26,16.0725,16.1475,15.96,15.99,15.7614,2630400
2023-04-27,16.1525,16.4225,16.1525,16.4025,16.168,3212800
2023-04-28,16.3575,16.5175,16.32,16.5175,16.2813,3796000
2023-05-01,16.4925,16.58,16.4725,16.5075,16.2715,3495600
2023-05-02,16.5,16.5,16.2525,16.345,16.1113,6602800
2023-05-03,16.3575,16.525,16.265,16.27,16.0374,3843600
2023-05-04,16.24,16.285,16.15,16.2,15.9684,4690000
2023-05-05,16.3425,16.595,16.3425,16.5475,16.3109,4330000
2023-05-08,16.535,16.605,16.4875,16.59,16.3528,2200400
2023-05-09,16.5175,16.5825,16.4975,16.5075,16.2715,1987200
2023-05-10,16.635,16.73,16.52,16.6875,16.4489,4558000
2023-05-11,16.7,16.755,16.62,16.725,16.4859,5130800
2023-05-12,16.7625,16.7775,16.5625,16.675,16.4366,2251200
2023-05-15,16.695,16.7425,16.6125,16.7375,16.4982,2039200
2023-05-16,16.6925,16.795,16.6925,16.73,16.4908,2984000
2023-05-17,16.7875,16.9575,16.725,16.9425,16.7002,3909200
2023-05-18,16.9575,17.2225,16.9575,17.21,16.9639,4888000
2023-05-19,17.225,17.265,17.1225,17.1625,16.9171,3512400
2023-05-22,17.15,17.2875,17.15,17.225,16.9787,4333200
2023-05-23,17.1375,17.18,16.945,16.965,16.7224,4342800
2023-05-24,16.87,16.97,16.805,16.9,16.6584,2922400
2023-05-25,17.2425,17.315,17.125,17.2525,17.0058,3138800
2023-05-26,17.2975,17.6325,17.2925,17.6,17.3483,4236800
2023-05-30,17.79,17.8425,17.59,17.6475,17.3952,5870000
2023-05-31,17.56,17.66,17.4925,17.57,17.3188,3471600
2023-06-01,17.5575,17.8625,17.5175,17.81,17.5553,4518400
2023-06-02,17.9125,18.03,17.855,17.9825,17.7254,5704800
2023-06-05,17.97,18.1375,17.9525,17.99,17.7328,5948400
2023-06-06,17.975,18.045,17.9125,18.0125,17.7549,6186800
2023-06-07,18.0275,18.11,17.675,17.7025,17.4494,3695200
2023-06-08,17.705,17.915,17.695,17.89,17.6342,3667600
2023-06-09,17.97,18.1,17.9,17.9525,17.6958,5194400
2023-06-12,18.02,18.2225,17.9825,18.2175,17.957,3022000
2023-06-13,18.335,18.38,18.2025,18.3425,18.0802,5302000
2023-06-14,18.32,18.42,18.1575,18.3925,18.1295,4631600
2023-06-15,18.335,18.7175,18.315,18.655,18.3883,4028000
2023-06-16,18.7825,18.7825,18.5,18.515,18.2503,4819600
2023-06-20,18.4175,18.55,18.3475,18.515,18.2503,4224800
2023-06-21,18.4375,18.46,18.235,18.305,18.065,5565200
2023-06-22,18.2275,18.495,18.22,18.495,18.2525,4314400
2023-06-23,18.3025,18.45,18.25,18.3475,18.1069,3018400
2023-06-26,18.31,18.43,18.1075,18.1175,17.8799,3494400
2023-06-27,18.2075,18.4125,18.1525,18.3725,18.1316,3486000
2023-06-28,18.3275,18.53,18.31,18.44,18.1982,4072400
2023-06-29,18.445,18.495,18.375,18.4625,18.2204,3353200
2023-06-30,18.635,18.78,18.62,18.7375,18.4918,5003200
2023-07-03,18.7575,18.7725,18.685,18.74,18.4943,4159600
2023-07-05,18.66,18.805,18.66,18.745,18.4992,3078000
2023-07-06,18.565,18.6325,18.4675,18.6225,18.3783,3278000
2023-07-07,18.5825,18.745,18.54,18.5475,18.3043,2776000
2023-07-10,18.52,18.5575,18.4,18.5475,18.3043,3672000
2023-07-11,18.575,18.66,18.4925,18.6425,18.3981,4388000
2023-07-12,18.83,18.92,18.7425,18.845,18.5979,5710000
2023-07-13,19.0075,19.155,18.97,19.1175,18.8668,4211600
2023-07-14,19.185,19.345,19.1325,19.1675,18.9162,4313200
2023-07-17,19.2225,19.37,19.1925,19.3325,19.079,5372000
2023-07-18,19.3025,19.56,19.22,19.495,19.2394,5006800
2023-07-19,19.5825,19.625,19.4425,19.505,19.2492,6065600
2023-07-20,19.37,19.4475,19.07,19.1175,18.8668,4270000
2023-07-21,19.22,19.235,19.0525,19.0725,18.8224,3037200
2023-07-24,19.125,19.175,19.0225,19.1275,18.8767,3884400
2023-07-25,19.1575,19.3325,19.155,19.2625,19.0099,4972400
2023-07-26,19.21,19.2875,19.095,19.21,18.9581,7862800
2023-07-27,19.4475,19.475,19.0075,19.065,18.815,3663600
2023-07-28,19.235,19.4,19.215,19.3625,19.1086,4366000
2023-07-31,19.3975,19.43,19.315,19.4,19.1456,3156400
2023-08-01,19.3275,19.3825,19.2625,19.355,19.1012,3693200
2023-08-02,19.1825,19.1825,18.87,18.95,18.7015,4654800
2023-08-03,18.8325,18.9925,18.815,18.895,18.6472,3941200
2023-08-04,19.0225,19.11,18.7875,18.8125,18.5658,3706000
2023-08-07,18.8925,18.95,18.7825,18.95,18.7015,3086000
2023-08-08,18.8525,18.875,18.7,18.8575,18.6102,3076400
2023-08-09,18.885,18.885,18.5975,18.63,18.3857,4676400
2023-08-10,18.7725,18.945,18.595,18.6675,18.4227,4809600
2023-08-11,18.5475,18.6625,18.5075,18.58,18.3364,4155200
2023-08-14,18.5475,18.81,18.51,18.81,18.5634,3612000
2023-08-15,18.76,18.805,18.5825,18.6175,18.3734,2661600
2023-08-16,18.58,18.6675,18.435,18.4425,18.2007,4360400
2023-08-17,18.4825,18.505,18.1975,18.23,17.991,3439600
2023-08-18,18.045,18.2575,18.01,18.21,17.9712,4235200
2023-08-21,18.2875,18.5125,18.255,18.4875,18.2451,3350400
2023-08-22,18.6125,18.615,18.4375,18.4775,18.2352,3086400
2023-08-23,18.5375,18.8125,18.535,18.7575,18.5115,4348800
2023-08-24,18.93,18.94,18.4075,18.4175,18.176,3559600
2023-08-25,18.4625,18.645,18.2825,18.5475,18.3043,4335600
2023-08-28,18.6775,18.7125,18.56,18.6825,18.4375,3216400
2023-08-29,18.6575,19.0825,18.655,19.0675,18.8175,4325200
2023-08-30,19.075,19.2175,19.045,19.1875,18.9359,5357200
2023-08-31,19.2175,19.325,19.18,19.215,18.963,3456400
2023-09-01,19.35,19.375,19.1475,19.225,18.9729,3476400
2023-09-05,19.1925,19.3075,19.1375,19.26,19.0075,3926800
2023-09-06,19.2175,19.2225,18.96,19.06,18.8101,3692400
2023-09-07,18.83,19.0075,18.7925,18.975,18.7262,3386000
2023-09-08,18.96,19.0925,18.9375,18.9725,18.7237,3432800
2023-09-11,19.1275,19.21,19.035,19.195,18.9433,3309600
2023-09-12,19.1075,19.145,18.9525,18.98,18.7311,3259200
2023-09-13,18.97,19.1,18.925,19.04,18.7903,2818400
2023-09-14,19.1375,19.1925,19.005,19.15,18.8989,2626800
2023-09-15,19.1,19.1025,18.8175,18.855,18.6078,3665600
2023-09-18,18.795,18.9225,18.7925,18.87,18.6226,2584000
2023-09-19,18.805,18.86,18.68,18.8375,18.5905,2986400
2023-09-20,18.8675,18.875,18.5325,18.5325,18.3099,3408400
2023-09-21,18.3525,18.3925,18.185,18.1925,17.974,3326000
2023-09-22,18.2725,18.3725,18.1575,18.185,17.9666,4512000
2023-09-25,18.1375,18.29,18.095,18.29,18.0703,7802800
2023-09-26,18.1625,18.185,17.9525,17.9975,17.7813,4850400
2023-09-27,18.06,18.1225,17.855,18.0325,17.8159,4379200
2023-09-28,17.98,18.265,17.9425,18.1775,17.9592,3837600
2023-09-29,18.35,18.4025,18.12,18.18,17.9616,4115200
2023-10-02,18.1675,18.39,18.145,18.34,18.1197,3690800
2023-10-03,18.225,18.305,17.93,17.9975,17.7813,5392800
2023-10-04,18.0375,18.28,18.0275,18.245,18.0259,3568400
2023-10-05,18.2375,18.3,18.06,18.27,18.0506,4216800
2023-10-06,18.13,18.655,18.125,18.6,18.3766,4182400
2023-10-09,18.4725,18.7225,18.4,18.6825,18.4581,3138400
2023-10-10,18.7125,18.9175,18.68,18.775,18.5495,4209200
2023-10-11,18.8375,18.9425,18.7725,18.935,18.7076,4741600
2023-10-12,18.955,19.055,18.745,18.8575,18.631,5244400
2023-10-13,18.915,18.9475,18.585,18.655,18.4309,4699600
2023-10-16,18.73,18.92,18.715,18.8725,18.6458,5445200
2023-10-17,18.6825,18.91,18.5875,18.8175,18.5915,3308400
2023-10-18,18.7075,18.7775,18.45,18.5075,18.2852,4204800
2023-10-19,18.5775,18.645,18.31,18.355,18.1345,4771200
2023-10-20,18.33,18.3525,18.0525,18.0575,17.8406,5706800
2023-10-23,17.9875,18.285,17.8825,18.13,17.9122,6055600
2023-10-24,18.2125,18.335,18.115,18.285,18.0654,4627200
2023-10-25,18.16,18.18,17.8575,17.8875,17.6727,4884400
2023-10-26,17.8125,17.8475,17.445,17.52,17.3096,6195600
2023-10-27,17.67,17.7475,17.515,17.59,17.3787,5360800
2023-10-30,17.7225,17.8675,17.66,17.805,17.5911,4142400
2023-10-31,17.8325,17.92,17.7075,17.905,17.6899,4211200
2023-11-01,17.9325,18.2075,17.92,18.18,17.9616,26887600
2023-11-02,18.4,18.52,18.3525,18.51,18.2877,4417200
2023-11-03,18.5725,18.76,18.5425,18.7075,18.4828,4492800
2023-11-06,18.7525,18.825,18.69,18.82,18.594,3318800
2023-11-07,18.8675,19.0525,18.825,19.01,18.7817,4550000
2023-11-08,19.0475,19.0925,18.9375,19.0725,18.8434,5207200
2023-11-09,19.105,19.1425,18.8925,18.9175,18.6903,5291600
2023-11-10,18.99,19.3075,18.9475,19.305,19.0731,4327600
2023-11-13,19.24,19.3375,19.15,19.2825,19.0509,5502800
2023-11-14,19.565,19.715,19.5525,19.65,19.414,3965200
2023-11-15,19.7475,19.7475,19.575,19.6325,19.3967,5054800
2023-11-16,19.625,19.725,19.5875,19.6975,19.4609,4508400
2023-11-17,19.7025,19.735,19.615,19.6975,19.4609,3392000
2023-11-20,19.68,19.955,19.68,19.9175,19.6783,4454000
2023-11-21,19.865,19.9025,19.7775,19.8675,19.6289,4009600
2023-11-22,19.9525,20.06,19.875,19.95,19.7104,3886000
2023-11-24,19.93,19.9625,19.8775,19.93,19.6906,1398400
2023-11-27,19.8925,20.0,19.885,19.9125,19.6733,3484400
2023-11-28,19.865,19.9925,19.84,19.9575,19.7178,4025600
2023-11-29,20.0425,20.115,19.895,19.905,19.6659,4450000
2023-11-30,19.945,19.9725,19.75,19.9,19.661,4268800
2023-12-01,19.845,20.005,19.7975,19.9575,19.7178,4723600
2023-12-04,19.785,19.785,19.6,19.765,19.5276,4502400
2023-12-05,19.6825,19.9125,19.6825,19.855,19.6165,5748000
2023-12-06,19.9275,19.9625,19.685,19.7,19.4889,6233600
2023-12-07,19.8175,19.9525,19.7975,19.9425,19.7288,4022000
2023-12-08,19.87,20.07,19.8525,20.0625,19.8475,3496800
2023-12-11,19.965,20.075,19.925,20.07,19.8549,3322800
2023-12-12,20.0425,20.245,20.0125,20.245,20.0281,5126800
2023-12-13,20.265,20.505,20.245,20.4825,20.263,5217200
2023-12-14,20.5375,20.5725,20.255,20.42,20.2012,5730400
2023-12-15,20.425,20.55,20.4025,20.485,20.2655,6476800
2023-12-18,20.5375,20.7125,20.52,20.6725,20.451,4861600
2023-12-19,20.7,20.775,20.6725,20.775,20.5524,4447600
2023-12-20,20.77,20.87,20.48,20.4925,20.2729,7095600
2023-12-21,20.67,20.735,20.5525,20.73,20.5079,3992000
2023-12-22,20.78,20.8125,20.64,20.7475,20.5252,5140400
2023-12-26,20.755,20.845,20.755,20.8,20.5771,4468800
2023-12-27,20.8175,20.86,20.775,20.8425,20.6192,4619200
2023-12-28,20.875,20.91,20.8225,20.8375,20.6204,3632000
2023-12-29,20.8425,20.87,20.6625,20.74,20.5239,4450000
2024-01-02,20.5675,20.59,20.31,20.4275,20.2147,7017600
2024-01-03,20.2975,20.36,20.21,20.2375,20.0266,5757200
2024-01-04,20.19,20.3225,20.1325,20.15,19.9401,5044000
2024-01-05,20.1475,20.3,20.095,20.17,19.9599,4914800
2024-01-08,20.225,20.6075,20.225,20.595,20.3804,8290800
2024-01-09,20.48,20.7075,20.4625,20.6575,20.4423,5513600
2024-01-10,20.6875,20.8975,20.6825,20.855,20.6377,6866000
2024-01-11,20.95,21.0225,20.6675,20.905,20.6872,6566400
2024-01-12,20.91,20.985,20.835,20.895,20.6773,4340800
2024-01-16,20.845,20.975,20.7825,20.875,20.6575,6535600
2024-01-17,20.74,20.8,20.5925,20.7825,20.566,7987200
2024-01-18,20.925,21.07,20.85,21.0475,20.8282,7907600
2024-01-19,21.1575,21.3825,21.1,21.3825,21.1597,6506000
2024-01-22,21.4875,21.56,21.42,21.4575,21.2339,6963600
2024-01-23,21.49,21.52,21.3925,21.51,21.2859,4682800
2024-01-24,21.6875,21.8125,21.59,21.6075,21.3824,7753600
2024-01-25,21.6525,21.72,21.4825,21.615,21.3898,4834000
2024-01-26,21.585,21.7025,21.56,21.595,21.37,4625600
2024-01-29,21.615,21.86,21.6,21.86,21.6322,7024000
2024-01-30,21.85,21.8825,21.725,21.77,21.5432,6618400
2024-01-31,21.535,21.62,21.275,21.2825,21.0608,6748400
2024-02-01,21.4,21.615,21.3925,21.6125,21.3873,5491200
2024-02-02,21.705,22.12,21.665,22.0625,21.8326,6134000
2024-02-05,22.0925,22.11,21.8775,22.0525,21.8227,4966400
2024-02-06,22.1125,22.1475,21.905,22.065,21.8351,6449600
2024-02-07,22.185,22.3675,22.165,22.35,22.1171,6502800
2024-02-08,22.35,22.4,22.3225,22.36,22.127,4653600
2024-02-09,22.4475,22.6425,22.4175,22.6125,22.3769,7151600
2024-02-12,22.6075,22.69,22.44,22.4825,22.2483,6214000
2024-02-13,22.0725,22.315,22.0,22.17,21.939,7622000
2024-02-14,22.34,22.4625,22.205,22.4475,22.2136,7638400
2024-02-15,22.4575,22.4875,22.315,22.4825,22.2483,4718400
2024-02-16,22.5225,22.5325,22.2875,22.3075,22.0751,7543600
2024-02-20,22.175,22.25,21.91,22.075,21.845,8108000
2024-02-21,21.9325,22.015,21.8175,22.015,21.7856,9602800
2024-02-22,22.4975,22.77,22.465,22.7375,22.5006,6033200
2024-02-23,22.8325,22.91,22.6225,22.7075,22.4709,6834400
2024-02-26,22.7475,22.785,22.6425,22.6425,22.4066,4017200
2024-02-27,22.7,22.7075,22.55,22.685,22.4487,4093600
2024-02-28,22.59,22.6475,22.5275,22.61,22.3744,3849600
2024-02-29,22.7025,22.8125,22.5525,22.75,22.513,4901600
2024-03-01,22.8,23.06,22.7875,23.0375,22.7975,7042800
2024-03-04,23.01,23.0775,22.9475,22.96,22.7208,4813200
2024-03-05,22.81,22.81,22.4425,22.57,22.3349,7518400
2024-03-06,22.7875,22.82,22.5925,22.7,22.4635,4135200
2024-03-07,22.865,23.0925,22.77,23.0325,22.7925,4986800
2024-03-08,23.0975,23.295,22.7325,22.7775,22.5402,7576800
2024-03-11,22.7075,22.74,22.565,22.665,22.4289,6607600
2024-03-12,22.8175,23.0775,22.6475,23.065,22.8247,4410400
2024-03-13,23.035,23.0375,22.895,22.9725,22.7332,5480000
2024-03-14,23.0625,23.1,22.84,22.975,22.7356,7302400
2024-03-15,22.7575,22.835,22.645,22.7225,22.4858,4955200
2024-03-18,22.9875,23.1075,22.905,22.915,22.6763,3842800
2024-03-19,22.835,23.065,22.72,23.055,22.8148,4384000
2024-03-20,23.0625,23.29,22.975,23.29,23.0716,6099600
2024-03-21,23.4575,23.46,23.28,23.285,23.0667,6405200
2024-03-22,23.285,23.3825,23.235,23.33,23.1112,4275200
2024-03-25,23.21,23.32,23.1375,23.2525,23.0345,4306000
2024-03-26,23.3525,23.37,23.1675,23.1875,22.9701,4636000
2024-03-27,23.32,23.3275,23.075,23.23,23.0122,5786000
2024-03-28,23.1975,23.2525,23.1375,23.18,22.9626,4293600
2024-04-01,23.225,23.325,23.095,23.2,22.9825,5653600
2024-04-02,22.905,23.005,22.8125,22.995,22.7794,5934800
2024-04-03,22.92,23.1675,22.905,23.08,22.8636,5072400
2024-04-04,23.2675,23.345,22.7475,22.7575,22.5441,5819600
2024-04-05,22.8625,23.2,22.8325,23.0925,22.876,5461600
2024-04-08,23.1575,23.1875,23.0225,23.0975,22.8809,4399600
2024-04-09,23.19,23.205,22.865,23.12,22.9032,4201600
2024-04-10,22.83,23.02,22.825,22.9725,22.7571,6503200
2024-04-11,23.065,23.36,22.92,23.3175,23.0989,4785200
2024-04-12,23.1375,23.1975,22.8925,22.9925,22.7769,5387600
2024-04-15,23.1375,23.1525,22.5225,22.5425,22.3311,6259600
2024-04-16,22.58,22.705,22.4875,22.5675,22.3559,7000000
2024-04-17,22.69,22.715,22.295,22.3525,22.1429,5695200
2024-04-18,22.4,22.5125,22.2225,22.255,22.0463,5292000
2024-04-19,22.2025,22.22,21.68,21.76,21.556,8639600
2024-04-22,21.9075,22.1,21.71,21.9675,21.7615,6135600
2024-04-23,22.1175,22.37,22.075,22.3425,22.133,6306400
2024-04-24,22.495,22.535,22.2075,22.325,22.1157,5750400
2024-04-25,21.8425,22.2375,21.7675,22.2125,22.0042,7182800
2024-04-26,22.5425,22.73,22.4525,22.645,22.4327,5544000
2024-04-29,22.7625,22.7725,22.54,22.685,22.4723,5221600
2024-04-30,22.6325,22.725,22.2575,22.2625,22.0537,5626000
2024-05-01,22.2675,22.6225,22.125,22.185,21.977,10811200
2024-05-02,22.3575,22.4975,22.1425,22.4725,22.2618,5635600
2024-05-03,22.865,22.9225,22.725,22.8625,22.6481,5742000
2024-05-06,22.965,23.185,22.9225,23.185,22.9676,4690000
2024-05-07,23.2025,23.265,23.135,23.175,22.9577,4502800
2024-05-08,23.055,23.215,23.05,23.1375,22.9205,4284000
2024-05-09,23.155,23.2325,23.0725,23.2075,22.9899,3548400
2024-05-10,23.285,23.3575,23.1525,23.2275,23.0097,3813200
2024-05-13,23.285,23.295,23.165,23.2275,23.0097,3730400
2024-05-14,23.2025,23.4175,23.195,23.385,23.1657,3569200
2024-05-15,23.5,23.775,23.455,23.7575,23.5347,7832800
2024-05-16,23.765,23.8425,23.66,23.675,23.453,3927600
2024-05-17,23.7125,23.725,23.56,23.6825,23.4604,3663200
2024-05-20,23.69,23.8425,23.6575,23.82,23.5966,4374400
2024-05-21,23.75,23.895,23.725,23.895,23.6709,3400000
2024-05-22,23.88,23.9075,23.6925,23.8175,23.5942,3817200
2024-05-23,24.065,24.0975,23.68,23.7575,23.5347,4506800
2024-05-24,23.83,24.02,23.77,23.98,23.7551,2995600
2024-05-28,24.07,24.1225,23.96,24.1225,23.8963,4230800
2024-05-29,23.915,24.07,23.8825,24.01,23.7849,4947200
2024-05-30,23.8675,23.87,23.5425,23.6175,23.396,4939200
2024-05-31,23.6775,23.685,23.21,23.6125,23.3911,5417600
2024-06-03,23.8075,23.84,23.5025,23.7925,23.5694,5418800
2024-06-04,23.7775,23.885,23.6725,23.845,23.6214,4159600
2024-06-05,24.0075,24.3125,23.97,24.3125,24.0845,3683200
2024-06-06,24.3525,24.395,24.2175,24.315,24.087,7027600
2024-06-07,24.2825,24.4125,24.2,24.2775,24.0499,4550000
2024-06-10,24.2425,24.39,24.1825,24.3625,24.1341,3647200
2024-06-11,24.35,24.595,24.26,24.595,24.3644,5929200
2024-06-12,24.825,25.0975,24.77,24.9225,24.6888,7226800
2024-06-13,25.115,25.1225,24.8775,25.025,24.7903,4701600
2024-06-14,25.0,25.125,24.9525,25.115,24.8795,4019200
2024-06-17,25.1275,25.47,25.055,25.3575,25.1197,4461200
2024-06-18,25.35,25.3925,25.27,25.375,25.1371,9145600
2024-06-20,25.47,25.5075,25.0875,25.1975,24.9612,6597200
2024-06-21,25.205,25.2825,25.05,25.1525,24.9167,4390000
2024-06-24,25.1225,25.2175,24.88,24.89,24.6566,5711200
2024-06-25,25.0025,25.235,24.9625,25.2025,24.9662,3939200
2024-06-26,25.1575,25.3325,25.1425,25.32,25.1092,4710000
2024-06-27,25.32,25.445,25.28,25.4025,25.191,5611600
2024-06-28,25.4725,25.635,25.19,25.21,25.0001,5017600
2024-07-01,25.295,25.4325,25.0825,25.41,25.1985,6940000
2024-07-02,25.2875,25.63,25.255,25.63,25.4166,4593600
2024-07-03,25.605,25.8325,25.5675,25.8075,25.5927,2976400
2024-07-05,25.86,26.1075,25.835,26.095,25.8778,3921200
2024-07-08,26.13,26.145,26.045,26.1225,25.905,6208800
2024-07-09,26.2275,26.2775,26.09,26.155,25.9373,4722000
2024-07-10,26.25,26.435,26.165,26.4225,26.2026,4562000
2024-07-11,26.425,26.435,25.8225,25.895,25.6794,8418400
2024-07-12,25.915,26.25,25.875,26.0225,25.8059,5433200
2024-07-15,26.2175,26.36,26.0175,26.125,25.9075,5599200
2024-07-16,26.2525,26.27,25.9875,26.14,25.9224,8014400
2024-07-17,25.715,25.74,25.41,25.45,25.2381,9080400
2024-07-18,25.6475,25.6475,25.0875,25.265,25.0547,6003600
2024-07-19,25.255,25.3875,25.0375,25.12,24.9109,4244800
2024-07-22,25.3825,25.535,25.25,25.46,25.2481,6258400
2024-07-23,25.515,25.7125,25.4775,25.5075,25.2952,4078400
2024-07-24,25.125,25.1525,24.515,24.5825,24.3779,7671600
2024-07-25,24.565,24.845,24.11,24.34,24.1374,7434000
2024-07-26,24.535,24.7375,24.4325,24.5675,24.363,5858400
2024-07-29,24.7125,24.8075,24.5,24.6075,24.4027,4732400
2024-07-30,24.6875,24.7725,24.12,24.3425,24.1399,7192800
2024-07-31,24.8225,25.07,24.7225,24.9675,24.7597,7656800
2024-08-01,25.125,25.3125,24.32,24.5275,24.3233,9444000
2024-08-02,24.0075,24.17,23.6875,23.99,23.7903,8372800
2024-08-05,22.4475,23.53,22.42,23.1575,22.9647,15666000
2024-08-06,23.34,23.79,23.09,23.3975,23.2027,10598400
2024-08-07,23.7425,23.8825,23.1425,23.1775,22.9846,8350800
2024-08-08,23.55,23.885,23.3025,23.8375,23.6391,5307600
2024-08-09,23.8025,24.0725,23.77,24.01,23.8101,3946000
2024-08-12,24.0825,24.2425,23.9625,24.09,23.8895,7240800
2024-08-13,24.275,24.6425,24.275,24.6425,24.4374,4015200
2024-08-14,24.73,24.7825,24.4725,24.695,24.4894,5853200
2024-08-15,24.9475,25.235,24.92,25.235,25.0249,6700400
2024-08-16,25.1425,25.33,25.1075,25.255,25.0448,3941200
2024-08-19,25.2925,25.5775,25.1925,25.5775,25.3646,4070000
2024-08-20,25.56,25.7,25.4675,25.55,25.3373,3892000
2024-08-21,25.55,25.725,25.4775,25.64,25.4266,4282400
2024-08-22,25.75,25.7925,25.2125,25.2675,25.0572,5032400
2024-08-23,25.45,25.6675,25.3125,25.5625,25.3497,4031600
2024-08-26,25.5725,25.6425,25.2875,25.395,25.1836,4092400
2024-08-27,25.3075,25.5075,25.2075,25.4675,25.2555,3510000
2024-08-28,25.4525,25.475,25.0425,25.2225,25.0125,4638800
2024-08-29,25.305,25.53,25.09,25.1475,24.9382,5032400
2024-08-30,25.3,25.4225,25.0975,25.4075,25.196,4462000
2024-09-03,25.265,25.265,24.5375,24.6675,24.4622,5685200
2024-09-04,24.5,24.78,24.4375,24.58,24.3754,4872800
2024-09-05,24.5225,24.8325,24.4625,24.61,24.4051,5304400
2024-09-06,24.625,24.6775,23.9975,24.0525,23.8523,7409600
2024-09-09,24.2875,24.38,24.1025,24.3425,24.1399,3790800
2024-09-10,24.4225,24.57,24.2425,24.545,24.3407,3476400
2024-09-11,24.6075,25.1,24.2025,25.06,24.8514,4033200
2024-09-12,25.095,25.3875,24.9775,25.3475,25.1365,3431600
2024-09-13,25.3475,25.5125,25.3275,25.4475,25.2357,3848000
2024-09-16,25.3275,25.38,25.1975,25.345,25.134,3250400
2024-09-17,25.5125,25.565,25.2325,25.35,25.139,7275200
2024-09-18,25.415,25.6375,25.255,25.285,25.0745,8328800
2024-09-19,25.825,25.995,25.7325,25.8825,25.667,4395200
2024-09-20,25.8625,25.935,25.665,25.835,25.6199,3498000
2024-09-23,25.885,25.9375,25.8125,25.8825,25.667,2881200
2024-09-24,25.945,25.9925,25.68,25.99,25.7737,2822400
2024-09-25,25.945,26.0725,25.9075,25.985,25.796,2704400
2024-09-26,26.2625,26.2725,25.8925,26.0575,25.868,3990800
2024-09-27,26.0875,26.0925,25.845,25.9125,25.724,3580000
2024-09-30,25.84,26.0625,25.76,26.045,25.8556,4776400
2024-10-01,26.025,26.045,25.505,25.675,25.4882,6112400
2024-10-02,25.6225,25.7675,25.4625,25.71,25.523,3950000
2024-10-03,25.63,25.85,25.59,25.73,25.5428,3370000
2024-10-04,25.975,26.03,25.75,26.0175,25.8283,3567600
2024-10-07,25.9225,25.9775,25.69,25.735,25.5478,4349200
2024-10-08,25.9,26.175,25.875,26.155,25.9648,3116000
2024-10-09,26.1575,26.345,26.095,26.3225,26.131,3634800
2024-10-10,26.2275,26.415,26.1575,26.3375,26.1459,4448000
2024-10-11,26.28,26.45,26.23,26.42,26.2278,3286400
2024-10-14,26.54,26.72,26.52,26.65,26.4562,4203200
2024-10-15,26.64,26.66,26.25,26.36,26.1683,4615000
2024-10-16,26.33,26.43,26.16,26.41,26.2179,5467300
2024-10-17,26.63,26.65,26.41,26.43,26.2378,3871300
2024-10-18,26.6,26.63,26.52,26.56,26.3668,3542400
2024-10-21,26.52,26.7,26.46,26.7,26.5058,3585600
2024-10-22,26.54,26.77,26.49,26.69,26.4959,4076700
2024-10-23,26.58,26.61,26.08,26.28,26.0888,4176600
2024-10-24,26.41,26.47,26.29,26.44,26.2477,3850900
2024-10-25,26.55,26.81,26.5,26.58,26.3867,3601900
2024-10-28,26.79,26.8,26.59,26.61,26.4164,3630700
2024-10-29,26.61,26.88,26.53,26.82,26.6249,3877100
2024-10-30,26.86,26.9,26.64,26.7,26.5058,4288900
2024-10-31,26.41,26.41,25.91,25.93,25.7414,5648200
2024-11-01,26.03,26.32,26.02,26.15,25.9598,4945000
2024-11-04,26.09,26.21,25.97,26.05,25.8605,4050700
2024-11-05,26.13,26.44,26.12,26.44,26.2477,4046700
2024-11-06,26.99,27.21,26.85,27.18,26.9823,6668700
2024-11-07,27.34,27.65,27.33,27.62,27.4191,5722200
2024-11-08,27.61,27.79,27.61,27.75,27.5482,4919200
2024-11-11,27.83,27.88,27.66,27.82,27.6176,4858800
2024-11-12,27.79,27.86,27.62,27.79,27.5879,5067700
2024-11-13,27.81,27.93,27.69,27.77,27.568,5739600
2024-11-14,27.77,27.79,27.48,27.54,27.3397,4698400
2024-11-15,27.3,27.31,26.87,26.98,26.7837,6376400
2024-11-18,27.01,27.19,26.91,27.1,26.9029,4586100
2024-11-19,26.95,27.39,26.92,27.37,27.1709,4433400
2024-11-20,27.4,27.4,27.04,27.4,27.2007,5690500
2024-11-21,27.57,27.61,27.11,27.45,27.2503,6227900
2024-11-22,27.42,27.53,27.34,27.49,27.29,5386800
2024-11-25,27.68,27.75,27.38,27.52,27.3198,5715700
2024-11-26,27.62,27.76,27.61,27.74,27.5382,5073100
2024-11-27,27.68,27.69,27.4,27.56,27.3595,4743100
2024-11-29,27.6,27.83,27.57,27.79,27.5879,2669400
2024-12-02,27.87,28.06,27.84,28.03,27.8261,7089700
2024-12-03,27.99,28.17,27.94,28.16,27.9552,5020100
2024-12-04,28.38,28.61,28.35,28.6,28.392,5678800
2024-12-05,28.6,28.62,28.47,28.5,28.2927,5693600
2024-12-06,28.57,28.72,28.56,28.71,28.5012,5962500
2024-12-09,28.67,28.68,28.39,28.51,28.3026,5939600
2024-12-10,28.58,28.72,28.36,28.43,28.2232,5736300
2024-12-11,28.61,28.9,28.56,28.88,28.7022,5140800
2024-12-12,28.76,28.82,28.65,28.67,28.4935,6154500
2024-12-13,28.83,28.94,28.6,28.76,28.583,6613400
2024-12-16,28.86,29.14,28.86,29.1,28.9209,6352100
2024-12-17,28.98,29.02,28.81,28.97,28.7917,7446000
2024-12-18,28.96,29.07,27.89,27.97,27.7978,14192900
2024-12-19,28.31,28.36,27.97,27.99,27.8177,10049000
2024-12-20,27.81,28.59,27.72,28.3,28.1258,7736800
2024-12-23,28.38,28.6,28.18,28.57,28.3941,7518000
2024-12-24,28.65,28.94,28.63,28.94,28.7619,3694400
2024-12-26,28.88,28.98,28.73,28.9,28.7221,8832600
2024-12-27,28.73,28.73,28.22,28.48,28.3047,7898100
2024-12-30,28.07,28.35,27.93,28.14,27.9668,7610000
2024-12-31,28.21,28.26,27.83,27.87,27.6985,9372200
2025-01-02,28.02,28.19,27.57,27.84,27.6686,10554800
2025-01-03,28.0,28.35,27.96,28.32,28.1457,8315900
2025-01-06,28.63,28.85,28.53,28.67,28.4935,8468400
2025-01-07,28.76,28.77,28.0,28.11,27.937,8901700
2025-01-08,28.14,28.24,27.89,28.15,27.9767,10415100
2025-01-10,27.95,27.96,27.5,27.71,27.5394,9711800
2025-01-13,27.34,27.64,27.26,27.63,27.4599,8323900
2025-01-14,27.81,27.85,27.35,27.51,27.3407,7809800
2025-01-15,27.94,28.23,27.84,28.18,28.0065,9159400
2025-01-16,28.27,28.3,27.92,27.92,27.7481,6457300
2025-01-17,28.4,28.42,28.18,28.29,28.1159,8465300
2025-01-21,28.43,28.51,28.16,28.47,28.2948,10690200
2025-01-22,28.74,28.97,28.72,28.88,28.7022,10511800
2025-01-23,28.82,29.02,28.76,29.02,28.8414,8645600
2025-01-24,29.08,29.14,28.8,28.9,28.7221,8962200
2025-01-27,27.84,28.25,27.8,28.05,27.8773,14491400
2025-01-28,28.16,28.74,27.99,28.68,28.5035,9699300
2025-01-29,28.57,28.59,28.24,28.47,28.2948,11983200
2025-01-30,28.5,28.71,28.25,28.54,28.3643,9897700
2025-01-31,28.8,28.96,28.4,28.45,28.2749,12091600
2025-02-03,27.89,28.33,27.8,28.16,27.9867,12841700
2025-02-04,28.24,28.54,28.21,28.52,28.3445,10498800
2025-02-05,28.4,28.59,28.3,28.59,28.414,6072300
2025-02-06,28.61,28.74,28.52,28.73,28.5532,6859400
2025-02-07,28.74,28.87,28.36,28.42,28.2451,7817700
2025-02-10,28.58,28.74,28.56,28.68,28.5035,6080300
2025-02-11,28.53,28.67,28.45,28.57,28.3941,5486200
2025-02-12,28.26,28.6,28.22,28.54,28.3643,7425200
2025-02-13,28.57,28.89,28.51,28.87,28.6923,8467200
2025-02-14,28.87,28.97,28.82,28.94,28.7619,6091700
2025-02-18,29.0,29.02,28.72,28.91,28.7321,8955600
2025-02-19,28.85,28.95,28.72,28.91,28.7321,8921100
2025-02-20,28.84,28.86,28.5,28.73,28.5532,7773700
2025-02-21,28.7,28.72,27.98,28.01,27.8376,11067900
2025-02-24,28.11,28.18,27.64,27.7,27.5295,12391300
2025-02-25,27.64,27.65,27.1,27.39,27.2214,13066100
2025-02-26,27.53,27.8,27.33,27.5,27.3307,11461600
2025-02-27,27.71,27.75,26.78,26.81,26.645,12742600
2025-02-28,26.75,27.3,26.58,27.28,27.1121,13972800
2025-03-03,27.4,27.47,26.39,26.59,26.4263,18826500
2025-03-04,26.3,26.88,25.94,26.44,26.2773,25672400
2025-03-05,26.5,26.91,26.25,26.82,26.6549,13258700
2025-03-06,26.34,26.66,25.96,26.09,25.9294,14916100
2025-03-07,26.02,26.3,25.54,26.17,26.0089,16856400
2025-03-10,25.68,25.69,24.86,25.1,24.9455,21859400
2025-03-11,25.04,25.47,24.83,25.08,24.9256,22504700
2025-03-12,25.54,25.65,25.12,25.43,25.2735,22908900
2025-03-13,25.38,25.4,24.8,24.91,24.7567,13936900
2025-03-14,25.2,25.57,25.16,25.55,25.3927,11487900
2025-03-17,25.5,25.82,25.42,25.65,25.4921,10635000
2025-03-18,25.49,25.5,25.1,25.24,25.0846,10882800
2025-03-19,25.36,25.85,25.27,25.61,25.4524,14464300
2025-03-20,25.41,25.85,25.37,25.54,25.3828,9327700
2025-03-21,25.31,25.72,25.23,25.68,25.5219,8483200
2025-03-24,26.1,26.34,26.04,26.29,26.1282,10716400
2025-03-25,26.36,26.46,26.27,26.46,26.2971,7828400
2025-03-26,26.34,26.35,25.74,25.84,25.7072,8686400
2025-03-27,25.7,25.95,25.59,25.69,25.558,7804100
2025-03-28,25.57,25.65,24.96,25.02,24.8914,9311000
2025-03-31,24.59,25.09,24.32,25.04,24.9113,10982900
2025-04-01,24.94,25.32,24.8,25.24,25.1103,20038600
2025-04-02,24.88,25.64,24.86,25.46,25.3291,9746800
2025-04-03,24.3,24.48,24.0,24.04,23.9164,16804400
2025-04-04,23.27,23.43,22.56,22.57,22.454,28987200
2025-04-07,21.62,23.56,21.37,22.6,22.4838,36889900
2025-04-08,23.6,23.75,21.93,22.27,22.1555,24819100
2025-04-09,22.28,25.01,22.24,24.85,24.7223,28088300
2025-04-10,24.25,24.33,23.13,23.91,23.7871,21442900
2025-04-11,23.76,24.45,23.68,24.36,24.2348,16144500
2025-04-14,24.95,24.98,24.26,24.52,24.394,14036800
2025-04-15,24.52,24.73,24.42,24.52,24.394,7698900
2025-04-16,24.03,24.25,23.47,23.81,23.6876,15286500
2025-04-17,23.91,23.97,23.57,23.69,23.5682,9717200
2025-04-21,23.36,23.4,22.74,23.02,22.9017,14159300
2025-04-22,23.32,23.81,23.23,23.66,23.5384,59388700
2025-04-23,24.47,24.71,24.12,24.22,24.0955,12792500
2025-04-24,24.32,24.93,24.3,24.91,24.782,9211100
2025-04-25,24.94,25.31,24.86,25.28,25.1501,7944200
2025-04-28,25.29,25.39,24.9,25.24,25.1103,5568700
2025-04-29,25.15,25.46,25.11,25.41,25.2794,7204800
2025-04-30,24.96,25.49,24.71,25.42,25.2893,6887900
2025-05-01,25.88,26.05,25.69,25.71,25.5779,6414700
2025-05-02,25.99,26.21,25.89,26.1,25.9658,8014000
2025-05-05,25.87,26.13,25.85,25.95,25.8166,6377100
2025-05-06,25.63,25.91,25.58,25.7,25.5679,6377400
2025-05-07,25.74,25.88,25.43,25.77,25.6375,8446800
2025-05-08,26.02,26.24,25.79,26.0,25.8664,7195100
2025-05-09,26.09,26.18,25.85,25.96,25.8266,6391200
2025-05-12,26.96,27.05,26.66,27.03,26.8911,10110100
2025-05-13,27.09,27.51,27.06,27.4,27.2592,9450000
2025-05-14,27.53,27.66,27.45,27.59,27.4482,12221800
2025-05-15,27.42,27.63,27.27,27.52,27.3785,9014300
2025-05-16,27.63,27.71,27.42,27.71,27.5676,6906200
2025-05-19,27.31,27.76,27.31,27.74,27.5974,8461900
2025-05-20,27.63,27.67,27.43,27.62,27.478,10067400
2025-05-21,27.39,27.7,27.07,27.17,27.0303,12878400
2025-05-22,27.17,27.43,27.12,27.24,27.1,8253800
2025-05-23,26.82,27.13,26.8,26.96,26.8214,10527200
2025-05-27,27.32,27.63,27.27,27.6,27.4581,8546100
2025-05-28,27.65,27.74,27.47,27.51,27.3686,7615500
2025-05-29,27.9,27.91,27.45,27.59,27.4482,9140700
2025-05-30,27.52,27.63,27.18,27.56,27.4183,9656900
2025-06-02,27.46,27.74,27.37,27.74,27.5974,7602000
2025-06-03,27.76,28.01,27.72,27.93,27.7864,7549800
2025-06-04,27.98,28.09,27.91,28.03,27.8859,6856200
2025-06-05,28.11,28.24,27.69,27.81,27.6671,10848500
2025-06-06,28.09,28.2,28.0,28.09,27.9456,7196700
2025-06-09,28.13,28.19,28.04,28.13,27.9854,7875600
2025-06-10,28.16,28.32,28.02,28.3,28.1545,8666600
2025-06-11,28.36,28.46,28.12,28.22,28.0749,9261500
2025-06-12,28.12,28.34,28.11,28.27,28.1247,8780200
2025-06-13,27.95,28.14,27.8,27.89,27.7466,11844700
2025-06-16,28.06,28.31,28.06,28.24,28.0948,9137100
2025-06-17,28.1,28.2,27.95,28.0,27.8561,8811300
2025-06-18,28.03,28.18,27.89,27.96,27.8163,10018300
2025-06-20,28.1,28.13,27.71,27.81,27.6671,9291700
2025-06-23,27.81,28.15,27.69,28.12,27.9755,10595600
2025-06-24,28.42,28.59,28.35,28.54,28.3933,8009300
2025-06-25,28.63,28.73,28.53,28.63,28.5108,8444000
2025-06-26,28.73,28.91,28.64,28.86,28.7399,7661900
2025-06-27,28.95,29.09,28.79,29.02,28.8992,9016400
2025-06-30,29.19,29.28,29.06,29.21,29.0884,8273100
2025-07-01,29.09,29.16,28.8,28.92,28.7996,7727300
2025-07-02,28.9,29.12,28.89,29.12,28.9988,7125700
2025-07-03,29.25,29.46,29.24,29.42,29.2975,4545900
2025-07-07,29.27,29.33,29.05,29.2,29.0784,10684200
2025-07-08,29.26,29.28,29.12,29.18,29.0585,7254000
2025-07-09,29.28,29.49,29.27,29.44,29.3174,6268900
2025-07-10,29.46,29.49,29.24,29.43,29.3075,6160700
2025-07-11,29.3,29.45,29.25,29.35,29.2278,6013900
2025-07-14,29.35,29.5,29.25,29.45,29.3274,5864200
2025-07-15,29.67,29.7,29.47,29.47,29.3473,8022300
2025-07-16,29.54,29.6,29.26,29.57,29.4469,11490400
2025-07-17,29.62,29.77,29.55,29.73,29.6062,6237100
2025-07-18,29.86,29.87,29.64,29.74,29.6162,6150700
2025-07-21,29.79,29.97,29.79,29.82,29.6959,6887800
2025-07-22,29.85,29.87,29.51,29.69,29.5664,7904600
2025-07-23,29.82,29.95,29.69,29.94,29.8154,8123600
2025-07-24,30.04,30.13,29.96,30.06,29.9349,7247900
2025-07-25,30.11,30.28,30.08,30.21,30.0842,6972600
2025-07-28,30.27,30.34,30.2,30.3,30.1739,7519900
2025-07-29,30.38,30.44,30.12,30.14,30.0145,8529900
2025-07-30,30.22,30.35,30.03,30.24,30.1141,7794100
2025-07-31,30.74,30.75,30.15,30.22,30.0942,11058700
2025-08-01,29.84,29.84,29.4,29.54,29.417,12827600
2025-08-04,29.8,30.12,29.8,30.11,29.9847,9604900
2025-08-05,30.13,30.18,29.82,29.86,29.7357,7873200
2025-08-06,29.91,30.24,29.88,30.22,30.0942,9358500
2025-08-07,30.4,30.44,29.93,30.18,30.0544,9156100
2025-08-08,30.23,30.42,30.21,30.39,30.2635,9838100
2025-08-11,30.39,30.56,30.26,30.33,30.2037,9490300
2025-08-12,30.46,30.7,30.29,30.69,30.5622,7728000
2025-08-13,30.82,30.87,30.62,30.72,30.5921,11761800
2025-08-14,30.63,30.83,30.62,30.75,30.622,7328800
2025-08-15,30.84,30.84,30.63,30.71,30.5822,7770800
2025-08-18,30.68,30.75,30.61,30.73,30.6021,8621900
2025-08-19,30.7,30.7,30.25,30.32,30.1938,8832100
2025-08-20,30.25,30.26,29.73,30.12,29.9946,17082400
2025-08-21,30.04,30.16,29.89,30.01,29.8851,20196900
2025-08-22,30.05,30.6,29.99,30.49,30.3631,11504600
2025-08-25,30.46,30.6,30.38,30.44,30.3133,9695300
2025-08-26,30.43,30.61,30.36,30.6,30.4726,6944500
2025-08-27,30.59,30.71,30.52,30.66,30.5324,9397900
2025-08-28,30.69,30.91,30.6,30.86,30.7315,8958100
2025-08-29,30.76,30.77,30.43,30.52,30.3929,10122700
2025-09-02,30.03,30.29,29.91,30.27,30.144,11633600
2025-09-03,30.49,30.63,30.38,30.56,30.4328,10497400
2025-09-04,30.59,30.84,30.49,30.83,30.7017,8422400
2025-09-05,31.07,31.09,30.56,30.8,30.6718,11263600
2025-09-08,30.93,31.08,30.92,30.99,30.861,9676300
2025-09-09,31.05,31.12,30.89,31.1,30.9705,8065700
2025-09-10,31.28,31.3,31.0,31.11,30.9805,11665700
2025-09-11,31.24,31.35,31.14,31.32,31.1896,10726600
2025-09-12,31.38,31.5,31.3,31.43,31.2992,8636000
2025-09-15,31.57,31.73,31.57,31.71,31.578,8301100
2025-09-16,31.75,31.77,31.64,31.68,31.5481,9321700
2025-09-17,31.65,31.68,31.26,31.55,31.4187,18186400
2025-09-18,31.77,31.9,31.65,31.73,31.5979,11681000
2025-09-19,31.88,32.02,31.79,31.99,31.8568,10219900
2025-09-22,31.92,32.22,31.92,32.19,32.056,8176000
2025-09-23,32.2,32.21,31.79,31.86,31.7274,10516600
2025-09-24,31.93,31.96,31.56,31.69,31.5878,9169300
2025-09-25,31.43,31.6,31.23,31.5,31.3984,12155100
2025-09-26,31.57,31.65,31.37,31.64,31.538,8404700
2025-09-29,31.78,31.94,31.7,31.78,31.6775,10569600
2025-09-30,31.76,31.93,31.63,31.91,31.8071,10903500
2025-10-01,31.73,32.14,31.71,32.09,31.9865,9014900
2025-10-02,32.26,32.28,32.03,32.18,32.0762,10770000
2025-10-03,32.22,32.27,31.96,32.09,31.9865,9719000
2025-10-06,32.26,32.41,32.15,32.34,32.2357,8912100
2025-10-07,32.38,32.42,32.04,32.17,32.0663,11819700
2025-10-08,32.24,32.53,32.23,32.52,32.4151,7587800
2025-10-09,32.54,32.55,32.33,32.5,32.3952,11375500
2025-10-10,32.54,32.63,31.38,31.41,31.3087,15605700
2025-10-13,31.95,32.09,31.79,32.04,31.9367,12999600
2025-10-14,31.68,32.03,31.36,31.77,31.6676,12665100
2025-10-15,32.08,32.21,31.6,31.93,31.827,15581700
2025-10-16,32.06,32.21,31.53,31.74,31.6377,23018500
2025-10-17,31.59,31.99,31.51,31.92,31.8171,13447200
2025-10-20,32.1,32.39,32.09,32.33,32.2258,6261900
2025-10-21,32.34,32.42,32.24,32.33,32.2258,7911400
2025-10-22,32.36,32.39,31.77,32.07,31.9666,8882700
2025-10-23,32.06,32.4,32.05,32.34,32.2357,8555800
2025-10-24,32.61,32.78,32.58,32.69,32.5846,6807400
2025-10-27,33.09,33.27,33.03,33.23,33.1229,7185700
2025-10-28,33.44,33.62,33.3,33.5,33.392,9268500
2025-10-29,33.67,33.74,33.39,33.69,33.5814,10245000
2025-10-30,33.53,33.55,33.17,33.18,33.073,11221700
2025-10-31,33.64,33.64,33.23,33.38,33.2724,8434800
2025-11-03,33.64,33.67,33.37,33.52,33.4119,8628500
2025-11-04,33.04,33.29,32.88,32.92,32.8139,10711700
2025-11-05,32.9,33.2,32.78,33.0,32.8936,8260000
2025-11-06,32.95,32.96,32.33,32.43,32.3254,14464000
2025-11-07,32.2,32.38,31.74,32.36,32.2557,15172300
2025-11-10,32.82,33.15,32.77,33.07,32.9634,9100000
2025-11-11,32.96,33.09,32.81,33.04,32.9335,7278400
2025-11-12,33.2,33.22,32.81,33.0,32.8936,8162600
2025-11-13,32.77,32.79,32.14,32.25,32.146,17266000
2025-11-14,31.75,32.51,31.65,32.26,32.156,13592600
2025-11-17,32.11,32.42,31.76,31.98,31.8769,16667600
2025-11-18,31.75,31.89,31.31,31.58,31.4782,23031100
2025-11-19,31.64,32.09,31.52,31.78,31.6775,17016200
2025-11-20,32.44,32.6,31.12,31.17,31.0695,22344400
2025-11-21,31.27,31.72,30.89,31.37,31.2689,32611100
2025-11-24,31.64,32.2,31.63,32.13,32.0264,12502000
2025-11-25,32.08,32.47,31.77,32.41,32.3055,12649200
2025-11-26,32.58,32.72,32.47,32.63,32.5248,11112300
2025-11-28,32.7,32.81,32.65,32.8,32.6942,4340500
2025-12-01,32.53,32.78,32.47,32.66,32.5547,9531400
2025-12-02,32.79,32.98,32.67,32.78,32.6743,9319000
2025-12-03,32.67,32.9,32.59,32.84,32.7341,9082500
2025-12-04,32.98,32.98,32.7,32.89,32.7839,10145200
2025-12-05,32.94,33.13,32.88,32.99,32.8836,8507600
2025-12-08,33.05,33.1,32.77,32.91,32.8039,13596100
2025-12-09,32.85,32.99,32.78,32.92,32.8139,8516600
2025-12-10,32.84,33.07,32.69,32.98,32.9056,10669100
2025-12-11,32.85,33.05,32.59,33.03,32.9555,10633000
2025-12-12,32.9,32.97,32.34,32.5,32.4267,13403100
2025-12-15,32.7,32.73,32.25,32.33,32.2571,13705700
2025-12-16,32.22,32.47,32.12,32.4,32.327,16893100
2025-12-17,32.45,32.47,31.79,31.8,31.7283,21593200
2025-12-18,32.19,32.4,32.07,32.21,32.1374,10992200
2025-12-19,32.36,32.63,32.34,32.63,32.5564,10577900
2025-12-22,32.84,32.86,32.73,32.83,32.756,8348000
2025-12-23,32.75,33.04,32.75,33.03,32.9555,7275500
2025-12-24,33.02,33.12,32.98,33.11,33.0354,4049500
2025-12-26,33.12,33.19,33.05,33.09,33.0154,6264500
2025-12-29,32.91,33.0,32.83,32.93,32.8558,7807700
2025-12-30,32.88,32.99,32.85,32.88,32.8059,8335900
2025-12-31,32.89,32.91,32.6,32.62,32.5465,7662000
2026-01-02,32.86,32.97,32.32,32.5,32.4267,12883900
2026-01-05,32.7,32.84,32.66,32.73,32.6562,11072300
2026-01-06,32.75,32.86,32.63,32.84,32.766,9565500
2026-01-07,32.85,33.14,32.81,32.92,32.8458,10719500
2026-01-08,32.88,32.89,32.58,32.69,32.6163,11317800
2026-01-09,32.71,32.93,32.6,32.86,32.7859,9509000
2026-01-12,32.67,33.01,32.67,32.91,32.8358,11643400
2026-01-13,32.9,32.99,32.65,32.8,32.726,10522200
2026-01-14,32.61,32.63,32.18,32.43,32.3569,13414900
2026-01-15,32.67,32.68,32.38,32.44,32.3669,12516400
2026-01-16,32.55,32.58,32.3,32.36,32.287,9956400
2026-01-20,31.8,31.98,31.52,31.59,31.5188,19136200
2026-01-21,31.64,32.12,31.51,31.9,31.8281,23434300
2026-01-22,32.16,32.26,32.03,32.18,32.1074,11834600
2026-01-23,32.21,32.45,32.15,32.31,32.2372,10662500
2026-01-26,32.33,32.58,32.31,32.46,32.3868,9241500
2026-01-27,32.56,32.65,32.46,32.56,32.4866,8481200
2026-01-28,32.67,32.68,32.39,32.49,32.4167,11016900
2026-01-29,32.47,32.48,31.66,32.24,32.1673,15055300
2026-01-30,32.09,32.22,31.85,32.0,31.9279,13696900
2026-02-02,31.84,32.19,31.84,32.07,31.9977,11697100
2026-02-03,32.12,32.13,31.17,31.44,31.3691,22943400
2026-02-04,31.46,31.47,30.78,31.08,31.0099,31990400
2026-02-05,30.74,30.92,30.4,30.46,30.3913,21685600
2026-02-06,30.69,31.2,30.6,31.11,31.0399,15116000
2026-02-09,31.07,31.54,30.98,31.42,31.3492,16565800
2026-02-10,31.49,31.58,31.26,31.28,31.2095,16234600
2026-02-11,31.48,31.5,30.96,31.13,31.0598,12599800
2026-02-12,31.25,31.27,30.44,30.51,30.4412,20439200
2026-02-13,30.55,30.71,30.32,30.43,30.3614,21435600
2026-02-17,30.32,30.66,30.09,30.53,30.4612,20459900
2026-02-18,30.58,30.9,30.51,30.71,30.6408,21978700
2026-02-19,30.59,30.73,30.47,30.65,30.5809,13976200
2026-02-20,30.54,31.02,30.49,30.91,30.8403,17711900
2026-02-23,30.84,30.88,30.35,30.48,30.4113,14476400
2026-02-24,30.43,30.83,30.3,30.8,30.7306,14267100
2026-02-25,30.94,31.24,30.94,31.2,31.1297,10334300
2026-02-26,31.21,31.22,30.66,30.96,30.8902,18185500
2026-02-27,30.57,30.77,30.49,30.74,30.6707,20243900
2026-03-02,30.35,30.93,30.26,30.82,30.7505,29987300
2026-03-03,30.27,30.74,30.05,30.64,30.5709,40522800
2026-03-04,30.71,31.08,30.68,30.96,30.8902,18841600
2026-03-05,30.85,31.11,30.65,30.97,30.9002,32263400
2026-03-06,30.56,30.79,30.44,30.53,30.4612,25340200
2026-03-09,30.21,30.97,30.1,30.9,30.8303,30062600
2026-03-10,30.9,31.08,30.69,30.82,30.7505,24217000
2026-03-11,30.87,31.06,30.63,30.8,30.7306,15748800
2026-03-12,30.58,30.63,30.23,30.24,30.1718,21087000
2026-03-13,30.37,30.49,29.86,29.91,29.8426,21949600
2026-03-16,30.19,30.45,30.14,30.27,30.2018,15048800
2026-03-17,30.38,30.55,30.27,30.34,30.2716,13231200
2026-03-18,30.21,30.35,29.92,29.94,29.8725,22294800
2026-03-19,29.7,29.95,29.6,29.8,29.7328,27448400
2026-03-20,29.7,29.72,29.11,29.29,29.224,24455700
2026-03-23,29.77,30.05,29.62,29.7,29.633,25358100
2026-03-24,29.49,29.56,29.31,29.36,29.2938,19187700
2026-03-25,29.67,29.83,29.44,29.54,29.5096,19024100
2026-03-26,29.3,29.46,28.86,28.88,28.8503,16698600
2026-03-27,28.71,28.73,28.13,28.19,28.161,27482800
2026-03-30,28.42,28.47,27.96,28.1,28.0711,22099300
2026-03-31,28.42,29.21,28.42,29.13,29.1,30446500
2026-04-01,29.37,29.6,29.21,29.41,29.3797,19050100
2026-04-02,28.95,29.52,28.8,29.42,29.3897,18610800
2026-04-06,29.44,29.62,29.36,29.54,29.5096,15466100
2026-04-07,29.47,29.63,29.08,29.63,29.5995,19196400
2026-04-08,30.63,30.71,30.22,30.35,30.3188,17560400
2026-04-09,30.33,30.5,30.09,30.45,30.4186,12655300
2026-04-10,30.53,30.64,30.43,30.51,30.4786,30721900
2026-04-13,30.43,30.96,30.39,30.95,30.9181,11119500
2026-04-14,31.13,31.55,31.13,31.51,31.4776,10589700
2026-04-15,31.65,32.11,31.63,32.09,32.057,16191800
2026-04-16,32.23,32.27,31.92,32.13,32.0969,10868700
2026-04-17,32.43,32.71,32.38,32.62,32.5864,13756200
2026-04-20,32.53,32.59,32.29,32.54,32.5065,9602100
2026-04-21,32.64,32.74,32.26,32.33,32.2967,13345600
2026-04-22,32.6,32.88,32.54,32.85,32.8162,8214500
2026-04-23,32.65,32.73,32.12,32.44,32.4066,14885900
2026-04-24,32.58,32.95,32.51,32.92,32.8861,9436100
2026-04-27,32.8,33.03,32.74,33.01,32.976,8938500
2026-04-28,32.72,32.84,32.6,32.77,32.7363,10315100
2026-04-29,32.68,32.74,32.51,32.7,32.6663,9176500
2026-04-30,32.89,32.98,32.41,32.91,32.8761,11775000
2026-05-01,33.14,33.36,33.12,33.14,33.1059,9095400
2026-05-04,33.15,33.28,32.87,33.08,33.0459,9984300
2026-05-05,33.29,33.31,33.15,33.22,33.1858,8485200
2026-05-06,33.47,33.84,33.41,33.81,33.7752,9453200
2026-05-07,33.98,34.16,33.78,33.89,33.8551,11971900
2026-05-08,33.97,34.14,33.92,34.12,34.0849,9804400
2026-05-11,33.91,34.26,33.91,34.13,34.0949,10178400
2026-05-12,34.02,34.11,33.74,34.07,34.0349,85366800
2026-05-13,34.04,34.43,33.85,34.32,34.2847,9082000
2026-05-14,34.37,34.74,34.35,34.69,34.6543,8655900
2026-05-15,34.35,34.54,34.12,34.26,34.2247,9250000
2026-05-18,34.25,34.38,33.93,34.19,34.1548,10655200
2026-05-19,34.04,34.15,33.77,33.89,33.8551,8594600
2026-05-20,33.93,34.32,33.87,34.31,34.2747,13614400
2026-05-21,34.18,34.46,34.03,34.3,34.2647,7718900
2026-05-22,34.48,34.6,34.32,34.37,34.3346,7688600
2026-05-26,34.53,34.65,34.44,34.57,34.5344,8869000
2026-05-27,34.5,34.63,34.48,34.57,34.5344,8060400
2026-05-28,34.58,35.0,34.55,34.99,34.954,12433900
2026-05-29,35.0,35.2,34.97,35.12,35.0838,10679800
2026-06-01,35.16,35.42,35.1,35.3,35.2637,10121900
2026-06-02,35.16,35.2,34.98,35.1,35.0639,7142100
2026-06-03,35.04,35.05,34.58,34.67,34.6343,6648700
2026-06-04,34.54,34.87,34.47,34.79,34.7542,5329500
2026-06-05,34.58,34.64,33.61,33.75,33.7152,13512900
2026-06-08,33.97,34.1,33.75,33.8,33.7652,9065100
2026-06-09,33.97,34.17,32.78,33.53,33.4955,13968000
2026-06-10,33.3,33.52,32.85,32.87,32.8362,16471900
2026-06-11,32.95,33.47,32.68,33.38,33.3456,13145200
2026-06-12,33.53,33.58,33.12,33.42,33.3856,11997700
2026-06-15,34.0,34.33,33.96,34.22,34.1848,7657600
2026-06-16,34.13,34.17,33.93,33.96,33.925,6087700
2026-06-17,33.95,34.01,33.37,33.46,33.4255,13526000
2026-06-18,33.83,33.97,33.53,33.9,33.8651,6551100
2026-06-22,33.8,34.0,33.46,33.48,33.4455,8435600
2026-06-23,33.06,33.34,33.02,33.02,32.986,6120600
2026-06-24,33.06,33.4,32.91,32.98,32.98,8753200
2026-06-25,32.99,33.01,32.52,32.62,32.62,9563600
2026-06-26,32.48,33.06,32.43,32.84,32.84,9456300
2026-06-29,33.22,33.55,33.14,33.46,33.46,8968200
2026-06-30,33.46,33.9,33.46,33.84,33.84,6676700
2026-07-01,33.95,34.3,33.83,34.11,34.11,6499400
2026-07-02,34.14,34.43,33.92,34.12,34.12,7697000
2026-07-06,34.2,34.58,34.18,34.53,34.53,7024500
2026-07-07,34.5,34.55,34.22,34.31,34.31,7942400
2026-07-08,34.11,34.27,33.87,34.23,34.23,8756100
2026-07-09,34.14,34.55,34.06,34.54,34.54,5948400
2026-07-10,34.64,34.68,34.31,34.65,34.65,6419300
2026-07-13,34.52,34.64,34.3,34.37,34.37,6331400
2026-07-14,34.34,34.65,34.29,34.58,34.58,6061600
2026-07-15,34.72,34.92,34.68,34.9,34.9,7705200
2026-07-16,34.81,34.88,34.48,34.63,34.63,8052400
2026-07-17,34.01,34.35,33.94,34.18,34.18,8490900
2026-07-20,34.34,34.45,34.14,34.15,34.15,7217700
2026-07-21,34.23,34.29,34.14,34.27,34.27,7088600
2026-07-22,34.16,34.18,33.99,34.05,34.05,6066700
2026-07-23,33.58,33.68,33.2,33.4,33.4,7389000
2026-07-24,33.49,33.72,33.37,33.46,33.46,8112000
2026-07-27,33.86,33.9,33.44,33.58,33.58,8904900
2026-07-28,33.57,33.86,33.38,33.74,33.74,6501800
2026-07-29,33.59,33.91,33.22,33.24,33.24,6934200
2026-07-30,33.54,33.83,33.46,33.79,33.79,7716300
2026-07-31,33.9,34.25,33.62,34.17,34.17,7396700
2026-08-03,34.36,34.95,34.34,34.86,34.86,7633400
2026-08-04,34.95,35.64,34.92,35.52,35.52,8086000
2026-08-05,35.81,35.91,35.4,35.45,35.45,6839300
2026-08-06,35.42,35.59,35.34,35.42,35.42,9869500
2026-08-07,35.65,35.86,35.63,35.78,35.78,5424100
2026-08-10,35.77,35.92,35.71,35.83,35.83,6788100
2026-08-11,35.92,35.94,35.59,35.65,35.65,4102200
2026-08-12,35.8,35.82,35.58,35.61,35.61,6347500
2026-08-13,35.77,35.99,35.72,35.94,35.94,4705500
2026-08-14,35.98,35.98,35.75,35.79,35.79,4299800
2026-08-17,35.75,35.8,35.45,35.47,35.47,4779900
2026-08-18,35.3,35.38,35.2,35.25,35.25,4168100
2026-08-19,35.34,35.6,35.25,35.46,35.46,11829300
2026-08-20,35.36,35.4,35.06,35.1,35.1,5138500
2026-08-21,35.25,35.43,35.11,35.32,35.32,4325000
2026-08-24,35.28,35.32,35.11,35.17,35.17,5929700
2026-08-25,35.31,35.43,35.22,35.32,35.32,5931500
2026-08-26,35.21,35.39,35.16,35.31,35.31,5450700
2026-08-27,35.56,35.94,35.53,35.86,35.86,7283200
2026-08-28,35.9,36.11,35.73,35.78,35.78,6702300
2026-08-31,35.66,35.72,35.52,35.66,35.66,7714500
2026-09-01,35.3,35.45,35.18,35.27,35.27,7055400
2026-09-02,35.25,35.44,35.19,35.32,35.32,6729900
2026-09-03,35.56,35.92,35.52,35.84,35.84,7378800
2026-09-04,35.75,35.79,35.47,35.53,35.53,6785700
2026-09-08,35.41,35.43,35.19,35.25,35.25,8057500
2026-09-09,35.17,35.19,34.94,35.01,35.01,7694500
2026-09-10,34.76,34.98,34.74,34.86,34.86,6262600
2026-09-11,35.16,35.29,35.11,35.16,35.16,7189200
2026-09-14,35.03,35.38,34.98,35.25,35.25,8439400
2026-09-15,35.15,35.22,34.94,35.01,35.01,7949700
2026-09-16,35.08,35.28,34.74,34.95,34.95,11783600
2026-09-17,35.41,35.46,35.24,35.4,35.4,7647200
2026-09-18,35.5,35.52,35.27,35.43,35.43,6073100
2026-09-21,35.71,36.33,35.67,36.27,36.27,7216200
2026-09-22,36.26,36.425,36.26,36.32,36.32,8327126
2026-09-23,36.3,36.3,35.89,36.0,36.0,8584400
2026-09-24,35.71,36.1188,35.7,36.06,36.06,9327258
