date,open,high,low,close,adj_close,volume
2015-01-02,27.33,27.58,27.035,27.245,24.2927,3612000
2015-01-05,27.155,27.18,26.745,26.76,23.8603,5594600
2015-01-06,26.72,26.72,26.035,26.13,23.2985,12135800
2015-01-07,26.255,26.575,26.19,26.47,23.6017,8044600
2015-01-08,26.805,27.21,26.69,27.13,24.1902,6162000
2015-01-09,27.2,27.235,26.735,27.05,24.1189,3346600
2015-01-12,27.01,27.06,26.54,26.705,23.8112,6240800
2015-01-13,26.755,27.245,26.415,26.555,23.6775,7038800
2015-01-14,26.35,26.665,26.19,26.455,23.5883,7464200
2015-01-15,26.8,27.015,26.53,26.6,23.7176,7772800
2015-01-16,26.435,26.85,26.275,26.815,23.9093,7306000
2015-01-20,26.895,27.16,26.745,27.08,24.1456,5092000
2015-01-21,27.045,27.495,26.96,27.43,24.4577,5385000
2015-01-22,27.39,27.675,26.965,27.675,24.6761,6108000
2015-01-23,27.565,27.77,27.495,27.555,24.5691,3743000
2015-01-26,27.51,27.595,27.29,27.56,24.5736,3602400
2015-01-27,27.17,27.27,26.815,27.01,24.0832,10021800
2015-01-28,27.35,27.47,26.775,26.78,23.8781,7021000
2015-01-29,26.86,27.06,26.45,26.93,24.0119,6044600
2015-01-30,26.73,26.935,26.325,26.365,23.5081,7182600
2015-02-02,26.37,26.49,25.92,26.415,23.5527,13757400
2015-02-03,26.62,26.825,26.445,26.79,23.887,6067600
2015-02-04,26.78,27.16,26.78,26.98,24.0564,7655800
2015-02-05,27.155,27.25,26.925,27.25,24.2972,5047200
2015-02-06,27.25,27.42,26.9,26.96,24.0386,5105800
2015-02-09,26.865,26.865,26.465,26.605,23.7221,5815400
2015-02-10,27.08,27.49,26.915,27.48,24.5023,7357600
2015-02-11,27.495,27.725,27.4,27.64,24.6449,5740400
2015-02-12,27.75,28.03,27.74,28.03,24.9927,5937400
2015-02-13,28.065,28.25,27.93,28.195,25.1398,5912200
2015-02-17,28.145,28.325,28.07,28.315,25.2468,3562600
2015-02-18,28.295,28.31,28.11,28.22,25.1621,5212800
2015-02-19,28.145,28.31,28.085,28.235,25.1754,4734000
2015-02-20,28.25,28.385,28.07,28.365,25.2914,4190800
2015-02-23,28.315,28.345,28.08,28.16,25.1086,2701400
2015-02-24,28.18,28.745,28.075,28.74,25.6257,5209600
2015-02-25,28.665,28.715,28.48,28.545,25.4519,3616600
2015-02-26,28.57,28.755,28.52,28.65,25.5455,4028800
2015-02-27,28.64,28.69,28.465,28.485,25.3984,7039000
2015-03-02,28.725,29.235,28.725,29.235,26.0671,9773800
2015-03-03,29.075,29.135,28.7,28.755,25.6391,9878000
2015-03-04,28.755,28.755,28.42,28.71,25.599,4061800
2015-03-05,28.86,28.88,28.58,28.7,25.5901,2515600
2015-03-06,28.555,28.63,28.275,28.34,25.2691,3590600
2015-03-09,28.305,28.37,28.125,28.24,25.1799,3771200
2015-03-10,28.01,28.06,27.66,27.665,24.6672,9557800
2015-03-11,27.855,28.15,27.855,27.87,24.85,7273200
2015-03-12,27.395,27.795,27.395,27.715,24.7118,9198600
2015-03-13,27.685,27.955,27.585,27.945,24.9169,6343000
2015-03-16,28.01,28.345,28.01,28.315,25.2468,5882000
2015-03-17,28.095,28.165,27.945,28.125,25.0774,2674200
2015-03-18,28.075,28.53,27.77,28.385,25.3092,10024200
2015-03-19,28.355,28.48,28.33,28.42,25.3404,4733200
2015-03-20,28.575,28.94,28.575,28.87,25.7416,6201400
2015-03-23,28.805,28.915,28.615,28.615,25.5143,5507200
2015-03-24,28.58,28.66,28.355,28.355,25.2824,5225800
2015-03-25,28.365,28.365,26.985,27.03,24.101,20870600
2015-03-26,26.48,27.06,26.31,26.835,23.9272,23673400
2015-03-27,26.795,27.865,26.755,27.695,24.694,15603400
2015-03-30,27.775,28.065,27.615,27.93,24.9035,10097400
2015-03-31,27.805,27.975,27.635,27.65,24.6538,5471600
2015-04-01,27.675,27.675,27.28,27.38,24.4131,6369800
2015-04-02,27.515,27.705,27.425,27.455,24.48,5737000
2015-04-06,27.12,27.59,27.05,27.525,24.5424,6550400
2015-04-07,27.51,27.78,27.49,27.54,24.5558,3759000
2015-04-08,27.445,27.75,27.435,27.675,24.6761,3848800
2015-04-09,27.44,27.975,27.44,27.95,24.9213,5220800
2015-04-10,27.915,28.115,27.915,28.115,25.0685,3024400
2015-04-13,28.125,28.225,27.9,27.92,24.8946,6005200
2015-04-14,27.935,27.96,27.545,27.665,24.6672,5845200
2015-04-15,27.84,28.28,27.84,28.18,25.1264,6375200
2015-04-16,27.865,28.13,27.865,28.055,25.015,10816800
2015-04-17,27.795,27.835,27.56,27.695,24.694,5640800
2015-04-20,27.845,28.045,27.845,27.925,24.899,3556400
2015-04-21,28.2,28.32,27.995,28.105,25.0595,4024800
2015-04-22,28.305,28.615,28.135,28.615,25.5143,4985800
2015-04-23,28.095,28.44,28.085,28.32,25.2512,5246400
2015-04-24,28.395,28.485,27.92,28.02,24.9837,8055600
2015-04-27,28.06,28.525,28.015,28.245,25.1844,27557800
2015-04-28,28.215,28.24,27.83,28.225,25.1665,6500800
2015-04-29,28.025,28.12,27.765,28.02,24.9837,8033200
2015-04-30,27.925,28.035,27.59,27.73,24.7252,6352200
2015-05-01,27.98,28.53,27.975,28.52,25.4296,8296000
2015-05-04,28.55,28.59,28.315,28.365,25.2914,5460400
2015-05-05,28.21,28.275,27.81,27.825,24.8099,12282200
2015-05-06,27.965,28.065,27.63,27.82,24.8054,8962200
2015-05-07,27.89,28.115,27.87,28.02,24.9837,6930200
2015-05-08,28.22,28.405,28.2,28.285,25.22,8114400
2015-05-11,28.265,28.365,28.17,28.275,25.2111,6724400
2015-05-12,28.18,28.205,27.91,28.06,25.0194,6319400
2015-05-13,28.13,28.405,28.12,28.2,25.1442,4333200
2015-05-14,28.36,28.61,28.275,28.49,25.4028,8296400
2015-05-15,28.59,28.65,28.395,28.53,25.4385,6632000
2015-05-18,28.6,28.79,28.465,28.78,25.6614,3563400
2015-05-19,28.9,28.98,28.615,28.73,25.6168,4022400
2015-05-20,28.715,29.0,28.66,28.815,25.6926,3047400
2015-05-21,28.795,28.92,28.595,28.87,25.7416,2819400
2015-05-22,28.845,28.995,28.845,28.895,25.7639,1732400
2015-05-26,28.85,28.85,28.545,28.665,25.5589,4396800
2015-05-27,28.81,29.825,28.735,29.735,26.5129,15446400
2015-05-28,29.71,29.885,29.565,29.775,26.5486,13910600
2015-05-29,29.815,29.995,29.745,29.905,26.6645,11821400
2015-06-01,29.985,30.065,29.64,29.8,26.5709,7304000
2015-06-02,29.655,29.765,29.365,29.375,26.1919,5703400
2015-06-03,29.565,29.57,29.145,29.17,26.0091,3508400
2015-06-04,29.075,29.15,28.74,28.825,25.7015,6571200
2015-06-05,28.76,28.855,28.555,28.74,25.6257,3332600
2015-06-08,28.745,28.75,28.165,28.225,25.1665,8659600
2015-06-09,28.25,28.36,28.025,28.255,25.1933,7530200
2015-06-10,28.415,28.79,28.4,28.685,25.5767,5838200
2015-06-11,28.84,28.895,28.69,28.72,25.6079,3451400
2015-06-12,28.585,28.655,28.44,28.475,25.3894,3000800
2015-06-15,28.195,28.43,28.07,28.395,25.3181,5048600
2015-06-16,28.29,28.59,28.23,28.52,25.4296,3259600
2015-06-17,28.52,28.68,28.44,28.545,25.4519,2815200
2015-06-18,28.64,29.055,28.635,28.95,25.813,4358000
2015-06-19,29.025,29.045,28.71,28.845,25.7193,5700200
2015-06-22,29.06,29.125,28.93,29.095,25.9423,4815000
2015-06-23,29.145,29.205,28.865,28.955,25.8174,3083400
2015-06-24,28.96,29.01,28.71,28.73,25.6168,4513800
2015-06-25,28.94,28.995,28.73,28.795,25.6748,2351400
2015-06-26,28.51,28.51,27.775,27.955,24.9258,20158600
2015-06-29,27.59,27.75,27.12,27.155,24.2125,14581800
2015-06-30,27.425,27.51,27.15,27.285,24.3284,9920600
2015-07-01,27.555,27.74,27.305,27.39,24.422,7093600
2015-07-02,27.495,27.66,27.365,27.56,24.5736,7262600
2015-07-06,27.285,27.515,26.995,27.115,24.1768,9861600
2015-07-07,26.95,27.045,26.22,26.98,24.0564,15372200
2015-07-08,26.715,26.715,26.195,26.275,23.4278,19992600
2015-07-09,26.79,26.815,25.935,25.98,23.1648,13330600
2015-07-10,26.235,26.535,26.235,26.45,23.5839,12053600
2015-07-13,26.61,26.74,26.24,26.68,23.7889,8819000
2015-07-14,26.805,26.96,26.765,26.895,23.9807,10953600
2015-07-15,26.945,26.985,26.64,26.76,23.8603,8059800
2015-07-16,26.91,26.91,26.45,26.745,23.8469,12379600
2015-07-17,26.74,26.765,26.47,26.73,23.8335,7441800
2015-07-20,26.755,26.815,26.505,26.515,23.6418,4809800
2015-07-21,26.51,26.73,26.455,26.495,23.624,5674200
2015-07-22,25.76,26.235,25.61,25.85,23.0489,17806200
2015-07-23,26.02,26.51,26.0,26.21,23.3699,10110600
2015-07-24,26.275,26.3,25.59,25.605,22.8304,7354400
2015-07-27,25.44,25.67,25.215,25.505,22.7413,9295400
2015-07-28,25.595,26.2,25.445,26.035,23.2138,14212600
2015-07-29,26.085,26.2,25.855,26.14,23.3075,7922000
2015-07-30,26.15,26.455,26.07,26.38,23.5215,7605200
2015-07-31,26.365,26.375,26.015,26.075,23.2495,4326000
2015-08-03,26.03,26.05,25.805,25.95,23.1381,5694800
2015-08-04,25.885,25.935,25.51,25.675,22.8928,7697200
2015-08-05,26.115,26.175,25.695,25.985,23.1693,6238200
2015-08-06,26.0,26.0,25.45,25.685,22.9018,8453800
2015-08-07,25.595,25.78,25.505,25.75,22.9597,5166200
2015-08-10,25.9,26.475,25.885,26.4,23.5393,9107600
2015-08-11,26.0,26.085,25.695,25.8,23.0043,5672400
2015-08-12,25.47,25.965,25.245,25.865,23.0623,6472000
2015-08-13,25.79,25.875,25.505,25.51,22.7457,3232400
2015-08-14,25.395,25.46,25.165,25.325,22.5808,4578800
2015-08-17,25.205,25.535,25.02,25.52,22.7546,6324000
2015-08-18,25.47,25.505,25.025,25.07,22.3534,10867600
2015-08-19,25.11,25.13,24.655,24.815,22.126,15532000
2015-08-20,24.61,24.62,24.0,24.005,21.4038,10792600
2015-08-21,23.72,24.06,23.345,23.395,20.8599,21142200
2015-08-24,21.765,23.985,21.765,23.025,20.53,19834000
2015-08-25,23.485,24.025,22.83,22.83,20.3561,12624200
2015-08-26,23.285,23.91,23.075,23.875,21.2879,9502600
2015-08-27,24.19,24.725,24.19,24.67,21.9968,11120600
2015-08-28,24.64,24.945,24.565,24.88,22.184,9824600
2015-08-31,24.77,25.06,24.57,24.775,22.0904,5967800
2015-09-01,24.28,24.51,23.845,24.005,21.4038,13667000
2015-09-02,24.485,24.615,24.22,24.6,21.9343,8109600
2015-09-03,24.815,25.13,24.75,24.845,22.1528,5681400
2015-09-04,24.58,24.685,24.325,24.455,21.805,6818400
2015-09-08,25.045,25.415,24.99,25.385,22.6343,10223200
2015-09-09,25.615,25.875,24.93,25.0,22.291,13549200
2015-09-10,24.945,25.325,24.685,25.08,22.3623,10696200
2015-09-11,24.855,25.16,24.8,25.125,22.4024,7115600
2015-09-14,25.27,25.325,25.075,25.185,22.4559,2958200
2015-09-15,25.405,25.66,25.32,25.555,22.7859,7775600
2015-09-16,25.625,25.695,25.4,25.67,22.8884,2446200
2015-09-17,25.67,25.94,25.475,25.505,22.7413,5659600
2015-09-18,25.075,25.41,24.98,25.075,22.3579,8768000
2015-09-21,25.25,25.285,24.91,25.06,22.3445,5692200
2015-09-22,24.56,24.73,24.435,24.54,21.8808,10660600
2015-09-23,24.57,24.66,24.335,24.365,21.7248,3530400
2015-09-24,24.11,24.48,23.77,24.355,21.7159,7770200
2015-09-25,24.71,24.82,24.295,24.485,21.8318,4268400
2015-09-28,24.405,24.515,23.94,23.965,21.3681,6083400
2015-09-29,23.96,24.295,23.84,24.13,21.5153,8143600
2015-09-30,24.6,25.01,24.525,24.94,22.2375,6315200
2015-10-01,25.015,25.015,24.38,24.775,22.0904,5670000
2015-10-02,24.47,25.18,24.445,25.165,22.4381,7659600
2015-10-05,25.425,25.765,25.305,25.61,22.8349,7922400
2015-10-06,25.59,25.805,25.335,25.715,22.9285,11149000
2015-10-07,25.99,26.25,25.705,26.1,23.2718,9412200
2015-10-08,26.12,26.435,25.91,26.435,23.5705,5992400
2015-10-09,26.305,26.39,26.01,26.13,23.2985,4006200
2015-10-12,26.255,26.255,26.075,26.17,23.3342,2566600
2015-10-13,25.965,26.12,25.84,25.85,23.0489,6764400
2015-10-14,25.83,26.84,25.745,26.625,23.7399,23660200
2015-10-15,26.805,26.97,26.615,26.805,23.9004,9743400
2015-10-16,26.84,26.94,26.685,26.915,23.9985,4762400
2015-10-19,26.93,27.06,26.77,26.935,24.0163,5340800
2015-10-20,26.9,27.005,26.775,26.88,23.9673,6586800
2015-10-21,27.19,27.36,26.925,26.93,24.0119,6060600
2015-10-22,27.325,27.835,27.325,27.75,24.743,9127400
2015-10-23,28.01,28.18,27.78,28.065,25.0239,10415000
2015-10-26,28.04,28.04,27.445,27.53,24.5468,4209000
2015-10-27,27.335,27.555,27.285,27.36,24.3953,7205000
2015-10-28,27.5,27.71,27.325,27.635,24.6405,9957000
2015-10-29,27.03,27.16,26.885,26.92,24.0029,8654200
2015-10-30,27.035,27.235,27.015,27.105,24.1679,3365600
2015-11-02,27.17,27.405,27.11,27.36,24.3953,3818800
2015-11-03,27.275,27.72,27.235,27.595,24.6048,3427600
2015-11-04,27.73,27.815,27.565,27.775,24.7653,4005000
2015-11-05,27.555,27.595,26.985,27.055,24.1233,5219400
2015-11-06,27.22,27.625,27.15,27.595,24.6048,6433000
2015-11-09,27.555,27.555,27.21,27.375,24.4086,3274400
2015-11-10,27.0,27.085,26.83,26.94,24.0208,4874800
2015-11-11,26.95,27.215,26.93,26.95,24.0297,2070800
2015-11-12,26.85,26.965,26.6,26.605,23.7221,4982600
2015-11-13,26.545,26.63,26.215,26.33,23.4769,6644800
2015-11-16,26.33,26.67,26.325,26.67,23.78,3844200
2015-11-17,26.64,27.08,26.64,26.94,24.0208,5432800
2015-11-18,26.935,27.11,26.695,27.08,24.1456,5680400
2015-11-19,27.26,27.53,27.045,27.29,24.3328,7587400
2015-11-20,27.365,27.56,27.305,27.395,24.4265,2667800
2015-11-23,27.395,27.395,27.04,27.085,24.1501,2456000
2015-11-24,26.935,27.4,26.935,27.37,24.4042,8014400
2015-11-25,27.34,27.535,27.29,27.41,24.4398,2013000
2015-11-27,27.435,27.605,27.425,27.545,24.5602,1344600
2015-11-30,27.65,27.9,27.55,27.9,24.8767,4766800
2015-12-01,27.94,28.23,27.94,28.23,25.171,3111400
2015-12-02,28.31,28.445,28.08,28.12,25.0729,3616200
2015-12-03,28.475,28.485,27.77,27.93,24.9035,6402600
2015-12-04,27.985,28.46,27.85,28.4,25.3226,3891600
2015-12-07,28.495,28.495,28.125,28.165,25.113,4817800
2015-12-08,27.83,28.025,27.7,27.91,24.8857,3872000
2015-12-09,27.84,27.98,27.46,27.615,24.6226,6798800
2015-12-10,27.61,27.925,27.6,27.715,24.7118,3527000
2015-12-11,27.35,27.51,27.125,27.18,24.2348,7769600
2015-12-14,27.2,27.245,26.685,26.975,24.052,8035000
2015-12-15,27.09,27.535,27.09,27.4,24.4309,6334600
2015-12-16,27.6,27.66,27.18,27.615,24.6226,3467800
2015-12-17,27.705,27.805,27.215,27.245,24.2927,7532800
2015-12-18,27.035,27.175,26.87,26.87,23.9584,8333200
2015-12-21,26.565,26.76,26.48,26.76,24.3779,5164400
2015-12-22,26.81,26.9,26.66,26.875,24.4826,2294600
2015-12-23,26.925,27.055,26.87,27.02,24.6147,1595600
2015-12-24,26.965,27.2,26.94,27.095,24.683,927000
2015-12-28,26.995,27.06,26.76,27.03,24.6238,3046000
2015-12-29,27.14,27.425,27.115,27.33,24.8971,2377200
2015-12-30,27.39,27.39,27.04,27.065,24.6557,4888800
2015-12-31,26.96,26.96,26.64,26.64,24.2685,3246000
2016-01-04,26.17,26.36,25.995,26.36,24.0135,5739200
2016-01-05,26.36,26.43,26.07,26.115,23.7903,6894800
2016-01-06,25.645,25.695,25.215,25.44,23.1754,6245200
2016-01-07,24.85,25.21,24.625,24.655,22.4603,9856200
2016-01-08,24.73,24.9,24.265,24.265,22.105,6364600
2016-01-11,24.57,24.68,24.14,24.485,22.3054,6564400
2016-01-12,24.825,24.89,24.345,24.695,22.4967,9614000
2016-01-13,24.58,24.885,23.94,23.97,21.8362,10653400
2016-01-14,24.065,24.725,23.855,24.605,22.4147,9039800
2016-01-15,23.395,23.68,23.07,23.35,21.2714,10587000
2016-01-19,23.705,23.885,23.305,23.505,21.4126,15148600
2016-01-20,23.215,23.795,23.005,23.565,21.4673,10765000
2016-01-21,23.83,24.165,23.495,23.89,21.7633,8607200
2016-01-22,24.36,24.485,24.18,24.345,22.1778,8001200
2016-01-25,24.3,24.38,24.03,24.07,21.9273,4509600
2016-01-26,24.19,24.44,24.075,24.275,22.1141,7913600
2016-01-27,24.205,24.43,23.9,24.005,21.8681,7428600
2016-01-28,24.115,24.18,23.765,23.88,21.7542,6481600
2016-01-29,24.29,24.9,24.11,24.86,22.647,11275000
2016-02-01,24.65,25.115,24.65,24.97,22.7472,4788200
2016-02-02,24.695,24.81,24.185,24.285,22.1232,9225400
2016-02-03,24.485,24.55,23.84,24.32,22.1551,16536000
2016-02-04,24.39,24.9,24.315,24.79,22.5832,5473200
2016-02-05,24.645,24.675,23.835,23.925,21.7952,10674000
2016-02-08,23.51,23.57,23.035,23.415,21.3306,11078000
2016-02-09,23.05,23.645,23.04,23.315,21.2395,6885000
2016-02-10,23.43,23.57,22.96,22.98,20.9344,4779600
2016-02-11,22.635,22.93,22.515,22.815,20.784,8039000
2016-02-12,23.3,23.3,22.725,23.265,21.194,4430800
2016-02-16,24.305,24.305,23.565,24.055,21.9137,8423800
2016-02-17,24.21,24.655,24.13,24.63,22.4375,4024400
2016-02-18,24.81,24.825,24.525,24.53,22.3464,2861200
2016-02-19,24.61,24.775,24.47,24.575,22.3874,5254600
2016-02-22,24.835,25.08,24.825,24.975,22.7518,5169400
2016-02-23,24.775,24.895,24.51,24.555,22.3692,3320400
2016-02-24,24.23,24.915,24.135,24.87,22.6561,6106000
2016-02-25,24.98,25.16,24.675,25.16,22.9203,2591600
2016-02-26,25.31,25.415,25.2,25.3,23.0478,4801400
2016-02-29,25.31,25.615,25.205,25.215,22.9704,4661400
2016-03-01,25.555,25.99,25.475,25.99,23.6764,3944600
2016-03-02,25.925,26.125,25.865,26.125,23.7994,2565200
2016-03-03,26.205,26.25,26.015,26.185,23.8541,3599600
2016-03-04,26.285,26.575,26.09,26.355,24.0089,6209800
2016-03-07,26.19,26.555,26.09,26.455,24.1,6493000
2016-03-08,26.25,26.355,25.915,25.955,23.6445,7157600
2016-03-09,26.085,26.22,25.97,26.14,23.8131,3137000
2016-03-10,26.305,26.525,25.895,26.28,23.9406,5354400
2016-03-11,26.575,26.81,26.55,26.81,24.4234,4448000
2016-03-14,26.695,26.79,26.585,26.69,24.3141,4298600
2016-03-15,26.55,26.615,26.395,26.6,24.2321,2575200
2016-03-16,26.515,26.935,26.5,26.91,24.5145,6804800
2016-03-17,26.83,27.135,26.81,27.095,24.683,6516400
2016-03-18,27.125,27.45,27.125,27.44,24.9973,2838400
2016-03-21,27.295,27.445,27.2,27.44,24.9973,4020200
2016-03-22,27.285,27.51,27.215,27.425,24.9837,1640600
2016-03-23,27.435,27.435,27.09,27.1,24.6876,3672200
2016-03-24,26.905,27.065,26.8,27.055,24.6466,3466200
2016-03-28,27.1,27.11,26.925,27.045,24.6375,2957600
2016-03-29,26.945,27.46,26.855,27.42,24.9791,5163600
2016-03-30,27.585,27.825,27.525,27.695,25.2296,5981600
2016-03-31,27.59,27.66,27.515,27.54,25.0884,3000000
2016-04-01,27.325,27.68,27.255,27.67,25.2069,3118400
2016-04-04,27.685,27.7,27.405,27.455,25.011,5429000
2016-04-05,27.255,27.405,27.205,27.25,24.8242,3150600
2016-04-06,27.12,27.53,27.02,27.505,25.0565,2722200
2016-04-07,27.335,27.4,27.04,27.14,24.724,3979400
2016-04-08,27.425,27.52,27.175,27.27,24.8425,2350800
2016-04-11,27.445,27.685,27.28,27.3,24.8698,5078600
2016-04-12,27.355,27.395,26.945,27.255,24.8288,3492600
2016-04-13,27.48,27.83,27.415,27.81,25.3344,3935400
2016-04-14,27.505,27.55,27.27,27.51,25.0611,4771400
2016-04-15,27.545,27.545,27.295,27.305,24.8743,5842200
2016-04-18,27.2,27.405,27.14,27.34,24.9062,3473600
2016-04-19,27.4,27.44,26.995,27.11,24.6967,5667800
2016-04-20,26.975,27.37,26.955,27.24,24.8151,5986000
2016-04-21,27.21,27.275,26.97,27.09,24.6785,4348000
2016-04-22,27.11,27.315,26.89,27.105,24.6922,3210000
2016-04-25,27.16,27.175,26.895,26.97,24.5692,2096800
2016-04-26,27.15,27.485,27.15,27.26,24.8334,4501000
2016-04-27,27.07,27.62,27.045,27.58,25.1249,6979200
2016-04-28,27.26,27.565,26.845,26.895,24.5009,6869000
2016-04-29,26.805,26.805,26.065,26.23,23.895,18970400
2016-05-02,26.28,26.46,26.15,26.405,24.0545,6567800
2016-05-03,26.165,26.27,25.99,26.13,23.8039,8778600
2016-05-04,25.91,26.11,25.77,25.85,23.5489,6204600
2016-05-05,25.97,26.16,25.835,25.945,23.6354,7554600
2016-05-06,25.775,25.98,25.65,25.95,23.64,6249600
2016-05-09,26.0,26.135,25.85,25.925,23.6172,4660200
2016-05-10,25.99,26.22,25.875,26.215,23.8814,4536800
2016-05-11,26.09,26.305,26.09,26.095,23.7721,1805000
2016-05-12,26.19,26.21,25.44,25.63,23.3485,13003400
2016-05-13,25.795,25.945,25.67,25.705,23.4168,4632600
2016-05-16,25.72,26.36,25.72,26.22,23.8859,3655800
2016-05-17,26.135,26.28,25.93,25.975,23.6627,4212200
2016-05-18,25.96,26.63,25.96,26.435,24.0818,6193200
2016-05-19,26.225,26.45,26.025,26.205,23.8723,3431200
2016-05-20,26.55,27.075,26.55,27.075,24.6648,8714400
2016-05-23,27.33,27.495,27.22,27.25,24.8242,7665600
2016-05-24,27.385,27.915,27.385,27.91,25.4255,6043200
2016-05-25,28.06,28.125,27.865,28.065,25.5667,6215400
2016-05-26,28.105,28.21,28.03,28.16,25.6532,5014000
2016-05-27,28.165,28.38,28.165,28.345,25.8218,2803800
2016-05-31,28.47,28.47,28.255,28.45,25.9174,7380000
2016-06-01,28.34,28.61,28.305,28.565,26.0222,3819600
2016-06-02,28.44,28.56,28.385,28.56,26.0176,4484600
2016-06-03,28.715,28.775,28.435,28.615,26.0677,5199000
2016-06-06,28.625,28.76,28.47,28.545,26.004,5914800
2016-06-07,28.655,28.88,28.625,28.845,26.2773,7954600
2016-06-08,28.84,28.905,28.75,28.85,26.2818,4424600
2016-06-09,28.6,28.88,28.53,28.85,26.2818,6188400
2016-06-10,28.485,28.565,28.27,28.35,25.8263,5754000
2016-06-13,28.195,28.545,28.185,28.23,25.717,3332200
2016-06-14,28.175,28.28,27.935,28.195,25.6851,7676600
2016-06-15,28.38,28.38,28.125,28.165,25.6578,2736800
2016-06-16,27.86,28.225,27.7,28.18,25.6715,7024600
2016-06-17,28.21,28.21,27.805,27.99,25.4984,10150400
2016-06-20,28.39,28.745,28.39,28.46,25.9265,5203600
2016-06-21,28.585,28.645,28.45,28.595,26.0495,6131000
2016-06-22,28.6,28.87,28.53,28.56,26.0176,7197800
2016-06-23,28.87,29.275,28.83,29.275,26.669,6354600
2016-06-24,27.975,28.46,27.565,27.565,25.1112,15770000
2016-06-27,27.295,27.325,26.545,26.715,24.3369,15619800
2016-06-28,27.11,27.445,27.0,27.445,25.0019,10836000
2016-06-29,27.78,28.07,27.665,28.005,25.512,10907400
2016-06-30,28.105,28.73,27.995,28.505,25.9675,7017200
2016-07-01,28.325,28.39,28.255,28.295,25.7762,3211400
2016-07-05,28.055,28.08,27.71,27.845,25.3663,5103200
2016-07-06,27.635,27.925,27.41,27.885,25.4027,6892400
2016-07-07,27.945,28.405,27.845,28.2,25.6897,3192400
2016-07-08,28.48,28.97,28.38,28.97,26.3911,5685600
2016-07-11,29.14,29.425,29.11,29.36,26.7464,2958400
2016-07-12,29.575,29.705,29.475,29.68,27.0379,2907800
2016-07-13,29.71,29.825,29.62,29.685,27.0425,1979000
2016-07-14,29.945,29.99,29.685,29.935,27.2702,3159600
2016-07-15,29.915,29.915,29.75,29.85,27.1928,4029400
2016-07-18,30.6,30.74,30.555,30.72,27.9854,5257200
2016-07-19,30.61,30.655,30.505,30.6,27.876,1668200
2016-07-20,30.725,31.125,30.675,31.07,28.3042,4552800
2016-07-21,31.025,31.04,30.665,30.805,28.0628,7103200
2016-07-22,30.715,30.99,30.585,30.99,28.2313,4302600
2016-07-25,31.005,31.16,31.005,31.135,28.3634,2636200
2016-07-26,31.41,32.15,31.295,32.035,29.1833,17223200
2016-07-27,32.26,32.26,31.765,31.92,29.0785,5555600
2016-07-28,31.895,32.045,31.755,31.88,29.0421,3439800
2016-07-29,31.88,31.945,31.61,31.75,28.9237,3932000
2016-08-01,31.83,31.95,31.75,31.84,29.0056,2496600
2016-08-02,31.775,31.905,31.245,31.42,28.623,11176000
2016-08-03,31.34,31.5,31.29,31.5,28.6959,2550600
2016-08-04,31.505,31.74,31.485,31.725,28.9009,3049800
2016-08-05,31.89,32.14,31.805,32.095,29.238,1860800
2016-08-08,32.21,32.25,32.04,32.095,29.238,1544600
2016-08-09,32.255,32.39,32.255,32.31,29.4338,3950000
2016-08-10,32.38,32.38,31.995,32.095,29.238,1284600
2016-08-11,32.195,32.27,32.055,32.225,29.3564,1214600
2016-08-12,32.25,32.43,32.245,32.36,29.4794,2661400
2016-08-15,32.465,32.8,32.465,32.725,29.8119,3495200
2016-08-16,32.685,32.69,32.5,32.535,29.6388,1530000
2016-08-17,32.54,32.54,32.29,32.465,29.575,4162200
2016-08-18,32.49,32.715,32.49,32.715,29.8028,2669800
2016-08-19,32.76,32.945,32.65,32.885,29.9576,1981200
2016-08-22,32.825,32.96,32.745,32.895,29.9667,1880600
2016-08-23,33.095,33.225,33.03,33.055,30.1125,3425000
2016-08-24,33.065,33.1,32.71,32.795,29.8756,3948200
2016-08-25,32.83,33.045,32.805,32.905,29.9758,3200800
2016-08-26,32.995,33.305,32.845,33.045,30.1034,4488200
2016-08-29,33.15,33.27,33.1,33.16,30.2081,2169000
2016-08-30,33.17,33.325,33.015,33.105,30.158,2923200
2016-08-31,33.165,33.185,32.945,33.105,30.158,2065000
2016-09-01,33.135,33.41,33.01,33.41,30.4359,3622400
2016-09-02,33.54,33.54,33.255,33.38,30.4086,4418800
2016-09-06,33.475,33.54,33.195,33.375,30.404,4397000
2016-09-07,33.515,33.57,33.12,33.155,30.2036,7942000
2016-09-08,33.045,33.17,32.88,33.09,30.1444,7480000
2016-09-09,32.8,32.805,31.845,31.89,29.0512,21847200
2016-09-12,31.71,32.56,31.53,32.545,29.6479,13353800
2016-09-13,32.435,32.625,32.05,32.19,29.3245,7442600
2016-09-14,32.23,32.555,32.085,32.46,29.5705,5247200
2016-09-15,32.54,33.325,32.375,33.265,30.3038,10300600
2016-09-16,33.725,33.725,33.035,33.28,30.3175,5363600
2016-09-19,33.625,33.84,33.32,33.395,30.4222,4351800
2016-09-20,33.59,33.63,33.2,33.27,30.3084,2850400
2016-09-21,33.54,33.79,33.32,33.73,30.7274,7751800
2016-09-22,34.07,34.195,33.775,33.89,30.8732,6243200
2016-09-23,33.875,33.89,33.465,33.495,30.5133,4215400
2016-09-26,33.3,33.375,33.08,33.185,30.2309,3491200
2016-09-27,33.125,33.745,33.075,33.73,30.7274,8105600
2016-09-28,33.815,33.925,33.54,33.775,30.7684,3194400
2016-09-29,33.72,34.395,33.415,34.19,31.1465,13499000
2016-09-30,34.415,34.875,34.405,34.735,31.6429,6644800
2016-10-03,34.675,34.905,34.425,34.465,31.397,4400000
2016-10-04,34.61,34.74,34.27,34.32,31.2649,7234000
2016-10-05,34.495,34.86,34.44,34.585,31.5063,8053000
2016-10-06,34.675,34.85,34.39,34.785,31.6885,4965800
2016-10-07,34.88,34.88,34.505,34.81,31.7113,4203000
2016-10-10,35.015,35.105,34.68,34.7,31.6111,3550200
2016-10-11,34.56,34.64,33.71,33.985,30.9597,8279400
2016-10-12,33.935,34.035,33.635,33.985,30.9597,8534800
2016-10-13,33.665,33.735,33.03,33.595,30.6044,13193800
2016-10-14,33.825,34.185,33.77,33.81,30.8003,4692200
2016-10-17,33.745,33.95,33.64,33.67,30.6727,1803000
2016-10-18,34.055,34.23,33.955,34.05,31.0189,5397800
2016-10-19,33.685,33.825,33.53,33.7,30.7001,13399600
2016-10-20,33.655,34.105,33.515,33.995,30.9688,7140800
2016-10-21,33.88,33.99,33.63,33.95,30.9278,4053400
2016-10-24,34.165,34.385,34.105,34.385,31.3241,2598200
2016-10-25,34.305,34.425,34.235,34.29,31.2376,2844600
2016-10-26,33.805,34.405,33.805,34.19,31.1465,2260000
2016-10-27,34.495,34.615,34.06,34.09,31.0554,5114800
2016-10-28,34.18,34.36,33.885,33.895,30.8777,4301600
2016-10-31,34.08,34.26,34.065,34.135,31.0963,3145400
2016-11-01,34.18,34.33,33.48,33.82,30.8094,5390400
2016-11-02,33.795,33.99,33.525,33.61,30.6181,3659800
2016-11-03,33.65,33.825,33.43,33.47,30.4906,5384400
2016-11-04,33.25,33.63,33.13,33.295,30.3311,6104000
2016-11-07,33.84,34.3,33.79,34.295,31.2421,4196000
2016-11-08,34.19,34.53,34.075,34.355,31.2968,1879000
2016-11-09,33.515,34.18,33.395,34.08,31.0463,10449400
2016-11-10,34.355,34.36,33.065,33.445,30.4678,11724200
2016-11-11,33.525,34.28,33.525,34.28,31.2284,13167800
2016-11-14,34.24,34.265,33.82,33.91,30.8914,5860400
2016-11-15,34.035,34.555,34.015,34.475,31.4061,5905600
2016-11-16,34.41,34.79,34.355,34.745,31.6521,3667800
2016-11-17,34.84,35.105,34.665,34.965,31.8525,3043200
2016-11-18,34.98,35.21,34.89,35.165,32.0347,10706200
2016-11-21,35.5,35.5,35.15,35.395,32.2442,7345400
2016-11-22,35.67,35.86,35.63,35.805,32.6177,6829600
2016-11-23,35.775,35.885,35.645,35.75,32.5676,3642200
2016-11-25,35.83,35.87,35.7,35.855,32.6632,887000
2016-11-28,35.78,35.915,35.685,35.765,32.5813,6545000
2016-11-29,35.605,35.83,35.48,35.63,32.4583,5897600
2016-11-30,35.68,35.72,35.51,35.53,32.3672,3534600
2016-12-01,35.475,35.475,33.745,33.84,30.8276,22106600
2016-12-02,33.815,34.42,33.8,34.385,31.3241,7593000
2016-12-05,34.62,34.83,34.445,34.73,31.6384,5308000
2016-12-06,34.855,35.11,34.77,35.11,31.9846,5366200
2016-12-07,35.0,35.835,34.895,35.81,32.6222,6927000
2016-12-08,35.815,36.16,35.78,36.025,32.8181,5062000
2016-12-09,36.295,36.35,35.69,35.84,32.6496,6822400
2016-12-12,35.705,35.805,35.38,35.69,32.5129,7697000
2016-12-13,35.76,36.35,35.76,36.325,33.0914,7620200
2016-12-14,36.11,36.225,35.85,35.935,32.7361,6313200
2016-12-15,36.04,36.6,36.035,36.51,33.2599,11967400
2016-12-16,36.58,36.635,35.895,36.04,32.8318,6983000
2016-12-19,35.845,36.195,35.82,36.195,33.2386,3446600
2016-12-20,36.24,36.39,36.135,36.25,33.2891,2349200
2016-12-21,36.495,36.495,36.17,36.215,33.257,4060200
2016-12-22,36.555,36.555,36.21,36.4,33.4269,1515200
2016-12-23,36.295,36.57,36.295,36.57,33.583,1045000
2016-12-27,36.665,36.985,36.665,36.88,33.8676,2561200
2016-12-28,37.025,37.17,36.27,36.27,33.3075,3869800
2016-12-29,36.125,36.33,36.0,36.28,33.3166,2533800
2016-12-30,36.46,36.6,35.76,35.82,32.8942,3038600
2017-01-03,36.42,36.42,35.66,35.88,32.9493,5741400
2017-01-04,36.04,36.15,35.89,35.995,33.0549,3870400
2017-01-05,36.08,36.21,35.785,35.785,32.8621,3016600
2017-01-06,35.835,36.11,35.695,35.97,33.032,5188000
2017-01-09,36.02,36.485,36.02,36.385,33.4131,4708400
2017-01-10,36.36,36.605,36.36,36.525,33.5416,3542000
2017-01-11,36.425,36.69,36.38,36.68,33.684,4425800
2017-01-12,36.44,36.44,35.895,36.07,33.1238,7836000
2017-01-13,36.425,36.675,36.365,36.605,33.6151,2261400
2017-01-17,36.5,36.535,36.085,36.175,33.2202,3131400
2017-01-18,36.365,36.815,36.3,36.815,33.8079,4002200
2017-01-19,36.565,36.82,36.465,36.535,33.5508,2134200
2017-01-20,36.88,37.125,36.83,36.885,33.8722,5442000
2017-01-23,36.78,36.84,36.38,36.56,33.5738,3328600
2017-01-24,36.72,37.275,36.72,37.275,34.2304,8233400
2017-01-25,37.63,37.76,37.435,37.735,34.6528,5480400
2017-01-26,37.775,37.775,37.31,37.445,34.3865,5233200
2017-01-27,37.625,37.925,37.625,37.925,34.8273,3379800
2017-01-30,37.81,37.81,37.325,37.745,34.662,3569400
2017-01-31,37.545,37.68,37.08,37.22,34.1799,4364800
2017-02-01,37.655,37.76,37.355,37.6,34.5288,3412600
2017-02-02,37.375,37.72,37.25,37.64,34.5656,2290200
2017-02-03,37.825,37.9,37.72,37.805,34.7171,3290600
2017-02-06,37.825,37.905,37.63,37.76,34.6758,1919800
2017-02-07,37.95,38.02,37.75,37.92,34.8227,2852800
2017-02-08,37.915,38.075,37.785,37.96,34.8594,2678600
2017-02-09,38.01,38.03,37.63,37.63,34.5564,3577800
2017-02-10,37.97,37.97,37.375,37.67,34.5931,4023000
2017-02-13,37.95,38.165,37.86,38.165,35.0477,3427000
2017-02-14,37.96,37.96,37.67,37.87,34.7768,3845400
2017-02-15,37.985,38.26,37.825,38.26,35.1349,3246000
2017-02-16,38.295,38.405,38.16,38.405,35.2681,3860000
2017-02-17,38.21,38.545,38.12,38.545,35.3966,3377000
2017-02-21,38.74,38.91,38.62,38.91,35.7318,2242200
2017-02-22,38.78,38.87,38.63,38.74,35.5757,2620200
2017-02-23,38.725,38.735,38.17,38.31,35.1808,5455400
2017-02-24,37.89,38.38,37.75,38.365,35.2313,2751600
2017-02-27,38.34,38.55,38.255,38.55,35.4012,3777400
2017-02-28,38.47,38.49,38.1,38.195,35.0752,4832800
2017-03-01,38.505,38.695,38.205,38.64,35.4839,3665200
2017-03-02,38.6,38.68,38.285,38.3,35.1716,3834400
2017-03-03,38.405,38.435,38.17,38.435,35.2956,2671000
2017-03-06,38.26,38.495,38.11,38.45,35.3094,5125000
2017-03-07,38.36,38.71,38.31,38.545,35.3966,3065800
2017-03-08,38.54,38.845,38.495,38.585,35.4334,3001000
2017-03-09,38.465,38.665,38.35,38.6,35.4471,2138200
2017-03-10,38.84,39.065,38.765,38.965,35.7823,3582200
2017-03-13,39.09,39.155,38.905,39.155,35.9568,5468200
2017-03-14,39.025,39.04,38.76,39.015,35.8283,2539800
2017-03-15,39.03,39.4,38.915,39.37,36.1543,4813800
2017-03-16,39.43,39.53,39.305,39.4,36.1818,3208400
2017-03-17,39.535,39.61,39.4,39.505,36.2782,4099000
2017-03-20,39.67,39.915,39.51,39.755,36.5078,2270400
2017-03-21,39.89,39.99,38.9,38.995,35.8099,10765000
2017-03-22,39.03,39.41,38.93,39.375,36.1589,6625800
2017-03-23,39.305,39.445,39.16,39.255,36.0487,2660600
2017-03-24,39.86,39.995,39.44,39.565,36.3333,3248400
2017-03-27,39.395,39.765,39.165,39.745,36.4986,2495800
2017-03-28,39.705,39.955,39.575,39.82,36.5675,4663800
2017-03-29,39.75,39.765,39.575,39.66,36.4206,2358200
2017-03-30,39.655,39.95,39.65,39.86,36.6042,1175800
2017-03-31,39.815,40.025,39.725,39.855,36.5996,1731400
2017-04-03,39.9,39.975,39.47,39.76,36.5124,2521000
2017-04-04,39.55,39.785,39.495,39.62,36.3838,2975400
2017-04-05,39.675,39.965,39.345,39.385,36.168,2891400
2017-04-06,39.31,39.505,39.09,39.405,36.1864,2020200
2017-04-07,39.37,39.655,39.335,39.56,36.3287,1723200
2017-04-10,39.54,39.545,39.125,39.21,36.0073,3922600
2017-04-11,39.08,39.08,38.405,38.915,35.7364,13529800
2017-04-12,38.925,38.945,38.285,38.41,35.2727,15788200
2017-04-13,38.215,38.7,38.125,38.125,35.0109,5420400
2017-04-17,38.305,38.56,38.295,38.54,35.3921,4378600
2017-04-18,38.385,38.71,38.315,38.695,35.5344,4251400
2017-04-19,39.02,39.205,38.81,38.905,35.7272,7181400
2017-04-20,39.16,39.505,38.99,39.465,36.2415,4511200
2017-04-21,39.305,39.39,39.04,39.305,36.0946,5448000
2017-04-24,39.905,40.0,39.74,39.875,36.618,4373800
2017-04-25,40.065,40.3,39.925,40.275,36.9853,4021800
2017-04-26,40.245,40.27,39.875,39.97,36.7052,3993000
2017-04-27,40.185,40.54,40.185,40.505,37.1965,5043800
2017-04-28,40.265,40.335,39.74,39.85,36.5951,8783400
2017-05-01,39.97,40.265,39.785,40.265,36.9762,4598600
2017-05-02,40.205,40.205,39.83,40.05,36.7787,6497400
2017-05-03,39.97,40.3,39.94,40.28,36.9899,5324800
2017-05-04,40.285,40.35,40.085,40.24,36.9532,1905800
2017-05-05,40.28,40.4,40.055,40.4,37.1001,2059000
2017-05-08,40.45,40.465,40.25,40.3,37.0083,1855000
2017-05-09,40.365,40.785,40.365,40.705,37.3802,3260600
2017-05-10,41.115,41.335,40.96,41.22,37.8531,3330400
2017-05-11,41.145,41.45,40.885,41.31,37.9358,3388200
2017-05-12,41.345,41.455,41.185,41.425,38.0414,1947600
2017-05-15,41.475,41.885,41.425,41.885,38.4638,3541600
2017-05-16,41.96,42.385,41.815,42.385,38.923,3641600
2017-05-17,41.79,41.985,40.765,40.79,37.4583,12639400
2017-05-18,40.935,41.575,40.72,41.395,38.0139,6609800
2017-05-19,41.835,41.985,41.765,41.875,38.4547,6180400
2017-05-22,42.03,42.29,41.98,42.275,38.822,4292200
2017-05-23,42.37,42.37,41.87,42.185,38.7393,5040200
2017-05-24,42.455,42.485,42.21,42.37,38.9092,1998000
2017-05-25,42.61,42.745,42.335,42.66,39.1755,6936400
2017-05-26,42.595,42.75,42.33,42.74,39.249,1588400
2017-05-30,42.805,43.09,42.72,43.045,39.5291,3494200
2017-05-31,43.275,43.29,42.755,42.995,39.4832,3466600
2017-06-01,43.11,43.11,42.81,43.075,39.5566,5250800
2017-06-02,43.305,43.455,42.995,43.41,39.8643,2599600
2017-06-05,43.445,43.73,43.415,43.525,39.9699,4386600
2017-06-06,43.475,43.895,43.315,43.625,40.0617,3496800
2017-06-07,43.845,44.085,43.71,43.95,40.3602,5305800
2017-06-08,44.15,44.57,43.92,44.53,40.8928,6589400
2017-06-09,44.785,44.86,42.045,42.845,39.3454,17851800
2017-06-12,42.325,42.585,41.565,42.585,39.1067,16678400
2017-06-13,43.01,43.2,42.405,42.86,39.3592,6954800
2017-06-14,42.96,43.0,42.075,42.49,39.0194,6346200
2017-06-15,41.78,42.25,41.78,42.1,38.6613,8397800
2017-06-16,42.28,42.49,41.965,42.075,38.6383,7413400
2017-06-19,42.52,42.865,42.52,42.82,39.3225,5378800
2017-06-20,42.88,43.055,42.285,42.285,38.8312,5286000
2017-06-21,42.485,42.775,42.32,42.77,39.2765,6412000
2017-06-22,42.765,42.875,42.52,42.66,39.1755,4491800
2017-06-23,42.68,43.01,42.58,42.835,39.3362,4133800
2017-06-26,43.24,43.34,42.39,42.67,39.1847,10756400
2017-06-27,42.345,42.35,41.45,41.45,38.0644,15194000
2017-06-28,41.755,42.135,41.29,42.05,38.6154,7873000
2017-06-29,41.775,41.855,40.59,41.105,37.7475,15391200
2017-06-30,41.29,41.43,40.78,40.93,37.5868,10455000
2017-07-03,41.19,41.31,40.46,40.46,37.1552,6499800
2017-07-05,40.62,41.29,40.62,41.23,37.8623,12905600
2017-07-06,40.965,41.325,40.685,41.055,37.7016,5441600
2017-07-07,41.325,41.785,41.245,41.605,38.2067,6831000
2017-07-10,41.69,42.135,41.515,42.035,38.6016,6785400
2017-07-11,42.1,42.445,41.94,42.37,38.9092,5848600
2017-07-12,42.87,43.055,42.62,42.98,39.4694,6302600
2017-07-13,43.0,43.27,42.755,42.88,39.3776,6005000
2017-07-14,43.1,43.475,43.035,43.41,39.8643,4687000
2017-07-17,43.505,43.52,43.11,43.29,39.7541,3431000
2017-07-18,43.14,43.455,42.955,43.455,39.9056,7818200
2017-07-19,43.7,43.885,43.62,43.885,40.3005,6027200
2017-07-20,44.015,44.015,43.545,43.98,40.3877,5455800
2017-07-21,43.66,43.735,43.425,43.735,40.1627,6271000
2017-07-24,43.66,43.69,43.47,43.595,40.0342,5348200
2017-07-25,43.445,43.58,43.125,43.475,39.924,6417000
2017-07-26,43.82,44.045,43.685,43.935,40.3464,4032200
2017-07-27,44.075,44.175,42.935,43.38,39.8367,12734600
2017-07-28,43.17,43.375,43.005,43.175,39.6485,7256800
2017-07-31,43.295,43.46,42.775,42.92,39.4143,7057800
2017-08-01,43.065,43.11,42.84,43.105,39.5842,4375200
2017-08-02,43.585,43.585,42.61,42.87,39.3684,7962200
2017-08-03,42.87,42.975,42.55,42.72,39.2306,5946000
2017-08-04,42.895,43.11,42.68,42.845,39.3454,6791600
2017-08-07,42.98,43.615,42.98,43.6,40.0387,6041800
2017-08-08,43.6,43.935,43.345,43.47,39.9194,10179400
2017-08-09,43.015,43.39,42.97,43.385,39.8413,7067000
2017-08-10,43.01,43.135,42.185,42.195,38.7485,11112800
2017-08-11,42.115,42.63,42.04,42.585,39.1067,6642400
2017-08-14,42.915,43.475,42.915,43.425,39.878,6643000
2017-08-15,43.48,43.615,43.285,43.585,40.025,8062600
2017-08-16,43.655,43.78,43.45,43.675,40.1076,6273600
2017-08-17,43.43,43.555,42.63,42.64,39.1572,11995600
2017-08-18,42.82,43.06,42.535,42.735,39.2444,17463400
2017-08-21,42.825,42.825,42.24,42.575,39.0975,6845000
2017-08-22,42.815,43.255,42.79,43.145,39.6209,5273000
2017-08-23,42.88,43.345,42.78,43.235,39.7036,4235200
2017-08-24,43.44,43.455,42.99,43.23,39.699,2259800
2017-08-25,43.465,43.465,43.005,43.095,39.575,4024400
2017-08-28,43.22,43.25,42.99,43.22,39.6898,4206200
2017-08-29,42.785,43.445,42.775,43.34,39.8,5013200
2017-08-30,43.52,44.02,43.385,43.945,40.3556,4659000
2017-08-31,44.045,44.355,43.975,44.29,40.6724,4803800
2017-09-01,44.4,44.685,44.4,44.5,40.8652,2998200
2017-09-05,44.29,44.42,43.585,43.935,40.3464,8848000
2017-09-06,44.09,44.27,43.87,44.09,40.4887,3225000
2017-09-07,44.265,44.355,44.02,44.26,40.6448,2636200
2017-09-08,44.185,44.285,43.67,43.78,40.204,4944600
2017-09-11,44.19,44.66,44.065,44.575,40.9341,5448800
2017-09-12,44.7,44.86,44.5,44.745,41.0902,4886600
2017-09-13,44.65,44.87,44.475,44.755,41.0994,5872800
2017-09-14,44.755,45.17,44.595,44.95,41.2785,8595600
2017-09-15,45.19,45.61,45.0,45.545,41.8249,9237600
2017-09-18,45.88,46.36,45.825,46.18,42.408,7475000
2017-09-19,46.315,46.45,46.025,46.3,42.5182,4539200
2017-09-20,46.36,46.42,45.105,45.685,41.9534,9208800
2017-09-21,45.625,45.715,45.195,45.6,41.8754,19256800
2017-09-22,45.395,45.84,45.255,45.785,42.0453,2660400
2017-09-25,45.785,45.785,44.745,44.865,41.2004,7540800
2017-09-26,45.295,45.325,44.73,44.92,41.2509,4284000
2017-09-27,45.45,46.075,45.315,45.935,42.183,7999200
2017-09-28,45.84,46.245,45.72,46.23,42.4539,5945000
2017-09-29,46.35,46.695,46.195,46.66,42.8488,7555200
2017-10-02,46.915,47.155,46.655,46.97,43.1335,6376000
2017-10-03,47.105,47.245,46.935,47.125,43.2758,4141200
2017-10-04,47.055,47.215,46.81,47.195,43.3401,3352400
2017-10-05,47.39,47.395,47.0,47.245,43.386,3692200
2017-10-06,47.17,47.45,47.075,47.435,43.5605,2669600
2017-10-09,47.59,47.805,47.55,47.78,43.8773,2407000
2017-10-10,48.23,48.235,47.545,48.025,44.1023,5315000
2017-10-11,47.95,48.405,47.925,48.365,44.4145,3258400
2017-10-12,48.415,48.57,48.235,48.265,44.3227,5800600
2017-10-13,48.56,48.76,48.39,48.595,44.6258,3370400
2017-10-16,48.79,48.855,48.515,48.855,44.8645,3274000
2017-10-17,48.83,48.875,48.585,48.845,44.8553,5849000
2017-10-18,49.025,49.095,48.38,49.025,45.0206,6093600
2017-10-19,48.64,48.925,48.205,48.925,44.9288,4864400
2017-10-20,49.33,49.355,49.105,49.19,45.1722,10134600
2017-10-23,49.425,49.635,49.21,49.375,45.342,5250400
2017-10-24,49.5,49.72,49.285,49.675,45.6175,6298000
2017-10-25,49.31,49.53,48.595,49.045,45.039,8612800
2017-10-26,49.15,49.445,49.105,49.31,45.2824,6899200
2017-10-27,49.71,50.355,49.475,50.3,46.1915,6465800
2017-10-30,49.71,50.565,49.71,50.32,46.2099,4894800
2017-10-31,50.52,50.97,50.415,50.805,46.6553,5721400
2017-11-01,51.16,51.22,50.26,50.67,46.5313,9836800
2017-11-02,50.655,50.96,50.355,50.91,46.7517,7863600
2017-11-03,51.185,51.47,50.695,51.47,47.2659,10232600
2017-11-06,52.02,52.135,51.55,52.135,47.8766,7235400
2017-11-07,52.0,52.175,51.73,52.03,47.7802,5460600
2017-11-08,52.01,52.2,51.775,52.15,47.8904,4088200
2017-11-09,52.15,52.175,50.56,51.135,46.9583,15495600
2017-11-10,51.26,51.46,51.11,51.43,47.2292,5616200
2017-11-13,51.235,51.68,51.155,51.645,47.4266,3448000
2017-11-14,51.53,51.69,51.23,51.645,47.4266,3108400
2017-11-15,51.245,51.4,50.805,51.165,46.9858,5601200
2017-11-16,51.385,52.435,51.385,52.435,48.1521,7401400
2017-11-17,52.215,52.25,51.555,51.625,47.4083,8951200
2017-11-20,51.87,52.325,51.8,52.25,47.9822,3694400
2017-11-21,52.52,52.835,52.455,52.785,48.4735,4289200
2017-11-22,52.91,52.915,52.375,52.44,48.1567,3058200
2017-11-24,52.555,52.915,52.555,52.885,48.5653,1206400
2017-11-27,52.335,52.38,52.005,52.065,47.8123,5964600
2017-11-28,52.22,52.24,51.85,52.02,47.771,7976400
2017-11-29,51.97,52.02,49.405,49.815,45.7461,34478800
2017-11-30,50.35,50.605,49.845,50.125,46.0308,13382000
2017-12-01,49.75,49.97,48.555,49.69,45.6313,19874600
2017-12-04,50.115,50.17,48.35,48.635,44.6625,20150800
2017-12-05,48.44,49.49,48.055,48.635,44.6625,13001600
2017-12-06,48.205,48.835,47.96,48.745,44.7635,10486000
2017-12-07,49.16,49.34,48.89,49.225,45.2043,10849800
2017-12-08,49.695,49.82,48.965,49.0,44.9977,9719600
2017-12-11,49.12,49.465,48.99,49.3,45.2732,6617200
2017-12-12,49.145,49.175,48.755,48.815,44.8278,10415600
2017-12-13,49.06,49.23,48.815,48.845,44.8553,7922400
2017-12-14,48.935,49.13,48.7,48.825,44.837,8270000
2017-12-15,48.965,49.625,48.775,49.625,45.5716,43080400
2017-12-18,49.305,49.81,49.125,49.79,46.3754,10766400
2017-12-19,49.715,49.865,49.47,49.765,46.3522,6066000
2017-12-20,50.275,50.385,49.69,50.09,46.6549,11095600
2017-12-21,50.09,50.155,49.505,49.56,46.1612,6029200
2017-12-22,49.47,49.6,49.215,49.58,46.1799,4900000
2017-12-26,49.005,49.075,48.665,49.02,45.6582,4413600
2017-12-27,49.0,49.38,48.995,49.18,45.8073,5500000
2017-12-28,49.455,49.48,49.265,49.36,45.9749,5424200
2017-12-29,49.36,49.47,48.885,48.905,45.5511,3376600
2018-01-02,49.25,50.195,49.14,50.185,46.7434,8908600
2018-01-03,50.39,50.935,50.305,50.895,47.4047,7617000
2018-01-04,51.19,51.305,50.735,51.155,47.6468,6699600
2018-01-05,51.345,51.69,51.14,51.485,47.9542,3584800
2018-01-08,51.485,51.98,51.34,51.84,48.2849,2768400
2018-01-09,51.885,51.93,51.265,51.355,47.8331,7800600
2018-01-10,50.905,50.925,50.29,50.675,47.1997,7958600
2018-01-11,50.865,50.945,50.61,50.915,47.4233,5162600
2018-01-12,50.905,51.27,50.795,51.175,47.6655,3809200
2018-01-16,51.67,51.99,51.13,51.41,47.8843,7623600
2018-01-17,52.0,53.03,51.905,52.945,49.3141,12285600
2018-01-18,52.965,53.58,52.905,53.335,49.6773,7106600
2018-01-19,53.645,53.685,53.075,53.385,49.7239,6568400
2018-01-22,53.565,53.91,53.33,53.91,50.2129,4790600
2018-01-23,54.065,54.28,53.92,54.26,50.5389,7356400
2018-01-24,53.72,53.94,52.84,53.16,49.5143,14236200
2018-01-25,53.79,53.95,52.29,52.3,48.7133,13986800
2018-01-26,53.1,53.98,53.075,53.965,50.2641,7895000
2018-01-29,53.84,54.22,53.25,53.865,50.171,8147400
2018-01-30,52.94,53.39,52.735,52.81,49.1883,10836600
2018-01-31,53.41,53.58,52.975,53.255,49.6028,7457800
2018-02-01,52.795,53.71,52.745,52.93,49.3001,8369000
2018-02-02,52.45,52.535,51.455,51.455,47.9263,26015400
2018-02-05,50.9,51.9,49.135,49.135,45.7654,22948000
2018-02-06,48.705,50.945,48.525,50.945,47.4512,26244800
2018-02-07,50.39,50.84,49.59,49.6,46.1985,20566600
2018-02-08,49.845,49.92,47.605,47.625,44.3589,29822200
2018-02-09,48.58,49.215,46.94,48.87,45.5185,34208400
2018-02-12,49.15,50.215,49.15,49.905,46.4826,19014000
2018-02-13,49.625,49.875,49.31,49.805,46.3894,7415000
2018-02-14,49.44,50.97,49.33,50.865,47.3767,10839800
2018-02-15,51.26,51.505,50.32,51.505,47.9728,9639200
2018-02-16,51.305,52.03,51.255,51.395,47.8704,12480400
2018-02-20,51.42,52.845,51.405,52.415,48.8204,29405400
2018-02-21,52.62,52.765,51.825,51.845,48.2895,8997800
2018-02-22,52.0,52.175,51.53,51.67,48.1265,8959400
2018-02-23,52.23,52.845,52.125,52.83,49.207,6304800
2018-02-26,53.1,53.895,53.1,53.895,50.1989,9254200
2018-02-27,53.81,54.57,53.695,53.695,50.0126,7976600
2018-02-28,53.97,54.145,53.205,53.27,49.6168,6339600
2018-03-01,53.29,53.45,51.83,52.42,48.8251,10790000
2018-03-02,51.885,53.32,51.755,53.24,49.5888,10659600
2018-03-05,53.02,54.105,52.87,53.855,50.1617,9524800
2018-03-06,54.345,54.835,54.115,54.645,50.8975,8957400
2018-03-07,54.14,54.965,54.1,54.88,51.1164,7682000
2018-03-08,55.205,55.265,54.59,54.905,51.1397,6518000
2018-03-09,55.29,55.965,55.185,55.965,52.127,8815200
2018-03-12,56.335,56.82,56.175,56.535,52.6579,8825600
2018-03-13,56.83,57.275,55.515,55.745,51.9221,18245800
2018-03-14,55.98,56.04,55.28,55.775,51.95,12020200
2018-03-15,55.92,56.12,55.485,55.725,51.9034,3826200
2018-03-16,55.84,56.04,55.64,55.705,51.8848,5937000
2018-03-19,55.29,55.415,54.055,54.8,51.0419,14245400
2018-03-20,54.83,55.325,54.8,55.17,51.3865,6683400
2018-03-21,55.1,55.905,54.995,55.285,51.4936,6437200
2018-03-22,54.475,54.97,53.775,53.795,50.1058,8698800
2018-03-23,53.725,53.815,52.045,52.05,48.4805,16819400
2018-03-26,53.18,54.125,52.59,54.12,50.4085,11172400
2018-03-27,54.54,54.565,51.88,52.255,48.6714,17266200
2018-03-28,51.94,52.365,50.895,51.095,47.591,21806600
2018-03-29,51.54,52.585,51.14,52.14,48.5643,13193200
2018-04-02,51.705,52.095,49.79,50.23,46.7853,18445000
2018-04-03,50.895,51.28,50.36,51.155,47.6468,10773200
2018-04-04,49.895,51.9,49.755,51.78,48.229,11654000
2018-04-05,52.12,52.2,50.895,51.21,47.6981,12228000
2018-04-06,50.46,51.11,49.55,49.73,46.3196,13935600
2018-04-09,50.24,51.45,50.04,50.07,46.6362,13015400
2018-04-10,51.28,51.88,50.815,51.6,48.0613,14981600
2018-04-11,51.33,52.03,51.205,51.575,48.038,8595600
2018-04-12,51.915,52.565,51.85,52.43,48.8344,9236800
2018-04-13,52.85,52.925,51.78,51.94,48.378,9073800
2018-04-16,52.15,52.31,51.64,52.045,48.4758,5267200
2018-04-17,52.375,53.07,52.315,52.995,49.3606,8727600
2018-04-18,52.525,52.675,51.915,52.395,48.8018,8458000
2018-04-19,51.2,51.405,49.88,50.06,46.6269,32931400
2018-04-20,50.0,50.36,49.265,49.485,46.0914,25979400
2018-04-23,49.645,49.77,48.74,48.845,45.4953,17681000
2018-04-24,49.37,49.82,48.17,48.595,45.2624,30902000
2018-04-25,48.745,48.78,47.735,48.35,45.0342,18606400
2018-04-26,49.2,49.47,48.945,49.365,45.9796,13144800
2018-04-27,50.05,50.05,48.82,49.045,45.6815,11083200
2018-04-30,49.0,49.32,48.365,48.58,45.2484,15927800
2018-05-01,48.46,49.405,48.41,49.36,45.9749,13111200
2018-05-02,49.26,49.45,48.85,49.005,45.6443,9036400
2018-05-03,48.45,49.285,48.03,49.125,45.756,19701800
2018-05-04,48.76,50.4,48.64,50.4,46.9436,21447800
2018-05-07,50.55,50.89,50.475,50.67,47.1951,13800200
2018-05-08,50.565,51.025,50.42,51.025,47.5257,7606000
2018-05-09,51.145,51.75,51.035,51.75,48.201,8065400
2018-05-10,51.95,52.61,51.95,52.61,49.0021,9350000
2018-05-11,52.345,52.675,52.115,52.205,48.6248,8866000
2018-05-14,53.145,53.685,53.005,53.115,49.4724,13298200
2018-05-15,52.89,53.035,52.195,52.52,48.9182,9570600
2018-05-16,52.665,53.305,52.65,53.265,49.6121,6935000
2018-05-17,53.065,53.4,52.53,52.915,49.2861,7238600
2018-05-18,52.375,52.605,51.99,52.275,48.69,20494400
2018-05-21,53.04,53.44,52.515,53.025,49.3886,7672400
2018-05-22,53.495,53.74,53.195,53.405,49.7425,8696000
2018-05-23,52.86,53.475,52.695,53.465,49.7984,8442600
2018-05-24,53.455,53.765,52.97,53.62,49.9428,13344800
2018-05-25,53.635,54.2,53.575,54.155,50.4411,8586600
2018-05-29,53.9,54.245,53.43,53.72,50.0359,9106000
2018-05-30,54.13,54.405,53.735,54.045,50.3386,10787800
2018-05-31,53.82,54.11,53.46,53.595,49.9195,8662800
2018-06-01,54.02,54.82,53.93,54.765,51.0093,9739400
2018-06-04,54.85,55.185,54.65,55.14,51.3586,7767800
2018-06-05,55.31,55.505,55.005,55.45,51.6473,7510000
2018-06-06,55.505,55.805,55.185,55.805,51.9779,5478600
2018-06-07,55.905,56.0,55.02,55.36,51.5635,18663600
2018-06-08,54.75,55.14,54.45,54.985,51.2142,9494000
2018-06-11,54.865,55.145,54.695,54.925,51.1583,6086200
2018-06-12,54.99,55.105,54.635,55.09,51.312,5087800
2018-06-13,55.015,55.53,54.875,54.975,51.2049,14153400
2018-06-14,55.2,55.415,54.84,55.06,51.284,6599600
2018-06-15,54.975,55.15,54.65,55.15,51.3679,12882600
2018-06-18,54.46,54.545,53.955,54.485,50.7485,10521800
2018-06-19,53.53,53.87,53.07,53.835,50.143,22232000
2018-06-20,54.305,54.375,53.86,54.17,50.4551,11111200
2018-06-21,54.675,54.75,53.485,53.495,49.8264,14488200
2018-06-22,53.88,53.92,53.09,53.295,49.6401,8465000
2018-06-25,52.55,52.62,50.98,51.37,47.8471,23358000
2018-06-26,51.86,52.03,51.485,51.845,48.2895,16500400
2018-06-27,52.09,52.16,50.575,50.575,47.1066,16876000
2018-06-28,50.46,51.185,50.455,51.085,47.5816,13538400
2018-06-29,51.525,51.84,51.25,51.335,47.8145,10350000
2018-07-02,50.68,51.545,50.45,51.355,47.8331,9164600
2018-07-03,51.61,51.69,50.455,50.455,46.9948,8588800
2018-07-05,51.07,51.835,51.055,51.815,48.2616,10402800
2018-07-06,51.705,52.56,51.575,52.475,48.8763,14636600
2018-07-09,52.885,52.92,52.22,52.87,49.2442,8465800
2018-07-10,52.94,53.5,52.885,53.44,49.7751,12548800
2018-07-11,52.575,52.755,51.97,51.97,48.4059,15929000
2018-07-12,51.985,52.65,51.895,52.6,48.9927,11962800
2018-07-13,52.675,52.73,52.35,52.49,48.8903,5693200
2018-07-16,52.5,52.695,52.295,52.33,48.7412,5518000
2018-07-17,51.95,53.025,51.855,53.02,49.3839,16616200
2018-07-18,53.4,53.595,53.15,53.56,49.8869,9589600
2018-07-19,53.315,53.61,53.035,53.385,49.7239,8347200
2018-07-20,53.32,53.49,52.885,53.33,49.6727,7077800
2018-07-23,53.015,53.37,52.295,53.295,49.6401,10663800
2018-07-24,53.8,53.885,52.585,52.63,49.0207,20837400
2018-07-25,52.66,52.955,52.035,52.895,49.2675,22294800
2018-07-26,53.1,53.705,53.095,53.675,49.994,32806000
2018-07-27,53.81,54.17,53.05,53.41,49.7472,16984600
2018-07-30,53.57,53.61,52.715,53.045,49.4072,18957000
2018-07-31,53.435,53.935,52.945,52.945,49.3141,8763400
2018-08-01,53.235,53.74,53.0,53.175,49.5283,7098200
2018-08-02,52.75,53.79,52.575,53.71,50.0266,8160600
2018-08-03,53.765,53.875,53.49,53.795,50.1058,6058200
2018-08-06,53.775,54.08,53.39,54.08,50.3712,6070600
2018-08-07,54.235,54.445,54.035,54.445,50.7112,6406000
2018-08-08,54.375,54.68,54.24,54.615,50.8695,7377800
2018-08-09,54.3,54.415,54.03,54.085,50.3759,7199200
2018-08-10,52.925,53.24,52.58,52.815,49.193,17227400
2018-08-13,52.85,53.335,52.81,52.875,49.2489,7944200
2018-08-14,53.13,53.27,52.685,52.75,49.1325,8239600
2018-08-15,52.23,52.425,51.365,51.875,48.3175,18819200
2018-08-16,52.22,52.255,51.68,51.795,48.2429,10082400
2018-08-17,51.235,51.56,50.69,51.415,47.889,20096000
2018-08-20,51.405,51.7,50.815,51.345,47.8238,10569600
2018-08-21,51.6,52.555,51.55,52.405,48.8111,9649400
2018-08-22,52.185,52.65,51.945,52.6,48.9927,8272800
2018-08-23,52.605,52.995,52.52,52.665,49.0533,7418000
2018-08-24,52.97,53.47,52.875,53.47,49.8031,8278600
2018-08-27,53.81,54.685,53.75,54.305,50.5808,12419000
2018-08-28,54.65,54.755,54.02,54.51,50.7718,8673400
2018-08-29,54.575,54.925,54.38,54.82,51.0605,6822800
2018-08-30,54.66,54.86,54.16,54.235,50.5156,14144200
2018-08-31,54.145,54.515,54.135,54.47,50.7345,4678800
2018-09-04,54.24,54.865,54.055,54.865,51.1024,9693400
2018-09-05,54.84,54.935,54.105,54.565,50.823,10499000
2018-09-06,54.28,54.33,53.075,53.15,49.505,18097000
2018-09-07,52.95,53.645,52.765,52.915,49.2861,14307000
2018-09-10,53.295,53.45,52.965,53.43,49.7658,6366800
2018-09-11,53.0,53.13,52.505,52.76,49.1418,10410000
2018-09-12,52.04,52.17,51.08,52.155,48.5783,18508000
2018-09-13,52.84,53.38,52.53,52.795,49.1744,13460200
2018-09-14,53.09,53.545,52.925,53.34,49.682,10378400
2018-09-17,52.98,53.31,52.565,52.62,49.0114,10812200
2018-09-18,52.755,53.35,52.755,53.02,49.3839,5753800
2018-09-19,53.025,53.37,52.865,53.14,49.4957,6846000
2018-09-20,53.625,54.03,53.555,53.825,50.1337,12428200
2018-09-21,53.755,54.02,53.48,53.555,49.8822,9959000
2018-09-24,53.31,53.945,53.165,53.935,50.2362,7849800
2018-09-25,53.535,53.78,52.975,53.075,49.4352,8013000
2018-09-26,52.835,53.255,52.595,52.605,48.9974,9635200
2018-09-27,52.815,53.105,52.655,52.935,49.3048,4722600
2018-09-28,52.795,53.415,52.625,53.225,49.5749,7933400
2018-10-01,53.38,53.775,53.245,53.365,49.7053,7759800
2018-10-02,53.135,54.085,53.115,53.325,49.668,10232600
2018-10-03,53.68,53.82,53.035,53.53,49.859,9491600
2018-10-04,53.075,53.095,51.88,52.325,48.7366,19323200
2018-10-05,52.125,52.33,50.655,51.135,47.6282,19170800
2018-10-08,50.645,51.115,50.05,50.535,47.0694,17802400
2018-10-09,50.395,50.75,50.12,50.44,46.9809,16424200
2018-10-10,49.565,49.66,48.15,48.15,44.8479,42715800
2018-10-11,48.155,49.22,47.335,47.725,44.4521,41803400
2018-10-12,49.12,49.395,47.91,48.67,45.3322,18408200
2018-10-15,48.45,48.685,48.015,48.14,44.8386,12922800
2018-10-16,48.655,49.82,48.62,49.77,46.3568,14243400
2018-10-17,50.25,50.3,49.215,49.525,46.1286,10419000
2018-10-18,49.215,49.265,48.065,48.235,44.9271,16548000
2018-10-19,48.5,48.845,47.34,47.54,44.2798,18842000
2018-10-22,47.88,48.155,47.375,47.795,44.5173,12339800
2018-10-23,46.54,47.865,46.145,47.605,44.3403,26109600
2018-10-24,46.685,46.78,44.365,44.41,41.3644,28576400
2018-10-25,44.815,46.005,44.76,45.665,42.5333,18808400
2018-10-26,44.625,45.645,44.085,44.84,41.7649,14122400
2018-10-29,45.5,45.965,43.475,44.325,41.2852,22337200
2018-10-30,44.495,46.225,44.375,46.21,43.041,23647600
2018-10-31,47.065,47.17,46.44,46.73,43.5253,16491400
2018-11-01,47.165,49.065,47.11,48.985,45.6257,23242800
2018-11-02,48.885,49.04,47.64,48.205,44.8991,19188800
2018-11-05,48.045,48.045,47.0,47.76,44.4847,12826400
2018-11-06,47.775,48.42,47.66,48.255,44.9457,7406400
2018-11-07,48.85,48.955,48.255,48.85,45.4999,8895400
2018-11-08,48.32,48.985,48.255,48.625,45.2903,7740600
2018-11-09,47.955,48.11,47.33,47.745,44.4707,14250000
2018-11-12,46.91,47.035,45.515,45.655,42.524,20625000
2018-11-13,46.025,47.24,46.025,46.245,43.0736,25109800
2018-11-14,46.99,47.235,46.03,46.485,43.2971,16072600
2018-11-15,46.275,48.12,46.245,47.955,44.6663,18331000
2018-11-16,46.055,47.4,46.055,47.14,43.9072,23973800
2018-11-19,46.89,47.03,45.325,45.37,42.2586,20829200
2018-11-20,44.095,45.98,44.0,45.33,42.2213,17264200
2018-11-21,45.995,46.28,45.53,45.53,42.4076,13247400
2018-11-23,45.135,45.855,45.11,45.465,42.347,3050200
2018-11-26,46.24,46.4,45.72,46.37,43.19,10932200
2018-11-27,45.965,46.76,45.825,46.44,43.2552,14827400
2018-11-28,46.9,47.68,46.15,47.67,44.4008,10969200
2018-11-29,47.385,47.675,47.13,47.22,43.9817,9176600
2018-11-30,47.16,48.375,46.71,48.375,45.0575,16499600
2018-12-03,49.43,49.565,48.71,49.225,45.8492,14294600
2018-12-04,48.755,48.9,46.745,46.805,43.5952,17418600
2018-12-06,45.44,46.53,45.245,46.53,43.339,16050000
2018-12-07,46.355,46.455,44.535,44.765,41.6951,18385200
2018-12-10,44.69,45.475,44.45,45.285,42.1794,15606000
2018-12-11,46.11,46.605,45.25,45.51,42.389,17575600
2018-12-12,46.23,46.865,45.895,46.2,43.0316,13725800
2018-12-13,46.495,46.705,45.875,46.045,42.8873,9888000
2018-12-14,45.32,46.22,45.32,45.33,42.2213,13262200
2018-12-17,45.22,46.015,44.51,44.9,41.8208,15526400
2018-12-18,45.255,46.13,45.195,45.44,42.3238,17467800
2018-12-19,45.08,45.645,43.25,43.47,40.4889,19940000
2018-12-20,42.855,43.33,41.785,42.31,40.1651,28514600
2018-12-21,42.53,43.085,41.46,41.58,39.4722,21624200
2018-12-24,41.225,41.76,40.44,40.48,38.4279,9548600
2018-12-26,40.895,42.805,40.355,42.755,40.5876,16473200
2018-12-27,42.045,43.13,41.65,43.13,40.9436,17674000
2018-12-28,43.37,44.2,43.07,43.425,41.2236,13458800
2018-12-31,43.84,44.07,43.245,43.64,41.4277,10460000
2019-01-02,42.745,44.275,42.625,43.96,41.7315,14288000
2019-01-03,42.805,43.13,41.275,41.32,39.2253,18545600
2019-01-04,42.035,43.41,41.945,43.245,41.0528,18148800
2019-01-07,43.46,44.43,43.22,44.08,41.8454,11156800
2019-01-08,44.45,44.495,43.245,43.825,41.6034,13272000
2019-01-09,44.305,45.18,44.305,44.945,42.6666,17855800
2019-01-10,44.63,45.45,44.48,45.41,43.108,11440000
2019-01-11,45.125,46.165,45.025,45.785,43.464,13337400
2019-01-14,45.205,45.315,44.825,45.0,42.7188,9963600
2019-01-15,45.305,45.665,44.91,45.12,42.8327,11484400
2019-01-16,45.22,45.48,44.74,44.765,42.4957,11013400
2019-01-17,44.455,45.56,44.2,45.32,43.0226,15829800
2019-01-18,45.73,46.66,45.525,46.44,44.0858,16661400
2019-01-22,46.01,46.02,44.77,45.095,42.809,14365400
2019-01-23,45.41,45.59,44.49,44.915,42.6381,11732200
2019-01-24,46.065,47.74,46.065,47.56,45.149,25284000
2019-01-25,47.725,48.625,47.385,48.445,45.9891,18173800
2019-01-28,46.58,47.865,46.58,47.54,45.13,16266400
2019-01-29,47.605,47.74,46.835,46.91,44.532,10930000
2019-01-30,47.685,48.495,47.22,48.33,45.88,12258800
2019-01-31,48.135,48.65,47.76,48.295,45.8467,11274000
2019-02-01,48.42,49.12,48.335,48.91,46.4306,11545800
2019-02-04,48.88,49.155,48.495,49.15,46.6584,9251400
2019-02-05,49.135,49.61,49.005,49.425,46.9195,14672400
2019-02-06,50.09,50.985,50.015,50.65,48.0824,16603000
2019-02-07,49.945,50.225,49.135,49.56,47.0476,18214600
2019-02-08,48.735,49.52,48.56,49.425,46.9195,11795600
2019-02-11,49.565,49.765,49.24,49.64,47.1236,6917000
2019-02-12,50.285,50.88,50.22,50.745,48.1726,11511800
2019-02-13,50.925,51.245,50.715,50.865,48.2865,7987200
2019-02-14,50.65,51.355,50.64,51.015,48.4289,8805000
2019-02-15,51.38,51.48,50.925,51.275,48.6757,9890600
2019-02-19,51.085,51.54,51.075,51.215,48.6187,6991600
2019-02-20,51.465,52.015,51.465,51.68,49.0602,8892400
2019-02-21,51.625,51.79,51.205,51.36,48.7564,9303600
2019-02-22,51.805,52.155,51.705,52.09,49.4494,9266000
2019-02-25,52.835,53.135,52.505,52.565,49.9003,9845600
2019-02-26,52.37,52.57,52.065,52.225,49.5775,6963200
2019-02-27,51.985,51.985,51.11,51.69,49.0696,11668600
2019-02-28,51.405,51.805,51.28,51.665,49.0459,8978000
2019-03-01,52.13,52.4,51.615,52.14,49.4968,8854800
2019-03-04,52.49,52.65,51.495,52.165,49.5206,9056400
2019-03-05,52.005,52.22,51.645,51.92,49.288,8297000
2019-03-06,51.85,51.85,51.015,51.045,48.4573,9314400
2019-03-07,50.75,50.85,50.21,50.49,47.9305,12776000
2019-03-08,49.715,50.52,49.52,50.475,47.9162,10104800
2019-03-11,50.74,51.795,50.665,51.55,48.9367,11949200
2019-03-12,51.71,52.055,51.345,51.805,49.1788,8638600
2019-03-13,52.09,52.405,51.93,52.015,49.3782,8911400
2019-03-14,51.95,52.245,51.705,51.725,49.1029,8708400
2019-03-15,52.37,53.56,52.35,53.11,50.4177,16864200
2019-03-18,53.155,53.445,52.65,52.965,50.28,9495400
2019-03-19,53.365,53.745,53.21,53.575,50.8591,13650000
2019-03-20,53.635,53.84,52.805,53.115,50.4224,11618600
2019-03-21,53.315,55.3,53.315,54.945,52.1596,18619000
2019-03-22,54.63,54.755,53.33,53.375,50.6692,18134800
2019-03-25,53.04,53.475,52.29,52.7,50.0284,11660400
2019-03-26,53.285,53.61,52.82,53.19,50.4936,9677400
2019-03-27,53.245,53.4,52.06,52.415,49.7579,15877800
2019-03-28,52.5,52.905,51.995,52.315,49.663,14141800
2019-03-29,52.935,53.275,52.83,53.165,50.4699,11183800
2019-04-01,53.97,54.525,53.74,54.475,51.7135,11873800
2019-04-02,54.495,54.65,54.195,54.52,51.7562,6885600
2019-04-03,55.4,56.25,55.28,55.79,52.9618,18118800
2019-04-04,55.545,56.195,55.48,55.85,53.0188,13235200
2019-04-05,56.175,56.335,55.85,56.27,53.4175,9291600
2019-04-08,55.98,56.45,55.9,56.385,53.5266,7829200
2019-04-09,56.075,56.075,55.54,55.77,52.9428,10522200
2019-04-10,55.65,56.385,55.62,56.22,53.37,12485200
2019-04-11,56.225,56.515,56.0,56.165,53.3178,8534400
2019-04-12,56.72,56.955,56.48,56.955,54.0677,7784800
2019-04-15,56.94,56.98,56.21,56.545,53.6785,9355800
2019-04-16,56.945,57.935,56.915,57.925,54.9886,13848000
2019-04-17,59.07,59.415,58.445,58.78,55.8002,17039000
2019-04-18,58.915,59.01,58.55,58.865,55.8809,11583800
2019-04-22,58.535,58.945,58.4,58.82,55.8382,10271000
2019-04-23,59.06,59.445,58.9,59.295,56.2891,9897800
2019-04-24,59.24,60.355,59.235,59.8,56.7685,13842400
2019-04-25,59.455,59.605,58.22,58.62,55.6483,19979400
2019-04-26,57.35,57.92,56.745,57.905,54.9696,22088200
2019-04-29,57.775,57.9,57.415,57.6,54.68,7429000
2019-04-30,57.68,58.255,57.605,58.125,55.1784,10399400
2019-05-01,58.6,58.94,57.635,57.68,54.756,14377200
2019-05-02,57.685,58.77,57.58,58.225,55.2734,13587200
2019-05-03,58.585,58.785,58.2,58.745,55.767,12327200
2019-05-06,56.82,57.855,56.595,57.805,54.8747,13573000
2019-05-07,57.12,57.255,55.88,56.485,53.6216,23139400
2019-05-08,56.115,56.935,56.0,56.08,53.2371,17838000
2019-05-09,55.125,55.555,54.075,55.29,52.4871,36849000
2019-05-10,54.9,55.615,53.99,55.23,52.4302,26992200
2019-05-13,53.375,53.76,52.465,52.67,50.0,35276800
2019-05-14,53.44,54.27,53.18,54.02,51.2815,21698600
2019-05-15,53.385,54.875,53.33,54.52,51.7562,25708000
2019-05-16,53.735,54.315,53.415,53.75,51.0252,23369400
2019-05-17,52.935,54.025,52.55,52.715,50.0427,38983200
2019-05-20,51.05,51.41,50.29,50.62,48.0539,37746400
2019-05-21,51.715,53.35,51.285,51.775,49.1503,19799200
2019-05-22,50.965,51.365,50.745,50.865,48.2865,21798600
2019-05-23,49.95,50.18,49.25,50.02,47.4843,24398800
2019-05-24,50.43,50.665,49.715,49.715,47.1948,19091800
2019-05-28,50.0,50.16,49.23,49.275,46.7771,12133600
2019-05-29,48.865,49.645,48.805,49.44,46.9337,26899800
2019-05-30,49.6,50.26,49.485,49.82,47.2944,15246600
2019-05-31,49.295,49.96,48.965,49.115,46.6252,27918400
2019-06-03,49.655,50.035,48.825,49.06,46.573,13463400
2019-06-04,49.84,51.095,49.53,51.07,48.4811,13922400
2019-06-05,51.515,51.64,50.12,50.68,48.1108,21119000
2019-06-06,50.765,51.555,50.58,51.38,48.7754,10042200
2019-06-07,51.665,52.18,51.485,52.045,49.4067,11348200
2019-06-10,52.695,53.925,52.6,53.345,50.6407,17218400
2019-06-11,54.18,54.4,53.21,53.54,50.8259,16207000
2019-06-12,53.03,53.12,52.33,52.38,49.7247,8059200
2019-06-13,52.73,52.855,52.29,52.64,49.9715,7157200
2019-06-14,51.295,51.525,50.99,51.33,48.7279,11866800
2019-06-17,51.305,51.465,50.89,51.015,48.4289,12354200
2019-06-18,51.465,53.455,51.465,53.09,50.3987,27726800
2019-06-19,53.375,53.62,52.97,53.215,50.5173,9436200
2019-06-20,54.385,54.6,53.55,53.83,51.1012,11151200
2019-06-21,53.565,54.005,53.42,53.575,50.8591,10478400
2019-06-24,53.705,53.895,53.475,53.675,50.954,12248800
2019-06-25,53.66,53.84,52.71,52.745,50.0712,12314400
2019-06-26,53.9,54.67,53.895,54.305,51.5521,14639600
2019-06-27,54.665,55.305,54.665,55.035,52.2451,10445000
2019-06-28,55.75,55.795,55.055,55.09,52.2973,11854800
2019-07-01,57.55,57.98,56.27,56.645,53.7735,18217000
2019-07-02,56.49,56.495,55.73,55.98,53.1422,8500600
2019-07-03,55.91,55.965,55.4,55.775,52.9476,4022200
2019-07-05,55.125,55.485,54.8,55.365,52.5583,7976800
2019-07-08,54.84,55.115,54.61,55.005,52.2166,7715400
2019-07-09,54.635,55.47,54.545,55.39,52.5821,8019800
2019-07-10,55.985,56.685,55.84,55.94,53.1042,9222600
2019-07-11,56.255,56.305,55.805,56.095,53.2513,7684400
2019-07-12,56.31,57.155,56.31,57.125,54.2291,7099600
2019-07-15,57.455,57.795,57.255,57.585,54.6658,5291600
2019-07-16,57.275,57.31,56.74,56.99,54.101,7413000
2019-07-17,57.39,57.52,57.025,57.195,54.2956,5379000
2019-07-18,57.325,58.365,57.305,58.225,55.2734,10446400
2019-07-19,58.44,58.76,58.195,58.23,55.2781,8773200
2019-07-22,58.625,59.485,58.605,59.395,56.384,10074800
2019-07-23,59.8,60.06,59.415,60.055,57.0106,8288600
2019-07-24,60.455,61.78,60.35,61.655,58.5295,13770800
2019-07-25,61.285,61.35,60.43,60.54,57.471,11179200
2019-07-26,61.0,61.05,60.385,60.415,57.3523,7876400
2019-07-29,60.315,60.715,59.8,60.62,57.547,8749600
2019-07-30,59.97,60.525,59.835,60.35,57.2906,5625800
2019-07-31,60.08,60.11,57.89,58.545,55.5771,10838800
2019-08-01,58.385,59.955,56.89,57.365,54.457,26134200
2019-08-02,56.9,57.23,56.105,56.585,53.7165,16233800
2019-08-05,55.05,55.135,53.705,54.145,51.4002,17974600
2019-08-06,55.165,55.61,54.415,55.005,52.2166,18445200
2019-08-07,54.325,55.425,54.2,55.305,52.5014,14577800
2019-08-08,55.775,56.77,55.525,56.72,53.8447,10679800
2019-08-09,56.2,56.34,55.345,55.74,52.9143,16228600
2019-08-12,55.22,55.705,54.78,55.08,52.2878,7652400
2019-08-13,54.93,57.095,54.645,56.66,53.7877,19539800
2019-08-14,55.25,55.715,54.51,54.835,52.0552,16064800
2019-08-15,55.175,55.25,54.3,54.775,51.9983,9550200
2019-08-16,55.375,56.26,55.005,56.115,53.2703,11025600
2019-08-19,57.33,57.585,56.775,57.04,54.1484,9343600
2019-08-20,56.95,57.11,56.485,56.715,53.8399,11217400
2019-08-21,57.29,57.57,57.03,57.295,54.3905,5137200
2019-08-22,57.375,57.545,56.635,57.22,54.3193,7954000
2019-08-23,56.45,57.025,54.65,54.85,52.0694,25397800
2019-08-26,55.685,55.79,55.215,55.415,52.6058,7238400
2019-08-27,55.85,56.04,54.96,55.285,52.4824,8074600
2019-08-28,55.035,55.73,54.635,55.64,52.8194,7751000
2019-08-29,56.59,57.22,56.55,56.845,53.9633,11236000
2019-08-30,57.42,57.69,56.955,57.21,54.3098,7725800
2019-09-03,56.655,56.785,55.995,56.305,53.4507,8735400
2019-09-04,57.235,57.98,57.225,57.965,55.0265,10075600
2019-09-05,59.225,60.39,59.155,59.725,56.6973,14293000
2019-09-06,59.82,59.995,59.445,59.775,56.7448,5642800
2019-09-09,60.02,60.46,59.76,60.005,56.9631,6717800
2019-09-10,59.68,60.13,59.295,60.125,57.077,7901000
2019-09-11,60.365,60.925,60.055,60.89,57.8033,6789000
2019-09-12,61.335,61.565,60.585,60.985,57.8934,8984400
2019-09-13,60.9,61.24,60.67,60.955,57.865,7082400
2019-09-16,60.445,60.775,60.025,60.545,57.4758,4699400
2019-09-17,60.3,60.84,60.14,60.79,57.7083,6576600
2019-09-18,60.775,60.885,60.04,60.855,57.77,4461600
2019-09-19,61.025,61.18,60.545,60.61,57.5375,5574200
2019-09-20,60.75,60.76,59.27,59.475,56.46,10108000
2019-09-23,59.41,60.3,59.41,59.985,56.9441,5841800
2019-09-24,60.43,60.545,58.825,59.095,56.0993,11076200
2019-09-25,58.805,60.26,58.335,60.105,57.0581,10392800
2019-09-26,60.15,60.49,59.675,60.315,57.2574,9736600
2019-09-27,59.845,60.11,58.43,58.885,55.8999,13748000
2019-09-30,59.295,59.63,58.975,59.565,56.5454,5178000
2019-10-01,59.98,60.66,58.93,59.16,56.161,9516800
2019-10-02,58.61,58.77,57.86,58.195,55.2449,9928200
2019-10-03,58.19,59.16,57.54,59.09,56.0945,11036000
2019-10-04,59.46,60.16,59.26,60.13,57.0818,7152400
2019-10-07,60.05,60.395,59.81,59.83,56.797,9452600
2019-10-08,59.195,59.375,58.16,58.26,55.3066,12161800
2019-10-09,59.09,59.675,58.95,59.285,56.2796,6429000
2019-10-10,59.445,60.415,59.385,59.85,56.816,9358800
2019-10-11,61.05,61.94,60.905,61.215,58.1118,17065400
2019-10-14,61.215,61.435,61.025,61.305,58.1972,4406200
2019-10-15,61.585,62.69,61.585,62.525,59.3554,7605200
2019-10-16,62.125,62.46,61.5,61.615,58.4915,6919400
2019-10-17,62.3,62.555,61.28,61.655,58.5295,6686200
2019-10-18,61.555,61.745,60.505,61.05,57.9552,7198400
2019-10-21,61.5,62.22,61.42,62.195,59.0421,8208200
2019-10-22,62.41,62.495,61.71,61.725,58.5959,6848800
2019-10-23,60.64,61.105,60.31,60.65,57.5754,11567400
2019-10-24,61.555,62.28,61.45,62.255,59.0991,9543200
2019-10-25,62.53,63.57,62.53,63.515,60.2952,9143200
2019-10-28,64.05,64.56,63.91,64.48,61.2113,9707200
2019-10-29,64.59,65.08,63.97,64.04,60.7936,7143000
2019-10-30,64.38,64.38,63.605,64.11,60.86,6770600
2019-10-31,63.93,64.0,63.065,63.745,60.5135,7842400
2019-11-01,64.25,65.07,64.115,65.06,61.7619,8745400
2019-11-04,66.12,66.54,65.91,66.445,63.0767,7755000
2019-11-05,66.585,67.01,66.3,66.48,63.1099,5403600
2019-11-06,66.265,66.335,65.485,66.075,62.7254,8512000
2019-11-07,66.925,67.14,66.165,66.465,63.0956,7853600
2019-11-08,66.16,66.605,65.715,66.605,63.2285,6742000
2019-11-11,66.04,66.46,65.8,66.335,62.9722,5145000
2019-11-12,66.625,66.98,66.225,66.475,63.1051,4700200
2019-11-13,66.09,66.76,65.9,66.59,63.2143,5713800
2019-11-14,66.435,66.53,65.99,66.47,63.1004,5224800
2019-11-15,67.375,67.63,66.86,67.145,63.7412,8184400
2019-11-18,67.115,67.6,66.805,67.185,63.7791,3931600
2019-11-19,67.53,67.625,66.665,66.955,63.5608,6635400
2019-11-20,66.62,66.995,65.78,66.3,62.939,9882000
2019-11-21,66.0,66.155,65.3,65.575,62.2508,8167600
2019-11-22,65.835,66.09,65.33,65.46,62.1416,6401600
2019-11-25,66.03,66.98,66.03,66.97,63.575,6601400
2019-11-26,66.82,66.925,66.43,66.755,63.3709,7094200
2019-11-27,67.025,67.205,66.88,67.205,63.7981,4592000
2019-11-29,66.835,66.87,66.415,66.455,63.0862,3278400
2019-12-02,66.595,66.67,65.475,65.59,62.265,9095200
2019-12-03,64.325,64.715,63.96,64.67,61.3916,13605000
2019-12-04,65.5,65.86,65.435,65.62,62.2935,6475400
2019-12-05,65.93,66.195,65.735,66.015,62.6685,4876200
2019-12-06,66.665,67.14,66.665,66.995,63.5988,6751600
2019-12-09,67.03,67.2,66.535,66.545,63.1716,3950800
2019-12-10,66.795,67.225,66.62,66.81,63.4231,5077200
2019-12-11,67.295,68.27,67.035,68.24,64.7807,9540200
2019-12-12,68.335,70.235,68.265,70.2,66.6413,12050000
2019-12-13,70.195,70.965,69.705,69.93,66.385,10016800
2019-12-16,70.79,71.05,70.465,70.5,66.9261,7099800
2019-12-17,71.0,71.045,70.49,70.9,67.3058,5578400
2019-12-18,71.1,71.1,70.545,70.655,67.0732,4842600
2019-12-19,70.965,71.12,70.575,71.065,67.4625,4704200
2019-12-20,71.45,71.985,71.21,71.75,68.1127,6537200
2019-12-23,71.565,71.71,70.81,71.04,68.4509,5452200
2019-12-24,71.215,71.215,70.715,71.185,68.5906,2355200
2019-12-26,71.26,71.49,71.035,71.375,68.7737,3149800
2019-12-27,71.635,71.7,70.98,71.13,68.5377,3688400
2019-12-30,71.25,71.25,70.125,70.615,68.0414,5910000
2019-12-31,70.375,70.84,70.205,70.705,68.1281,5706200
2020-01-02,71.895,72.47,71.655,72.34,69.7036,5200400
2020-01-03,71.275,71.715,70.94,71.155,68.5617,9963600
2020-01-06,70.255,70.565,69.885,70.395,67.8294,6514000
2020-01-07,71.12,71.825,70.7,71.57,68.9616,6526000
2020-01-08,71.565,72.055,71.26,71.69,69.0772,6112800
2020-01-09,72.605,72.605,71.42,72.1,69.4723,6403600
2020-01-10,72.51,72.51,71.37,71.5,68.8942,4503800
2020-01-13,72.1,72.53,71.84,72.5,69.8577,7211800
2020-01-14,72.59,73.135,72.21,72.65,70.0023,6001800
2020-01-15,72.355,72.46,71.37,71.575,68.9664,7379800
2020-01-16,72.24,72.73,72.155,72.73,70.0793,6238400
2020-01-17,73.045,73.05,72.51,73.03,70.3684,5896400
2020-01-21,72.74,73.415,72.675,73.09,70.4262,6054400
2020-01-22,73.62,74.305,73.48,73.69,71.0044,7073600
2020-01-23,73.9,74.15,73.285,74.15,71.4476,8740000
2020-01-24,75.155,75.37,73.275,73.825,71.1344,9998400
2020-01-27,71.43,71.75,70.625,70.85,68.2679,13582200
2020-01-28,71.625,72.79,71.205,72.625,69.9782,7419400
2020-01-29,72.33,72.57,71.405,71.52,68.9134,5874400
2020-01-30,70.795,71.47,69.985,71.355,68.7544,10334200
2020-01-31,70.72,70.785,68.48,68.785,66.2781,12204800
2020-02-03,69.085,69.82,68.995,69.725,67.1839,7682000
2020-02-04,71.6,72.035,71.235,71.97,69.347,10815600
2020-02-05,73.25,73.555,72.43,73.4,70.7249,10793000
2020-02-06,73.5,73.52,72.595,73.45,70.7731,5421800
2020-02-07,72.725,72.785,71.73,71.77,69.1543,10472400
2020-02-10,71.29,72.915,71.25,72.9,70.2431,8198400
2020-02-11,73.56,74.75,73.56,74.44,71.727,10834200
2020-02-12,74.995,75.58,74.995,75.49,72.7388,7438400
2020-02-13,74.975,76.165,74.87,75.67,72.9122,7965600
2020-02-14,76.0,76.31,74.895,75.345,72.599,7469800
2020-02-18,73.835,74.33,73.555,74.215,71.5102,11817200
2020-02-19,75.37,76.26,75.25,76.125,73.3506,8134000
2020-02-20,75.8,75.9,73.77,74.925,72.1944,7756000
2020-02-21,74.43,74.475,72.48,72.725,70.0745,14164000
2020-02-24,69.385,70.365,68.77,69.43,66.8996,19728200
2020-02-25,70.25,70.47,67.105,67.43,64.9725,25658000
2020-02-26,68.01,69.125,67.295,67.835,65.3627,19085800
2020-02-27,66.0,67.025,64.55,64.71,62.3516,25962400
2020-02-28,62.3,66.34,62.155,65.985,63.5802,19297800
2020-03-02,66.84,68.28,65.005,68.27,65.7819,14083000
2020-03-03,68.525,69.455,65.555,66.03,63.6235,14801000
2020-03-04,67.34,69.415,66.625,69.415,66.8851,10802800
2020-03-05,67.505,68.89,66.645,67.235,64.7846,11346000
2020-03-06,65.255,66.365,64.325,65.94,63.5368,14819200
2020-03-09,60.33,63.5,60.24,60.455,58.2517,14174400
2020-03-10,62.765,64.18,60.615,64.18,61.8409,12554000
2020-03-11,62.065,63.5,60.095,60.715,58.5022,14558200
2020-03-12,56.47,58.815,54.295,54.305,52.3258,13776000
2020-03-13,57.66,60.08,54.55,59.57,57.399,11600000
2020-03-16,52.6,56.22,50.64,50.985,49.1268,13095800
2020-03-17,51.885,55.71,50.25,55.115,53.1063,19195800
2020-03-18,51.0,53.185,48.0,50.535,48.6932,14520400
2020-03-19,50.145,53.075,48.52,51.43,49.5556,10292200
2020-03-20,53.575,54.61,50.4,50.53,48.6884,13733000
2020-03-23,51.225,53.15,49.96,52.405,50.4951,13153600
2020-03-24,55.75,58.04,55.7,57.815,55.7079,15628600
2020-03-25,58.37,60.195,56.355,57.38,55.2888,9801600
2020-03-26,58.4,61.0,58.1,60.86,58.6419,9212800
2020-03-27,58.765,59.535,57.475,57.495,55.3996,12571400
2020-03-30,58.56,59.955,57.92,59.75,57.5724,9145600
2020-03-31,59.87,60.67,58.18,58.57,56.4354,10223600
2020-04-01,56.72,58.095,55.09,55.665,53.6363,12936000
2020-04-02,55.17,57.35,55.12,57.165,55.0816,9846200
2020-04-03,57.0,57.73,55.405,56.02,53.9783,7177600
2020-04-06,58.615,61.905,58.61,61.59,59.3453,17371000
2020-04-07,63.85,63.94,61.4,61.4,59.1623,11802800
2020-04-08,62.495,63.745,61.69,63.435,61.1231,9511600
2020-04-09,64.095,64.82,61.445,61.935,59.6778,20814000
2020-04-13,61.665,62.845,61.375,62.745,60.4582,10961600
2020-04-14,64.31,65.55,64.09,65.49,63.1032,15345800
2020-04-15,64.025,64.065,62.995,63.725,61.4025,12026800
2020-04-16,64.825,65.715,64.2,65.415,63.0309,9310000
2020-04-17,66.68,66.975,65.43,66.055,63.6476,10195200
2020-04-20,65.005,66.06,64.635,64.655,62.2986,6241200
2020-04-21,63.555,63.91,61.39,61.76,59.5091,12767200
2020-04-22,63.575,65.62,63.525,65.25,62.872,12027600
2020-04-23,65.23,65.96,64.5,64.65,62.2938,8544400
2020-04-24,64.645,66.115,64.16,65.955,63.5513,7987400
2020-04-27,66.61,67.335,66.255,66.77,64.3365,8903600
2020-04-28,67.895,68.23,66.25,66.325,63.9078,9113600
2020-04-29,67.52,69.68,67.265,69.44,66.9092,9771000
2020-04-30,69.05,69.05,66.75,66.865,64.4281,13736400
2020-05-01,65.43,65.55,63.465,63.715,61.3929,12030800
2020-05-04,63.45,64.5,63.055,64.42,62.0722,7615800
2020-05-05,65.335,66.415,64.89,65.26,62.8816,9668800
2020-05-06,66.055,67.02,65.87,66.025,63.6187,6652600
2020-05-07,67.25,67.46,66.355,66.625,64.1968,6246200
2020-05-08,67.36,68.405,67.09,68.325,65.8349,6032800
2020-05-11,67.665,68.85,67.62,68.36,65.8686,5441000
2020-05-12,68.8,68.955,66.46,66.48,64.0571,7153200
2020-05-13,66.965,67.195,64.385,65.3,62.9201,13727600
2020-05-14,64.805,67.195,63.705,67.13,64.6834,11389600
2020-05-15,64.875,65.925,64.43,65.6,63.2092,14959000
2020-05-18,67.28,68.785,67.215,68.425,65.9312,8478200
2020-05-19,68.395,69.635,68.065,68.17,65.6855,7990000
2020-05-20,69.68,71.005,69.66,70.64,68.0655,9048200
2020-05-21,70.47,70.645,68.75,68.85,66.3408,8865600
2020-05-22,68.885,69.075,68.045,68.995,66.4805,4969000
2020-05-26,70.635,71.07,69.485,69.59,67.0538,9327200
2020-05-27,69.615,70.65,67.825,70.64,68.0655,13018200
2020-05-28,70.25,71.005,68.775,69.13,66.6105,10383400
2020-05-29,69.385,70.945,69.14,70.515,67.9451,12020000
2020-06-01,70.45,70.78,69.89,70.41,67.8439,6332800
2020-06-02,70.745,71.86,70.335,71.795,69.1784,7555800
2020-06-03,72.885,74.07,72.88,73.775,71.0863,8987600
2020-06-04,73.445,75.09,73.35,74.59,71.8716,6281600
2020-06-05,76.165,77.385,76.075,76.35,73.5674,9793600
2020-06-08,76.695,76.72,74.73,76.12,73.3458,5562200
2020-06-09,75.285,76.545,75.035,76.26,73.4807,5726000
2020-06-10,76.725,77.365,76.33,76.65,73.8565,7012600
2020-06-11,74.735,75.05,71.895,71.945,69.323,9342800
2020-06-12,74.0,74.375,71.425,72.96,70.301,9391800
2020-06-15,71.36,74.01,71.165,73.905,71.2115,8518200
2020-06-16,75.905,76.31,73.89,75.06,72.3244,7783600
2020-06-17,75.765,76.505,75.36,75.855,73.0905,9421200
2020-06-18,75.71,76.175,75.365,75.75,72.9893,5770000
2020-06-19,76.55,76.975,75.205,75.395,72.6472,6698200
2020-06-22,75.41,76.15,74.76,76.085,73.3121,5636000
2020-06-23,76.6,77.05,76.175,76.335,73.553,4749200
2020-06-24,75.925,76.35,74.165,74.735,72.0113,8941800
2020-06-25,74.84,75.39,73.55,75.245,72.5027,4635400
2020-06-26,75.245,75.41,73.675,73.835,71.1441,7897800
2020-06-29,74.07,74.585,72.925,74.585,71.8667,6789800
2020-06-30,75.045,76.68,74.935,76.4,73.6156,8866200
2020-07-01,76.45,76.48,75.52,75.525,72.7725,6057600
2020-07-02,76.565,77.255,76.31,76.68,73.8854,6947400
2020-07-06,78.085,79.05,77.925,78.795,75.9233,6925800
2020-07-07,78.575,79.035,77.66,77.815,74.979,5952000
2020-07-08,78.52,79.005,77.875,78.93,76.0534,5181600
2020-07-09,79.25,80.62,78.445,80.3,77.3735,11834000
2020-07-10,80.285,80.515,79.195,79.985,77.0699,4751800
2020-07-13,81.2,82.025,78.68,78.835,75.9618,9496400
2020-07-14,78.315,80.35,77.405,80.16,77.2386,7806200
2020-07-15,80.655,80.685,78.645,79.795,76.8869,6357000
2020-07-16,79.045,79.975,78.55,79.735,76.829,6811200
2020-07-17,80.26,80.39,79.71,80.105,77.1856,4978200
2020-07-20,80.225,81.92,79.66,81.705,78.7272,4485600
2020-07-21,82.54,82.585,81.07,81.295,78.3322,6091000
2020-07-22,81.56,82.47,81.24,81.89,78.9055,4728600
2020-07-23,81.91,82.525,79.835,80.54,77.6047,7436000
2020-07-24,79.275,80.94,78.615,79.73,76.8242,6040800
2020-07-27,81.54,83.005,81.42,82.945,79.9221,5584800
2020-07-28,81.805,81.91,80.665,80.79,77.8456,5692600
2020-07-29,81.51,83.135,81.365,82.825,79.8064,6411200
2020-07-30,82.105,83.7,81.93,83.605,80.558,6549600
2020-07-31,83.77,83.77,81.915,83.11,80.081,10354800
2020-08-03,83.665,84.725,83.575,84.59,81.5071,4024800
2020-08-04,84.63,85.9,84.56,85.82,82.6923,5997000
2020-08-05,85.82,86.545,85.42,85.895,82.7645,4373800
2020-08-06,85.86,85.875,84.87,85.745,82.62,4438600
2020-08-07,85.615,86.015,83.87,84.76,81.6709,5515200
2020-08-10,85.035,85.22,83.57,84.82,81.7287,4574800
2020-08-11,84.835,85.255,83.37,83.62,80.5725,6514400
2020-08-12,84.36,86.5,84.015,86.25,83.1066,5739600
2020-08-13,86.205,86.3,85.04,85.43,82.3165,4549600
2020-08-14,85.675,86.43,85.14,85.34,82.2298,3263000
2020-08-17,86.33,87.055,86.12,86.585,83.4294,2801800
2020-08-18,86.945,87.165,85.82,86.05,82.9139,3021800
2020-08-19,86.215,86.295,85.32,85.525,82.408,4716600
2020-08-20,84.59,85.11,84.115,84.84,81.748,5814800
2020-08-21,84.81,85.475,84.51,85.455,82.3406,4163000
2020-08-24,86.41,86.695,85.605,86.215,83.0729,2595400
2020-08-25,86.415,87.23,86.4,87.19,84.0123,2598800
2020-08-26,87.41,87.965,87.175,87.675,84.4797,2835800
2020-08-27,87.975,88.195,85.92,86.445,83.2945,6242800
2020-08-28,86.7,87.9,86.425,87.82,84.6194,2711600
2020-08-31,87.55,88.32,86.95,87.685,84.4893,3468600
2020-09-01,88.35,89.45,87.94,89.405,86.1466,3668000
2020-09-02,90.9,92.305,89.69,91.775,88.4302,7925000
2020-09-03,90.41,90.41,86.185,86.9,83.7329,13800400
2020-09-04,86.195,87.36,82.75,85.705,82.5815,9850800
2020-09-08,82.4,84.31,81.785,81.905,78.9199,7993400
2020-09-09,83.915,84.885,82.995,84.25,81.1795,4672200
2020-09-10,85.24,85.655,82.7,83.19,80.1581,5837600
2020-09-11,83.9,84.685,82.235,83.03,80.004,4779200
2020-09-14,84.975,85.505,84.265,84.9,81.8058,4549000
2020-09-15,86.09,87.24,85.885,86.685,83.5258,7696200
2020-09-16,87.24,87.37,85.485,85.62,82.4996,3870000
2020-09-17,83.26,85.56,83.105,85.425,82.3117,4373600
2020-09-18,85.92,86.09,83.12,84.135,81.0687,5509200
2020-09-21,82.715,84.18,82.015,84.175,81.1072,8011400
2020-09-22,84.675,85.015,83.18,84.865,81.7721,3214200
2020-09-23,84.95,85.325,82.625,82.925,79.9028,4852200
2020-09-24,82.15,84.805,82.05,83.65,80.6014,6385600
2020-09-25,83.43,84.88,82.46,84.62,81.536,5076400
2020-09-28,85.93,86.84,85.23,86.77,83.6076,3918000
2020-09-29,86.565,87.785,86.565,87.23,84.0509,6431400
2020-09-30,87.065,88.095,86.725,87.1,83.9256,5782200
2020-10-01,88.765,89.54,88.325,89.25,85.9973,4724800
2020-10-02,87.265,88.475,86.54,86.575,83.4198,6278600
2020-10-05,87.395,89.525,87.325,89.525,86.2623,3832200
2020-10-06,89.31,90.805,88.39,88.74,85.5059,10500200
2020-10-07,90.08,90.885,90.06,90.64,87.3366,3467600
2020-10-08,91.62,91.87,91.18,91.75,88.4062,3773200
2020-10-09,93.135,93.55,92.7,93.325,89.9238,5310200
2020-10-12,94.62,95.36,94.055,94.97,91.5088,4606200
2020-10-13,95.035,95.475,94.29,94.685,91.2342,3182800
2020-10-14,95.09,95.27,93.6,94.185,90.7524,4294000
2020-10-15,92.455,93.95,92.2,93.82,90.4007,2655800
2020-10-16,94.51,94.51,93.16,93.235,89.837,3466600
2020-10-19,93.925,94.545,92.41,92.775,89.3938,4638200
2020-10-20,93.425,93.585,92.545,92.85,89.4661,4994400
2020-10-21,93.0,93.355,92.16,92.255,88.8927,4890600
2020-10-22,92.295,92.645,91.165,92.22,88.859,3146400
2020-10-23,92.115,92.115,91.125,92.0,88.647,3331600
2020-10-26,91.285,91.625,88.935,90.03,86.7488,6464600
2020-10-27,90.76,90.97,89.35,89.72,86.4501,3751600
2020-10-28,88.18,88.295,86.635,86.825,83.6607,9155800
2020-10-29,86.935,89.755,86.68,88.97,85.7275,4593600
2020-10-30,87.895,88.5,86.53,87.475,84.287,4847200
2020-11-02,88.255,88.93,87.305,88.155,84.9422,3878200
2020-11-03,88.915,90.635,88.855,89.99,86.7103,5890000
2020-11-04,91.95,93.62,90.81,93.29,89.89,7822600
2020-11-05,95.7,97.135,95.505,96.995,93.46,6044600
2020-11-06,96.845,98.795,96.3,98.5,94.9102,6303200
2020-11-09,100.91,101.445,97.325,97.425,93.8743,10780400
2020-11-10,96.85,96.875,94.185,94.41,90.9692,6903000
2020-11-11,96.0,97.975,95.915,97.73,94.1682,5375400
2020-11-12,97.845,98.34,96.235,96.675,93.1517,6405000
2020-11-13,97.92,98.865,97.44,98.1,94.5247,4874800
2020-11-16,98.87,101.155,98.71,100.86,97.1841,4773400
2020-11-17,100.625,100.625,99.245,99.7,96.0664,3430200
2020-11-18,100.23,100.68,99.16,99.205,95.5894,7664600
2020-11-19,98.685,100.595,98.335,100.5,96.8373,4394800
2020-11-20,100.705,101.315,99.88,99.99,96.3458,3579200
2020-11-23,100.755,101.975,100.395,101.53,97.8297,5038600
2020-11-24,102.195,102.24,100.385,101.85,98.1381,3909800
2020-11-25,101.95,102.5,101.425,101.845,98.1332,3595600
2020-11-27,102.55,103.785,102.55,103.21,99.4485,3684600
2020-11-30,103.38,105.275,101.99,104.305,100.5036,8532400
2020-12-01,105.315,107.0,104.875,106.2,102.3295,6737000
2020-12-02,106.16,106.975,105.7,106.625,102.739,5309000
2020-12-03,107.31,107.83,106.46,106.585,102.7005,4605000
2020-12-04,107.23,109.695,107.035,109.695,105.6972,5367000
2020-12-07,110.41,110.45,109.345,110.32,106.2994,4150600
2020-12-08,110.265,110.895,109.565,110.465,106.4391,3725600
2020-12-09,109.895,110.315,106.335,107.045,103.1437,7174800
2020-12-10,106.085,107.845,105.68,107.125,103.2208,4239400
2020-12-11,106.41,107.095,105.205,106.255,102.3825,4151400
2020-12-14,107.2,107.97,106.77,107.34,103.428,4346000
2020-12-15,108.695,109.31,108.2,109.025,105.0516,5027600
2020-12-16,109.48,109.48,108.13,108.98,105.0082,2536200
2020-12-17,109.665,109.7,108.54,108.955,104.9841,2250800
2020-12-18,109.095,109.275,107.89,108.58,104.6228,6820800
2020-12-21,106.18,107.345,105.4,107.285,104.095,4260200
2020-12-22,107.455,107.46,106.175,107.095,103.9106,3693600
2020-12-23,107.25,107.615,106.235,106.295,103.1344,2659600
2020-12-24,106.6,107.455,106.6,107.435,104.2405,1142800
2020-12-28,108.64,108.745,107.12,107.22,104.0319,2445600
2020-12-29,107.84,107.895,105.96,106.95,103.7699,4497600
2020-12-30,107.575,109.05,107.575,108.925,105.6862,2108800
2020-12-31,108.98,109.27,108.135,109.21,105.9627,2863000
2021-01-04,110.275,112.5,108.28,109.43,106.1762,9300600
2021-01-05,109.225,111.45,109.225,111.345,108.0342,4639000
2021-01-06,110.415,113.105,109.97,111.005,107.7044,7689000
2021-01-07,112.9,115.83,112.9,115.585,112.1482,5244600
2021-01-08,117.56,117.965,113.93,115.17,111.7455,6728000
2021-01-11,114.72,117.675,114.49,116.895,113.4192,6264400
2021-01-12,117.91,118.375,116.27,117.44,113.948,6375200
2021-01-13,118.25,118.315,116.25,116.805,113.3319,4427800
2021-01-14,118.53,121.435,118.39,119.71,116.1505,6605600
2021-01-15,119.4,119.595,116.355,117.38,113.8898,7656400
2021-01-19,119.625,121.5,118.985,121.41,117.8,6144400
2021-01-20,123.04,123.395,120.645,120.905,117.31,6309800
2021-01-21,122.465,123.07,120.94,122.775,119.1244,7217600
2021-01-22,121.5,122.14,120.395,120.465,116.8831,5508800
2021-01-25,121.585,121.845,118.485,120.94,117.3439,7048400
2021-01-26,120.73,120.8,118.82,118.85,115.3161,5393000
2021-01-27,116.44,116.44,112.465,113.045,109.6837,11583600
2021-01-28,115.58,117.185,114.39,115.41,111.9784,7953000
2021-01-29,115.5,115.91,112.785,113.305,109.936,8083000
2021-02-01,115.07,117.92,114.745,117.745,114.2439,5437800
2021-02-02,119.585,119.585,117.9,119.355,115.8061,8677000
2021-02-03,119.91,119.91,117.005,117.11,113.6278,6479800
2021-02-04,116.845,118.465,116.17,118.465,114.9425,5895800
2021-02-05,119.22,119.245,117.44,117.605,114.1081,4920400
2021-02-08,118.76,121.55,118.595,121.535,117.9213,8969200
2021-02-09,121.025,122.115,120.615,121.175,117.572,3215600
2021-02-10,122.25,122.945,119.995,121.485,117.8727,7481200
2021-02-11,122.845,126.0,122.775,125.985,122.2389,10340000
2021-02-12,125.535,127.52,124.775,127.28,123.4954,6800800
2021-02-16,128.99,129.295,127.33,128.06,124.2522,6947800
2021-02-17,126.735,127.24,124.01,125.58,121.846,7337600
2021-02-18,124.12,124.8,122.65,124.245,120.5507,6060000
2021-02-19,126.15,127.905,125.6,126.93,123.1558,8658800
2021-02-22,125.265,125.93,121.835,122.29,118.6538,6753000
2021-02-23,119.975,121.94,116.44,121.115,117.5137,9492400
2021-02-24,119.985,125.025,119.22,125.01,121.2929,9291000
2021-02-25,123.52,124.145,117.615,118.04,114.5302,12311800
2021-02-26,120.065,121.445,117.46,120.475,116.8928,10312600
2021-03-01,122.345,124.125,121.18,124.1,120.41,7118400
2021-03-02,124.34,124.34,120.18,120.285,116.7084,7697200
2021-03-03,120.43,120.775,116.375,116.495,113.0311,9035000
2021-03-04,115.885,116.695,109.18,110.84,107.5443,18054800
2021-03-05,113.695,114.625,108.455,114.395,110.9935,14766600
2021-03-08,113.77,114.28,108.07,108.11,104.8954,15614600
2021-03-09,112.105,115.26,111.65,114.515,111.11,14207200
2021-03-10,116.27,116.27,112.105,112.19,108.8541,12627400
2021-03-11,115.63,117.465,115.035,116.905,113.4289,8957400
2021-03-12,114.75,115.7,113.875,115.445,112.0123,7449200
2021-03-15,116.11,117.935,115.165,117.935,114.4283,6869200
2021-03-16,119.115,120.91,118.355,119.225,115.6799,9247200
2021-03-17,117.355,121.29,116.515,120.345,116.7666,10292400
2021-03-18,118.6,118.78,115.415,115.525,112.09,8934200
2021-03-19,115.695,117.86,114.4,116.84,113.3658,14151200
2021-03-22,118.415,120.91,118.075,119.625,116.068,9827400
2021-03-23,119.765,119.765,116.11,116.63,113.1621,9038600
2021-03-24,118.42,118.66,114.57,114.63,111.2216,8925000
2021-03-25,113.11,115.41,112.205,115.05,111.6291,13527800
2021-03-26,115.385,120.85,115.075,120.82,117.2275,15262400
2021-03-29,119.685,119.95,117.455,118.885,115.35,12544200
2021-03-30,118.33,118.855,117.265,118.375,114.8552,6675800
2021-03-31,119.385,122.44,119.385,121.775,118.1541,10132200
2021-04-01,124.02,126.475,124.015,126.47,122.7095,11310200
2021-04-05,128.525,128.77,126.69,128.575,124.7519,9784600
2021-04-06,127.725,128.245,125.58,126.815,123.0443,11805000
2021-04-07,126.84,127.305,125.75,126.525,122.7629,7926000
2021-04-08,128.21,128.34,127.21,128.34,124.5239,6799000
2021-04-09,127.495,128.04,126.865,128.04,124.2328,5391200
2021-04-12,127.42,127.42,125.445,126.555,122.792,6823000
2021-04-13,127.57,127.79,125.37,126.305,122.5494,7383600
2021-04-14,126.375,127.15,124.51,125.095,121.3754,7224200
2021-04-15,126.47,126.935,125.11,126.7,122.9327,8138800
2021-04-16,126.775,126.96,125.855,126.205,122.4524,7215000
2021-04-19,125.255,125.715,121.895,123.08,119.4203,10237600
2021-04-20,122.65,123.105,120.725,121.355,117.7466,9636600
2021-04-21,121.62,124.64,121.05,124.555,120.8514,9880200
2021-04-22,124.5,124.675,121.035,121.8,118.1784,8253200
2021-04-23,122.385,124.82,122.275,124.6,120.8951,6414600
2021-04-26,124.735,126.765,124.605,126.73,122.9618,5541600
2021-04-27,127.05,127.205,125.44,125.99,122.2438,6919000
2021-04-28,125.595,125.595,123.82,123.975,120.2887,6782400
2021-04-29,125.6,125.68,123.09,125.12,121.3997,7921000
2021-04-30,123.03,123.73,121.195,121.5,117.8873,9111600
2021-05-03,122.29,122.4,119.71,120.09,116.5192,9078000
2021-05-04,118.755,118.96,116.4,118.6,115.0735,14625400
2021-05-05,119.89,120.645,118.475,119.125,115.5829,9871600
2021-05-06,118.875,120.315,117.76,120.105,116.5338,12851200
2021-05-07,121.785,122.75,120.685,121.8,118.1784,10771600
2021-05-10,120.55,120.55,116.19,116.4,112.9389,10634000
2021-05-11,112.985,116.895,112.635,116.625,113.1572,13493000
2021-05-12,114.06,114.55,111.41,111.815,108.4903,15262800
2021-05-13,113.69,115.0,112.005,113.085,109.7225,17890600
2021-05-14,114.83,117.45,113.7,116.67,113.2009,8363600
2021-05-17,114.955,115.41,113.42,115.37,111.9396,10105000
2021-05-18,116.46,116.85,114.59,114.735,111.3234,7617600
2021-05-19,112.14,116.91,111.97,116.79,113.3173,16200000
2021-05-20,117.75,120.185,117.565,119.69,116.1311,11437600
2021-05-21,120.395,120.485,118.75,119.085,115.5441,10891000
2021-05-24,120.15,122.515,119.94,121.7,118.0813,7522000
2021-05-25,122.76,123.24,121.66,122.5,118.8576,8098200
2021-05-26,122.5,123.2,121.665,122.625,118.9788,6491400
2021-05-27,122.39,123.705,122.1,123.215,119.5513,5487800
2021-05-28,123.585,125.035,123.365,124.595,120.8903,6943200
2021-06-01,125.485,126.565,123.66,124.41,120.7108,7920000
2021-06-02,124.25,125.535,123.835,125.14,121.4191,6451400
2021-06-03,123.845,124.28,122.4,123.0,119.3427,7641000
2021-06-04,124.18,126.185,124.165,125.74,122.0012,7182200
2021-06-07,125.435,125.455,124.27,125.1,121.3802,5799200
2021-06-08,125.96,125.965,123.135,124.07,120.3809,6159400
2021-06-09,124.57,124.795,123.605,123.685,120.0073,5712200
2021-06-10,123.72,125.555,123.675,125.3,121.5743,6570000
2021-06-11,125.745,125.745,124.795,125.74,122.0012,4843200
2021-06-14,126.0,127.44,125.42,127.44,123.6507,6280000
2021-06-15,127.05,127.945,126.01,126.34,122.5834,6987000
2021-06-16,126.735,127.16,124.22,125.275,121.55,9597600
2021-06-17,124.81,127.695,124.81,126.69,122.923,7849400
2021-06-18,125.605,125.935,123.065,123.465,119.7939,10137600
2021-06-21,123.46,123.99,122.48,123.79,120.1092,7902000
2021-06-22,123.89,124.65,123.135,124.6,120.8951,6094800
2021-06-23,124.965,125.905,124.86,125.23,121.5064,4195800
2021-06-24,126.465,127.555,126.33,127.275,123.4906,4043200
2021-06-25,127.535,127.865,126.455,126.775,123.0054,5170600
2021-06-28,127.765,130.27,127.765,129.85,125.989,6955400
2021-06-29,129.85,130.98,129.19,130.98,127.0854,5117600
2021-06-30,130.795,131.245,130.055,131.12,127.2212,5429600
2021-07-01,130.785,130.815,128.74,129.185,125.3438,4886200
2021-07-02,130.225,130.225,129.105,129.9,126.0375,3515400
2021-07-06,130.48,131.05,128.235,129.86,125.9987,5563200
2021-07-07,130.615,130.825,127.555,128.06,124.2522,5018800
2021-07-08,125.5,126.97,124.445,126.345,122.5882,6860000
2021-07-09,127.03,128.73,126.05,128.5,124.6791,5521800
2021-07-12,129.105,130.29,128.645,130.185,126.3141,4457600
2021-07-13,129.81,130.62,129.11,129.905,126.0424,4907200
2021-07-14,131.325,131.93,129.2,129.62,125.7658,6704200
2021-07-15,128.755,128.755,125.18,126.065,122.3166,12503200
2021-07-16,126.83,127.185,123.11,123.425,119.7551,8994200
2021-07-19,121.595,123.52,121.045,123.4,119.7308,12380400
2021-07-20,123.855,125.65,122.205,124.91,121.1959,7590200
2021-07-21,125.5,128.535,125.32,128.5,124.6791,6349200
2021-07-22,127.705,128.475,126.855,127.725,123.9272,6214400
2021-07-23,128.31,128.685,127.045,128.655,124.8295,4456400
2021-07-26,128.05,128.75,127.6,128.51,124.6888,2543800
2021-07-27,127.655,127.935,123.715,126.24,122.4863,6706600
2021-07-28,126.65,128.805,126.005,128.495,124.6743,6731600
2021-07-29,128.62,131.075,128.58,130.905,127.0126,6820600
2021-07-30,129.565,131.98,129.56,131.57,127.6579,6459600
2021-08-02,132.695,133.97,132.14,132.5,128.5602,8518600
2021-08-03,132.765,133.71,131.425,133.7,129.7245,6436600
2021-08-04,134.1,135.66,133.885,135.16,131.1411,7092600
2021-08-05,135.59,135.895,134.265,135.01,130.9956,5626600
2021-08-06,134.005,135.01,133.955,134.285,130.2921,4119400
2021-08-09,134.54,134.9,133.365,133.88,129.8992,3998000
2021-08-10,134.305,134.355,131.355,132.165,128.2352,6655400
2021-08-11,132.71,132.79,130.31,131.815,127.8956,4258200
2021-08-12,131.135,131.145,129.34,130.375,126.4984,9066200
2021-08-13,130.465,131.275,129.95,131.225,127.3231,5656400
2021-08-16,130.69,131.24,129.67,130.66,126.7749,4517600
2021-08-17,129.445,129.475,127.095,128.185,124.3735,10177000
2021-08-18,128.075,128.99,126.43,126.53,122.7677,5631800
2021-08-19,125.52,128.36,124.675,127.64,123.8447,8966600
2021-08-20,127.94,128.625,126.855,128.19,124.3784,6447400
2021-08-23,129.665,132.02,129.65,131.875,127.9538,9150200
2021-08-24,132.19,132.71,131.67,131.965,128.0411,4813000
2021-08-25,132.42,134.43,132.42,133.4,129.4334,10724000
2021-08-26,133.315,134.13,132.515,133.605,129.6323,5221600
2021-08-27,133.755,136.28,133.66,136.02,131.9755,6363400
2021-08-30,136.85,137.6,135.995,136.45,132.3928,4993600
2021-08-31,136.795,136.795,134.365,135.415,131.3885,5864400
2021-09-01,136.065,136.245,135.035,135.205,131.1848,5119600
2021-09-02,135.44,136.845,135.01,135.535,131.505,3220000
2021-09-03,135.405,137.12,135.155,136.645,132.582,3617600
2021-09-07,136.845,136.9,135.555,136.365,132.3103,3926400
2021-09-08,135.655,135.86,133.515,134.565,130.5638,4984800
2021-09-09,134.645,135.845,134.485,135.12,131.1023,4631400
2021-09-10,136.255,138.02,136.04,136.14,132.092,7345200
2021-09-13,137.25,137.495,135.415,137.16,133.0817,5600800
2021-09-14,137.625,138.23,136.56,137.25,133.169,5451600
2021-09-15,137.15,137.74,136.06,137.73,133.6347,4266600
2021-09-16,136.635,138.345,136.065,137.93,133.8287,5166200
2021-09-17,137.5,137.5,134.98,135.5,131.471,7483600
2021-09-20,132.605,133.1,130.215,132.2,128.2691,7809200
2021-09-21,133.05,133.405,131.43,132.48,128.5408,4624400
2021-09-22,133.185,135.21,132.735,134.87,130.8597,4947600
2021-09-23,135.74,136.955,135.035,136.565,132.5043,4483800
2021-09-24,135.495,136.42,135.205,136.195,132.1454,2781600
2021-09-27,134.86,136.19,133.855,135.71,131.6748,4060000
2021-09-28,132.825,133.775,130.08,130.245,126.3723,11220600
2021-09-29,130.33,130.85,127.885,128.28,124.4657,9581800
2021-09-30,129.1,130.27,128.11,128.135,124.325,6558200
2021-10-01,128.74,128.835,126.175,128.245,124.4317,7362200
2021-10-04,127.28,127.48,124.39,124.905,121.191,9562000
2021-10-05,125.905,127.56,125.31,126.66,122.8939,6784600
2021-10-06,125.195,127.19,124.835,127.045,123.2674,7441800
2021-10-07,128.84,130.13,128.505,128.625,124.8004,4943400
2021-10-08,129.2,129.25,127.17,127.375,123.5876,4999600
2021-10-11,126.725,128.645,126.58,126.615,122.8502,4422000
2021-10-12,127.36,127.64,124.805,125.335,121.6083,8049400
2021-10-13,126.455,127.02,125.825,126.405,122.6464,5694400
2021-10-14,129.255,130.28,128.515,130.2,126.3286,7073000
2021-10-15,131.25,131.41,130.49,131.29,127.3862,5309600
2021-10-18,130.285,132.385,129.815,132.325,128.3904,4042800
2021-10-19,132.505,133.84,132.02,133.84,129.8604,4631800
2021-10-20,133.49,133.955,132.775,133.25,129.2879,4457000
2021-10-21,132.355,134.835,132.235,134.77,130.7627,3889000
2021-10-22,134.6,135.785,133.35,133.58,129.6081,5939000
2021-10-25,134.185,135.045,133.685,134.255,130.263,3738600
2021-10-26,135.77,136.365,134.53,135.02,131.0053,4962400
2021-10-27,134.24,135.48,133.65,133.88,129.8992,7880800
2021-10-28,135.565,136.47,135.015,136.43,132.3733,5989400
2021-10-29,135.37,136.865,135.205,136.82,132.7518,4406200
2021-11-01,136.945,138.465,136.42,138.39,134.2751,4430400
2021-11-02,138.375,140.0,138.3,139.915,135.7547,4611200
2021-11-03,140.08,141.385,139.535,141.3,137.0986,6096800
2021-11-04,142.645,148.05,142.16,147.15,142.7746,15122000
2021-11-05,148.34,149.87,146.985,148.3,143.8904,9548600
2021-11-08,149.265,151.93,148.585,150.97,146.481,8630000
2021-11-09,152.505,152.975,149.645,151.17,146.6751,11542800
2021-11-10,148.19,150.16,145.775,146.4,142.0469,10611000
2021-11-11,148.75,149.45,147.72,149.035,144.6036,5640200
2021-11-12,149.52,151.155,148.615,150.55,146.0735,5272200
2021-11-15,151.555,151.555,148.835,150.35,145.8795,5636800
2021-11-16,149.945,152.53,149.39,152.3,147.7715,4880400
2021-11-17,152.35,152.73,150.825,151.395,146.8934,5819200
2021-11-18,154.91,155.82,153.565,155.12,150.5076,7602600
2021-11-19,154.815,157.035,154.44,156.1,151.4585,6666000
2021-11-22,156.795,159.41,153.64,153.745,149.1735,10939800
2021-11-23,152.935,154.32,149.985,152.63,148.0917,10521800
2021-11-24,151.17,154.25,149.735,154.17,149.5859,7165000
2021-11-26,151.315,152.715,148.945,149.7,145.2488,6732600
2021-11-29,152.255,155.87,151.535,155.71,151.0801,9032800
2021-11-30,155.065,156.385,151.305,152.45,147.917,13931400
2021-12-01,155.325,157.785,151.78,151.91,147.3931,14229200
2021-12-02,150.25,153.585,149.57,152.305,147.7763,12560000
2021-12-03,153.375,154.72,148.77,150.575,146.0978,13547400
2021-12-06,149.785,150.695,145.255,150.0,145.5399,10212000
2021-12-07,153.5,157.71,153.5,157.275,152.5985,11289000
2021-12-08,156.415,156.915,155.0,156.595,151.9388,7148400
2021-12-09,155.55,157.105,152.665,152.805,148.2614,6494400
2021-12-10,155.56,155.875,152.195,153.775,149.2026,7072600
2021-12-13,154.315,154.47,149.545,149.785,145.3313,7499600
2021-12-14,147.865,149.74,146.815,148.92,144.492,8491800
2021-12-15,149.08,155.19,147.8,155.08,150.4688,10836800
2021-12-16,155.84,156.175,147.56,148.34,143.9292,14412400
2021-12-17,147.03,150.025,146.66,147.645,143.2549,11277600
2021-12-20,144.95,146.745,144.07,145.755,142.1785,11102000
2021-12-21,148.855,151.16,146.815,151.02,147.3143,9071000
2021-12-22,150.025,152.82,149.715,152.815,149.0652,5102800
2021-12-23,153.235,155.19,153.065,154.13,150.348,4795600
2021-12-27,154.655,158.34,154.54,158.28,154.3961,6437400
2021-12-28,158.915,158.96,155.945,156.72,152.8744,5076200
2021-12-29,156.545,157.775,155.74,156.695,152.85,6252200
2021-12-30,156.53,157.005,154.635,154.915,151.1137,5910600
2021-12-31,155.01,156.02,154.355,154.395,150.6064,2929800
2022-01-03,155.65,157.85,155.22,157.8,153.9279,7155200
2022-01-04,158.5,159.345,153.59,156.98,153.128,11485600
2022-01-05,155.755,156.94,151.505,151.595,147.8752,16288400
2022-01-06,151.47,153.76,149.885,153.1,149.3432,13102400
2022-01-07,152.81,153.305,148.095,148.445,144.8025,13858800
2022-01-10,146.5,148.875,143.865,148.635,144.9878,14787800
2022-01-11,148.235,151.79,147.085,151.635,147.9142,9939800
2022-01-12,152.915,154.195,151.32,152.93,149.1774,11784600
2022-01-13,156.0,157.41,149.845,150.27,146.5827,16958600
2022-01-14,149.24,153.695,148.94,153.455,149.6895,11727200
2022-01-18,150.855,150.9,146.3,146.59,142.993,12497400
2022-01-19,147.95,148.845,142.445,142.54,139.0423,17539000
2022-01-20,143.715,144.785,138.165,138.175,134.7845,16708800
2022-01-21,137.5,141.0,135.755,135.875,132.5409,26521800
2022-01-24,133.1,137.695,128.62,137.615,134.2382,25135200
2022-01-25,133.72,135.37,131.43,132.165,128.9219,16935400
2022-01-26,136.225,139.445,131.95,134.07,130.7802,20527400
2022-01-27,135.415,135.695,127.97,128.345,125.1957,22088600
2022-01-28,128.205,131.035,124.68,130.845,127.6343,21911400
2022-01-31,131.73,137.7,130.97,137.7,134.3211,14468800
2022-02-01,138.645,138.75,135.105,138.29,134.8966,11685400
2022-02-02,141.33,142.02,139.0,141.82,138.34,11819400
2022-02-03,138.32,140.275,135.0,135.53,132.2044,16690600
2022-02-04,134.97,137.43,133.24,136.265,132.9213,9879200
2022-02-07,136.885,138.465,135.835,136.48,133.1311,10319400
2022-02-08,135.59,139.695,135.27,139.275,135.8575,10124800
2022-02-09,141.395,144.155,139.605,144.125,140.5885,20297200
2022-02-10,140.93,145.175,139.15,139.81,136.3793,16619600
2022-02-11,140.0,141.01,131.79,132.625,129.3707,23369800
2022-02-14,133.07,135.33,130.88,132.535,129.2829,15577600
2022-02-15,135.505,139.905,135.085,139.745,136.3159,12811800
2022-02-16,137.985,140.09,136.615,139.715,136.2867,10021000
2022-02-17,137.98,138.155,134.0,134.115,130.8241,15833000
2022-02-18,134.565,134.805,130.85,132.625,129.3707,17236400
2022-02-22,131.145,134.845,129.77,131.715,128.483,17874800
2022-02-23,133.875,134.89,128.6,128.955,125.7907,15235800
2022-02-24,123.965,133.4,123.38,133.38,130.1071,21510200
2022-02-25,133.265,135.285,131.41,135.24,131.9215,17731000
2022-02-28,133.23,135.43,131.49,134.075,130.7851,17839800
2022-03-01,133.615,134.53,128.56,129.845,126.6589,16571000
2022-03-02,130.815,134.81,130.49,134.095,130.8046,16573600
2022-03-03,134.515,134.565,130.395,131.205,127.9855,16515200
2022-03-04,129.775,130.78,126.15,127.675,124.5421,16157600
2022-03-07,127.855,128.775,121.255,121.32,118.3431,17728600
2022-03-08,121.51,127.59,119.825,123.15,120.1282,25880800
2022-03-09,127.44,129.35,125.825,128.5,125.3469,13344800
2022-03-10,126.115,126.3,123.35,125.72,122.6351,14997800
2022-03-11,127.595,127.84,122.78,122.895,119.8794,14765200
2022-03-14,122.775,123.42,118.66,119.345,116.4165,23371400
2022-03-15,120.46,124.68,119.565,124.345,121.2938,20833800
2022-03-16,126.59,130.93,125.43,130.93,127.7172,23147400
2022-03-17,129.635,131.75,128.56,131.75,128.5171,13429200
2022-03-18,130.635,135.015,130.14,134.595,131.2923,16140400
2022-03-21,134.21,135.285,131.915,134.28,130.985,13897200
2022-03-22,134.295,136.695,133.965,135.205,131.8873,11647200
2022-03-23,133.9,135.58,131.745,131.825,128.5903,15411000
2022-03-24,133.405,138.26,132.6,138.24,134.8479,16911600
2022-03-25,138.05,138.25,135.445,137.665,134.287,11023600
2022-03-28,136.66,138.73,135.035,138.665,135.2624,13225200
2022-03-29,141.215,142.21,139.16,141.8,138.3205,14346000
2022-03-30,140.98,141.33,136.905,137.685,134.3065,14507800
2022-03-31,137.375,138.375,134.57,134.895,131.585,15526600
2022-04-01,135.395,135.885,130.795,132.71,129.4536,15470000
2022-04-04,133.04,135.085,132.615,134.9,131.5898,11604400
2022-04-05,133.965,134.045,128.71,129.08,125.9126,22220400
2022-04-06,126.38,128.45,124.975,126.41,123.3082,22542800
2022-04-07,125.855,127.615,124.055,126.43,123.3277,15147000
2022-04-08,125.72,125.72,123.21,123.425,120.3964,13651000
2022-04-11,121.63,122.345,120.47,120.65,117.6895,15627800
2022-04-12,123.065,124.055,119.605,120.0,117.0554,21096800
2022-04-13,121.15,123.855,120.39,122.85,119.8355,16482800
2022-04-14,123.485,123.61,119.075,119.11,116.1873,15282000
2022-04-18,118.61,122.17,118.545,121.15,118.1772,14243000
2022-04-19,120.465,123.885,119.96,123.73,120.6939,13227800
2022-04-20,125.785,126.635,123.08,123.505,120.4744,13034600
2022-04-21,125.02,126.375,119.59,120.12,117.1725,18009000
2022-04-22,119.98,120.715,117.27,117.365,114.4851,14251000
2022-04-25,116.58,119.4,116.2,119.395,116.4653,19083200
2022-04-26,118.16,118.295,114.305,114.305,111.5002,18289000
2022-04-27,112.98,116.485,112.9,113.755,110.9637,14756400
2022-04-28,116.205,121.335,114.835,120.25,117.2993,19097000
2022-04-29,117.965,120.595,114.715,114.925,112.105,14487800
2022-05-02,114.945,118.355,113.865,118.27,115.3679,16399200
2022-05-03,117.86,120.005,117.055,119.24,116.3141,10625400
2022-05-04,119.995,123.595,116.225,123.33,120.3037,20898400
2022-05-05,121.27,121.395,115.88,117.54,114.6558,15564200
2022-05-06,116.545,118.915,114.21,116.335,113.4804,19808400
2022-05-09,113.815,115.09,109.95,110.445,107.7349,18250600
2022-05-10,113.81,115.13,110.735,113.3,110.5198,19597800
2022-05-11,112.2,114.85,109.635,109.825,107.1301,18200400
2022-05-12,108.63,111.44,107.615,110.345,107.6374,15976800
2022-05-13,112.605,116.85,111.89,116.13,113.2804,13531000
2022-05-16,115.02,116.015,113.76,114.255,111.4514,10146200
2022-05-17,117.375,119.98,116.825,119.72,116.7823,10557000
2022-05-18,117.75,119.18,113.475,114.0,111.2027,10887600
2022-05-19,113.235,116.76,112.935,114.03,111.2319,13706600
2022-05-20,116.02,116.26,109.38,114.085,111.2856,18009800
2022-05-23,113.65,115.295,112.82,115.0,112.1781,8603800
2022-05-24,113.11,113.5,110.915,111.965,109.2176,12751200
2022-05-25,111.485,115.115,111.325,114.295,111.4904,10999400
2022-05-26,113.19,118.565,112.735,118.115,115.2167,8707200
2022-05-27,120.05,123.0,119.97,122.8,119.7867,9288400
2022-05-31,122.56,123.295,120.365,122.29,119.2893,10122000
2022-06-01,122.855,123.48,118.805,120.28,117.3286,9778800
2022-06-02,120.155,124.56,119.715,124.53,121.4743,8733200
2022-06-03,121.815,122.385,120.19,120.86,117.8943,7802200
2022-06-06,122.86,123.725,120.265,120.96,117.9919,8430400
2022-06-07,119.44,122.185,118.58,121.925,118.9332,5774400
2022-06-08,121.365,121.85,118.63,119.385,116.4555,8183400
2022-06-09,118.58,120.36,116.135,116.21,113.3584,9876800
2022-06-10,114.045,115.025,111.71,111.91,109.164,11145400
2022-06-13,107.87,109.085,105.33,105.69,103.0966,13311000
2022-06-14,106.905,107.365,105.16,106.465,103.8526,9095400
2022-06-15,107.76,110.22,105.93,108.415,105.7547,11026600
2022-06-16,105.08,105.295,100.99,101.99,99.4874,16871600
2022-06-17,102.5,103.6,100.53,102.825,100.3019,14289000
2022-06-21,104.88,107.155,104.865,105.74,103.1453,10006200
2022-06-22,103.7,106.0,103.535,104.25,101.6919,7195600
2022-06-23,104.77,104.885,102.21,103.71,101.1652,8493200
2022-06-24,105.43,108.13,105.025,108.08,105.4279,12663200
2022-06-27,109.09,109.25,106.965,107.72,105.0768,5422600
2022-06-28,108.19,109.405,104.99,105.005,102.4284,8943000
2022-06-29,104.065,104.325,102.02,103.155,100.6238,7706800
2022-06-30,101.54,103.6,100.11,101.865,99.3654,9802200
2022-07-01,100.1,100.415,96.81,97.995,95.5904,12926400
2022-07-05,95.5,98.525,94.97,98.51,96.0928,14545000
2022-07-06,98.485,100.245,97.54,99.18,96.7463,6654800
2022-07-07,101.535,104.2,101.51,103.76,101.2139,9013400
2022-07-08,102.22,104.95,102.0,104.32,101.7602,5470000
2022-07-11,102.72,103.2,101.24,101.82,99.3215,5457800
2022-07-12,102.83,103.43,101.205,101.78,99.2825,5470400
2022-07-13,99.845,103.375,99.695,102.585,100.0678,7035600
2022-07-14,102.28,105.18,100.775,104.75,102.1796,6802600
2022-07-15,106.255,107.43,104.84,107.395,104.7597,7738200
2022-07-18,108.955,109.495,106.06,106.6,103.9843,8425000
2022-07-19,108.405,111.86,108.19,111.47,108.7347,9005200
2022-07-20,111.105,114.49,110.45,114.095,111.2953,10183400
2022-07-21,114.58,116.07,113.14,116.01,113.1633,8359600
2022-07-22,115.62,115.8,112.55,113.385,110.6028,11209000
2022-07-25,112.67,112.95,111.135,112.685,109.9199,6005200
2022-07-26,112.355,112.72,110.65,110.985,108.2617,4261200
2022-07-27,112.75,116.935,112.71,116.18,113.3292,10119600
2022-07-28,116.42,117.785,114.005,117.6,114.7143,6426400
2022-07-29,116.37,118.925,115.765,118.58,115.6703,6415800
2022-08-01,117.5,119.91,116.825,118.82,115.9044,6570200
2022-08-02,117.47,120.355,116.99,118.575,115.6654,6815600
2022-08-03,118.455,121.78,118.21,121.41,118.4308,7424400
2022-08-04,121.29,122.87,120.92,122.645,119.6355,5658800
2022-08-05,120.7,122.77,120.055,121.81,118.821,5279800
2022-08-08,120.275,121.325,118.03,119.705,116.7677,8425800
2022-08-09,117.13,117.205,113.365,114.695,111.8806,13726000
2022-08-10,117.73,119.405,116.25,119.34,116.4116,8434600
2022-08-11,120.175,122.495,119.06,119.315,116.3873,8788800
2022-08-12,119.995,122.86,119.6,122.685,119.6746,5825000
2022-08-15,121.945,123.53,121.395,123.24,120.2159,4506200
2022-08-16,122.6,122.955,120.53,121.85,118.8601,4302200
2022-08-17,120.145,120.265,117.7,119.235,116.3092,6676000
2022-08-18,119.115,121.7,118.7,120.9,117.9334,5241400
2022-08-19,119.36,119.785,117.1,117.495,114.6119,6864400
2022-08-22,115.2,115.625,112.98,113.4,110.6174,6987400
2022-08-23,113.4,115.54,113.365,114.135,111.3344,4517200
2022-08-24,113.91,114.515,112.855,114.06,111.2612,4493400
2022-08-25,114.27,117.9,114.245,117.89,114.9972,5456800
2022-08-26,117.635,117.795,111.315,111.335,108.6031,9142600
2022-08-29,110.45,111.46,109.16,109.27,106.5887,9062400
2022-08-30,110.38,110.52,106.875,108.02,105.3694,8745000
2022-08-31,108.68,108.88,106.37,107.285,104.6524,7843200
2022-09-01,104.52,105.095,102.08,104.94,102.365,13796400
2022-09-02,106.27,107.285,103.465,103.91,101.3603,6884400
2022-09-06,103.92,104.515,102.09,102.75,100.2287,7472000
2022-09-07,102.98,105.18,102.245,104.39,101.8285,7927200
2022-09-08,103.39,106.215,102.65,105.805,103.2088,7830200
2022-09-09,107.335,108.74,107.14,108.43,105.7693,8128200
2022-09-12,108.875,109.415,107.66,108.7,106.0327,7184800
2022-09-13,104.91,105.765,101.945,102.23,99.7215,9622000
2022-09-14,103.13,104.005,101.985,103.34,100.8042,10439200
2022-09-15,102.745,103.66,100.785,101.5,99.0094,9906200
2022-09-16,100.5,102.065,99.705,101.955,99.4532,8690000
2022-09-19,100.65,102.91,100.56,102.625,100.1068,6698000
2022-09-20,101.6,102.125,100.58,101.205,98.7216,5462400
2022-09-21,101.465,104.685,100.335,100.36,97.8974,11149400
2022-09-22,99.845,100.05,97.245,97.58,95.1856,11633400
2022-09-23,96.485,96.84,94.735,96.185,93.8248,8752000
2022-09-26,96.2,97.445,94.9,95.065,92.7323,5982800
2022-09-27,96.55,97.355,94.445,95.785,93.4346,8243800
2022-09-28,94.86,97.435,94.505,97.005,94.6247,9941400
2022-09-29,95.19,95.435,92.7,93.95,91.6446,10500000
2022-09-30,92.83,95.31,92.555,92.56,90.2888,6782600
2022-10-03,93.635,96.83,93.055,95.88,93.5273,8539000
2022-10-04,98.82,100.305,98.5,99.98,97.5267,10874200
2022-10-05,98.52,101.725,97.655,100.97,98.4924,6731000
2022-10-06,100.67,102.355,99.98,100.28,97.8193,8594800
2022-10-07,97.33,97.605,93.905,94.3,91.9861,12253600
2022-10-10,94.135,94.195,90.05,91.15,88.9134,13134600
2022-10-11,89.445,90.035,87.095,88.275,86.1089,16052600
2022-10-12,88.285,88.79,87.35,87.745,85.5919,7606000
2022-10-13,84.37,92.095,83.485,90.43,88.211,21406400
2022-10-14,91.295,91.515,86.395,86.575,84.4506,9979600
2022-10-17,88.845,89.74,87.91,88.625,86.4503,8269600
2022-10-18,91.235,91.835,87.275,88.645,86.4698,9798400
2022-10-19,88.19,90.17,87.775,89.36,87.1673,8535800
2022-10-20,90.095,92.7,89.525,90.07,87.8599,10877000
2022-10-21,89.67,93.315,89.275,93.175,90.8887,12884000
2022-10-24,92.9,93.85,91.115,93.47,91.1764,9834600
2022-10-25,93.58,95.625,93.535,94.95,92.6201,13488800
2022-10-26,93.375,96.18,92.78,94.02,91.7129,9896800
2022-10-27,95.205,95.985,92.725,92.845,90.5668,10174600
2022-10-28,93.07,96.535,92.905,96.39,94.0248,9215000
2022-10-31,95.6,95.835,94.095,94.61,92.2885,5975800
2022-11-01,96.65,96.875,94.845,95.265,92.9274,4670000
2022-11-02,95.995,97.71,92.49,92.535,90.2644,11901600
2022-11-03,91.13,93.05,90.195,91.45,89.206,11461200
2022-11-04,94.86,95.78,93.385,95.7,93.3517,8470600
2022-11-07,96.26,97.855,95.205,97.59,95.1953,10213800
2022-11-08,99.395,100.835,97.8,99.695,97.2487,12147000
2022-11-09,98.37,98.695,96.83,96.985,94.6052,8640000
2022-11-10,102.635,107.085,101.72,106.895,104.272,17078000
2022-11-11,107.255,110.91,106.45,110.4,107.691,12646400
2022-11-14,109.925,111.3,109.155,109.355,106.6717,12244800
2022-11-15,114.26,114.64,111.375,112.8,110.0321,11456600
2022-11-16,110.38,110.64,108.105,108.74,106.0717,10711000
2022-11-17,106.605,110.075,106.38,109.56,106.8716,9018600
2022-11-18,111.345,111.35,108.425,109.76,107.0667,8025000
2022-11-21,108.35,108.67,107.38,107.84,105.1938,5071600
2022-11-22,108.735,110.975,107.81,110.975,108.2519,8283000
2022-11-23,110.955,113.04,110.79,111.94,109.1932,5780000
2022-11-25,111.325,111.76,110.625,110.625,107.9105,2207400
2022-11-28,109.245,110.58,107.415,108.015,105.3645,7853400
2022-11-29,108.425,108.915,106.96,107.72,105.0768,4908800
2022-11-30,108.065,113.87,107.215,113.865,111.071,12688200
2022-12-01,114.59,114.925,111.89,113.5,110.7149,8752400
2022-12-02,110.7,112.325,110.125,111.94,109.1932,8204000
2022-12-05,111.455,112.165,109.61,110.605,107.891,7069000
2022-12-06,110.51,110.605,107.275,108.18,105.5255,6090000
2022-12-07,107.225,108.77,107.13,108.155,105.5011,5651800
2022-12-08,108.57,111.165,107.94,110.91,108.1885,7260000
2022-12-09,110.595,112.02,109.73,110.02,107.3203,4938400
2022-12-12,109.385,112.045,109.06,111.98,109.2322,6827600
2022-12-13,117.02,117.295,112.42,113.845,111.0515,9469600
2022-12-14,113.525,114.855,110.78,111.885,109.1396,7519000
2022-12-15,109.98,110.29,107.295,107.625,104.9841,8833800
2022-12-16,107.15,108.095,105.84,106.79,104.1696,8276000
2022-12-19,105.585,105.77,103.44,104.34,102.9369,7227000
2022-12-20,103.175,104.67,103.0,103.83,102.4337,4510000
2022-12-21,104.48,106.46,104.21,106.15,104.7225,5675200
2022-12-22,103.995,103.995,99.725,101.75,100.3817,9549400
2022-12-23,101.035,101.855,99.965,101.74,100.3719,3875800
2022-12-27,101.035,101.17,99.66,99.92,98.5763,4636200
2022-12-28,99.475,100.555,98.27,98.65,97.3234,5064000
2022-12-29,100.215,102.2,99.87,101.87,100.5001,8302000
2022-12-30,100.35,101.605,99.57,101.47,100.1055,4411000
2023-01-03,103.29,103.385,100.05,100.69,99.336,4472400
2023-01-04,102.55,103.8,101.335,103.25,101.8615,10039800
2023-01-05,102.005,102.865,101.34,101.4,100.0364,5936200
2023-01-06,103.075,106.455,101.43,105.835,104.4118,7005400
2023-01-09,107.79,110.36,107.225,108.14,106.6858,11422600
2023-01-10,107.76,109.55,107.365,109.545,108.0719,5464000
2023-01-11,109.425,110.83,108.6,110.83,109.3396,5737000
2023-01-12,111.74,113.23,109.45,112.49,110.9773,7704600
2023-01-13,111.285,112.955,110.91,112.895,111.3768,4264400
2023-01-17,112.615,114.325,112.45,113.565,112.0378,5059200
2023-01-18,114.58,115.525,112.8,112.855,111.3374,9374600
2023-01-19,111.79,112.135,109.86,110.095,108.6145,9283000
2023-01-20,111.125,113.685,110.385,113.675,112.1464,5709800
2023-01-23,114.5,119.35,114.345,119.035,117.4343,12790000
2023-01-24,117.45,119.125,117.45,118.19,116.6006,7328600
2023-01-25,116.16,118.57,115.14,118.31,116.719,6854000
2023-01-26,119.85,120.52,117.955,120.43,118.8105,7196400
2023-01-27,118.445,120.595,117.955,119.64,118.0311,7254600
2023-01-30,117.89,118.87,116.675,116.775,115.2047,8050000
2023-01-31,116.45,118.56,116.095,118.55,116.9558,5484000
2023-02-01,119.175,125.31,118.875,124.14,122.4706,15518600
2023-02-02,125.535,127.82,124.805,126.795,125.0899,12985800
2023-02-03,124.125,127.15,123.73,124.465,122.7913,7489600
2023-02-06,122.475,124.1,121.88,122.395,120.7491,7811400
2023-02-07,122.775,126.635,122.5,126.07,124.3747,10309200
2023-02-08,125.505,126.345,123.305,123.6,121.9379,7844600
2023-02-09,125.84,127.3,123.175,124.09,122.4213,8767200
2023-02-10,122.685,123.125,120.775,122.005,120.3643,7529800
2023-02-13,122.53,124.165,121.635,123.84,122.1747,4030400
2023-02-14,123.0,126.885,122.29,126.505,124.8038,9482000
2023-02-15,124.84,126.57,123.775,126.5,124.7989,7118800
2023-02-16,123.89,125.03,122.9,123.065,121.4101,5418000
2023-02-17,122.2,122.58,120.3,121.385,119.7527,7574800
2023-02-21,119.505,120.775,117.565,117.695,116.1123,7695800
2023-02-22,117.915,118.855,116.545,117.12,115.545,6987600
2023-02-23,121.13,121.855,119.155,121.27,119.6392,11714200
2023-02-24,118.85,119.69,118.215,119.105,117.5033,6208200
2023-02-27,120.995,121.165,119.555,119.64,118.0311,5852000
2023-02-28,119.3,121.295,119.095,119.7,118.0903,4770600
2023-03-01,120.22,121.275,119.325,119.78,118.1693,4725800
2023-03-02,118.18,121.365,117.345,120.84,119.215,6528800
2023-03-03,120.85,122.59,119.92,122.48,120.833,5385200
2023-03-06,122.82,123.915,121.14,121.39,119.7576,6485400
2023-03-07,121.445,122.0,119.53,120.035,118.4208,6616600
2023-03-08,120.66,123.27,120.41,123.175,121.5186,8112800
2023-03-09,122.96,124.78,120.57,120.815,119.1903,8223000
2023-03-10,121.235,121.925,118.26,118.86,117.2616,13168200
2023-03-13,117.36,120.25,116.39,118.78,117.1827,9831400
2023-03-14,120.7,122.995,120.485,122.335,120.6899,11314600
2023-03-15,120.5,121.25,118.535,120.96,119.3334,12602200
2023-03-16,120.27,125.985,119.89,125.8,124.1083,14744600
2023-03-17,125.945,127.09,124.625,125.16,123.4769,9868600
2023-03-20,125.5,126.79,124.35,126.42,124.72,6521400
2023-03-21,127.44,128.685,124.8,126.82,125.1146,11118200
2023-03-22,127.01,130.44,126.005,126.005,124.3106,8938000
2023-03-23,128.415,130.96,127.31,129.355,127.6155,10951000
2023-03-24,128.595,128.81,126.005,127.31,125.598,11042800
2023-03-27,127.64,128.0,125.44,125.825,124.133,7025600
2023-03-28,125.33,125.565,123.215,124.95,123.2697,7771400
2023-03-29,126.82,129.565,126.82,128.84,127.1074,9979200
2023-03-30,130.165,131.52,129.79,130.685,128.9276,7807000
2023-03-31,129.69,131.785,129.43,131.595,129.8254,7281600
2023-04-03,130.925,131.415,129.305,130.845,129.0855,8036000
2023-04-04,131.11,131.265,128.205,128.835,127.1025,8057400
2023-04-05,127.515,127.72,125.215,126.58,124.8778,10065600
2023-04-06,125.32,127.02,124.64,126.2,124.5029,7448000
2023-04-10,125.05,128.18,124.845,128.11,126.3872,5991200
2023-04-11,128.575,128.76,127.24,127.43,125.7164,6288600
2023-04-12,128.53,128.76,125.065,125.165,123.4818,7749000
2023-04-13,125.5,126.89,124.59,126.175,124.4783,5760400
2023-04-14,126.105,127.48,124.66,126.04,124.3451,4901000
2023-04-17,124.9,125.99,124.325,125.95,124.2563,5297000
2023-04-18,127.095,127.91,125.56,126.515,124.8137,5703600
2023-04-19,124.78,125.53,124.5,125.315,123.6298,5013000
2023-04-20,124.5,127.275,124.405,125.455,123.768,5879800
2023-04-21,124.59,125.32,123.285,124.17,122.5002,5202200
2023-04-24,123.9,124.68,122.715,123.505,121.8442,4489000
2023-04-25,122.53,122.545,119.535,119.59,117.9818,10464600
2023-04-26,120.805,121.615,119.845,120.425,118.8056,7695400
2023-04-27,120.56,121.76,118.57,121.59,119.9549,6814200
2023-04-28,122.25,123.625,121.78,123.625,121.9626,7553000
2023-05-01,123.985,124.96,123.665,124.57,122.8949,5202000
2023-05-02,124.53,125.18,122.5,123.49,121.8294,6717600
2023-05-03,122.85,124.3,122.075,122.215,120.5715,8223000
2023-05-04,121.645,122.82,120.935,121.805,120.167,5889200
2023-05-05,122.16,124.97,121.59,124.38,122.7074,5553000
2023-05-08,123.98,125.15,123.37,125.07,123.3881,3918900
2023-05-09,123.59,123.77,122.74,123.14,121.4841,4951700
2023-05-10,124.44,125.04,122.97,124.14,122.4706,5474900
2023-05-11,123.79,124.03,121.89,123.04,121.3854,5339500
2023-05-12,123.47,123.89,121.81,122.9,121.2473,3364900
2023-05-15,123.08,126.12,122.85,126.12,124.424,6192800
2023-05-16,125.71,127.42,125.71,126.09,124.3944,5126300
2023-05-17,127.29,129.94,126.8,129.5,127.7586,6322800
2023-05-18,130.1,134.31,130.1,134.04,132.2375,9632600
2023-05-19,133.77,133.93,132.58,133.3,131.5074,5313000
2023-05-22,132.15,133.61,131.97,133.19,131.3989,4235100
2023-05-23,132.41,133.04,131.08,131.27,129.5047,4853800
2023-05-24,128.73,129.65,127.95,129.34,127.6007,7897100
2023-05-25,137.93,141.14,136.28,140.46,138.5712,16072900
2023-05-26,141.79,148.33,141.78,147.36,145.3784,12978800
2023-05-30,150.65,151.71,147.5,148.07,146.0788,13295400
2023-05-31,145.74,147.34,144.08,144.33,142.3891,10728700
2023-06-01,144.86,147.79,143.8,146.5,144.5299,7272700
2023-06-02,147.89,148.18,145.29,146.14,144.1748,6765000
2023-06-05,145.28,145.75,143.6,144.31,142.3694,6727700
2023-06-06,143.5,146.17,142.98,145.33,143.3757,5815100
2023-06-07,146.44,148.17,144.16,144.5,142.5569,8687500
2023-06-08,144.64,146.57,144.33,146.17,144.2044,5376800
2023-06-09,147.93,149.14,146.14,146.84,144.8654,5955300
2023-06-12,148.51,151.45,148.4,151.18,149.147,7632900
2023-06-13,153.73,154.35,151.4,153.27,151.2089,8274600
2023-06-14,152.81,155.74,152.03,155.6,153.5076,7123400
2023-06-15,154.03,155.75,153.32,154.48,152.4026,7588000
2023-06-16,155.8,155.94,153.17,153.38,151.3174,6583200
2023-06-20,152.75,153.94,151.13,152.84,150.7847,4597100
2023-06-21,152.04,152.47,148.73,149.34,147.3317,5911700
2023-06-22,148.15,150.67,147.95,150.08,148.0618,5958400
2023-06-23,147.75,148.45,146.96,147.53,145.5461,5963500
2023-06-26,148.28,150.36,146.83,146.85,144.8752,7403900
2023-06-27,147.43,151.8,146.96,151.51,149.4726,6459400
2023-06-28,148.92,151.54,148.79,150.14,148.121,6800200
2023-06-29,150.82,150.96,148.91,149.92,147.9039,4225900
2023-06-30,151.75,152.96,151.02,152.25,150.2026,5309200
2023-07-03,153.17,154.07,152.25,153.6,151.5345,2826900
2023-07-05,152.25,153.16,150.66,150.7,148.6735,5187200
2023-07-06,148.34,149.08,147.16,148.91,146.9075,4775600
2023-07-07,149.03,151.24,148.65,149.05,147.0457,4351900
2023-07-10,149.58,151.41,149.35,151.16,149.1273,6415500
2023-07-11,152.18,152.19,149.42,151.32,149.2851,5146400
2023-07-12,153.53,154.68,152.9,154.5,152.4224,6484100
2023-07-13,156.39,158.47,155.85,158.21,156.0825,6395900
2023-07-14,158.69,160.7,156.2,156.9,154.7901,7565600
2023-07-17,157.23,160.45,155.7,159.82,157.6708,7314600
2023-07-18,159.12,160.79,157.62,160.26,158.1049,6272000
2023-07-19,160.43,160.51,158.06,158.58,156.4475,9333700
2023-07-20,155.64,156.41,152.29,152.97,150.9129,14823200
2023-07-21,154.49,155.27,153.01,153.79,151.7219,8246300
2023-07-24,153.99,154.54,152.9,153.92,151.8502,4362500
2023-07-25,154.46,157.35,154.46,156.39,154.287,5773700
2023-07-26,155.02,155.88,152.95,154.68,152.5999,6110000
2023-07-27,158.65,160.92,156.67,157.46,155.3426,10244000
2023-07-28,160.16,161.04,158.83,160.5,158.3417,7319800
2023-07-31,160.7,161.17,159.67,160.62,158.4601,3934100
2023-08-01,159.67,160.89,158.95,160.53,158.3713,4595600
2023-08-02,158.77,158.79,153.46,154.64,152.5605,10033900
2023-08-03,152.48,155.19,152.16,154.19,152.1165,6691700
2023-08-04,154.22,156.54,152.75,154.25,152.1757,6804200
2023-08-07,155.5,156.14,154.37,155.91,153.8134,5701400
2023-08-08,153.9,153.9,151.53,153.34,151.278,8446500
2023-08-09,153.17,153.32,149.73,150.3,148.2789,8827100
2023-08-10,151.14,153.16,148.9,149.97,147.9533,8639300
2023-08-11,148.01,148.12,146.04,146.21,144.2439,11182300
2023-08-14,145.45,150.73,145.02,150.66,148.634,8154200
2023-08-15,150.55,151.09,148.65,148.85,146.8483,7596400
2023-08-16,148.97,149.14,146.41,146.5,144.5299,7232100
2023-08-17,147.77,147.8,145.03,145.51,143.5532,7397200
2023-08-18,143.79,146.66,143.35,146.13,144.1649,8817900
2023-08-21,147.18,151.24,146.96,151.04,149.0089,8109200
2023-08-22,153.05,153.24,148.89,149.53,147.5192,10827900
2023-08-23,149.35,153.22,148.86,152.77,150.7156,8347700
2023-08-24,156.46,156.59,148.58,148.82,146.8187,13494400
2023-08-25,148.61,150.75,146.27,149.09,147.0851,11769100
2023-08-28,150.36,151.09,148.9,150.93,148.9004,6822700
2023-08-29,150.36,155.3,149.93,154.8,152.7183,8770000
2023-08-30,154.73,156.22,153.67,155.59,153.4977,6526100
2023-08-31,154.85,157.16,154.85,156.22,154.1192,5965400
2023-09-01,157.43,157.63,155.26,156.21,154.1094,4495500
2023-09-05,155.63,157.62,155.08,156.58,154.4744,5472700
2023-09-06,156.01,156.8,153.26,154.76,152.6788,6104000
2023-09-07,151.23,151.73,149.45,151.33,149.295,7813300
2023-09-08,150.94,152.17,149.75,150.38,148.3578,5305200
2023-09-11,152.19,152.19,148.5,150.49,148.4663,5824100
2023-09-12,149.41,151.65,149.16,149.36,147.3515,6174900
2023-09-13,149.31,151.83,149.04,150.57,148.5452,6192000
2023-09-14,152.09,152.16,150.17,151.39,149.3542,6951400
2023-09-15,150.23,150.54,146.17,146.81,144.8358,10179600
2023-09-18,145.43,147.82,144.97,147.3,145.3192,6786000
2023-09-19,146.75,146.99,145.07,146.03,144.0663,5573600
2023-09-20,146.65,147.24,143.55,143.63,141.6985,6977500
2023-09-21,141.57,142.57,140.69,140.76,138.8671,9905100
2023-09-22,142.13,143.4,141.55,141.96,140.051,7331900
2023-09-25,141.31,143.11,140.66,142.96,141.0375,7861300
2023-09-26,141.64,142.39,140.1,140.7,138.8079,6702100
2023-09-27,141.85,142.92,139.76,141.99,140.0806,8814500
2023-09-28,141.73,145.65,141.08,144.29,142.3497,10791700
2023-09-29,146.53,146.93,144.46,144.98,143.0304,7985100
2023-10-02,145.27,147.27,144.59,146.23,144.2636,8600200
2023-10-03,145.29,146.86,142.16,142.98,141.0573,9456600
2023-10-04,143.85,145.48,142.96,145.21,143.2573,11083000
2023-10-05,145.29,145.9,143.67,145.21,143.2573,6093900
2023-10-06,144.64,148.95,143.53,148.35,146.3551,9946000
2023-10-09,146.79,148.46,145.64,147.97,145.9802,6840500
2023-10-10,148.5,150.98,147.83,149.8,147.7856,6790600
2023-10-11,150.64,151.44,149.49,151.42,149.3838,8921700
2023-10-12,151.84,154.06,150.72,152.19,150.1434,8554900
2023-10-13,152.42,152.63,148.05,148.38,146.3847,9133900
2023-10-16,148.55,150.69,148.42,150.09,148.0717,9461800
2023-10-17,146.59,149.47,144.47,148.32,146.3255,12857900
2023-10-18,145.43,146.71,144.63,145.35,143.3954,12530900
2023-10-19,147.25,147.67,143.88,144.36,142.4187,15718200
2023-10-20,144.22,145.39,141.93,142.1,140.1891,8128800
2023-10-23,141.14,144.54,139.96,142.6,140.6824,9910500
2023-10-24,143.0,144.5,142.53,144.27,142.3299,7822700
2023-10-25,142.8,143.15,138.03,138.68,136.8151,12447800
2023-10-26,139.1,140.65,136.63,137.46,135.6115,15094800
2023-10-27,139.04,139.73,137.67,138.31,136.4501,11346300
2023-10-30,138.41,139.64,136.51,137.96,136.1048,8836000
2023-10-31,137.96,139.28,136.1,138.95,137.0815,7900300
2023-11-01,139.2,142.58,139.06,142.41,140.4949,11750500
2023-11-02,145.62,147.04,144.29,146.1,144.1353,11736200
2023-11-03,147.59,150.54,147.18,149.51,147.4995,8177200
2023-11-06,149.75,150.44,148.29,149.95,147.9335,5423600
2023-11-07,149.66,151.52,149.31,150.89,148.8609,4600400
2023-11-08,151.37,152.11,150.44,151.43,149.3936,6165000
2023-11-09,152.96,154.51,151.0,151.16,149.1273,10529700
2023-11-10,153.25,157.67,152.69,157.28,155.165,11426800
2023-11-13,156.3,157.02,155.19,156.32,154.2179,7058900
2023-11-14,159.89,161.54,159.52,161.09,158.9237,9744900
2023-11-15,162.23,162.23,160.09,161.21,159.0421,9002900
2023-11-16,160.64,162.17,160.24,161.81,159.6341,7281100
2023-11-17,161.18,162.96,160.88,162.57,160.3838,5167100
2023-11-20,162.79,165.44,162.52,164.9,162.6825,7132700
2023-11-21,163.69,163.98,161.7,162.47,160.2852,9001100
2023-11-22,163.26,164.93,161.33,162.12,159.9399,9139600
2023-11-24,162.24,162.45,161.34,161.76,159.5847,2943500
2023-11-27,161.22,162.89,160.73,161.66,159.4861,6034500
2023-11-28,160.86,161.5,159.62,160.73,158.5686,6165200
2023-11-29,162.8,164.33,162.01,162.21,160.0287,7642800
2023-11-30,162.84,162.84,159.25,160.48,158.3219,9300900
2023-12-01,160.0,161.72,158.86,161.13,158.9632,6115400
2023-12-04,159.25,159.5,156.56,158.78,156.6448,8137000
2023-12-05,157.52,158.95,157.07,158.78,156.6448,4845900
2023-12-06,160.67,160.97,157.29,157.5,155.382,6457400
2023-12-07,158.87,161.44,158.22,161.1,158.9336,8790700
2023-12-08,160.84,162.94,160.66,162.48,160.295,5683500
2023-12-11,163.53,166.99,163.29,166.38,164.1426,9671600
2023-12-12,165.58,168.2,165.33,168.14,165.8789,6985400
2023-12-13,168.31,171.1,167.76,170.12,167.8323,8037600
2023-12-14,171.62,173.86,171.42,173.26,170.9301,9446800
2023-12-15,173.89,175.86,173.7,174.08,171.7391,6902000
2023-12-18,173.56,173.87,171.97,173.34,172.0398,5157100
2023-12-19,173.2,174.05,172.91,173.92,172.6154,5031000
2023-12-20,172.85,173.69,169.01,169.08,167.8118,8557400
2023-12-21,172.35,173.55,171.52,173.26,171.9604,8184500
2023-12-22,174.1,174.41,172.41,173.28,171.9803,4089200
2023-12-26,173.78,176.31,173.78,175.67,174.3523,4829200
2023-12-27,176.35,176.75,175.2,175.86,174.5409,5113400
2023-12-28,176.62,176.73,175.71,175.82,174.5012,4033500
2023-12-29,176.02,176.38,173.67,174.87,173.5583,5391600
2024-01-02,172.35,172.35,167.61,168.97,167.7026,8989000
2024-01-03,166.35,167.48,165.37,165.97,164.7251,9303600
2024-01-04,164.28,166.65,163.97,164.99,163.7524,7095800
2024-01-05,165.48,167.57,165.1,166.08,164.8343,6869600
2024-01-08,167.4,172.08,167.28,171.96,170.6702,10514800
2024-01-09,170.53,173.73,169.93,172.42,171.1267,6974300
2024-01-10,173.05,173.1,170.63,172.58,171.2855,6330000
2024-01-11,173.27,174.53,170.19,173.56,172.2581,7993700
2024-01-12,173.75,174.17,172.06,172.95,171.6527,4561000
2024-01-16,173.29,176.86,172.74,175.7,174.3821,7678000
2024-01-17,174.48,174.93,171.49,174.64,173.33,6751200
2024-01-18,179.67,180.55,177.41,180.31,178.9575,11983800
2024-01-19,182.39,187.31,181.42,187.18,185.776,12742400
2024-01-22,188.81,189.98,186.47,188.05,186.6395,8308900
2024-01-23,188.02,189.17,186.09,189.01,187.5923,6031200
2024-01-24,191.21,195.3,190.02,192.37,190.927,14706600
2024-01-25,195.8,195.9,191.25,192.37,190.927,11109400
2024-01-26,189.16,190.47,187.7,188.27,186.8578,9921900
2024-01-29,188.72,190.51,187.82,190.48,189.0512,8035500
2024-01-30,190.11,190.9,187.68,188.59,187.1754,6340100
2024-01-31,185.73,188.71,184.15,185.87,184.4758,10827100
2024-02-01,186.73,188.1,185.05,187.57,186.1631,6322500
2024-02-02,188.22,191.73,187.86,191.22,189.7857,7865400
2024-02-05,193.54,195.72,191.44,194.95,193.4877,8600500
2024-02-06,195.85,195.89,190.12,192.74,191.2943,8505100
2024-02-07,193.7,196.79,192.41,196.63,195.1551,7138800
2024-02-08,197.57,200.86,196.82,199.43,197.9341,8963800
2024-02-09,201.15,204.2,199.77,203.85,202.3209,7642200
2024-02-12,204.2,207.12,201.97,203.06,201.5369,9718900
2024-02-13,197.17,201.56,196.29,199.3,197.8051,11269600
2024-02-14,202.0,203.91,200.41,203.3,201.7751,7932500
2024-02-15,204.6,204.74,202.01,202.62,201.1002,7103400
2024-02-16,204.33,206.08,201.21,201.75,200.2367,6273100
2024-02-20,200.27,200.76,194.65,197.78,196.2965,11318400
2024-02-21,195.64,196.54,193.72,196.51,195.036,8624800
2024-02-22,207.18,210.7,206.33,209.93,208.3553,12445700
2024-02-23,212.03,213.36,206.97,208.62,207.0552,8526200
2024-02-26,210.6,211.62,208.83,210.35,208.7722,7552200
2024-02-27,211.01,211.76,208.84,209.74,208.1668,4969700
2024-02-28,207.61,208.75,206.43,207.41,205.8542,4505800
2024-02-29,209.8,212.56,208.79,211.95,210.3602,6450600
2024-03-01,214.12,221.32,213.98,220.54,218.8857,10273300
2024-03-04,224.0,227.13,222.67,224.09,222.4091,10905100
2024-03-05,222.36,223.23,218.29,220.66,219.0049,10421000
2024-03-06,225.13,228.76,223.68,226.35,224.6522,11245400
2024-03-07,229.73,234.91,229.46,234.17,232.4135,13524400
2024-03-08,236.93,239.14,224.44,224.99,223.3024,22519200
2024-03-11,222.14,223.88,219.02,220.98,219.3224,12843800
2024-03-12,224.55,228.02,220.56,227.97,226.26,10410300
2024-03-13,225.87,225.87,221.15,223.46,221.7838,9835800
2024-03-14,222.78,223.99,217.41,219.46,217.8139,11440100
2024-03-15,216.94,220.3,215.93,217.84,216.206,11402000
2024-03-18,222.17,223.16,217.82,218.28,216.6427,8671700
2024-03-19,215.72,218.85,212.82,217.8,216.1663,10606900
2024-03-20,218.85,221.62,216.83,221.29,219.6301,9158100
2024-03-21,228.58,230.05,225.81,226.31,224.6125,11728000
2024-03-22,225.6,229.25,225.22,227.64,225.9325,5350200
2024-03-25,225.22,229.24,224.86,227.08,225.3767,4938900
2024-03-26,228.8,229.46,224.76,224.97,223.2825,6402500
2024-03-27,226.59,226.84,221.49,224.89,223.2031,7614700
2024-03-28,224.31,225.94,223.74,224.99,223.3024,3763300
2024-04-01,225.5,230.95,225.5,227.94,226.2303,7896800
2024-04-02,224.25,225.43,222.38,225.01,223.3222,5995000
2024-04-03,222.73,227.52,222.68,225.91,224.2155,5914900
2024-04-04,229.1,229.81,219.64,219.89,218.2406,9294000
2024-04-05,221.22,224.07,219.61,222.64,220.97,8104000
2024-04-08,224.89,225.28,222.17,223.06,221.3868,4215300
2024-04-09,225.36,225.95,220.04,224.1,222.4191,5372300
2024-04-10,221.0,224.38,220.5,222.15,220.4837,8164900
2024-04-11,223.48,227.57,221.68,227.31,225.605,7200600
2024-04-12,223.5,223.82,219.97,220.68,219.0247,8741500
2024-04-15,223.75,224.98,216.61,217.36,215.7296,6750400
2024-04-16,217.33,220.36,216.47,219.16,217.5161,6754900
2024-04-17,219.51,220.12,212.07,212.4,210.8068,11726400
2024-04-18,210.97,212.25,207.36,208.63,207.0651,10350600
2024-04-19,206.72,208.0,198.44,199.21,197.7157,13584600
2024-04-22,200.97,204.38,199.15,203.02,201.4972,9801700
2024-04-23,204.49,208.58,203.93,207.8,206.2413,7300600
2024-04-24,212.64,213.14,206.95,208.04,206.4795,6564900
2024-04-25,207.09,213.68,205.75,212.2,210.6083,8682200
2024-04-26,212.53,218.68,211.94,217.64,216.0075,6365400
2024-04-29,217.48,218.61,214.9,218.38,216.742,4818000
2024-04-30,217.34,219.62,214.09,214.09,212.4841,4944800
2024-05-01,211.14,214.54,206.11,207.85,206.2909,12945800
2024-05-02,211.37,212.74,207.31,212.03,210.4396,6382500
2024-05-03,215.92,218.36,215.15,217.73,216.0968,6379100
2024-05-06,219.37,222.68,218.22,222.67,220.9998,5343100
2024-05-07,222.55,223.18,220.64,220.73,219.0743,5067000
2024-05-08,218.95,221.86,218.7,221.4,219.7393,5404300
2024-05-09,221.49,221.77,218.89,219.98,218.33,4023300
2024-05-10,222.96,225.44,222.43,223.3,221.625,6126600
2024-05-13,224.0,224.55,222.32,223.26,221.5853,3972400
2024-05-14,222.94,227.33,222.24,227.08,225.3767,5050500
2024-05-15,229.27,234.0,228.53,233.9,232.1455,8212800
2024-05-16,233.85,235.11,232.09,232.2,230.4583,6209600
2024-05-17,233.59,233.82,228.62,230.25,228.5229,5241300
2024-05-20,231.47,236.04,230.89,235.0,233.2373,4986400
2024-05-21,232.96,234.92,231.87,234.67,232.9098,4396200
2024-05-22,236.91,237.22,233.99,236.59,234.8154,8112700
2024-05-23,244.15,244.56,237.79,239.82,238.0211,12401000
2024-05-24,241.53,244.44,240.29,244.26,242.4278,4644700
2024-05-28,247.69,250.85,245.46,249.83,247.956,7703000
2024-05-29,246.1,246.98,244.07,245.65,243.8074,7581300
2024-05-30,245.49,246.13,241.08,242.27,240.4528,7087000
2024-05-31,243.37,244.02,234.26,240.48,238.6762,12722800
2024-06-03,245.1,245.44,239.02,243.48,241.6537,6312800
2024-06-04,243.3,243.7,240.1,242.6,240.7803,5797000
2024-06-05,247.53,254.53,246.71,254.41,252.5017,10950400
2024-06-06,255.52,255.92,250.25,252.41,250.5167,9828200
2024-06-07,252.24,254.06,250.49,252.21,250.3182,5470300
2024-06-10,251.1,256.72,250.05,255.86,253.9408,6418000
2024-06-11,255.0,255.89,251.85,255.48,253.5637,6117800
2024-06-12,260.57,264.55,259.76,263.09,261.1166,8051500
2024-06-13,266.79,268.14,263.96,267.21,265.2057,7647200
2024-06-14,265.4,268.59,264.62,267.89,265.8806,6257000
2024-06-17,270.71,273.21,266.92,272.48,270.4362,7502000
2024-06-18,273.52,278.27,273.02,276.76,274.6841,8241600
2024-06-20,279.22,279.57,267.08,268.92,266.9029,14053800
2024-06-21,265.57,268.93,262.02,264.89,262.9031,11653900
2024-06-24,261.5,263.08,255.73,255.78,253.8614,10154100
2024-06-25,258.52,261.91,255.81,261.77,259.8065,6592200
2024-06-26,261.61,263.07,257.75,260.91,258.9529,5950300
2024-06-27,260.4,262.43,257.64,258.86,256.9183,5738700
2024-06-28,260.48,266.4,258.98,260.7,258.7445,7743300
2024-07-01,261.0,261.35,255.66,261.01,259.0522,6186000
2024-07-02,258.99,263.66,258.71,263.63,261.6526,4117100
2024-07-03,264.09,270.4,263.28,269.62,267.5976,4633000
2024-07-05,271.22,272.05,268.05,269.72,267.6968,6415200
2024-07-08,272.84,275.7,272.55,274.21,272.1532,5832700
2024-07-09,276.29,277.61,272.16,274.81,272.7487,5912800
2024-07-10,278.13,281.73,276.29,281.27,279.1602,6181000
2024-07-11,283.0,283.07,270.0,271.02,268.9871,12282300
2024-07-12,271.8,278.94,271.06,274.45,272.3914,8392800
2024-07-15,276.41,277.47,272.02,273.83,271.776,7814800
2024-07-16,275.31,275.63,270.54,273.71,271.6569,5638600
2024-07-17,263.79,264.0,253.85,254.22,252.3131,15181900
2024-07-18,259.13,260.0,250.01,255.54,253.6232,12807600
2024-07-19,254.86,255.21,247.79,248.14,246.2787,8589500
2024-07-22,253.0,257.9,251.61,257.72,255.7869,10757900
2024-07-23,254.98,257.37,254.34,254.86,252.9483,5869900
2024-07-24,250.59,251.32,240.34,240.98,239.1724,11295000
2024-07-25,239.0,243.64,230.82,236.56,234.7856,18765100
2024-07-26,242.22,242.32,238.18,240.31,238.5074,7325600
2024-07-29,242.44,245.23,237.77,238.6,236.8103,6745300
2024-07-30,240.22,240.71,228.33,229.47,227.7488,12932100
2024-07-31,242.5,247.69,240.51,246.99,245.1374,18412100
2024-08-01,244.04,246.8,227.9,231.01,229.2772,17111600
2024-08-02,219.92,222.34,214.18,218.43,216.7916,20261300
2024-08-05,200.98,218.5,200.49,213.31,211.71,18420800
2024-08-06,216.54,222.8,212.64,217.46,215.8289,15388800
2024-08-07,224.69,226.1,211.01,211.47,209.8838,13066500
2024-08-08,217.6,225.27,212.7,224.91,223.223,11407900
2024-08-09,224.7,226.49,221.39,224.85,223.1634,7241700
2024-08-12,225.19,229.55,224.05,226.96,225.2576,6751200
2024-08-13,230.55,236.3,228.87,236.19,234.4184,7647400
2024-08-14,238.71,239.18,232.16,236.39,234.6169,7187100
2024-08-15,240.8,247.34,239.53,246.37,244.522,8376800
2024-08-16,244.21,247.4,243.0,246.71,244.8595,5194600
2024-08-19,245.79,251.4,243.29,251.34,249.4547,5564300
2024-08-20,250.15,251.53,245.87,248.06,246.1993,6578600
2024-08-21,248.6,251.87,247.87,250.63,248.75,4813700
2024-08-22,252.52,253.32,241.54,242.42,240.6016,8007400
2024-08-23,245.85,250.33,244.7,248.39,246.5269,6933400
2024-08-26,247.49,248.55,241.13,242.57,240.7505,6925200
2024-08-27,240.67,245.75,238.57,245.01,243.1722,5534400
2024-08-28,244.5,245.68,237.82,240.89,239.0831,8114000
2024-08-29,240.47,244.51,236.78,237.91,236.1255,9256500
2024-08-30,242.45,244.6,239.38,243.46,241.6338,8623800
2024-09-03,238.87,238.87,223.81,225.19,223.5009,14466300
2024-09-04,221.83,228.58,221.46,224.65,222.9649,8646300
2024-09-05,222.06,227.77,221.73,224.26,222.5779,6535400
2024-09-06,223.35,223.67,213.57,215.0,213.3873,12019300
2024-09-09,218.46,220.31,215.79,219.86,218.2108,7933400
2024-09-10,220.62,222.14,216.46,221.94,220.2753,7651600
2024-09-11,223.79,233.7,219.4,233.4,231.6493,11148300
2024-09-12,232.92,235.96,229.96,233.9,232.1455,8209500
2024-09-13,235.0,237.55,234.22,236.91,235.133,6405800
2024-09-16,233.39,235.0,230.87,233.8,232.0463,5505200
2024-09-17,236.61,237.13,231.84,233.72,231.9669,4722800
2024-09-18,234.89,237.84,230.79,231.06,229.3268,7299800
2024-09-19,239.97,243.85,238.31,241.09,239.2816,11254200
2024-09-20,238.8,239.65,234.96,237.9,236.1155,8183300
2024-09-23,238.81,239.82,237.12,238.95,237.1577,3781400
2024-09-24,241.08,244.38,238.28,243.4,241.5743,5435900
2024-09-25,243.23,247.08,242.8,245.54,243.6982,4978300
2024-09-26,255.5,255.99,247.37,252.62,250.7251,10082100
2024-09-27,253.19,253.21,246.12,247.74,245.8817,7128600
2024-09-30,244.15,247.01,241.87,245.45,243.6089,6252500
2024-10-01,245.63,246.58,237.0,238.88,237.0882,7751800
2024-10-02,239.17,244.45,237.59,242.32,240.5024,5842600
2024-10-03,241.55,247.15,241.34,244.55,242.7157,5926900
2024-10-04,249.21,249.21,244.33,247.82,245.9611,5771300
2024-10-07,246.53,250.6,246.31,248.22,246.3581,4958800
2024-10-08,249.16,253.17,247.88,252.52,250.6259,4435300
2024-10-09,252.99,255.41,250.21,255.15,253.2361,4063400
2024-10-10,252.51,255.87,251.0,254.65,252.7399,4044600
2024-10-11,253.61,257.3,253.6,256.69,254.7646,4202900
2024-10-14,258.52,262.26,258.42,261.28,259.3202,4608600
2024-10-15,261.0,262.11,245.58,247.16,245.3061,14128900
2024-10-16,249.83,249.83,245.5,247.32,245.4649,5692300
2024-10-17,255.18,256.17,251.5,251.58,249.6929,6745000
2024-10-18,253.5,253.52,250.86,251.51,249.6234,3720700
2024-10-21,251.0,253.05,249.49,252.84,250.9435,3923400
2024-10-22,251.33,252.49,249.67,251.69,249.8021,3629100
2024-10-23,250.45,251.67,245.84,249.01,247.1422,4971600
2024-10-24,250.87,251.2,248.2,250.06,248.1843,2595500
2024-10-25,252.49,256.55,252.3,252.96,251.0626,6835900
2024-10-28,252.77,253.05,251.0,251.21,249.3257,3557300
2024-10-29,251.9,258.33,250.86,256.92,254.9929,5392800
2024-10-30,251.74,253.0,249.45,250.68,248.7997,5348400
2024-10-31,248.27,248.27,240.28,241.68,239.8672,9464700
2024-11-01,244.19,247.29,243.35,244.75,242.9142,5521000
2024-11-04,245.31,247.51,243.41,244.27,242.4378,5199200
2024-11-05,245.25,249.04,245.08,248.31,246.4474,4344200
2024-11-06,252.29,255.69,250.21,254.81,252.8987,7284400
2024-11-07,258.39,261.15,258.14,261.02,259.0621,5370200
2024-11-08,260.76,261.88,257.92,259.34,257.3947,3915600
2024-11-11,257.92,258.05,250.99,253.53,251.6283,7667300
2024-11-12,253.1,253.57,248.86,251.86,249.9708,6574000
2024-11-13,250.65,251.18,247.22,247.63,245.7726,5537900
2024-11-14,249.56,250.96,247.38,248.18,246.3184,4607600
2024-11-15,244.17,244.57,238.8,239.95,238.1501,9499700
2024-11-18,239.03,242.17,237.39,241.54,239.7282,7696500
2024-11-19,241.1,244.27,240.6,244.18,242.3484,4505200
2024-11-20,243.33,243.75,238.65,242.54,240.7207,7585600
2024-11-21,245.52,248.19,239.6,246.1,244.254,8825400
2024-11-22,245.97,246.64,243.31,244.62,242.7851,4746300
2024-11-25,246.35,246.35,242.28,243.66,241.8323,4562700
2024-11-26,245.82,246.12,239.89,241.42,239.6091,4996500
2024-11-27,239.66,239.8,234.17,238.25,236.4629,6911600
2024-11-29,240.0,244.49,239.59,242.13,240.3138,5607400
2024-12-02,243.35,249.15,243.35,247.87,246.0107,8070300
2024-12-03,246.93,248.68,245.93,248.42,246.5566,3227300
2024-12-04,252.23,253.07,249.32,252.63,250.7351,5457400
2024-12-05,251.89,252.16,247.58,248.3,246.4375,3872100
2024-12-06,247.88,249.42,247.21,248.61,246.7452,3885300
2024-12-09,246.22,248.96,244.93,246.07,244.2243,4532600
2024-12-10,246.43,247.15,238.37,239.88,238.0807,6402400
2024-12-11,243.65,247.04,241.73,245.75,243.9066,5588400
2024-12-12,244.01,244.64,241.93,243.37,241.5445,3979300
2024-12-13,249.52,251.63,246.05,249.49,247.6186,8628300
2024-12-16,250.5,254.36,248.92,253.25,251.3504,4893000
2024-12-17,250.48,251.17,248.03,249.96,248.0851,4027800
2024-12-18,252.16,254.47,240.45,241.99,240.1749,8125800
2024-12-19,243.0,243.25,238.35,238.87,237.0783,6893100
2024-12-20,237.4,245.26,236.54,242.71,240.8895,6909300
2024-12-23,243.53,249.59,243.53,249.22,248.4469,6650100
2024-12-24,250.44,251.37,249.38,251.37,250.5903,2097400
2024-12-26,250.42,252.39,248.88,250.93,250.1516,2169300
2024-12-27,249.28,250.07,245.16,248.4,247.6295,3812300
2024-12-30,244.62,247.35,242.73,244.66,243.9011,3532100
2024-12-31,245.51,246.05,241.4,242.17,241.4188,3071800
2025-01-02,244.52,247.75,242.25,244.79,244.0307,4464000
2025-01-03,247.0,252.33,246.68,251.88,251.0987,4994400
2025-01-06,258.67,263.29,258.5,260.23,259.4228,10533200
2025-01-07,263.42,263.58,253.05,254.04,253.252,7661100
2025-01-08,253.56,254.33,249.51,252.23,251.4476,5189500
2025-01-10,249.41,249.59,244.92,247.18,246.4133,6901500
2025-01-13,241.07,244.93,240.62,244.64,243.8811,6007500
2025-01-14,247.73,248.38,242.39,245.44,244.6787,3791500
2025-01-15,249.25,252.07,247.7,251.21,250.4308,5316800
2025-01-16,257.11,257.2,252.15,252.29,251.5074,5696100
2025-01-17,257.98,258.68,255.61,258.25,257.4489,5387300
2025-01-21,260.8,264.32,258.45,262.39,261.5761,4923000
2025-01-22,266.0,269.66,265.14,267.17,266.3413,6616500
2025-01-23,263.02,266.86,261.9,266.85,266.0222,4704900
2025-01-24,267.4,267.43,260.62,261.53,260.7188,5119900
2025-01-27,242.48,245.08,232.24,235.81,235.0785,21944900
2025-01-28,237.89,241.03,232.26,240.45,239.7041,11707300
2025-01-29,242.41,242.45,236.64,239.53,238.787,8366000
2025-01-30,243.42,245.85,240.67,245.17,244.4095,7676300
2025-01-31,246.17,251.46,242.92,243.62,242.8643,8009900
2025-02-03,235.97,241.64,235.12,238.78,238.0393,7479600
2025-02-04,238.81,242.62,238.58,241.47,240.721,4579000
2025-02-05,242.12,247.5,240.4,247.14,246.3734,4811100
2025-02-06,247.18,248.43,245.61,248.35,247.5796,4877200
2025-02-07,249.56,250.65,243.48,245.0,244.24,7258900
2025-02-10,247.0,250.29,247.0,249.62,248.8457,4231300
2025-02-11,247.7,251.04,247.41,249.87,249.0949,3134900
2025-02-12,245.7,248.74,244.54,248.51,247.7391,4212800
2025-02-13,248.0,252.09,247.79,251.92,251.1385,4486100
2025-02-14,252.0,253.22,250.63,252.58,251.7965,4279500
2025-02-18,254.72,257.2,253.34,256.22,255.4252,6361400
2025-02-19,255.98,258.38,253.88,257.34,256.5417,3025400
2025-02-20,258.07,259.63,254.92,257.8,257.0003,4401700
2025-02-21,258.35,258.7,249.19,249.99,249.2146,7578500
2025-02-24,251.3,252.06,243.28,243.42,242.6649,7518000
2025-02-25,242.71,243.78,237.34,238.25,237.511,7658600
2025-02-26,241.6,246.12,240.9,243.82,243.0637,6675900
2025-02-27,246.07,246.38,228.7,228.79,228.0803,10520600
2025-02-28,228.37,233.78,225.63,232.77,232.048,8654700
2025-03-03,235.37,235.37,220.95,223.01,222.3182,10001200
2025-03-04,222.46,230.8,218.05,225.23,224.5313,12563100
2025-03-05,227.82,230.21,223.47,229.4,228.6884,6799400
2025-03-06,221.98,226.16,219.07,219.78,219.0983,9155200
2025-03-07,220.6,225.75,217.07,225.09,224.3918,9426800
2025-03-10,219.57,221.29,211.51,214.53,213.8645,9616500
2025-03-11,215.21,219.02,210.46,214.22,213.5555,7381300
2025-03-12,220.32,222.95,218.18,220.52,219.836,8710800
2025-03-13,220.78,223.88,217.81,219.55,218.869,5126800
2025-03-14,223.35,226.96,223.28,226.57,225.8672,5100700
2025-03-17,226.23,231.04,226.02,228.96,228.2498,5192200
2025-03-18,226.63,227.77,223.88,225.42,224.7208,5196700
2025-03-19,225.42,231.02,223.78,227.41,226.7046,4932500
2025-03-20,225.14,229.01,224.89,227.05,226.3457,3654700
2025-03-21,222.77,225.61,221.41,224.77,224.0728,6319300
2025-03-24,229.2,232.42,229.1,230.63,229.9146,6503200
2025-03-25,230.45,230.66,228.85,229.65,228.9376,3451800
2025-03-26,228.4,228.8,220.05,222.01,221.3213,9591100
2025-03-27,219.05,220.7,216.57,217.75,217.0746,9072500
2025-03-28,216.8,218.04,211.05,212.17,211.5119,8722100
2025-03-31,207.33,211.69,204.51,211.47,210.814,9477200
2025-04-01,210.96,212.54,207.26,212.49,211.8309,6151300
2025-04-02,208.96,216.61,208.47,214.09,213.4259,7096200
2025-04-03,202.69,204.49,195.34,195.57,194.9634,14299000
2025-04-04,188.7,190.29,178.23,180.8,180.2392,22160100
2025-04-07,173.49,194.83,170.11,184.9,184.3264,25600300
2025-04-08,192.99,195.72,176.05,179.95,179.3918,19097600
2025-04-09,181.76,212.81,180.27,210.83,210.176,22178500
2025-04-10,201.38,202.5,189.04,196.21,195.6014,18282500
2025-04-11,195.7,201.94,193.7,201.31,200.6855,10156300
2025-04-14,206.62,206.78,198.77,201.61,200.9846,9843300
2025-04-15,202.67,205.14,201.94,202.92,202.2906,5097800
2025-04-16,193.16,196.76,188.53,194.35,193.7471,13067200
2025-04-17,195.82,196.0,191.0,192.53,191.9328,7067400
2025-04-21,188.9,189.39,184.4,187.83,187.2474,9572700
2025-04-22,190.35,193.3,188.96,191.9,191.3047,7242700
2025-04-23,201.58,203.08,198.08,198.91,198.293,11495800
2025-04-24,203.22,209.28,202.18,208.97,208.3218,9696200
2025-04-25,207.18,213.29,206.5,211.97,211.3125,7487400
2025-04-28,210.89,212.21,206.4,210.65,209.9966,5804900
2025-04-29,209.33,212.25,208.52,210.29,209.6377,4506200
2025-04-30,205.02,211.74,203.89,211.28,210.6246,5974400
2025-05-01,214.93,216.53,212.11,212.3,211.6415,6878200
2025-05-02,217.99,220.92,217.24,219.03,218.3506,6522200
2025-05-05,217.03,219.6,216.9,217.61,216.935,4536000
2025-05-06,213.65,217.44,212.84,215.59,214.9212,5019400
2025-05-07,215.72,220.92,214.19,220.02,219.3375,9068800
2025-05-08,222.85,224.84,220.1,221.95,221.2615,5919200
2025-05-09,224.53,225.36,221.99,223.4,222.707,3495500
2025-05-12,236.72,238.67,234.05,237.41,236.6736,9246900
2025-05-13,239.05,246.69,238.6,245.56,244.7983,8665600
2025-05-14,247.65,249.44,245.6,247.99,247.2207,7439600
2025-05-15,245.75,249.0,244.08,247.13,246.3634,6446300
2025-05-16,247.54,247.61,244.12,246.42,245.6556,3800100
2025-05-19,241.4,246.5,241.29,246.01,245.2469,4196100
2025-05-20,243.87,245.61,242.88,245.54,244.7783,3115200
2025-05-21,243.33,248.58,240.02,241.47,240.721,6392500
2025-05-22,241.03,243.61,240.32,240.81,240.063,5185500
2025-05-23,235.23,238.86,234.59,237.44,236.7035,6577200
2025-05-27,242.49,245.69,240.66,244.97,244.2101,8858900
2025-05-28,245.29,246.21,241.91,242.36,241.6082,10739500
2025-05-29,249.0,249.21,242.7,244.08,243.3229,9120100
2025-05-30,243.23,243.23,235.37,239.75,239.0063,11064700
2025-06-02,239.18,244.03,238.96,243.3,242.5453,4719900
2025-06-03,243.48,249.17,242.35,248.79,248.0183,7518700
2025-06-04,250.57,252.61,248.36,251.75,250.9691,7258700
2025-06-05,253.74,256.06,249.76,251.3,250.5205,8054100
2025-06-06,253.54,255.59,252.64,252.73,251.946,5589700
2025-06-09,255.0,259.87,255.0,256.96,256.1629,10841400
2025-06-10,258.36,262.68,257.46,262.07,261.2571,9763000
2025-06-11,263.6,264.91,259.69,261.88,261.0677,12286000
2025-06-12,260.06,264.0,260.06,263.15,262.3337,6781900
2025-06-13,257.55,260.6,256.05,256.99,256.1928,11950200
2025-06-16,259.96,265.05,259.78,263.38,262.563,7497700
2025-06-17,262.44,265.53,261.36,261.59,260.7786,7284700
2025-06-18,262.78,264.91,260.99,262.59,261.7755,7367400
2025-06-20,264.85,265.02,257.22,260.27,259.4626,11439900
2025-06-23,259.85,262.66,257.12,261.92,261.1075,10420100
2025-06-24,265.93,271.62,265.74,271.54,270.6977,9035500
2025-06-25,273.22,275.27,272.45,275.2,274.3463,8480000
2025-06-26,277.08,277.95,274.95,277.2,276.3401,6789000
2025-06-27,278.18,280.5,275.64,278.42,277.5564,8170900
2025-06-30,279.7,279.96,277.1,278.88,278.0149,6375800
2025-07-01,276.8,278.06,272.16,275.84,274.9843,8931300
2025-07-02,274.82,281.92,274.66,281.25,280.3776,8713800
2025-07-03,282.82,285.19,282.31,283.62,282.7402,4443000
2025-07-07,281.76,282.64,278.55,279.76,278.8922,8616400
2025-07-08,281.61,284.73,280.7,283.48,282.6007,8186500
2025-07-09,284.73,287.84,283.57,285.42,284.5347,6810700
2025-07-10,287.89,288.19,284.56,287.52,286.6281,5635200
2025-07-11,286.47,288.94,285.55,287.49,286.5982,5677000
2025-07-14,286.3,286.52,281.74,285.32,284.435,7455800
2025-07-15,291.67,293.2,290.08,290.8,289.8979,9892500
2025-07-16,288.5,289.57,283.13,289.28,288.3827,10065900
2025-07-17,290.05,292.56,287.98,291.71,290.8051,6998300
2025-07-18,292.91,293.33,289.33,290.31,289.4095,5522100
2025-07-21,290.67,293.53,290.4,290.51,289.6089,5910900
2025-07-22,289.74,289.84,282.12,285.37,284.4848,11537500
2025-07-23,285.3,286.67,282.99,286.61,285.7209,8194600
2025-07-24,287.19,288.27,284.92,287.8,286.9073,5902600
2025-07-25,286.23,288.04,285.06,287.49,286.5982,4014900
2025-07-28,289.78,291.57,289.29,291.41,290.5061,5671900
2025-07-29,293.56,296.73,291.48,292.9,291.9914,6968700
2025-07-30,294.76,297.38,293.59,296.26,295.341,7930300
2025-07-31,294.7,294.92,286.05,288.78,287.8842,9928100
2025-08-01,282.91,286.94,279.19,283.95,283.0692,14032200
2025-08-04,286.29,290.31,285.21,290.19,289.2899,5323200
2025-08-05,290.74,291.33,284.21,287.1,286.2094,6918300
2025-08-06,284.83,287.23,282.77,286.62,285.7309,6124300
2025-08-07,292.83,294.71,288.62,291.12,290.2169,8069400
2025-08-08,291.93,293.92,290.65,293.53,292.6195,5121600
2025-08-11,294.51,297.09,292.73,293.4,292.4899,5799700
2025-08-12,295.29,300.24,293.15,300.1,299.1691,7592800
2025-08-13,301.84,302.98,298.57,301.28,300.3455,8959700
2025-08-14,298.0,302.8,297.28,301.92,300.9835,5827000
2025-08-15,299.36,299.36,293.94,295.65,294.7329,9026300
2025-08-18,294.92,297.19,294.78,296.86,295.9391,5577500
2025-08-19,296.86,297.12,290.63,290.87,289.9677,8191900
2025-08-20,290.0,290.0,281.15,288.96,288.0637,10091000
2025-08-21,287.78,289.87,285.88,287.46,286.5683,6067700
2025-08-22,287.63,296.36,286.54,293.64,292.7292,5810400
2025-08-25,293.75,295.79,292.12,293.92,293.0083,4965000
2025-08-26,294.82,297.24,294.67,296.75,295.8295,4967100
2025-08-27,295.85,298.1,294.38,297.66,296.7367,5646200
2025-08-28,298.1,300.78,295.98,298.88,297.9529,7194000
2025-08-29,295.56,295.56,289.1,290.29,289.3896,13420900
2025-09-02,283.09,286.67,281.74,286.48,285.5914,11543700
2025-09-03,287.36,287.93,283.78,286.43,285.5415,7249600
2025-09-04,285.24,290.21,284.3,289.86,288.9608,8079300
2025-09-05,295.07,295.15,289.25,293.28,292.3703,9809600
2025-09-08,295.14,297.82,294.8,296.52,295.6002,7223200
2025-09-09,297.22,297.99,295.11,297.81,296.8862,6797000
2025-09-10,300.59,302.38,298.77,300.83,299.8968,10221400
2025-09-11,303.54,305.56,303.17,303.93,302.9872,7312400
2025-09-12,305.06,305.59,303.1,304.32,303.376,5231900
2025-09-15,303.82,307.23,303.01,307.17,306.2172,5390200
2025-09-16,308.43,308.67,305.57,307.21,306.257,4227600
2025-09-17,306.5,307.15,301.37,305.25,304.3031,9647700
2025-09-18,313.55,318.62,312.6,316.97,315.9868,16335600
2025-09-19,316.4,316.51,313.43,315.71,314.7307,8381600
2025-09-22,316.27,323.14,316.0,322.17,321.1707,11618100
2025-09-23,323.16,325.36,320.02,321.7,320.7021,9159000
2025-09-24,321.4,321.96,317.47,321.11,320.1139,8632200
2025-09-25,316.29,322.03,313.6,321.06,320.0641,9592900
2025-09-26,321.64,322.42,318.14,321.82,320.8217,6886100
2025-09-29,324.65,326.83,322.47,322.66,321.6591,5833600
2025-09-30,322.75,326.72,322.43,326.36,325.3476,7459900
2025-10-01,324.28,334.11,324.11,333.69,332.6549,9911800
2025-10-02,339.66,340.0,336.56,338.24,337.1908,8092600
2025-10-03,339.41,340.78,335.18,336.68,335.6356,7770000
2025-10-06,345.46,348.53,343.38,343.38,342.3148,10263200
2025-10-07,346.29,346.67,336.56,337.05,336.0045,9365700
2025-10-08,336.73,346.46,336.42,346.07,344.9965,7841500
2025-10-09,346.04,347.1,342.4,345.21,344.1392,5565500
2025-10-10,345.97,346.49,324.83,325.34,324.3308,18804500
2025-10-13,337.48,341.09,335.0,339.75,338.6961,11760200
2025-10-14,333.06,339.06,330.25,333.5,332.4655,7296700
2025-10-15,342.1,343.08,335.51,341.78,340.7198,8283800
2025-10-16,346.17,347.09,339.81,343.3,342.2351,9047500
2025-10-17,341.22,344.93,338.14,342.83,341.7665,8396300
2025-10-20,346.0,350.05,345.66,347.22,346.1429,6436900
2025-10-21,347.06,347.1,343.16,345.3,344.2289,4391800
2025-10-22,342.86,344.86,332.4,338.6,337.5497,8014200
2025-10-23,337.05,345.91,336.73,344.8,343.7304,6422600
2025-10-24,350.58,352.94,349.82,351.14,350.0508,5649300
2025-10-27,357.67,360.6,356.21,359.94,358.8235,6663400
2025-10-28,359.61,364.67,358.46,363.11,361.9836,5086000
2025-10-29,369.08,372.78,365.82,368.61,367.4666,8102600
2025-10-30,367.43,369.86,363.55,363.73,362.6017,6932700
2025-10-31,366.88,368.43,360.5,363.02,361.8939,4917900
2025-11-03,367.69,369.47,364.69,366.1,364.9644,4470500
2025-11-04,357.98,361.79,351.8,352.76,351.6658,8269000
2025-11-05,353.1,364.28,352.72,359.5,358.3849,8605400
2025-11-06,359.59,360.15,348.71,351.09,350.0009,9600500
2025-11-07,346.54,348.18,336.68,348.12,347.0402,14723200
2025-11-10,357.55,360.0,353.95,358.79,357.6771,9180700
2025-11-11,355.25,356.04,349.74,351.05,349.9611,7661200
2025-11-12,356.2,357.48,352.94,355.53,354.4272,5870700
2025-11-13,351.63,352.88,341.25,344.82,343.7504,10654800
2025-11-14,335.24,348.91,333.75,344.98,343.9099,12271200
2025-11-17,341.94,348.34,337.05,340.3,339.2444,6921300
2025-11-18,335.75,337.79,329.12,333.29,332.2562,12933100
2025-11-19,334.81,343.06,333.46,339.44,338.3871,9842300
2025-11-20,348.86,349.78,323.69,325.1,324.0916,14686700
2025-11-21,325.0,331.62,315.05,326.13,325.1184,17298700
2025-11-24,329.0,340.57,328.83,339.12,338.0681,10650900
2025-11-25,334.73,340.72,327.35,340.01,338.9553,12052700
2025-11-26,344.25,350.3,343.43,347.71,346.6314,5533300
2025-11-28,349.17,352.57,347.71,352.28,351.1873,3352700
2025-12-01,348.85,355.01,348.06,352.96,351.8651,3902000
2025-12-02,355.85,360.79,354.15,359.43,358.3151,6657900
2025-12-03,359.7,364.58,356.23,364.37,363.2397,4642700
2025-12-04,363.26,364.37,359.6,361.6,360.4783,3971800
2025-12-05,364.46,368.58,363.54,364.42,363.2896,3619200
2025-12-08,368.1,370.72,365.74,368.55,367.4068,4334300
2025-12-09,367.04,369.56,365.35,369.0,367.8554,3173300
2025-12-10,368.91,375.59,366.93,374.1,372.9396,5653300
2025-12-11,369.78,371.22,361.68,370.89,369.7395,7499900
2025-12-12,366.99,367.56,352.88,354.12,353.0215,12705900
2025-12-15,358.13,359.2,352.19,352.9,351.8053,5605800
2025-12-16,351.57,354.39,348.31,351.94,350.8483,5849200
2025-12-17,352.89,352.89,338.06,339.24,338.1877,10780400
2025-12-18,350.84,352.09,345.83,347.25,346.1729,8260200
2025-12-19,350.31,358.53,350.31,356.23,355.125,8838700
2025-12-22,362.41,362.48,357.77,359.7,359.7,4799500
2025-12-23,358.6,363.3,358.06,363.16,363.16,3542100
2025-12-24,362.7,364.54,362.15,364.17,364.17,1640500
2025-12-26,366.07,367.35,364.49,365.86,365.86,2921300
2025-12-29,362.66,365.82,360.82,364.21,364.21,4874400
2025-12-30,365.16,366.24,363.07,363.31,363.31,2927000
2025-12-31,364.83,365.57,360.07,360.13,360.13,2687300
2026-01-02,368.95,376.34,368.84,373.3,373.3,8972400
2026-01-05,381.72,383.99,376.94,377.59,377.59,9071300
2026-01-06,382.4,389.37,382.14,387.62,387.62,10201200
2026-01-07,385.2,387.81,383.59,385.02,385.02,6058900
2026-01-08,384.56,384.74,375.86,378.98,378.98,5724000
2026-01-09,382.28,390.88,380.08,389.22,389.22,6490800
2026-01-12,385.67,391.98,385.67,390.66,390.66,5532000
2026-01-13,392.27,396.1,390.38,391.53,391.53,5281600
2026-01-14,388.96,389.34,383.81,388.35,388.35,6696500
2026-01-15,401.07,403.62,396.12,396.41,396.41,9948100
2026-01-16,402.85,405.31,398.42,400.39,400.39,5485900
2026-01-20,393.16,397.16,389.43,390.39,390.39,7158500
2026-01-21,394.75,405.88,393.37,401.93,401.93,8754600
2026-01-22,408.18,408.73,401.57,402.82,402.82,5462600
2026-01-23,400.5,403.09,397.53,400.09,400.09,5869500
2026-01-26,398.4,400.74,396.22,398.82,398.82,4326900
2026-01-27,403.9,409.39,402.21,407.25,407.25,6145600
2026-01-28,415.34,418.49,413.13,416.63,416.63,7641900
2026-01-29,417.44,420.6,403.17,417.52,417.52,9352500
2026-01-30,411.28,416.64,400.58,403.46,403.46,9029000
2026-02-02,398.86,412.04,398.43,407.97,407.97,5946300
2026-02-03,411.03,412.58,390.52,397.68,397.68,12188600
2026-02-04,394.67,396.71,374.24,382.02,382.02,16908500
2026-02-05,379.14,388.08,375.56,381.07,381.07,12007800
2026-02-06,389.2,403.08,387.19,401.65,401.65,13460300
2026-02-09,398.91,409.69,397.0,406.65,406.65,5915200
2026-02-10,408.18,408.8,401.83,404.76,404.76,5645300
2026-02-11,413.84,418.08,406.36,414.78,414.78,6211200
2026-02-12,418.33,420.04,405.28,406.11,406.11,7379100
2026-02-13,408.15,412.07,402.49,407.72,407.72,6481600
2026-02-17,402.71,410.87,397.77,407.51,407.51,7312700
2026-02-18,411.44,417.04,408.72,412.55,412.55,5839900
2026-02-19,408.71,411.0,405.56,410.2,410.2,4056400
2026-02-20,407.66,416.83,407.18,415.03,415.03,5715800
2026-02-23,413.57,417.7,409.28,412.88,412.88,5842800
2026-02-24,417.22,421.67,411.67,419.16,419.16,7828900
2026-02-25,424.35,427.94,423.68,426.16,426.16,7714500
2026-02-26,423.72,423.72,405.56,412.01,412.01,14811300
2026-02-27,403.26,409.24,401.88,406.37,406.37,9049100
2026-03-02,397.25,407.36,396.92,406.39,406.39,11490200
2026-03-03,391.36,394.54,385.93,391.06,391.06,13768900
2026-03-04,396.25,401.23,393.1,399.1,399.1,8767200
2026-03-05,396.06,401.11,386.75,395.35,395.35,11793700
2026-03-06,384.97,392.67,378.53,380.56,380.56,12423200
2026-03-09,375.76,395.36,374.16,394.37,394.37,16338100
2026-03-10,394.0,403.88,394.0,397.33,397.33,13687700
2026-03-11,400.01,404.39,398.69,401.03,401.03,6024900
2026-03-12,395.46,396.06,386.74,388.13,388.13,9845200
2026-03-13,392.32,396.33,386.07,387.33,387.33,7636100
2026-03-16,395.14,399.48,392.64,393.92,393.92,10317600
2026-03-17,397.16,397.61,393.22,396.88,396.88,6646300
2026-03-18,396.96,399.69,393.47,393.67,393.67,8372400
2026-03-19,384.0,397.53,381.44,394.92,394.92,12674800
2026-03-20,394.11,395.73,380.87,384.74,384.74,12846800
2026-03-23,393.36,399.28,389.44,391.36,391.36,12742300
2026-03-24,388.03,396.88,387.62,394.59,394.59,6177200
2026-03-25,398.36,402.5,395.74,399.02,399.02,7388700
2026-03-26,391.92,392.68,380.3,380.84,380.84,14806200
2026-03-27,377.79,381.31,373.01,374.25,374.25,11811400
2026-03-30,377.62,379.24,359.86,362.53,362.53,12198200
2026-03-31,368.74,383.5,368.1,383.4,383.4,13834900
2026-04-01,388.26,396.63,386.38,391.97,391.97,10805400
2026-04-02,378.07,393.5,378.0,392.32,392.32,8505800
2026-04-06,393.75,397.1,391.9,395.98,395.98,4186100
2026-04-07,394.71,400.09,389.64,399.9,399.9,6672500
2026-04-08,423.16,424.99,414.99,422.92,422.92,10184300
2026-04-09,423.17,430.65,422.63,430.31,430.31,6018200
2026-04-10,434.45,441.54,434.45,436.88,436.88,11224200
2026-04-13,434.75,443.64,433.6,443.34,443.34,6549800
2026-04-14,448.0,452.1,444.24,452.0,452.0,6932400
2026-04-15,450.7,453.33,435.15,453.0,453.0,9155700
2026-04-16,450.73,457.09,447.77,454.8,454.8,6450700
2026-04-17,462.8,464.58,459.5,464.16,464.16,7184600
2026-04-20,464.64,465.74,458.65,463.96,463.96,3935100
2026-04-21,466.29,468.43,462.24,464.66,464.66,5598600
2026-04-22,471.05,477.42,467.17,476.83,476.83,7835200
2026-04-23,480.4,488.08,475.19,481.85,481.85,10619700
2026-04-24,499.51,509.59,495.46,506.44,506.44,12614300
2026-04-27,509.19,510.1,497.75,506.26,506.26,9040200
2026-04-28,488.19,496.66,483.29,491.21,491.21,12664800
2026-04-29,496.35,499.58,492.34,499.58,499.58,6007900
2026-04-30,504.71,507.79,495.02,506.72,506.72,8401600
2026-05-01,504.21,511.99,502.25,509.82,509.82,5308300
2026-05-04,512.47,513.15,501.15,506.79,506.79,6867500
2026-05-05,515.38,526.2,514.12,522.69,522.69,8624600
2026-05-06,537.77,549.88,532.35,549.76,549.76,15262900
2026-05-07,545.77,549.7,535.92,540.1,540.1,10905200
2026-05-08,551.58,566.79,549.0,566.54,566.54,8553700
2026-05-11,570.26,578.06,566.8,576.31,576.31,12680900
2026-05-12,565.01,570.4,542.67,561.25,561.25,17720800
2026-05-13,571.8,576.2,560.12,572.46,572.46,9586700
2026-05-14,570.84,581.17,567.75,578.34,578.34,8458700
2026-05-15,560.31,565.88,552.91,556.34,556.34,13009600
2026-05-18,565.48,567.21,536.87,546.16,546.16,12317500
2026-05-19,534.94,553.34,527.87,543.96,543.96,11905800
2026-05-20,552.75,564.72,551.65,564.66,564.66,8892200
2026-05-21,561.02,570.6,557.62,567.88,567.88,8293800
2026-05-22,574.27,582.5,572.86,576.32,576.32,7535000
2026-05-26,591.58,603.97,589.1,602.14,602.14,10008500
2026-05-27,611.94,612.3,584.93,595.5,595.5,11209000
2026-05-28,595.81,604.74,587.31,599.83,599.83,7625000
2026-05-29,606.03,611.79,597.12,598.93,598.93,7596100
2026-06-01,596.1,613.43,593.09,607.81,607.81,8649000
2026-06-02,619.6,632.57,614.47,632.21,632.21,8083500
2026-06-03,640.8,642.77,623.91,637.9,637.9,10179900
2026-06-04,613.0,634.78,604.61,627.53,627.53,10462900
2026-06-05,605.09,607.0,569.69,569.69,569.69,22038000
2026-06-08,597.21,606.2,588.54,598.16,598.16,13823900
2026-06-09,609.48,613.69,554.66,591.01,591.01,20329700
2026-06-10,580.76,598.73,568.29,570.91,570.91,12711400
2026-06-11,582.61,611.62,581.61,609.45,609.45,12196800
2026-06-12,607.95,624.62,602.21,619.96,619.96,8963300
2026-06-15,643.5,649.24,639.25,647.1,647.1,9613900
2026-06-16,643.52,648.31,616.0,616.0,616.0,10949600
2026-06-17,633.46,643.5,623.13,623.97,623.97,10658800
2026-06-18,648.55,663.8,648.15,659.88,659.88,11229700
2026-06-22,670.35,671.83,660.02,668.91,668.91,8043000
2026-06-23,625.93,636.88,617.27,622.05,622.05,19126000
2026-06-24,622.28,625.23,606.23,618.92,618.92,11902000
2026-06-25,649.37,650.03,613.93,636.88,636.88,14877600
2026-06-26,616.79,621.71,609.0,611.61,611.61,12728300
2026-06-29,615.03,633.26,596.17,631.98,631.98,10473900
2026-06-30,636.07,659.74,634.6,655.89,655.89,9406900
2026-07-01,634.35,639.89,618.62,620.46,620.46,13424700
2026-07-02,622.58,627.7,582.6,592.29,592.29,21288600
2026-07-06,607.05,618.21,604.05,604.3,604.3,9820700
2026-07-07,580.02,585.97,566.83,581.45,581.45,14619200
2026-07-08,575.33,595.0,575.04,593.0,593.0,9521300
2026-07-09,615.48,618.17,604.7,607.73,607.73,9045100
2026-07-10,600.87,615.05,595.84,611.03,611.03,6608400
2026-07-13,598.01,599.36,583.09,585.62,585.62,8736500
2026-07-14,608.9,608.9,590.38,600.31,600.31,7581100
2026-07-15,606.88,606.88,573.72,590.77,590.77,11020800
2026-07-16,575.75,581.84,564.45,568.92,568.92,12353300
2026-07-17,547.94,567.41,536.81,556.53,556.53,22083900
2026-07-20,568.78,572.77,557.24,558.83,558.83,6962600
2026-07-21,580.96,586.0,572.05,584.08,584.08,7129800
2026-07-22,571.35,592.01,571.35,586.91,586.91,5249700
2026-07-23,577.2,586.89,574.0,580.17,580.17,7963200
2026-07-24,574.43,578.52,556.49,561.19,561.19,19156400
2026-07-27,565.94,567.62,535.31,548.55,548.55,38682200
2026-07-28,531.65,535.94,518.25,529.6,529.6,18429000
2026-07-29,525.99,532.17,503.63,504.22,504.22,19440900
2026-07-30,529.86,544.64,524.56,538.9,538.9,14175000
2026-07-31,557.5,561.44,535.24,540.53,540.53,14673900
2026-08-03,530.43,548.49,524.77,545.46,545.46,7283800
2026-08-04,564.29,578.63,562.28,575.71,575.71,9566200
2026-08-05,574.41,585.0,568.38,569.7,569.7,6209400
2026-08-06,565.48,580.43,559.56,571.48,571.48,6231700
2026-08-07,583.58,586.09,572.32,582.7,582.7,6505000
2026-08-10,585.99,586.24,569.2,569.41,569.41,6476700
2026-08-11,578.57,578.6,569.17,572.93,572.93,5029000
2026-08-12,590.55,590.57,583.79,584.83,584.83,7414100
2026-08-13,586.38,597.95,585.01,589.12,589.12,6786000
2026-08-14,587.51,590.33,581.87,587.82,587.82,5524300
2026-08-17,593.72,600.37,591.5,594.07,594.07,7700500
2026-08-18,574.36,577.76,562.63,569.77,569.77,11364400
2026-08-19,575.06,576.84,556.32,560.92,560.92,8713300
2026-08-20,559.38,566.0,557.26,562.65,562.65,6240600
2026-08-21,569.44,569.44,556.1,560.42,560.42,9619300
2026-08-24,554.18,554.18,540.75,546.8,546.8,7743300
2026-08-25,555.38,560.38,550.66,555.82,555.82,6038900
2026-08-26,554.47,557.78,550.54,555.77,555.77,3865000
2026-08-27,569.37,573.21,562.54,573.0,573.0,6562500
2026-08-28,568.72,570.12,552.3,553.11,553.11,6461800
2026-08-31,554.38,558.43,552.79,556.63,556.63,4317100
2026-09-01,546.48,549.88,540.85,545.22,545.22,6195100
2026-09-02,545.23,553.19,541.72,550.48,550.48,5127100
2026-09-03,546.77,553.74,540.07,552.6,552.6,5623500
2026-09-04,560.5,569.4,557.72,567.01,567.01,9451200
2026-09-08,578.7,580.57,572.0,573.73,573.73,8300300
2026-09-09,569.9,577.57,569.9,574.29,574.29,3458300
2026-09-10,561.54,565.15,557.09,560.28,560.28,6621000
2026-09-11,568.83,572.8,564.0,568.53,568.53,5199300
2026-09-14,539.99,546.76,537.73,541.5,541.5,10627900
2026-09-15,546.57,548.19,540.11,542.11,542.11,6113700
2026-09-16,549.95,553.17,540.45,545.56,545.56,5998800
2026-09-17,560.1,561.77,557.56,560.61,560.61,6164200
2026-09-18,562.88,580.81,562.75,573.0,573.0,6296500
2026-09-21,581.9,598.62,578.51,596.03,596.03,9785000
2026-09-22,591.3,604.5299,591.012,603.035,603.035,3741720
