date,open,high,low,close,adj_close,volume
2015-01-02,6.45,6.45,6.25,6.41,6.41,43400
2015-01-05,6.35,6.35,6.13,6.14,6.14,62600
2015-01-06,6.14,6.25,6.02,6.13,6.13,41900
2015-01-07,6.11,6.15,6.0,6.11,6.11,26600
2015-01-08,6.18,6.18,6.0,6.14,6.14,41400
2015-01-09,6.13,6.13,6.05,6.05,6.05,27800
2015-01-12,6.07,6.19,5.89,6.02,6.02,29500
2015-01-13,6.09,6.09,5.94,6.07,6.07,46900
2015-01-14,5.98,6.05,5.96,6.04,6.04,27000
2015-01-15,6.03,6.17,5.82,5.83,5.83,33800
2015-01-16,5.8,5.9,5.67,5.85,5.85,25900
2015-01-20,5.84,6.02,5.57,5.58,5.58,18300
2015-01-21,5.55,5.68,5.51,5.53,5.53,30800
2015-01-22,5.58,5.61,5.44,5.54,5.54,66900
2015-01-23,5.54,5.57,5.47,5.51,5.51,58900
2015-01-26,5.51,5.56,5.49,5.52,5.52,30200
2015-01-27,5.26,5.26,3.92,3.97,3.97,809700
2015-01-28,4.0,4.03,3.81,3.88,3.88,324500
2015-01-29,3.91,3.92,3.67,3.74,3.74,152100
2015-01-30,3.74,3.79,3.44,3.47,3.47,120800
2015-02-02,3.47,3.51,3.17,3.22,3.22,243800
2015-02-03,3.26,3.34,3.2,3.32,3.32,235100
2015-02-04,3.34,3.37,3.17,3.21,3.21,130100
2015-02-05,3.22,3.33,3.15,3.23,3.23,177100
2015-02-06,3.23,3.34,3.17,3.25,3.25,170200
2015-02-09,3.26,3.29,3.2,3.21,3.21,129700
2015-02-10,3.21,3.21,2.97,2.99,2.99,215500
2015-02-11,3.01,3.05,2.95,2.99,2.99,423000
2015-02-12,3.04,3.04,2.98,2.99,2.99,130100
2015-02-13,3.01,3.08,2.97,2.99,2.99,279500
2015-02-17,3.07,3.07,2.99,3.0,3.0,244100
2015-02-18,3.01,3.15,2.97,3.06,3.06,298100
2015-02-19,3.04,3.12,2.98,3.0,3.0,170300
2015-02-20,3.02,3.06,2.97,2.99,2.99,163300
2015-02-23,3.0,3.01,2.85,2.86,2.86,248900
2015-02-24,2.88,2.98,2.86,2.88,2.88,111700
2015-02-25,2.88,2.94,2.88,2.88,2.88,179500
2015-02-26,2.89,2.92,2.72,2.74,2.74,152800
2015-02-27,2.73,2.8,2.73,2.76,2.76,249900
2015-03-02,2.75,2.79,2.73,2.77,2.77,112300
2015-03-03,2.76,2.79,2.73,2.73,2.73,93600
2015-03-04,2.73,2.73,2.45,2.46,2.46,294200
2015-03-05,2.45,2.51,2.39,2.41,2.41,181500
2015-03-06,2.41,2.61,2.23,2.58,2.58,542000
2015-03-09,2.6,3.27,2.6,3.22,3.22,1292100
2015-03-10,3.32,3.35,3.0,3.01,3.01,511100
2015-03-11,3.0,3.08,2.9,2.97,2.97,311600
2015-03-12,3.02,3.14,2.89,3.13,3.13,350400
2015-03-13,3.19,3.19,2.96,3.0,3.0,415800
2015-03-16,3.03,3.95,3.03,3.91,3.91,1236700
2015-03-17,3.9,4.21,3.71,4.06,4.06,969600
2015-03-18,4.06,4.44,3.94,4.42,4.42,473900
2015-03-19,4.41,4.5,4.2,4.34,4.34,248200
2015-03-20,4.4,4.5,4.37,4.46,4.46,220300
2015-03-23,4.45,4.51,4.4,4.41,4.41,228500
2015-03-24,4.41,4.63,4.35,4.53,4.53,292700
2015-03-25,4.58,4.59,4.4,4.51,4.51,305500
2015-03-26,4.52,4.57,4.44,4.5,4.5,102100
2015-03-27,4.53,4.57,4.44,4.56,4.56,118000
2015-03-30,4.6,4.76,4.55,4.67,4.67,87500
2015-03-31,4.61,4.65,4.47,4.52,4.52,138900
2015-04-01,4.54,4.64,4.5,4.6,4.6,69300
2015-04-02,4.62,4.84,4.62,4.8,4.8,80700
2015-04-06,4.73,4.89,4.73,4.78,4.78,53500
2015-04-07,4.78,4.86,4.65,4.76,4.76,110600
2015-04-08,4.73,4.91,4.68,4.75,4.75,81800
2015-04-09,4.78,4.78,4.6,4.63,4.63,104700
2015-04-10,4.7,4.73,4.46,4.5,4.5,140600
2015-04-13,4.49,4.71,4.46,4.65,4.65,207400
2015-04-14,4.65,4.66,4.47,4.48,4.48,89700
2015-04-15,4.49,4.69,4.47,4.6,4.6,121900
2015-04-16,4.61,4.61,4.42,4.46,4.46,102700
2015-04-17,4.45,4.45,3.88,4.2,4.2,240300
2015-04-20,4.2,4.41,4.12,4.2,4.2,76800
2015-04-21,4.23,4.25,4.17,4.17,4.17,116300
2015-04-22,4.16,4.52,4.15,4.39,4.39,120600
2015-04-23,4.35,4.41,4.31,4.4,4.4,57400
2015-04-24,4.38,4.4,4.31,4.38,4.38,55600
2015-04-27,4.4,4.47,4.36,4.42,4.42,108800
2015-04-28,4.45,4.55,4.39,4.45,4.45,182300
2015-04-29,4.45,4.63,4.39,4.4,4.4,134500
2015-04-30,4.45,4.72,4.34,4.39,4.39,210600
2015-05-01,4.4,4.49,4.12,4.15,4.15,97300
2015-05-04,4.13,4.22,4.02,4.06,4.06,111300
2015-05-05,4.05,4.16,4.05,4.11,4.11,118600
2015-05-06,4.17,4.2,4.02,4.17,4.17,61400
2015-05-07,4.2,4.2,4.03,4.05,4.05,66000
2015-05-08,4.1,4.16,4.0,4.12,4.12,65800
2015-05-11,3.99,4.1,3.31,3.31,3.31,396700
2015-05-12,3.34,3.38,3.05,3.26,3.26,238800
2015-05-13,3.24,3.4,3.24,3.36,3.36,121900
2015-05-14,3.32,3.57,3.32,3.54,3.54,251900
2015-05-15,3.52,3.86,3.38,3.6,3.6,144400
2015-05-18,3.62,3.74,3.37,3.55,3.55,109800
2015-05-19,3.57,3.74,3.39,3.55,3.55,118100
2015-05-20,3.48,3.63,3.39,3.48,3.48,112900
2015-05-21,3.49,3.58,3.41,3.52,3.52,130300
2015-05-22,3.53,3.75,3.49,3.68,3.68,140000
2015-05-26,3.65,3.74,3.48,3.71,3.71,127800
2015-05-27,3.7,3.74,3.55,3.71,3.71,99600
2015-05-28,3.85,4.42,3.75,4.3,4.3,461400
2015-05-29,4.27,4.4,3.95,3.96,3.96,210000
2015-06-01,3.95,4.17,3.8,3.95,3.95,613600
2015-06-02,3.95,4.09,3.82,3.9,3.9,108300
2015-06-03,3.85,4.1,3.85,4.07,4.07,88700
2015-06-04,4.06,4.16,3.88,3.91,3.91,46700
2015-06-05,3.92,3.98,3.74,3.89,3.89,69600
2015-06-08,3.86,3.95,3.75,3.77,3.77,51600
2015-06-09,3.77,3.84,3.71,3.75,3.75,60600
2015-06-10,3.79,3.85,3.69,3.76,3.76,74700
2015-06-11,3.75,3.91,3.71,3.78,3.78,109000
2015-06-12,3.75,3.8,3.73,3.79,3.79,112900
2015-06-15,3.82,3.84,3.71,3.77,3.77,63200
2015-06-16,3.79,3.84,3.68,3.73,3.73,56500
2015-06-17,3.72,3.72,3.62,3.67,3.67,66000
2015-06-18,3.7,3.81,3.7,3.75,3.75,86900
2015-06-19,3.73,3.8,3.71,3.75,3.75,66200
2015-06-22,3.75,3.85,3.7,3.76,3.76,149400
2015-06-23,3.75,3.96,3.74,3.96,3.96,83900
2015-06-24,3.96,4.08,3.76,3.8,3.8,173800
2015-06-25,3.82,3.91,3.75,3.85,3.85,128100
2015-06-26,3.89,4.16,3.75,4.02,4.02,2713900
2015-06-29,4.05,4.23,4.01,4.02,4.02,174100
2015-06-30,4.04,4.09,3.97,4.0,4.0,138700
2015-07-01,4.24,4.43,4.04,4.11,4.11,265700
2015-07-02,4.12,4.23,4.12,4.15,4.15,65800
2015-07-06,4.1,4.21,3.91,3.96,3.96,142100
2015-07-07,3.93,4.01,3.7,3.72,3.72,104000
2015-07-08,3.71,3.96,3.51,3.82,3.82,166700
2015-07-09,3.86,4.02,3.84,3.99,3.99,194400
2015-07-10,4.09,4.09,3.94,3.95,3.95,143300
2015-07-13,4.01,4.03,3.95,3.96,3.96,138100
2015-07-14,3.93,4.01,3.9,4.0,4.0,158000
2015-07-15,4.0,4.04,3.89,3.99,3.99,71600
2015-07-16,3.94,4.06,3.92,4.01,4.01,150100
2015-07-17,4.0,4.06,3.93,4.01,4.01,119500
2015-07-20,4.12,4.12,3.95,3.98,3.98,102500
2015-07-21,4.01,4.09,3.95,3.95,3.95,64400
2015-07-22,4.03,4.3,3.95,4.23,4.23,177400
2015-07-23,4.27,4.35,4.18,4.25,4.25,109800
2015-07-24,4.27,4.37,4.21,4.24,4.24,104700
2015-07-27,4.23,4.65,4.22,4.59,4.59,140100
2015-07-28,4.65,4.68,4.44,4.51,4.51,132900
2015-07-29,4.56,4.62,4.43,4.53,4.53,72200
2015-07-30,4.7,4.72,4.5,4.72,4.72,70500
2015-07-31,4.71,4.72,4.59,4.69,4.69,41400
2015-08-03,4.79,4.98,4.76,4.94,4.94,163900
2015-08-04,4.96,5.11,4.9,5.05,5.05,96000
2015-08-05,5.05,5.33,4.95,5.16,5.16,326900
2015-08-06,5.08,5.08,4.57,4.75,4.75,107500
2015-08-07,4.5,4.92,4.5,4.8,4.8,113900
2015-08-10,5.35,5.67,4.94,5.17,5.17,216000
2015-08-11,5.15,5.5,4.58,5.5,5.5,207200
2015-08-12,5.4,5.5,5.22,5.33,5.33,199200
2015-08-13,5.37,5.48,5.25,5.36,5.36,83500
2015-08-14,5.45,5.47,5.21,5.24,5.24,167400
2015-08-17,4.99,5.29,4.92,5.25,5.25,199000
2015-08-18,5.25,5.31,5.14,5.25,5.25,31500
2015-08-19,5.2,5.25,4.99,5.07,5.07,148200
2015-08-20,5.0,5.15,4.95,5.01,5.01,45600
2015-08-21,4.97,4.98,4.82,4.87,4.87,57700
2015-08-24,4.53,5.1,4.53,4.77,4.77,119700
2015-08-25,4.96,4.99,4.64,4.65,4.65,48900
2015-08-26,4.73,4.79,4.55,4.71,4.71,47100
2015-08-27,4.75,4.83,4.56,4.75,4.75,81300
2015-08-28,4.71,4.8,4.66,4.71,4.71,83000
2015-08-31,4.61,4.82,4.41,4.64,4.64,146500
2015-09-01,4.55,4.64,4.38,4.61,4.61,62300
2015-09-02,4.66,4.66,4.53,4.58,4.58,44900
2015-09-03,4.55,4.76,4.55,4.74,4.74,119200
2015-09-04,4.69,4.81,4.63,4.78,4.78,110800
2015-09-08,4.82,4.95,4.72,4.79,4.79,106700
2015-09-09,4.85,4.92,4.8,4.8,4.8,33900
2015-09-10,4.76,4.83,4.7,4.79,4.79,66600
2015-09-11,4.77,4.95,4.61,4.65,4.65,59200
2015-09-14,4.65,4.8,4.55,4.65,4.65,78600
2015-09-15,4.63,4.83,4.63,4.77,4.77,29200
2015-09-16,4.74,4.95,4.74,4.83,4.83,89700
2015-09-17,4.83,4.83,4.46,4.49,4.49,69700
2015-09-18,4.45,4.71,4.4,4.49,4.49,79400
2015-09-21,4.59,4.6,4.4,4.56,4.56,221600
2015-09-22,4.49,4.53,4.39,4.45,4.45,214200
2015-09-23,4.45,4.45,4.18,4.43,4.43,156700
2015-09-24,4.38,4.4,4.2,4.29,4.29,52800
2015-09-25,4.36,4.36,4.0,4.27,4.27,76300
2015-09-28,4.3,4.35,4.24,4.27,4.27,18600
2015-09-29,4.25,4.32,4.18,4.23,4.23,24900
2015-09-30,4.29,4.29,4.07,4.11,4.11,25000
2015-10-01,4.14,4.31,4.11,4.21,4.21,81400
2015-10-02,4.13,4.24,4.1,4.15,4.15,54600
2015-10-05,4.17,4.19,4.12,4.15,4.15,31600
2015-10-06,4.15,4.22,4.1,4.18,4.18,278600
2015-10-07,4.13,4.4,4.13,4.26,4.26,105800
2015-10-08,4.28,4.44,4.27,4.37,4.37,85900
2015-10-09,4.4,4.44,4.33,4.39,4.39,36100
2015-10-12,4.41,4.45,4.24,4.4,4.4,51300
2015-10-13,4.37,4.42,4.34,4.4,4.4,30800
2015-10-14,4.34,4.45,4.34,4.38,4.38,10000
2015-10-15,4.37,4.42,4.21,4.24,4.24,48100
2015-10-16,4.27,4.27,4.09,4.13,4.13,29900
2015-10-19,4.08,4.17,4.07,4.16,4.16,43800
2015-10-20,4.12,4.25,4.12,4.24,4.24,24600
2015-10-21,4.18,4.23,4.18,4.21,4.21,5600
2015-10-22,4.2,4.21,4.15,4.2,4.2,14800
2015-10-23,4.16,4.22,4.16,4.2,4.2,36900
2015-10-26,4.24,4.24,3.96,4.06,4.06,97900
2015-10-27,4.07,4.08,3.96,4.04,4.04,58000
2015-10-28,4.05,4.2,4.0,4.15,4.15,55800
2015-10-29,4.12,4.14,3.95,3.96,3.96,34500
2015-10-30,3.92,3.95,3.82,3.87,3.87,18000
2015-11-02,3.92,4.1,3.69,4.06,4.06,39400
2015-11-03,4.07,4.25,4.05,4.19,4.19,74400
2015-11-04,4.16,4.24,4.12,4.22,4.22,28300
2015-11-05,4.22,4.23,4.07,4.18,4.18,41400
2015-11-06,4.18,4.22,4.09,4.21,4.21,47500
2015-11-09,5.1,5.3,4.33,4.67,4.67,590300
2015-11-10,4.87,4.98,4.21,4.72,4.72,209900
2015-11-11,4.69,4.93,4.51,4.8,4.8,73400
2015-11-12,4.8,4.99,4.78,4.91,4.91,66200
2015-11-13,4.9,5.0,4.83,4.9,4.9,97600
2015-11-16,4.92,4.95,4.83,4.92,4.92,88200
2015-11-17,4.92,4.98,4.66,4.8,4.8,102400
2015-11-18,4.84,5.05,4.74,5.01,5.01,124200
2015-11-19,4.96,5.49,4.96,5.25,5.25,303500
2015-11-20,5.25,5.31,5.07,5.24,5.24,119300
2015-11-23,5.25,5.46,5.23,5.25,5.25,135400
2015-11-24,5.25,5.29,5.19,5.25,5.25,75900
2015-11-25,5.25,5.49,5.22,5.45,5.45,89700
2015-11-27,5.5,5.5,5.32,5.41,5.41,28500
2015-11-30,5.55,5.55,5.4,5.45,5.45,112600
2015-12-01,5.41,5.77,5.29,5.75,5.75,127300
2015-12-02,5.75,6.09,5.54,5.94,5.94,256900
2015-12-03,5.96,6.25,5.88,6.17,6.17,313900
2015-12-04,6.19,6.47,6.0,6.33,6.33,199200
2015-12-07,6.22,6.66,6.09,6.33,6.33,386000
2015-12-08,6.28,6.32,5.96,6.04,6.04,132400
2015-12-09,6.04,6.32,5.95,6.04,6.04,96700
2015-12-10,6.13,6.23,5.87,6.1,6.1,125100
2015-12-11,6.04,6.1,5.9,6.06,6.06,111900
2015-12-14,6.0,6.09,5.84,6.05,6.05,128800
2015-12-15,6.07,6.33,5.79,6.13,6.13,159900
2015-12-16,6.14,6.28,6.1,6.27,6.27,96800
2015-12-17,6.27,6.44,6.26,6.4,6.4,186200
2015-12-18,6.39,6.41,6.24,6.33,6.33,192100
2015-12-21,6.42,6.42,6.25,6.34,6.34,119000
2015-12-22,6.38,6.38,6.22,6.31,6.31,80500
2015-12-23,6.25,6.35,6.12,6.27,6.27,74100
2015-12-24,6.06,6.44,6.06,6.32,6.32,51300
2015-12-28,6.24,6.28,5.76,6.08,6.08,104900
2015-12-29,6.12,6.19,6.01,6.1,6.1,80600
2015-12-30,6.1,6.11,5.9,5.97,5.97,69100
2015-12-31,5.99,6.23,5.87,6.08,6.08,77400
2016-01-04,5.8,6.48,5.8,6.29,6.29,140900
2016-01-05,6.48,6.48,6.06,6.12,6.12,75900
2016-01-06,6.05,6.31,5.97,6.09,6.09,80700
2016-01-07,6.07,6.07,5.8,5.91,5.91,66100
2016-01-08,5.95,5.98,5.55,5.56,5.56,71200
2016-01-11,5.55,5.61,5.19,5.22,5.22,95300
2016-01-12,5.21,5.48,4.98,5.03,5.03,96100
2016-01-13,4.98,5.14,4.82,4.86,4.86,123300
2016-01-14,4.86,5.27,4.85,4.99,4.99,102700
2016-01-15,4.88,5.12,4.88,5.04,5.04,47500
2016-01-19,5.25,5.5,4.73,4.73,4.73,153600
2016-01-20,4.75,4.97,4.71,4.8,4.8,146700
2016-01-21,4.78,4.93,4.75,4.8,4.8,136100
2016-01-22,4.86,5.1,4.84,4.89,4.89,127400
2016-01-25,4.89,4.99,4.8,4.84,4.84,84900
2016-01-26,4.9,4.97,4.77,4.8,4.8,113600
2016-01-27,4.8,5.01,4.76,4.8,4.8,134800
2016-01-28,4.86,4.99,4.79,4.83,4.83,104000
2016-01-29,4.88,5.4,4.88,5.38,5.38,63600
2016-02-01,5.4,5.55,5.26,5.36,5.36,55200
2016-02-02,5.29,5.29,4.9,4.93,4.93,66800
2016-02-03,4.92,4.99,4.78,4.79,4.79,121100
2016-02-04,4.75,4.99,4.66,4.86,4.86,69400
2016-02-05,4.86,4.99,4.73,4.79,4.79,49600
2016-02-08,4.7,4.7,4.28,4.46,4.46,87200
2016-02-09,4.45,4.53,4.4,4.47,4.47,44700
2016-02-10,4.53,4.58,4.37,4.4,4.4,77200
2016-02-11,4.34,4.48,4.11,4.37,4.37,63300
2016-02-12,4.39,4.49,4.3,4.43,4.43,32400
2016-02-16,4.47,4.57,4.42,4.44,4.44,65300
2016-02-17,4.48,4.67,4.42,4.64,4.64,50800
2016-02-18,4.63,4.85,4.43,4.6,4.6,39500
2016-02-19,4.55,4.73,4.37,4.62,4.62,15600
2016-02-22,4.62,4.71,4.45,4.68,4.68,25700
2016-02-23,4.68,4.8,4.43,4.73,4.73,37700
2016-02-24,4.67,4.78,4.51,4.78,4.78,9200
2016-02-25,4.77,4.91,4.59,4.83,4.83,36400
2016-02-26,4.82,4.89,4.73,4.81,4.81,39200
2016-02-29,4.78,5.4,4.7,5.4,5.4,115400
2016-03-01,5.32,5.46,5.07,5.2,5.2,123300
2016-03-02,5.2,5.28,5.17,5.23,5.23,38400
2016-03-03,5.26,5.35,5.16,5.19,5.19,81500
2016-03-04,5.43,5.45,5.08,5.09,5.09,58100
2016-03-07,5.06,5.39,5.05,5.38,5.38,75900
2016-03-08,5.33,5.33,5.05,5.18,5.18,29600
2016-03-09,5.35,5.4,5.08,5.2,5.2,47800
2016-03-10,5.19,5.33,5.12,5.32,5.32,23400
2016-03-11,5.33,5.45,5.25,5.43,5.43,39700
2016-03-14,5.18,5.39,5.06,5.22,5.22,224200
2016-03-15,5.2,5.25,4.68,5.22,5.22,105800
2016-03-16,5.17,5.23,5.0,5.16,5.16,92700
2016-03-17,5.15,5.15,5.0,5.07,5.07,65500
2016-03-18,5.13,5.17,4.98,5.06,5.06,201800
2016-03-21,5.1,5.1,4.91,5.0,5.0,102900
2016-03-22,4.98,5.11,4.92,4.96,4.96,44300
2016-03-23,4.93,5.15,4.91,4.97,4.97,50700
2016-03-24,4.9,5.09,4.9,5.05,5.05,57300
2016-03-28,5.0,5.2,4.87,5.01,5.01,63000
2016-03-29,5.06,5.3,5.05,5.16,5.16,74400
2016-03-30,5.15,5.32,4.99,5.17,5.17,52700
2016-03-31,5.23,5.26,5.15,5.15,5.15,26800
2016-04-01,5.13,5.19,5.07,5.12,5.12,36500
2016-04-04,5.11,5.2,5.09,5.16,5.16,88900
2016-04-05,5.17,5.23,5.13,5.17,5.17,54800
2016-04-06,5.18,5.23,4.97,5.08,5.08,78900
2016-04-07,5.07,5.08,4.92,4.99,4.99,27600
2016-04-08,5.0,5.07,4.91,4.98,4.98,41400
2016-04-11,4.96,5.06,4.95,4.96,4.96,30100
2016-04-12,4.95,5.17,4.95,5.13,5.13,136800
2016-04-13,5.16,5.31,5.09,5.13,5.13,29000
2016-04-14,5.17,5.48,5.04,5.09,5.09,21400
2016-04-15,5.11,5.16,5.0,5.07,5.07,21900
2016-04-18,5.04,5.35,5.01,5.24,5.24,131400
2016-04-19,5.31,5.41,5.19,5.31,5.31,22000
2016-04-20,5.33,5.45,5.25,5.25,5.25,60000
2016-04-21,5.32,5.33,5.29,5.3,5.3,37800
2016-04-22,5.34,5.35,4.93,4.95,4.95,126000
2016-04-25,4.87,5.03,4.77,4.79,4.79,83700
2016-04-26,4.73,5.47,4.73,5.36,5.36,123200
2016-04-27,5.56,6.28,5.25,5.31,5.31,102000
2016-04-28,5.51,5.51,5.12,5.23,5.23,87000
2016-04-29,5.26,5.41,5.08,5.24,5.24,101400
2016-05-02,4.59,4.87,4.51,4.6,4.6,187100
2016-05-03,4.4,4.5,4.29,4.31,4.31,291600
2016-05-04,4.25,4.55,4.23,4.27,4.27,1538100
2016-05-05,4.32,4.55,4.32,4.32,4.32,167500
2016-05-06,4.31,4.31,4.19,4.22,4.22,167200
2016-05-09,4.3,4.78,4.3,4.56,4.56,170900
2016-05-10,4.61,4.76,4.53,4.73,4.73,172100
2016-05-11,4.71,5.03,4.68,4.82,4.82,101600
2016-05-12,4.87,4.98,4.84,4.93,4.93,130300
2016-05-13,4.91,5.0,4.84,4.85,4.85,135100
2016-05-16,4.89,4.99,4.65,4.69,4.69,48700
2016-05-17,4.89,4.89,4.61,4.71,4.71,76300
2016-05-18,4.66,4.92,4.59,4.6,4.6,75600
2016-05-19,4.53,4.69,4.43,4.65,4.65,90400
2016-05-20,4.7,4.73,4.43,4.48,4.48,69800
2016-05-23,4.45,4.48,4.37,4.45,4.45,368000
2016-05-24,4.45,4.78,4.42,4.52,4.52,240300
2016-05-25,4.53,4.98,4.52,4.96,4.96,276800
2016-05-26,4.95,4.98,4.83,4.94,4.94,92800
2016-05-27,4.91,5.14,4.85,5.08,5.08,81500
2016-05-31,5.13,5.13,4.89,5.05,5.05,105600
2016-06-01,5.04,5.4,4.97,5.37,5.37,111400
2016-06-02,5.33,5.57,5.18,5.37,5.37,86900
2016-06-03,5.39,5.46,5.14,5.2,5.2,112200
2016-06-06,5.17,5.23,5.06,5.1,5.1,72900
2016-06-07,5.08,5.3,4.99,5.01,5.01,63800
2016-06-08,4.9,5.11,4.76,5.08,5.08,58700
2016-06-09,5.04,5.04,4.71,4.9,4.9,124300
2016-06-10,4.89,5.14,4.84,4.85,4.85,59200
2016-06-13,4.85,4.88,4.74,4.76,4.76,135800
2016-06-14,4.76,5.01,4.76,4.98,4.98,55500
2016-06-15,5.01,5.14,4.98,5.0,5.0,58800
2016-06-16,4.97,5.23,4.82,5.2,5.2,75900
2016-06-17,5.24,5.28,5.09,5.1,5.1,59900
2016-06-20,5.14,5.3,5.07,5.13,5.13,46300
2016-06-21,5.16,5.21,5.09,5.13,5.13,21200
2016-06-22,5.13,5.2,5.06,5.13,5.13,58100
2016-06-23,5.17,5.22,5.09,5.12,5.12,29600
2016-06-24,5.01,5.08,4.86,5.02,5.02,161700
2016-06-27,4.99,5.04,4.92,4.92,4.92,113000
2016-06-28,4.93,4.97,4.87,4.88,4.88,48600
2016-06-29,4.9,4.95,4.81,4.84,4.84,125800
2016-06-30,4.83,4.99,4.83,4.91,4.91,51300
2016-07-01,4.94,5.07,4.93,5.06,5.06,35600
2016-07-05,5.1,5.28,5.05,5.2,5.2,44600
2016-07-06,5.21,5.3,5.07,5.14,5.14,41100
2016-07-07,5.12,5.39,5.12,5.37,5.37,78300
2016-07-08,5.37,5.4,5.27,5.31,5.31,22400
2016-07-11,5.41,5.48,5.27,5.32,5.32,60500
2016-07-12,5.32,5.59,5.23,5.47,5.47,80300
2016-07-13,5.48,5.6,5.36,5.45,5.45,11400
2016-07-14,5.52,5.67,5.4,5.63,5.63,67100
2016-07-15,5.64,5.79,5.57,5.7,5.7,84900
2016-07-18,5.7,5.79,5.13,5.7,5.7,59200
2016-07-19,5.9,5.9,5.61,5.71,5.71,38700
2016-07-20,5.71,5.71,5.63,5.63,5.63,9000
2016-07-21,5.44,5.69,5.34,5.63,5.63,26300
2016-07-22,5.65,5.7,5.52,5.66,5.66,40500
2016-07-25,5.66,5.73,5.59,5.69,5.69,25100
2016-07-26,5.72,5.76,5.66,5.75,5.75,20800
2016-07-27,5.78,5.89,5.58,5.75,5.75,43100
2016-07-28,5.66,5.77,5.58,5.76,5.76,59200
2016-07-29,5.74,5.83,5.71,5.82,5.82,66600
2016-08-01,5.9,6.44,5.83,5.93,5.93,315900
2016-08-02,5.99,6.0,5.77,5.9,5.9,154600
2016-08-03,5.84,5.94,5.81,5.87,5.87,41000
2016-08-04,5.9,6.04,5.9,5.98,5.98,65700
2016-08-05,5.99,6.31,5.99,6.18,6.18,88800
2016-08-08,6.23,6.26,6.09,6.13,6.13,102800
2016-08-09,6.23,6.23,6.04,6.15,6.15,25400
2016-08-10,6.08,6.23,6.01,6.15,6.15,58300
2016-08-11,6.21,6.28,6.15,6.19,6.19,78300
2016-08-12,6.16,6.25,6.06,6.19,6.19,36400
2016-08-15,6.21,6.49,6.21,6.23,6.23,160700
2016-08-16,6.27,6.49,6.24,6.44,6.44,173100
2016-08-17,6.53,6.72,6.45,6.52,6.52,74200
2016-08-18,6.57,6.64,6.52,6.62,6.62,89600
2016-08-19,6.66,6.86,6.5,6.59,6.59,143400
2016-08-22,6.65,6.65,6.31,6.5,6.5,93200
2016-08-23,6.58,6.71,6.45,6.5,6.5,79200
2016-08-24,6.35,6.7,6.32,6.5,6.5,33000
2016-08-25,6.55,6.55,6.47,6.49,6.49,26800
2016-08-26,6.45,6.59,6.45,6.49,6.49,45800
2016-08-29,6.45,6.56,6.45,6.47,6.47,49100
2016-08-30,6.5,6.56,6.42,6.47,6.47,46200
2016-08-31,6.43,6.53,6.33,6.45,6.45,30200
2016-09-01,6.43,6.55,6.28,6.51,6.51,43500
2016-09-02,6.49,6.78,6.49,6.74,6.74,63600
2016-09-06,6.79,6.8,6.4,6.7,6.7,159100
2016-09-07,6.67,6.8,6.56,6.59,6.59,107700
2016-09-08,6.64,6.96,6.64,6.9,6.9,430500
2016-09-09,6.92,7.07,6.58,6.69,6.69,414900
2016-09-12,6.98,7.03,6.83,6.92,6.92,224800
2016-09-13,6.96,7.03,6.86,6.95,6.95,150800
2016-09-14,6.96,7.0,6.89,6.94,6.94,75100
2016-09-15,6.9,7.34,6.9,7.17,7.17,179700
2016-09-16,7.18,7.34,7.06,7.08,7.08,155200
2016-09-19,7.18,7.43,7.05,7.1,7.1,214800
2016-09-20,7.16,7.2,6.89,6.89,6.89,149400
2016-09-21,6.87,7.05,6.72,6.99,6.99,233400
2016-09-22,7.0,7.32,6.91,7.32,7.32,187000
2016-09-23,7.35,7.62,7.28,7.3,7.3,253700
2016-09-26,7.41,7.66,7.22,7.5,7.5,341400
2016-09-27,7.57,7.72,7.42,7.49,7.49,188900
2016-09-28,7.55,7.83,7.51,7.82,7.82,247500
2016-09-29,7.9,7.98,7.62,7.65,7.65,176400
2016-09-30,7.74,7.81,7.52,7.74,7.74,123900
2016-10-03,7.81,7.94,7.74,7.9,7.9,181200
2016-10-04,7.94,7.94,7.7,7.85,7.85,236900
2016-10-05,7.9,8.1,7.82,7.99,7.99,165200
2016-10-06,8.0,8.17,7.91,8.16,8.16,176700
2016-10-07,8.21,8.25,8.01,8.1,8.1,137000
2016-10-10,8.1,8.4,8.01,8.34,8.34,298100
2016-10-11,8.52,8.58,8.09,8.13,8.13,229000
2016-10-12,8.17,8.6,8.16,8.22,8.22,143200
2016-10-13,8.11,8.3,8.01,8.27,8.27,115000
2016-10-14,8.29,8.43,8.23,8.38,8.38,210900
2016-10-17,8.1,8.13,7.3,7.77,7.77,460100
2016-10-18,7.75,7.86,7.64,7.81,7.81,141100
2016-10-19,7.8,7.95,7.77,7.81,7.81,143200
2016-10-20,7.74,7.86,7.7,7.76,7.76,134400
2016-10-21,7.77,7.85,7.52,7.82,7.82,147000
2016-10-24,7.78,7.93,7.75,7.79,7.79,107400
2016-10-25,7.85,7.85,7.64,7.74,7.74,140200
2016-10-26,7.65,7.73,7.46,7.66,7.66,140700
2016-10-27,7.63,7.77,7.51,7.68,7.68,99100
2016-10-28,7.66,7.75,7.5,7.64,7.64,134200
2016-10-31,7.55,7.55,6.72,7.28,7.28,250400
2016-11-01,6.27,6.69,6.15,6.42,6.42,779100
2016-11-02,6.27,6.58,6.13,6.56,6.56,267200
2016-11-03,6.54,6.68,6.4,6.61,6.61,164600
2016-11-04,6.58,6.92,6.5,6.88,6.88,263200
2016-11-07,6.87,6.95,6.67,6.71,6.71,160500
2016-11-08,6.65,6.71,6.57,6.58,6.58,128200
2016-11-09,6.59,7.2,6.59,7.11,7.11,285600
2016-11-10,7.19,7.39,7.0,7.28,7.28,304800
2016-11-11,7.28,7.65,7.28,7.64,7.64,154400
2016-11-14,7.7,7.83,7.62,7.76,7.76,206000
2016-11-15,7.76,7.97,7.6,7.94,7.94,243100
2016-11-16,7.88,7.96,7.8,7.87,7.87,162100
2016-11-17,7.82,8.07,7.81,7.94,7.94,164400
2016-11-18,7.91,7.95,7.8,7.91,7.91,115500
2016-11-21,7.88,8.14,7.88,8.0,8.0,232800
2016-11-22,8.04,8.08,7.91,7.95,7.95,136000
2016-11-23,7.91,7.97,7.81,7.91,7.91,175600
2016-11-25,7.9,8.16,7.86,8.15,8.15,297000
2016-11-28,8.16,8.7,8.12,8.5,8.5,456600
2016-11-29,8.53,8.8,8.46,8.6,8.6,213400
2016-11-30,8.7,8.75,8.25,8.29,8.29,192200
2016-12-01,8.34,8.58,8.25,8.46,8.46,197500
2016-12-02,8.53,8.71,8.1,8.26,8.26,120200
2016-12-05,8.24,8.86,8.11,8.69,8.69,239800
2016-12-06,8.6,8.68,8.38,8.63,8.63,173300
2016-12-07,8.63,9.05,8.63,8.99,8.99,184300
2016-12-08,8.93,9.38,8.54,8.59,8.59,350200
2016-12-09,8.63,8.78,8.34,8.35,8.35,270900
2016-12-12,8.33,8.52,8.29,8.48,8.48,135000
2016-12-13,8.42,8.53,8.33,8.38,8.38,292000
2016-12-14,8.32,8.44,8.29,8.4,8.4,112100
2016-12-15,8.36,8.67,8.31,8.35,8.35,110600
2016-12-16,8.35,8.43,8.26,8.39,8.39,161100
2016-12-19,8.38,8.58,8.35,8.45,8.45,125300
2016-12-20,8.81,9.13,8.5,8.84,8.84,249700
2016-12-21,8.8,8.89,8.5,8.5,8.5,88900
2016-12-22,8.5,8.85,8.37,8.72,8.72,155500
2016-12-23,8.7,8.76,8.56,8.74,8.74,50900
2016-12-27,8.72,8.86,8.63,8.71,8.71,64200
2016-12-28,8.69,8.76,8.57,8.58,8.58,143900
2016-12-29,8.68,8.71,8.37,8.41,8.41,80700
2016-12-30,8.4,8.5,8.25,8.46,8.46,177800
2017-01-03,8.49,8.55,8.28,8.37,8.37,169000
2017-01-04,8.43,8.47,8.32,8.41,8.41,146300
2017-01-05,8.43,8.43,8.35,8.39,8.39,72600
2017-01-06,8.37,8.41,8.29,8.35,8.35,126500
2017-01-09,8.35,8.35,7.98,7.98,7.98,182300
2017-01-10,8.1,8.47,7.99,8.41,8.41,315400
2017-01-11,8.43,9.05,8.43,8.84,8.84,237300
2017-01-12,8.79,8.82,8.4,8.54,8.54,69200
2017-01-13,8.67,8.81,8.62,8.64,8.64,48900
2017-01-17,8.6,8.76,8.54,8.65,8.65,57400
2017-01-18,8.68,9.0,8.64,8.65,8.65,60600
2017-01-19,8.65,8.87,8.62,8.71,8.71,67100
2017-01-20,8.69,8.94,8.47,8.57,8.57,117500
2017-01-23,8.6,8.7,8.53,8.61,8.61,62000
2017-01-24,8.62,8.87,8.62,8.83,8.83,153100
2017-01-25,8.93,9.48,8.93,9.29,9.29,441100
2017-01-26,9.3,9.35,9.05,9.19,9.19,255100
2017-01-27,9.24,9.3,9.04,9.19,9.19,148700
2017-01-30,9.2,9.26,8.67,8.99,8.99,108600
2017-01-31,9.0,9.22,9.0,9.16,9.16,70400
2017-02-01,9.22,9.33,8.91,8.99,8.99,97500
2017-02-02,8.99,9.17,8.95,9.06,9.06,103700
2017-02-03,9.18,9.24,9.08,9.16,9.16,143100
2017-02-06,9.18,9.2,9.05,9.05,9.05,89000
2017-02-07,9.25,9.68,9.15,9.54,9.54,657100
2017-02-08,9.54,9.58,9.24,9.43,9.43,155400
2017-02-09,8.3,9.02,7.75,8.48,8.48,902000
2017-02-10,8.58,8.93,8.47,8.8,8.8,158000
2017-02-13,8.95,9.14,8.87,9.02,9.02,142400
2017-02-14,9.03,9.23,8.95,9.16,9.16,173800
2017-02-15,9.1,9.5,9.1,9.37,9.37,163500
2017-02-16,9.4,9.53,9.2,9.48,9.48,129900
2017-02-17,9.45,9.58,9.35,9.55,9.55,204300
2017-02-21,9.52,9.7,9.48,9.54,9.54,251100
2017-02-22,9.53,9.75,9.42,9.69,9.69,133800
2017-02-23,9.69,9.78,9.15,9.32,9.32,119500
2017-02-24,9.18,9.41,9.18,9.32,9.32,144500
2017-02-27,9.44,9.62,9.32,9.35,9.35,141900
2017-02-28,9.33,9.6,8.9,8.99,8.99,115600
2017-03-01,9.15,9.43,9.15,9.27,9.27,137600
2017-03-02,9.29,9.49,9.21,9.42,9.42,116100
2017-03-03,9.44,9.6,9.16,9.22,9.22,92800
2017-03-06,9.15,9.38,8.9,8.99,8.99,126400
2017-03-07,9.0,9.22,8.93,9.0,9.0,87600
2017-03-08,9.06,9.24,9.0,9.19,9.19,160500
2017-03-09,8.5,10.92,8.42,9.43,9.43,545700
2017-03-10,9.57,10.15,9.57,9.92,9.92,155800
2017-03-13,9.9,10.07,9.81,9.91,9.91,119700
2017-03-14,9.85,9.85,9.65,9.67,9.67,67200
2017-03-15,9.67,9.85,9.63,9.66,9.66,112300
2017-03-16,9.66,9.96,9.66,9.93,9.93,122200
2017-03-17,9.85,9.96,9.6,9.65,9.65,190700
2017-03-20,9.63,9.92,9.57,9.71,9.71,154000
2017-03-21,9.71,9.87,9.48,9.52,9.52,114000
2017-03-22,9.43,9.61,9.15,9.19,9.19,106500
2017-03-23,9.19,9.36,9.14,9.25,9.25,53900
2017-03-24,9.26,9.82,9.25,9.64,9.64,140800
2017-03-27,9.29,9.57,9.18,9.38,9.38,93500
2017-03-28,9.29,9.42,9.19,9.24,9.24,115200
2017-03-29,9.18,9.3,9.13,9.19,9.19,65700
2017-03-30,9.2,9.35,9.11,9.13,9.13,107800
2017-03-31,9.13,9.3,9.05,9.25,9.25,71000
2017-04-03,9.25,9.25,8.82,8.88,8.88,102200
2017-04-04,8.9,9.18,8.84,8.88,8.88,195700
2017-04-05,8.72,9.11,8.54,8.68,8.68,158200
2017-04-06,8.7,8.8,8.56,8.64,8.64,150200
2017-04-07,8.6,8.92,8.6,8.88,8.88,166600
2017-04-10,8.9,9.0,8.73,8.73,8.73,152000
2017-04-11,8.7,9.19,8.7,9.01,9.01,170800
2017-04-12,9.0,9.18,8.82,9.09,9.09,62200
2017-04-13,9.1,9.1,8.85,8.97,8.97,127300
2017-04-17,8.97,9.05,8.85,9.01,9.01,80100
2017-04-18,8.99,9.05,8.87,8.93,8.93,142500
2017-04-19,8.91,8.97,8.61,8.83,8.83,97400
2017-04-20,8.89,9.05,8.88,9.01,9.01,47500
2017-04-21,9.01,9.04,8.89,8.99,8.99,142600
2017-04-24,9.04,9.59,8.84,9.0,9.0,60300
2017-04-25,9.0,9.29,9.0,9.21,9.21,108500
2017-04-26,9.19,9.57,9.19,9.5,9.5,131600
2017-04-27,9.45,9.91,9.32,9.85,9.85,151700
2017-04-28,9.8,9.95,9.26,9.51,9.51,127500
2017-05-01,9.52,9.63,9.26,9.55,9.55,63800
2017-05-02,9.59,9.88,9.51,9.86,9.86,132600
2017-05-03,10.07,10.9,10.05,10.24,10.24,309400
2017-05-04,10.35,10.52,10.07,10.17,10.17,107000
2017-05-05,10.15,10.8,10.14,10.73,10.73,163600
2017-05-08,10.79,11.3,10.76,11.0,11.0,243200
2017-05-09,11.0,11.09,10.6,10.96,10.96,121700
2017-05-10,10.91,11.1,10.86,10.9,10.9,191800
2017-05-11,10.89,11.05,10.82,10.95,10.95,136000
2017-05-12,10.95,11.19,10.8,10.92,10.92,169300
2017-05-15,10.99,11.1,10.87,10.92,10.92,157100
2017-05-16,10.89,10.95,10.52,10.87,10.87,124300
2017-05-17,10.77,10.77,10.32,10.37,10.37,219100
2017-05-18,10.31,10.56,10.24,10.34,10.34,90000
2017-05-19,10.31,10.44,10.08,10.3,10.3,182100
2017-05-22,10.28,10.29,9.87,9.92,9.92,170300
2017-05-23,9.94,10.05,9.89,10.0,10.0,92100
2017-05-24,10.0,10.21,9.83,10.18,10.18,230300
2017-05-25,10.19,10.35,9.86,10.32,10.32,222900
2017-05-26,10.31,10.31,9.91,10.21,10.21,141200
2017-05-30,10.21,10.44,10.11,10.27,10.27,140500
2017-05-31,10.27,10.41,10.02,10.18,10.18,61500
2017-06-01,10.19,10.25,10.09,10.2,10.2,72300
2017-06-02,10.2,10.56,10.16,10.5,10.5,193900
2017-06-05,10.52,10.53,10.17,10.2,10.2,134800
2017-06-06,10.2,10.32,10.07,10.14,10.14,138400
2017-06-07,10.2,10.2,9.98,10.05,10.05,81700
2017-06-08,10.04,10.19,9.95,10.11,10.11,91700
2017-06-09,10.11,10.99,10.09,10.92,10.92,283900
2017-06-12,10.99,10.99,10.36,10.44,10.44,171300
2017-06-13,10.48,10.95,10.33,10.85,10.85,140300
2017-06-14,10.9,10.98,10.67,10.82,10.82,125200
2017-06-15,10.65,10.94,9.97,10.84,10.84,91500
2017-06-16,10.86,10.9,10.61,10.63,10.63,117600
2017-06-19,10.75,10.99,10.61,10.85,10.85,135600
2017-06-20,10.85,10.87,10.39,10.69,10.69,134900
2017-06-21,10.7,11.09,10.51,10.64,10.64,567100
2017-06-22,10.57,11.25,10.53,11.0,11.0,338800
2017-06-23,11.0,11.23,10.68,11.12,11.12,3364600
2017-06-26,11.19,11.82,11.19,11.69,11.69,601000
2017-06-27,11.7,12.24,11.51,11.69,11.69,511000
2017-06-28,11.69,12.04,11.66,11.7,11.7,335100
2017-06-29,12.17,13.08,11.76,13.02,13.02,940600
2017-06-30,12.99,13.22,12.61,13.07,13.07,552600
2017-07-03,13.11,13.91,13.07,13.77,13.77,325600
2017-07-05,13.77,14.93,13.13,13.26,13.26,706200
2017-07-06,13.21,13.3,12.8,12.84,12.84,474900
2017-07-07,12.92,13.15,12.81,12.95,12.95,257200
2017-07-10,12.99,13.0,12.73,12.91,12.91,369800
2017-07-11,12.85,13.02,12.71,12.87,12.87,322700
2017-07-12,12.94,13.03,12.83,12.96,12.96,291900
2017-07-13,12.95,13.24,12.91,13.13,13.13,300700
2017-07-14,13.12,13.34,13.03,13.2,13.2,217300
2017-07-17,13.2,13.44,13.05,13.31,13.31,413400
2017-07-18,13.3,13.44,13.11,13.31,13.31,260100
2017-07-19,13.39,13.59,13.29,13.54,13.54,305300
2017-07-20,13.61,13.66,13.35,13.37,13.37,264200
2017-07-21,13.44,13.44,12.81,13.04,13.04,1141600
2017-07-24,13.04,13.07,12.44,12.84,12.84,409700
2017-07-25,12.99,13.26,12.83,13.2,13.2,281400
2017-07-26,13.22,13.29,12.89,12.99,12.99,217400
2017-07-27,13.0,13.33,12.87,13.18,13.18,244000
2017-07-28,13.15,13.21,12.3,12.92,12.92,130900
2017-07-31,12.93,13.0,12.72,12.78,12.78,154200
2017-08-01,12.81,13.14,12.74,13.05,13.05,221500
2017-08-02,13.57,13.57,11.58,11.82,11.82,534400
2017-08-03,11.82,11.89,10.5,10.72,10.72,617100
2017-08-04,10.88,11.03,10.28,10.33,10.33,465800
2017-08-07,10.36,10.81,10.26,10.79,10.79,456600
2017-08-08,10.78,11.16,10.53,11.11,11.11,456700
2017-08-09,11.02,11.12,10.52,11.1,11.1,374800
2017-08-10,11.04,11.09,10.54,10.68,10.68,324700
2017-08-11,10.71,10.81,10.36,10.36,10.36,282700
2017-08-14,10.46,10.87,10.33,10.67,10.67,205200
2017-08-15,10.69,10.71,10.13,10.24,10.24,245400
2017-08-16,10.26,10.29,9.88,9.93,9.93,196400
2017-08-17,9.85,10.07,9.74,9.76,9.76,193500
2017-08-18,9.68,9.93,9.52,9.76,9.76,146500
2017-08-21,9.84,9.91,9.52,9.64,9.64,300600
2017-08-22,9.66,9.68,9.42,9.48,9.48,344900
2017-08-23,9.5,9.7,9.47,9.68,9.68,421900
2017-08-24,9.75,9.77,9.57,9.64,9.64,228700
2017-08-25,9.7,10.03,9.68,9.94,9.94,420000
2017-08-28,10.1,10.88,10.02,10.83,10.83,662700
2017-08-29,11.9,12.47,11.3,11.99,11.99,1275100
2017-08-30,12.65,12.73,11.7,11.86,11.86,826800
2017-08-31,11.96,12.04,11.66,11.78,11.78,521800
2017-09-01,12.01,12.9,11.68,12.62,12.62,996200
2017-09-05,13.01,13.04,12.52,12.69,12.69,644000
2017-09-06,12.75,13.14,12.71,13.1,13.1,489900
2017-09-07,13.35,13.64,13.0,13.25,13.25,536300
2017-09-08,13.29,13.56,13.15,13.42,13.42,365300
2017-09-11,13.76,14.8,13.75,14.33,14.33,977100
2017-09-12,14.79,15.26,14.51,15.2,15.2,1067100
2017-09-13,15.33,15.73,14.38,14.6,14.6,844100
2017-09-14,14.55,14.92,14.26,14.79,14.79,426700
2017-09-15,14.83,14.88,14.26,14.75,14.75,756000
2017-09-18,14.85,15.32,14.61,14.84,14.84,709200
2017-09-19,14.9,14.9,14.35,14.41,14.41,488300
2017-09-20,14.12,14.68,14.0,14.46,14.46,455800
2017-09-21,14.47,14.72,14.4,14.51,14.51,284700
2017-09-22,14.5,15.0,14.45,14.92,14.92,410400
2017-09-25,14.95,15.24,14.76,14.96,14.96,563100
2017-09-26,14.97,15.55,14.89,15.15,15.15,569100
2017-09-27,15.2,15.82,15.18,15.45,15.45,507300
2017-09-28,15.37,15.5,15.16,15.4,15.4,344000
2017-09-29,15.38,15.4,15.05,15.23,15.23,601300
2017-10-02,15.23,15.35,14.92,15.35,15.35,415900
2017-10-03,15.42,16.05,15.3,15.47,15.47,462000
2017-10-04,15.53,15.96,15.15,15.36,15.36,253900
2017-10-05,15.35,15.65,15.3,15.46,15.46,249200
2017-10-06,15.6,15.74,15.3,15.73,15.73,197300
2017-10-09,15.73,15.79,15.21,15.32,15.32,247300
2017-10-10,15.42,15.61,15.09,15.24,15.24,270900
2017-10-11,15.24,15.28,14.5,14.7,14.7,515800
2017-10-12,14.7,14.93,14.56,14.69,14.69,340100
2017-10-13,14.75,14.76,14.53,14.7,14.7,267100
2017-10-16,14.71,14.98,14.42,14.57,14.57,253000
2017-10-17,14.56,14.72,14.12,14.41,14.41,289600
2017-10-18,14.58,15.15,14.49,14.77,14.77,381600
2017-10-19,14.71,14.71,14.14,14.36,14.36,277400
2017-10-20,14.54,14.78,14.31,14.72,14.72,351800
2017-10-23,14.71,14.81,14.22,14.6,14.6,326300
2017-10-24,14.62,15.21,14.62,14.94,14.94,367500
2017-10-25,14.88,15.07,14.54,14.89,14.89,261200
2017-10-26,14.88,15.57,14.51,15.27,15.27,323400
2017-10-27,15.23,15.53,15.08,15.45,15.45,290700
2017-10-30,15.3,15.65,15.14,15.45,15.45,288100
2017-10-31,16.5,18.48,16.16,17.85,17.85,1538800
2017-11-01,18.42,18.82,17.33,17.93,17.93,831100
2017-11-02,17.93,17.93,17.21,17.39,17.39,535400
2017-11-03,17.43,17.69,17.28,17.44,17.44,357400
2017-11-06,18.13,18.14,17.17,17.58,17.58,561000
2017-11-07,17.64,17.73,17.31,17.49,17.49,350400
2017-11-08,17.5,17.55,16.87,17.2,17.2,326500
2017-11-09,17.04,17.34,16.94,17.1,17.1,265600
2017-11-10,17.08,17.4,16.94,17.32,17.32,234400
2017-11-13,17.1,17.26,16.83,17.2,17.2,217400
2017-11-14,17.1,17.2,16.39,16.63,16.63,275000
2017-11-15,16.5,16.54,16.05,16.23,16.23,324500
2017-11-16,16.25,17.14,16.25,16.65,16.65,403400
2017-11-17,16.67,16.93,16.6,16.79,16.79,235800
2017-11-20,16.78,17.52,16.78,17.3,17.3,386700
2017-11-21,17.42,17.88,17.4,17.53,17.53,300500
2017-11-22,17.6,17.95,17.48,17.52,17.52,184800
2017-11-24,17.6,17.76,17.23,17.35,17.35,94900
2017-11-27,17.3,17.54,16.96,17.09,17.09,239400
2017-11-28,17.08,17.47,17.02,17.43,17.43,237200
2017-11-29,17.4,17.68,16.96,17.14,17.14,243700
2017-11-30,17.37,17.46,17.08,17.15,17.15,245600
2017-12-01,17.14,17.14,16.03,17.05,17.05,321700
2017-12-04,17.09,17.38,16.94,17.16,17.16,218700
2017-12-05,17.22,17.23,16.9,16.91,16.91,185100
2017-12-06,16.91,17.98,16.76,17.86,17.86,774700
2017-12-07,18.0,18.9,17.76,17.97,17.97,629800
2017-12-08,18.22,18.24,17.63,17.67,17.67,237900
2017-12-11,17.66,17.73,17.13,17.53,17.53,223600
2017-12-12,17.57,17.7,17.29,17.3,17.3,172200
2017-12-13,17.34,18.01,17.34,17.95,17.95,375300
2017-12-14,17.95,18.06,17.0,17.09,17.09,238900
2017-12-15,17.13,17.56,17.1,17.29,17.29,352100
2017-12-18,17.52,17.83,17.15,17.43,17.43,398400
2017-12-19,17.5,17.64,16.82,16.86,16.86,221900
2017-12-20,16.9,17.18,16.82,16.97,16.97,143100
2017-12-21,16.99,17.2,16.96,17.13,17.13,119900
2017-12-22,17.15,17.15,16.46,16.64,16.64,224400
2017-12-26,16.64,16.83,16.38,16.47,16.47,207700
2017-12-27,16.53,17.04,16.53,16.8,16.8,193700
2017-12-28,16.81,16.84,16.56,16.64,16.64,101300
2017-12-29,16.65,16.76,16.27,16.28,16.28,186700
2018-01-02,16.3,16.67,16.1,16.15,16.15,202100
2018-01-03,16.17,16.37,15.54,15.58,15.58,458000
2018-01-04,15.59,16.0,15.28,15.76,15.76,340700
2018-01-05,15.79,15.92,14.95,15.39,15.39,429600
2018-01-08,15.22,15.36,14.54,14.72,14.72,520200
2018-01-09,14.76,14.95,14.59,14.61,14.61,271600
2018-01-10,14.7,14.93,14.36,14.69,14.69,298000
2018-01-11,14.9,15.96,14.6,15.82,15.82,458300
2018-01-12,15.85,16.47,15.72,16.43,16.43,328700
2018-01-16,16.53,16.68,15.03,15.15,15.15,405900
2018-01-17,15.19,15.39,14.81,15.31,15.31,270200
2018-01-18,15.29,15.62,15.12,15.3,15.3,258600
2018-01-19,15.28,15.49,15.08,15.26,15.26,379700
2018-01-22,15.11,15.11,14.52,14.67,14.67,343700
2018-01-23,14.74,14.79,14.32,14.45,14.45,255400
2018-01-24,14.53,14.53,13.89,14.11,14.11,346400
2018-01-25,14.34,14.8,14.15,14.51,14.51,209200
2018-01-26,14.54,14.54,14.09,14.13,14.13,157000
2018-01-29,14.04,14.24,13.89,14.19,14.19,200400
2018-01-30,14.01,14.47,13.9,14.4,14.4,330700
2018-01-31,14.41,14.54,13.94,13.95,13.95,255000
2018-02-01,13.95,14.14,13.59,13.69,13.69,324500
2018-02-02,13.61,13.72,13.06,13.26,13.26,388300
2018-02-05,13.05,13.3,12.32,12.33,12.33,532100
2018-02-06,12.06,12.82,11.93,12.56,12.56,379400
2018-02-07,12.56,12.94,12.55,12.79,12.79,227100
2018-02-08,12.79,12.98,12.08,12.17,12.17,313000
2018-02-09,12.26,12.66,12.02,12.57,12.57,304900
2018-02-12,12.61,12.64,12.01,12.29,12.29,198400
2018-02-13,12.25,12.38,12.01,12.17,12.17,182700
2018-02-14,12.08,12.39,12.02,12.24,12.24,164500
2018-02-15,12.38,12.44,12.07,12.42,12.42,137500
2018-02-16,12.39,12.68,12.39,12.61,12.61,166500
2018-02-20,12.56,12.7,12.15,12.19,12.19,291300
2018-02-21,12.2,12.72,12.2,12.44,12.44,158500
2018-02-22,12.47,12.79,12.32,12.64,12.64,120700
2018-02-23,12.76,12.81,12.2,12.39,12.39,225100
2018-02-26,12.5,12.62,12.29,12.49,12.49,175400
2018-02-27,12.48,12.74,12.19,12.25,12.25,195700
2018-02-28,12.27,12.49,12.0,12.08,12.08,168100
2018-03-01,12.07,12.3,11.7,12.04,12.04,230800
2018-03-02,11.95,12.27,11.76,12.16,12.16,177400
2018-03-05,12.21,12.44,12.01,12.29,12.29,280400
2018-03-06,11.25,12.14,10.96,11.62,11.62,549500
2018-03-07,11.47,12.45,11.46,12.36,12.36,328400
2018-03-08,12.4,12.59,12.13,12.49,12.49,344900
2018-03-09,12.61,13.02,12.49,13.0,13.0,214100
2018-03-12,13.31,13.48,12.81,12.96,12.96,346000
2018-03-13,13.31,13.48,12.86,13.01,13.01,267900
2018-03-14,13.03,13.12,12.56,12.63,12.63,227300
2018-03-15,12.58,12.85,12.44,12.58,12.58,182600
2018-03-16,12.53,12.55,12.33,12.45,12.45,283300
2018-03-19,12.41,12.5,12.06,12.25,12.25,236300
2018-03-20,12.26,12.37,12.07,12.14,12.14,157900
2018-03-21,12.15,12.36,12.07,12.28,12.28,196400
2018-03-22,12.2,12.29,11.7,11.71,11.71,125300
2018-03-23,11.68,11.68,11.08,11.08,11.08,247800
2018-03-26,11.27,11.45,10.88,11.3,11.3,332700
2018-03-27,11.25,11.36,10.76,10.81,10.81,229900
2018-03-28,10.87,11.07,10.74,10.82,10.82,231300
2018-03-29,10.9,11.55,10.9,11.46,11.46,616600
2018-04-02,11.45,11.67,10.83,11.02,11.02,183200
2018-04-03,11.07,11.36,10.97,11.3,11.3,171800
2018-04-04,11.1,11.54,11.1,11.49,11.49,157600
2018-04-05,11.6,11.74,11.45,11.64,11.64,126500
2018-04-06,11.53,11.74,11.14,11.34,11.34,131500
2018-04-09,11.4,11.51,11.21,11.21,11.21,80100
2018-04-10,11.38,11.62,11.33,11.51,11.51,80700
2018-04-11,11.43,11.52,11.04,11.28,11.28,99300
2018-04-12,11.4,11.47,11.28,11.32,11.32,91700
2018-04-13,11.39,11.39,11.2,11.28,11.28,61800
2018-04-16,11.35,11.46,11.2,11.35,11.35,67200
2018-04-17,11.53,12.4,11.53,12.23,12.23,230600
2018-04-18,12.31,12.38,11.88,12.04,12.04,156400
2018-04-19,11.98,12.1,11.75,11.99,11.99,152700
2018-04-20,11.96,11.99,11.64,11.76,11.76,142200
2018-04-23,11.83,11.89,11.62,11.77,11.77,92700
2018-04-24,11.83,11.85,11.33,11.36,11.36,102100
2018-04-25,11.36,11.57,11.28,11.45,11.45,93900
2018-04-26,11.46,11.52,11.09,11.11,11.11,106100
2018-04-27,11.16,11.36,11.09,11.26,11.26,126600
2018-04-30,11.33,11.33,11.1,11.13,11.13,157600
2018-05-01,11.14,11.41,10.95,11.41,11.41,130000
2018-05-02,11.42,11.6,11.35,11.48,11.48,91100
2018-05-03,11.4,11.63,11.24,11.42,11.42,134700
2018-05-04,11.34,11.6,11.18,11.35,11.35,165500
2018-05-07,11.39,12.0,11.39,11.87,11.87,160400
2018-05-08,12.25,13.74,12.25,13.37,13.37,560300
2018-05-09,13.37,13.37,12.4,12.86,12.86,336800
2018-05-10,12.84,13.13,12.61,13.1,13.1,221400
2018-05-11,13.09,13.3,12.96,13.09,13.09,144300
2018-05-14,13.1,13.4,12.57,12.67,12.67,205600
2018-05-15,12.64,12.96,12.51,12.76,12.76,165500
2018-05-16,12.8,13.11,12.79,12.94,12.94,211100
2018-05-17,12.96,13.11,12.85,12.92,12.92,160700
2018-05-18,12.96,13.09,12.75,12.97,12.97,132600
2018-05-21,13.03,13.18,12.85,12.97,12.97,84100
2018-05-22,12.81,12.88,12.64,12.74,12.74,140600
2018-05-23,12.69,12.82,12.51,12.6,12.6,145700
2018-05-24,12.58,12.6,12.2,12.51,12.51,107700
2018-05-25,12.47,12.62,12.35,12.55,12.55,76300
2018-05-29,12.48,12.78,12.48,12.62,12.62,92800
2018-05-30,12.67,12.97,12.64,12.72,12.72,96300
2018-05-31,12.71,12.77,12.47,12.71,12.71,130200
2018-06-01,12.77,13.01,12.75,12.91,12.91,113200
2018-06-04,12.95,13.17,12.93,13.03,13.03,135500
2018-06-05,13.05,13.18,12.98,13.11,13.11,86800
2018-06-06,13.13,13.28,13.03,13.26,13.26,112200
2018-06-07,13.28,13.36,13.17,13.31,13.31,123700
2018-06-08,13.31,13.66,13.19,13.62,13.62,104700
2018-06-11,13.11,13.5,13.1,13.43,13.43,245200
2018-06-12,13.44,13.55,13.18,13.24,13.24,137800
2018-06-13,13.27,13.27,13.06,13.13,13.13,78500
2018-06-14,13.14,13.23,12.99,13.06,13.06,82500
2018-06-15,13.0,13.11,12.98,13.05,13.05,125700
2018-06-18,12.98,13.6,12.98,13.48,13.48,202700
2018-06-19,13.42,13.6,13.26,13.52,13.52,151300
2018-06-20,13.52,13.86,12.53,13.81,13.81,189300
2018-06-21,13.81,13.81,13.52,13.67,13.67,103700
2018-06-22,13.73,13.73,13.43,13.59,13.59,312100
2018-06-25,13.55,13.64,13.35,13.56,13.56,167600
2018-06-26,13.54,13.8,13.41,13.66,13.66,135100
2018-06-27,13.65,13.71,13.5,13.58,13.58,128100
2018-06-28,13.57,13.61,13.2,13.23,13.23,222700
2018-06-29,13.29,13.34,12.98,13.03,13.03,123200
2018-07-02,12.92,13.22,12.6,13.22,13.22,145100
2018-07-03,13.25,13.26,12.99,13.02,13.02,45300
2018-07-05,13.07,13.37,12.98,13.36,13.36,119100
2018-07-06,13.4,13.48,13.28,13.44,13.44,67400
2018-07-09,13.49,13.49,13.3,13.35,13.35,61100
2018-07-10,13.37,13.44,13.12,13.26,13.26,50600
2018-07-11,13.14,13.43,13.14,13.27,13.27,89200
2018-07-12,13.37,13.58,13.06,13.54,13.54,142300
2018-07-13,13.51,13.95,13.51,13.89,13.89,136800
2018-07-16,13.88,14.07,13.78,14.05,14.05,165900
2018-07-17,14.04,14.22,13.61,14.0,14.0,134900
2018-07-18,13.92,13.95,13.54,13.81,13.81,120400
2018-07-19,13.78,13.82,13.6,13.78,13.78,105200
2018-07-20,13.74,13.78,13.49,13.53,13.53,172200
2018-07-23,13.43,13.84,13.43,13.65,13.65,91800
2018-07-24,13.73,13.79,13.29,13.42,13.42,65600
2018-07-25,13.39,13.41,13.07,13.24,13.24,129300
2018-07-26,13.23,13.54,13.18,13.26,13.26,71600
2018-07-27,13.25,13.44,12.88,13.07,13.07,104100
2018-07-30,13.06,13.29,12.99,13.1,13.1,143200
2018-07-31,13.15,13.59,13.15,13.43,13.43,105500
2018-08-01,13.43,13.52,13.04,13.04,13.04,173900
2018-08-02,13.02,13.59,12.96,13.36,13.36,115900
2018-08-03,13.02,14.65,13.02,14.05,14.05,323700
2018-08-06,14.08,15.13,13.89,15.05,15.05,366500
2018-08-07,15.07,15.65,15.07,15.58,15.58,215900
2018-08-08,15.63,16.07,15.32,15.35,15.35,232400
2018-08-09,15.38,15.74,14.74,15.4,15.4,215200
2018-08-10,15.31,15.66,15.28,15.58,15.58,148000
2018-08-13,15.6,15.95,15.2,15.32,15.32,215300
2018-08-14,15.42,15.53,15.27,15.5,15.5,130300
2018-08-15,15.44,15.55,15.15,15.21,15.21,108500
2018-08-16,15.31,15.33,14.98,15.21,15.21,127100
2018-08-17,15.16,15.34,15.16,15.31,15.31,199000
2018-08-20,15.38,15.47,15.16,15.37,15.37,143400
2018-08-21,15.44,15.69,15.18,15.23,15.23,108600
2018-08-22,15.24,15.36,15.13,15.32,15.32,156600
2018-08-23,15.32,15.64,15.3,15.41,15.41,81900
2018-08-24,15.42,15.42,14.81,14.86,14.86,127100
2018-08-27,14.97,15.1,14.66,14.72,14.72,178800
2018-08-28,14.8,15.01,14.67,14.87,14.87,193600
2018-08-29,14.86,14.93,14.62,14.7,14.7,59600
2018-08-30,14.66,14.79,14.34,14.52,14.52,70900
2018-08-31,14.51,14.65,13.85,14.55,14.55,76600
2018-09-04,14.5,14.6,14.11,14.25,14.25,101700
2018-09-05,14.25,14.26,13.92,14.22,14.22,121100
2018-09-06,14.28,14.37,14.02,14.04,14.04,65200
2018-09-07,14.06,14.15,13.96,14.02,14.02,80300
2018-09-10,14.07,14.36,14.07,14.26,14.26,123500
2018-09-11,14.27,14.38,14.02,14.33,14.33,66700
2018-09-12,14.32,14.34,14.13,14.28,14.28,69300
2018-09-13,14.38,14.49,14.0,14.04,14.04,109000
2018-09-14,14.05,14.34,14.03,14.06,14.06,81200
2018-09-17,14.07,14.25,13.75,13.82,13.82,119700
2018-09-18,13.81,14.1,13.81,13.9,13.9,100400
2018-09-19,13.88,14.14,13.8,14.0,14.0,71400
2018-09-20,14.05,14.11,13.96,14.03,14.03,50300
2018-09-21,14.05,14.19,14.04,14.18,14.18,178600
2018-09-24,14.21,14.44,14.05,14.28,14.28,132700
2018-09-25,14.29,14.35,13.84,13.85,13.85,150500
2018-09-26,13.9,13.9,13.68,13.72,13.72,112400
2018-09-27,13.75,13.89,13.6,13.86,13.86,78300
2018-09-28,13.81,14.34,13.81,14.32,14.32,247800
2018-10-01,14.33,14.35,13.42,13.47,13.47,156700
2018-10-02,13.48,13.81,13.41,13.62,13.62,109900
2018-10-03,13.67,13.86,13.51,13.79,13.79,54100
2018-10-04,13.74,13.85,13.52,13.61,13.61,74700
2018-10-05,13.62,13.74,13.05,13.27,13.27,76500
2018-10-08,13.26,13.29,12.94,13.1,13.1,70100
2018-10-09,13.1,13.3,13.03,13.15,13.15,61800
2018-10-10,13.13,13.15,12.96,12.98,12.98,80900
2018-10-11,12.98,13.12,12.73,12.73,12.73,128300
2018-10-12,12.92,12.98,12.67,12.73,12.73,123600
2018-10-15,12.97,13.95,12.97,13.45,13.45,275600
2018-10-16,13.58,13.69,13.37,13.63,13.63,206300
2018-10-17,13.64,13.73,13.36,13.38,13.38,228400
2018-10-18,13.55,13.69,12.7,12.74,12.74,201600
2018-10-19,12.82,12.85,11.9,12.13,12.13,334700
2018-10-22,12.21,12.47,11.97,12.15,12.15,241000
2018-10-23,11.96,12.25,11.45,11.5,11.5,209000
2018-10-24,11.49,11.66,10.97,10.98,10.98,221200
2018-10-25,11.04,11.48,11.0,11.36,11.36,131700
2018-10-26,11.34,11.8,11.32,11.53,11.53,249400
2018-10-29,11.72,11.88,11.44,11.53,11.53,123900
2018-10-30,11.52,11.92,11.13,11.85,11.85,177700
2018-10-31,12.01,12.01,11.32,11.36,11.36,200600
2018-11-01,11.38,11.9,11.32,11.7,11.7,103200
2018-11-02,11.73,12.48,11.48,11.96,11.96,193300
2018-11-05,11.95,12.1,11.77,12.01,12.01,113900
2018-11-06,12.0,12.19,11.19,12.16,12.16,444300
2018-11-07,12.27,13.39,12.21,13.29,13.29,324100
2018-11-08,13.22,13.5,13.0,13.12,13.12,159100
2018-11-09,13.02,13.12,12.73,13.01,13.01,170800
2018-11-12,12.97,13.21,12.75,13.01,13.01,157400
2018-11-13,13.08,13.72,12.99,13.68,13.68,252400
2018-11-14,13.76,13.82,12.91,12.93,12.93,216100
2018-11-15,12.9,13.24,12.8,13.2,13.2,126800
2018-11-16,13.05,13.52,12.84,13.41,13.41,138900
2018-11-19,13.4,13.4,12.83,12.98,12.98,114100
2018-11-20,12.88,13.16,12.53,12.86,12.86,159300
2018-11-21,12.93,13.26,12.82,12.9,12.9,68200
2018-11-23,12.73,13.08,12.73,12.83,12.83,38200
2018-11-26,12.92,13.16,12.77,12.92,12.92,132100
2018-11-27,12.87,13.07,12.67,12.95,12.95,118000
2018-11-28,13.07,13.37,12.67,13.32,13.32,251800
2018-11-29,13.27,13.31,12.86,12.88,12.88,88900
2018-11-30,12.87,13.01,12.77,12.87,12.87,85200
2018-12-03,13.0,13.0,12.51,12.58,12.58,123900
2018-12-04,12.59,12.59,11.43,11.5,11.5,207400
2018-12-06,11.27,11.52,11.08,11.47,11.47,184800
2018-12-07,11.48,11.68,11.16,11.3,11.3,163500
2018-12-10,11.3,11.52,11.13,11.24,11.24,130600
2018-12-11,11.41,11.41,11.01,11.14,11.14,145000
2018-12-12,11.31,11.45,11.05,11.14,11.14,147200
2018-12-13,11.15,11.24,10.66,10.74,10.74,164200
2018-12-14,11.04,11.63,10.56,11.31,11.31,245300
2018-12-17,11.31,11.36,11.01,11.11,11.11,151200
2018-12-18,11.2,11.2,10.02,10.24,10.24,357100
2018-12-19,10.24,10.54,9.78,10.06,10.06,332200
2018-12-20,10.02,10.15,9.74,9.9,9.9,250600
2018-12-21,9.93,10.38,9.71,10.11,10.11,352500
2018-12-24,10.0,10.41,9.72,10.0,10.0,103500
2018-12-26,10.04,10.56,10.0,10.53,10.53,135400
2018-12-27,10.36,10.7,9.96,10.25,10.25,160700
2018-12-28,10.21,10.55,10.1,10.38,10.38,277500
2018-12-31,10.42,10.91,10.42,10.89,10.89,165100
2019-01-02,10.72,11.22,10.72,11.14,11.14,166400
2019-01-03,11.12,11.58,11.03,11.2,11.2,185200
2019-01-04,11.4,11.85,11.31,11.84,11.84,152800
2019-01-07,11.83,12.07,11.71,12.01,12.01,174000
2019-01-08,12.17,12.27,11.88,12.19,12.19,187500
2019-01-09,12.17,12.38,12.0,12.05,12.05,176100
2019-01-10,11.99,12.36,11.83,12.22,12.22,163400
2019-01-11,12.12,12.52,12.12,12.45,12.45,160600
2019-01-14,12.35,12.55,12.23,12.29,12.29,283100
2019-01-15,12.3,12.78,12.17,12.69,12.69,189000
2019-01-16,12.7,12.78,12.4,12.63,12.63,126900
2019-01-17,12.61,13.03,12.57,12.96,12.96,113600
2019-01-18,13.01,13.33,12.78,13.3,13.3,176400
2019-01-22,13.29,13.29,12.91,13.21,13.21,151600
2019-01-23,13.24,13.32,12.95,13.15,13.15,197000
2019-01-24,13.13,13.49,13.02,13.07,13.07,153700
2019-01-25,13.3,13.57,13.22,13.48,13.48,139000
2019-01-28,13.39,13.66,13.19,13.47,13.47,143400
2019-01-29,13.48,13.55,13.19,13.24,13.24,86800
2019-01-30,13.26,13.39,12.97,13.27,13.27,82000
2019-01-31,13.24,13.46,12.68,13.24,13.24,107400
2019-02-01,13.31,13.34,13.1,13.18,13.18,94000
2019-02-04,13.19,13.37,13.01,13.2,13.2,187100
2019-02-05,13.21,13.42,13.04,13.3,13.3,126100
2019-02-06,13.29,13.62,13.21,13.53,13.53,130800
2019-02-07,13.45,13.59,13.12,13.16,13.16,60900
2019-02-08,13.09,13.19,12.88,13.09,13.09,49300
2019-02-11,13.08,13.13,12.7,13.09,13.09,86800
2019-02-12,13.24,13.48,13.23,13.4,13.4,113500
2019-02-13,13.41,13.48,13.29,13.37,13.37,118900
2019-02-14,13.32,13.65,13.28,13.56,13.56,232100
2019-02-15,13.65,14.04,13.65,13.93,13.93,177100
2019-02-19,13.87,14.22,13.76,14.18,14.18,255500
2019-02-20,14.24,14.78,14.24,14.4,14.4,240200
2019-02-21,14.39,15.15,14.3,14.69,14.69,243200
2019-02-22,14.76,14.9,14.59,14.71,14.71,95700
2019-02-25,14.78,14.88,14.47,14.51,14.51,109600
2019-02-26,14.47,14.74,14.35,14.66,14.66,269700
2019-02-27,14.58,14.74,14.42,14.65,14.65,98500
2019-02-28,14.63,14.74,14.48,14.61,14.61,160400
2019-03-01,14.73,14.97,14.45,14.7,14.7,288300
2019-03-04,14.93,14.99,14.53,14.86,14.86,273500
2019-03-05,15.5,15.75,14.42,14.47,14.47,316800
2019-03-06,14.28,14.42,13.67,14.21,14.21,238700
2019-03-07,14.2,14.33,13.83,14.06,14.06,178500
2019-03-08,13.95,14.05,13.69,13.81,13.81,169800
2019-03-11,13.76,13.78,13.55,13.62,13.62,268900
2019-03-12,13.65,13.95,13.54,13.76,13.76,305900
2019-03-13,13.84,13.84,13.44,13.47,13.47,174500
2019-03-14,13.47,13.52,13.34,13.37,13.37,244600
2019-03-15,13.42,13.61,13.06,13.22,13.22,317000
2019-03-18,13.23,13.42,13.12,13.37,13.37,123200
2019-03-19,13.41,13.43,13.13,13.14,13.14,107600
2019-03-20,13.1,13.18,12.74,12.96,12.96,160100
2019-03-21,12.92,13.16,12.78,12.82,12.82,150800
2019-03-22,12.74,12.88,12.54,12.54,12.54,179200
2019-03-25,12.46,12.92,12.41,12.79,12.79,154400
2019-03-26,12.86,12.98,12.46,12.62,12.62,152100
2019-03-27,12.64,12.78,12.54,12.58,12.58,136200
2019-03-28,12.62,12.76,12.49,12.65,12.65,81800
2019-03-29,12.75,12.76,12.43,12.52,12.52,326000
2019-04-01,12.62,13.04,12.56,13.02,13.02,292200
2019-04-02,13.01,13.03,12.75,12.9,12.9,104600
2019-04-03,12.98,13.05,12.89,12.96,12.96,148400
2019-04-04,12.97,13.14,12.96,13.04,13.04,122200
2019-04-05,13.08,13.2,13.02,13.1,13.1,172700
2019-04-08,13.1,13.12,12.88,12.94,12.94,140000
2019-04-09,12.9,13.01,12.54,12.58,12.58,175300
2019-04-10,12.59,12.88,12.48,12.74,12.74,686700
2019-04-11,12.78,13.01,12.78,12.92,12.92,101800
2019-04-12,12.98,13.05,12.76,12.78,12.78,61100
2019-04-15,12.83,12.97,12.71,12.84,12.84,100300
2019-04-16,12.88,13.24,12.47,13.17,13.17,240300
2019-04-17,13.24,13.75,13.22,13.62,13.62,130700
2019-04-18,13.58,13.89,13.53,13.75,13.75,225100
2019-04-22,13.76,13.84,13.32,13.61,13.61,135900
2019-04-23,13.65,13.8,13.52,13.76,13.76,106000
2019-04-24,13.8,13.89,13.69,13.74,13.74,116600
2019-04-25,13.73,13.73,13.23,13.23,13.23,89500
2019-04-26,13.24,13.44,13.16,13.37,13.37,169200
2019-04-29,13.47,13.75,13.28,13.66,13.66,83500
2019-04-30,13.65,13.66,13.42,13.56,13.56,212100
2019-05-01,13.61,13.8,13.55,13.57,13.57,207400
2019-05-02,13.55,13.6,13.33,13.43,13.43,270100
2019-05-03,13.51,13.94,13.51,13.89,13.89,228900
2019-05-06,13.58,13.91,13.52,13.84,13.84,150700
2019-05-07,12.83,12.86,11.6,12.12,12.12,748200
2019-05-08,12.13,12.35,11.97,12.04,12.04,371600
2019-05-09,11.88,12.12,11.78,12.11,12.11,211100
2019-05-10,12.14,12.28,11.94,12.19,12.19,184600
2019-05-13,11.86,12.04,11.81,11.97,11.97,166700
2019-05-14,11.98,12.29,11.93,12.21,12.21,260200
2019-05-15,12.1,12.23,12.03,12.14,12.14,65100
2019-05-16,12.13,12.31,12.06,12.09,12.09,74500
2019-05-17,12.0,12.12,11.91,12.01,12.01,93400
2019-05-20,11.99,12.1,11.94,12.08,12.08,64000
2019-05-21,12.13,12.26,12.09,12.22,12.22,168200
2019-05-22,12.17,12.23,12.06,12.15,12.15,117900
2019-05-23,12.05,12.09,11.9,11.98,11.98,239100
2019-05-24,12.03,12.06,11.9,12.01,12.01,208000
2019-05-28,12.0,12.26,11.91,12.19,12.19,242500
2019-05-29,12.1,12.14,12.02,12.04,12.04,189600
2019-05-30,12.06,12.22,11.88,11.95,11.95,183900
2019-05-31,11.81,11.99,11.67,11.94,11.94,196000
2019-06-03,11.89,12.15,11.75,12.12,12.12,669600
2019-06-04,12.27,13.08,12.21,13.07,13.07,222900
2019-06-05,13.02,13.35,12.93,13.34,13.34,178000
2019-06-06,13.28,13.38,12.94,12.97,12.97,149400
2019-06-07,13.01,13.27,12.76,12.77,12.77,165500
2019-06-10,12.83,13.1,12.66,12.72,12.72,154600
2019-06-11,12.82,12.86,12.67,12.78,12.78,446600
2019-06-12,12.76,12.89,12.69,12.77,12.77,59600
2019-06-13,12.85,13.07,12.7,13.06,13.06,111600
2019-06-14,13.04,13.37,12.96,13.24,13.24,123800
2019-06-17,13.27,13.48,13.24,13.27,13.27,137000
2019-06-18,13.33,13.65,13.33,13.49,13.49,146900
2019-06-19,13.51,13.53,13.36,13.44,13.44,119900
2019-06-20,13.49,13.63,13.43,13.59,13.59,161600
2019-06-21,13.5,13.56,13.22,13.25,13.25,142800
2019-06-24,13.25,13.43,13.09,13.1,13.1,84100
2019-06-25,13.06,13.16,12.93,13.01,13.01,127500
2019-06-26,13.07,13.18,12.96,13.18,13.18,44800
2019-06-27,13.21,13.39,13.2,13.35,13.35,125200
2019-06-28,13.33,13.7,13.2,13.42,13.42,353500
2019-07-01,13.58,13.97,13.47,13.96,13.96,131000
2019-07-02,13.95,13.96,13.63,13.78,13.78,94300
2019-07-03,13.81,13.97,13.78,13.93,13.93,43300
2019-07-05,13.86,14.18,13.75,13.97,13.97,85700
2019-07-08,13.89,14.0,13.73,13.75,13.75,55900
2019-07-09,13.66,13.8,13.58,13.79,13.79,73400
2019-07-10,13.87,13.89,13.32,13.4,13.4,120700
2019-07-11,13.41,13.41,13.03,13.13,13.13,66500
2019-07-12,13.15,13.6,13.11,13.49,13.49,154600
2019-07-15,13.57,13.63,13.17,13.38,13.38,78100
2019-07-16,13.45,13.58,13.2,13.22,13.22,72000
2019-07-17,13.17,13.19,12.52,12.52,12.52,119100
2019-07-18,12.55,12.55,12.05,12.09,12.09,117400
2019-07-19,12.02,12.37,12.02,12.13,12.13,98400
2019-07-22,12.13,12.3,12.06,12.09,12.09,80300
2019-07-23,12.14,12.31,12.14,12.21,12.21,93800
2019-07-24,12.16,12.52,12.09,12.48,12.48,82100
2019-07-25,12.6,12.6,12.28,12.3,12.3,100200
2019-07-26,12.3,12.68,12.12,12.65,12.65,91700
2019-07-29,12.68,12.76,12.56,12.66,12.66,88900
2019-07-30,12.56,12.8,12.33,12.73,12.73,136000
2019-07-31,12.81,13.03,12.51,12.52,12.52,148000
2019-08-01,12.53,12.64,12.0,12.23,12.23,149300
2019-08-02,12.13,12.31,11.97,12.19,12.19,99800
2019-08-05,12.0,12.02,11.56,11.88,11.88,132200
2019-08-06,11.19,11.87,10.85,11.06,11.06,300100
2019-08-07,10.9,11.14,10.55,10.74,10.74,196100
2019-08-08,10.89,11.36,10.89,11.26,11.26,173100
2019-08-09,11.22,11.22,10.95,11.01,11.01,103300
2019-08-12,10.96,11.14,10.89,11.06,11.06,105600
2019-08-13,11.0,11.37,10.93,11.31,11.31,118400
2019-08-14,11.13,11.37,10.16,10.57,10.57,419300
2019-08-15,10.58,10.94,10.44,10.82,10.82,141700
2019-08-16,10.92,11.08,10.64,11.06,11.06,239500
2019-08-19,11.22,11.34,11.13,11.25,11.25,124000
2019-08-20,11.18,11.57,11.02,11.4,11.4,182100
2019-08-21,11.54,11.93,11.49,11.64,11.64,177900
2019-08-22,11.7,11.7,11.22,11.39,11.39,133800
2019-08-23,11.33,11.34,10.92,10.99,10.99,152000
2019-08-26,11.11,11.16,10.88,11.16,11.16,108100
2019-08-27,11.2,11.3,10.58,10.68,10.68,147500
2019-08-28,10.64,10.95,10.5,10.77,10.77,98300
2019-08-29,10.89,11.19,10.88,11.15,11.15,101000
2019-08-30,11.24,11.3,11.1,11.19,11.19,64100
2019-09-03,11.03,11.23,10.93,11.04,11.04,79300
2019-09-04,11.21,11.39,11.15,11.2,11.2,81300
2019-09-05,11.45,11.72,11.34,11.49,11.49,112700
2019-09-06,11.67,11.68,11.37,11.53,11.53,98300
2019-09-09,11.54,11.9,11.47,11.76,11.76,107100
2019-09-10,11.82,12.38,11.66,12.27,12.27,149600
2019-09-11,12.34,12.73,12.16,12.69,12.69,216800
2019-09-12,12.68,12.82,12.25,12.49,12.49,132200
2019-09-13,12.6,12.74,12.43,12.5,12.5,102700
2019-09-16,12.51,12.79,12.43,12.71,12.71,118000
2019-09-17,12.67,13.0,12.44,12.93,12.93,110600
2019-09-18,12.85,13.15,12.69,13.08,13.08,137300
2019-09-19,13.12,13.31,12.82,12.87,12.87,225800
2019-09-20,12.87,13.42,12.79,13.18,13.18,282500
2019-09-23,13.04,13.24,12.94,13.19,13.19,85100
2019-09-24,13.19,13.22,12.9,12.96,12.96,145500
2019-09-25,12.97,13.22,12.88,13.16,13.16,61300
2019-09-26,13.13,13.18,12.95,13.06,13.06,66900
2019-09-27,13.15,13.2,12.95,13.07,13.07,69100
2019-09-30,13.02,13.24,12.98,13.15,13.15,74200
2019-10-01,13.19,13.27,12.71,13.01,13.01,321900
2019-10-02,12.92,13.27,12.73,13.18,13.18,230600
2019-10-03,13.13,13.89,12.69,13.75,13.75,308300
2019-10-04,13.7,14.15,13.7,14.06,14.06,134700
2019-10-07,14.05,14.32,13.93,14.01,14.01,146900
2019-10-08,13.91,14.67,13.91,14.5,14.5,321100
2019-10-09,14.96,15.69,14.62,14.91,14.91,408800
2019-10-10,15.16,15.88,14.98,15.8,15.8,414400
2019-10-11,15.88,16.6,15.83,16.02,16.02,315500
2019-10-14,16.05,16.16,15.72,15.94,15.94,182800
2019-10-15,15.94,16.12,15.7,15.91,15.91,138200
2019-10-16,15.79,16.16,15.74,15.88,15.88,149500
2019-10-17,15.95,16.04,15.82,15.9,15.9,202300
2019-10-18,15.81,16.44,15.77,16.38,16.38,243500
2019-10-21,16.5,16.89,16.25,16.65,16.65,227200
2019-10-22,16.65,16.93,16.34,16.7,16.7,175300
2019-10-23,16.81,16.99,16.57,16.9,16.9,316400
2019-10-24,16.97,17.03,16.69,16.8,16.8,234800
2019-10-25,16.87,16.93,16.66,16.87,16.87,229000
2019-10-28,17.0,17.29,16.9,16.92,16.92,272600
2019-10-29,16.9,17.07,16.67,16.87,16.87,233000
2019-10-30,16.8,16.91,16.55,16.75,16.75,148400
2019-10-31,16.75,16.76,16.07,16.25,16.25,192000
2019-11-01,16.31,16.58,16.19,16.46,16.46,262800
2019-11-04,16.79,17.05,16.06,16.79,16.79,410000
2019-11-05,17.05,17.49,15.69,16.45,16.45,512400
2019-11-06,16.45,16.45,15.76,15.83,15.83,262800
2019-11-07,15.83,15.91,15.31,15.38,15.38,229200
2019-11-08,15.36,15.49,15.08,15.14,15.14,202100
2019-11-11,15.11,15.38,14.91,15.2,15.2,185100
2019-11-12,15.21,15.36,14.99,15.31,15.31,144700
2019-11-13,15.25,15.25,14.47,14.77,14.77,279900
2019-11-14,14.79,15.11,14.78,14.9,14.9,136700
2019-11-15,15.03,15.12,14.83,14.83,14.83,185000
2019-11-18,14.8,14.84,14.46,14.83,14.83,194100
2019-11-19,14.91,15.21,14.82,15.11,15.11,177000
2019-11-20,14.96,15.02,14.58,14.65,14.65,158200
2019-11-21,14.66,14.66,14.09,14.18,14.18,137300
2019-11-22,14.21,14.24,13.91,13.98,13.98,173800
2019-11-25,13.93,14.66,13.92,14.56,14.56,311300
2019-11-26,14.57,14.79,14.41,14.48,14.48,383000
2019-11-27,14.57,14.71,14.32,14.34,14.34,98800
2019-11-29,14.3,14.84,14.22,14.57,14.57,96500
2019-12-02,14.54,14.62,14.22,14.32,14.32,143100
2019-12-03,14.18,14.25,13.88,14.0,14.0,141800
2019-12-04,14.1,14.22,14.01,14.12,14.12,106400
2019-12-05,14.12,14.16,13.61,13.82,13.82,251900
2019-12-06,14.0,14.28,14.0,14.22,14.22,198200
2019-12-09,14.21,14.54,14.13,14.44,14.44,166200
2019-12-10,14.46,14.68,14.28,14.55,14.55,214300
2019-12-11,14.57,14.6,14.27,14.4,14.4,157500
2019-12-12,14.4,14.72,14.19,14.25,14.25,126900
2019-12-13,14.22,14.3,14.01,14.18,14.18,115700
2019-12-16,14.26,14.56,14.16,14.33,14.33,99900
2019-12-17,14.37,14.67,14.17,14.59,14.59,122000
2019-12-18,14.63,14.8,14.41,14.72,14.72,214000
2019-12-19,14.66,14.85,14.59,14.75,14.75,138500
2019-12-20,14.85,15.1,14.74,15.0,15.0,455700
2019-12-23,15.01,15.07,14.63,14.67,14.67,125300
2019-12-24,14.64,14.67,14.48,14.61,14.61,62700
2019-12-26,14.63,14.79,14.57,14.77,14.77,142300
2019-12-27,14.82,14.82,14.27,14.36,14.36,200600
2019-12-30,14.39,14.45,14.16,14.36,14.36,117600
2019-12-31,14.34,14.49,14.06,14.08,14.08,91100
2020-01-02,14.26,14.26,13.79,14.15,14.15,129900
2020-01-03,13.93,14.27,13.93,14.24,14.24,85100
2020-01-06,14.09,14.41,14.0,14.35,14.35,113700
2020-01-07,14.33,14.55,14.21,14.32,14.32,208300
2020-01-08,14.34,14.6,14.28,14.35,14.35,125700
2020-01-09,14.41,14.6,14.1,14.13,14.13,65900
2020-01-10,14.13,14.21,13.9,13.95,13.95,71100
2020-01-13,13.9,14.17,13.77,14.14,14.14,88200
2020-01-14,14.23,14.65,14.15,14.5,14.5,95300
2020-01-15,14.44,14.55,14.27,14.53,14.53,84600
2020-01-16,14.69,14.93,14.65,14.71,14.71,70600
2020-01-17,14.81,14.98,14.62,14.9,14.9,147200
2020-01-21,14.79,14.99,14.55,14.58,14.58,124100
2020-01-22,14.58,14.63,14.2,14.28,14.28,115700
2020-01-23,14.26,14.61,14.19,14.52,14.52,128100
2020-01-24,14.57,14.65,14.25,14.27,14.27,75600
2020-01-27,14.0,14.25,13.85,14.07,14.07,74800
2020-01-28,14.14,14.25,13.98,14.05,14.05,61100
2020-01-29,14.01,14.08,13.46,13.47,13.47,172600
2020-01-30,13.28,13.59,13.17,13.57,13.57,118100
2020-01-31,13.44,13.49,13.13,13.18,13.18,114200
2020-02-03,13.25,13.65,13.13,13.31,13.31,68500
2020-02-04,13.46,13.6,13.34,13.39,13.39,106500
2020-02-05,13.52,13.74,13.35,13.7,13.7,194400
2020-02-06,13.77,13.79,13.48,13.5,13.5,103600
2020-02-07,13.4,13.58,13.21,13.48,13.48,61800
2020-02-10,13.43,13.53,13.29,13.42,13.42,39200
2020-02-11,13.49,14.36,13.42,14.35,14.35,149200
2020-02-12,14.56,15.02,14.17,14.92,14.92,164100
2020-02-13,14.87,14.93,14.62,14.83,14.83,138900
2020-02-14,14.9,14.92,14.72,14.86,14.86,91200
2020-02-18,14.79,14.85,14.56,14.76,14.76,114400
2020-02-19,14.8,15.17,14.68,14.91,14.91,80400
2020-02-20,14.87,15.0,14.75,14.91,14.91,64900
2020-02-21,14.88,15.07,14.75,15.0,15.0,86200
2020-02-24,14.5,14.86,14.49,14.75,14.75,88000
2020-02-25,14.75,15.04,14.2,14.32,14.32,101000
2020-02-26,14.34,14.34,14.0,14.05,14.05,94300
2020-02-27,13.7,13.83,13.2,13.81,13.81,199600
2020-02-28,13.34,13.84,13.29,13.66,13.66,218400
2020-03-02,13.68,13.93,13.27,13.59,13.59,285100
2020-03-03,14.0,15.61,13.76,14.68,14.68,555000
2020-03-04,14.78,14.99,13.81,14.51,14.51,320900
2020-03-05,13.99,14.3,12.72,12.84,12.84,243800
2020-03-06,12.27,12.64,11.9,12.41,12.41,229700
2020-03-09,11.61,11.71,10.53,10.58,10.58,256800
2020-03-10,10.87,10.9,10.29,10.73,10.73,288800
2020-03-11,10.47,10.47,9.63,9.85,9.85,332900
2020-03-12,9.17,9.86,8.91,9.05,9.05,316100
2020-03-13,9.29,9.76,8.92,9.76,9.76,305900
2020-03-16,8.79,8.97,7.75,7.88,7.88,314300
2020-03-17,8.19,8.7,7.56,8.66,8.66,303400
2020-03-18,8.21,8.45,7.45,8.12,8.12,294900
2020-03-19,8.1,8.5,7.3,7.6,7.6,276300
2020-03-20,7.6,8.38,7.56,7.85,7.85,320400
2020-03-23,7.85,8.12,7.06,8.0,8.0,200400
2020-03-24,8.48,9.25,8.43,9.07,9.07,214800
2020-03-25,9.11,9.37,8.66,8.96,8.96,268300
2020-03-26,9.1,9.73,8.93,9.66,9.66,176400
2020-03-27,9.38,9.5,8.9,8.91,8.91,194600
2020-03-30,8.95,9.2,8.32,9.03,9.03,270300
2020-03-31,9.14,10.13,8.99,9.5,9.5,423400
2020-04-01,9.44,9.5,8.85,9.17,9.17,325800
2020-04-02,9.05,9.26,8.6,8.74,8.74,283400
2020-04-03,8.52,8.86,7.57,7.87,7.87,346400
2020-04-06,8.33,8.5,7.82,8.04,8.04,466800
2020-04-07,8.3,8.61,7.81,7.96,7.96,314000
2020-04-08,8.22,8.84,7.82,8.64,8.64,321400
2020-04-09,9.0,9.36,8.83,9.3,9.3,245600
2020-04-13,9.26,9.3,8.88,9.03,9.03,198200
2020-04-14,9.34,9.47,8.8,8.96,8.96,257900
2020-04-15,8.61,8.76,8.18,8.34,8.34,320800
2020-04-16,8.34,8.49,8.05,8.4,8.4,264500
2020-04-17,8.59,8.78,8.36,8.53,8.53,295500
2020-04-20,8.35,8.51,8.19,8.32,8.32,232900
2020-04-21,8.04,8.34,8.03,8.25,8.25,180500
2020-04-22,8.67,9.13,8.19,8.27,8.27,172900
2020-04-23,8.27,8.69,8.13,8.53,8.53,230800
2020-04-24,8.54,8.96,8.36,8.83,8.83,191100
2020-04-27,8.86,9.69,8.83,9.52,9.52,258500
2020-04-28,9.94,9.98,9.37,9.86,9.86,221300
2020-04-29,10.2,10.74,9.87,10.38,10.38,260300
2020-04-30,10.1,10.38,9.88,9.88,9.88,218600
2020-05-01,9.63,9.83,9.1,9.46,9.46,271700
2020-05-04,9.39,9.63,9.09,9.39,9.39,190000
2020-05-05,9.0,9.8,8.78,8.91,8.91,526900
2020-05-06,8.97,8.97,8.21,8.24,8.24,253400
2020-05-07,8.35,8.65,8.17,8.46,8.46,287200
2020-05-08,8.69,9.11,8.44,8.98,8.98,358400
2020-05-11,8.78,8.8,8.08,8.21,8.21,307200
2020-05-12,8.24,8.24,7.6,7.61,7.61,288300
2020-05-13,7.58,7.58,7.11,7.26,7.26,315900
2020-05-14,7.11,7.37,6.72,7.36,7.36,209600
2020-05-15,7.31,7.77,7.17,7.71,7.71,185200
2020-05-18,7.96,8.38,7.87,8.34,8.34,236700
2020-05-19,8.36,8.48,8.17,8.21,8.21,164700
2020-05-20,8.35,8.69,8.21,8.59,8.59,198600
2020-05-21,8.49,8.82,8.49,8.75,8.75,189000
2020-05-22,8.82,8.82,8.49,8.66,8.66,114800
2020-05-26,9.09,9.21,8.74,9.19,9.19,166800
2020-05-27,9.48,9.58,9.2,9.49,9.49,185600
2020-05-28,9.65,9.65,8.81,8.85,8.85,236500
2020-05-29,8.77,9.11,8.65,9.05,9.05,250900
2020-06-01,9.12,9.2,8.92,8.99,8.99,171900
2020-06-02,9.09,9.29,9.01,9.18,9.18,159300
2020-06-03,9.45,9.69,9.22,9.55,9.55,278900
2020-06-04,9.45,9.93,9.44,9.91,9.91,212400
2020-06-05,10.39,10.69,10.12,10.35,10.35,552800
2020-06-08,10.5,11.18,10.5,11.02,11.02,348200
2020-06-09,11.16,11.41,10.61,11.18,11.18,389500
2020-06-10,11.13,11.36,10.57,11.24,11.24,393200
2020-06-11,10.55,10.83,9.99,10.02,10.02,374500
2020-06-12,10.55,10.63,10.09,10.51,10.51,230200
2020-06-15,10.09,10.76,10.04,10.62,10.62,220100
2020-06-16,11.15,11.75,10.93,11.01,11.01,427200
2020-06-17,11.13,11.21,10.63,10.69,10.69,161200
2020-06-18,10.54,10.73,10.44,10.59,10.59,126000
2020-06-19,10.77,10.88,10.42,10.53,10.53,208200
2020-06-22,10.38,10.5,10.1,10.28,10.28,182300
2020-06-23,10.48,10.48,10.08,10.14,10.14,134800
2020-06-24,10.03,10.12,9.75,9.96,9.96,247000
2020-06-25,9.88,10.02,9.59,9.97,9.97,148700
2020-06-26,9.86,9.86,9.48,9.68,9.68,379000
2020-06-29,9.88,10.4,9.74,10.25,10.25,138100
2020-06-30,10.18,10.64,10.13,10.47,10.47,176100
2020-07-01,10.45,10.66,10.08,10.08,10.08,91800
2020-07-02,10.3,10.45,10.06,10.12,10.12,131100
2020-07-06,10.4,10.4,10.08,10.17,10.17,108500
2020-07-07,10.09,10.12,9.53,9.58,9.58,336400
2020-07-08,9.57,9.71,9.36,9.6,9.6,200600
2020-07-09,9.87,9.87,8.91,8.98,8.98,183000
2020-07-10,9.03,9.23,8.9,9.23,9.23,113200
2020-07-13,9.35,9.35,8.91,9.12,9.12,175600
2020-07-14,9.13,9.33,8.99,9.2,9.2,103800
2020-07-15,9.49,9.74,9.36,9.66,9.66,130500
2020-07-16,9.65,9.73,9.47,9.71,9.71,115100
2020-07-17,9.72,9.94,9.62,9.87,9.87,90200
2020-07-20,9.88,9.96,9.66,9.78,9.78,96600
2020-07-21,9.88,10.28,9.67,10.22,10.22,155600
2020-07-22,10.13,10.23,9.96,10.05,10.05,82400
2020-07-23,10.01,10.19,9.92,10.07,10.07,108200
2020-07-24,10.08,10.08,9.86,9.93,9.93,91500
2020-07-27,9.91,10.09,9.85,10.09,10.09,121100
2020-07-28,10.06,10.33,9.91,9.92,9.92,97300
2020-07-29,10.03,10.17,9.97,10.1,10.1,102000
2020-07-30,9.89,10.09,9.83,9.96,9.96,96700
2020-07-31,9.91,10.31,9.82,10.3,10.3,224900
2020-08-03,10.38,10.78,10.19,10.75,10.75,212200
2020-08-04,12.37,13.96,12.37,12.75,12.75,1184300
2020-08-05,12.99,13.47,12.65,13.37,13.37,591400
2020-08-06,13.5,13.67,13.15,13.53,13.53,195200
2020-08-07,13.22,13.84,13.22,13.83,13.83,229000
2020-08-10,13.98,14.4,13.93,14.21,14.21,363300
2020-08-11,14.24,15.33,14.24,15.06,15.06,401900
2020-08-12,15.31,15.45,14.78,15.0,15.0,206300
2020-08-13,14.93,15.24,14.68,14.82,14.82,263300
2020-08-14,14.68,15.4,14.61,15.29,15.29,173800
2020-08-17,15.43,15.54,15.1,15.35,15.35,283400
2020-08-18,15.38,15.38,14.74,14.92,14.92,127300
2020-08-19,15.03,15.05,14.62,14.73,14.73,168900
2020-08-20,14.49,14.94,14.37,14.54,14.54,79800
2020-08-21,14.43,14.58,14.31,14.36,14.36,147900
2020-08-24,14.4,14.69,14.25,14.5,14.5,116500
2020-08-25,14.56,14.59,14.16,14.36,14.36,129100
2020-08-26,14.36,14.38,14.13,14.14,14.14,131900
2020-08-27,14.14,14.63,14.13,14.31,14.31,116000
2020-08-28,14.4,14.59,14.35,14.54,14.54,94300
2020-08-31,14.42,14.44,14.05,14.14,14.14,219500
2020-09-01,14.04,14.71,13.59,14.7,14.7,193700
2020-09-02,14.73,14.78,14.36,14.46,14.46,274400
2020-09-03,14.42,14.54,13.84,13.99,13.99,142700
2020-09-04,14.29,14.29,13.95,14.12,14.12,99900
2020-09-08,14.07,14.27,13.91,14.05,14.05,142400
2020-09-09,14.19,14.3,14.07,14.1,14.1,135300
2020-09-10,14.12,14.13,13.52,13.56,13.56,161300
2020-09-11,13.56,13.71,13.22,13.24,13.24,116100
2020-09-14,13.33,13.46,13.16,13.32,13.32,124200
2020-09-15,13.45,13.45,13.05,13.12,13.12,104600
2020-09-16,13.13,13.54,13.02,13.42,13.42,96600
2020-09-17,13.16,13.75,13.13,13.4,13.4,164700
2020-09-18,13.53,13.84,13.36,13.68,13.68,282800
2020-09-21,13.41,13.54,12.93,13.13,13.13,186700
2020-09-22,13.2,13.37,13.07,13.3,13.3,129700
2020-09-23,13.37,13.61,13.36,13.36,13.36,272900
2020-09-24,13.34,13.69,13.19,13.55,13.55,136000
2020-09-25,13.46,13.87,13.25,13.78,13.78,116100
2020-09-28,13.97,14.53,13.97,14.5,14.5,126200
2020-09-29,14.61,14.61,14.03,14.57,14.57,176100
2020-09-30,14.64,14.74,14.01,14.16,14.16,105000
2020-10-01,14.18,14.29,13.69,13.98,13.98,180900
2020-10-02,13.67,14.15,13.67,14.03,14.03,96300
2020-10-05,14.29,14.66,14.23,14.43,14.43,132200
2020-10-06,14.55,14.67,14.1,14.38,14.38,276500
2020-10-07,14.51,15.2,14.38,14.97,14.97,196800
2020-10-08,15.19,15.44,14.99,15.22,15.22,86800
2020-10-09,15.31,15.42,14.98,14.99,14.99,101000
2020-10-12,14.94,15.23,14.8,15.15,15.15,85300
2020-10-13,14.97,15.21,14.82,15.16,15.16,87900
2020-10-14,15.12,15.43,14.98,14.98,14.98,79700
2020-10-15,14.98,15.42,14.86,15.42,15.42,96100
2020-10-16,15.5,16.83,15.46,16.45,16.45,785600
2020-10-19,16.81,17.82,16.32,16.45,16.45,712300
2020-10-20,16.46,17.24,16.31,17.07,17.07,386700
2020-10-21,17.12,17.27,16.6,16.64,16.64,235500
2020-10-22,16.66,16.94,15.93,16.71,16.71,295300
2020-10-23,16.89,16.92,16.51,16.83,16.83,148000
2020-10-26,16.5,16.87,16.46,16.83,16.83,173800
2020-10-27,16.78,16.78,15.69,15.84,15.84,243000
2020-10-28,15.11,15.76,14.12,14.18,14.18,389000
2020-10-29,14.19,14.6,13.9,13.91,13.91,196900
2020-10-30,13.84,14.83,13.66,14.7,14.7,286300
2020-11-02,14.85,15.48,14.49,15.38,15.38,260700
2020-11-03,15.12,15.6,13.81,14.67,14.67,568600
2020-11-04,14.62,14.62,13.39,13.7,13.7,584100
2020-11-05,13.75,14.43,13.75,13.95,13.95,156400
2020-11-06,14.07,14.15,13.67,13.79,13.79,191500
2020-11-09,14.25,15.68,14.11,14.15,14.15,283300
2020-11-10,14.41,15.87,14.19,15.81,15.81,349700
2020-11-11,15.74,16.05,15.26,16.03,16.03,197700
2020-11-12,15.84,15.94,14.81,15.12,15.12,182000
2020-11-13,15.31,15.66,15.07,15.33,15.33,100400
2020-11-16,15.48,16.0,15.45,15.87,15.87,183500
2020-11-17,15.63,15.84,15.14,15.77,15.77,174400
2020-11-18,15.92,16.15,15.67,15.68,15.68,122000
2020-11-19,15.67,15.89,15.4,15.71,15.71,108400
2020-11-20,15.56,15.75,15.36,15.51,15.51,80200
2020-11-23,15.66,16.43,15.49,16.31,16.31,194400
2020-11-24,16.55,17.25,16.26,17.12,17.12,351100
2020-11-25,17.07,17.07,16.08,16.46,16.46,157500
2020-11-27,16.52,16.57,16.2,16.32,16.32,71000
2020-11-30,16.25,16.38,15.96,15.99,15.99,228700
2020-12-01,16.32,16.32,15.69,16.01,16.01,226500
2020-12-02,15.82,16.22,15.81,16.11,16.11,139500
2020-12-03,16.11,16.25,16.0,16.14,16.14,104700
2020-12-04,16.5,16.6,16.1,16.53,16.53,143800
2020-12-07,16.54,16.66,16.18,16.6,16.6,199800
2020-12-08,16.48,16.65,16.22,16.3,16.3,399900
2020-12-09,16.36,16.79,16.2,16.47,16.47,276500
2020-12-10,16.45,16.64,15.94,16.18,16.18,252500
2020-12-11,16.2,16.7,16.14,16.57,16.57,438000
2020-12-14,16.96,19.67,16.55,19.3,19.3,2324800
2020-12-15,19.63,19.84,18.05,19.09,19.09,870000
2020-12-16,19.37,20.69,19.04,19.92,19.92,1389100
2020-12-17,20.36,20.36,19.46,19.88,19.88,425800
2020-12-18,19.92,20.82,19.88,19.99,19.99,835300
2020-12-21,19.28,20.22,19.06,19.16,19.16,603500
2020-12-22,19.17,19.74,18.8,19.0,19.0,401500
2020-12-23,19.16,19.53,18.84,19.13,19.13,217400
2020-12-24,19.14,19.78,18.64,19.26,19.26,194200
2020-12-28,19.48,20.16,19.07,19.52,19.52,326200
2020-12-29,19.44,19.5,18.51,18.76,18.76,331900
2020-12-30,18.59,19.02,18.21,18.57,18.57,288300
2020-12-31,18.61,18.86,18.34,18.61,18.61,171300
2021-01-04,18.68,18.88,17.44,17.88,17.88,393900
2021-01-05,17.88,18.6,17.61,18.38,18.38,342600
2021-01-06,18.82,21.55,18.74,21.22,21.22,870800
2021-01-07,21.53,23.24,21.5,22.45,22.45,635600
2021-01-08,22.82,22.87,21.15,21.92,21.92,575800
2021-01-11,21.67,21.78,21.16,21.74,21.74,309500
2021-01-12,22.06,22.76,21.8,22.4,22.4,292900
2021-01-13,22.5,22.82,21.81,22.04,22.04,323000
2021-01-14,22.36,23.57,22.24,22.96,22.96,452800
2021-01-15,22.78,23.2,22.16,23.12,23.12,253400
2021-01-19,23.29,24.49,23.2,24.13,24.13,586200
2021-01-20,24.25,24.47,23.42,23.89,23.89,360400
2021-01-21,23.89,23.93,23.49,23.63,23.63,311900
2021-01-22,23.33,23.73,22.61,23.68,23.68,361600
2021-01-25,23.85,24.07,22.62,23.07,23.07,271000
2021-01-26,23.44,23.44,22.1,22.54,22.54,294700
2021-01-27,21.93,21.93,20.46,20.91,20.91,587000
2021-01-28,20.98,21.24,20.22,21.03,21.03,342100
2021-01-29,20.91,21.03,20.23,20.47,20.47,403100
2021-02-01,20.76,21.09,20.04,20.91,20.91,396900
2021-02-02,21.58,21.63,20.76,21.39,21.39,265000
2021-02-03,21.43,21.55,20.66,21.14,21.14,180800
2021-02-04,21.33,21.86,21.0,21.81,21.81,292600
2021-02-05,22.0,22.24,21.56,22.02,22.02,214100
2021-02-08,22.3,22.94,22.3,22.73,22.73,174700
2021-02-09,22.57,22.59,21.73,22.07,22.07,293000
2021-02-10,22.07,22.21,21.72,21.9,21.9,173600
2021-02-11,22.08,22.19,21.11,21.64,21.64,188400
2021-02-12,21.41,21.66,20.9,21.59,21.59,146100
2021-02-16,21.66,21.7,20.83,20.84,20.84,195500
2021-02-17,20.77,21.23,20.52,20.97,20.97,146800
2021-02-18,20.89,20.93,20.32,20.47,20.47,164500
2021-02-19,20.45,21.06,20.35,20.83,20.83,228800
2021-02-22,20.73,21.96,20.67,21.66,21.66,356700
2021-02-23,21.7,22.9,21.05,22.64,22.64,414800
2021-02-24,22.96,24.1,22.7,24.05,24.05,388100
2021-02-25,24.34,24.34,23.02,23.27,23.27,359600
2021-02-26,23.15,24.23,22.04,22.78,22.78,240100
2021-03-01,23.45,24.05,23.01,23.85,23.85,242500
2021-03-02,21.74,24.09,21.74,23.19,23.19,286700
2021-03-03,23.48,23.48,19.2,19.57,19.57,1470000
2021-03-04,19.49,20.81,19.45,20.21,20.21,515700
2021-03-05,20.38,21.05,19.48,21.03,21.03,494300
2021-03-08,21.03,21.58,20.86,21.1,21.1,222900
2021-03-09,21.29,21.66,20.83,21.38,21.38,270700
2021-03-10,21.65,22.56,21.3,22.42,22.42,229200
2021-03-11,22.77,22.85,22.22,22.67,22.67,167900
2021-03-12,22.7,23.73,22.44,23.16,23.16,494500
2021-03-15,23.11,23.13,22.25,22.86,22.86,217300
2021-03-16,22.9,22.9,21.55,21.77,21.77,327100
2021-03-17,21.89,21.9,21.39,21.77,21.77,256800
2021-03-18,21.7,22.22,21.14,21.18,21.18,283500
2021-03-19,20.85,21.47,20.32,21.19,21.19,544800
2021-03-22,21.18,21.4,20.68,20.76,20.76,228500
2021-03-23,20.65,20.8,19.8,20.08,20.08,330800
2021-03-24,20.38,20.95,19.95,20.0,20.0,247400
2021-03-25,19.98,20.47,19.47,20.3,20.3,307500
2021-03-26,20.73,21.79,20.55,21.75,21.75,294200
2021-03-29,21.75,22.16,20.82,20.89,20.89,257100
2021-03-30,21.13,22.71,20.89,22.54,22.54,522900
2021-03-31,22.88,23.7,22.64,23.2,23.2,492900
2021-04-01,23.49,23.64,22.6,23.14,23.14,382200
2021-04-05,23.25,23.59,22.55,22.89,22.89,420300
2021-04-06,22.99,23.22,22.63,22.75,22.75,235600
2021-04-07,22.79,23.03,21.72,21.88,21.88,229800
2021-04-08,22.0,22.07,20.64,20.7,20.7,439200
2021-04-09,20.77,21.41,20.53,21.34,21.34,288000
2021-04-12,21.41,21.95,21.0,21.67,21.67,290000
2021-04-13,21.52,21.57,20.67,20.93,20.93,175300
2021-04-14,21.0,21.6,20.78,20.87,20.87,240600
2021-04-15,21.02,21.34,20.57,20.94,20.94,151500
2021-04-16,21.09,21.27,20.67,20.83,20.83,120100
2021-04-19,20.66,20.66,20.03,20.51,20.51,244500
2021-04-20,20.5,20.74,19.76,20.2,20.2,215700
2021-04-21,20.23,20.7,20.02,20.25,20.25,167200
2021-04-22,20.32,20.7,20.05,20.33,20.33,222200
2021-04-23,20.44,20.98,20.31,20.72,20.72,169800
2021-04-26,21.12,21.12,20.66,20.85,20.85,190600
2021-04-27,20.89,21.03,20.63,20.95,20.95,150700
2021-04-28,20.99,21.08,20.8,20.95,20.95,105700
2021-04-29,21.24,21.35,20.86,21.03,21.03,136600
2021-04-30,20.85,21.02,20.72,20.85,20.85,159100
2021-05-03,20.98,21.15,20.68,20.98,20.98,157800
2021-05-04,22.0,23.84,21.65,23.22,23.22,1068400
2021-05-05,23.64,23.67,22.4,22.67,22.67,354000
2021-05-06,22.55,23.21,22.51,23.17,23.17,191100
2021-05-07,23.05,23.25,22.58,23.18,23.18,172400
2021-05-10,23.18,23.79,22.64,22.7,22.7,273400
2021-05-11,22.28,22.58,21.79,22.23,22.23,218500
2021-05-12,22.04,22.35,21.15,21.28,21.28,280800
2021-05-13,21.24,22.3,21.24,22.13,22.13,223300
2021-05-14,22.4,22.67,22.06,22.5,22.5,129900
2021-05-17,22.25,22.95,22.11,22.87,22.87,142800
2021-05-18,22.77,22.97,22.47,22.61,22.61,230100
2021-05-19,22.14,22.51,21.47,22.17,22.17,218500
2021-05-20,22.17,22.19,21.43,21.85,21.85,175600
2021-05-21,22.06,22.5,21.9,22.19,22.19,148500
2021-05-24,22.21,22.37,21.88,21.95,21.95,86100
2021-05-25,21.98,22.14,21.74,21.78,21.78,165200
2021-05-26,21.9,22.21,21.83,22.19,22.19,99300
2021-05-27,22.5,22.81,22.41,22.71,22.71,293800
2021-05-28,22.71,22.86,22.24,22.5,22.5,76600
2021-06-01,22.85,23.38,22.55,23.27,23.27,184600
2021-06-02,23.29,23.63,22.74,23.56,23.56,256200
2021-06-03,23.56,24.54,23.2,24.49,24.49,386200
2021-06-04,24.81,25.11,24.29,25.09,25.09,302100
2021-06-07,25.24,25.74,24.92,25.03,25.03,235400
2021-06-08,25.12,25.3,24.57,24.99,24.99,164300
2021-06-09,25.18,25.39,24.68,24.72,24.72,228100
2021-06-10,24.92,24.92,24.31,24.5,24.5,200500
2021-06-11,24.71,25.08,24.04,24.24,24.24,123900
2021-06-14,24.29,24.38,23.84,24.21,24.21,132700
2021-06-15,24.26,24.26,24.0,24.03,24.03,137900
2021-06-16,24.06,24.13,23.58,23.72,23.72,142100
2021-06-17,23.78,23.78,22.88,22.94,22.94,204600
2021-06-18,22.43,22.74,21.78,21.85,21.85,363500
2021-06-21,21.99,22.32,21.87,21.99,21.99,137200
2021-06-22,22.01,22.15,21.51,22.13,22.13,151400
2021-06-23,22.15,22.3,21.85,21.91,21.91,159600
2021-06-24,22.15,23.19,21.84,23.16,23.16,378500
2021-06-25,23.91,23.95,23.3,23.35,23.35,466300
2021-06-28,23.4,23.4,22.07,22.41,22.41,262400
2021-06-29,22.61,22.61,21.9,22.21,22.21,291600
2021-06-30,22.13,24.48,22.0,24.13,24.13,1139800
2021-07-01,24.65,25.68,24.61,25.35,25.35,523200
2021-07-02,25.51,25.53,23.64,23.72,23.72,309200
2021-07-06,23.79,23.8,21.85,22.29,22.29,391300
2021-07-07,22.25,22.31,21.35,21.97,21.97,228400
2021-07-08,21.48,22.4,21.08,21.9,21.9,238600
2021-07-09,22.16,22.79,21.99,22.68,22.68,439200
2021-07-12,22.38,22.8,22.11,22.41,22.41,262700
2021-07-13,22.24,22.29,21.98,22.11,22.11,172200
2021-07-14,22.24,22.54,21.53,21.72,21.72,211100
2021-07-15,21.62,22.11,21.44,21.76,21.76,162200
2021-07-16,22.0,22.0,21.11,21.18,21.18,232500
2021-07-19,20.57,21.15,20.17,20.85,20.85,304900
2021-07-20,20.85,21.57,20.76,21.22,21.22,266600
2021-07-21,21.38,22.05,21.38,21.54,21.54,185600
2021-07-22,21.54,21.66,20.64,20.89,20.89,181100
2021-07-23,21.04,21.22,20.7,21.17,21.17,121600
2021-07-26,21.22,21.78,21.02,21.22,21.22,117000
2021-07-27,21.02,21.28,20.61,21.1,21.1,111200
2021-07-28,21.3,21.94,21.1,21.73,21.73,201300
2021-07-29,22.08,22.19,21.61,21.93,21.93,139200
2021-07-30,21.96,22.42,21.56,21.96,21.96,137900
2021-08-02,22.1,22.86,21.54,21.62,21.62,249200
2021-08-03,22.29,22.65,21.5,22.39,22.39,291500
2021-08-04,22.23,22.45,21.9,21.9,21.9,175200
2021-08-05,21.92,22.49,21.92,22.12,22.12,132200
2021-08-06,22.29,22.7,22.11,22.17,22.17,103500
2021-08-09,22.05,22.17,21.57,21.99,21.99,165800
2021-08-10,22.07,22.97,21.81,22.97,22.97,187800
2021-08-11,23.02,23.82,22.67,23.8,23.8,242600
2021-08-12,23.82,24.03,23.3,23.67,23.67,111100
2021-08-13,23.76,23.76,23.01,23.14,23.14,96900
2021-08-16,22.87,22.99,22.32,22.64,22.64,109700
2021-08-17,22.42,22.42,21.88,22.07,22.07,150500
2021-08-18,21.93,22.24,21.71,21.74,21.74,118700
2021-08-19,21.55,21.94,21.37,21.65,21.65,167500
2021-08-20,21.54,22.13,21.54,21.95,21.95,198100
2021-08-23,22.24,22.42,22.04,22.26,22.26,99100
2021-08-24,22.37,22.92,22.35,22.57,22.57,104300
2021-08-25,22.61,23.14,22.35,22.75,22.75,108500
2021-08-26,22.67,22.84,22.4,22.58,22.58,112100
2021-08-27,22.7,23.35,22.7,23.18,23.18,146100
2021-08-30,23.34,23.34,22.92,23.06,23.06,107500
2021-08-31,23.03,23.25,22.9,23.06,23.06,122700
2021-09-01,23.09,23.29,22.86,22.94,22.94,108500
2021-09-02,23.12,23.5,23.03,23.46,23.46,88800
2021-09-03,23.41,23.62,22.96,23.11,23.11,102300
2021-09-07,23.05,23.2,22.77,22.92,22.92,104600
2021-09-08,22.9,22.9,22.31,22.49,22.49,100700
2021-09-09,22.48,22.54,22.2,22.25,22.25,103000
2021-09-10,22.56,22.56,21.75,21.85,21.85,316100
2021-09-13,22.7,23.64,22.66,23.42,23.42,249400
2021-09-14,23.57,23.57,22.54,22.78,22.78,130800
2021-09-15,22.85,23.1,22.5,22.73,22.73,125700
2021-09-16,22.9,23.03,22.46,22.57,22.57,89100
2021-09-17,22.51,22.91,22.22,22.78,22.78,365900
2021-09-20,22.07,22.12,21.51,21.97,21.97,216200
2021-09-21,22.1,22.31,21.49,21.65,21.65,222200
2021-09-22,21.79,21.99,21.42,21.51,21.51,153900
2021-09-23,21.56,22.19,21.5,21.86,21.86,152700
2021-09-24,21.83,22.09,21.63,21.86,21.86,150900
2021-09-27,22.16,23.41,22.16,23.18,23.18,269700
2021-09-28,23.11,23.34,22.58,22.66,22.66,108000
2021-09-29,22.71,23.05,22.58,23.01,23.01,100800
2021-09-30,23.14,23.25,22.67,22.67,22.67,112000
2021-10-01,22.9,23.02,22.41,22.86,22.86,194500
2021-10-04,22.83,23.26,22.74,22.97,22.97,125800
2021-10-05,23.0,23.47,22.76,23.13,23.13,148400
2021-10-06,22.87,23.16,22.61,23.06,23.06,116100
2021-10-07,23.29,23.85,23.15,23.61,23.61,138800
2021-10-08,23.68,23.97,23.34,23.37,23.37,164800
2021-10-11,23.44,23.59,22.8,22.81,22.81,73700
2021-10-12,22.81,23.2,22.72,23.12,23.12,87200
2021-10-13,23.15,23.21,22.74,22.82,22.82,67000
2021-10-14,23.15,23.28,22.9,23.18,23.18,92100
2021-10-15,23.56,23.78,23.08,23.1,23.1,161400
2021-10-18,22.99,23.1,22.68,22.75,22.75,65100
2021-10-19,22.75,22.86,22.51,22.78,22.78,87900
2021-10-20,22.78,22.94,22.59,22.8,22.8,163800
2021-10-21,22.73,22.92,22.56,22.84,22.84,139000
2021-10-22,22.9,23.03,22.55,22.76,22.76,120100
2021-10-25,22.76,23.17,22.46,23.0,23.0,347500
2021-10-26,23.21,24.25,23.1,23.75,23.75,324300
2021-10-27,23.57,23.73,22.85,22.87,22.87,165800
2021-10-28,22.92,23.95,22.87,23.93,23.93,154000
2021-10-29,23.83,24.24,23.78,24.04,24.04,152900
2021-11-01,24.2,25.23,24.2,24.94,24.94,199100
2021-11-02,24.85,24.85,24.05,24.57,24.57,163800
2021-11-03,25.49,25.9,24.4,25.72,25.72,387300
2021-11-04,25.99,27.42,25.84,27.16,27.16,444800
2021-11-05,27.51,28.03,27.01,27.18,27.18,446500
2021-11-08,28.75,29.67,28.33,28.58,28.58,354400
2021-11-09,28.61,29.15,28.1,28.86,28.86,241300
2021-11-10,28.94,29.06,28.42,28.52,28.52,197700
2021-11-11,28.26,29.07,27.73,28.86,28.86,227200
2021-11-12,29.14,29.16,28.59,28.92,28.92,166200
2021-11-15,29.04,29.07,28.0,28.17,28.17,168900
2021-11-16,28.17,28.88,27.8,28.79,28.79,164800
2021-11-17,28.77,29.48,28.6,29.02,29.02,270200
2021-11-18,28.96,29.19,28.3,28.9,28.9,199900
2021-11-19,28.7,28.97,28.46,28.7,28.7,136400
2021-11-22,28.75,29.1,28.21,28.69,28.69,143000
2021-11-23,28.73,29.05,28.5,28.72,28.72,135100
2021-11-24,28.52,28.59,28.1,28.21,28.21,119800
2021-11-26,27.17,27.36,26.27,27.24,27.24,228100
2021-11-29,27.79,27.79,26.5,26.63,26.63,156600
2021-11-30,26.29,26.47,25.38,25.77,25.77,211100
2021-12-01,26.52,26.52,25.31,25.34,25.34,193700
2021-12-02,25.46,26.3,25.46,26.0,26.0,145600
2021-12-03,26.29,26.29,25.37,25.9,25.9,139600
2021-12-06,26.14,27.12,25.91,26.85,26.85,158800
2021-12-07,27.28,27.75,26.76,27.01,27.01,168400
2021-12-08,27.0,27.34,26.82,27.26,27.26,145100
2021-12-09,27.27,27.27,26.5,26.7,26.7,115000
2021-12-10,26.88,26.99,26.2,26.48,26.48,81200
2021-12-13,26.52,27.01,26.21,26.61,26.61,155500
2021-12-14,26.57,27.09,26.2,26.34,26.34,153200
2021-12-15,26.5,27.21,26.18,27.12,27.12,136200
2021-12-16,27.41,27.52,26.35,26.51,26.51,113000
2021-12-17,26.46,26.74,25.42,25.5,25.5,257100
2021-12-20,25.08,25.32,23.98,24.53,24.53,207500
2021-12-21,24.87,25.49,24.76,25.42,25.42,111800
2021-12-22,25.42,25.9,25.13,25.79,25.79,65700
2021-12-23,26.0,26.21,25.87,26.0,26.0,70000
2021-12-27,26.23,27.0,26.0,26.94,26.94,99600
2021-12-28,26.89,26.95,26.34,26.66,26.66,77400
2021-12-29,26.86,27.33,26.71,26.87,26.87,92700
2021-12-30,26.67,27.09,26.1,26.22,26.22,109800
2021-12-31,26.3,26.5,26.07,26.3,26.3,93200
2022-01-03,26.55,27.23,26.38,26.89,26.89,93100
2022-01-04,26.93,27.33,26.58,27.1,27.1,95600
2022-01-05,27.28,27.48,26.1,26.13,26.13,132200
2022-01-06,26.46,28.17,26.43,28.1,28.1,182900
2022-01-07,27.92,27.92,26.29,26.57,26.57,172400
2022-01-10,26.53,26.61,25.79,26.53,26.53,195500
2022-01-11,26.63,27.14,26.24,27.05,27.05,135500
2022-01-12,27.2,27.5,26.85,27.28,27.28,251400
2022-01-13,27.3,27.96,27.3,27.65,27.65,94000
2022-01-14,26.98,27.92,26.89,27.89,27.89,108200
2022-01-18,27.43,27.85,27.18,27.6,27.6,231000
2022-01-19,27.3,28.42,27.2,27.74,27.74,544400
2022-01-20,27.72,28.05,26.96,27.1,27.1,523700
2022-01-21,26.77,27.5,26.11,26.35,26.35,459200
2022-01-24,26.0,27.15,25.47,27.0,27.0,311400
2022-01-25,26.59,26.89,25.94,26.58,26.58,208100
2022-01-26,26.87,27.42,26.28,26.61,26.61,274700
2022-01-27,26.65,27.06,25.13,25.28,25.28,147700
2022-01-28,25.18,25.21,24.1,25.14,25.14,162700
2022-01-31,25.0,25.52,24.75,25.41,25.41,140100
2022-02-01,25.49,26.57,25.24,26.52,26.52,167800
2022-02-02,26.41,27.81,26.24,26.7,26.7,225900
2022-02-03,26.6,27.67,26.51,27.32,27.32,181200
2022-02-04,27.35,27.37,26.61,27.07,27.07,200000
2022-02-07,27.13,27.82,27.03,27.51,27.51,135000
2022-02-08,27.69,30.1,27.69,29.62,29.62,410300
2022-02-09,29.73,30.25,28.81,28.93,28.93,188800
2022-02-10,28.62,29.49,28.27,28.97,28.97,227300
2022-02-11,28.98,29.49,28.72,28.86,28.86,98400
2022-02-14,29.1,29.71,28.83,29.17,29.17,161200
2022-02-15,29.59,31.4,29.43,31.24,31.24,260800
2022-02-16,31.41,32.14,31.21,31.87,31.87,444300
2022-02-17,31.45,31.72,29.72,29.85,29.85,254200
2022-02-18,29.82,30.17,29.45,29.51,29.51,109900
2022-02-22,28.94,29.66,28.25,28.41,28.41,205300
2022-02-23,28.47,28.89,27.61,27.68,27.68,167100
2022-02-24,26.81,28.4,26.8,28.37,28.37,190300
2022-02-25,28.56,29.21,28.03,29.02,29.02,124000
2022-02-28,28.75,29.69,28.69,29.53,29.53,334200
2022-03-01,30.4,31.1,28.0,28.12,28.12,317000
2022-03-02,28.77,30.91,28.7,29.54,29.54,299900
2022-03-03,29.72,29.72,28.84,29.27,29.27,124800
2022-03-04,28.84,29.07,28.1,28.38,28.38,133600
2022-03-07,28.46,28.82,27.77,27.81,27.81,182800
2022-03-08,28.13,28.5,27.66,27.73,27.73,167100
2022-03-09,28.48,28.67,28.01,28.39,28.39,146500
2022-03-10,27.81,28.88,27.53,28.83,28.83,130700
2022-03-11,28.93,29.43,28.72,29.04,29.04,108000
2022-03-14,29.16,29.54,28.23,28.36,28.36,139300
2022-03-15,28.41,28.41,27.36,27.69,27.69,135700
2022-03-16,27.97,29.05,27.85,28.86,28.86,160000
2022-03-17,28.69,28.96,28.4,28.95,28.95,127700
2022-03-18,28.77,28.95,28.17,28.9,28.9,366900
2022-03-21,29.05,29.7,28.47,28.8,28.8,258200
2022-03-22,29.12,29.34,28.65,28.78,28.78,225700
2022-03-23,28.78,28.78,27.67,27.72,27.72,190400
2022-03-24,28.0,28.0,26.81,27.79,27.79,161800
2022-03-25,27.89,28.29,27.83,28.01,28.01,164800
2022-03-28,27.85,27.85,26.91,27.09,27.09,124300
2022-03-29,27.21,28.28,27.21,28.1,28.1,336600
2022-03-30,28.26,28.55,27.76,27.83,27.83,164000
2022-03-31,27.68,27.85,26.66,26.8,26.8,225800
2022-04-01,26.85,27.26,26.57,27.16,27.16,141800
2022-04-04,27.06,27.06,26.05,26.72,26.72,131900
2022-04-05,26.7,26.87,26.01,26.13,26.13,161300
2022-04-06,25.91,26.15,25.33,25.49,25.49,195700
2022-04-07,25.68,25.92,25.26,25.73,25.73,106000
2022-04-08,25.86,26.21,25.56,25.62,25.62,101600
2022-04-11,25.61,26.02,25.44,25.58,25.58,64300
2022-04-12,25.68,26.37,25.41,25.48,25.48,112700
2022-04-13,25.71,26.6,25.7,26.44,26.44,128700
2022-04-14,26.43,27.01,26.22,26.41,26.41,205200
2022-04-18,26.29,26.64,25.8,25.96,25.96,148700
2022-04-19,26.34,26.71,25.81,26.42,26.42,174900
2022-04-20,26.64,26.95,26.23,26.35,26.35,94000
2022-04-21,26.55,26.67,25.41,25.7,25.7,119600
2022-04-22,25.46,25.74,24.63,24.73,24.73,153000
2022-04-25,24.62,24.75,23.8,24.49,24.49,167900
2022-04-26,24.21,24.33,23.45,23.57,23.57,127800
2022-04-27,23.57,23.86,22.95,23.2,23.2,224400
2022-04-28,23.46,23.86,22.85,23.69,23.69,223200
2022-04-29,23.66,24.02,22.76,22.89,22.89,178300
2022-05-02,22.95,23.39,22.51,23.31,23.31,280400
2022-05-03,23.5,23.78,22.55,23.43,23.43,292300
2022-05-04,23.45,24.17,23.2,24.01,24.01,235900
2022-05-05,23.93,24.38,23.44,23.81,23.81,180400
2022-05-06,23.89,23.89,22.84,23.05,23.05,179700
2022-05-09,22.8,22.98,22.26,22.46,22.46,129400
2022-05-10,22.68,22.75,21.75,22.0,22.0,148500
2022-05-11,22.1,22.78,21.83,22.11,22.11,98000
2022-05-12,21.95,23.0,21.86,22.97,22.97,150000
2022-05-13,23.13,23.26,22.68,22.93,22.93,111900
2022-05-16,22.81,23.36,22.54,22.99,22.99,104400
2022-05-17,23.46,23.87,23.33,23.52,23.52,114800
2022-05-18,23.6,25.18,23.25,23.44,23.44,208400
2022-05-19,22.94,23.98,22.93,23.6,23.6,133800
2022-05-20,23.92,24.1,22.72,23.4,23.4,101600
2022-05-23,23.73,24.04,23.53,23.83,23.83,87600
2022-05-24,23.82,23.82,22.77,23.4,23.4,153200
2022-05-25,23.35,24.46,23.3,24.31,24.31,133400
2022-05-26,23.76,24.86,23.3,24.38,24.38,118500
2022-05-27,24.46,24.91,23.69,24.86,24.86,79400
2022-05-31,24.65,25.01,24.25,24.61,24.61,157000
2022-06-01,24.84,24.84,24.19,24.72,24.72,119600
2022-06-02,24.8,25.06,24.64,24.94,24.94,96700
2022-06-03,24.69,24.82,24.43,24.75,24.75,65100
2022-06-06,25.03,25.16,24.76,25.01,25.01,110100
2022-06-07,24.81,25.34,24.7,25.28,25.28,97200
2022-06-08,25.21,25.24,24.57,24.86,24.86,207800
2022-06-09,24.82,24.98,24.55,24.91,24.91,95400
2022-06-10,24.52,24.72,23.84,24.17,24.17,131500
2022-06-13,23.55,23.62,22.71,22.81,22.81,168400
2022-06-14,23.01,23.36,22.65,23.31,23.31,155500
2022-06-15,23.34,23.93,22.94,23.6,23.6,139300
2022-06-16,23.23,23.23,21.38,21.61,21.61,177900
2022-06-17,21.79,22.55,21.31,22.43,22.43,556200
2022-06-21,22.61,22.85,21.84,22.23,22.23,181000
2022-06-22,21.86,22.31,21.69,22.12,22.12,139300
2022-06-23,22.16,22.19,21.3,21.43,21.43,172900
2022-06-24,21.6,22.74,21.57,22.68,22.68,579300
2022-06-27,22.98,23.32,22.68,22.92,22.92,124800
2022-06-28,23.05,23.34,22.34,22.37,22.37,124100
2022-06-29,22.58,22.58,21.42,21.6,21.6,110500
2022-06-30,21.36,21.93,21.17,21.92,21.92,212200
2022-07-01,21.87,22.26,21.24,21.96,21.96,143800
2022-07-05,21.48,21.69,20.95,21.61,21.61,158700
2022-07-06,21.64,21.72,20.87,21.48,21.48,130500
2022-07-07,21.83,22.1,21.75,21.83,21.83,93000
2022-07-08,21.94,21.95,21.3,21.7,21.7,86200
2022-07-11,21.4,21.85,21.18,21.66,21.66,100100
2022-07-12,21.51,21.89,21.38,21.48,21.48,78200
2022-07-13,21.39,21.62,20.99,21.51,21.51,92100
2022-07-14,21.13,21.54,20.74,21.41,21.41,124900
2022-07-15,21.85,22.46,21.28,22.33,22.33,165500
2022-07-18,22.5,22.8,22.19,22.34,22.34,75100
2022-07-19,22.55,23.21,22.55,23.17,23.17,80100
2022-07-20,23.23,23.71,22.76,23.23,23.23,162900
2022-07-21,22.92,23.32,22.52,23.32,23.32,89200
2022-07-22,23.49,23.73,23.1,23.3,23.3,63800
2022-07-25,23.55,23.57,23.1,23.47,23.47,95500
2022-07-26,23.41,23.99,23.41,23.99,23.99,71200
2022-07-27,24.1,24.81,24.08,24.59,24.59,86400
2022-07-28,24.72,25.23,24.54,25.19,25.19,92200
2022-07-29,25.3,25.87,25.22,25.71,25.71,64800
2022-08-01,25.69,26.05,25.26,26.01,26.01,157200
2022-08-02,25.94,26.41,24.6,24.87,24.87,201600
2022-08-03,24.81,24.86,23.59,24.37,24.37,165300
2022-08-04,24.58,24.89,23.98,24.84,24.84,127300
2022-08-05,24.79,25.35,24.67,25.23,25.23,84400
2022-08-08,25.24,25.8,25.24,25.43,25.43,94900
2022-08-09,25.51,25.51,24.58,24.69,24.69,138600
2022-08-10,25.08,25.32,24.98,25.0,25.0,114600
2022-08-11,25.34,25.45,25.1,25.32,25.32,133500
2022-08-12,25.57,25.98,25.23,25.92,25.92,117400
2022-08-15,25.76,26.1,25.52,26.06,26.06,96600
2022-08-16,26.14,26.45,25.97,26.4,26.4,81700
2022-08-17,26.19,26.3,25.64,25.98,25.98,104800
2022-08-18,26.1,26.54,26.0,26.47,26.47,101500
2022-08-19,26.16,26.47,25.95,26.38,26.38,186100
2022-08-22,25.85,26.02,25.59,25.78,25.78,115000
2022-08-23,25.95,26.3,25.71,26.03,26.03,146700
2022-08-24,25.93,26.57,25.87,26.44,26.44,95200
2022-08-25,26.46,27.0,26.28,26.75,26.75,76600
2022-08-26,26.87,26.88,25.96,26.03,26.03,88100
2022-08-29,25.7,26.29,25.65,26.16,26.16,73400
2022-08-30,26.11,26.28,25.36,25.45,25.45,87600
2022-08-31,25.4,25.45,25.06,25.29,25.29,97100
2022-09-01,25.15,25.96,24.75,24.99,24.99,82800
2022-09-02,25.14,25.25,24.38,24.47,24.47,79700
2022-09-06,24.55,24.63,24.0,24.25,24.25,109800
2022-09-07,24.25,24.36,23.76,24.32,24.32,120000
2022-09-08,24.21,24.51,23.97,24.44,24.44,73300
2022-09-09,24.58,25.33,24.58,25.27,25.27,75100
2022-09-12,25.51,25.56,25.17,25.26,25.26,62700
2022-09-13,24.78,24.94,24.1,24.13,24.13,109300
2022-09-14,24.13,24.29,23.61,23.87,23.87,81400
2022-09-15,23.67,24.3,23.55,24.16,24.16,96500
2022-09-16,23.99,24.43,23.41,23.9,23.9,244200
2022-09-19,23.44,24.4,23.44,24.05,24.05,110700
2022-09-20,23.93,24.83,23.26,23.84,23.84,101700
2022-09-21,23.93,24.27,23.7,23.7,23.7,139100
2022-09-22,23.98,23.98,22.47,22.57,22.57,177300
2022-09-23,22.23,22.23,21.4,21.82,21.82,137100
2022-09-26,21.59,21.82,20.92,20.98,20.98,124600
2022-09-27,21.26,21.43,20.46,20.83,20.83,135700
2022-09-28,20.93,21.73,20.89,21.47,21.47,184600
2022-09-29,21.29,21.37,20.6,21.25,21.25,132900
2022-09-30,21.3,22.3,20.98,21.47,21.47,192200
2022-10-03,21.96,22.76,21.63,22.68,22.68,134200
2022-10-04,23.08,23.82,23.07,23.41,23.41,114100
2022-10-05,23.02,23.35,22.77,23.23,23.23,126700
2022-10-06,23.19,23.57,23.13,23.38,23.38,96500
2022-10-07,23.35,23.35,22.41,22.45,22.45,80100
2022-10-10,22.52,22.93,22.45,22.81,22.81,126700
2022-10-11,22.77,22.93,22.33,22.66,22.66,155500
2022-10-12,22.8,23.04,22.41,22.81,22.81,114100
2022-10-13,22.6,24.22,22.19,24.19,24.19,148300
2022-10-14,24.34,24.65,23.55,23.58,23.58,143900
2022-10-17,23.85,24.39,23.73,24.34,24.34,100600
2022-10-18,24.86,25.64,24.45,24.65,24.65,129100
2022-10-19,24.41,24.91,24.24,24.69,24.69,131500
2022-10-20,24.73,25.12,24.06,24.16,24.16,115600
2022-10-21,24.3,25.05,23.9,24.92,24.92,234300
2022-10-24,25.1,25.48,24.71,25.25,25.25,123900
2022-10-25,25.39,26.72,25.39,26.34,26.34,184100
2022-10-26,26.54,26.84,26.02,26.55,26.55,84300
2022-10-27,26.94,27.29,26.74,26.78,26.78,186400
2022-10-28,27.02,27.77,26.81,27.25,27.25,209800
2022-10-31,26.93,27.22,26.73,26.99,26.99,272800
2022-11-01,27.06,30.0,26.86,29.93,29.93,444000
2022-11-02,30.19,30.53,29.34,29.84,29.84,367000
2022-11-03,29.5,31.07,29.5,30.95,30.95,255800
2022-11-04,30.94,32.53,30.94,32.52,32.52,341900
2022-11-07,32.73,33.27,32.51,32.6,32.6,325700
2022-11-08,32.58,33.62,32.26,33.62,33.62,241300
2022-11-09,33.29,33.6,32.04,32.47,32.47,215600
2022-11-10,33.47,33.49,32.25,33.12,33.12,283400
2022-11-11,33.06,33.51,32.03,32.12,32.12,266700
2022-11-14,32.0,32.0,30.72,30.72,30.72,234800
2022-11-15,31.27,31.58,30.93,31.2,31.2,298400
2022-11-16,31.16,31.17,30.44,30.77,30.77,236000
2022-11-17,30.37,31.21,30.19,31.13,31.13,160600
2022-11-18,31.66,32.4,31.35,32.4,32.4,196200
2022-11-21,32.22,32.37,31.6,31.89,31.89,178000
2022-11-22,31.97,32.25,31.65,31.65,31.65,113500
2022-11-23,31.65,32.4,31.6,32.3,32.3,154700
2022-11-25,32.35,32.43,31.84,32.25,32.25,48000
2022-11-28,32.22,32.6,32.01,32.14,32.14,132700
2022-11-29,32.25,32.35,31.15,31.42,31.42,138200
2022-11-30,31.56,32.81,30.8,32.75,32.75,239200
2022-12-01,33.15,33.15,31.8,32.49,32.49,118200
2022-12-02,32.14,33.1,31.99,32.73,32.73,173700
2022-12-05,32.83,32.83,31.42,31.66,31.66,139500
2022-12-06,31.86,32.53,31.63,32.5,32.5,223600
2022-12-07,32.54,32.71,32.06,32.33,32.33,137600
2022-12-08,32.64,32.72,32.26,32.33,32.33,90000
2022-12-09,32.32,32.4,31.42,31.45,31.45,91700
2022-12-12,31.67,31.78,31.16,31.56,31.56,83200
2022-12-13,32.35,32.58,31.68,31.93,31.93,168100
2022-12-14,31.96,32.49,31.79,31.89,31.89,232700
2022-12-15,31.69,31.7,30.89,31.03,31.03,166500
2022-12-16,30.75,31.03,30.35,31.01,31.01,392500
2022-12-19,31.21,31.72,30.74,30.96,30.96,222900
2022-12-20,31.07,31.38,30.42,30.47,30.47,283100
2022-12-21,31.04,32.08,30.99,31.8,31.8,256700
2022-12-22,31.64,32.53,31.6,32.28,32.28,200400
2022-12-23,32.18,32.87,32.18,32.74,32.74,115900
2022-12-27,32.74,32.88,32.37,32.85,32.85,118000
2022-12-28,32.9,32.94,31.96,32.12,32.12,108500
2022-12-29,32.37,32.82,32.2,32.66,32.66,103900
2022-12-30,32.57,32.99,32.31,32.8,32.8,119400
2023-01-03,33.15,34.86,33.08,33.45,33.45,670500
2023-01-04,33.59,34.62,33.03,33.36,33.36,279100
2023-01-05,33.16,33.22,31.37,31.61,31.61,306500
2023-01-06,32.0,32.21,31.57,31.98,31.98,194800
2023-01-09,32.2,32.85,31.92,32.19,32.19,373500
2023-01-10,32.26,32.98,31.96,32.92,32.92,160200
2023-01-11,33.21,33.43,32.65,32.82,32.82,189300
2023-01-12,33.0,33.39,32.79,33.17,33.17,221800
2023-01-13,33.03,34.05,32.68,33.87,33.87,265900
2023-01-17,33.98,34.32,32.23,32.35,32.35,322000
2023-01-18,32.64,33.04,31.79,31.85,31.85,240900
2023-01-19,31.59,31.69,30.6,31.45,31.45,227700
2023-01-20,31.73,32.21,31.26,32.04,32.04,286700
2023-01-23,32.51,33.02,32.23,32.72,32.72,424400
2023-01-24,32.69,34.56,32.6,34.15,34.15,671300
2023-01-25,34.0,34.32,32.69,33.53,33.53,318900
2023-01-26,33.83,34.23,32.97,33.74,33.74,253900
2023-01-27,33.85,34.89,33.53,34.5,34.5,364100
2023-01-30,34.4,34.6,34.03,34.47,34.47,217100
2023-01-31,34.58,36.42,34.42,36.39,36.39,430100
2023-02-01,36.28,36.98,35.83,36.64,36.64,367400
2023-02-02,36.96,36.98,35.73,36.32,36.32,328200
2023-02-03,36.24,36.89,36.03,36.86,36.86,202100
2023-02-06,36.68,37.0,36.24,36.85,36.85,296000
2023-02-07,36.7,37.56,36.2,37.18,37.18,311700
2023-02-08,37.26,37.32,36.49,37.1,37.1,168200
2023-02-09,37.67,37.78,35.33,35.92,35.92,315800
2023-02-10,35.81,36.84,35.64,36.16,36.16,222200
2023-02-13,36.32,36.86,35.78,36.71,36.71,158000
2023-02-14,36.68,37.34,36.37,37.07,37.07,150800
2023-02-15,36.7,38.25,36.45,38.14,38.14,243400
2023-02-16,37.64,38.29,37.25,37.66,37.66,162900
2023-02-17,37.81,38.43,37.5,38.3,38.3,247900
2023-02-21,37.95,38.17,35.86,35.99,35.99,311600
2023-02-22,36.04,36.3,35.74,36.13,36.13,190800
2023-02-23,36.45,37.59,36.45,36.97,36.97,165100
2023-02-24,36.72,38.1,36.51,38.04,38.04,253300
2023-02-27,38.5,38.97,37.7,38.34,38.34,260100
2023-02-28,38.61,40.56,38.29,38.46,38.46,439800
2023-03-01,38.63,40.47,38.63,39.9,39.9,360100
2023-03-02,40.21,41.31,39.56,40.87,40.87,357600
2023-03-03,41.05,41.3,40.13,40.72,40.72,503500
2023-03-06,40.61,40.86,39.84,40.46,40.46,301200
2023-03-07,40.76,41.99,40.6,41.81,41.81,357200
2023-03-08,42.0,42.0,41.03,41.59,41.59,218400
2023-03-09,41.68,41.91,40.86,40.86,40.86,196500
2023-03-10,41.01,41.15,38.55,38.87,38.87,329700
2023-03-13,38.18,39.04,37.6,37.87,37.87,337700
2023-03-14,38.85,39.99,38.85,39.22,39.22,322500
2023-03-15,38.29,38.29,36.35,37.79,37.79,293800
2023-03-16,37.4,38.8,36.93,37.97,37.97,199900
2023-03-17,37.64,37.93,36.83,36.93,36.93,483900
2023-03-20,37.39,38.18,37.29,37.88,37.88,230300
2023-03-21,38.71,39.29,38.71,38.78,38.78,175600
2023-03-22,38.73,39.05,37.99,38.07,38.07,284700
2023-03-23,38.39,38.9,37.55,37.9,37.9,173100
2023-03-24,37.31,38.05,36.44,38.03,38.03,265500
2023-03-27,38.33,38.87,37.99,38.42,38.42,160400
2023-03-28,38.23,38.63,37.95,38.3,38.3,147300
2023-03-29,38.75,38.77,37.74,38.0,38.0,207600
2023-03-30,38.4,38.49,37.41,37.58,37.58,171600
2023-03-31,37.85,38.0,37.55,37.88,37.88,301100
2023-04-03,38.23,38.67,37.46,37.99,37.99,194100
2023-04-04,38.25,38.25,35.41,35.58,35.58,231700
2023-04-05,35.28,35.44,34.23,34.97,34.97,407600
2023-04-06,35.11,35.15,34.55,34.64,34.64,161700
2023-04-10,34.52,35.62,34.42,35.12,35.12,134500
2023-04-11,35.34,35.76,35.2,35.39,35.39,290100
2023-04-12,35.67,35.91,35.37,35.52,35.52,183800
2023-04-13,35.86,36.17,35.19,36.07,36.07,183600
2023-04-14,36.22,36.76,36.21,36.72,36.72,175700
2023-04-17,36.78,37.48,36.78,37.38,37.38,161900
2023-04-18,37.47,37.95,36.78,36.83,36.83,184600
2023-04-19,36.88,37.49,36.67,37.29,37.29,167100
2023-04-20,37.2,37.84,37.0,37.79,37.79,115900
2023-04-21,37.68,37.75,36.96,37.1,37.1,156500
2023-04-24,37.1,37.85,37.05,37.38,37.38,184100
2023-04-25,36.95,37.17,36.7,36.79,36.79,159700
2023-04-26,36.5,36.66,35.56,35.68,35.68,213200
2023-04-27,35.94,36.77,35.92,36.26,36.26,227200
2023-04-28,36.13,37.01,35.95,36.92,36.92,229500
2023-05-01,36.86,37.83,36.55,37.59,37.59,313000
2023-05-02,37.45,40.33,35.68,40.26,40.26,504800
2023-05-03,41.14,43.05,40.28,42.0,42.0,524400
2023-05-04,41.87,42.16,39.3,40.63,40.63,319900
2023-05-05,41.5,42.83,41.26,42.74,42.74,267700
2023-05-08,42.95,43.0,41.52,42.27,42.27,166600
2023-05-09,42.21,43.05,41.5,42.92,42.92,183300
2023-05-10,43.59,43.6,42.47,42.92,42.92,171600
2023-05-11,42.5,42.94,42.19,42.68,42.68,147400
2023-05-12,42.97,43.45,42.43,42.65,42.65,151800
2023-05-15,42.71,43.23,42.52,43.04,43.04,192400
2023-05-16,42.87,43.0,42.16,42.18,42.18,154300
2023-05-17,42.66,43.14,42.2,43.0,43.0,250400
2023-05-18,42.92,43.92,42.4,43.72,43.72,216900
2023-05-19,44.46,44.55,43.15,43.94,43.94,165600
2023-05-22,44.0,44.64,43.65,44.19,44.19,215600
2023-05-23,43.88,45.66,43.84,45.1,45.1,305600
2023-05-24,44.99,46.33,44.81,45.81,45.81,331200
2023-05-25,45.91,46.5,45.64,46.48,46.48,295300
2023-05-26,46.44,47.33,45.83,47.12,47.12,353400
2023-05-30,47.54,48.44,47.07,47.67,47.67,336300
2023-05-31,47.53,47.89,45.24,46.07,46.07,728700
2023-06-01,46.3,46.81,45.3,46.44,46.44,264400
2023-06-02,46.7,49.26,46.7,49.2,49.2,328400
2023-06-05,49.27,49.97,48.3,49.92,49.92,275100
2023-06-06,49.57,51.73,49.53,51.68,51.68,346800
2023-06-07,52.05,53.53,51.99,53.36,53.36,440000
2023-06-08,53.11,53.46,52.0,53.02,53.02,309100
2023-06-09,53.03,53.97,52.7,53.49,53.49,377700
2023-06-12,53.69,53.69,51.22,52.75,52.75,413300
2023-06-13,53.03,54.44,53.03,53.15,53.15,273500
2023-06-14,52.8,53.23,52.02,52.25,52.25,229800
2023-06-15,52.25,52.97,51.66,52.97,52.97,174400
2023-06-16,53.02,53.03,51.65,51.86,51.86,554300
2023-06-20,51.87,53.0,51.61,52.61,52.61,228100
2023-06-21,52.61,52.68,51.41,51.81,51.81,491100
2023-06-22,51.65,53.36,51.02,52.99,52.99,351700
2023-06-23,52.54,53.11,52.01,52.59,52.59,540300
2023-06-26,52.83,53.29,51.75,52.16,52.16,226300
2023-06-27,52.23,53.47,52.19,52.92,52.92,211800
2023-06-28,53.12,54.8,52.92,53.8,53.8,298700
2023-06-29,54.0,55.86,53.97,55.79,55.79,324700
2023-06-30,56.34,56.84,55.57,55.8,55.8,413700
2023-07-03,56.81,58.23,56.34,58.2,58.2,221000
2023-07-05,58.19,59.43,57.68,58.44,58.44,544000
2023-07-06,58.0,58.18,54.84,56.46,56.46,551000
2023-07-07,56.83,58.61,56.82,57.47,57.47,378900
2023-07-10,57.29,58.52,57.25,58.34,58.34,322100
2023-07-11,58.75,59.48,57.63,58.51,58.51,289500
2023-07-12,59.11,59.25,58.01,58.07,58.07,321000
2023-07-13,58.07,59.06,57.47,58.56,58.56,298100
2023-07-14,58.97,59.17,58.16,58.82,58.82,206300
2023-07-17,59.0,59.93,58.72,59.24,59.24,417000
2023-07-18,59.25,60.58,59.25,59.94,59.94,286600
2023-07-19,60.11,60.25,58.27,58.66,58.66,287900
2023-07-20,58.98,59.29,58.06,58.46,58.46,216500
2023-07-21,59.14,59.29,57.76,57.96,57.96,294200
2023-07-24,57.94,58.14,56.17,57.26,57.26,595500
2023-07-25,57.23,58.88,57.23,58.16,58.16,255900
2023-07-26,58.25,59.14,58.01,58.2,58.2,176700
2023-07-27,58.6,58.95,57.53,58.75,58.75,212300
2023-07-28,59.0,59.35,58.33,58.75,58.75,225000
2023-07-31,59.08,60.24,58.84,59.99,59.99,342100
2023-08-01,62.43,63.21,61.35,62.98,62.98,718000
2023-08-02,62.81,63.19,61.71,61.75,61.75,320100
2023-08-03,61.86,62.02,60.84,61.3,61.3,269300
2023-08-04,61.23,61.7,59.82,61.0,61.0,299900
2023-08-07,61.54,62.36,61.28,61.81,61.81,324400
2023-08-08,67.19,75.95,67.19,75.58,75.58,1609600
2023-08-09,75.0,78.69,74.91,78.35,78.35,1204700
2023-08-10,78.38,81.0,77.85,79.89,79.89,776600
2023-08-11,80.11,82.32,80.11,80.79,80.79,538300
2023-08-14,81.17,81.55,79.57,80.14,80.14,456900
2023-08-15,81.1,83.18,80.53,82.29,82.29,588500
2023-08-16,82.62,83.81,80.33,80.49,80.49,524700
2023-08-17,80.44,80.96,75.21,75.24,75.24,744600
2023-08-18,74.75,78.03,73.39,77.02,77.02,733600
2023-08-21,78.95,79.43,76.53,77.41,77.41,317400
2023-08-22,77.55,78.48,76.85,77.65,77.65,254000
2023-08-23,77.82,80.27,77.29,79.81,79.81,322700
2023-08-24,79.6,80.0,77.77,77.87,77.87,256600
2023-08-25,77.99,78.75,76.09,78.56,78.56,211000
2023-08-28,78.9,80.31,78.76,79.16,79.16,333400
2023-08-29,79.29,79.99,78.01,79.91,79.91,282600
2023-08-30,80.35,82.78,80.35,80.97,80.97,524700
2023-08-31,81.28,83.08,80.44,82.76,82.76,403500
2023-09-01,83.24,84.0,82.41,83.13,83.13,321500
2023-09-05,83.23,83.25,78.29,80.54,80.54,383900
2023-09-06,80.92,82.35,79.04,80.11,80.11,281600
2023-09-07,79.81,80.23,77.51,79.1,79.1,363200
2023-09-08,79.55,79.97,78.21,78.48,78.48,204600
2023-09-11,79.06,79.46,76.83,77.43,77.43,325700
2023-09-12,77.59,78.44,75.96,76.09,76.09,367400
2023-09-13,76.0,76.56,73.14,73.69,73.69,391500
2023-09-14,74.27,75.76,74.22,74.73,74.73,302600
2023-09-15,74.84,74.87,73.41,74.0,74.0,803300
2023-09-18,74.56,76.54,74.56,75.54,75.54,298700
2023-09-19,75.49,75.98,73.62,74.28,74.28,244000
2023-09-20,74.38,75.83,74.38,74.48,74.48,189200
2023-09-21,73.83,74.14,71.65,71.95,71.95,273000
2023-09-22,71.87,72.65,71.14,71.66,71.66,220100
2023-09-25,71.75,73.05,71.63,72.13,72.13,180800
2023-09-26,71.53,72.56,70.14,70.32,70.32,278900
2023-09-27,70.84,73.85,70.73,73.18,73.18,326400
2023-09-28,73.08,75.7,72.49,73.71,73.71,280800
2023-09-29,74.33,74.9,73.18,73.48,73.48,243300
2023-10-02,73.6,74.4,72.12,72.31,72.31,224600
2023-10-03,72.0,72.46,70.75,71.61,71.61,254000
2023-10-04,71.38,73.43,70.04,73.22,73.22,280300
2023-10-05,73.3,74.8,73.3,74.06,74.06,279200
2023-10-06,73.43,77.67,73.43,76.64,76.64,378000
2023-10-09,76.5,76.66,73.6,73.94,73.94,336500
2023-10-10,74.58,77.52,74.09,76.53,76.53,394500
2023-10-11,76.65,78.95,76.65,78.54,78.54,482800
2023-10-12,78.65,79.09,76.77,77.44,77.44,493600
2023-10-13,77.47,77.63,65.71,72.0,72.0,1381900
2023-10-16,72.7,74.75,72.25,72.89,72.89,385300
2023-10-17,72.61,77.21,72.61,76.84,76.84,513600
2023-10-18,76.01,76.01,72.15,72.49,72.49,433800
2023-10-19,72.49,73.79,71.17,71.7,71.7,307500
2023-10-20,71.84,71.84,69.37,70.03,70.03,481400
2023-10-23,69.99,72.22,69.65,71.07,71.07,399400
2023-10-24,72.08,72.74,71.07,71.92,71.92,374600
2023-10-25,71.79,73.18,71.4,71.56,71.56,280900
2023-10-26,71.44,71.67,69.58,70.95,70.95,320800
2023-10-27,70.91,71.6,69.51,70.88,70.88,250300
2023-10-30,71.26,72.52,70.7,72.25,72.25,224000
2023-10-31,72.29,73.86,71.83,72.85,72.85,325900
2023-11-01,72.83,75.6,72.13,75.16,75.16,399400
2023-11-02,76.2,76.98,73.8,75.49,75.49,454800
2023-11-03,76.79,77.74,75.37,75.96,75.96,370600
2023-11-06,75.8,76.2,73.51,74.53,74.53,899100
2023-11-07,67.0,67.11,55.45,62.67,62.67,1835800
2023-11-08,65.73,67.1,64.27,65.75,65.75,787000
2023-11-09,66.49,67.66,64.05,65.05,65.05,364900
2023-11-10,65.68,67.31,65.2,66.56,66.56,558100
2023-11-13,66.3,66.7,65.54,66.36,66.36,311700
2023-11-14,67.94,68.92,66.08,67.0,67.0,476100
2023-11-15,67.02,67.79,66.32,66.99,66.99,304100
2023-11-16,66.69,67.57,65.2,65.38,65.38,573900
2023-11-17,66.43,67.17,65.97,66.2,66.2,390000
2023-11-20,65.88,66.06,63.91,64.3,64.3,348700
2023-11-21,64.0,65.04,63.83,64.31,64.31,192100
2023-11-22,64.48,65.28,64.46,64.95,64.95,190000
2023-11-24,65.08,65.6,64.75,65.39,65.39,70100
2023-11-27,65.0,65.48,64.37,64.97,64.97,183500
2023-11-28,64.73,64.99,62.66,62.94,62.94,239300
2023-11-29,63.45,63.67,62.2,62.55,62.55,255900
2023-11-30,63.14,63.68,62.13,63.51,63.51,271600
2023-12-01,63.45,65.61,62.95,64.86,64.86,290300
2023-12-04,64.86,65.11,62.66,65.04,65.04,373100
2023-12-05,64.73,65.22,63.49,64.59,64.59,214600
2023-12-06,66.73,69.25,66.63,66.86,66.86,534800
2023-12-07,66.47,67.99,66.15,67.95,67.95,294100
2023-12-08,67.95,69.72,67.95,69.49,69.49,253700
2023-12-11,69.79,71.01,69.22,70.55,70.55,256200
2023-12-12,70.61,73.73,70.53,73.41,73.41,341200
2023-12-13,73.55,77.21,73.2,76.83,76.83,409600
2023-12-14,78.02,79.14,74.41,76.86,76.86,405900
2023-12-15,77.62,78.92,76.82,77.62,77.62,570700
2023-12-18,78.04,79.17,77.54,78.58,78.58,310000
2023-12-19,79.46,81.19,79.27,80.58,80.58,327600
2023-12-20,80.6,84.59,80.02,81.3,81.3,395600
2023-12-21,82.41,84.19,81.24,84.01,84.01,329500
2023-12-22,84.21,86.13,83.59,85.9,85.9,434500
2023-12-26,85.83,87.04,84.6,86.77,86.77,354900
2023-12-27,87.06,89.2,86.81,88.22,88.22,408400
2023-12-28,88.19,89.66,88.01,89.17,89.17,344100
2023-12-29,89.31,89.8,87.4,87.93,87.93,424500
2024-01-02,87.0,87.44,81.67,84.91,84.91,781500
2024-01-03,83.32,83.54,79.64,79.76,79.76,416300
2024-01-04,80.01,80.1,78.25,78.25,78.25,314100
2024-01-05,78.0,79.07,76.84,77.09,77.09,307800
2024-01-08,77.3,79.21,77.28,78.72,78.72,431100
2024-01-09,77.4,77.76,74.71,77.09,77.09,451400
2024-01-10,76.59,78.38,76.17,78.29,78.29,273600
2024-01-11,78.16,78.96,77.32,78.41,78.41,300500
2024-01-12,79.48,79.92,77.69,78.4,78.4,175300
2024-01-16,78.0,79.78,76.43,79.73,79.73,427400
2024-01-17,78.41,78.43,76.87,78.0,78.0,212100
2024-01-18,78.49,79.26,76.3,77.57,77.57,277600
2024-01-19,77.93,78.12,75.1,76.2,76.2,438600
2024-01-22,76.75,77.9,75.82,76.61,76.61,254400
2024-01-23,76.89,77.0,69.61,72.04,72.04,806400
2024-01-24,72.75,72.75,70.59,71.78,71.78,481400
2024-01-25,73.34,73.51,72.56,73.13,73.13,290500
2024-01-26,73.8,75.25,73.23,75.13,75.13,373200
2024-01-29,75.04,77.08,74.5,77.03,77.03,298200
2024-01-30,77.0,78.07,75.94,77.17,77.17,266200
2024-01-31,77.41,77.5,74.44,75.1,75.1,674000
2024-02-01,75.9,78.6,75.11,78.36,78.36,329500
2024-02-02,78.0,79.02,76.89,78.53,78.53,314000
2024-02-05,77.62,78.47,75.88,76.12,76.12,263000
2024-02-06,75.86,76.93,74.7,76.93,76.93,294700
2024-02-07,77.45,79.76,77.14,79.56,79.56,359400
2024-02-08,79.99,82.49,79.42,82.3,82.3,369400
2024-02-09,82.5,84.46,81.62,83.43,83.43,302300
2024-02-12,83.03,84.53,81.78,82.81,82.81,363400
2024-02-13,78.67,81.15,76.01,79.5,79.5,486400
2024-02-14,80.91,83.84,80.91,83.13,83.13,273900
2024-02-15,83.34,84.57,81.86,84.47,84.47,347200
2024-02-16,83.97,85.35,83.2,84.12,84.12,244000
2024-02-20,82.43,83.18,81.83,82.14,82.14,322700
2024-02-21,81.42,83.05,81.25,82.92,82.92,250200
2024-02-22,83.85,85.72,83.4,84.55,84.55,269900
2024-02-23,85.0,87.26,84.41,87.02,87.02,233200
2024-02-26,88.0,90.36,87.9,89.95,89.95,597500
2024-02-27,95.56,113.08,95.25,106.22,106.22,1517900
2024-02-28,106.9,107.95,103.46,106.14,106.14,1095300
2024-02-29,106.4,108.41,105.48,106.64,106.64,689200
2024-03-01,108.78,111.89,106.75,110.98,110.98,604100
2024-03-04,111.8,116.36,110.0,111.34,111.34,398900
2024-03-05,110.5,111.55,107.73,108.41,108.41,331900
2024-03-06,110.13,111.71,107.53,110.14,110.14,253900
2024-03-07,110.64,111.74,109.09,109.64,109.64,339300
2024-03-08,111.15,113.56,110.3,111.16,111.16,284500
2024-03-11,111.61,111.61,106.42,108.57,108.57,306800
2024-03-12,108.61,112.24,106.64,111.98,111.98,286800
2024-03-13,111.68,111.87,108.88,110.01,110.01,225500
2024-03-14,110.61,110.96,107.19,108.49,108.49,242000
2024-03-15,108.07,110.2,107.05,107.37,107.37,526800
2024-03-18,107.49,110.98,106.44,106.76,106.76,292300
2024-03-19,105.33,109.19,103.33,108.4,108.4,279300
2024-03-20,108.01,110.35,106.54,109.69,109.69,266400
2024-03-21,110.83,112.86,109.54,109.95,109.95,438900
2024-03-22,111.01,112.87,110.56,112.03,112.03,321800
2024-03-25,112.0,113.94,111.06,111.54,111.54,337900
2024-03-26,112.04,114.36,111.54,112.81,112.81,288500
2024-03-27,113.76,114.09,111.74,113.43,113.43,290900
2024-03-28,112.44,113.26,109.63,110.31,110.31,607300
2024-04-01,110.25,111.14,108.18,109.81,109.81,271600
2024-04-02,107.5,107.5,104.82,105.47,105.47,371000
2024-04-03,104.8,108.92,104.43,107.62,107.62,261300
2024-04-04,109.06,109.93,104.8,105.24,105.24,221800
2024-04-05,105.16,108.3,105.16,107.55,107.55,215900
2024-04-08,108.5,109.27,106.26,106.4,106.4,194500
2024-04-09,106.03,106.59,103.25,106.03,106.03,228000
2024-04-10,103.0,105.71,101.05,103.96,103.96,286400
2024-04-11,103.96,105.88,103.44,105.53,105.53,200500
2024-04-12,105.36,105.94,103.54,104.89,104.89,135100
2024-04-15,106.05,107.27,100.04,100.41,100.41,227500
2024-04-16,100.0,100.65,97.71,99.69,99.69,333100
2024-04-17,100.49,100.63,97.88,100.11,100.11,283700
2024-04-18,100.2,100.75,96.91,98.32,98.32,335800
2024-04-19,97.75,99.29,94.6,96.56,96.56,320400
2024-04-22,97.66,98.09,95.43,97.41,97.41,286500
2024-04-23,98.2,101.94,97.55,101.55,101.55,210600
2024-04-24,102.59,105.0,100.0,100.97,100.97,263700
2024-04-25,98.26,102.32,97.97,102.2,102.2,305500
2024-04-26,102.48,106.15,102.26,105.89,105.89,285200
2024-04-29,106.43,106.73,103.57,105.75,105.75,322300
2024-04-30,105.34,105.72,101.18,101.6,101.6,326500
2024-05-01,102.02,102.92,99.04,99.16,99.16,239000
2024-05-02,99.16,101.9,98.39,100.65,100.65,331400
2024-05-03,102.79,104.8,101.05,101.15,101.15,222200
2024-05-06,102.24,105.76,102.06,105.37,105.37,615700
2024-05-07,109.53,123.99,107.0,122.0,122.0,979400
2024-05-08,122.0,128.58,119.62,125.68,125.68,760300
2024-05-09,126.26,127.56,124.0,125.16,125.16,484300
2024-05-10,126.46,129.25,125.02,128.87,128.87,399300
2024-05-13,131.44,131.44,127.7,128.08,128.08,496900
2024-05-14,127.9,128.82,124.0,127.33,127.33,450400
2024-05-15,129.56,136.1,128.26,135.55,135.55,598700
2024-05-16,135.55,137.63,129.67,130.01,130.01,486700
2024-05-17,130.71,131.49,127.4,128.86,128.86,341100
2024-05-20,130.36,131.76,128.49,131.2,131.2,243800
2024-05-21,129.74,131.93,128.64,130.56,130.56,272000
2024-05-22,130.0,131.29,125.45,126.61,126.61,295400
2024-05-23,128.14,128.99,124.73,125.43,125.43,304300
2024-05-24,126.99,128.29,126.33,126.47,126.47,265000
2024-05-28,127.43,128.25,121.22,121.87,121.87,349100
2024-05-29,120.16,122.26,118.6,121.23,121.23,274900
2024-05-30,122.2,125.93,120.73,124.09,124.09,226600
2024-05-31,125.15,128.53,120.49,122.87,122.87,335400
2024-06-03,124.37,125.39,115.25,117.46,117.46,382700
2024-06-04,116.03,116.25,110.86,112.58,112.58,653800
2024-06-05,113.57,116.74,111.2,116.53,116.53,336600
2024-06-06,116.01,119.89,115.19,115.82,115.82,346600
2024-06-07,115.0,115.73,112.33,112.73,112.73,341000
2024-06-10,112.14,115.77,111.0,114.88,114.88,388900
2024-06-11,114.0,115.45,112.7,114.03,114.03,286100
2024-06-12,117.35,122.58,114.3,119.18,119.18,360000
2024-06-13,119.0,121.51,116.66,118.43,118.43,224000
2024-06-14,116.2,117.3,113.19,116.33,116.33,233000
2024-06-17,116.0,119.43,115.18,119.25,119.25,191900
2024-06-18,119.05,123.4,117.78,122.68,122.68,275500
2024-06-20,122.55,124.34,116.74,117.75,117.75,261300
2024-06-21,117.31,117.31,111.42,116.22,116.22,500500
2024-06-24,116.15,116.67,113.77,116.18,116.18,250200
2024-06-25,116.81,118.01,114.19,117.76,117.76,267300
2024-06-26,116.37,118.42,115.55,118.15,118.15,317800
2024-06-27,118.8,120.13,115.2,119.33,119.33,358500
2024-06-28,121.31,124.5,116.29,118.34,118.34,759100
2024-07-01,118.3,118.3,113.22,114.76,114.76,318600
2024-07-02,114.0,115.92,112.5,112.96,112.96,311100
2024-07-03,113.56,117.2,112.99,116.53,116.53,132800
2024-07-05,116.39,116.56,112.64,113.7,113.7,150300
2024-07-08,115.0,116.85,112.87,113.03,113.03,200700
2024-07-09,113.07,113.86,111.06,111.08,111.08,191600
2024-07-10,112.2,114.33,111.25,113.75,113.75,216000
2024-07-11,116.92,118.78,114.78,117.21,117.21,319800
2024-07-12,119.46,123.82,118.38,122.39,122.39,356500
2024-07-15,124.71,130.89,124.15,129.27,129.27,416600
2024-07-16,129.25,130.57,125.0,129.46,129.46,410500
2024-07-17,127.53,128.55,111.2,111.3,111.3,652000
2024-07-18,112.52,118.73,112.52,116.39,116.39,473500
2024-07-19,116.65,117.75,114.78,116.02,116.02,727500
2024-07-22,117.26,122.57,116.77,121.86,121.86,288400
2024-07-23,121.77,125.4,119.47,124.48,124.48,240900
2024-07-24,124.26,125.14,112.63,113.09,113.09,414400
2024-07-25,113.26,115.63,108.55,110.06,110.06,475800
2024-07-26,114.19,116.28,113.4,115.28,115.28,196600
2024-07-29,116.68,118.88,112.53,113.39,113.39,204100
2024-07-30,114.62,116.5,109.42,110.1,110.1,281100
2024-07-31,113.97,119.35,112.91,116.36,116.36,298100
2024-08-01,116.49,118.51,107.34,109.98,109.98,606400
2024-08-02,105.0,106.76,101.21,104.9,104.9,671000
2024-08-05,94.83,104.81,93.5,102.56,102.56,819800
2024-08-06,111.18,113.96,103.01,106.15,106.15,756000
2024-08-07,109.46,110.0,101.83,103.96,103.96,465800
2024-08-08,106.93,108.38,104.35,107.91,107.91,310000
2024-08-09,108.39,109.83,104.25,104.56,104.56,293200
2024-08-12,104.46,105.79,102.71,105.6,105.6,268900
2024-08-13,106.71,109.56,104.71,108.6,108.6,286000
2024-08-14,109.96,110.8,107.16,110.59,110.59,244900
2024-08-15,113.1,116.45,113.07,114.67,114.67,335500
2024-08-16,114.52,115.05,110.82,111.93,111.93,227700
2024-08-19,112.0,113.92,109.92,113.62,113.62,209900
2024-08-20,113.0,114.57,109.15,111.31,111.31,237100
2024-08-21,111.4,114.96,110.95,114.82,114.82,186900
2024-08-22,114.68,115.48,112.3,113.68,113.68,137600
2024-08-23,114.62,119.03,114.12,118.1,118.1,220400
2024-08-26,119.64,119.76,116.98,118.57,118.57,154400
2024-08-27,117.78,118.28,116.31,117.41,117.41,172700
2024-08-28,116.91,118.73,115.45,116.52,116.52,178900
2024-08-29,117.41,122.0,116.46,119.0,119.0,159500
2024-08-30,120.42,121.21,117.36,119.53,119.53,277100
2024-09-03,117.8,118.63,106.81,107.06,107.06,407200
2024-09-04,106.07,109.66,105.26,109.44,109.44,288100
2024-09-05,108.97,110.0,106.3,109.27,109.27,187500
2024-09-06,109.68,111.75,108.09,109.12,109.12,326400
2024-09-09,109.99,111.75,107.89,109.95,109.95,216100
2024-09-10,110.42,111.85,108.8,111.29,111.29,243100
2024-09-11,111.56,118.27,111.44,117.13,117.13,246000
2024-09-12,117.79,123.49,116.87,123.17,123.17,316400
2024-09-13,125.48,128.0,123.94,127.1,127.1,232600
2024-09-16,127.09,129.58,125.86,128.81,128.81,188400
2024-09-17,129.9,132.01,127.47,130.35,130.35,213000
2024-09-18,131.0,139.28,131.0,134.94,134.94,433200
2024-09-19,138.99,148.03,136.0,147.62,147.62,623700
2024-09-20,148.77,152.0,147.07,148.16,148.16,864800
2024-09-23,149.25,151.5,145.13,148.9,148.9,317700
2024-09-24,148.29,149.42,144.32,145.67,145.67,296100
2024-09-25,145.63,147.9,145.05,145.94,145.94,245200
2024-09-26,149.27,149.67,145.67,145.84,145.84,372200
2024-09-27,146.41,147.93,142.56,143.26,143.26,223900
2024-09-30,143.25,145.64,140.25,145.02,145.02,224600
2024-10-01,143.87,144.6,141.49,142.94,142.94,179100
2024-10-02,141.48,146.82,140.05,146.08,146.08,155200
2024-10-03,145.19,147.37,142.35,144.87,144.87,137700
2024-10-04,148.52,148.78,143.62,148.05,148.05,147700
2024-10-07,146.62,150.0,145.76,147.54,147.54,149900
2024-10-08,148.52,152.37,148.29,151.14,151.14,267700
2024-10-09,150.75,154.38,149.39,154.09,154.09,225000
2024-10-10,151.5,155.62,148.61,155.35,155.35,292400
2024-10-11,154.11,157.37,154.11,157.1,157.1,159400
2024-10-14,157.97,160.57,156.64,159.67,159.67,248100
2024-10-15,158.34,159.9,151.47,156.11,156.11,282600
2024-10-16,158.12,166.85,157.89,166.23,166.23,404900
2024-10-17,167.0,170.5,164.95,165.4,165.4,304000
2024-10-18,165.32,166.57,159.04,159.84,159.84,643200
2024-10-21,159.7,166.48,159.7,164.03,164.03,428800
2024-10-22,162.13,164.13,160.04,160.57,160.57,734500
2024-10-23,159.42,162.83,155.31,157.13,157.13,267700
2024-10-24,158.13,159.1,153.25,153.36,153.36,198900
2024-10-25,155.41,156.64,148.52,150.66,150.66,638200
2024-10-28,150.67,154.19,148.5,152.58,152.58,367000
2024-10-29,152.25,156.3,150.55,156.13,156.13,268800
2024-10-30,154.93,158.4,153.18,153.47,153.47,250100
2024-10-31,152.13,155.4,149.15,154.45,154.45,244400
2024-11-01,155.51,157.63,153.0,153.66,153.66,242100
2024-11-04,151.32,155.02,150.48,151.54,151.54,246700
2024-11-05,152.97,158.99,152.71,157.22,157.22,270700
2024-11-06,171.99,176.22,169.19,175.42,175.42,529000
2024-11-07,157.88,175.6,149.01,174.31,174.31,826400
2024-11-08,175.61,194.07,175.05,193.61,193.61,482700
2024-11-11,198.01,201.27,189.34,194.7,194.7,413200
2024-11-12,192.8,197.72,188.4,191.5,191.5,414900
2024-11-13,193.99,196.0,186.28,186.65,186.65,251200
2024-11-14,185.0,187.76,180.95,182.39,182.39,318400
2024-11-15,182.33,182.81,178.7,180.03,180.03,375500
2024-11-18,181.37,188.53,180.47,185.75,185.75,324000
2024-11-19,183.02,193.38,183.02,192.97,192.97,296300
2024-11-20,193.36,193.92,187.86,189.43,189.43,297200
2024-11-21,191.97,198.83,190.63,197.41,197.41,308400
2024-11-22,198.62,199.56,194.3,196.51,196.51,285700
2024-11-25,199.04,200.0,194.63,196.33,196.33,480000
2024-11-26,194.5,203.49,191.26,199.03,199.03,759800
2024-11-27,198.03,201.99,191.65,195.41,195.41,632100
2024-11-29,196.75,200.25,194.35,194.45,194.45,319800
2024-12-02,195.61,200.91,193.47,194.28,194.28,423400
2024-12-03,193.5,197.92,193.4,195.54,195.54,309100
2024-12-04,196.83,200.08,195.22,198.82,198.82,290800
2024-12-05,197.5,201.33,191.58,194.66,194.66,386600
2024-12-06,195.05,196.15,192.0,195.74,195.74,247000
2024-12-09,196.14,197.05,181.39,183.57,183.57,528700
2024-12-10,185.31,189.85,182.45,182.78,182.78,294200
2024-12-11,186.95,190.92,183.96,188.44,188.44,254600
2024-12-12,188.63,190.73,183.19,183.61,183.61,261500
2024-12-13,183.05,187.37,178.77,180.29,180.29,273800
2024-12-16,181.56,186.15,179.43,180.12,180.12,423100
2024-12-17,177.78,177.78,168.38,176.59,176.59,526800
2024-12-18,177.86,179.6,165.5,167.14,167.14,504200
2024-12-19,168.56,175.88,168.56,174.72,174.72,666800
2024-12-20,171.43,180.25,171.13,175.2,175.2,786400
2024-12-23,174.91,175.99,171.48,174.91,174.91,258100
2024-12-24,174.84,175.3,172.34,174.89,174.89,150900
2024-12-26,174.9,177.24,173.06,177.03,177.03,223200
2024-12-27,175.25,175.48,169.65,172.52,172.52,265000
2024-12-30,169.27,172.45,166.0,170.4,170.4,238200
2024-12-31,171.65,171.65,168.26,168.45,168.45,248300
2025-01-02,168.11,172.37,164.59,167.73,167.73,251700
2025-01-03,167.61,177.86,167.61,177.51,177.51,256200
2025-01-06,178.27,181.98,177.5,178.15,178.15,237900
2025-01-07,178.79,179.17,161.75,167.59,167.59,370700
2025-01-08,163.57,167.87,161.65,167.05,167.05,242800
2025-01-10,162.03,164.74,159.5,163.52,163.52,335000
2025-01-13,159.77,163.2,158.01,162.22,162.22,291100
2025-01-14,166.54,171.52,163.57,171.31,171.31,280900
2025-01-15,178.67,183.23,174.12,177.15,177.15,447300
2025-01-16,178.08,181.42,177.2,178.48,178.48,175700
2025-01-17,182.3,184.43,180.0,182.51,182.51,450100
2025-01-21,183.63,196.58,181.58,196.55,196.55,472300
2025-01-22,198.79,206.07,198.79,200.56,200.56,435600
2025-01-23,198.72,198.73,192.46,196.58,196.58,343800
2025-01-24,196.82,197.65,183.2,187.3,187.3,448100
2025-01-27,174.73,174.73,141.54,143.0,143.0,1522100
2025-01-28,149.18,149.18,136.95,139.68,139.68,1058600
2025-01-29,141.74,145.82,139.64,141.11,141.11,669600
2025-01-30,146.46,148.82,141.85,146.71,146.71,650400
2025-01-31,148.23,148.76,137.93,142.42,142.42,758200
2025-02-03,136.9,140.86,135.0,137.01,137.01,545200
2025-02-04,137.26,140.63,134.97,138.57,138.57,471800
2025-02-05,139.38,146.32,139.06,143.48,143.48,373800
2025-02-06,144.42,149.38,142.98,148.35,148.35,393000
2025-02-07,149.52,153.11,147.48,149.72,149.72,370500
2025-02-10,150.1,151.23,147.21,150.65,150.65,326800
2025-02-11,148.01,149.33,141.49,144.88,144.88,320600
2025-02-12,139.43,142.73,139.09,140.4,140.4,417500
2025-02-13,141.62,142.69,127.5,130.1,130.1,863300
2025-02-14,129.14,134.75,127.66,132.4,132.4,548000
2025-02-18,132.98,135.94,128.5,130.64,130.64,703600
2025-02-19,128.26,131.0,124.76,126.72,126.72,828500
2025-02-20,126.9,127.12,119.66,124.27,124.27,771700
2025-02-21,127.12,127.12,116.18,116.29,116.29,666500
2025-02-24,116.95,119.96,108.06,108.65,108.65,1328500
2025-02-25,108.37,117.74,105.28,115.94,115.94,1696500
2025-02-26,123.07,126.16,117.75,122.16,122.16,1936100
2025-02-27,129.42,130.94,123.01,123.15,123.15,1146600
2025-02-28,123.67,127.8,121.5,127.21,127.21,878800
2025-03-03,129.14,130.0,119.84,121.57,121.57,851400
2025-03-04,117.58,126.56,116.64,122.28,122.28,803700
2025-03-05,125.73,129.13,123.38,128.66,128.66,670500
2025-03-06,123.38,125.61,118.03,120.72,120.72,713200
2025-03-07,119.62,122.11,112.92,118.0,118.0,643900
2025-03-10,113.41,114.78,108.89,111.08,111.08,1061500
2025-03-11,110.85,118.54,110.29,115.74,115.74,755200
2025-03-12,119.59,121.73,115.37,116.44,116.44,660800
2025-03-13,116.0,118.0,112.33,117.81,117.81,502300
2025-03-14,120.18,123.2,118.89,121.37,121.37,446200
2025-03-17,115.94,121.92,115.75,120.49,120.49,537300
2025-03-18,119.83,120.47,117.61,118.04,118.04,299900
2025-03-19,118.36,128.19,118.26,126.69,126.69,556200
2025-03-20,123.85,129.58,123.85,125.93,125.93,389700
2025-03-21,123.66,127.39,122.86,126.63,126.63,837800
2025-03-24,129.8,134.29,129.58,133.95,133.95,400700
2025-03-25,134.0,134.93,129.74,131.29,131.29,538300
2025-03-26,130.8,131.5,124.51,125.56,125.56,364200
2025-03-27,125.13,125.13,116.45,117.0,117.0,642500
2025-03-28,116.72,117.83,114.4,116.15,116.15,594800
2025-03-31,112.41,114.5,108.32,113.21,113.21,884700
2025-04-01,113.32,116.53,112.66,115.64,115.64,657700
2025-04-02,112.9,119.5,112.16,118.46,118.46,672500
2025-04-03,112.8,112.95,109.17,109.96,109.96,698600
2025-04-04,103.69,105.41,96.34,104.96,104.96,1141400
2025-04-07,100.07,114.38,98.36,109.1,109.1,1710900
2025-04-08,115.89,117.69,109.78,113.83,113.83,1675700
2025-04-09,111.44,139.15,111.44,134.53,134.53,1855700
2025-04-10,128.87,133.43,126.43,132.41,132.41,920800
2025-04-11,131.03,137.55,128.77,137.09,137.09,562100
2025-04-14,139.44,140.89,133.1,135.23,135.23,557100
2025-04-15,145.94,149.0,140.36,141.0,141.0,1535100
2025-04-16,139.29,144.27,136.65,140.44,140.44,7646100
2025-04-17,140.01,141.44,137.7,140.27,140.27,1045300
2025-04-21,136.91,137.83,129.21,131.57,131.57,1203600
2025-04-22,132.25,137.06,132.21,133.92,133.92,612400
2025-04-23,142.26,147.94,138.28,140.08,140.08,694100
2025-04-24,140.29,146.9,139.2,146.0,146.0,598800
2025-04-25,145.81,153.96,145.81,151.75,151.75,839000
2025-04-28,151.75,154.97,147.88,149.56,149.56,687100
2025-04-29,149.99,151.06,146.07,149.28,149.28,416400
2025-04-30,146.0,149.62,143.2,149.43,149.43,368800
2025-05-01,153.32,161.14,151.5,159.96,159.96,815100
2025-05-02,162.05,168.69,161.2,165.64,165.64,723700
2025-05-05,165.33,169.21,163.89,166.66,166.66,689500
2025-05-06,170.4,176.96,167.0,171.95,171.95,999900
2025-05-07,171.95,179.69,171.38,179.65,179.65,595100
2025-05-08,183.87,183.87,177.42,179.42,179.42,598700
2025-05-09,181.02,181.25,172.69,177.74,177.74,495300
2025-05-12,187.37,187.7,180.02,183.27,183.27,569200
2025-05-13,184.24,190.77,183.34,187.48,187.48,543600
2025-05-14,190.14,191.34,186.48,187.2,187.2,496300
2025-05-15,186.01,187.35,182.97,184.79,184.79,433900
2025-05-16,185.37,189.43,184.46,188.57,188.57,296200
2025-05-19,183.86,187.77,182.0,185.98,185.98,309300
2025-05-20,186.5,188.75,185.41,187.19,187.19,559800
2025-05-21,184.04,189.3,181.67,182.09,182.09,521100
2025-05-22,181.28,184.47,176.15,182.29,182.29,514000
2025-05-23,179.77,185.76,179.46,184.4,184.4,330500
2025-05-27,187.04,191.83,185.0,191.42,191.42,654500
2025-05-28,192.29,192.29,186.9,187.93,187.93,314600
2025-05-29,190.39,190.39,184.41,186.13,186.13,376700
2025-05-30,185.12,188.82,183.4,188.01,188.01,439000
2025-06-02,187.88,189.76,184.06,189.6,189.6,346800
2025-06-03,190.42,196.82,190.42,194.23,194.23,409600
2025-06-04,193.57,196.39,192.73,193.81,193.81,237400
2025-06-05,194.24,197.42,191.81,195.24,195.24,354600
2025-06-06,199.03,207.01,196.97,205.99,205.99,581700
2025-06-09,208.77,208.77,200.0,202.91,202.91,531700
2025-06-10,202.72,203.01,191.0,198.37,198.37,496700
2025-06-11,199.06,207.0,196.76,204.46,204.46,399300
2025-06-12,201.22,205.25,199.5,204.32,204.32,369600
2025-06-13,200.84,203.99,197.73,202.99,202.99,333800
2025-06-16,206.58,211.99,205.83,209.55,209.55,576300
2025-06-17,207.22,227.65,207.22,221.36,221.36,900100
2025-06-18,225.66,233.57,223.46,223.97,223.97,1041600
2025-06-20,224.4,225.25,214.2,217.97,217.97,1089900
2025-06-23,217.13,223.0,214.68,222.5,222.5,666400
2025-06-24,225.41,229.89,223.92,229.38,229.38,592100
2025-06-25,230.03,231.48,223.0,224.64,224.64,718200
2025-06-26,227.23,232.35,224.97,228.65,228.65,416000
2025-06-27,230.5,235.23,226.74,231.51,231.51,1018800
2025-06-30,232.31,234.91,228.06,230.73,230.73,449600
2025-07-01,228.85,232.1,217.07,222.54,222.54,590100
2025-07-02,222.96,229.67,222.0,228.72,228.72,461700
2025-07-03,228.72,237.7,228.71,236.67,236.67,239900
2025-07-07,235.76,240.49,232.1,237.0,237.0,440100
2025-07-08,238.31,238.31,225.47,227.02,227.02,729600
2025-07-09,229.12,233.86,226.42,233.39,233.39,258800
2025-07-10,235.06,239.78,226.64,236.29,236.29,496400
2025-07-11,235.98,242.23,235.98,241.76,241.76,335500
2025-07-14,240.33,244.48,236.49,241.31,241.31,333100
2025-07-15,243.34,243.77,236.47,238.4,238.4,447500
2025-07-16,241.69,244.17,237.51,243.23,243.23,477700
2025-07-17,245.29,253.94,244.38,250.69,250.69,461300
2025-07-18,252.83,255.59,250.18,250.95,250.95,508200
2025-07-21,250.47,251.74,244.1,247.65,247.65,330400
2025-07-22,246.19,247.26,230.0,242.01,242.01,372500
2025-07-23,245.0,253.83,244.59,253.14,253.14,318900
2025-07-24,255.99,258.0,247.99,252.68,252.68,376900
2025-07-25,256.99,269.44,256.99,268.14,268.14,559200
2025-07-28,269.33,270.38,259.4,263.59,263.59,552000
2025-07-29,266.77,269.78,261.07,264.08,264.08,346400
2025-07-30,265.96,268.37,258.25,263.35,263.35,400500
2025-07-31,265.37,269.5,261.69,267.59,267.59,625700
2025-08-01,255.01,267.55,244.02,263.05,263.05,815400
2025-08-04,268.5,272.81,262.27,271.74,271.74,899700
2025-08-05,295.52,321.79,290.38,296.58,296.58,1288000
2025-08-06,300.17,305.94,291.47,299.42,299.42,570300
2025-08-07,301.0,307.86,293.84,299.64,299.64,524000
2025-08-08,300.0,303.0,295.06,302.69,302.69,317000
2025-08-11,303.44,306.0,286.83,289.86,289.86,691700
2025-08-12,292.56,309.06,289.86,308.4,308.4,702000
2025-08-13,311.72,314.8,288.41,292.47,292.47,624300
2025-08-14,290.94,293.12,281.37,282.14,282.14,460100
2025-08-15,282.97,284.88,270.81,275.35,275.35,503600
2025-08-18,278.81,283.96,278.15,283.2,283.2,391600
2025-08-19,281.39,285.0,272.96,276.02,276.02,453100
2025-08-20,272.43,277.11,263.45,274.89,274.89,452400
2025-08-21,274.89,279.72,270.52,278.03,278.03,343900
2025-08-22,278.47,287.99,275.22,279.58,279.58,494400
2025-08-25,280.04,287.63,279.0,286.49,286.49,301200
2025-08-26,288.05,294.79,286.99,292.95,292.95,326500
2025-08-27,292.08,296.57,287.0,289.36,289.36,289900
2025-08-28,292.64,294.03,289.28,290.95,290.95,344400
2025-08-29,290.0,291.3,268.68,278.53,278.53,430500
2025-09-02,271.77,279.01,266.13,276.91,276.91,378600
2025-09-03,277.24,282.0,273.36,273.82,273.82,429300
2025-09-04,275.99,288.93,273.0,288.68,288.68,498000
2025-09-05,292.53,294.82,270.0,285.98,285.98,499200
2025-09-08,288.95,294.45,285.0,286.71,286.71,332800
2025-09-09,287.0,288.26,280.81,286.69,286.69,264000
2025-09-10,291.0,304.13,291.0,301.13,301.13,529400
2025-09-11,303.69,316.98,302.39,316.16,316.16,569800
2025-09-12,316.01,319.0,311.57,313.56,313.56,389000
2025-09-15,316.12,326.82,314.66,322.9,322.9,491000
2025-09-16,323.01,327.07,312.37,319.38,319.38,387600
2025-09-17,320.09,325.17,316.57,320.94,320.94,357000
2025-09-18,325.03,351.28,323.2,348.58,348.58,677700
2025-09-19,352.33,363.08,351.56,360.25,360.25,2093600
2025-09-22,360.0,368.27,354.0,367.39,367.39,493500
2025-09-23,368.96,374.67,362.48,371.84,371.84,633900
2025-09-24,374.73,376.75,343.0,344.05,344.05,773800
2025-09-25,326.24,341.93,319.0,338.44,338.44,779400
2025-09-26,338.2,349.96,336.0,342.11,342.11,404900
2025-09-29,344.4,351.68,338.3,341.1,341.1,506900
2025-09-30,340.26,344.59,334.7,339.68,339.68,398200
2025-10-01,334.92,344.13,329.03,337.93,337.93,353400
2025-10-02,339.5,356.21,332.19,351.66,351.66,741000
2025-10-03,352.87,355.33,344.12,349.3,349.3,439100
2025-10-06,350.53,362.0,349.84,352.78,352.78,347900
2025-10-07,354.43,360.84,334.65,348.57,348.57,499600
2025-10-08,353.5,368.0,351.56,366.99,366.99,423600
2025-10-09,367.23,368.0,352.17,355.53,355.53,394500
2025-10-10,355.67,364.28,335.54,336.63,336.63,425100
2025-10-13,347.55,362.86,347.5,355.27,355.27,532300
2025-10-14,345.0,364.56,340.1,361.44,361.44,230200
2025-10-15,370.0,374.82,362.19,365.39,365.39,504100
2025-10-16,368.88,376.75,359.56,361.02,361.02,371200
2025-10-17,357.06,365.0,351.8,355.58,355.58,407200
2025-10-20,364.0,372.74,363.0,369.01,369.01,323000
2025-10-21,368.82,368.82,345.89,364.32,364.32,375800
2025-10-22,361.18,367.63,315.97,332.75,332.75,773200
2025-10-23,334.0,353.94,333.5,353.8,353.8,379900
2025-10-24,369.77,384.0,368.8,379.08,379.08,539400
2025-10-27,391.0,391.72,374.82,376.74,376.74,505600
2025-10-28,377.17,384.99,370.72,379.89,379.89,378200
2025-10-29,386.53,409.33,383.0,403.35,403.35,617200
2025-10-30,394.37,403.02,375.29,379.03,379.03,633100
2025-10-31,387.69,393.64,370.73,377.9,377.9,521600
2025-11-03,380.1,396.41,373.71,392.77,392.77,849400
2025-11-04,405.89,419.14,381.38,382.57,382.57,870600
2025-11-05,391.86,416.0,386.0,411.07,411.07,610700
2025-11-06,411.07,413.01,382.42,388.68,388.68,523700
2025-11-07,375.02,379.0,357.72,377.84,377.84,780600
2025-11-10,394.28,397.0,379.51,384.45,384.45,479700
2025-11-11,384.02,384.02,372.33,381.22,381.22,326300
2025-11-12,388.0,398.43,372.39,380.7,380.7,5589400
2025-11-13,378.06,378.63,325.53,326.6,326.6,1460300
2025-11-14,312.12,341.94,311.2,338.66,338.66,1405800
2025-11-17,338.66,344.13,326.01,332.82,332.82,511200
2025-11-18,325.37,338.0,321.74,333.88,333.88,601500
2025-11-19,339.34,350.82,332.5,334.17,334.17,418400
2025-11-20,351.65,366.58,313.57,314.56,314.56,884500
2025-11-21,314.9,317.4,299.64,315.1,315.1,1005900
2025-11-24,319.48,343.94,319.12,342.44,342.44,531500
2025-11-25,340.24,343.02,324.61,332.96,332.96,599000
2025-11-26,336.51,344.99,333.86,339.75,339.75,336300
2025-11-28,342.22,344.9,339.0,344.31,344.31,155500
2025-12-01,332.14,335.7,319.5,320.51,320.51,565500
2025-12-02,327.09,338.75,325.0,327.78,327.78,590700
2025-12-03,326.78,327.36,309.3,323.46,323.46,1177700
2025-12-04,316.59,337.22,313.0,332.29,332.29,568200
2025-12-05,329.21,330.59,315.75,325.1,325.1,1331500
2025-12-08,328.57,334.0,322.09,324.62,324.62,417500
2025-12-09,322.81,328.3,318.5,324.1,324.1,347600
2025-12-10,324.02,337.96,318.33,331.61,331.61,525200
2025-12-11,329.68,343.8,321.69,340.51,340.51,526700
2025-12-12,337.39,338.03,304.02,315.15,315.15,704600
2025-12-15,321.11,327.08,316.0,319.12,319.12,485300
2025-12-16,317.18,327.54,312.33,319.13,319.13,651000
2025-12-17,319.13,322.57,281.58,283.57,283.57,1010400
2025-12-18,296.77,308.38,294.68,302.3,302.3,561000
2025-12-19,306.76,319.43,306.0,308.58,308.58,1245200
2025-12-22,312.27,318.02,309.85,313.04,313.04,392000
2025-12-23,309.85,317.67,306.07,315.87,315.87,378100
2025-12-24,312.08,315.05,309.0,314.0,314.0,375400
2025-12-26,314.46,320.0,310.0,316.55,316.55,544000
2025-12-29,312.22,315.05,309.0,310.79,310.79,460900
2025-12-30,311.24,313.81,307.07,307.68,307.68,294200
2025-12-31,307.38,312.5,305.18,306.23,306.23,405500
2026-01-02,309.43,322.4,308.85,319.16,319.16,414600
2026-01-05,325.12,332.84,323.0,327.11,327.11,539300
2026-01-06,328.18,329.5,304.46,317.41,317.41,456900
2026-01-07,317.22,317.41,307.33,312.24,312.24,398800
2026-01-08,312.97,315.46,293.3,297.62,297.62,529700
2026-01-09,300.03,313.0,297.5,308.13,308.13,521800
2026-01-12,303.32,312.25,301.01,307.58,307.58,621900
2026-01-13,308.18,322.5,308.0,321.6,321.6,388800
2026-01-14,320.41,326.09,310.58,319.27,319.27,321200
2026-01-15,328.2,344.77,327.21,336.31,336.31,453000
2026-01-16,338.51,357.21,338.51,350.96,350.96,648100
2026-01-20,338.75,357.0,338.58,349.59,349.59,601900
2026-01-21,354.07,364.5,340.1,362.53,362.53,443700
2026-01-22,368.98,372.07,349.51,364.25,364.25,459400
2026-01-23,364.32,365.0,349.97,351.39,351.39,398100
2026-01-26,351.63,363.4,349.0,361.21,361.21,308300
2026-01-27,363.29,375.0,356.21,372.25,372.25,317700
2026-01-28,376.02,378.17,360.24,373.52,373.52,300400
2026-01-29,377.55,384.01,365.92,379.23,379.23,327900
2026-01-30,374.43,386.33,355.41,357.91,357.91,476700
2026-02-02,357.86,373.15,356.71,367.95,367.95,291000
2026-02-03,378.64,387.46,369.65,386.78,386.78,315700
2026-02-04,387.42,388.83,344.18,360.16,360.16,547800
2026-02-05,351.43,369.67,345.0,365.07,365.07,446600
2026-02-06,370.24,404.0,370.24,401.29,401.29,631600
2026-02-09,401.9,426.09,397.4,418.61,418.61,641900
2026-02-10,418.67,423.0,406.47,415.19,415.19,456500
2026-02-11,426.0,441.28,415.5,433.91,433.91,633100
2026-02-12,454.65,470.0,430.42,431.43,431.43,876100
2026-02-13,429.22,445.0,417.66,437.77,437.77,525600
2026-02-17,435.88,440.81,419.51,421.2,421.2,472400
2026-02-18,420.63,430.99,405.27,410.63,410.63,523300
2026-02-19,410.51,420.78,394.63,415.13,415.13,558900
2026-02-20,414.0,445.0,414.0,435.5,435.5,664000
2026-02-23,428.0,436.0,423.28,434.64,434.64,524700
2026-02-24,429.57,460.72,421.0,459.72,459.72,552100
2026-02-25,463.07,467.53,445.01,455.25,455.25,917100
2026-02-26,474.67,477.03,415.35,433.34,433.34,909100
2026-02-27,424.52,441.88,413.0,428.13,428.13,642900
2026-03-02,426.62,444.82,421.14,432.87,432.87,558100
2026-03-03,414.85,423.35,399.0,415.51,415.51,486100
2026-03-04,421.74,428.74,410.62,420.22,420.22,458900
2026-03-05,412.39,418.58,385.01,398.87,398.87,549100
2026-03-06,381.7,404.99,376.24,395.11,395.11,751400
2026-03-09,383.72,411.81,380.28,411.38,411.38,619300
2026-03-10,412.18,422.14,408.39,411.53,411.53,490700
2026-03-11,411.27,429.27,405.5,420.6,420.6,392100
2026-03-12,410.43,411.99,392.75,404.59,404.59,464100
2026-03-13,406.19,412.0,390.0,398.12,398.12,357900
2026-03-16,409.55,420.57,409.0,417.76,417.76,300700
2026-03-17,419.56,427.25,410.5,425.51,425.51,429800
2026-03-18,429.69,436.0,418.19,421.23,421.23,386600
2026-03-19,410.1,440.78,408.12,431.78,431.78,414600
2026-03-20,431.97,433.5,395.52,401.61,401.61,783900
2026-03-23,413.0,435.0,412.94,422.55,422.55,376400
2026-03-24,419.17,446.89,418.76,446.16,446.16,319500
2026-03-25,454.13,460.64,448.0,452.92,452.92,443400
2026-03-26,440.48,444.95,410.72,415.93,415.93,313700
2026-03-27,415.93,427.76,415.82,420.24,420.24,305900
2026-03-30,421.94,425.0,375.08,382.55,382.55,748000
2026-03-31,395.01,411.51,385.0,407.27,407.27,740500
2026-04-01,418.75,434.11,418.0,421.29,421.29,428600
2026-04-02,402.44,432.24,402.0,416.34,416.34,350100
2026-04-06,416.13,419.26,392.05,393.71,393.71,457100
2026-04-07,388.74,388.95,362.59,382.22,382.22,801400
2026-04-08,413.58,425.0,409.52,423.35,423.35,549400
2026-04-09,423.35,450.34,423.35,435.65,435.65,504300
2026-04-10,437.1,455.0,430.01,446.36,446.36,338800
2026-04-13,441.22,461.43,440.0,459.02,459.02,388500
2026-04-14,465.91,472.61,457.02,464.54,464.54,552900
2026-04-15,458.42,465.14,449.0,456.08,456.08,417100
2026-04-16,458.36,463.75,440.0,441.1,441.1,405700
2026-04-17,451.71,466.13,445.0,463.65,463.65,594200
2026-04-20,465.0,475.42,459.37,472.9,472.9,255900
2026-04-21,477.41,484.34,463.13,472.84,472.84,343100
2026-04-22,483.48,490.0,472.28,487.87,487.87,430700
2026-04-23,495.0,504.05,484.71,495.67,495.67,446900
2026-04-24,500.0,512.36,490.5,497.18,497.18,370100
2026-04-27,501.48,508.79,485.01,505.45,505.45,336600
2026-04-28,494.25,498.25,465.35,471.85,471.85,429300
2026-04-29,471.99,484.5,467.57,469.75,469.75,285300
2026-04-30,484.86,521.29,484.0,515.62,515.62,508700
2026-05-01,521.11,537.67,508.16,532.67,532.67,449600
2026-05-04,537.85,548.0,527.72,529.49,529.49,738500
2026-05-05,727.45,807.3,704.1,806.0,806.0,2429100
2026-05-06,814.77,888.95,812.0,886.22,886.22,1348100
2026-05-07,871.0,880.0,808.0,811.41,811.41,1053200
2026-05-08,854.38,856.41,820.0,844.8,844.8,719500
2026-05-11,851.0,875.0,842.19,868.18,868.18,598900
2026-05-12,834.4,857.41,806.07,851.35,851.35,716600
2026-05-13,861.77,871.87,831.9,854.28,854.28,583200
2026-05-14,859.0,893.13,845.14,889.03,889.03,549500
2026-05-15,859.59,859.59,831.0,848.84,848.84,472700
2026-05-18,857.69,857.69,754.73,770.76,770.76,732900
2026-05-19,746.47,757.7,702.51,728.29,728.29,822200
2026-05-20,744.57,756.96,725.0,752.0,752.0,560200
2026-05-21,749.97,763.28,732.89,733.77,733.77,496300
2026-05-22,741.11,749.45,714.78,732.94,732.94,547900
2026-05-26,755.0,788.73,749.56,783.53,783.53,562300
2026-05-27,795.63,800.18,760.0,782.12,782.12,389300
2026-05-28,781.74,848.0,776.0,842.96,842.96,1075500
2026-05-29,850.0,870.12,843.37,860.84,860.84,1016600
2026-06-01,836.24,861.0,822.62,845.39,845.39,505500
2026-06-02,844.31,880.0,837.91,875.52,875.52,564400
2026-06-03,879.99,971.75,875.0,957.03,957.03,1047500
2026-06-04,922.2,1005.68,908.21,993.74,993.74,818100
2026-06-05,964.61,969.88,865.26,882.43,882.43,808700
2026-06-08,897.7,905.41,850.0,891.86,891.86,650100
2026-06-09,898.67,911.05,789.82,842.01,842.01,689600
2026-06-10,839.01,864.99,770.22,770.25,770.25,764200
2026-06-11,797.0,848.0,789.95,838.55,838.55,551700
2026-06-12,853.82,872.93,842.02,858.99,858.99,476700
2026-06-15,904.36,908.0,861.0,866.67,866.67,546200
2026-06-16,870.05,895.82,847.62,857.76,857.76,488800
2026-06-17,871.31,875.0,832.56,838.21,838.21,777900
2026-06-18,870.16,880.0,827.9,861.88,861.88,1102000
2026-06-22,880.74,936.68,875.77,932.75,932.75,651900
2026-06-23,866.74,902.62,840.06,892.25,892.25,686900
2026-06-24,893.99,920.0,855.5,867.23,867.23,642700
2026-06-25,888.0,925.84,860.9,881.92,881.92,662900
2026-06-26,843.19,869.02,791.22,804.76,804.76,5142300
2026-06-29,810.54,836.4,794.47,813.77,813.77,755500
2026-06-30,810.0,845.0,796.0,839.36,839.36,640900
2026-07-01,814.75,814.75,768.88,776.55,776.55,654500
2026-07-02,785.12,792.74,690.29,700.75,700.75,990500
2026-07-06,714.24,745.68,707.11,717.11,717.11,494100
2026-07-07,681.27,699.75,646.0,674.39,674.39,658900
2026-07-08,670.57,695.0,646.05,660.72,660.72,691400
2026-07-09,706.73,715.77,696.88,707.17,707.17,738100
2026-07-10,698.95,698.95,666.72,682.29,682.29,408400
2026-07-13,668.99,677.15,653.01,660.04,660.04,405600
2026-07-14,685.0,709.67,670.36,679.62,679.62,895100
2026-07-15,686.48,693.73,632.68,668.82,668.82,716300
2026-07-16,640.01,655.32,632.71,641.35,641.35,568700
2026-07-17,609.74,643.36,593.62,638.56,638.56,1205900
2026-07-20,650.11,668.92,642.22,650.22,650.22,566100
2026-07-21,683.5,698.92,674.26,694.4,694.4,523800
2026-07-22,674.48,724.98,674.0,719.34,719.34,485000
2026-07-23,710.65,737.96,705.6,717.34,717.34,486200
2026-07-24,710.8,717.34,659.0,660.94,660.94,436500
2026-07-27,669.18,677.58,612.0,634.63,634.63,526000
2026-07-28,600.42,602.0,525.16,538.09,538.09,2761600
2026-07-29,546.26,549.0,492.71,494.24,494.24,989400
2026-07-30,557.5,584.26,542.0,580.73,580.73,1027100
2026-07-31,610.53,622.41,585.83,596.77,596.77,827400
2026-08-03,588.39,626.69,560.29,611.47,611.47,1238700
2026-08-04,530.0,556.57,507.15,541.62,541.62,2117200
2026-08-05,537.02,557.74,526.0,536.03,536.03,1100400
2026-08-06,531.5,559.38,518.86,536.08,536.08,604400
2026-08-07,553.81,555.75,520.05,547.06,547.06,502500
2026-08-10,550.64,559.26,527.5,528.51,528.51,487000
2026-08-11,541.77,549.0,530.03,532.76,532.76,292400
2026-08-12,559.0,564.0,544.57,548.95,548.95,563500
2026-08-13,548.0,557.58,541.5,553.16,553.16,530200
2026-08-14,551.89,578.96,551.89,576.48,576.48,504200
2026-08-17,585.0,606.12,580.0,603.89,603.89,673600
2026-08-18,575.38,580.0,553.11,554.76,554.76,654800
2026-08-19,555.32,557.54,509.03,534.4,534.4,711500
2026-08-20,530.74,533.3,512.6,520.53,520.53,488400
2026-08-21,528.49,530.0,510.51,516.81,516.81,419500
2026-08-24,511.9,515.0,483.68,496.66,496.66,674100
2026-08-25,516.56,516.56,480.58,486.39,486.39,524700
2026-08-26,485.54,499.0,481.7,497.41,497.41,437200
2026-08-27,512.16,513.84,492.45,506.37,506.37,494700
2026-08-28,500.52,504.87,468.38,470.52,470.52,474800
2026-08-31,471.0,477.0,461.32,470.07,470.07,418400
2026-09-01,460.97,470.39,450.26,456.1,456.1,767800
2026-09-02,455.34,458.11,444.52,457.6,457.6,471900
2026-09-03,455.82,469.5,447.32,460.03,460.03,502100
2026-09-04,476.38,492.69,470.56,486.49,486.49,569600
2026-09-08,493.76,506.28,489.42,502.2,502.2,722900
2026-09-09,500.04,508.0,489.83,495.15,495.15,483900
2026-09-10,480.0,492.62,473.66,484.86,484.86,314200
2026-09-11,495.73,516.95,492.0,511.04,511.04,468100
2026-09-14,472.0,484.99,461.0,472.87,472.87,746500
2026-09-15,476.92,478.94,458.51,459.02,459.02,492500
2026-09-16,472.1,490.98,468.44,482.67,482.67,921400
2026-09-17,511.0,516.0,488.06,505.72,505.72,670600
2026-09-18,510.13,519.89,499.56,518.68,518.68,1011400
2026-09-21,531.0,531.0,510.5,512.64,512.64,550600
2026-09-22,511.11,521.9,503.0,516.57,516.57,421779
2026-09-23,512.02,519.5299,507.0,512.0,512.0,296777
