date,open,high,low,close,adj_close,volume
2015-01-02,126.08,127.29,125.36,125.88,106.4872,284600
2015-01-05,125.85,126.31,125.09,125.26,105.9627,364500
2015-01-06,125.7,126.57,123.85,124.66,105.4552,529800
2015-01-07,125.74,127.65,125.74,127.65,107.9846,358600
2015-01-08,129.23,130.0,128.8,129.87,109.8625,466300
2015-01-09,130.37,130.37,128.42,128.98,109.1097,336000
2015-01-12,129.88,130.3,128.6,128.92,109.0589,338800
2015-01-13,129.88,130.83,127.41,128.52,108.7205,304500
2015-01-14,127.19,128.6,126.74,128.43,108.6444,407900
2015-01-15,128.77,129.02,126.73,126.81,107.2739,295300
2015-01-16,126.72,129.35,126.69,129.21,109.3042,247600
2015-01-20,129.44,129.7,127.68,129.24,109.3296,378800
2015-01-21,129.12,129.92,128.48,129.21,109.3042,249000
2015-01-22,129.89,130.9,127.95,130.89,110.7254,283600
2015-01-23,130.72,130.91,130.16,130.39,110.3024,327900
2015-01-26,130.5,131.27,129.71,131.23,111.013,322100
2015-01-27,130.04,131.32,129.76,130.45,110.3532,350200
2015-01-28,130.99,131.12,128.35,128.51,108.712,331300
2015-01-29,128.74,129.74,127.56,129.62,109.6511,272300
2015-01-30,129.27,129.99,127.5,127.71,108.0353,232300
2015-02-02,128.13,128.36,126.04,128.22,108.4667,330600
2015-02-03,128.95,128.95,126.91,128.92,109.0589,413500
2015-02-04,127.65,128.06,126.58,127.32,107.7054,270400
2015-02-05,128.37,129.65,128.24,129.5,109.5495,351100
2015-02-06,130.0,130.16,128.17,128.54,108.7374,296500
2015-02-09,128.05,128.33,126.78,127.03,107.4601,229600
2015-02-10,127.75,129.24,127.75,129.12,109.2281,226700
2015-02-11,129.0,130.04,128.59,129.31,109.3888,221000
2015-02-12,129.92,130.13,128.82,129.9,109.8879,212800
2015-02-13,129.97,130.58,129.39,130.56,110.4462,317600
2015-02-17,130.48,131.45,130.43,131.39,111.1484,309300
2015-02-18,131.45,131.71,130.71,131.71,111.4191,262300
2015-02-19,131.5,132.11,131.47,131.9,111.5798,230400
2015-02-20,131.86,133.32,131.51,133.31,112.7726,252800
2015-02-23,133.63,134.41,133.31,133.86,113.2378,339300
2015-02-24,134.15,134.37,133.12,133.63,113.0433,240900
2015-02-25,133.59,134.2,133.07,133.87,113.2463,215600
2015-02-26,134.07,134.31,133.15,134.31,113.6185,197200
2015-02-27,134.14,134.35,133.54,133.62,113.0348,175600
2015-03-02,133.68,134.76,133.68,134.73,113.9738,245500
2015-03-03,134.41,134.49,132.89,133.71,113.111,500500
2015-03-04,133.52,134.51,132.51,134.28,113.5931,486700
2015-03-05,134.63,135.63,134.53,135.07,114.2614,241400
2015-03-06,134.49,134.49,132.39,132.66,112.2227,357500
2015-03-09,132.93,133.37,132.06,133.26,112.7303,217600
2015-03-10,132.85,132.85,131.58,132.04,111.6982,257000
2015-03-11,132.39,132.76,131.87,132.12,111.7659,189000
2015-03-12,132.6,133.71,132.4,133.71,113.111,235900
2015-03-13,133.56,134.44,132.66,133.53,112.9587,270900
2015-03-16,134.6,136.4,134.57,136.36,115.3527,286900
2015-03-17,136.16,136.3,135.16,136.08,115.1158,283800
2015-03-18,135.86,138.18,135.18,137.59,116.3932,281400
2015-03-19,137.63,138.82,137.5,138.68,117.3153,297300
2015-03-20,139.88,140.35,138.65,139.38,117.9075,349100
2015-03-23,139.16,139.48,138.31,138.86,117.4676,279800
2015-03-24,138.98,139.45,137.72,137.74,116.5201,267900
2015-03-25,137.96,138.7,134.82,134.9,114.1176,368000
2015-03-26,134.08,135.62,133.28,134.52,113.7962,293000
2015-03-27,134.74,136.15,134.69,135.76,114.8451,241200
2015-03-30,137.24,137.35,136.58,137.25,116.1056,329900
2015-03-31,136.98,137.53,135.42,135.52,114.6421,325100
2015-04-01,135.31,135.31,132.72,133.83,113.2125,392300
2015-04-02,133.9,134.55,133.54,134.12,113.4578,213600
2015-04-06,133.67,134.99,133.06,134.33,113.6355,195300
2015-04-07,134.41,135.62,134.41,134.54,113.8131,257100
2015-04-08,134.99,136.35,134.87,135.9,114.9636,247800
2015-04-09,135.99,136.94,135.6,136.79,115.7165,290400
2015-04-10,136.79,138.17,136.43,137.97,116.7147,219400
2015-04-13,137.93,138.75,137.4,137.47,116.2917,291500
2015-04-14,137.75,137.85,136.5,137.57,116.3763,197200
2015-04-15,138.2,138.5,137.63,137.88,116.6385,240400
2015-04-16,138.09,138.39,137.67,137.92,116.6724,269800
2015-04-17,137.43,137.57,135.78,136.69,115.6319,305300
2015-04-20,137.57,137.83,137.01,137.47,116.2917,169200
2015-04-21,138.44,138.77,138.18,138.47,117.1377,181400
2015-04-22,138.87,138.97,137.87,138.58,117.2307,204000
2015-04-23,138.46,139.57,137.88,139.29,117.8313,235200
2015-04-24,139.59,139.59,138.27,138.79,117.4083,179600
2015-04-27,139.6,139.6,135.75,136.0,115.0482,333800
2015-04-28,136.46,136.65,134.05,136.29,115.2935,286300
2015-04-29,135.88,136.4,134.2,135.19,114.3629,294500
2015-04-30,134.57,135.17,132.16,132.83,112.3665,422300
2015-05-01,133.74,134.84,133.56,134.64,113.8977,192500
2015-05-04,135.0,136.31,135.0,135.59,114.7013,247300
2015-05-05,135.54,135.71,133.63,133.83,113.2125,248300
2015-05-06,134.54,134.54,132.61,133.64,113.0517,228400
2015-05-07,133.5,134.7,133.08,134.34,113.6439,184600
2015-05-08,135.75,136.85,135.53,136.5,115.4711,210800
2015-05-11,136.8,137.18,136.47,136.54,115.505,171400
2015-05-12,135.88,136.25,135.08,135.96,115.0143,192600
2015-05-13,136.35,136.89,135.62,135.87,114.9382,138600
2015-05-14,136.58,137.71,135.94,137.65,116.444,154800
2015-05-15,137.95,138.08,137.5,137.96,116.7062,181900
2015-05-18,137.92,139.16,137.83,138.95,117.5437,219600
2015-05-19,139.2,139.9,138.78,139.58,118.0767,167200
2015-05-20,139.77,140.48,139.28,139.92,118.3643,221100
2015-05-21,139.79,140.02,139.49,139.84,118.2966,195900
2015-05-22,139.62,140.35,139.52,139.62,118.1105,159300
2015-05-26,139.91,139.91,138.08,138.41,117.0868,249300
2015-05-27,138.88,140.11,138.47,140.01,118.4403,181100
2015-05-28,139.93,140.35,139.37,140.04,118.4658,195700
2015-05-29,139.9,140.96,139.27,139.82,118.2797,229900
2015-06-01,140.66,140.73,139.25,140.18,118.5842,267000
2015-06-02,139.92,140.0,138.78,139.44,117.9582,228200
2015-06-03,139.94,139.94,139.3,139.77,118.2374,149700
2015-06-04,139.48,139.72,138.2,138.75,117.3745,242700
2015-06-05,138.54,138.97,137.56,138.88,117.4845,232400
2015-06-08,139.49,139.49,138.26,138.27,116.9684,259800
2015-06-09,138.54,138.54,137.35,138.06,116.7908,241500
2015-06-10,138.5,139.79,137.97,139.67,118.1527,265500
2015-06-11,140.01,140.84,139.92,140.63,118.9649,189900
2015-06-12,140.42,140.42,138.8,139.05,117.6283,275300
2015-06-15,138.3,139.37,137.31,139.1,117.6706,215500
2015-06-16,139.04,139.9,138.88,139.77,118.2374,229000
2015-06-17,140.08,140.37,139.28,140.02,118.4488,226900
2015-06-18,140.49,142.62,140.39,142.22,120.3099,425200
2015-06-19,143.55,143.55,142.0,142.14,120.2422,257800
2015-06-22,143.26,143.87,143.09,143.35,121.2659,272000
2015-06-23,143.7,143.94,143.01,143.54,121.4266,357000
2015-06-24,143.43,143.43,141.96,141.99,120.1154,343400
2015-06-25,142.5,143.3,142.07,142.72,120.7329,405400
2015-06-26,143.42,143.42,141.87,142.43,120.4876,210400
2015-06-29,141.01,141.99,138.98,139.12,117.6875,1655700
2015-06-30,140.34,140.7,139.3,139.96,118.3981,311500
2015-07-01,141.35,142.36,140.22,140.87,119.1679,380200
2015-07-02,141.33,141.5,140.03,140.4,118.7703,268800
2015-07-06,139.2,141.26,139.05,140.48,118.838,273800
2015-07-07,140.71,141.03,138.61,141.02,119.2948,429300
2015-07-08,139.99,140.33,138.38,138.57,117.2222,265600
2015-07-09,139.95,141.54,139.24,139.39,117.9159,272100
2015-07-10,141.03,141.47,140.3,141.28,119.5147,296200
2015-07-13,142.4,142.97,142.1,142.68,120.699,350400
2015-07-14,142.85,144.44,142.45,144.25,122.0272,311100
2015-07-15,144.98,145.41,143.96,144.26,122.0357,304000
2015-07-16,145.49,145.49,144.52,145.18,122.8139,390800
2015-07-17,145.25,145.29,144.4,145.09,122.7378,250300
2015-07-20,145.65,145.68,144.94,145.36,122.9662,374800
2015-07-21,146.0,146.0,143.84,144.72,122.4248,313500
2015-07-22,144.37,145.15,143.95,145.03,122.687,192200
2015-07-23,145.61,145.78,144.24,144.52,122.2556,262800
2015-07-24,144.0,144.02,140.78,141.06,119.3286,395700
2015-07-27,140.49,140.95,139.85,140.6,118.9395,304200
2015-07-28,141.87,143.08,140.58,143.08,121.0375,285200
2015-07-29,143.83,143.84,142.5,143.15,121.0966,1649700
2015-07-30,142.97,143.33,141.72,143.02,120.9867,200500
2015-07-31,143.65,144.67,143.49,143.98,121.7988,215500
2015-08-03,144.14,144.6,142.87,143.88,121.7142,241500
2015-08-04,144.01,144.56,143.34,143.78,121.6296,362500
2015-08-05,144.68,145.25,144.39,144.86,122.5432,240400
2015-08-06,145.09,145.18,141.29,141.59,119.777,371800
2015-08-07,141.44,141.61,139.5,141.1,119.3625,346100
2015-08-10,142.19,142.95,141.9,142.11,120.2169,275900
2015-08-11,141.0,141.83,140.25,141.08,119.3455,255800
2015-08-12,140.01,141.31,138.28,141.19,119.4386,443900
2015-08-13,141.21,141.81,140.47,140.79,119.1002,180700
2015-08-14,140.68,141.11,139.84,140.99,119.2694,145300
2015-08-17,140.48,142.75,140.0,142.72,120.7329,182100
2015-08-18,142.61,143.23,142.2,142.39,120.4538,235600
2015-08-19,142.32,142.61,140.65,141.65,119.8277,350800
2015-08-20,140.36,141.07,137.97,138.1,116.8246,417300
2015-08-21,136.4,137.88,134.13,134.13,113.4662,994200
2015-08-24,126.24,132.87,91.31,129.03,109.1519,1937500
2015-08-25,134.0,134.0,127.18,127.21,107.6123,1671800
2015-08-26,128.48,132.62,127.5,132.54,112.1212,615200
2015-08-27,134.96,135.46,132.45,135.11,114.2953,817100
2015-08-28,134.86,135.4,133.7,134.95,114.1599,483600
2015-08-31,134.72,135.34,132.03,132.38,111.9859,321500
2015-09-01,131.06,131.06,128.22,128.86,109.0081,777000
2015-09-02,130.87,131.58,129.36,131.58,111.3091,356800
2015-09-03,132.37,132.99,130.2,130.5,110.3955,374100
2015-09-04,128.87,130.2,128.15,129.05,109.1689,293700
2015-09-08,131.44,132.88,130.62,132.83,112.3665,243200
2015-09-09,134.38,134.38,130.45,130.77,110.6239,294700
2015-09-10,130.52,132.95,130.39,132.07,111.7236,199200
2015-09-11,131.76,133.13,131.23,133.13,112.6203,137000
2015-09-14,133.02,133.23,131.98,132.7,112.2565,146600
2015-09-15,133.31,134.75,132.74,134.43,113.72,169800
2015-09-16,134.25,134.94,133.46,134.76,113.9992,184900
2015-09-17,134.8,137.97,134.8,136.25,115.2596,284000
2015-09-18,134.86,135.68,134.06,134.42,113.7115,226500
2015-09-21,135.19,135.43,131.26,132.18,111.8167,276700
2015-09-22,130.38,131.26,129.63,131.08,110.8861,268000
2015-09-23,130.16,131.0,129.07,129.71,110.6924,161000
2015-09-24,128.75,129.11,126.75,128.33,109.5147,363900
2015-09-25,129.7,129.7,123.37,124.38,106.1439,627500
2015-09-28,123.55,123.75,117.9,119.19,101.7148,1285700
2015-09-29,119.59,122.16,118.51,119.81,102.2439,740200
2015-09-30,121.37,122.83,120.83,122.56,104.5907,319200
2015-10-01,122.92,123.54,121.47,123.49,105.3843,351300
2015-10-02,122.05,126.23,121.44,126.23,107.7226,326500
2015-10-05,127.45,127.72,125.34,126.58,108.0213,338100
2015-10-06,126.3,126.3,121.36,123.27,105.1966,745400
2015-10-07,124.06,125.78,122.4,125.04,106.7071,379400
2015-10-08,124.86,125.68,122.99,125.25,106.8863,397100
2015-10-09,125.28,126.48,124.9,125.98,107.5093,330400
2015-10-12,125.83,126.69,125.26,126.21,107.7056,218000
2015-10-13,125.74,127.43,124.4,124.5,106.2463,324500
2015-10-14,124.81,126.33,123.99,124.24,106.0244,251100
2015-10-15,124.0,127.39,123.55,127.35,108.6784,194300
2015-10-16,127.67,128.69,127.22,128.4,109.5745,223000
2015-10-19,128.19,129.46,127.24,128.79,109.9073,253300
2015-10-20,128.84,128.84,126.32,126.81,108.2176,271700
2015-10-21,127.56,127.97,123.43,125.55,107.1423,426700
2015-10-22,126.15,126.15,122.83,124.52,106.2634,468800
2015-10-23,125.34,127.88,125.26,127.26,108.6016,371700
2015-10-26,127.09,128.69,126.56,127.74,109.0112,209300
2015-10-27,128.16,129.95,128.16,129.91,110.8631,215100
2015-10-28,129.99,131.43,128.57,131.42,112.1517,317900
2015-10-29,131.98,133.0,131.14,131.66,112.3565,272800
2015-10-30,131.79,132.33,130.93,130.93,111.7335,198300
2015-11-02,131.76,134.04,131.58,133.84,114.2169,301200
2015-11-03,133.67,134.1,132.58,133.72,114.1145,327600
2015-11-04,134.19,134.2,132.42,133.4,113.8414,296000
2015-11-05,133.29,133.29,131.52,132.9,113.4147,211700
2015-11-06,132.0,132.61,130.87,132.6,113.1587,195800
2015-11-09,132.14,132.2,130.95,131.69,112.3821,295500
2015-11-10,131.5,132.75,131.36,132.54,113.1075,159700
2015-11-11,133.08,133.08,131.01,131.01,111.8018,174800
2015-11-12,130.38,130.78,128.7,128.75,109.8731,223100
2015-11-13,128.58,129.8,128.21,128.64,109.7793,191800
2015-11-16,128.68,130.0,128.0,129.97,110.9143,232000
2015-11-17,130.83,131.57,129.64,130.66,111.5031,219800
2015-11-18,131.07,133.33,130.81,133.2,113.6707,182200
2015-11-19,132.71,132.71,130.76,130.96,111.7591,260500
2015-11-20,131.67,132.63,131.64,131.98,112.6296,231500
2015-11-23,131.74,132.7,131.59,132.0,112.6466,162000
2015-11-24,131.29,132.5,131.01,132.42,113.0051,132300
2015-11-25,132.47,133.34,132.44,133.18,113.6537,125400
2015-11-27,133.25,133.75,133.18,133.48,113.9097,80800
2015-11-30,133.63,133.66,131.72,131.81,112.4845,162800
2015-12-01,132.43,133.82,131.99,133.72,114.1145,340600
2015-12-02,133.71,134.32,132.45,132.63,113.1843,278400
2015-12-03,133.12,133.12,129.04,129.62,110.6156,264100
2015-12-04,130.5,132.65,130.21,132.53,113.099,212000
2015-12-07,132.36,132.67,130.89,131.46,112.1858,186800
2015-12-08,130.57,132.28,130.3,131.91,112.5699,152000
2015-12-09,131.33,132.44,130.0,130.52,111.3836,196000
2015-12-10,130.86,132.28,130.42,131.55,112.2626,144400
2015-12-11,130.12,130.5,129.2,129.37,110.4022,316500
2015-12-14,129.39,130.1,128.0,129.97,110.9143,256400
2015-12-15,131.02,132.33,131.02,131.81,112.4845,242200
2015-12-16,132.75,133.95,131.81,133.75,114.1401,370400
2015-12-17,133.98,133.98,132.27,132.27,112.8771,224000
2015-12-18,131.86,131.89,130.64,130.64,111.486,200200
2015-12-21,131.71,131.81,130.7,131.81,112.4845,223500
2015-12-22,132.26,132.78,131.41,132.57,113.1331,183500
2015-12-23,133.21,133.83,132.7,133.54,114.3715,386900
2015-12-24,133.48,134.12,133.38,133.71,114.5171,74600
2015-12-28,133.12,133.39,132.6,133.1,113.9947,309800
2015-12-29,133.84,135.0,133.75,134.76,115.4164,212000
2015-12-30,134.66,134.86,134.06,134.14,114.8854,242300
2015-12-31,133.65,134.17,132.88,132.88,113.8063,167800
2016-01-04,131.04,131.16,129.13,130.27,111.5709,513300
2016-01-05,130.65,131.5,130.35,130.87,112.0848,227700
2016-01-06,129.24,130.57,128.63,129.53,110.9371,269100
2016-01-07,127.27,128.49,121.09,126.67,108.4876,379100
2016-01-08,127.43,127.84,124.58,124.83,106.9118,401300
2016-01-11,125.22,125.4,121.21,123.02,105.3616,359900
2016-01-12,124.17,125.52,122.33,124.44,106.5777,379500
2016-01-13,124.94,125.44,120.28,120.5,103.2033,291500
2016-01-14,120.89,124.4,119.68,123.58,105.8412,506900
2016-01-15,119.88,122.13,119.76,121.9,104.4023,380900
2016-01-19,123.23,123.59,120.09,121.38,103.957,421800
2016-01-20,119.78,123.19,117.72,121.96,104.4537,698600
2016-01-21,122.28,122.78,120.36,121.33,103.9142,367800
2016-01-22,123.65,123.75,122.56,123.37,105.6614,192500
2016-01-25,123.11,123.98,122.16,122.31,104.7535,409300
2016-01-26,122.56,123.4,121.25,123.12,105.4472,251700
2016-01-27,123.14,124.08,120.72,121.52,104.0769,167600
2016-01-28,122.14,122.14,117.81,118.49,101.4818,283000
2016-01-29,118.76,120.56,118.33,120.51,103.2119,488300
2016-02-01,119.88,121.5,119.2,120.85,103.5031,243500
2016-02-02,119.75,120.26,118.65,119.0,101.9186,276200
2016-02-03,119.6,119.9,116.86,119.57,102.4068,489300
2016-02-04,119.09,120.56,118.22,119.21,102.0985,316400
2016-02-05,118.73,119.06,115.92,116.64,99.8974,282900
2016-02-08,115.11,115.4,113.13,114.54,98.0988,493800
2016-02-09,113.19,116.53,113.02,115.31,98.7583,385400
2016-02-10,116.16,118.32,116.16,116.33,99.6319,332300
2016-02-11,114.26,115.26,113.59,114.49,98.056,540600
2016-02-12,115.11,116.12,114.15,116.06,99.4006,372600
2016-02-16,117.31,118.43,117.02,118.43,101.4304,256300
2016-02-17,119.28,120.33,118.6,120.29,103.0234,271000
2016-02-18,120.49,120.75,118.97,119.22,102.107,241300
2016-02-19,118.73,119.6,118.27,119.39,102.2526,140300
2016-02-22,120.31,120.99,120.15,120.95,103.5887,166800
2016-02-23,120.55,121.19,119.83,119.87,102.6637,156700
2016-02-24,118.89,120.5,117.8,120.38,103.1005,191200
2016-02-25,120.79,121.82,120.43,121.82,104.3338,156800
2016-02-26,122.14,122.78,121.63,121.79,104.3081,171300
2016-02-29,121.53,121.7,119.88,119.88,102.6723,218900
2016-03-01,120.42,122.5,119.76,122.47,104.8905,178100
2016-03-02,122.19,122.91,122.12,122.89,105.2502,153100
2016-03-03,122.58,122.87,121.58,122.63,105.0275,165600
2016-03-04,122.57,123.32,121.91,122.45,104.8734,251600
2016-03-07,121.74,124.09,121.67,123.58,105.8412,227500
2016-03-08,123.17,123.44,121.65,121.81,104.3252,263300
2016-03-09,122.46,122.47,121.16,121.85,104.3595,186500
2016-03-10,122.4,123.39,120.87,121.79,104.3081,241600
2016-03-11,122.72,124.44,122.63,124.43,106.5692,208000
2016-03-14,123.95,124.36,123.59,123.99,106.1923,120600
2016-03-15,123.07,123.11,121.27,121.62,104.1626,239800
2016-03-16,121.5,122.09,120.35,121.28,103.8713,268200
2016-03-17,121.21,121.21,118.63,119.95,102.7322,510600
2016-03-18,120.19,121.91,119.91,121.61,104.154,266000
2016-03-21,121.15,122.11,121.0,121.89,104.7348,239900
2016-03-22,121.4,123.56,121.4,123.27,105.9206,306600
2016-03-23,123.14,123.43,122.04,122.16,104.9668,188300
2016-03-24,121.51,122.58,121.09,122.03,104.8551,163700
2016-03-28,122.39,122.62,121.43,121.74,104.6059,255200
2016-03-29,121.55,123.39,121.0,123.3,105.9464,302000
2016-03-30,123.78,124.4,123.09,123.37,106.0065,233400
2016-03-31,123.21,124.24,123.18,123.3,105.9464,327700
2016-04-01,122.88,125.2,122.5,124.95,107.3642,230700
2016-04-04,125.15,126.72,125.0,126.14,108.3867,180200
2016-04-05,124.87,125.72,124.45,124.66,107.115,260100
2016-04-06,124.79,128.25,124.6,128.16,110.1224,261000
2016-04-07,127.57,128.16,126.18,126.86,109.0053,279800
2016-04-08,127.61,127.65,125.71,126.25,108.4812,326000
2016-04-11,126.46,126.7,125.06,125.37,107.7251,215100
2016-04-12,125.39,126.6,125.19,126.35,108.5671,154100
2016-04-13,127.09,127.88,126.39,127.65,109.6842,164900
2016-04-14,127.69,128.3,127.38,127.93,109.9248,153800
2016-04-15,128.14,128.14,126.91,127.81,109.8216,139200
2016-04-18,127.47,129.2,127.24,129.05,110.8871,187100
2016-04-19,129.14,130.11,128.61,129.21,111.0246,286200
2016-04-20,129.47,130.62,129.32,130.0,111.7034,197600
2016-04-21,130.02,131.06,129.83,130.81,112.3994,193800
2016-04-22,130.92,131.5,130.31,131.31,112.829,137400
2016-04-25,130.81,131.09,130.3,130.69,112.2963,155200
2016-04-26,130.89,130.96,129.6,130.01,111.712,189100
2016-04-27,130.2,130.47,129.37,129.94,111.6518,105300
2016-04-28,129.18,130.58,128.65,129.02,110.8613,171100
2016-04-29,128.07,128.14,126.3,127.06,109.1772,200900
2016-05-02,127.19,127.88,126.75,127.85,109.856,177700
2016-05-03,127.17,128.02,126.75,127.25,109.3404,125200
2016-05-04,126.64,126.67,125.39,125.81,108.1031,160300
2016-05-05,125.94,126.4,125.4,126.21,108.4468,153200
2016-05-06,125.7,126.12,124.46,125.57,107.8969,163800
2016-05-09,125.69,127.5,125.69,127.04,109.16,316900
2016-05-10,127.73,128.07,127.05,128.05,110.0279,127100
2016-05-11,127.95,128.17,126.45,126.48,108.6788,162300
2016-05-12,126.72,126.72,124.75,125.62,107.9399,222600
2016-05-13,125.38,126.31,125.2,125.48,107.8196,121200
2016-05-16,125.51,127.52,125.5,127.38,109.4522,125300
2016-05-17,127.05,127.38,125.5,125.96,108.232,121700
2016-05-18,125.77,127.17,125.62,126.55,108.7389,126100
2016-05-19,125.8,126.5,124.65,125.57,107.8969,168800
2016-05-20,125.93,127.16,125.76,126.79,108.9452,177800
2016-05-23,126.49,126.98,126.32,126.36,108.5757,112100
2016-05-24,127.01,128.54,126.78,128.34,110.277,146900
2016-05-25,128.76,129.42,128.62,129.21,111.0246,119600
2016-05-26,129.09,129.23,128.67,128.96,110.8098,134700
2016-05-27,129.17,129.89,129.1,129.7,111.4456,112200
2016-05-31,130.01,130.45,129.61,130.08,111.7721,143100
2016-06-01,129.66,130.9,129.5,130.63,112.2447,122400
2016-06-02,130.71,132.39,130.71,132.39,113.757,150100
2016-06-03,132.18,132.24,130.78,131.71,113.1728,152800
2016-06-06,131.71,132.82,131.41,132.57,113.9117,146400
2016-06-07,132.14,132.25,131.38,131.88,113.3188,131900
2016-06-08,131.7,132.57,131.5,132.53,113.8773,113900
2016-06-09,131.93,132.89,131.65,132.01,113.4305,177000
2016-06-10,131.11,131.26,130.16,130.62,112.2361,142400
2016-06-13,130.26,131.3,129.6,129.63,111.3855,160900
2016-06-14,129.19,129.78,128.64,129.67,111.4198,134300
2016-06-15,130.01,130.34,128.85,128.97,110.8184,115400
2016-06-16,128.51,129.43,127.77,129.4,111.1878,121200
2016-06-17,129.46,129.46,127.47,127.8,109.813,94300
2016-06-20,128.95,129.65,128.7,128.8,110.6723,117600
2016-06-21,128.71,128.9,127.49,127.89,110.2576,109600
2016-06-22,127.95,129.75,127.86,128.25,110.568,129000
2016-06-23,129.39,129.99,128.88,129.96,112.0422,111100
2016-06-24,125.65,128.02,125.57,126.15,108.7575,348800
2016-06-27,125.09,125.73,123.56,124.11,106.9988,345800
2016-06-28,125.3,126.8,124.97,126.8,109.3179,209200
2016-06-29,127.77,129.51,127.74,129.18,111.3698,152900
2016-06-30,129.5,130.49,128.83,130.49,112.4992,213700
2016-07-01,130.42,131.57,130.25,131.31,113.2061,164200
2016-07-05,130.76,131.55,130.62,131.12,113.0423,165100
2016-07-06,130.75,132.82,130.56,132.64,114.3527,231700
2016-07-07,132.65,133.13,131.94,132.64,114.3527,392100
2016-07-08,132.95,134.36,132.63,134.06,115.577,206100
2016-07-11,134.35,134.76,133.96,133.97,115.4994,165300
2016-07-12,134.41,134.96,134.31,134.66,116.0942,254400
2016-07-13,134.8,135.37,134.41,134.55,115.9994,1102100
2016-07-14,135.16,135.26,134.47,134.94,116.3356,222400
2016-07-15,135.27,135.83,134.79,135.0,116.3873,313600
2016-07-18,135.02,135.33,134.58,135.04,116.4218,260200
2016-07-19,135.04,135.5,134.25,134.66,116.0942,184100
2016-07-20,135.11,136.3,135.11,136.02,117.2667,228200
2016-07-21,136.15,136.83,135.85,136.42,117.6116,165400
2016-07-22,136.58,136.84,135.98,136.7,117.853,123000
2016-07-25,136.71,136.83,135.66,136.48,117.6633,115500
2016-07-26,136.09,136.53,135.79,136.44,117.6288,113300
2016-07-27,136.53,137.36,135.99,137.05,118.1547,144400
2016-07-28,136.89,137.3,136.3,137.0,118.1116,123400
2016-07-29,136.74,137.71,136.68,137.56,118.5944,348900
2016-08-01,137.72,138.99,137.26,138.38,119.3013,269500
2016-08-02,138.35,138.35,136.83,137.72,118.7324,367000
2016-08-03,137.55,137.7,137.22,137.55,118.5858,108500
2016-08-04,137.83,137.89,137.32,137.36,118.422,99000
2016-08-05,137.55,137.82,137.03,137.73,118.741,155200
2016-08-08,137.75,137.8,136.16,136.59,117.7581,177200
2016-08-09,136.76,137.36,136.71,136.92,118.0427,140700
2016-08-10,136.7,136.78,135.83,136.2,117.4219,130100
2016-08-11,136.45,137.11,136.2,136.89,118.0168,150100
2016-08-12,136.79,136.79,136.15,136.77,117.9133,102200
2016-08-15,136.97,137.37,136.85,137.14,118.2323,96100
2016-08-16,136.75,136.97,135.74,135.83,117.1029,118100
2016-08-17,135.89,136.11,135.05,135.93,117.1892,113500
2016-08-18,135.75,136.24,135.42,136.07,117.3098,137700
2016-08-19,135.65,135.95,135.29,135.87,117.1374,120100
2016-08-22,135.99,136.87,135.99,136.44,117.6288,115100
2016-08-23,136.68,137.3,136.51,136.62,117.784,126600
2016-08-24,136.5,136.85,133.95,134.21,115.7062,140200
2016-08-25,134.12,134.52,132.54,133.16,114.801,201500
2016-08-26,133.32,134.43,132.9,133.79,115.3442,170300
2016-08-29,133.89,134.48,133.52,134.12,115.6286,156600
2016-08-30,134.08,134.25,133.37,133.7,115.2666,120900
2016-08-31,133.15,133.72,132.78,133.18,114.8183,149500
2016-09-01,133.27,133.61,132.31,132.97,114.6372,349500
2016-09-02,133.34,133.46,132.8,133.16,114.801,190800
2016-09-06,133.37,134.09,133.29,133.91,115.4476,175200
2016-09-07,133.81,134.43,133.56,133.95,115.4821,131900
2016-09-08,133.67,134.28,133.54,134.14,115.6459,126100
2016-09-09,133.28,133.28,131.29,131.29,113.1888,263200
2016-09-12,130.76,133.7,130.57,133.4,115.0079,200400
2016-09-13,132.52,132.57,130.84,131.58,113.4389,262800
2016-09-14,131.7,132.54,131.21,131.58,113.4389,154500
2016-09-15,131.59,133.48,131.2,133.08,114.732,167700
2016-09-16,132.84,133.49,132.64,133.34,114.9562,114700
2016-09-19,133.62,134.05,132.84,132.92,114.5941,94300
2016-09-20,132.9,133.37,132.89,132.89,114.9991,85000
2016-09-21,133.31,134.47,132.43,134.2,116.1327,173300
2016-09-22,134.85,135.47,134.71,135.22,117.0154,129300
2016-09-23,135.07,135.39,134.71,134.76,116.6173,127800
2016-09-26,134.37,134.5,132.93,133.21,115.276,151900
2016-09-27,133.08,134.24,132.84,134.24,116.1674,118200
2016-09-28,134.33,134.43,133.29,133.97,115.9337,120200
2016-09-29,133.8,133.95,131.1,131.44,113.7443,178200
2016-09-30,131.81,133.26,131.6,132.89,114.9991,300000
2016-10-03,132.47,132.69,131.67,132.57,114.7222,128200
2016-10-04,132.64,133.12,131.78,132.35,114.5318,139700
2016-10-05,132.76,133.33,132.59,133.04,115.1289,115900
2016-10-06,132.45,132.58,131.68,132.22,114.4193,181200
2016-10-07,132.5,132.74,131.4,132.27,114.4626,150600
2016-10-10,132.27,133.5,132.27,133.08,115.1635,99600
2016-10-11,132.2,132.27,129.08,129.71,112.2473,330400
2016-10-12,129.71,130.13,128.72,128.83,111.4857,192000
2016-10-13,128.0,129.36,127.63,128.93,111.5722,200600
2016-10-14,129.26,129.44,127.77,127.77,110.5684,249500
2016-10-17,127.66,127.92,127.07,127.49,110.3261,279800
2016-10-18,128.44,129.19,128.35,128.88,111.529,285800
2016-10-19,128.96,129.09,128.3,128.36,111.079,132000
2016-10-20,128.33,129.37,128.09,128.99,111.6242,134200
2016-10-21,128.16,128.36,127.72,128.05,110.8107,160600
2016-10-24,128.54,128.59,127.81,127.81,110.603,363700
2016-10-25,127.51,128.02,127.23,127.32,110.179,163100
2016-10-26,127.11,127.11,125.73,126.11,109.1319,216300
2016-10-27,126.96,127.32,126.31,126.42,109.4002,221400
2016-10-28,125.61,125.61,123.61,123.95,107.2627,333800
2016-10-31,123.87,123.91,123.26,123.35,106.7435,220200
2016-11-01,123.36,123.71,121.66,122.78,106.2502,321600
2016-11-02,122.46,123.24,121.95,121.98,105.5579,261500
2016-11-03,122.14,122.76,120.38,120.56,104.3291,377400
2016-11-04,120.5,122.39,120.5,121.53,105.1685,240700
2016-11-07,123.12,124.99,123.05,124.67,107.8857,421100
2016-11-08,124.5,125.96,123.71,125.07,108.2319,288400
2016-11-09,128.39,130.88,126.67,129.47,112.0395,1915500
2016-11-10,132.23,132.23,129.99,131.11,113.4587,877700
2016-11-11,130.85,130.85,128.81,129.59,112.1434,389100
2016-11-14,130.0,130.91,129.21,129.45,112.0222,259900
2016-11-15,129.99,130.0,128.57,129.86,112.377,288200
2016-11-16,129.75,130.14,129.07,129.19,111.7972,340300
2016-11-17,129.35,129.94,129.0,129.87,112.3857,216700
2016-11-18,130.01,130.1,128.55,128.61,111.2953,217400
2016-11-21,128.89,129.23,128.71,129.03,111.6588,229600
2016-11-22,129.12,129.12,126.38,127.19,110.0665,321000
2016-11-23,125.7,127.95,125.3,127.9,110.6809,239800
2016-11-25,128.04,128.56,127.9,128.49,111.1915,158800
2016-11-28,128.16,128.25,127.11,127.17,110.0492,195900
2016-11-29,127.54,128.38,127.54,127.9,110.6809,123000
2016-11-30,128.18,128.18,126.56,126.65,109.5992,342200
2016-12-01,126.7,126.89,125.12,125.39,108.5088,293300
2016-12-02,125.44,126.38,125.11,125.84,108.8982,284900
2016-12-05,126.36,126.57,125.46,125.88,108.9328,272400
2016-12-06,126.2,126.54,125.56,126.54,109.504,207000
2016-12-07,125.76,125.76,123.53,125.27,108.405,492100
2016-12-08,124.86,125.7,124.09,125.59,108.6819,509000
2016-12-09,125.93,127.29,125.93,126.97,109.8761,350100
2016-12-12,126.81,127.59,126.73,127.5,110.3348,377200
2016-12-13,127.88,128.5,127.88,128.26,110.9924,629100
2016-12-14,127.66,128.38,126.67,127.18,110.5067,330000
2016-12-15,127.35,128.15,127.17,128.09,111.2974,354200
2016-12-16,128.36,128.72,127.8,128.09,111.2974,211300
2016-12-19,128.41,128.79,127.4,127.59,110.863,359900
2016-12-20,127.94,128.0,127.25,127.62,110.8891,290800
2016-12-21,127.62,127.72,126.62,126.79,110.1678,232000
2016-12-22,126.66,126.83,126.14,126.78,110.1592,397700
2016-12-23,126.69,127.98,126.69,127.9,111.1323,166300
2016-12-27,128.11,128.93,128.0,128.03,111.2453,352900
2016-12-28,128.02,128.23,126.98,127.01,110.359,187700
2016-12-29,127.01,127.63,126.92,127.12,110.4546,175100
2016-12-30,127.23,127.35,126.31,126.77,110.1505,350700
2017-01-03,127.29,128.34,127.0,128.34,111.5146,392900
2017-01-04,128.58,129.9,128.56,129.59,112.6008,334400
2017-01-05,129.59,130.2,129.32,130.15,113.0874,231700
2017-01-06,130.33,130.96,129.87,130.55,113.4349,264400
2017-01-09,130.6,131.71,130.51,131.54,114.2951,301300
2017-01-10,131.74,132.62,131.26,132.01,114.7035,270800
2017-01-11,132.18,132.62,129.38,130.47,113.3654,397300
2017-01-12,130.15,130.81,129.58,130.67,113.5392,343400
2017-01-13,130.95,131.62,130.6,131.01,113.8346,182000
2017-01-17,130.61,130.61,129.3,130.19,113.1221,271600
2017-01-18,130.49,130.73,129.82,130.15,113.0874,183100
2017-01-19,130.11,130.11,129.08,129.31,112.3575,167000
2017-01-20,129.47,129.87,128.84,129.02,112.1055,204800
2017-01-23,128.76,129.19,127.96,128.31,111.4886,286200
2017-01-24,128.19,128.75,126.91,127.66,110.9238,278100
2017-01-25,127.95,128.93,127.76,128.81,111.923,210000
2017-01-26,128.48,128.82,127.88,127.88,111.115,233100
2017-01-27,128.2,128.91,128.11,128.83,111.9404,205600
2017-01-30,128.49,128.86,127.5,128.07,111.2801,244400
2017-01-31,127.91,130.2,127.62,130.14,113.0787,321200
2017-02-01,130.45,131.17,130.08,131.06,113.8781,215400
2017-02-02,130.95,131.45,130.45,131.31,114.0953,300100
2017-02-03,131.77,132.13,131.13,132.07,114.7557,171400
2017-02-06,131.89,132.07,131.46,132.07,114.7557,131400
2017-02-07,132.18,132.64,131.7,131.98,114.6774,177300
2017-02-08,131.29,132.18,131.09,131.9,114.6079,167700
2017-02-09,131.9,133.06,131.85,132.76,115.3552,144900
2017-02-10,132.88,133.3,132.6,132.86,115.4421,163400
2017-02-13,133.3,133.77,133.09,133.68,116.1546,219600
2017-02-14,133.61,134.85,133.38,134.85,117.1712,416600
2017-02-15,134.53,136.51,134.53,136.3,118.4311,239600
2017-02-16,136.38,136.5,135.07,136.04,118.2052,195200
2017-02-17,135.65,136.31,135.6,136.31,118.4398,322500
2017-02-21,136.58,137.29,136.42,136.86,118.9177,468700
2017-02-22,136.82,137.13,136.5,136.56,118.657,197900
2017-02-23,136.75,137.53,136.31,137.29,119.2913,248700
2017-02-24,137.04,138.15,137.04,138.1,119.9951,238800
2017-02-27,138.03,139.13,137.9,139.05,120.8205,376900
2017-02-28,138.74,139.15,138.34,138.49,120.334,253200
2017-03-01,139.08,140.42,138.92,140.11,121.7416,541500
2017-03-02,139.82,140.47,139.58,139.65,121.3419,458200
2017-03-03,139.54,140.3,139.39,140.3,121.9067,169000
2017-03-06,139.76,139.94,139.01,139.56,121.2637,161400
2017-03-07,138.49,139.14,138.06,138.48,120.3254,341400
2017-03-08,138.47,139.56,138.47,139.0,120.7771,167400
2017-03-09,139.02,139.9,139.01,139.85,121.5157,134700
2017-03-10,140.37,140.43,139.67,140.24,121.8546,147100
2017-03-13,140.26,140.4,139.59,140.29,121.898,308000
2017-03-14,139.69,140.19,139.42,139.66,121.3506,356700
2017-03-15,139.71,141.68,139.7,141.36,122.8278,131100
2017-03-16,141.53,141.53,139.64,140.21,121.8285,447300
2017-03-17,140.07,140.07,139.37,139.43,121.1508,153900
2017-03-20,139.69,139.8,139.01,139.29,121.0291,109300
2017-03-21,139.76,139.99,137.59,137.78,119.7171,255800
2017-03-22,137.84,138.16,137.16,138.03,119.9343,132600
2017-03-23,137.79,138.52,137.33,137.5,119.4738,144500
2017-03-24,137.2,137.87,136.8,137.38,119.7553,162300
2017-03-27,136.44,138.1,136.01,137.86,120.1738,237800
2017-03-28,137.9,138.14,137.23,137.92,120.2261,288400
2017-03-29,138.19,138.45,137.83,138.02,120.3132,204600
2017-03-30,138.19,138.44,137.63,138.11,120.3917,133400
2017-03-31,137.84,138.14,137.63,137.82,120.1389,115200
2017-04-03,137.93,138.47,137.32,137.67,120.0081,270700
2017-04-04,137.59,137.78,137.15,137.5,119.86,259300
2017-04-05,137.84,138.46,136.81,136.98,119.4067,204800
2017-04-06,137.0,137.41,136.7,137.29,119.6769,223300
2017-04-07,137.14,137.83,136.83,137.52,119.8774,185400
2017-04-10,137.58,138.05,137.22,137.34,119.7205,103300
2017-04-11,137.07,137.38,136.39,137.08,119.4938,109800
2017-04-12,137.05,137.47,136.56,137.08,119.4938,91100
2017-04-13,136.96,137.44,136.83,136.95,119.3805,83500
2017-04-17,136.84,137.41,136.46,137.3,119.6856,90000
2017-04-18,136.8,136.8,135.4,135.97,118.5262,172700
2017-04-19,136.53,136.88,136.31,136.45,118.9446,109900
2017-04-20,136.74,137.5,136.1,137.27,119.6595,98500
2017-04-21,137.0,137.17,136.23,136.51,118.997,124300
2017-04-24,137.92,138.18,137.7,137.82,120.1389,119800
2017-04-25,138.28,138.97,138.01,138.6,120.8188,129700
2017-04-26,138.93,139.75,138.93,139.28,121.4116,175800
2017-04-27,139.38,140.33,139.29,139.76,121.83,144300
2017-04-28,140.04,140.18,139.49,140.13,122.1525,171400
2017-05-01,140.37,140.76,140.19,140.47,122.4489,305600
2017-05-02,140.71,140.89,139.89,140.68,122.632,216000
2017-05-03,140.51,140.51,139.72,140.05,122.0828,114500
2017-05-04,140.29,140.87,140.23,140.85,122.7802,110000
2017-05-05,141.0,141.06,140.21,140.83,122.7627,111100
2017-05-08,140.7,140.7,139.54,139.7,121.7777,122700
2017-05-09,139.84,140.23,139.76,139.96,122.0044,205600
2017-05-10,139.8,139.8,139.04,139.74,121.8126,104700
2017-05-11,139.55,139.82,139.11,139.8,121.8649,107200
2017-05-12,139.74,139.93,139.52,139.66,121.7428,85700
2017-05-15,139.74,140.59,139.71,140.49,122.4664,106200
2017-05-16,140.54,140.54,139.65,140.07,122.1003,134500
2017-05-17,138.99,139.15,138.06,138.07,120.3568,133700
2017-05-18,137.84,139.48,137.77,138.74,120.9409,111800
2017-05-19,139.0,139.57,138.97,139.06,121.2198,114600
2017-05-22,139.07,139.63,139.0,139.44,121.5511,92100
2017-05-23,139.74,140.15,139.71,139.96,122.0044,413900
2017-05-24,140.06,140.44,139.62,140.36,122.3531,205300
2017-05-25,140.61,141.19,140.47,140.95,122.8674,85700
2017-05-26,140.99,141.23,140.55,140.65,122.6059,104700
2017-05-30,140.4,140.77,140.11,140.3,122.3007,91300
2017-05-31,140.41,141.06,140.36,140.82,122.754,158400
2017-06-01,141.03,142.71,141.0,142.71,124.4016,196600
2017-06-02,143.05,143.85,143.0,143.69,125.2558,177600
2017-06-05,143.63,143.63,142.76,143.16,124.7938,114900
2017-06-06,142.89,143.33,142.46,142.79,124.4713,103800
2017-06-07,143.11,143.4,142.85,143.26,124.881,73900
2017-06-08,143.25,143.62,142.74,143.19,124.82,176700
2017-06-09,143.32,144.4,143.19,143.82,125.3691,119100
2017-06-12,143.69,144.09,142.82,143.48,125.0728,83700
2017-06-13,143.8,144.2,143.48,143.94,125.4738,449100
2017-06-14,144.22,145.04,144.14,144.57,126.023,117500
2017-06-15,144.08,144.51,143.62,144.41,125.8834,280300
2017-06-16,144.54,144.79,143.85,144.63,126.0752,121800
2017-06-19,145.0,146.48,144.98,146.37,127.592,128200
2017-06-20,146.4,147.76,146.38,146.79,127.9581,220900
2017-06-21,147.23,148.87,147.09,148.83,129.7364,365100
2017-06-22,149.48,151.23,149.28,150.35,131.0614,354200
2017-06-23,150.56,150.56,149.54,150.41,131.1137,284500
2017-06-26,150.85,150.85,149.78,150.0,130.7563,251200
2017-06-27,149.81,150.16,148.35,148.35,129.318,285800
2017-06-28,148.35,149.13,148.28,148.9,130.2346,163000
2017-06-29,149.0,149.0,146.67,147.54,129.0451,184600
2017-06-30,148.0,148.0,147.37,147.37,128.8964,175400
2017-07-03,148.3,148.35,147.66,147.73,129.2113,381400
2017-07-05,148.0,148.81,147.46,148.67,130.0335,280700
2017-07-06,148.13,148.2,146.4,146.6,128.2229,288500
2017-07-07,146.91,147.6,146.8,147.51,129.0189,153800
2017-07-10,147.84,147.84,146.7,147.0,128.5728,182900
2017-07-11,147.0,147.26,146.26,147.03,128.599,116700
2017-07-12,147.73,148.43,147.51,148.06,129.4999,106100
2017-07-13,148.25,148.56,146.97,148.14,129.5699,176600
2017-07-14,148.29,149.39,148.15,149.02,130.3396,247500
2017-07-17,149.24,149.34,148.46,148.6,129.9722,112300
2017-07-18,148.54,148.62,147.65,148.61,129.981,153000
2017-07-19,149.21,149.75,149.19,149.64,130.8819,175200
2017-07-20,149.89,150.94,149.89,150.63,131.7477,160500
2017-07-21,150.82,151.2,150.29,150.56,131.6866,143500
2017-07-24,150.56,150.82,150.02,150.75,131.8527,141800
2017-07-25,151.23,151.29,149.42,149.66,130.8993,152200
2017-07-26,149.47,149.47,148.77,149.13,130.4358,132400
2017-07-27,149.38,149.38,147.2,147.8,129.2725,194900
2017-07-28,147.85,148.7,147.23,148.56,129.9372,123600
2017-07-31,148.67,148.94,148.2,148.25,129.6661,381600
2017-08-01,148.46,148.46,147.56,147.68,129.1675,219100
2017-08-02,147.81,147.81,146.85,147.38,128.9051,241700
2017-08-03,147.39,147.88,147.09,147.59,129.0888,115000
2017-08-04,147.94,147.94,147.21,147.41,128.9314,94200
2017-08-07,147.51,147.81,147.21,147.76,129.2376,105400
2017-08-08,147.61,147.97,146.75,147.04,128.6077,124100
2017-08-09,146.64,147.21,146.34,147.06,128.6253,215600
2017-08-10,146.54,146.62,144.89,144.89,126.7273,238200
2017-08-11,144.9,146.12,144.9,145.61,127.357,123100
2017-08-14,146.37,146.77,146.22,146.47,128.1092,130600
2017-08-15,146.98,147.02,146.57,146.65,128.2667,109100
2017-08-16,146.98,147.3,146.71,147.02,128.5903,82300
2017-08-17,146.93,147.18,145.1,145.1,126.911,216000
2017-08-18,144.83,145.42,144.38,144.6,126.4736,104000
2017-08-21,144.59,145.32,144.43,145.19,126.9897,119300
2017-08-22,145.33,147.15,145.25,147.02,128.5903,72700
2017-08-23,146.64,146.64,145.88,145.91,127.6194,127600
2017-08-24,146.16,146.68,145.96,146.45,128.0918,148600
2017-08-25,146.99,147.24,146.33,146.33,127.9868,96300
2017-08-28,146.67,147.52,146.67,147.39,128.9139,110300
2017-08-29,146.73,147.8,146.61,147.65,129.1413,130300
2017-08-30,147.62,148.82,147.51,148.46,129.8498,125600
2017-08-31,149.0,151.25,149.0,151.06,132.1238,244600
2017-09-01,151.37,151.67,150.52,151.14,132.1938,268800
2017-09-05,150.71,151.33,149.66,150.45,131.5903,537200
2017-09-06,150.97,151.23,150.23,151.14,132.1938,184300
2017-09-07,151.08,152.78,151.0,152.47,133.3571,210400
2017-09-08,152.53,153.34,152.2,153.11,133.9169,179600
2017-09-11,154.0,154.29,153.48,154.25,134.914,117300
2017-09-12,154.38,154.65,153.98,154.65,135.2638,114200
2017-09-13,154.57,154.66,153.8,154.04,134.7303,281000
2017-09-14,153.78,154.47,153.4,154.23,134.8965,166700
2017-09-15,154.18,154.58,153.6,153.82,134.5378,117200
2017-09-18,154.26,154.43,153.55,153.87,134.5816,193100
2017-09-19,154.07,154.07,152.41,152.6,133.4708,199600
2017-09-20,152.58,153.07,151.85,152.95,133.777,146700
2017-09-21,152.96,153.04,152.15,152.2,133.121,104700
2017-09-22,152.07,152.5,151.42,152.21,133.1297,110000
2017-09-25,152.17,152.63,151.58,151.84,132.8061,518200
2017-09-26,152.0,152.64,151.37,151.45,132.465,210100
2017-09-27,151.34,151.43,150.46,151.16,132.6624,168600
2017-09-28,151.13,151.86,150.82,151.45,132.917,103800
2017-09-29,151.72,152.37,151.14,152.28,133.6454,200100
2017-10-02,152.91,153.92,152.3,153.92,135.0847,300000
2017-10-03,154.27,154.32,153.21,153.9,135.0671,165600
2017-10-04,153.93,154.62,153.87,154.5,135.5937,212200
2017-10-05,154.7,154.73,154.12,154.73,135.7956,173700
2017-10-06,154.62,155.15,154.31,154.6,135.6815,138100
2017-10-09,154.73,154.73,153.25,153.48,134.6985,116900
2017-10-10,154.2,154.2,152.95,153.71,134.9004,201300
2017-10-11,153.84,154.16,153.62,154.03,135.1812,86500
2017-10-12,154.0,154.15,153.68,153.87,135.0408,258600
2017-10-13,153.55,153.69,153.04,153.37,134.602,159800
2017-10-16,153.36,154.02,152.59,152.87,134.1632,276200
2017-10-17,153.05,154.95,153.05,154.61,135.6903,321500
2017-10-18,154.99,155.61,154.62,154.82,135.8746,147700
2017-10-19,154.61,155.61,154.43,155.58,136.5415,98800
2017-10-20,155.8,156.06,155.19,155.91,136.8312,438800
2017-10-23,156.5,156.54,155.34,155.43,136.4099,176200
2017-10-24,155.47,155.47,153.54,154.32,135.4357,161200
2017-10-25,154.11,154.45,153.32,153.99,135.1461,134800
2017-10-26,153.24,153.39,151.65,152.51,133.8472,219400
2017-10-27,152.32,152.8,152.0,152.65,133.9701,211900
2017-10-30,152.32,152.61,150.78,151.07,132.5834,189600
2017-10-31,151.14,151.7,150.76,151.14,132.6449,240100
2017-11-01,151.44,151.93,151.08,151.08,132.5922,319400
2017-11-02,151.24,151.42,150.4,150.73,132.2851,231800
2017-11-03,150.81,152.21,150.71,152.13,133.5137,119400
2017-11-06,152.01,152.17,151.56,151.56,133.0135,136800
2017-11-07,151.81,152.02,151.2,151.71,133.1451,173500
2017-11-08,151.66,152.23,151.5,152.02,133.4172,99600
2017-11-09,151.51,152.06,150.98,151.99,133.3909,257000
2017-11-10,151.52,151.52,150.15,151.09,132.601,215900
2017-11-13,150.67,151.48,150.15,151.2,132.6975,136900
2017-11-14,150.62,150.77,149.92,150.45,132.0393,231200
2017-11-15,149.8,150.56,149.4,150.07,131.7058,125800
2017-11-16,150.33,151.99,150.07,151.81,133.2329,157500
2017-11-17,151.29,151.71,151.0,151.36,132.8379,108700
2017-11-20,151.35,151.36,150.51,150.79,132.3378,107300
2017-11-21,151.44,152.39,151.35,152.13,133.5137,100500
2017-11-22,152.14,152.55,151.98,152.14,133.5225,103500
2017-11-24,152.35,152.59,152.03,152.52,133.8559,28500
2017-11-27,152.62,152.95,152.27,152.47,133.8122,131200
2017-11-28,152.81,153.67,152.39,153.6,134.8038,172700
2017-11-29,153.68,154.88,153.68,154.21,135.3392,271000
2017-11-30,154.73,155.9,154.4,155.49,136.4626,266700
2017-12-01,155.46,155.93,152.92,155.29,136.287,151800
2017-12-04,156.2,156.25,153.1,153.1,134.3651,169300
2017-12-05,153.26,154.09,152.7,152.72,134.0315,133100
2017-12-06,152.84,153.1,151.8,152.5,133.8385,91000
2017-12-07,152.77,153.2,152.17,152.9,134.1895,122400
2017-12-08,153.35,154.62,153.35,154.62,135.699,90100
2017-12-11,154.91,155.35,154.54,154.99,136.0237,468000
2017-12-12,155.33,155.72,155.15,155.54,136.5064,129700
2017-12-13,155.66,156.62,155.6,156.07,136.9716,221100
2017-12-14,155.89,156.01,153.73,153.95,135.6036,188900
2017-12-15,154.57,155.69,154.55,155.57,137.0306,135500
2017-12-18,156.35,156.4,155.62,155.76,137.198,155900
2017-12-19,156.2,156.25,155.51,155.56,137.0218,137000
2017-12-20,155.97,156.21,155.19,155.25,136.7487,224400
2017-12-21,155.58,155.79,154.87,155.01,136.5373,204200
2017-12-22,154.85,154.91,154.2,154.58,136.1586,137000
2017-12-26,154.5,154.95,154.5,154.65,136.2203,311200
2017-12-27,154.88,155.42,154.79,155.04,136.5638,113200
2017-12-28,155.46,155.5,154.7,155.25,136.7487,133400
2017-12-29,155.65,155.77,154.11,154.14,135.771,155700
2018-01-02,154.92,156.1,154.57,156.06,137.4622,329600
2018-01-03,156.23,157.64,155.75,157.61,138.8275,208300
2018-01-04,158.17,158.21,157.27,157.65,138.8627,252000
2018-01-05,158.14,158.93,157.85,158.89,139.955,157400
2018-01-08,158.74,158.89,157.3,158.13,139.2855,280000
2018-01-09,158.49,160.41,158.49,160.09,141.012,289000
2018-01-10,159.69,159.93,158.59,159.9,140.8446,216800
2018-01-11,160.21,160.73,159.75,160.72,141.5669,399600
2018-01-12,161.12,162.07,160.91,161.84,142.5534,189500
2018-01-16,163.0,163.78,161.9,162.09,142.7736,549200
2018-01-17,163.08,164.0,162.63,163.72,144.2094,394000
2018-01-18,163.68,163.88,162.86,163.76,144.2446,152800
2018-01-19,163.94,164.53,163.71,164.52,144.9141,160000
2018-01-22,164.59,166.18,164.52,166.18,146.3762,201000
2018-01-23,166.32,166.89,165.64,165.8,146.0414,342800
2018-01-24,166.44,166.78,165.43,166.1,146.3057,287000
2018-01-25,166.86,167.6,166.29,167.48,147.5213,191000
2018-01-26,168.16,170.79,168.0,170.69,150.3488,239400
2018-01-29,170.33,171.3,170.1,170.47,150.155,283300
2018-01-30,167.45,168.16,166.51,167.05,147.1425,517400
2018-01-31,167.77,168.36,164.1,164.6,144.9845,459000
2018-02-01,164.04,165.65,163.56,164.82,145.1783,461000
2018-02-02,163.76,164.81,162.4,162.4,143.0467,403300
2018-02-05,161.59,162.32,154.26,155.3,136.7928,1069300
2018-02-06,152.5,157.7,152.0,157.03,138.3166,583000
2018-02-07,156.68,159.04,156.5,157.0,138.2902,256200
2018-02-08,157.04,157.42,151.42,151.52,133.4632,348300
2018-02-09,152.79,154.61,148.66,153.32,135.0488,494800
2018-02-12,154.36,156.17,153.07,155.01,136.5373,222800
2018-02-13,154.15,155.46,153.25,155.07,136.5902,179300
2018-02-14,154.27,157.46,154.2,157.16,138.4311,168200
2018-02-15,158.29,159.09,156.75,159.09,140.1311,219200
2018-02-16,158.73,161.16,158.53,160.01,140.9415,281100
2018-02-20,159.25,159.86,157.95,158.33,139.4617,195100
2018-02-21,158.42,160.6,157.84,157.88,139.0653,124900
2018-02-22,158.35,159.31,157.15,157.4,138.6425,112900
2018-02-23,158.3,159.89,157.5,159.89,140.8358,116000
2018-02-26,160.29,161.97,160.1,161.84,142.5534,161000
2018-02-27,161.86,162.22,160.12,160.12,141.0384,105000
2018-02-28,160.59,160.72,157.7,157.7,138.9067,113300
2018-03-01,157.64,158.06,153.96,155.27,136.7663,437800
2018-03-02,154.28,157.5,154.28,157.13,138.4047,239800
2018-03-05,156.4,159.11,156.34,158.62,139.7171,162100
2018-03-06,159.24,159.24,157.76,158.74,139.8228,134100
2018-03-07,157.44,159.71,157.15,159.54,140.5275,104700
2018-03-08,160.05,160.78,159.78,160.65,141.5052,104700
2018-03-09,161.58,163.07,161.24,163.0,143.5751,124300
2018-03-12,163.18,163.71,162.39,162.65,143.2669,123500
2018-03-13,163.34,163.76,162.29,162.66,143.2757,213700
2018-03-14,163.21,163.48,161.3,161.87,142.5798,125200
2018-03-15,162.31,162.65,161.14,161.4,142.1658,165000
2018-03-16,161.14,161.7,161.05,161.05,142.1994,73900
2018-03-19,160.78,160.96,157.2,158.52,139.9655,201100
2018-03-20,158.93,159.25,157.87,158.66,140.0891,106700
2018-03-21,158.8,159.75,158.09,158.28,139.7536,173100
2018-03-22,156.69,157.05,153.73,153.8,135.798,207500
2018-03-23,154.12,154.23,150.61,150.75,133.105,235100
2018-03-26,152.52,154.03,150.79,153.87,135.8598,155800
2018-03-27,154.43,154.58,150.94,151.73,133.9703,209400
2018-03-28,152.03,153.68,151.85,152.3,134.4736,129900
2018-03-29,152.97,154.63,152.2,153.53,135.5596,100900
2018-04-02,153.0,153.44,148.31,149.72,132.1956,251100
2018-04-03,150.45,152.11,149.49,151.78,134.0144,163900
2018-04-04,150.07,154.49,150.0,154.12,136.0805,188700
2018-04-05,154.71,154.8,153.41,153.97,135.9481,179700
2018-04-06,152.71,153.47,148.92,150.21,132.6282,218200
2018-04-09,151.41,153.92,151.0,151.8,134.0321,120900
2018-04-10,153.32,155.02,152.99,154.63,136.5308,132400
2018-04-11,153.55,154.48,153.32,153.56,135.5861,84700
2018-04-12,154.32,155.41,154.16,154.69,136.5838,126700
2018-04-13,155.36,155.36,153.75,154.52,136.4337,117900
2018-04-16,155.54,156.11,155.22,155.55,137.3432,130200
2018-04-17,156.85,157.33,156.05,157.05,138.6675,125500
2018-04-18,157.5,157.84,156.54,157.23,138.8265,133800
2018-04-19,156.87,157.53,155.38,155.87,137.6257,103800
2018-04-20,155.96,156.18,154.63,155.13,136.9723,80100
2018-04-23,155.47,156.0,154.86,155.52,137.3166,122600
2018-04-24,155.96,156.12,153.01,154.16,136.1158,125400
2018-04-25,154.07,154.7,152.82,154.68,136.575,104000
2018-04-26,155.45,157.21,155.25,156.61,138.2791,123700
2018-04-27,156.64,157.5,156.31,157.23,138.8265,94000
2018-04-30,157.69,157.69,154.92,154.93,136.7957,110300
2018-05-01,154.89,155.25,153.83,155.09,136.937,135200
2018-05-02,154.26,154.53,152.99,153.28,135.3389,129000
2018-05-03,152.53,152.64,150.1,152.02,134.2264,114500
2018-05-04,151.47,153.86,151.01,153.28,135.3389,109600
2018-05-07,153.78,154.44,153.0,153.44,135.4801,82700
2018-05-08,152.5,152.93,151.45,152.3,134.4736,412400
2018-05-09,152.63,153.91,151.88,153.37,135.4183,226900
2018-05-10,153.98,156.0,153.98,155.28,137.1047,108700
2018-05-11,155.29,157.84,155.21,157.64,139.1885,134500
2018-05-14,157.89,159.3,157.71,158.62,140.0538,248400
2018-05-15,157.68,157.68,156.27,156.77,138.4204,264600
2018-05-16,156.82,158.26,156.75,157.78,139.3121,81900
2018-05-17,157.57,158.07,156.94,157.87,139.3916,97400
2018-05-18,157.92,158.56,157.46,158.28,139.7536,104100
2018-05-21,158.76,159.22,158.03,158.34,139.8066,93700
2018-05-22,158.65,158.72,157.72,157.89,139.4092,70700
2018-05-23,157.44,158.67,157.44,158.48,139.9302,92600
2018-05-24,158.23,158.73,157.32,158.02,139.524,77100
2018-05-25,158.02,158.71,157.61,158.02,139.524,70300
2018-05-29,157.12,157.21,155.39,156.55,138.2261,121400
2018-05-30,157.37,159.2,157.37,158.78,140.1951,108700
2018-05-31,158.45,158.73,157.23,157.31,138.8971,109800
2018-06-01,158.05,159.17,158.05,159.0,140.3894,84200
2018-06-04,159.07,159.77,158.44,159.69,140.9986,164200
2018-06-05,159.59,160.14,158.78,159.65,140.9633,98400
2018-06-06,160.01,161.35,159.55,161.35,142.4643,143500
2018-06-07,161.71,161.89,160.28,161.03,142.1817,112900
2018-06-08,160.9,162.18,160.9,162.16,143.1795,77900
2018-06-11,162.25,163.06,161.74,162.35,143.3472,161600
2018-06-12,162.59,162.85,161.83,162.6,143.568,129500
2018-06-13,163.02,163.63,162.47,162.6,143.568,148300
2018-06-14,163.16,163.54,162.7,163.48,144.345,148000
2018-06-15,163.13,163.96,162.7,163.96,144.7688,164300
2018-06-18,162.91,162.91,161.94,162.53,143.5061,138000
2018-06-19,161.63,163.16,161.63,163.07,143.983,148900
2018-06-20,163.34,164.03,163.2,163.79,144.6187,101800
2018-06-21,163.68,163.69,162.32,162.64,143.6033,96500
2018-06-22,163.21,163.75,162.77,163.09,144.0006,74300
2018-06-25,162.68,162.99,160.18,161.33,142.4466,212400
2018-06-26,161.5,161.6,160.56,160.97,142.1288,92700
2018-06-27,161.04,161.6,159.1,159.1,140.4776,126900
2018-06-28,158.01,159.26,156.81,158.93,140.8854,136300
2018-06-29,159.38,160.58,159.14,159.14,141.0715,144900
2018-07-02,158.3,159.97,157.8,159.83,141.6832,184300
2018-07-03,160.42,161.04,159.91,160.35,142.1442,163000
2018-07-05,161.08,162.02,160.62,162.02,143.6246,129300
2018-07-06,162.8,164.5,162.8,164.28,145.628,178700
2018-07-09,164.98,165.66,164.86,165.36,146.5854,180100
2018-07-10,165.76,166.06,165.29,165.89,147.0551,196200
2018-07-11,165.01,165.32,164.59,164.77,146.0623,108600
2018-07-12,165.65,166.7,165.47,166.66,147.7378,98000
2018-07-13,166.37,167.15,166.27,166.89,147.9416,94500
2018-07-16,166.97,166.97,165.52,165.73,146.9134,123500
2018-07-17,165.6,167.0,165.6,166.8,147.8619,147300
2018-07-18,166.79,166.83,166.26,166.83,147.8885,126700
2018-07-19,166.57,166.81,165.42,166.19,147.3211,108500
2018-07-20,165.6,166.14,165.56,165.79,146.9665,73000
2018-07-23,165.71,166.47,165.7,166.24,147.3655,68600
2018-07-24,167.1,167.8,166.41,167.06,148.0924,100800
2018-07-25,166.9,169.11,166.45,168.89,149.7146,102500
2018-07-26,169.04,169.35,168.29,168.78,149.6171,131400
2018-07-27,168.52,168.52,166.45,167.13,148.1544,162400
2018-07-30,167.1,167.22,166.34,166.85,147.9062,99200
2018-07-31,167.41,168.95,167.33,168.61,149.4664,191000
2018-08-01,168.56,169.44,168.56,169.0,149.8121,202200
2018-08-02,168.35,170.09,168.28,169.87,150.5833,152500
2018-08-03,169.91,170.57,169.63,170.53,151.1683,127500
2018-08-06,170.39,171.16,169.78,170.83,151.4343,282200
2018-08-07,171.06,171.47,170.78,170.87,151.4698,449800
2018-08-08,171.07,171.34,170.61,171.08,151.6559,198200
2018-08-09,171.17,171.81,170.8,170.98,151.5673,99400
2018-08-10,170.34,171.26,169.63,170.29,150.9556,164900
2018-08-13,170.4,171.12,169.84,170.29,150.9556,104400
2018-08-14,170.52,171.45,170.24,171.23,151.7889,122800
2018-08-15,170.52,170.83,169.65,170.71,151.3279,209200
2018-08-16,171.14,172.5,170.93,172.29,152.7285,212400
2018-08-17,172.14,173.35,171.77,172.94,153.3047,174000
2018-08-20,173.48,173.68,173.1,173.67,153.9519,1567800
2018-08-21,173.83,174.08,173.12,173.68,153.9607,327000
2018-08-22,173.26,174.38,173.03,174.17,154.395,142500
2018-08-23,174.06,174.51,173.6,173.96,154.2089,130800
2018-08-24,174.18,174.76,174.18,174.73,154.8914,97900
2018-08-27,175.38,175.67,175.0,175.63,155.6893,142700
2018-08-28,175.87,176.0,175.39,175.88,155.911,153600
2018-08-29,175.96,177.21,175.78,177.06,156.957,492700
2018-08-30,176.8,177.5,176.63,176.97,156.8772,122400
2018-08-31,176.7,177.16,176.32,177.06,156.957,181400
2018-09-04,177.05,177.05,175.23,175.88,155.911,162200
2018-09-05,175.73,176.21,175.05,176.09,156.0971,124900
2018-09-06,176.2,176.29,175.15,175.9,155.9287,105800
2018-09-07,175.62,176.41,175.38,176.14,156.1415,171200
2018-09-10,176.68,176.75,175.55,175.56,155.6272,96100
2018-09-11,175.36,176.04,174.73,175.72,155.7691,417200
2018-09-12,176.06,176.7,175.51,176.44,156.4074,172500
2018-09-13,176.95,178.28,176.95,178.25,158.0118,152000
2018-09-14,178.54,178.54,177.51,177.82,157.6307,205500
2018-09-17,177.83,178.0,176.48,176.76,156.691,197000
2018-09-18,176.62,178.3,176.52,177.83,157.6395,102500
2018-09-19,177.74,178.08,177.29,177.6,157.4356,164800
2018-09-20,178.06,179.36,178.06,179.2,158.854,249600
2018-09-21,179.53,179.81,179.14,179.14,158.8008,148200
2018-09-24,178.6,179.42,178.42,179.17,159.3416,203300
2018-09-25,179.44,179.77,178.69,178.83,159.0391,159300
2018-09-26,179.3,180.42,178.8,179.03,159.217,220100
2018-09-27,179.26,180.32,179.04,179.82,159.9196,150400
2018-09-28,179.65,180.58,179.45,180.41,160.4443,158100
2018-10-01,181.08,181.92,180.47,180.89,160.8712,445200
2018-10-02,180.96,180.96,180.07,180.38,160.4176,239800
2018-10-03,180.91,181.12,179.94,180.13,160.1953,427300
2018-10-04,180.0,180.13,177.14,177.97,158.2743,261400
2018-10-05,177.93,179.06,176.26,177.72,158.052,445200
2018-10-08,177.5,177.97,175.75,177.25,157.634,227800
2018-10-09,176.98,178.12,176.44,177.41,157.7763,185700
2018-10-10,177.45,177.49,172.94,173.21,154.0411,307100
2018-10-11,172.5,173.08,167.59,168.8,150.1191,575700
2018-10-12,170.83,171.92,169.4,171.38,152.4136,442200
2018-10-15,171.15,171.77,170.03,170.03,151.213,208000
2018-10-16,171.43,175.47,171.17,175.32,155.9176,297700
2018-10-17,175.11,176.32,174.04,176.04,156.5579,396100
2018-10-18,175.93,175.93,172.55,174.0,154.7437,342000
2018-10-19,174.15,174.74,171.71,171.97,152.9383,214900
2018-10-22,171.97,172.35,169.91,170.68,151.791,249200
2018-10-23,168.51,170.7,166.94,169.85,151.0529,305600
2018-10-24,169.74,170.69,163.58,163.81,145.6814,251400
2018-10-25,163.91,167.34,162.12,166.08,147.7002,294800
2018-10-26,164.29,165.87,162.07,164.35,146.1616,342300
2018-10-29,166.26,167.35,161.93,164.25,146.0727,253100
2018-10-30,164.32,166.34,163.36,166.19,147.798,304700
2018-10-31,167.63,168.21,166.48,166.53,148.1004,305500
2018-11-01,167.25,169.43,167.01,169.43,150.6794,327200
2018-11-02,170.85,171.24,167.24,168.38,149.7456,267700
2018-11-05,168.67,170.25,168.67,169.63,150.8573,203800
2018-11-06,169.41,170.57,168.6,170.3,151.4531,149000
2018-11-07,171.75,175.34,171.59,175.22,155.8286,365000
2018-11-08,175.21,175.9,174.61,175.25,155.8553,280200
2018-11-09,174.64,175.04,173.33,174.15,154.8771,226000
2018-11-12,174.04,174.04,171.08,171.36,152.3958,188400
2018-11-13,171.91,172.68,169.79,170.22,151.382,239900
2018-11-14,171.39,171.39,167.77,168.57,149.9146,263600
2018-11-15,167.47,170.56,165.97,170.49,151.6221,340000
2018-11-16,169.88,172.77,169.09,172.12,153.0718,299900
2018-11-19,172.05,172.58,168.74,169.49,150.7328,226000
2018-11-20,168.0,169.62,167.45,167.75,149.1853,240100
2018-11-21,168.4,168.49,167.17,167.34,148.8207,209600
2018-11-23,166.36,168.79,166.32,167.62,149.0697,74400
2018-11-26,169.25,169.87,168.48,169.48,150.7239,224900
2018-11-27,168.86,170.75,168.09,170.72,151.8266,229200
2018-11-28,171.79,175.09,171.5,175.08,155.7041,330400
2018-11-29,174.57,176.7,174.47,175.62,156.1844,377400
2018-11-30,175.71,177.51,175.36,177.4,157.7674,303700
2018-12-03,179.11,179.15,177.5,178.6,158.8346,418000
2018-12-04,178.55,179.42,173.81,174.06,154.797,361600
2018-12-06,171.95,173.42,168.31,173.42,154.2279,416700
2018-12-07,172.96,173.28,168.15,169.03,150.3237,261200
2018-12-10,168.86,170.15,165.55,169.65,150.875,292900
2018-12-11,171.46,172.14,168.86,170.15,151.3197,382700
2018-12-12,172.08,173.88,171.63,171.67,152.6715,510000
2018-12-13,171.55,172.34,169.66,170.67,152.3377,218900
2018-12-14,168.92,169.56,164.74,165.25,147.4999,388700
2018-12-17,163.7,164.91,160.66,161.61,144.2509,1815800
2018-12-18,163.23,163.4,158.79,160.29,143.0726,568200
2018-12-19,160.75,162.14,156.53,157.9,140.9394,459400
2018-12-20,157.16,157.8,154.25,155.65,138.9311,865000
2018-12-21,155.62,157.71,152.75,152.99,136.5568,646300
2018-12-24,151.67,152.61,149.55,149.65,133.5756,351500
2018-12-26,149.99,156.59,149.6,156.58,139.7611,528900
2018-12-27,154.8,158.04,152.35,158.04,141.0644,805000
2018-12-28,158.98,160.5,157.5,158.25,141.2517,476300
2018-12-31,159.19,160.74,159.05,160.6,143.3494,484300
2019-01-02,158.19,159.46,156.58,158.46,141.4392,345200
2019-01-03,158.4,158.67,154.64,154.88,138.2437,366900
2019-01-04,156.9,160.78,156.9,159.81,142.6442,328200
2019-01-07,160.39,162.64,160.09,161.23,143.9117,366600
2019-01-08,162.77,163.25,160.79,162.96,145.4559,540900
2019-01-09,163.55,164.56,163.13,163.6,146.0271,706900
2019-01-10,162.76,164.32,162.15,164.24,146.5984,300400
2019-01-11,163.63,164.69,163.24,164.64,146.9554,266900
2019-01-14,163.58,164.95,162.74,162.76,145.2773,209700
2019-01-15,163.07,165.77,163.0,165.77,147.9641,244500
2019-01-16,165.92,166.93,165.44,165.44,147.6695,286800
2019-01-17,165.09,167.69,165.09,166.98,149.0441,207700
2019-01-18,168.2,168.9,166.89,168.86,150.7221,312900
2019-01-22,167.67,168.0,166.39,167.54,149.5439,376200
2019-01-23,168.16,168.74,165.81,167.53,149.535,199600
2019-01-24,167.33,167.51,165.71,166.34,148.4728,151200
2019-01-25,167.15,167.5,166.34,167.03,149.0887,284300
2019-01-28,165.99,166.25,164.25,164.94,147.2232,303600
2019-01-29,164.76,165.76,164.4,165.53,147.7498,435100
2019-01-30,166.28,168.43,165.87,167.97,149.9277,484800
2019-01-31,167.64,170.5,167.64,170.13,151.8557,395800
2019-02-01,170.26,170.74,169.2,170.38,152.0789,330500
2019-02-04,170.38,170.38,168.68,170.12,151.8468,223100
2019-02-05,170.41,171.5,169.89,169.95,151.6951,235000
2019-02-06,169.56,170.74,168.88,170.58,152.2574,280600
2019-02-07,169.55,169.75,167.67,168.56,150.4543,219700
2019-02-08,167.82,168.83,167.65,168.83,150.6953,250600
2019-02-11,169.27,169.67,168.44,168.85,150.7132,174600
2019-02-12,169.68,171.26,169.37,171.15,152.7661,236200
2019-02-13,171.61,172.13,170.87,171.64,153.2036,337500
2019-02-14,171.39,172.64,171.0,172.05,153.5695,145200
2019-02-15,173.03,174.67,173.03,174.6,155.8456,146000
2019-02-19,174.36,174.85,174.04,174.1,155.3993,383400
2019-02-20,173.78,174.02,172.9,173.89,155.2118,942900
2019-02-21,173.38,173.48,171.57,172.35,153.8372,181900
2019-02-22,172.69,174.1,172.51,173.98,155.2921,165100
2019-02-25,175.0,175.56,174.5,174.62,155.8634,591200
2019-02-26,174.29,174.58,173.79,173.89,155.2118,172400
2019-02-27,173.4,174.09,172.75,173.46,154.828,166200
2019-02-28,173.22,173.88,172.8,172.92,154.346,192500
2019-03-01,174.02,175.78,174.0,175.58,156.7203,128900
2019-03-04,176.23,176.3,171.81,173.13,154.5334,320300
2019-03-05,173.18,173.66,172.09,172.9,154.3282,206500
2019-03-06,172.91,173.0,169.52,169.87,151.6236,468900
2019-03-07,169.69,169.87,168.14,168.7,150.5793,268500
2019-03-08,167.72,168.45,166.99,168.35,150.2669,211300
2019-03-11,168.89,170.72,168.5,170.61,152.2841,492900
2019-03-12,170.96,172.31,170.89,171.9,153.4356,254400
2019-03-13,172.47,174.25,172.43,173.74,155.0779,140700
2019-03-14,173.86,173.87,172.93,173.35,154.7298,105900
2019-03-15,173.78,174.6,173.35,174.3,155.5778,145900
2019-03-18,174.41,174.6,173.34,174.11,155.4082,186500
2019-03-19,174.86,175.87,174.31,175.37,156.5329,288400
2019-03-20,175.23,175.5,173.49,174.26,155.5421,259700
2019-03-21,171.82,174.29,171.59,174.07,156.3649,214700
2019-03-22,173.42,173.81,170.37,170.46,153.1221,152100
2019-03-25,170.39,170.86,168.93,170.33,153.0053,455200
2019-03-26,171.49,172.51,170.76,171.44,154.0024,242600
2019-03-27,171.39,171.55,168.58,169.83,152.5562,194600
2019-03-28,170.15,170.9,169.43,170.45,153.1131,237000
2019-03-29,171.51,172.67,171.11,172.48,154.9366,153000
2019-04-01,173.58,173.97,172.34,172.72,155.1522,194100
2019-04-02,172.78,172.93,172.15,172.52,154.9725,152900
2019-04-03,173.39,173.39,171.96,172.52,154.9725,337500
2019-04-04,172.68,172.89,171.0,172.08,154.5773,364600
2019-04-05,172.5,173.72,172.5,173.38,155.7451,118500
2019-04-08,173.2,173.3,171.98,173.28,155.6553,313000
2019-04-09,172.71,173.1,172.09,172.47,154.9277,136000
2019-04-10,172.76,173.28,172.61,172.85,155.269,168900
2019-04-11,173.16,173.25,170.08,170.75,153.3826,215100
2019-04-12,171.48,171.51,169.04,169.27,152.0532,399100
2019-04-15,169.5,170.02,168.95,169.7,152.4394,203800
2019-04-16,171.1,171.32,166.12,166.49,149.5559,315600
2019-04-17,167.02,167.27,160.33,161.14,144.7501,971600
2019-04-18,161.69,162.52,159.0,161.47,145.0465,461000
2019-04-22,161.19,162.61,160.82,161.67,145.2261,407300
2019-04-23,161.63,165.28,161.5,164.43,147.7054,594000
2019-04-24,164.43,164.87,163.46,164.27,147.5618,396600
2019-04-25,164.05,166.24,163.16,165.93,149.0529,495900
2019-04-26,166.14,167.64,165.59,167.63,150.5799,333900
2019-04-29,167.67,167.96,166.61,167.27,150.2566,243700
2019-04-30,167.68,167.99,166.33,167.83,150.7596,185000
2019-05-01,167.94,168.42,166.45,167.08,150.0859,207400
2019-05-02,166.98,168.08,166.07,168.07,150.9752,293600
2019-05-03,168.52,169.65,168.43,169.61,152.3586,226900
2019-05-06,166.9,170.94,166.47,170.76,153.3915,351600
2019-05-07,169.1,169.86,166.13,167.16,150.1577,422700
2019-05-08,166.94,168.17,166.1,167.44,150.4093,333200
2019-05-09,166.02,167.69,165.16,167.27,150.2566,448900
2019-05-10,166.74,167.57,163.66,167.06,150.0679,168400
2019-05-13,164.21,164.83,162.97,163.64,146.9957,266800
2019-05-14,164.38,165.67,164.3,164.6,147.8581,249000
2019-05-15,163.69,165.68,163.0,165.18,148.3791,251200
2019-05-16,165.65,168.01,165.65,166.55,149.6098,346300
2019-05-17,165.38,167.44,165.33,166.03,149.1427,122800
2019-05-20,165.16,166.23,164.63,165.71,148.8552,145700
2019-05-21,166.6,168.02,166.53,167.37,150.3464,148600
2019-05-22,166.9,168.54,166.87,168.18,151.074,101300
2019-05-23,167.3,167.31,166.0,167.16,150.1577,158800
2019-05-24,167.91,168.66,166.94,167.8,150.7326,213500
2019-05-28,168.0,168.87,165.48,165.48,148.6486,141800
2019-05-29,164.63,164.85,162.74,163.88,147.2113,207000
2019-05-30,164.27,165.14,163.97,164.8,148.0378,115000
2019-05-31,163.45,164.26,162.46,163.34,146.7263,231700
2019-06-03,163.69,165.16,163.44,163.89,147.2203,268000
2019-06-04,165.34,167.09,164.58,167.0,150.014,109300
2019-06-05,168.12,168.49,167.25,168.02,150.9303,111100
2019-06-06,168.05,169.14,167.83,168.21,151.101,144900
2019-06-07,168.98,170.7,168.98,170.42,153.0861,163400
2019-06-10,171.05,171.56,170.52,170.9,153.5173,178600
2019-06-11,171.66,172.12,169.99,170.42,153.0861,142600
2019-06-12,170.37,171.39,170.37,171.32,153.8946,101800
2019-06-13,171.82,171.86,170.77,171.42,153.9844,149500
2019-06-14,171.52,172.33,170.64,170.78,153.4096,140300
2019-06-17,171.11,172.21,171.06,172.05,154.5504,131800
2019-06-18,173.0,174.16,172.56,173.68,156.0146,216600
2019-06-19,173.68,175.5,173.68,175.26,157.4339,158500
2019-06-20,176.46,177.11,174.92,175.88,157.9908,344600
2019-06-21,174.39,175.6,173.35,175.33,158.5461,169700
2019-06-24,175.11,175.14,173.81,174.2,157.5242,493800
2019-06-25,174.36,175.1,173.35,173.53,156.9184,210500
2019-06-26,173.96,174.0,171.1,171.46,155.0465,261000
2019-06-27,172.03,173.27,171.51,172.84,156.2944,200800
2019-06-28,173.07,174.07,172.44,173.94,157.2891,153800
2019-07-01,175.5,175.5,174.14,174.77,158.0397,166000
2019-07-02,174.87,175.28,173.9,175.28,158.5008,164000
2019-07-03,175.74,176.97,175.74,176.97,160.029,77000
2019-07-05,176.16,176.53,175.37,175.8,158.9711,113600
2019-07-08,175.18,175.18,173.43,174.29,157.6056,117800
2019-07-09,173.57,174.77,173.41,174.62,157.9039,117100
2019-07-10,175.17,175.76,174.46,175.3,158.5189,133100
2019-07-11,176.3,176.33,173.97,175.16,158.3923,221600
2019-07-12,174.7,174.7,172.29,173.47,156.8641,157100
2019-07-15,173.65,174.12,173.0,173.84,157.1987,141800
2019-07-16,173.83,173.93,172.84,172.96,156.4029,115000
2019-07-17,173.25,173.75,172.99,173.02,156.4571,249500
2019-07-18,172.9,174.45,172.31,174.13,157.4609,109000
2019-07-19,174.44,174.57,172.17,172.32,155.8242,95900
2019-07-22,172.53,172.67,171.95,172.09,155.6162,87300
2019-07-23,172.25,173.16,171.48,172.85,156.3034,140400
2019-07-24,172.45,173.24,171.14,173.2,156.6199,130500
2019-07-25,172.94,173.32,171.99,172.28,155.7881,164600
2019-07-26,172.7,173.16,172.36,173.01,156.4481,134200
2019-07-29,173.16,173.75,172.72,173.66,157.0359,194600
2019-07-30,172.56,173.38,171.72,173.38,156.7827,104400
2019-07-31,173.31,173.92,170.78,171.67,155.2364,102600
2019-08-01,171.76,173.75,170.79,171.79,155.3449,215900
2019-08-02,171.5,171.91,169.95,171.1,154.721,212400
2019-08-05,168.99,169.66,165.45,166.8,150.8326,237300
2019-08-06,167.59,169.24,166.97,169.22,153.021,344000
2019-08-07,167.97,169.77,165.82,169.34,153.1295,129800
2019-08-08,169.88,171.84,169.88,171.76,155.3178,178700
2019-08-09,171.36,172.7,170.35,171.68,155.2454,151400
2019-08-12,170.95,171.51,169.21,169.81,153.5545,114800
2019-08-13,169.61,172.81,169.01,171.94,155.4806,163000
2019-08-14,170.09,170.39,167.21,167.31,151.2937,231200
2019-08-15,167.88,168.31,166.81,167.69,151.6374,197300
2019-08-16,168.7,170.24,168.7,169.94,153.672,93200
2019-08-19,171.32,171.97,171.07,171.6,155.1731,109900
2019-08-20,171.6,171.7,170.04,170.1,153.8167,78600
2019-08-21,171.14,171.78,170.61,171.45,155.0375,116300
2019-08-22,171.71,171.95,169.8,170.44,154.1242,183200
2019-08-23,170.0,170.76,165.69,166.44,150.5071,185500
2019-08-26,167.68,168.22,166.93,168.16,152.0625,317400
2019-08-27,169.14,169.66,166.88,167.04,151.0496,168700
2019-08-28,166.44,168.51,166.27,168.27,152.1619,111600
2019-08-29,169.58,169.95,168.49,169.66,153.4188,161800
2019-08-30,170.26,170.5,168.93,169.65,153.4098,123400
2019-09-03,168.63,169.36,167.79,168.37,152.2523,139200
2019-09-04,169.34,169.49,167.72,168.46,152.3337,131800
2019-09-05,169.81,170.5,168.95,170.06,153.7806,132300
2019-09-06,170.43,171.02,170.28,170.44,154.1242,98900
2019-09-09,170.61,170.61,168.16,168.75,152.5959,172100
2019-09-10,167.84,169.35,166.1,169.35,153.1385,213800
2019-09-11,169.52,171.38,169.35,171.38,154.9742,102300
2019-09-12,172.08,172.7,171.1,171.1,154.721,153100
2019-09-13,171.6,172.41,170.76,171.09,154.7119,111900
2019-09-16,170.06,171.3,169.89,170.98,154.6125,118200
2019-09-17,170.77,171.59,170.77,171.19,154.8024,109200
2019-09-18,171.19,171.29,169.88,171.18,154.7933,231000
2019-09-19,171.16,172.53,171.0,171.7,155.2635,310600
2019-09-20,172.25,173.36,171.98,172.8,156.2582,344100
2019-09-23,172.23,172.56,171.74,171.82,155.372,243500
2019-09-24,172.34,172.65,169.36,170.06,153.7806,139900
2019-09-25,169.94,170.05,168.96,169.24,153.039,115700
2019-09-26,168.99,168.99,166.14,167.2,151.7619,160000
2019-09-27,167.72,168.04,165.68,166.25,150.8996,130600
2019-09-30,166.48,168.67,166.37,167.68,152.1976,117000
2019-10-01,168.24,168.6,165.44,165.7,150.4004,192600
2019-10-02,165.12,165.32,162.73,163.53,148.4308,262200
2019-10-03,163.35,165.26,162.09,165.26,150.001,455500
2019-10-04,165.64,167.66,165.64,167.55,152.0796,154600
2019-10-07,167.09,168.13,166.72,166.87,151.4624,141200
2019-10-08,165.65,165.7,163.74,163.77,148.6487,192700
2019-10-09,164.66,165.28,164.26,164.85,149.6289,161900
2019-10-10,164.43,166.2,164.37,165.62,150.3278,146500
2019-10-11,167.35,169.04,167.13,167.21,151.771,235300
2019-10-14,167.06,167.89,166.85,167.06,151.6349,80600
2019-10-15,168.76,170.6,168.76,170.11,154.4032,172400
2019-10-16,169.99,170.81,169.8,170.05,154.3488,79100
2019-10-17,170.5,171.82,170.29,171.35,155.5288,117100
2019-10-18,170.78,171.35,169.74,170.64,154.8843,107700
2019-10-21,171.37,171.41,170.39,170.63,154.8752,183700
2019-10-22,171.76,172.87,170.78,170.79,155.0204,146300
2019-10-23,170.93,172.33,170.9,171.71,155.8555,107800
2019-10-24,172.06,172.06,170.38,170.79,155.0204,121900
2019-10-25,170.57,171.78,170.22,171.36,155.5379,78000
2019-10-28,171.79,173.54,171.79,173.18,157.1898,489500
2019-10-29,173.5,175.7,173.18,175.28,159.0959,267300
2019-10-30,175.48,176.17,174.63,176.13,159.8674,458800
2019-10-31,175.85,176.02,174.7,175.7,159.4771,251300
2019-11-01,176.74,177.75,176.29,176.58,160.2759,462500
2019-11-04,177.34,177.75,176.07,176.14,159.8765,185300
2019-11-05,176.24,176.32,174.65,174.65,158.524,133900
2019-11-06,174.9,175.62,174.6,175.2,159.0233,246300
2019-11-07,176.16,176.44,175.33,175.86,159.6223,97700
2019-11-08,175.75,177.3,175.56,177.29,160.9203,131400
2019-11-11,176.66,177.05,176.0,176.69,160.3757,83800
2019-11-12,176.83,178.3,176.83,177.6,161.2017,95600
2019-11-13,177.08,178.29,176.75,177.77,161.3559,131400
2019-11-14,177.72,178.0,176.81,177.82,161.4014,117700
2019-11-15,178.46,181.64,178.42,181.49,164.7325,225000
2019-11-18,181.4,182.33,180.81,180.92,164.2151,191100
2019-11-19,181.58,182.83,181.38,182.51,165.6583,460800
2019-11-20,182.24,183.08,181.32,182.54,165.6855,208100
2019-11-21,182.63,182.95,181.38,182.84,165.9578,188800
2019-11-22,183.22,183.77,182.74,183.62,166.6658,240100
2019-11-25,184.43,186.17,184.43,186.11,168.9259,449000
2019-11-26,186.19,186.44,185.45,186.0,168.8261,789000
2019-11-27,186.35,187.28,186.16,186.96,169.6975,393700
2019-11-29,186.7,187.0,186.24,186.47,169.2527,85400
2019-12-02,186.77,186.77,184.78,185.35,168.2361,169700
2019-12-03,183.91,185.38,183.59,185.23,168.1272,295500
2019-12-04,186.0,187.15,185.83,186.89,169.6339,95200
2019-12-05,186.98,187.17,185.22,186.64,169.4069,142900
2019-12-06,187.61,188.5,187.02,187.93,170.5778,116400
2019-12-09,188.06,188.49,186.6,186.65,169.4161,423700
2019-12-10,186.49,187.22,185.85,186.94,169.6793,183600
2019-12-11,187.19,187.68,186.7,187.02,169.7519,223700
2019-12-12,187.13,189.32,187.01,188.53,171.1225,126200
2019-12-13,188.75,189.73,187.85,188.62,171.2042,110400
2019-12-16,189.01,190.67,189.01,189.97,173.0875,165900
2019-12-17,190.52,190.72,189.47,189.74,172.8779,132400
2019-12-18,190.08,190.42,189.54,190.04,173.1513,173600
2019-12-19,190.75,190.92,190.16,190.71,173.7617,198600
2019-12-20,191.47,192.45,191.41,191.98,174.9188,217500
2019-12-23,192.63,193.28,192.14,192.92,175.7753,196000
2019-12-24,193.13,193.13,192.37,193.07,175.912,61300
2019-12-26,193.27,193.35,192.22,192.59,175.4746,129200
2019-12-27,193.18,193.18,192.1,192.6,175.4837,81700
2019-12-30,192.55,192.88,190.98,191.2,174.2082,190200
2019-12-31,191.0,191.85,190.5,191.74,174.7001,131900
2020-01-02,192.57,192.91,190.62,192.07,175.0008,505100
2020-01-03,190.0,191.43,189.0,190.39,173.4701,197200
2020-01-06,189.28,191.72,189.28,191.65,174.6181,188000
2020-01-07,191.45,191.61,190.24,191.32,174.3175,146400
2020-01-08,191.4,193.44,191.36,192.54,175.4291,248800
2020-01-09,193.21,194.08,192.93,193.54,176.3402,110700
2020-01-10,194.33,194.54,193.31,193.62,176.4131,132400
2020-01-13,193.99,193.99,192.09,192.82,175.6842,152700
2020-01-14,192.47,194.39,191.83,194.12,176.8686,176700
2020-01-15,194.39,196.33,194.39,195.78,178.3811,170700
2020-01-16,196.75,197.12,195.97,197.05,179.5383,168700
2020-01-17,197.42,197.61,196.61,196.84,179.3469,123100
2020-01-21,196.29,197.42,196.29,196.8,179.3105,393700
2020-01-22,197.29,197.8,196.9,197.09,179.5747,154900
2020-01-23,197.0,197.63,194.87,196.1,178.6727,191500
2020-01-24,196.24,196.24,192.21,192.63,175.5111,1039500
2020-01-27,190.16,191.97,190.01,191.23,174.2355,251100
2020-01-28,191.94,193.07,191.36,192.4,175.3015,243700
2020-01-29,192.75,193.28,191.93,191.93,174.8732,195800
2020-01-30,190.8,190.8,188.89,190.59,173.6524,258700
2020-01-31,190.02,190.02,186.29,186.95,170.3359,356100
2020-02-03,188.11,189.95,188.11,188.7,171.9303,456400
2020-02-04,190.93,192.82,190.82,192.14,175.0646,310500
2020-02-05,193.38,196.24,193.31,195.58,178.1989,209800
2020-02-06,196.26,196.26,195.01,195.89,178.4813,127300
2020-02-07,195.58,195.88,193.9,194.21,176.9507,117900
2020-02-10,193.73,195.47,193.27,195.47,178.0987,79700
2020-02-11,196.11,196.79,195.82,196.68,179.2012,266600
2020-02-12,197.5,197.73,196.33,197.1,179.5838,103200
2020-02-13,196.41,197.1,195.81,196.24,178.8002,121300
2020-02-14,196.57,196.81,195.66,196.69,179.2103,87800
2020-02-18,196.52,196.85,195.39,196.15,178.7183,155400
2020-02-19,196.63,197.53,196.21,197.23,179.7022,103500
2020-02-20,196.7,196.83,194.02,195.94,178.5269,151200
2020-02-21,195.25,195.93,194.4,195.82,178.4176,377000
2020-02-24,190.89,191.75,188.55,189.58,172.7321,373600
2020-02-25,190.18,190.72,183.15,183.92,167.5751,406000
2020-02-26,184.55,186.72,182.89,183.32,167.0285,357000
2020-02-27,180.9,184.06,177.32,177.32,161.5616,341600
2020-02-28,172.05,175.29,170.5,175.29,159.7121,1457200
2020-03-02,176.0,183.17,174.69,183.17,166.8918,493200
2020-03-03,183.77,186.71,176.17,178.39,162.5366,315400
2020-03-04,184.54,188.54,183.18,188.37,171.6297,818800
2020-03-05,184.52,186.97,182.14,184.26,167.8849,261500
2020-03-06,178.75,183.28,178.42,182.61,166.3816,442700
2020-03-09,171.51,177.16,170.0,172.81,157.4524,715100
2020-03-10,177.31,178.29,169.97,178.25,162.8283,335300
2020-03-11,173.88,174.84,168.68,170.83,156.0503,262400
2020-03-12,160.0,166.66,157.31,157.32,143.7092,1103800
2020-03-13,165.26,168.66,155.86,168.64,154.0497,473500
2020-03-16,153.02,161.89,150.0,150.0,137.0225,663400
2020-03-17,153.97,160.92,151.06,159.17,145.3991,668600
2020-03-18,150.95,157.04,146.64,153.79,140.4845,494300
2020-03-19,152.44,155.5,149.31,152.47,139.2787,563500
2020-03-20,154.07,155.88,146.0,146.0,133.3685,578200
2020-03-23,145.62,145.99,138.11,139.96,127.8511,625800
2020-03-24,147.18,151.57,146.12,151.04,137.9724,588300
2020-03-25,151.79,158.23,149.25,152.97,139.7355,497000
2020-03-26,153.9,164.04,153.9,163.28,149.1535,682500
2020-03-27,159.35,163.74,158.33,159.9,146.0659,587200
2020-03-30,162.01,167.37,162.01,166.77,152.3415,1192300
2020-03-31,167.67,168.05,164.77,166.09,151.7204,511100
2020-04-01,161.2,162.25,158.05,159.59,145.7827,423600
2020-04-02,158.8,164.0,157.46,163.97,149.7838,251500
2020-04-03,163.56,164.6,160.36,162.13,148.103,294700
2020-04-06,167.69,171.7,166.74,170.85,156.0685,301900
2020-04-07,175.18,175.63,169.26,169.47,154.8079,503800
2020-04-08,171.2,177.31,168.89,176.14,160.9009,356900
2020-04-09,178.19,178.72,176.32,177.74,162.3624,487300
2020-04-13,177.98,177.98,173.83,176.28,161.0287,403700
2020-04-14,179.91,182.74,179.37,182.22,166.4549,527100
2020-04-15,179.9,182.04,178.52,180.75,165.112,348400
2020-04-16,182.34,185.2,181.62,184.86,168.8665,334700
2020-04-17,190.87,190.92,186.41,189.31,172.9315,628500
2020-04-20,187.52,191.0,187.03,188.38,172.0819,697700
2020-04-21,185.34,186.04,182.13,182.45,166.6649,307600
2020-04-22,185.65,186.24,183.95,185.38,169.3415,219400
2020-04-23,186.74,189.42,186.33,186.59,170.4468,308200
2020-04-24,188.03,189.77,186.72,189.48,173.0867,241800
2020-04-27,191.02,192.9,190.64,192.13,175.5074,402400
2020-04-28,193.82,193.91,187.77,188.02,171.7531,516100
2020-04-29,190.87,191.13,188.4,189.89,173.4612,258800
2020-04-30,188.97,190.16,187.69,188.42,172.1184,354700
2020-05-01,186.32,186.32,182.91,184.62,168.6472,356300
2020-05-04,184.07,185.4,183.22,185.19,169.1679,286200
2020-05-05,187.04,190.67,186.38,189.09,172.7305,303300
2020-05-06,190.63,190.63,187.73,187.82,171.5703,329900
2020-05-07,189.83,189.94,187.89,188.1,171.8261,298900
2020-05-08,190.17,190.17,188.69,189.26,172.8857,213600
2020-05-11,188.48,193.53,188.46,193.06,176.357,783800
2020-05-12,194.22,194.41,190.0,190.0,173.5617,303400
2020-05-13,189.8,190.99,185.91,187.53,171.3054,286900
2020-05-14,185.57,189.24,185.33,189.14,172.7762,258400
2020-05-15,188.65,191.31,188.46,191.3,174.7493,250600
2020-05-18,195.0,196.09,193.23,193.37,176.6402,482700
2020-05-19,193.13,193.66,190.85,190.92,174.4022,269500
2020-05-20,192.25,193.25,191.2,191.54,174.9685,236300
2020-05-21,191.23,191.23,189.28,190.41,173.9362,346800
2020-05-22,190.35,191.05,189.48,191.02,174.4935,136600
2020-05-26,194.58,194.58,190.14,190.55,174.0641,269700
2020-05-27,190.96,192.29,187.36,192.14,175.5166,363100
2020-05-28,193.44,196.45,193.44,194.31,177.4988,267900
2020-05-29,194.75,196.8,192.18,196.62,179.609,352400
2020-06-01,195.58,195.69,193.75,195.06,178.184,227000
2020-06-02,195.43,196.34,193.7,196.34,179.3532,212900
2020-06-03,196.98,196.98,195.07,195.52,178.6042,281100
2020-06-04,194.56,195.56,192.36,193.59,176.8411,223000
2020-06-05,195.11,198.0,193.7,196.64,179.6272,280300
2020-06-08,196.61,198.24,195.44,198.15,181.0066,204500
2020-06-09,197.74,198.68,195.98,196.23,179.2527,690200
2020-06-10,197.03,197.44,194.94,196.05,179.0883,185500
2020-06-11,193.71,193.8,184.61,185.2,169.177,512800
2020-06-12,189.2,189.76,183.0,186.36,170.2367,296700
2020-06-15,183.66,188.61,182.66,187.71,171.4699,179700
2020-06-16,191.89,193.06,189.06,191.92,175.3156,299300
2020-06-17,192.73,193.27,191.32,191.82,175.2243,148400
2020-06-18,190.9,192.04,190.2,191.58,175.005,223900
2020-06-19,193.4,194.39,191.57,193.47,176.7315,173500
2020-06-22,192.25,192.93,190.45,192.77,176.7829,157800
2020-06-23,193.97,195.19,193.35,193.64,177.5807,166700
2020-06-24,192.35,192.64,187.03,188.54,172.9037,204700
2020-06-25,188.87,190.72,186.95,190.65,174.8387,319200
2020-06-26,190.12,190.6,187.19,188.02,172.4268,327600
2020-06-29,188.95,189.73,187.65,189.35,173.6465,198000
2020-06-30,189.34,193.6,189.03,192.65,176.6728,154900
2020-07-01,193.43,194.89,192.42,194.1,178.0026,288400
2020-07-02,195.85,196.75,195.21,195.65,179.424,334100
2020-07-06,197.86,198.67,196.67,197.38,181.0106,239500
2020-07-07,196.47,198.62,195.96,196.24,179.9651,247300
2020-07-08,197.02,197.53,195.0,196.69,180.3777,129400
2020-07-09,196.6,197.15,192.68,195.17,178.9838,161500
2020-07-10,195.27,195.5,193.41,194.7,178.5528,204100
2020-07-13,195.97,199.35,194.37,194.72,178.5712,780200
2020-07-14,194.52,198.87,193.9,198.64,182.166,321800
2020-07-15,200.58,202.34,200.03,201.88,185.1373,207400
2020-07-16,201.42,201.58,199.96,201.45,184.743,124100
2020-07-17,202.35,204.95,202.22,204.24,187.3016,415200
2020-07-20,204.85,205.61,203.72,204.58,187.6134,164800
2020-07-21,205.39,205.71,203.61,204.11,187.1824,742100
2020-07-22,204.92,205.7,203.74,205.54,188.4938,206800
2020-07-23,206.0,207.22,203.64,204.5,187.54,178900
2020-07-24,203.96,203.96,200.46,201.81,185.0731,175400
2020-07-27,202.17,204.0,201.33,203.68,186.788,146300
2020-07-28,203.85,204.52,202.9,203.08,186.2378,112900
2020-07-29,203.91,205.71,203.67,204.99,187.9894,166700
2020-07-30,203.37,204.55,201.97,204.14,187.2099,109700
2020-07-31,204.11,204.11,200.3,202.69,185.8802,238800
2020-08-03,204.05,205.83,203.95,205.31,188.2829,164300
2020-08-04,204.92,205.36,203.26,204.47,187.5126,193000
2020-08-05,205.79,205.97,205.0,205.68,188.6222,131900
2020-08-06,205.64,206.34,203.13,204.55,187.5859,148000
2020-08-07,204.51,205.5,203.73,205.17,188.1545,150200
2020-08-10,205.35,205.35,203.6,204.2,187.2649,151700
2020-08-11,205.16,205.23,201.88,202.19,185.4217,174400
2020-08-12,203.38,205.97,203.38,205.51,188.4663,128300
2020-08-13,205.13,205.66,204.05,205.5,188.4571,120600
2020-08-14,205.15,205.75,204.04,204.85,187.8611,229000
2020-08-17,205.21,207.04,205.21,206.63,189.4934,171200
2020-08-18,206.85,207.25,205.05,206.4,189.2825,166000
2020-08-19,206.36,206.9,205.0,205.53,188.4846,144800
2020-08-20,204.75,205.25,204.42,205.02,188.0169,239000
2020-08-21,204.66,205.11,203.5,204.84,187.8518,169700
2020-08-24,206.0,206.01,202.5,203.65,186.7605,141400
2020-08-25,204.34,205.21,203.56,205.06,188.0536,131200
2020-08-26,204.89,204.99,202.92,204.69,187.7143,315600
2020-08-27,205.12,207.11,203.5,206.07,188.9799,132900
2020-08-28,206.77,206.77,205.26,206.65,189.5118,105900
2020-08-31,206.56,208.3,206.45,207.47,190.2638,176900
2020-09-01,207.4,207.57,204.71,205.7,188.6405,149600
2020-09-02,206.18,210.16,205.23,209.76,192.3638,171300
2020-09-03,209.73,209.73,202.24,203.71,186.8156,317500
2020-09-04,204.82,204.82,199.0,201.81,185.0731,240100
2020-09-08,200.74,200.87,198.2,198.5,182.0376,426800
2020-09-09,200.5,203.83,200.4,202.4,185.6142,162900
2020-09-10,202.79,203.18,198.86,199.17,182.6521,146600
2020-09-11,199.54,200.27,197.78,199.38,183.4258,161000
2020-09-14,201.39,204.16,201.39,203.25,186.9861,161300
2020-09-15,204.54,205.23,203.26,203.81,187.5013,116600
2020-09-16,205.08,205.51,203.6,203.84,187.5289,206900
2020-09-17,201.9,203.66,201.16,203.19,186.9309,134200
2020-09-18,203.67,204.17,200.94,203.19,186.9309,122900
2020-09-21,200.31,200.5,196.77,199.26,183.3154,343700
2020-09-22,199.34,199.58,196.97,199.17,183.2326,162100
2020-09-23,199.76,200.06,196.65,196.73,180.9878,352500
2020-09-24,196.1,196.86,194.51,195.35,179.7183,207600
2020-09-25,195.35,199.68,195.19,199.23,183.2878,135500
2020-09-28,201.3,202.47,200.62,200.99,184.907,127500
2020-09-29,201.57,202.56,200.32,200.92,184.8426,90400
2020-09-30,201.57,205.55,201.57,204.0,187.6761,126900
2020-10-01,205.16,205.52,202.69,203.45,187.1702,151300
2020-10-02,201.0,203.45,200.6,201.68,185.5418,89800
2020-10-05,203.38,206.37,203.38,206.35,189.8381,161400
2020-10-06,206.75,207.42,203.96,204.02,187.6945,192800
2020-10-07,205.56,208.7,205.56,208.25,191.586,142000
2020-10-08,209.14,209.71,208.68,209.28,192.5336,1004000
2020-10-09,210.26,211.62,209.94,211.04,194.1528,158800
2020-10-12,212.23,213.16,211.47,212.53,195.5236,135600
2020-10-13,211.5,212.41,210.91,211.51,194.5851,427200
2020-10-14,211.62,212.27,209.38,209.85,193.058,113900
2020-10-15,207.72,209.1,207.0,208.8,192.092,116000
2020-10-16,209.6,212.14,209.07,210.59,193.7388,111000
2020-10-19,211.1,211.54,206.54,207.09,190.5188,136800
2020-10-20,208.05,208.79,207.0,207.19,190.6109,82700
2020-10-21,207.16,207.87,205.4,205.65,189.1941,93300
2020-10-22,206.12,209.33,206.12,208.89,192.1748,147500
2020-10-23,209.9,210.95,208.58,209.85,193.058,86800
2020-10-26,208.45,208.45,205.52,207.48,190.8776,130300
2020-10-27,207.26,208.1,206.58,206.58,190.0496,146100
2020-10-28,203.36,204.22,200.0,200.14,184.125,345200
2020-10-29,200.25,201.18,197.77,198.99,183.067,200400
2020-10-30,198.36,199.66,195.75,198.15,182.2942,185300
2020-11-02,200.49,201.75,198.95,201.08,184.9898,177100
2020-11-03,203.3,206.05,203.3,204.52,188.1545,781800
2020-11-04,209.61,216.56,209.11,213.53,196.4435,425500
2020-11-05,216.59,216.59,213.9,214.42,197.2623,400200
2020-11-06,214.36,215.34,212.85,213.73,196.6275,125700
2020-11-09,225.8,225.8,215.31,215.48,198.2375,688100
2020-11-10,216.42,216.69,213.36,216.06,198.7711,289000
2020-11-11,217.75,217.77,215.12,216.1,198.8079,333000
2020-11-12,215.85,216.94,214.21,215.32,198.0903,269200
2020-11-13,216.63,218.84,216.41,218.23,200.7674,178400
2020-11-16,220.38,220.69,216.7,217.9,200.4639,664800
2020-11-17,217.03,217.03,215.5,216.61,199.2771,247800
2020-11-18,217.33,217.33,212.43,212.43,195.4315,387400
2020-11-19,212.57,213.13,211.44,212.62,195.6063,236800
2020-11-20,212.87,213.68,212.07,212.83,195.7995,145400
2020-11-23,213.89,214.1,211.4,212.35,195.358,178800
2020-11-24,213.49,214.15,212.37,212.57,195.5604,222000
2020-11-25,212.95,213.06,211.3,212.12,195.1464,147700
2020-11-27,212.94,215.0,212.78,215.0,197.7959,73200
2020-11-30,215.33,215.88,214.19,215.66,198.4031,309600
2020-12-01,217.82,219.72,216.85,217.22,199.8383,252600
2020-12-02,217.28,218.73,216.5,218.28,200.8135,225400
2020-12-03,218.45,219.25,217.8,218.27,200.8042,218200
2020-12-04,218.62,221.09,218.4,221.09,203.3986,252100
2020-12-07,220.98,221.39,219.34,219.92,202.3222,253400
2020-12-08,219.57,222.19,219.57,222.12,204.3462,201300
2020-12-09,222.96,223.01,219.49,220.82,203.1502,211400
2020-12-10,220.48,222.17,220.0,221.21,203.509,188300
2020-12-11,220.66,221.2,218.98,220.52,202.8742,174500
2020-12-14,222.46,223.92,219.57,219.57,202.0003,382300
2020-12-15,221.22,222.08,219.79,221.76,204.015,186300
2020-12-16,221.79,222.14,220.29,220.97,203.2882,264000
2020-12-17,220.78,222.8,220.68,222.78,205.7747,251500
2020-12-18,223.31,223.4,220.97,223.13,206.098,291600
2020-12-21,220.71,221.66,217.55,221.55,204.6386,325400
2020-12-22,222.09,222.23,220.63,221.56,204.6478,254600
2020-12-23,222.23,223.09,221.73,221.85,204.9157,195800
2020-12-24,222.18,222.87,221.35,222.16,205.202,122600
2020-12-28,223.39,223.84,221.5,221.5,204.5924,232300
2020-12-29,222.43,223.5,221.02,221.84,204.9064,239000
2020-12-30,222.73,223.42,221.97,222.16,205.202,193300
2020-12-31,222.23,224.01,220.86,223.73,206.6522,204000
2021-01-04,224.52,224.7,219.1,222.58,205.59,322200
2021-01-05,222.24,224.82,221.66,223.95,206.8554,201200
2021-01-06,222.23,228.32,221.8,227.5,210.1345,248200
2021-01-07,228.23,231.56,228.23,231.07,213.4319,324300
2021-01-08,231.8,233.66,229.78,232.02,214.3094,309900
2021-01-11,232.16,233.54,231.79,233.21,215.4086,230800
2021-01-12,233.12,233.6,230.42,231.49,213.8199,208400
2021-01-13,231.58,232.87,230.69,232.06,214.3463,507500
2021-01-14,232.75,233.78,231.87,232.25,214.5218,174700
2021-01-15,231.97,233.03,230.29,232.3,214.568,422300
2021-01-19,234.0,235.05,233.22,234.67,216.7571,267200
2021-01-20,235.35,236.47,234.33,235.68,217.69,228400
2021-01-21,235.83,235.97,233.84,234.65,216.7386,373700
2021-01-22,233.9,235.18,233.48,234.3,216.4154,585100
2021-01-25,234.9,236.32,233.88,236.19,218.1611,201300
2021-01-26,237.09,237.28,234.34,234.36,216.4708,266700
2021-01-27,231.78,231.78,226.8,227.28,209.9312,340300
2021-01-28,229.08,233.26,228.73,230.39,212.8038,329700
2021-01-29,230.39,232.39,226.77,229.03,211.5477,346000
2021-02-01,230.78,231.72,229.35,230.31,212.7299,201600
2021-02-02,232.43,233.5,231.8,231.8,214.1062,162700
2021-02-03,231.96,232.0,229.7,230.32,212.7392,167500
2021-02-04,230.79,232.6,230.21,231.91,214.2078,187100
2021-02-05,233.25,233.69,232.2,233.02,215.233,293000
2021-02-08,234.27,234.74,233.64,234.42,216.5262,212800
2021-02-09,234.6,235.11,234.3,234.58,216.674,183000
2021-02-10,235.92,236.53,233.59,234.81,216.8864,224900
2021-02-11,235.6,235.81,233.89,235.22,217.2651,184300
2021-02-12,234.8,236.83,234.24,236.79,218.7153,273900
2021-02-16,237.0,237.2,233.05,233.77,215.9258,415800
2021-02-17,233.01,234.28,232.47,233.99,216.129,324000
2021-02-18,233.07,233.07,231.11,232.01,214.3002,155200
2021-02-19,232.78,232.78,230.4,230.65,213.0439,152700
2021-02-22,229.76,229.76,227.73,228.53,211.0858,231900
2021-02-23,227.56,228.57,225.8,227.71,210.3283,216000
2021-02-24,228.31,230.7,227.29,229.54,212.0187,218000
2021-02-25,229.34,229.89,224.92,226.1,208.8413,200200
2021-02-26,227.13,227.18,223.38,224.62,207.4743,193400
2021-03-01,226.96,229.04,226.96,228.1,210.6886,194500
2021-03-02,228.38,228.58,226.56,226.71,209.4047,226800
2021-03-03,226.4,226.4,222.3,222.3,205.3313,195000
2021-03-04,222.0,222.83,216.25,218.21,201.5536,608300
2021-03-05,219.65,222.99,216.28,222.31,205.3406,272300
2021-03-08,222.96,224.74,220.76,220.76,203.9089,176200
2021-03-09,223.02,226.79,223.02,223.61,206.5414,182900
2021-03-10,225.2,226.41,223.91,224.09,206.9847,252700
2021-03-11,225.55,227.48,225.28,226.79,209.4786,216700
2021-03-12,226.34,227.38,225.21,227.18,209.8388,521700
2021-03-15,227.26,228.98,226.87,228.72,211.2613,244400
2021-03-16,229.55,229.57,227.28,228.16,210.7441,192100
2021-03-17,227.17,228.5,225.86,227.68,210.3007,221900
2021-03-18,226.53,228.69,225.69,225.91,208.6658,139600
2021-03-19,226.62,228.4,225.2,227.42,210.0605,281100
2021-03-22,227.28,229.77,226.84,229.34,211.834,175500
2021-03-23,229.15,229.16,225.38,226.11,208.8505,204200
2021-03-24,226.55,227.07,224.46,224.57,207.4281,181300
2021-03-25,224.38,225.91,221.83,225.34,208.1393,194500
2021-03-26,225.73,228.4,224.7,228.29,211.46,180100
2021-03-29,227.94,229.17,226.64,228.33,211.4971,274100
2021-03-30,227.68,227.79,226.32,226.75,210.0336,161300
2021-03-31,227.89,229.77,227.26,228.75,211.8861,199600
2021-04-01,229.81,229.92,228.09,228.63,211.775,208400
2021-04-05,229.92,230.48,229.2,229.9,212.9513,246300
2021-04-06,230.08,231.17,228.88,229.28,212.377,142800
2021-04-07,229.14,229.42,227.47,227.95,211.1451,146900
2021-04-08,228.89,229.67,228.44,228.81,211.9417,132900
2021-04-09,228.89,230.76,228.8,230.45,213.4608,124200
2021-04-12,230.56,231.0,229.5,230.41,213.4237,119500
2021-04-13,230.41,232.43,230.25,232.26,215.1374,185300
2021-04-14,232.25,233.85,232.22,232.42,215.2855,200200
2021-04-15,233.61,237.06,233.61,236.72,219.2685,626800
2021-04-16,237.59,237.97,236.35,237.79,220.2596,196200
2021-04-19,237.2,237.5,236.11,236.89,219.426,212000
2021-04-20,236.21,238.03,236.01,237.55,220.0373,395900
2021-04-21,238.04,241.01,238.04,240.91,223.1496,268600
2021-04-22,240.91,242.0,239.27,239.97,222.279,353700
2021-04-23,240.09,242.45,240.0,241.82,223.9925,180600
2021-04-26,242.0,242.54,240.89,242.17,224.3167,276500
2021-04-27,241.81,241.81,240.51,240.85,223.0941,138600
2021-04-28,240.32,240.96,239.7,240.36,222.6402,249200
2021-04-29,240.56,240.56,237.66,238.85,221.2415,218600
2021-04-30,238.14,239.42,237.74,238.23,220.6672,298400
2021-05-03,239.33,240.39,238.98,239.86,222.1771,171500
2021-05-04,239.27,239.27,237.21,238.7,221.1026,344700
2021-05-05,239.18,239.65,238.0,238.38,220.8062,157700
2021-05-06,237.54,238.25,235.12,238.12,220.5653,151800
2021-05-07,239.19,241.55,239.18,240.15,222.4457,148500
2021-05-10,240.84,240.84,238.65,238.65,221.0563,145000
2021-05-11,236.68,238.48,236.06,237.13,219.6483,160500
2021-05-12,235.74,236.68,234.04,234.35,217.0733,144300
2021-05-13,234.42,236.82,234.42,235.98,218.5831,116900
2021-05-14,237.11,238.34,236.72,237.86,220.3245,95900
2021-05-17,237.81,238.4,237.09,237.39,219.8891,108200
2021-05-18,237.42,239.31,236.78,237.77,220.2411,163300
2021-05-19,236.1,237.19,234.5,237.17,219.6853,292400
2021-05-20,237.48,240.94,237.24,240.14,222.4364,135800
2021-05-21,240.84,242.49,239.87,240.0,222.3067,90900
2021-05-24,241.06,241.68,240.25,240.37,222.6495,129600
2021-05-25,240.96,240.99,239.53,239.76,222.0844,255800
2021-05-26,239.92,239.92,237.74,239.08,221.4545,91900
2021-05-27,239.6,239.6,238.69,238.8,221.1952,106600
2021-05-28,239.9,242.24,239.77,239.98,222.2881,111500
2021-06-01,240.49,240.7,236.24,236.38,218.9536,180100
2021-06-02,236.64,237.22,235.42,235.87,218.4812,716600
2021-06-03,235.29,237.06,234.14,236.58,219.1388,113000
2021-06-04,237.56,238.5,237.2,237.51,220.0003,113300
2021-06-07,237.88,241.21,237.75,239.44,221.788,216100
2021-06-08,240.0,240.48,236.81,239.12,221.4916,216700
2021-06-09,239.88,241.75,239.88,241.14,223.3627,125800
2021-06-10,241.84,245.4,241.68,245.26,227.179,336800
2021-06-11,245.3,245.3,242.64,244.04,226.0489,113100
2021-06-14,244.3,244.31,242.68,244.31,226.299,112800
2021-06-15,244.5,244.83,242.69,243.46,225.5117,107200
2021-06-16,243.79,244.82,241.54,242.72,224.8262,125600
2021-06-17,242.2,245.32,242.2,244.77,226.7251,118500
2021-06-18,243.15,243.27,241.92,242.13,224.2797,167900
2021-06-21,242.98,245.4,241.63,245.09,227.0215,741600
2021-06-22,245.17,246.0,244.33,245.89,227.7625,113800
2021-06-23,245.8,245.93,244.74,244.92,226.864,139300
2021-06-24,245.74,247.18,245.51,245.61,228.1543,161600
2021-06-25,245.87,247.57,245.71,247.1,229.5384,110000
2021-06-28,247.67,247.99,246.77,247.57,229.975,182700
2021-06-29,247.83,248.61,247.12,247.49,229.9007,132600
2021-06-30,247.49,247.59,246.5,247.13,229.5663,173900
2021-07-01,247.88,249.49,247.15,249.39,231.6656,311200
2021-07-02,249.95,251.24,249.14,250.93,233.0962,313400
2021-07-06,250.52,250.71,248.74,250.31,232.5203,122700
2021-07-07,250.75,251.1,248.76,250.97,233.1334,90200
2021-07-08,248.11,250.27,247.74,250.27,232.4831,186700
2021-07-09,251.03,251.75,250.49,251.09,233.2448,105500
2021-07-12,251.13,252.38,251.13,251.54,233.6628,276700
2021-07-13,250.8,251.57,250.1,250.44,232.641,545100
2021-07-14,251.05,251.05,248.83,249.04,231.3405,151400
2021-07-15,248.22,248.91,246.76,248.62,230.9504,96100
2021-07-16,249.55,250.49,248.68,249.43,231.7028,162600
2021-07-19,247.56,248.88,245.85,247.75,230.1422,325300
2021-07-20,248.55,252.35,248.54,251.04,233.1984,197100
2021-07-21,252.11,252.12,249.02,251.76,233.8672,190800
2021-07-22,252.07,253.17,251.35,252.96,234.9819,202800
2021-07-23,253.84,255.76,253.65,255.45,237.295,817400
2021-07-26,255.17,255.49,252.81,253.48,235.465,198200
2021-07-27,253.12,254.21,252.27,254.18,236.1152,152500
2021-07-28,254.01,256.72,253.32,256.0,237.8059,172400
2021-07-29,256.63,257.0,256.0,256.2,237.9917,168100
2021-07-30,256.02,257.29,255.89,256.42,238.196,225700
2021-08-02,257.25,257.79,256.1,256.66,238.4189,173000
2021-08-03,256.94,259.74,256.7,259.74,241.2801,208300
2021-08-04,259.07,260.58,258.83,259.15,240.732,280600
2021-08-05,259.08,259.12,256.82,258.83,240.4347,172400
2021-08-06,258.84,259.0,256.54,257.94,239.608,264600
2021-08-09,258.27,259.18,257.98,258.53,240.1561,188300
2021-08-10,258.75,258.92,256.42,257.23,238.9485,345200
2021-08-11,257.73,257.92,254.41,254.76,236.654,278000
2021-08-12,255.0,256.84,254.85,256.77,238.5211,258700
2021-08-13,257.19,257.86,256.92,257.72,239.4036,128100
2021-08-16,257.82,259.87,256.54,259.76,241.2986,145500
2021-08-17,258.88,262.62,258.88,262.62,243.9554,334800
2021-08-18,262.47,262.7,258.61,258.96,240.5555,242800
2021-08-19,257.0,260.94,257.0,259.43,240.9921,196600
2021-08-20,259.72,261.78,258.99,261.36,242.7849,184100
2021-08-23,262.88,263.52,262.38,262.5,243.8439,291500
2021-08-24,262.51,262.52,260.99,262.07,243.4445,243400
2021-08-25,261.94,262.05,260.59,261.75,243.1472,206000
2021-08-26,261.85,262.32,260.0,260.51,241.9954,118900
2021-08-27,261.27,262.28,260.01,260.96,242.4133,471900
2021-08-30,261.16,263.43,261.0,262.47,243.8161,158000
2021-08-31,262.69,263.63,261.64,262.49,243.8346,141700
2021-09-01,262.9,263.06,260.79,263.04,244.3455,187800
2021-09-02,263.66,265.85,263.63,265.84,246.9465,132400
2021-09-03,265.63,266.07,264.31,265.84,246.9465,150300
2021-09-07,265.18,265.35,262.92,264.3,245.516,281500
2021-09-08,263.85,264.29,262.86,263.78,245.0329,179600
2021-09-09,263.68,264.15,261.11,261.32,242.7478,197400
2021-09-10,262.3,262.33,258.83,258.98,240.5741,179900
2021-09-13,260.18,260.18,255.97,257.04,238.7719,240700
2021-09-14,258.16,258.95,256.32,256.58,238.3447,261400
2021-09-15,256.58,259.32,255.9,258.42,240.0539,132100
2021-09-16,258.53,258.98,256.1,257.91,239.5801,116000
2021-09-17,258.03,258.87,256.79,258.79,240.3976,134200
2021-09-20,255.25,257.64,253.2,255.61,237.4436,257200
2021-09-21,256.83,258.58,256.19,256.19,237.9824,130000
2021-09-22,257.18,258.05,255.65,256.8,238.549,158800
2021-09-23,257.69,260.06,257.42,258.85,240.4533,149400
2021-09-24,258.23,258.81,256.88,257.37,239.0785,264600
2021-09-27,257.0,257.19,253.56,254.29,236.2174,354300
2021-09-28,252.51,252.51,248.79,249.22,231.5078,323300
2021-09-29,249.67,251.08,249.27,249.71,232.7971,135300
2021-09-30,250.77,252.1,247.16,247.16,230.4198,249400
2021-10-01,247.89,248.64,243.43,247.69,230.9139,375700
2021-10-04,247.23,247.52,242.47,243.83,227.3153,271400
2021-10-05,244.26,247.48,244.26,244.94,228.3501,175200
2021-10-06,243.49,244.57,241.81,244.57,228.0052,255600
2021-10-07,246.0,249.32,246.0,247.53,230.7647,284600
2021-10-08,248.19,248.26,245.94,246.13,229.4595,148800
2021-10-11,245.98,247.22,244.34,244.41,227.856,138600
2021-10-12,245.13,245.34,242.97,243.71,227.2035,332800
2021-10-13,244.17,244.69,242.8,243.96,227.4365,98900
2021-10-14,246.6,248.43,246.48,247.5,230.7367,129300
2021-10-15,248.99,249.63,248.26,248.44,231.6131,106200
2021-10-18,247.47,247.59,245.69,246.5,229.8045,146800
2021-10-19,247.92,250.44,247.55,249.68,232.7691,182200
2021-10-20,251.11,253.25,251.01,252.77,235.6498,133500
2021-10-21,253.45,254.17,251.97,254.17,236.955,228800
2021-10-22,253.95,254.85,253.23,254.69,237.4397,125000
2021-10-25,254.95,255.3,253.23,254.95,237.6821,131000
2021-10-26,255.75,256.77,254.23,256.18,238.8288,258500
2021-10-27,256.6,256.6,253.71,253.75,236.5634,118500
2021-10-28,254.29,256.81,254.11,256.4,239.0339,215800
2021-10-29,256.12,258.6,255.0,258.45,240.9451,123800
2021-11-01,259.02,259.61,258.08,258.91,241.3739,199600
2021-11-02,259.66,261.5,257.69,260.48,242.8376,190500
2021-11-03,260.24,262.57,259.5,262.42,244.6462,138100
2021-11-04,262.24,262.24,259.42,260.86,243.1919,153400
2021-11-05,259.49,260.12,256.46,258.49,240.9824,244600
2021-11-08,258.49,259.86,257.96,259.72,242.1291,245400
2021-11-09,259.59,259.71,257.89,258.37,240.8705,121000
2021-11-10,258.07,259.8,257.43,258.13,240.6468,134000
2021-11-11,258.33,258.33,256.81,257.59,240.1434,103700
2021-11-12,259.16,259.16,257.27,258.54,241.029,246800
2021-11-15,259.22,259.22,256.6,256.89,239.4908,139700
2021-11-16,256.7,259.05,256.22,258.0,240.5256,105300
2021-11-17,258.28,259.0,257.46,257.96,240.4883,96100
2021-11-18,258.45,258.77,256.75,257.35,239.9196,105200
2021-11-19,257.98,258.84,255.76,255.76,238.4373,741400
2021-11-22,256.5,256.72,254.31,254.31,237.0855,383800
2021-11-23,253.28,254.29,251.92,254.12,236.9084,133000
2021-11-24,253.41,254.41,252.42,254.31,237.0855,222700
2021-11-26,254.66,256.11,251.78,252.66,235.5472,114500
2021-11-29,254.49,254.82,252.63,252.65,235.5379,225100
2021-11-30,251.71,252.73,247.94,248.18,231.3707,291400
2021-12-01,249.83,252.35,246.81,246.92,230.196,627500
2021-12-02,246.78,249.14,245.61,248.11,231.3054,444000
2021-12-03,250.03,250.63,245.44,247.32,230.5689,202200
2021-12-06,248.04,249.45,246.91,248.82,231.9674,150500
2021-12-07,250.92,253.38,250.92,253.04,235.9015,150700
2021-12-08,253.87,255.37,252.5,255.17,237.8872,194300
2021-12-09,254.83,255.91,254.19,254.27,237.0482,216700
2021-12-10,253.76,255.57,253.43,254.62,237.3745,154400
2021-12-13,254.79,257.61,254.75,256.89,239.4908,672500
2021-12-14,255.79,256.82,254.26,255.65,238.3347,155700
2021-12-15,256.2,261.34,256.0,261.34,243.6393,240400
2021-12-16,260.99,262.68,259.9,260.57,243.6842,207700
2021-12-17,259.46,262.5,258.43,260.64,243.7498,292400
2021-12-20,260.29,260.29,256.64,259.03,242.244,291200
2021-12-21,260.08,260.88,257.8,260.82,243.918,294000
2021-12-22,260.44,263.69,260.24,263.62,246.5366,314400
2021-12-23,264.0,265.59,263.49,264.82,247.6589,235800
2021-12-27,265.35,266.68,264.73,266.68,249.3983,158500
2021-12-28,266.81,267.49,265.14,265.61,248.3976,165100
2021-12-29,265.54,267.35,265.41,266.61,249.3328,198900
2021-12-30,267.31,268.72,267.3,267.51,250.1745,162100
2021-12-31,267.56,268.52,266.3,266.42,249.1552,130400
2022-01-03,266.05,266.05,261.5,264.71,247.556,302200
2022-01-04,264.31,264.35,259.0,260.46,243.5814,512000
2022-01-05,260.69,262.29,256.85,257.28,240.6075,1072500
2022-01-06,256.0,257.26,253.5,254.04,237.5774,311100
2022-01-07,253.95,254.17,252.28,252.48,236.1185,301700
2022-01-10,251.76,255.19,250.13,255.19,238.6529,327200
2022-01-11,255.39,257.29,253.62,257.29,240.6168,254400
2022-01-12,256.31,256.69,254.87,255.83,239.2514,317600
2022-01-13,255.8,255.8,250.92,251.4,235.1085,272400
2022-01-14,250.38,251.35,247.95,251.22,234.9402,302700
2022-01-18,248.96,249.23,246.3,246.47,230.498,371200
2022-01-19,246.72,249.14,245.14,245.42,229.516,397200
2022-01-20,246.17,248.88,243.7,243.97,228.16,274800
2022-01-21,243.94,245.15,240.76,241.39,225.7471,466800
2022-01-24,238.22,241.45,232.27,241.11,225.4853,2026500
2022-01-25,238.48,241.18,235.6,238.85,223.3718,313800
2022-01-26,239.69,242.0,235.63,237.56,222.1653,1760700
2022-01-27,238.7,241.05,236.38,236.85,221.5014,328000
2022-01-28,236.92,242.38,235.43,242.28,226.5795,419100
2022-01-31,242.0,245.38,241.68,245.34,229.4412,188800
2022-02-01,245.9,246.53,243.95,246.28,230.3203,202900
2022-02-02,246.12,249.08,245.12,248.57,232.4619,307100
2022-02-03,248.11,248.33,246.51,246.89,230.8908,162700
2022-02-04,245.16,248.22,244.45,246.44,230.4699,161400
2022-02-07,246.5,247.87,245.75,246.28,230.3203,126600
2022-02-08,245.4,248.72,244.36,248.31,232.2187,244200
2022-02-09,249.77,251.62,249.72,251.3,235.015,156800
2022-02-10,248.29,250.98,246.11,247.37,231.3397,296500
2022-02-11,247.34,248.98,243.54,243.78,227.9823,182000
2022-02-14,243.33,243.99,239.81,241.33,225.6911,212700
2022-02-15,243.5,245.23,243.25,244.65,228.7959,177200
2022-02-16,243.39,245.2,242.31,244.52,228.6743,144800
2022-02-17,243.34,243.75,239.76,239.95,224.4005,178000
2022-02-18,239.98,241.09,237.13,238.05,222.6237,169300
2022-02-22,236.87,239.21,235.71,237.11,221.7445,286700
2022-02-23,238.31,239.0,235.12,235.27,220.0238,205900
2022-02-24,230.69,237.89,230.54,237.55,222.156,311000
2022-02-25,238.52,244.73,238.34,244.47,228.6276,225500
2022-02-28,241.29,243.24,240.39,242.94,227.1967,169700
2022-03-01,242.03,243.79,240.24,241.63,225.9716,174800
2022-03-02,243.05,246.44,242.78,245.32,229.4225,269200
2022-03-03,246.18,246.82,243.62,245.63,229.7124,155600
2022-03-04,243.17,246.15,242.38,246.05,230.1051,190100
2022-03-07,244.92,244.98,241.0,241.88,226.2054,219000
2022-03-08,240.34,242.74,237.22,237.22,221.8474,278000
2022-03-09,241.32,243.41,240.03,242.19,226.4954,178100
2022-03-10,239.75,242.35,238.88,241.97,226.2896,128200
2022-03-11,242.9,243.74,239.11,239.18,223.6803,167500
2022-03-14,240.47,243.57,239.0,239.67,224.1386,179300
2022-03-15,241.57,244.72,241.33,244.36,228.5247,180500
2022-03-16,245.85,248.4,243.88,248.34,232.2468,250600
2022-03-17,247.89,253.0,247.48,253.0,236.6048,136700
2022-03-18,252.5,255.07,252.08,254.92,238.4004,150600
2022-03-21,254.52,256.58,252.89,254.28,237.8019,400600
2022-03-22,254.3,255.29,253.66,254.79,238.2788,257700
2022-03-23,253.79,253.79,249.71,249.71,233.528,278300
2022-03-24,250.09,252.37,249.73,252.37,236.7,141600
2022-03-25,252.95,253.46,251.15,252.94,237.2346,156600
2022-03-28,253.25,254.89,252.23,254.89,239.0636,137400
2022-03-29,256.82,258.16,255.61,257.09,241.127,1394400
2022-03-30,257.24,258.5,256.0,257.2,241.2301,287100
2022-03-31,257.02,258.04,254.38,254.38,238.5852,393300
2022-04-01,255.56,257.64,254.4,257.64,241.6428,551200
2022-04-04,257.51,257.51,254.93,255.98,240.0859,378100
2022-04-05,255.25,258.96,255.18,255.8,239.9171,305700
2022-04-06,254.55,259.44,254.55,259.08,242.9934,193500
2022-04-07,258.39,264.1,258.33,263.49,247.1296,424400
2022-04-08,263.34,265.79,262.75,264.47,248.0487,750000
2022-04-11,263.65,264.21,258.6,258.96,242.8808,492200
2022-04-12,259.22,260.1,255.65,256.78,240.8362,365100
2022-04-13,256.78,258.82,255.89,258.66,242.5995,281500
2022-04-14,258.8,259.79,256.88,257.11,241.1457,173800
2022-04-18,256.44,257.01,252.52,253.58,237.8349,372900
2022-04-19,254.05,257.0,254.05,256.27,240.3578,142400
2022-04-20,256.88,260.55,256.5,259.35,243.2467,138900
2022-04-21,260.52,260.73,255.39,255.86,239.9733,160000
2022-04-22,253.89,253.89,246.47,246.8,231.4759,322500
2022-04-25,245.56,249.0,243.63,248.58,233.1453,216300
2022-04-26,247.18,247.71,243.21,243.21,228.1088,264200
2022-04-27,243.65,245.13,241.96,242.75,227.6773,1023800
2022-04-28,244.6,246.29,241.33,245.45,230.2097,233700
2022-04-29,243.38,245.0,239.08,239.48,224.6104,302000
2022-05-02,239.27,241.02,234.66,238.77,223.9444,339900
2022-05-03,239.36,241.48,238.58,239.38,224.5166,211700
2022-05-04,239.41,245.36,236.73,244.54,229.3562,560000
2022-05-05,243.5,243.5,236.66,239.0,224.1602,273100
2022-05-06,237.06,237.99,234.9,237.34,222.6033,229100
2022-05-09,234.47,234.92,229.03,230.04,215.7565,541200
2022-05-10,232.49,233.9,228.86,231.58,217.2009,4434100
2022-05-11,230.81,235.33,228.83,229.09,214.8655,334000
2022-05-12,228.35,231.66,228.0,231.56,217.1821,327000
2022-05-13,233.14,235.91,233.14,235.08,220.4836,220600
2022-05-16,234.84,238.25,234.84,236.56,221.8717,213900
2022-05-17,239.03,240.59,237.96,240.45,225.5201,187400
2022-05-18,238.55,239.08,233.21,233.9,219.3768,232800
2022-05-19,232.07,236.17,231.47,234.64,220.0709,156400
2022-05-20,236.47,238.03,232.69,237.47,222.7251,216200
2022-05-23,238.94,240.28,238.28,239.34,224.4791,326300
2022-05-24,238.57,239.76,236.67,239.32,224.4603,171600
2022-05-25,238.9,240.96,237.27,239.54,224.6666,210900
2022-05-26,240.31,241.76,239.42,240.88,225.9234,238600
2022-05-27,241.19,245.29,240.49,245.29,230.0596,167000
2022-05-31,243.37,243.37,240.09,241.78,226.7676,228300
2022-06-01,242.39,242.52,236.22,238.0,223.2223,284100
2022-06-02,238.58,240.81,234.6,240.75,225.8015,215600
2022-06-03,239.43,240.37,237.85,238.27,223.4755,241700
2022-06-06,239.89,240.15,237.27,237.97,223.1941,240700
2022-06-07,237.47,241.62,237.47,241.32,226.3361,148300
2022-06-08,240.43,241.85,239.0,239.62,224.7417,118700
2022-06-09,238.89,239.38,233.95,233.95,219.4238,134600
2022-06-10,231.14,232.02,229.16,229.93,215.6533,547700
2022-06-13,225.34,226.22,221.58,222.58,208.7597,1544100
2022-06-14,222.63,222.69,218.94,220.69,206.9871,442200
2022-06-15,221.95,225.5,219.53,223.15,209.2943,255600
2022-06-16,219.01,219.56,217.12,219.51,205.8803,396800
2022-06-17,219.58,223.09,219.58,220.21,206.5369,284400
2022-06-21,222.89,226.92,222.89,225.91,211.8829,232500
2022-06-22,224.2,231.57,224.2,229.21,214.9781,211500
2022-06-23,229.62,234.32,229.62,234.21,220.4109,426000
2022-06-24,236.22,238.19,234.56,238.19,224.1565,178000
2022-06-27,238.33,239.77,237.6,238.95,224.8716,291400
2022-06-28,239.66,240.36,234.03,234.64,220.8156,298400
2022-06-29,234.97,237.5,234.15,236.47,222.5378,466100
2022-06-30,234.55,236.8,233.17,235.5,221.6249,224100
2022-07-01,235.47,238.75,233.26,238.5,224.4482,192200
2022-07-05,236.29,238.16,232.93,238.15,224.1188,321500
2022-07-06,238.22,240.73,238.08,239.42,225.314,230900
2022-07-07,239.51,241.35,239.18,241.21,226.9985,154100
2022-07-08,240.4,244.14,240.0,242.0,227.7419,122700
2022-07-11,240.91,242.04,239.98,240.54,226.368,142600
2022-07-12,240.13,241.12,236.62,237.65,223.6482,118500
2022-07-13,235.0,237.57,234.84,235.82,221.9261,154300
2022-07-14,233.07,235.3,231.49,234.92,221.0791,277900
2022-07-15,238.31,240.44,237.07,240.3,226.1421,277500
2022-07-18,241.01,241.01,234.51,235.27,221.4085,206400
2022-07-19,237.53,240.0,236.89,239.6,225.4833,123200
2022-07-20,239.33,239.84,237.01,238.06,224.0341,146600
2022-07-21,238.35,241.62,238.01,241.62,227.3843,158000
2022-07-22,242.38,242.69,238.81,240.15,226.0009,253000
2022-07-25,240.53,241.48,239.82,241.26,227.0456,136000
2022-07-26,241.5,243.89,241.04,242.33,228.0525,239800
2022-07-27,242.61,245.35,241.43,244.39,229.9911,176300
2022-07-28,244.45,247.26,240.33,245.69,231.2145,241300
2022-07-29,244.75,245.18,242.96,244.79,230.3676,202600
2022-08-01,243.66,244.8,242.46,242.82,228.5137,306100
2022-08-02,242.97,245.55,242.45,242.63,228.3348,139800
2022-08-03,244.33,245.91,243.76,245.06,230.6217,190200
2022-08-04,245.65,245.87,243.97,244.51,230.104,288800
2022-08-05,242.8,245.06,242.0,244.84,230.4146,121700
2022-08-08,245.74,247.54,244.53,245.92,231.431,608300
2022-08-09,245.85,246.98,243.83,244.42,230.0194,135000
2022-08-10,247.07,247.81,245.92,247.63,233.0402,139100
2022-08-11,247.29,249.66,245.41,245.91,231.4216,162400
2022-08-12,246.46,249.13,246.33,249.05,234.3766,179800
2022-08-15,248.76,250.62,248.29,250.44,235.6847,235900
2022-08-16,249.85,250.16,248.31,249.22,234.5366,197400
2022-08-17,248.1,248.87,246.86,247.28,232.7108,203600
2022-08-18,247.57,247.61,244.82,246.19,231.6851,161600
2022-08-19,245.62,247.37,245.62,246.26,231.7509,122000
2022-08-22,244.73,245.5,242.23,242.96,228.6454,118100
2022-08-23,242.44,242.44,239.23,240.09,225.9445,301700
2022-08-24,240.25,241.91,239.89,240.91,226.7162,568300
2022-08-25,242.06,243.63,240.43,243.63,229.2759,132300
2022-08-26,243.63,243.63,236.21,236.39,222.4625,176100
2022-08-29,234.87,236.07,233.62,234.6,220.7779,218200
2022-08-30,235.33,235.33,232.26,232.75,219.0369,133300
2022-08-31,233.66,235.16,231.55,231.56,217.9171,157000
2022-09-01,230.92,234.89,230.37,234.79,220.9567,187000
2022-09-02,236.24,236.39,230.52,231.43,217.7947,126000
2022-09-06,232.34,234.03,230.68,231.25,217.6253,132600
2022-09-07,231.28,235.9,230.68,235.49,221.6155,138800
2022-09-08,234.8,239.96,234.53,239.96,225.8221,104200
2022-09-09,240.77,242.76,240.27,242.19,227.9208,93300
2022-09-12,243.2,244.75,242.53,243.71,229.3512,152900
2022-09-13,239.56,240.04,234.96,235.62,221.7378,223000
2022-09-14,236.17,237.33,234.23,235.86,221.9637,168000
2022-09-15,236.42,239.29,236.42,236.93,222.9707,133000
2022-09-16,235.91,236.12,233.92,235.8,221.9072,162200
2022-09-19,234.07,234.48,231.0,234.39,220.5803,127100
2022-09-20,233.07,233.37,230.43,231.87,218.2087,133500
2022-09-21,232.64,233.96,227.72,227.72,214.3033,122600
2022-09-22,227.35,229.53,226.02,227.9,214.4727,373200
2022-09-23,226.67,227.18,223.72,226.71,213.3528,210800
2022-09-26,225.31,226.46,223.45,224.34,211.1224,454200
2022-09-27,226.07,227.52,223.23,224.15,210.9436,323700
2022-09-28,226.07,229.54,225.19,228.55,215.875,224600
2022-09-29,227.53,227.53,224.86,226.34,213.7876,212100
2022-09-30,226.57,228.58,223.35,223.7,211.2941,193700
2022-10-03,225.41,228.85,224.33,227.88,215.2422,274500
2022-10-04,230.12,233.66,229.68,233.53,220.5789,521400
2022-10-05,231.91,235.17,231.02,234.03,221.0512,223200
2022-10-06,233.25,233.98,230.89,231.32,218.4915,188400
2022-10-07,229.61,229.61,224.76,226.04,213.5043,213600
2022-10-10,226.5,226.55,223.35,224.15,211.7191,257600
2022-10-11,224.12,227.75,222.92,225.39,212.8903,236100
2022-10-12,225.73,226.85,224.2,224.2,211.7663,309000
2022-10-13,221.05,230.35,220.5,229.33,216.6118,206300
2022-10-14,230.75,232.23,226.7,227.02,214.4299,279400
2022-10-17,228.91,231.74,228.59,231.32,218.4915,167800
2022-10-18,234.34,234.89,231.59,232.61,219.7099,176100
2022-10-19,232.2,232.2,226.88,228.84,216.149,141800
2022-10-20,228.2,230.18,226.63,226.91,214.326,130400
2022-10-21,226.75,232.27,225.27,231.81,218.9543,152800
2022-10-24,233.39,236.22,233.3,235.56,222.4963,245600
2022-10-25,235.26,238.38,235.14,238.03,224.8293,168100
2022-10-26,238.55,243.28,238.55,240.88,227.5213,472200
2022-10-27,241.46,241.46,239.02,239.31,226.0383,183700
2022-10-28,239.35,243.57,238.9,243.25,229.7598,245600
2022-10-31,242.35,244.15,241.67,243.03,229.552,879900
2022-11-01,243.67,244.55,240.88,243.22,229.7315,201400
2022-11-02,243.03,245.71,239.0,239.1,225.84,258600
2022-11-03,237.0,239.29,235.73,238.09,224.886,166000
2022-11-04,240.24,240.24,235.67,239.09,225.8305,214600
2022-11-07,239.39,241.93,238.79,241.4,228.0125,251000
2022-11-08,241.63,244.44,239.71,242.29,228.8531,211700
2022-11-09,241.87,243.34,239.18,239.48,226.1989,216300
2022-11-10,245.12,247.07,242.7,246.53,232.8579,305300
2022-11-11,246.14,246.26,241.63,244.4,230.846,429300
2022-11-14,244.83,247.22,244.06,244.06,230.5249,281200
2022-11-15,246.35,247.16,242.37,244.25,230.7044,282200
2022-11-16,244.63,246.12,243.13,243.45,229.9487,219800
2022-11-17,241.8,243.91,241.09,242.98,229.5048,174000
2022-11-18,244.85,246.29,244.28,245.84,232.2062,143100
2022-11-21,245.43,246.72,245.19,245.74,232.1118,130700
2022-11-22,246.44,248.0,246.0,247.92,234.1709,166100
2022-11-23,248.11,249.34,247.42,249.0,235.191,212100
2022-11-25,249.13,250.57,249.13,250.47,236.5794,171100
2022-11-28,249.29,251.12,247.8,248.35,234.577,143800
2022-11-29,247.96,248.28,246.67,247.76,234.0197,108600
2022-11-30,248.39,254.35,247.25,254.35,240.2443,170700
2022-12-01,255.39,256.15,253.63,255.24,241.0849,642900
2022-12-02,252.9,256.37,252.08,255.96,241.765,395300
2022-12-05,254.79,254.79,252.36,252.99,238.9597,337500
2022-12-06,252.82,253.08,249.36,250.54,236.6456,111900
2022-12-07,250.49,253.0,250.49,252.4,238.4024,223400
2022-12-08,253.19,255.18,252.25,254.91,240.7732,160000
2022-12-09,254.29,254.88,251.32,251.35,237.4106,114100
2022-12-12,251.88,254.36,251.88,254.22,240.1214,186600
2022-12-13,258.6,259.04,254.56,255.39,241.2265,183700
2022-12-14,255.44,257.91,253.73,255.81,241.6233,350300
2022-12-15,252.61,252.99,249.19,249.87,236.9203,241300
2022-12-16,248.18,248.36,245.24,246.62,233.8388,612400
2022-12-19,246.87,246.87,244.41,245.44,232.72,380200
2022-12-20,245.54,246.47,244.17,245.74,233.0044,193500
2022-12-21,247.03,249.79,246.34,248.89,235.9911,199400
2022-12-22,247.72,248.65,245.32,248.65,235.7636,210000
2022-12-23,248.22,248.55,246.6,248.36,235.4886,141400
2022-12-27,248.62,248.86,246.5,247.16,234.3508,171900
2022-12-28,247.89,249.03,245.68,245.8,233.0613,164500
2022-12-29,247.09,250.1,246.87,248.82,235.9248,528600
2022-12-30,247.6,248.16,245.44,248.05,235.1947,170300
2023-01-03,248.62,249.17,245.32,247.03,234.2275,236700
2023-01-04,248.21,249.2,246.47,248.11,235.2515,176600
2023-01-05,246.91,247.19,244.89,245.86,233.1182,162600
2023-01-06,247.31,248.58,244.25,247.93,235.0809,153600
2023-01-09,248.26,248.53,243.66,244.05,231.402,394200
2023-01-10,243.79,246.55,243.79,246.5,233.725,290100
2023-01-11,246.69,248.05,245.74,248.05,235.1947,214600
2023-01-12,248.0,248.57,244.9,247.93,235.0809,261900
2023-01-13,246.72,249.78,246.5,249.0,236.0954,320800
2023-01-17,248.93,249.36,247.66,248.02,235.1662,239200
2023-01-18,248.1,248.78,244.54,244.54,231.8666,373600
2023-01-19,243.61,245.98,243.61,244.89,232.1985,467400
2023-01-20,245.56,246.66,243.95,246.53,233.7534,210500
2023-01-23,246.82,248.64,246.03,247.52,234.6921,177300
2023-01-24,246.26,247.8,244.61,245.84,233.0992,158000
2023-01-25,244.41,246.16,243.64,246.16,233.4026,202100
2023-01-26,246.87,246.88,244.8,246.77,233.981,175200
2023-01-27,246.16,246.61,244.87,245.26,232.5493,147900
2023-01-30,244.89,246.08,242.53,242.74,230.1598,229700
2023-01-31,243.27,246.11,243.27,246.08,233.3268,179600
2023-02-01,246.0,248.99,244.36,247.53,234.7016,193600
2023-02-02,246.62,246.8,245.0,246.72,233.9336,299700
2023-02-03,246.63,247.4,244.92,245.65,232.9191,202600
2023-02-06,245.2,245.53,243.59,243.93,231.2882,125200
2023-02-07,243.0,246.16,242.16,245.48,232.7579,218800
2023-02-08,244.97,245.87,244.11,244.3,231.639,121200
2023-02-09,245.4,245.9,241.72,242.14,229.591,151000
2023-02-10,242.35,244.23,241.98,244.0,231.3546,161800
2023-02-13,243.96,245.96,243.87,245.88,233.1371,144400
2023-02-14,245.88,246.99,243.37,244.68,231.9993,163900
2023-02-15,243.85,244.33,243.0,243.98,231.3356,187800
2023-02-16,242.06,243.95,241.33,241.66,229.1359,131300
2023-02-17,240.96,244.25,240.55,244.1,231.4494,120400
2023-02-21,242.11,242.77,239.84,239.97,227.5334,231200
2023-02-22,240.41,241.0,239.0,239.47,227.0593,116100
2023-02-23,239.77,241.27,238.35,240.12,227.6756,156300
2023-02-24,238.43,238.43,236.35,236.94,224.6605,132200
2023-02-27,238.25,239.06,235.91,236.39,224.139,150800
2023-02-28,236.04,236.08,234.76,234.76,222.5934,244700
2023-03-01,234.08,235.35,233.78,234.8,222.6314,198500
2023-03-02,234.0,236.79,233.75,236.1,223.864,154100
2023-03-03,237.18,239.12,236.29,239.12,226.7274,174100
2023-03-06,239.06,239.51,237.77,238.26,225.912,159400
2023-03-07,238.83,238.93,234.36,234.63,222.4702,166900
2023-03-08,234.62,234.64,232.49,233.26,221.1712,140100
2023-03-09,233.97,234.39,229.75,230.54,218.5921,280200
2023-03-10,230.45,231.28,227.13,228.23,216.4018,738900
2023-03-13,227.5,233.41,227.5,230.45,218.5068,494000
2023-03-14,232.49,233.61,230.65,233.05,220.9721,162000
2023-03-15,230.5,232.69,229.84,232.46,220.4126,206900
2023-03-16,231.22,235.0,230.24,234.96,222.7831,206800
2023-03-17,234.13,234.19,230.97,231.53,219.5309,154100
2023-03-20,232.23,234.69,232.23,234.36,222.2142,182800
2023-03-21,235.31,236.28,234.21,236.01,223.7786,214200
2023-03-22,236.17,236.7,232.17,232.2,220.1661,179600
2023-03-23,233.37,234.64,230.45,231.81,219.7963,137300
2023-03-24,230.5,234.24,229.72,233.88,222.4875,145000
2023-03-27,235.3,236.6,234.97,235.09,223.6386,124600
2023-03-28,235.03,235.66,233.17,233.72,222.3353,127300
2023-03-29,235.44,235.44,233.68,234.68,223.2485,198800
2023-03-30,235.8,235.8,234.18,235.7,224.2189,181400
2023-03-31,236.32,238.48,236.31,238.46,226.8444,105700
2023-04-03,238.73,240.89,238.21,240.78,229.0514,200100
2023-04-04,241.0,241.96,240.16,240.64,228.9182,455900
2023-04-05,241.99,244.63,241.63,244.36,232.457,349700
2023-04-06,244.72,245.66,244.12,245.09,233.1515,167400
2023-04-10,244.61,245.04,243.2,245.02,233.0849,123700
2023-04-11,245.23,246.89,245.23,245.96,233.9791,285600
2023-04-12,246.88,247.78,245.45,245.8,233.8269,219800
2023-04-13,246.91,249.51,246.64,249.3,237.1564,136600
2023-04-14,248.7,249.2,246.26,247.16,235.1206,130900
2023-04-17,247.48,247.75,246.33,247.51,235.4536,105100
2023-04-18,248.11,248.11,245.54,245.99,234.0076,98400
2023-04-19,245.88,247.0,245.25,246.78,234.7591,118900
2023-04-20,245.66,246.02,244.7,245.63,233.6651,159900
2023-04-21,246.76,248.11,246.38,247.55,235.4917,104300
2023-04-24,247.59,248.73,247.25,248.66,236.5475,134100
2023-04-25,248.23,249.11,245.55,245.65,233.6842,113800
2023-04-26,244.21,244.21,241.06,242.45,230.6401,113100
2023-04-27,242.75,243.93,240.52,243.53,231.6675,135100
2023-04-28,243.34,246.39,243.29,245.74,233.7698,114200
2023-05-01,245.99,248.11,245.85,247.29,235.2443,148800
2023-05-02,246.86,247.78,244.02,245.58,233.6176,159400
2023-05-03,246.73,248.35,245.51,245.87,233.8935,109400
2023-05-04,244.83,244.83,243.01,244.04,232.1526,390900
2023-05-05,245.37,247.32,245.16,246.6,234.5879,175900
2023-05-08,246.13,246.13,244.87,245.85,233.8745,450100
2023-05-09,245.0,245.92,244.29,244.44,232.5331,102300
2023-05-10,245.43,245.97,243.92,245.34,233.3893,146600
2023-05-11,244.87,245.0,243.18,244.44,232.5331,145800
2023-05-12,244.82,245.23,242.93,243.83,231.9529,115900
2023-05-15,244.11,244.31,243.12,244.06,232.1716,185700
2023-05-16,243.05,243.05,241.37,241.37,229.6127,114300
2023-05-17,242.01,242.12,239.39,241.86,230.0788,186300
2023-05-18,241.3,241.62,239.44,241.42,229.6602,194800
2023-05-19,241.81,244.02,241.81,242.37,230.5639,118100
2023-05-22,242.99,244.39,242.37,242.99,231.1538,160100
2023-05-23,242.16,242.63,239.92,240.28,228.5758,107100
2023-05-24,239.56,239.57,237.95,238.49,226.873,123100
2023-05-25,237.76,237.76,234.38,235.84,224.3521,211000
2023-05-26,235.98,237.91,235.17,235.71,224.2284,137300
2023-05-30,234.73,236.25,233.63,234.11,222.7063,171900
2023-05-31,233.62,236.35,232.85,235.86,224.3711,177700
2023-06-01,236.26,238.29,234.51,237.78,226.1975,188300
2023-06-02,239.05,241.36,238.57,241.14,229.3939,225500
2023-06-05,241.26,242.5,241.26,241.77,229.9932,159500
2023-06-06,242.26,242.6,239.38,240.28,228.5758,141300
2023-06-07,240.02,240.63,239.21,239.45,227.7862,165500
2023-06-08,239.24,241.1,238.76,240.71,228.9848,107200
2023-06-09,240.77,242.0,239.65,240.89,229.1561,106100
2023-06-12,241.36,242.27,240.44,242.16,230.3642,155200
2023-06-13,241.84,244.07,241.84,243.69,231.8197,174700
2023-06-14,242.71,243.0,240.2,241.21,229.4605,224200
2023-06-15,241.22,245.15,241.2,244.79,232.8661,175200
2023-06-16,245.94,246.59,244.36,244.53,232.6187,105500
2023-06-20,242.59,245.28,242.2,244.44,232.5331,127200
2023-06-21,243.79,244.97,242.77,244.26,232.3619,128600
2023-06-22,244.4,246.1,244.31,245.67,233.7032,128300
2023-06-23,244.91,245.57,244.45,244.53,232.6187,231100
2023-06-26,244.32,244.32,241.2,242.95,231.1157,96600
2023-06-27,243.08,243.13,240.89,242.52,230.7067,116900
2023-06-28,242.45,242.55,241.26,242.04,230.25,321100
2023-06-29,240.9,242.91,240.13,242.65,231.6697,187100
2023-06-30,243.6,245.56,243.6,244.82,233.7415,173900
2023-07-03,243.97,243.97,242.05,242.93,231.9371,97100
2023-07-05,242.58,243.22,242.0,242.71,231.7271,216800
2023-07-06,241.12,241.57,239.93,240.54,229.6552,184100
2023-07-07,239.44,240.27,238.07,238.23,227.4498,187800
2023-07-10,238.23,240.66,238.23,240.63,229.7411,169900
2023-07-11,240.31,241.17,239.62,240.7,229.808,109600
2023-07-12,241.39,241.63,239.96,240.25,229.3784,132200
2023-07-13,241.0,241.5,240.2,240.37,229.4929,420900
2023-07-14,242.0,244.3,241.89,243.68,232.6531,666500
2023-07-17,243.08,243.38,241.96,242.64,231.6602,833500
2023-07-18,242.75,245.12,242.42,244.2,233.1496,194900
2023-07-19,245.23,246.99,245.14,245.19,234.0948,428900
2023-07-20,246.33,249.33,246.33,248.33,237.0927,172200
2023-07-21,248.79,251.5,248.56,250.77,239.4223,193300
2023-07-24,250.92,251.49,249.75,249.96,238.649,189000
2023-07-25,248.41,250.85,248.13,249.73,238.4294,112400
2023-07-26,248.41,250.58,248.21,249.68,238.3816,123200
2023-07-27,250.14,251.0,247.71,247.88,236.6631,227300
2023-07-28,248.87,249.34,247.62,248.88,237.6178,153500
2023-07-31,248.61,248.61,246.49,247.34,236.1475,239500
2023-08-01,246.85,247.41,245.39,245.93,234.8013,118200
2023-08-02,245.48,247.03,245.01,245.6,234.4863,117400
2023-08-03,244.87,244.87,244.0,244.09,233.0446,195600
2023-08-04,244.36,245.71,243.05,243.54,232.5195,193500
2023-08-07,243.96,245.82,243.96,245.57,234.4576,136900
2023-08-08,246.99,247.5,245.63,247.3,236.1094,192200
2023-08-09,247.36,248.44,246.81,247.12,235.9375,615200
2023-08-10,247.89,249.98,246.73,246.94,235.7656,183600
2023-08-11,246.73,248.66,246.55,248.34,237.1023,278600
2023-08-14,248.17,249.51,247.95,248.99,237.7229,133300
2023-08-15,248.21,249.07,247.88,248.06,236.8349,191100
2023-08-16,247.58,248.42,246.0,246.04,234.9064,163100
2023-08-17,245.25,245.95,243.8,243.88,232.8441,297700
2023-08-18,243.12,244.58,243.12,244.04,232.9969,125100
2023-08-21,243.85,244.72,243.35,244.42,233.3596,124100
2023-08-22,244.05,244.76,243.54,243.73,232.7009,306800
2023-08-23,245.02,245.74,244.02,244.4,233.3406,143100
2023-08-24,244.19,245.74,242.38,242.52,231.5456,163800
2023-08-25,242.96,245.0,242.23,244.27,233.2164,497000
2023-08-28,244.94,245.9,243.9,244.72,233.646,243500
2023-08-29,245.04,247.0,244.95,246.94,235.7656,130200
2023-08-30,247.39,248.33,246.91,247.06,235.8802,188800
2023-08-31,247.28,247.44,244.44,244.44,233.3788,253600
2023-09-01,246.16,246.6,244.91,245.26,234.1616,203800
2023-09-05,245.32,245.46,242.74,242.83,231.8416,176900
2023-09-06,242.69,242.83,240.5,241.46,230.5336,204800
2023-09-07,242.05,243.09,241.75,242.13,231.1733,133000
2023-09-08,241.98,242.7,241.54,241.9,230.9537,145600
2023-09-11,242.21,244.11,241.89,243.78,232.7486,125500
2023-09-12,243.03,244.0,242.01,243.13,232.1281,125600
2023-09-13,242.9,244.2,242.7,243.3,232.2903,116700
2023-09-14,244.42,244.58,243.27,243.62,232.5959,114400
2023-09-15,243.37,244.09,241.65,241.88,230.9346,129900
2023-09-18,242.02,242.15,240.4,241.05,230.1421,222300
2023-09-19,240.88,241.67,239.81,241.2,230.2854,99100
2023-09-20,241.95,242.82,240.98,240.98,230.0753,96700
2023-09-21,240.29,240.45,238.53,238.53,227.7362,118500
2023-09-22,238.72,239.47,237.93,238.05,227.2779,139600
2023-09-25,237.86,239.23,237.12,239.12,228.2995,125400
2023-09-26,238.38,239.12,237.27,237.48,226.7337,178500
2023-09-27,237.95,238.28,234.75,236.52,225.8171,264400
2023-09-28,235.99,237.37,235.99,236.68,226.8109,186000
2023-09-29,237.37,237.37,234.7,235.1,225.2968,156800
2023-10-02,234.57,234.57,231.82,234.28,224.511,306100
2023-10-03,233.14,233.53,231.26,232.1,222.4219,341300
2023-10-04,232.16,233.14,231.05,232.72,223.016,258700
2023-10-05,232.9,234.52,232.16,234.22,224.4535,236900
2023-10-06,233.56,237.4,233.49,236.57,226.7055,156700
2023-10-09,235.59,237.42,234.83,237.19,227.2996,94000
2023-10-10,237.21,239.59,236.53,238.63,228.6796,145700
2023-10-11,239.0,239.0,236.23,237.26,227.3667,113300
2023-10-12,237.45,237.76,234.51,234.62,224.8368,143700
2023-10-13,235.42,237.1,234.78,236.04,226.1976,104200
2023-10-16,236.95,239.25,236.74,237.88,227.9609,152200
2023-10-17,237.03,239.3,237.03,237.87,227.9513,97300
2023-10-18,238.09,238.48,235.19,235.44,225.6226,106000
2023-10-19,235.45,235.45,231.92,233.0,223.2844,165900
2023-10-20,232.46,233.82,232.1,232.1,222.4219,131000
2023-10-23,231.74,232.51,230.39,230.48,220.8694,155700
2023-10-24,230.0,232.05,229.9,231.53,221.8757,235300
2023-10-25,230.53,230.76,227.6,229.08,219.5278,163100
2023-10-26,227.64,228.88,226.78,227.02,217.5537,285200
2023-10-27,226.56,226.69,222.27,223.1,213.7972,1284600
2023-10-30,224.48,225.02,222.61,224.27,214.9184,432600
2023-10-31,224.69,225.96,223.92,225.8,216.3846,131900
2023-11-01,225.42,227.16,224.88,226.31,216.8733,161100
2023-11-02,227.43,229.92,226.84,229.8,220.2178,225500
2023-11-03,231.29,232.8,231.07,231.46,221.8086,142400
2023-11-06,232.4,232.95,231.53,232.55,222.8531,147000
2023-11-07,232.45,233.53,232.02,232.97,223.2556,167200
2023-11-08,233.79,233.79,231.03,232.12,222.441,168400
2023-11-09,231.95,231.95,226.89,227.07,217.6016,613900
2023-11-10,228.01,228.68,225.38,228.28,218.7612,221300
2023-11-13,228.42,230.16,227.15,229.78,220.1986,290500
2023-11-14,231.46,233.62,231.18,232.41,222.719,337100
2023-11-15,232.25,233.89,232.25,232.67,222.9681,227900
2023-11-16,233.13,234.0,232.22,233.3,223.5719,171600
2023-11-17,233.91,234.11,232.53,233.14,223.4185,134200
2023-11-20,232.33,235.13,232.25,234.61,224.8272,206500
2023-11-21,235.34,236.3,235.11,235.81,225.9772,305800
2023-11-22,236.56,237.62,236.4,236.99,227.108,125300
2023-11-24,237.26,238.4,237.26,238.2,228.2675,119100
2023-11-27,237.69,238.33,236.37,236.88,227.0026,331300
2023-11-28,236.28,236.88,235.48,235.53,225.7089,168600
2023-11-29,235.39,237.18,235.39,235.75,225.9197,136200
2023-11-30,236.14,238.75,235.5,238.6,228.6508,131700
2023-12-01,238.23,240.33,238.03,240.15,230.1362,182600
2023-12-04,239.68,241.27,239.58,240.92,230.8741,204900
2023-12-05,240.38,240.74,239.04,240.43,230.4045,138900
2023-12-06,240.86,241.58,240.43,240.75,230.7112,122400
2023-12-07,240.68,241.0,239.36,240.53,230.5004,127600
2023-12-08,240.69,241.39,239.54,240.81,230.7687,141700
2023-12-11,241.71,242.51,240.77,242.12,232.024,189400
2023-12-12,242.7,243.98,241.41,243.6,233.4424,571500
2023-12-13,242.8,248.6,242.49,248.57,238.2051,238600
2023-12-14,249.83,250.0,247.14,248.07,237.726,304300
2023-12-15,247.24,247.25,245.17,245.75,235.5027,235900
2023-12-18,246.66,247.16,245.63,246.09,235.8285,224500
2023-12-19,245.73,247.54,245.55,247.46,238.007,460100
2023-12-20,247.14,247.33,243.34,243.34,234.0444,235700
2023-12-21,245.04,246.88,244.85,246.67,237.2472,194800
2023-12-22,247.32,249.12,247.32,248.38,238.8918,171200
2023-12-26,248.37,249.85,248.1,249.24,239.719,183300
2023-12-27,249.12,250.56,249.12,250.48,240.9116,171000
2023-12-28,250.41,251.88,250.41,251.09,241.4983,183500
2023-12-29,250.86,251.61,249.98,250.7,241.1232,153400
2024-01-02,249.7,255.22,249.7,254.58,244.855,236600
2024-01-03,255.12,255.42,253.23,253.63,243.9413,280200
2024-01-04,254.23,256.07,254.0,254.84,245.1051,460200
2024-01-05,254.22,255.5,253.07,254.65,244.9223,200200
2024-01-08,254.65,257.53,254.0,257.46,247.625,263200
2024-01-09,257.12,259.57,256.54,257.55,247.7116,199800
2024-01-10,257.63,258.67,256.4,258.36,248.4906,174600
2024-01-11,258.1,258.29,256.32,257.84,247.9905,154300
2024-01-12,257.33,258.81,256.79,257.2,247.3749,123000
2024-01-16,256.48,256.86,255.33,255.77,245.9996,167600
2024-01-17,255.04,256.18,254.25,254.89,245.1532,139300
2024-01-18,253.15,255.16,251.91,254.99,245.2494,367300
2024-01-19,255.32,255.76,253.59,255.27,245.5187,145200
2024-01-22,255.48,257.32,255.01,256.58,246.7786,212900
2024-01-23,256.41,256.75,254.92,256.37,246.5766,147100
2024-01-24,257.22,257.9,254.06,254.06,244.3549,209400
2024-01-25,253.54,254.06,251.62,253.8,244.1048,197000
2024-01-26,255.39,255.85,254.86,255.0,245.259,133900
2024-01-29,255.31,257.3,254.96,257.15,247.3268,182600
2024-01-30,257.42,258.06,256.27,257.24,247.4134,471900
2024-01-31,259.0,259.29,256.64,256.64,246.8363,644100
2024-02-01,256.98,260.0,255.9,260.0,250.068,191900
2024-02-02,259.65,260.7,258.24,259.49,249.5775,217700
2024-02-05,260.02,261.38,258.88,260.06,250.1257,164200
2024-02-06,261.74,263.29,260.79,263.15,253.0976,142400
2024-02-07,263.7,264.79,263.16,263.51,253.4439,139500
2024-02-08,263.27,263.47,262.18,263.45,253.3862,113900
2024-02-09,263.52,263.85,262.71,263.45,253.3862,113100
2024-02-12,263.13,264.32,262.29,264.25,254.1556,432500
2024-02-13,262.39,263.82,259.79,261.35,251.3664,161300
2024-02-14,262.28,263.86,261.94,263.86,253.7805,126900
2024-02-15,264.11,266.35,264.07,265.99,255.8292,100400
2024-02-16,266.06,268.58,265.39,266.66,256.4735,116300
2024-02-20,266.66,267.41,264.96,265.47,255.329,192000
2024-02-21,264.71,266.06,263.83,266.06,255.8965,113900
2024-02-22,266.77,269.6,266.02,269.14,258.8589,123900
2024-02-23,269.92,271.0,269.46,270.43,260.0995,579900
2024-02-26,270.08,271.01,269.05,269.29,259.0031,345500
2024-02-27,268.83,270.21,267.96,269.62,259.3205,143600
2024-02-28,268.59,268.59,267.0,267.97,257.7335,219300
2024-02-29,268.51,268.68,265.41,265.41,255.2713,193000
2024-03-01,266.28,268.61,265.32,268.5,258.2433,161500
2024-03-04,268.42,268.81,267.3,267.92,257.6854,171200
2024-03-05,267.81,268.5,265.14,265.76,255.6079,157300
2024-03-06,266.74,268.6,266.74,267.59,257.368,113400
2024-03-07,268.31,269.64,268.12,269.01,258.7338,151700
2024-03-08,269.35,270.0,268.41,268.53,258.2721,101600
2024-03-11,267.94,268.6,266.5,267.97,257.7335,141100
2024-03-12,268.2,269.5,267.3,269.0,258.7242,121200
2024-03-13,269.72,270.21,267.22,268.03,257.7912,118300
2024-03-14,268.26,268.29,265.15,266.7,256.5121,128700
2024-03-15,265.51,266.38,264.93,265.84,255.6849,508100
2024-03-18,266.73,267.04,265.53,265.63,255.4829,132900
2024-03-19,265.74,267.77,265.28,267.57,257.3488,118700
2024-03-20,267.07,267.42,265.56,267.26,257.0507,118800
2024-03-21,267.99,268.73,267.42,267.61,257.3873,137700
2024-03-22,267.06,267.65,266.04,266.16,256.7785,146000
2024-03-25,266.53,267.1,265.47,265.69,256.3251,105800
2024-03-26,266.52,267.2,265.99,266.9,257.4924,112400
2024-03-27,269.11,270.55,268.54,270.54,261.0042,171700
2024-03-28,270.98,271.53,270.52,270.52,260.9848,125000
2024-04-01,270.65,270.65,267.25,268.18,258.7273,128400
2024-04-02,264.86,264.86,262.6,263.75,254.4534,299000
2024-04-03,264.0,265.34,263.15,263.78,254.4824,128800
2024-04-04,265.26,265.5,259.91,260.22,251.0479,134400
2024-04-05,259.97,263.28,259.54,262.38,253.1318,198400
2024-04-08,262.38,262.38,261.33,261.72,252.495,106700
2024-04-09,262.57,263.05,261.19,262.95,253.6817,140400
2024-04-10,260.0,260.68,258.79,259.74,250.5848,144000
2024-04-11,260.57,260.57,258.0,258.62,249.5043,230400
2024-04-12,257.45,257.62,253.89,254.77,245.79,418000
2024-04-15,256.75,257.58,253.28,253.59,244.6516,265900
2024-04-16,255.4,255.4,253.59,253.81,244.8638,343400
2024-04-17,255.0,255.41,252.84,253.13,244.2078,130900
2024-04-18,253.17,254.33,252.46,252.83,243.9184,132400
2024-04-19,253.72,254.28,252.45,253.33,244.4007,140500
2024-04-22,254.14,256.5,253.51,254.53,245.5584,115700
2024-04-23,256.58,258.62,255.93,257.82,248.7325,96900
2024-04-24,257.89,257.89,256.11,257.26,248.1922,139300
2024-04-25,256.6,257.07,253.83,255.24,246.2434,123900
2024-04-26,254.47,256.07,254.36,255.32,246.3206,124700
2024-04-29,255.78,257.25,255.39,256.54,247.4976,94500
2024-04-30,257.19,257.84,256.04,256.04,247.0152,122600
2024-05-01,255.28,259.72,255.01,257.28,248.2115,168000
2024-05-02,258.56,258.93,255.67,257.14,248.0764,100800
2024-05-03,258.89,258.9,256.95,258.02,248.9254,86500
2024-05-06,258.97,259.2,257.84,259.16,250.0253,107700
2024-05-07,259.76,261.36,259.74,261.06,251.8582,115500
2024-05-08,261.17,261.43,259.55,259.75,250.5945,177100
2024-05-09,260.06,262.14,260.06,262.05,252.8133,114200
2024-05-10,262.51,263.25,262.04,262.19,252.9484,392600
2024-05-13,262.89,263.26,261.82,262.17,252.9292,130600
2024-05-14,262.43,263.56,261.85,263.28,254.0,78500
2024-05-15,264.66,267.5,264.66,267.23,257.8108,108700
2024-05-16,267.04,267.5,266.2,266.99,257.5792,136300
2024-05-17,266.97,267.21,265.83,267.11,257.695,124800
2024-05-20,267.05,267.33,266.09,266.85,257.4442,195400
2024-05-21,267.02,268.15,266.36,266.91,257.5021,93400
2024-05-22,266.29,268.39,266.21,267.39,257.9651,111300
2024-05-23,267.2,267.2,263.99,264.4,255.0805,147300
2024-05-24,264.61,265.49,263.36,263.51,254.2219,122400
2024-05-28,263.4,263.4,259.65,260.66,251.4723,277400
2024-05-29,258.44,259.1,257.6,258.51,249.3982,132300
2024-05-30,257.74,259.86,257.31,258.91,249.7841,163500
2024-05-31,259.62,262.45,259.41,262.45,253.1993,135900
2024-06-03,262.38,265.04,262.04,264.03,254.7236,117700
2024-06-04,264.18,265.42,263.0,264.84,255.505,133800
2024-06-05,265.19,266.55,264.07,266.34,256.9521,94900
2024-06-06,266.05,267.45,265.28,266.89,257.4828,158100
2024-06-07,266.43,268.42,266.32,266.87,257.4635,118000
2024-06-10,266.53,268.06,265.57,268.06,258.6115,111200
2024-06-11,267.7,267.77,265.79,267.01,257.5985,103000
2024-06-12,268.67,268.67,266.26,266.75,257.3477,96900
2024-06-13,266.01,266.77,264.48,266.38,256.9908,116700
2024-06-14,265.67,266.1,264.61,265.99,256.6145,122400
2024-06-17,265.08,266.03,264.45,265.61,256.2479,123800
2024-06-18,265.78,266.69,265.28,265.63,256.2672,189400
2024-06-20,265.0,266.85,264.52,266.6,257.203,141600
2024-06-21,267.37,268.11,266.76,267.63,258.1967,150100
2024-06-24,268.85,270.51,268.37,269.37,259.8754,149100
2024-06-25,269.66,270.25,268.23,268.65,259.1808,179200
2024-06-26,268.33,268.47,267.39,267.69,258.2545,103900
2024-06-27,267.86,268.0,265.97,267.43,258.0038,158900
2024-06-28,267.37,268.26,264.95,266.0,257.5545,99200
2024-07-01,266.79,269.23,264.33,264.75,256.3441,230500
2024-07-02,264.16,264.16,262.54,263.76,255.3856,234400
2024-07-03,264.05,264.06,261.04,261.88,253.5653,96500
2024-07-05,262.2,263.98,260.97,263.92,255.5405,108500
2024-07-08,264.28,265.07,263.12,263.64,255.2694,162400
2024-07-09,264.29,265.15,262.95,264.96,256.5475,99400
2024-07-10,265.47,267.58,264.93,267.55,259.0553,110300
2024-07-11,267.65,270.72,267.65,270.15,261.5727,144500
2024-07-12,271.5,273.0,271.15,272.12,263.4802,171600
2024-07-15,273.05,273.27,270.91,271.29,262.6765,116100
2024-07-16,273.04,275.73,272.73,275.73,266.9756,156800
2024-07-17,273.64,277.66,273.64,276.2,267.4306,134000
2024-07-18,274.71,276.38,269.23,269.53,260.9724,207000
2024-07-19,271.13,272.16,269.99,270.9,262.2989,78700
2024-07-22,272.24,273.0,270.92,272.74,264.0805,243300
2024-07-23,273.95,274.08,272.69,272.9,264.2354,223700
2024-07-24,272.99,275.4,272.34,274.75,266.0267,149900
2024-07-25,274.01,278.07,273.55,273.55,264.8647,130700
2024-07-26,274.14,277.41,274.07,275.43,266.6851,163900
2024-07-29,275.43,276.44,274.47,275.47,266.7238,174900
2024-07-30,275.77,277.56,274.0,275.74,266.9852,197900
2024-07-31,275.63,276.6,273.81,274.68,265.9589,233800
2024-08-01,276.13,277.58,274.66,277.21,268.4085,253700
2024-08-02,276.67,277.42,272.05,275.91,267.1498,523800
2024-08-05,270.02,271.42,267.27,268.95,260.4109,361600
2024-08-06,270.09,273.5,269.0,270.13,261.5534,205800
2024-08-07,270.63,271.39,266.46,267.29,258.8035,146100
2024-08-08,271.32,273.49,270.34,273.24,264.5646,117500
2024-08-09,273.77,275.27,273.38,274.47,265.7556,109400
2024-08-12,275.24,275.24,272.83,273.51,264.826,89500
2024-08-13,274.54,277.21,274.4,276.79,268.0019,97900
2024-08-14,276.85,277.84,276.33,277.41,268.6022,106400
2024-08-15,279.0,279.81,277.91,279.78,270.8969,144900
2024-08-16,279.52,280.4,278.76,279.94,271.0519,78100
2024-08-19,280.0,282.17,279.95,282.15,273.1917,97500
2024-08-20,282.75,284.32,282.38,282.89,273.9082,311400
2024-08-21,283.78,284.33,282.62,283.94,274.9249,83900
2024-08-22,284.68,285.0,282.34,283.58,274.5763,199700
2024-08-23,284.26,285.43,283.85,285.4,276.3385,73100
2024-08-26,285.78,286.33,284.81,284.96,275.9125,109900
2024-08-27,285.15,285.89,284.28,285.5,276.4354,84800
2024-08-28,285.1,286.74,284.24,285.41,276.3482,75000
2024-08-29,286.67,287.79,285.21,286.47,277.3745,92300
2024-08-30,286.7,288.26,285.07,288.1,278.9529,130700
2024-09-03,287.62,289.14,286.08,286.95,277.8393,208500
2024-09-04,286.6,287.56,285.16,286.49,277.3939,90900
2024-09-05,286.43,286.43,281.74,282.84,273.8598,99400
2024-09-06,283.71,284.92,280.73,281.39,272.4558,242900
2024-09-09,282.06,284.43,281.47,283.34,274.3439,107700
2024-09-10,283.69,284.64,282.5,284.5,275.4671,116700
2024-09-11,283.6,284.29,279.73,283.82,274.8087,188000
2024-09-12,284.24,285.34,281.43,285.26,276.2029,181300
2024-09-13,285.42,286.95,285.36,286.14,277.055,93100
2024-09-16,287.58,288.68,287.0,287.86,278.7204,101000
2024-09-17,287.86,287.86,284.26,285.36,276.2998,80100
2024-09-18,285.32,287.74,283.87,284.83,275.7866,169600
2024-09-19,287.69,287.69,285.74,286.45,277.3552,124900
2024-09-20,285.7,286.25,284.55,285.07,276.019,115600
2024-09-23,285.66,285.85,283.68,284.1,275.0798,225200
2024-09-24,283.98,283.98,282.51,283.4,274.402,106600
2024-09-25,284.16,284.29,280.46,280.59,271.6812,230800
2024-09-26,280.76,281.81,280.38,281.65,272.7076,110400
2024-09-27,281.0,282.42,280.29,280.29,272.5199,154000
2024-09-30,280.3,282.25,279.68,282.2,274.377,149300
2024-10-01,282.54,282.54,279.18,280.36,272.588,245300
2024-10-02,280.12,280.74,277.89,280.09,272.3255,149100
2024-10-03,279.27,279.27,277.0,277.34,269.6517,135000
2024-10-04,277.85,278.36,276.4,277.81,270.1087,122500
2024-10-07,277.89,278.32,275.75,276.36,268.6989,93100
2024-10-08,276.99,278.1,276.95,277.83,270.1281,114000
2024-10-09,278.17,280.39,277.37,280.21,272.4421,174500
2024-10-10,280.21,280.21,278.47,279.27,271.5282,239000
2024-10-11,279.97,281.88,279.86,281.76,273.9492,151100
2024-10-14,282.02,283.73,281.14,283.3,275.4465,107000
2024-10-15,280.08,282.83,280.0,280.48,272.7047,162000
2024-10-16,280.37,282.04,279.58,281.56,273.7547,167500
2024-10-17,280.76,280.98,279.64,279.9,272.1407,134800
2024-10-18,279.95,281.89,279.33,281.33,273.5311,78700
2024-10-21,280.48,280.99,277.63,277.92,270.2157,106700
2024-10-22,276.43,277.8,276.25,277.45,269.7586,84400
2024-10-23,276.56,276.92,274.38,275.72,268.0766,137600
2024-10-24,275.92,276.95,274.05,274.05,266.4529,108900
2024-10-25,275.04,275.07,272.37,272.64,265.082,133800
2024-10-28,273.43,274.61,273.21,273.37,265.7918,80300
2024-10-29,273.17,274.2,272.8,272.8,265.2376,102200
2024-10-30,269.11,272.65,268.34,272.37,264.8195,227800
2024-10-31,270.82,271.6,269.68,269.68,262.204,113200
2024-11-01,271.28,272.79,270.9,271.72,264.1875,182300
2024-11-04,271.01,272.19,269.86,270.31,262.8166,119000
2024-11-05,269.6,272.6,268.88,272.6,265.0431,111900
2024-11-06,277.45,277.45,271.93,273.56,265.9765,413500
2024-11-07,274.87,275.77,273.95,275.36,267.7266,152100
2024-11-08,275.8,278.61,275.57,277.47,269.7781,137900
2024-11-11,277.22,278.33,275.86,276.16,268.5044,159400
2024-11-12,275.46,276.24,272.13,272.15,264.6056,477300
2024-11-13,272.35,273.18,271.04,271.29,263.7694,155200
2024-11-14,270.79,270.87,266.39,266.57,259.1803,306700
2024-11-15,265.14,265.29,260.63,260.77,253.5411,694700
2024-11-18,260.18,261.15,259.83,260.78,253.5508,311100
2024-11-19,258.57,260.68,257.82,260.25,253.0355,455100
2024-11-20,260.78,263.3,260.1,263.01,255.719,308800
2024-11-21,263.16,265.78,261.93,265.37,258.0135,256700
2024-11-22,266.03,266.98,265.54,265.83,258.4607,258500
2024-11-25,267.28,269.33,267.28,268.46,261.0179,250400
2024-11-26,269.17,270.14,267.22,269.92,262.4374,179300
2024-11-27,270.3,272.6,270.3,271.38,263.857,177400
2024-11-29,271.6,272.79,271.33,272.24,264.6931,76400
2024-12-02,272.16,272.16,270.41,271.65,264.1194,252900
2024-12-03,271.6,271.97,270.65,270.65,263.1472,247700
2024-12-04,271.3,272.4,270.2,270.98,263.468,146000
2024-12-05,270.24,270.24,267.44,267.86,260.4345,214600
2024-12-06,268.5,268.74,266.7,266.95,259.5498,172500
2024-12-09,267.26,268.33,266.68,267.43,260.0164,158600
2024-12-10,268.22,268.22,265.74,266.36,258.9761,186100
2024-12-11,265.91,265.95,263.17,263.3,256.0009,233700
2024-12-12,263.02,263.83,260.67,260.71,253.4827,310500
2024-12-13,260.46,261.14,259.14,260.43,253.2105,346900
2024-12-16,260.36,261.85,257.96,258.19,251.0326,445400
2024-12-17,256.99,259.68,256.87,257.92,250.7701,533400
2024-12-18,256.87,258.08,252.36,252.56,246.4367,325900
2024-12-19,252.29,253.41,250.07,250.81,244.7292,1137100
2024-12-20,252.52,256.22,251.94,253.89,247.7345,457100
2024-12-23,254.3,256.47,253.04,256.19,249.9787,479500
2024-12-24,255.86,257.06,254.9,257.03,250.7984,261300
2024-12-26,256.22,257.91,256.03,257.87,251.618,249700
2024-12-27,256.41,258.13,255.14,256.38,250.1641,318600
2024-12-30,254.8,254.8,252.14,253.18,247.0417,413400
2024-12-31,253.69,254.9,252.34,253.69,247.5393,419300
2025-01-02,254.98,256.04,253.19,254.06,247.9003,406900
2025-01-03,254.62,257.34,254.34,256.58,250.3593,293100
2025-01-06,256.61,258.79,256.09,256.69,250.4666,264200
2025-01-07,257.45,260.45,257.39,258.14,251.8815,364200
2025-01-08,258.33,259.75,256.24,259.37,253.0816,232600
2025-01-10,257.81,259.6,256.97,257.48,251.2375,359500
2025-01-13,257.67,261.21,257.43,260.65,254.3306,401600
2025-01-14,260.67,260.67,255.9,257.85,251.5985,353800
2025-01-15,259.15,260.34,257.64,259.08,252.7987,495300
2025-01-16,258.28,260.49,257.25,260.17,253.8622,226900
2025-01-17,259.94,260.55,258.53,258.53,252.262,241000
2025-01-21,260.06,263.21,260.06,263.21,256.8285,517100
2025-01-22,261.93,263.68,260.96,262.79,256.4187,305300
2025-01-23,263.07,266.22,261.92,265.99,259.5411,450900
2025-01-24,265.1,267.12,264.99,266.44,259.9802,521600
2025-01-27,267.19,271.95,267.19,271.8,265.2102,412700
2025-01-28,271.94,272.5,270.27,270.43,263.8735,348800
2025-01-29,269.52,270.53,268.08,268.95,262.4294,234200
2025-01-30,269.97,272.79,269.97,271.78,265.1908,214500
2025-01-31,272.56,274.18,270.77,270.77,264.2052,359000
2025-02-03,268.68,272.73,268.36,271.38,264.8005,375000
2025-02-04,268.85,271.26,268.83,270.85,264.2833,248600
2025-02-05,271.48,274.19,271.48,273.83,267.191,215200
2025-02-06,273.53,273.77,270.85,271.35,264.7712,222300
2025-02-07,271.5,272.5,269.36,269.41,262.8782,221000
2025-02-10,269.95,269.95,267.69,268.96,262.4391,234200
2025-02-11,268.29,268.79,267.33,268.16,261.6585,161500
2025-02-12,267.28,269.07,266.89,267.94,261.4438,318900
2025-02-13,268.51,269.7,266.92,269.25,262.7221,132400
2025-02-14,269.54,269.88,266.65,266.69,260.2242,178800
2025-02-18,265.5,267.11,265.5,266.44,259.9802,237300
2025-02-19,266.1,269.62,266.1,269.62,263.0831,230500
2025-02-20,269.16,270.87,269.16,270.87,264.3028,196400
2025-02-21,267.99,270.02,267.99,268.78,262.2635,264900
2025-02-24,269.05,271.73,268.29,270.28,263.7271,240500
2025-02-25,270.62,272.3,269.44,272.04,265.4445,273500
2025-02-26,271.28,272.34,269.56,270.45,263.893,203300
2025-02-27,269.91,272.1,268.61,268.69,262.1757,241600
2025-02-28,268.85,272.1,267.35,271.85,265.2591,184400
2025-03-03,271.99,273.72,270.88,271.8,265.2102,217500
2025-03-04,271.75,272.36,269.23,269.56,263.0246,265500
2025-03-05,268.46,272.78,268.36,272.37,265.7664,227400
2025-03-06,270.97,272.32,269.23,271.42,264.8395,228600
2025-03-07,270.41,273.34,269.78,271.55,264.9663,232300
2025-03-10,269.34,272.1,267.4,268.27,261.7658,247000
2025-03-11,268.27,268.63,263.98,265.74,259.2972,216000
2025-03-12,265.56,265.84,262.59,263.44,257.0529,193300
2025-03-13,263.54,264.0,260.94,261.62,255.2771,150100
2025-03-14,261.95,264.28,261.4,264.06,257.6579,114700
2025-03-17,263.62,268.12,263.62,267.37,260.8876,114800
2025-03-18,267.48,267.48,265.96,267.13,260.6535,102700
2025-03-19,267.47,268.34,265.63,267.6,261.1121,208600
2025-03-20,267.52,269.0,266.77,267.62,261.1316,110600
2025-03-21,266.58,267.58,265.51,266.94,260.4681,129000
2025-03-24,268.21,269.86,267.67,269.37,262.8392,102300
2025-03-25,269.39,269.39,263.48,265.03,259.51,181800
2025-03-26,265.27,265.91,263.09,263.67,258.1783,171700
2025-03-27,263.55,264.9,263.18,264.15,258.6483,138600
2025-03-28,264.06,264.38,262.65,262.9,257.4243,256300
2025-03-31,261.16,266.0,260.23,264.73,259.2162,179600
2025-04-01,263.81,264.36,259.17,259.93,254.5162,184300
2025-04-02,258.85,262.27,258.08,261.92,256.4648,152300
2025-04-03,261.1,262.59,259.07,259.09,253.6937,318300
2025-04-04,255.15,255.63,244.87,244.93,239.8286,611100
2025-04-07,238.1,249.04,234.41,243.59,238.5165,1384600
2025-04-08,252.0,252.3,237.17,240.57,235.5594,400600
2025-04-09,235.0,252.34,234.11,251.76,246.5164,804200
2025-04-10,248.97,249.1,237.46,244.31,239.2215,506400
2025-04-11,244.43,249.12,241.94,248.11,242.9424,226700
2025-04-14,250.83,252.08,248.44,251.42,246.1835,185200
2025-04-15,251.76,251.88,248.94,249.89,244.6853,157000
2025-04-16,250.04,250.86,245.91,247.16,242.0122,241900
2025-04-17,245.25,247.75,245.11,246.13,241.0036,259800
2025-04-21,245.06,245.44,239.11,240.75,235.7357,373900
2025-04-22,242.61,245.76,242.22,245.35,240.2399,297100
2025-04-23,248.49,251.17,246.35,246.87,241.7282,242100
2025-04-24,247.63,250.7,246.49,250.44,245.2239,104000
2025-04-25,250.55,251.63,247.68,251.47,246.2324,145700
2025-04-28,251.96,253.18,250.37,252.47,247.2116,163600
2025-04-29,252.24,255.33,251.06,254.01,248.7195,335600
2025-04-30,254.35,256.64,252.19,255.89,250.5604,157400
2025-05-01,253.6,253.6,249.46,249.69,244.4895,215200
2025-05-02,253.42,254.15,251.65,253.23,247.9557,241300
2025-05-05,252.66,253.51,251.77,252.46,247.2018,197900
2025-05-06,250.66,250.66,244.8,245.25,240.142,432600
2025-05-07,246.1,247.89,245.44,247.13,241.9828,237300
2025-05-08,245.76,247.69,244.44,245.42,240.3084,286100
2025-05-09,245.96,246.64,242.57,242.7,237.6451,336100
2025-05-12,243.28,249.2,243.1,248.86,243.6768,404300
2025-05-13,245.64,245.64,241.92,241.92,236.8813,562400
2025-05-14,242.4,243.1,236.6,236.71,231.7798,826100
2025-05-15,236.12,239.77,234.13,239.77,234.7761,810400
2025-05-16,240.15,244.52,239.57,244.47,239.3782,319900
2025-05-19,243.9,246.62,243.5,246.51,241.3757,443000
2025-05-20,246.67,248.0,246.08,247.39,242.2374,195600
2025-05-21,245.33,246.12,241.33,241.33,236.3036,274900
2025-05-22,239.7,240.93,238.69,239.58,234.59,242000
2025-05-23,238.2,239.67,237.79,239.13,234.1494,268600
2025-05-27,241.3,242.99,240.96,242.52,237.4688,212000
2025-05-28,242.32,243.18,240.64,241.13,236.1078,271900
2025-05-29,241.92,243.92,241.48,243.32,238.2522,283400
2025-05-30,242.65,244.88,240.35,243.75,238.6732,227100
2025-06-02,243.19,244.28,241.0,244.28,239.1922,361200
2025-06-03,243.72,245.95,242.46,245.02,239.9168,299700
2025-06-04,245.72,247.5,245.49,245.49,240.377,238600
2025-06-05,246.02,246.78,244.23,245.35,240.2399,225300
2025-06-06,246.55,248.51,246.55,247.67,242.5116,218700
2025-06-09,247.79,248.49,245.96,247.35,242.1982,547500
2025-06-10,247.67,250.9,247.67,250.22,245.0085,605300
2025-06-11,250.1,251.76,249.38,250.0,244.793,307400
2025-06-12,249.99,251.58,249.49,251.57,246.3303,208500
2025-06-13,249.56,252.36,249.45,250.27,245.0574,534700
2025-06-16,250.88,251.54,248.28,249.63,244.4307,262000
2025-06-17,248.21,249.1,245.41,245.67,240.5532,337200
2025-06-18,245.8,247.05,244.22,245.45,240.3378,310700
2025-06-20,246.18,246.51,243.96,244.29,239.2019,257600
2025-06-23,244.25,245.4,242.21,244.53,239.437,309300
2025-06-24,245.41,248.28,244.49,247.79,242.629,224100
2025-06-25,247.33,248.49,245.97,247.71,242.5507,274100
2025-06-26,247.38,249.01,246.55,247.3,243.0933,263400
2025-06-27,247.65,249.16,246.45,246.96,242.7591,257500
2025-06-30,247.16,248.73,246.93,248.34,244.1156,266800
2025-07-01,248.02,253.28,247.91,251.27,246.9958,268700
2025-07-02,250.39,250.86,249.29,249.59,245.3444,291600
2025-07-03,249.98,250.27,249.04,249.97,245.7179,132000
2025-07-07,249.34,249.4,246.16,247.49,243.2801,393100
2025-07-08,247.31,250.79,246.91,248.62,244.3909,321200
2025-07-09,249.11,250.71,248.16,250.28,246.0226,292000
2025-07-10,250.1,253.7,249.34,251.66,247.3792,188200
2025-07-11,250.74,250.74,247.99,249.12,244.8824,224500
2025-07-14,248.23,249.72,248.09,249.32,245.079,225800
2025-07-15,250.15,250.28,244.5,244.58,240.4196,305300
2025-07-16,245.79,247.91,245.79,247.58,243.3686,242500
2025-07-17,246.42,246.8,244.61,245.21,241.0389,309600
2025-07-18,246.0,246.01,243.1,243.33,239.1909,311900
2025-07-21,243.61,244.39,241.91,241.95,237.8344,301900
2025-07-22,242.76,246.88,242.76,246.37,242.1792,353700
2025-07-23,249.04,251.47,248.71,251.4,247.1236,339100
2025-07-24,250.86,252.38,249.92,250.14,245.885,222100
2025-07-25,250.99,251.8,250.14,251.51,247.2317,174100
2025-07-28,251.21,251.46,248.94,249.41,245.1674,240500
2025-07-29,247.47,249.09,245.76,247.72,243.5062,252800
2025-07-30,248.45,249.53,246.58,247.54,243.3292,376600
2025-07-31,245.83,247.32,240.68,241.48,237.3723,394900
2025-08-01,241.11,242.81,240.2,242.41,238.2865,375100
2025-08-04,242.89,246.01,242.78,245.95,241.7663,254200
2025-08-05,245.05,246.0,244.29,245.19,241.0192,283200
2025-08-06,244.08,244.08,241.18,241.6,237.4903,310700
2025-08-07,240.33,241.0,237.23,239.12,235.0525,660800
2025-08-08,239.99,241.56,239.6,241.16,237.0578,286300
2025-08-11,241.28,243.0,241.12,241.35,237.2446,320600
2025-08-12,241.68,243.56,241.2,243.45,239.3088,848100
2025-08-13,244.51,247.85,244.47,247.64,243.4276,382100
2025-08-14,246.85,248.95,245.94,248.61,244.3811,260800
2025-08-15,251.25,253.21,250.67,252.54,248.2442,303500
2025-08-18,252.93,254.28,251.96,252.03,247.7429,285200
2025-08-19,252.0,254.26,251.78,253.21,248.9028,259200
2025-08-20,253.5,255.44,253.5,254.63,250.2986,219000
2025-08-21,253.97,256.36,253.73,254.08,249.758,206400
2025-08-22,255.51,257.73,255.51,256.46,252.0975,380000
2025-08-25,256.17,256.55,252.51,252.63,248.3327,222800
2025-08-26,253.24,254.55,253.06,254.31,249.9841,181100
2025-08-27,254.34,255.57,253.93,254.42,250.0922,154400
2025-08-28,254.32,254.32,252.45,253.56,249.2469,163100
2025-08-29,253.55,255.08,253.55,255.08,250.741,159700
2025-09-02,254.19,256.15,253.96,255.65,251.3013,277400
2025-09-03,255.02,256.47,253.47,254.73,250.3969,220800
2025-09-04,254.56,255.74,253.44,255.72,251.3701,206100
2025-09-05,255.72,257.6,255.71,257.0,252.6283,194400
2025-09-08,256.5,256.87,254.25,256.73,252.3629,224800
2025-09-09,257.18,258.67,256.56,258.21,253.8177,182300
2025-09-10,257.65,257.65,254.73,255.59,251.2423,177500
2025-09-11,256.51,260.53,256.37,259.95,255.5282,216900
2025-09-12,259.18,259.77,256.92,256.92,252.5497,161400
2025-09-15,257.23,257.61,254.36,254.71,250.3773,563900
2025-09-16,254.56,255.55,254.1,254.81,250.4756,211500
2025-09-17,255.4,257.66,254.58,255.26,250.9179,308200
2025-09-18,255.5,256.9,255.47,256.58,252.2155,211600
2025-09-19,257.14,257.14,255.85,255.85,251.4979,186700
2025-09-22,255.31,257.15,254.63,256.13,251.7731,239400
2025-09-23,255.49,257.5,255.49,256.45,252.0877,190200
2025-09-24,255.37,255.67,254.01,254.39,251.1173,212300
2025-09-25,253.82,253.82,249.57,250.29,247.0701,362900
2025-09-26,251.89,253.3,251.24,253.2,249.9426,368300
2025-09-29,253.52,254.09,251.9,253.95,250.683,237400
2025-09-30,253.68,260.01,253.68,259.6,256.2603,335100
2025-10-01,260.86,267.25,260.42,266.69,263.2591,369000
2025-10-02,264.75,266.81,264.75,266.54,263.111,389100
2025-10-03,267.3,271.86,267.3,269.57,266.1021,494200
2025-10-06,269.77,270.0,268.19,268.47,265.0162,720800
2025-10-07,268.47,269.0,267.16,268.56,265.105,152400
2025-10-08,269.18,270.15,268.33,269.31,265.8454,129200
2025-10-09,269.99,270.84,268.54,269.0,265.5394,127400
2025-10-10,269.86,269.86,264.41,264.73,261.3243,135400
2025-10-13,264.63,266.31,264.14,264.7,261.2947,176700
2025-10-14,263.49,266.46,263.0,265.41,261.9956,135500
2025-10-15,265.09,267.61,264.35,266.48,263.0518,124400
2025-10-16,267.32,268.81,265.43,266.17,262.7458,230300
2025-10-17,264.93,267.87,264.73,267.5,264.0587,184700
2025-10-20,268.46,271.16,268.46,270.68,267.1978,122500
2025-10-21,271.2,272.18,269.85,271.0,267.5137,337600
2025-10-22,272.53,273.32,271.57,271.96,268.4613,237300
2025-10-23,271.53,273.02,271.14,272.45,268.945,159600
2025-10-24,273.05,273.92,272.53,272.65,269.1424,109800
2025-10-27,272.84,273.88,271.86,273.77,270.248,142000
2025-10-28,274.0,274.0,271.6,271.96,268.4613,273800
2025-10-29,271.56,272.28,268.67,269.57,266.1021,205700
2025-10-30,269.19,272.03,269.05,269.91,266.4377,260100
2025-10-31,268.19,270.74,267.65,270.38,266.9016,178900
2025-11-03,269.77,270.6,266.96,270.13,266.6548,235700
2025-11-04,268.59,272.13,268.4,270.8,267.3162,193800
2025-11-05,270.17,273.23,269.78,272.16,268.6588,249200
2025-11-06,271.44,272.68,270.61,272.22,268.718,167100
2025-11-07,271.83,272.67,269.78,272.67,269.1622,147500
2025-11-10,272.05,275.07,272.05,274.79,271.2549,165300
2025-11-11,275.27,281.32,275.27,281.28,277.6614,213800
2025-11-12,281.49,285.19,281.26,284.5,280.84,239700
2025-11-13,283.48,287.05,282.57,283.75,280.0996,310500
2025-11-14,282.29,284.39,280.95,282.54,278.9052,234700
2025-11-17,281.72,285.31,281.34,282.25,278.6189,586900
2025-11-18,282.22,285.01,281.66,283.9,280.2477,314400
2025-11-19,283.64,284.32,282.12,283.56,279.9121,225300
2025-11-20,284.18,285.96,281.5,281.77,278.1451,420800
2025-11-21,282.39,289.75,282.17,287.78,284.0778,383500
2025-11-24,288.83,291.03,288.07,289.89,286.1607,247600
2025-11-25,290.81,296.21,290.81,296.03,292.2216,410700
2025-11-26,295.58,296.51,295.28,295.79,291.9847,218700
2025-11-28,295.63,295.63,293.69,294.53,290.741,239200
2025-12-01,293.38,294.6,289.97,290.22,286.4864,475800
2025-12-02,290.2,290.52,288.09,288.3,284.5911,306600
2025-12-03,288.83,290.78,288.83,289.94,286.21,215500
2025-12-04,289.8,289.9,287.5,288.33,284.6207,338400
2025-12-05,289.18,289.51,286.75,287.2,283.5053,194900
2025-12-08,287.59,287.79,283.72,284.05,280.3958,188700
2025-12-09,284.9,286.04,281.0,281.11,277.4936,277500
2025-12-10,281.95,284.96,281.06,284.75,281.0868,356400
2025-12-11,285.7,288.36,285.0,287.29,283.5941,209600
2025-12-12,287.56,288.84,286.8,287.9,284.1962,211300
2025-12-15,288.79,291.41,288.65,291.12,287.3748,287100
2025-12-16,290.85,290.96,285.89,287.72,284.0185,314900
2025-12-17,286.08,287.33,285.05,285.2,283.1696,189200
2025-12-18,285.08,287.52,284.75,285.08,283.0505,216400
2025-12-19,285.17,288.84,285.17,287.45,285.4036,384300
2025-12-22,287.55,289.91,286.9,289.79,287.727,293000
2025-12-23,288.77,290.29,288.35,289.02,286.9624,145900
2025-12-24,289.23,290.71,289.23,290.45,288.3823,156300
2025-12-26,290.45,290.79,289.53,290.7,288.6305,148900
2025-12-29,290.49,291.35,289.75,289.99,287.9255,1292400
2025-12-30,289.72,290.16,288.57,289.46,287.3993,158000
2025-12-31,289.06,289.46,287.72,287.85,285.8008,129700
2026-01-02,288.07,288.92,285.73,288.75,286.6944,230100
2026-01-05,287.05,288.57,284.38,288.32,286.2675,299200
2026-01-06,288.54,294.32,288.54,293.91,291.8176,468100
2026-01-07,295.0,298.61,294.87,297.26,295.1438,311300
2026-01-08,296.51,298.43,293.14,294.29,292.1949,225100
2026-01-09,294.99,295.86,292.85,292.97,290.8843,378500
2026-01-12,292.66,293.0,290.0,292.57,290.4872,227800
2026-01-13,293.04,293.04,289.4,291.37,289.2957,207600
2026-01-14,291.36,293.64,290.93,293.52,291.4304,182900
2026-01-15,292.67,293.2,289.35,291.96,289.8815,198800
2026-01-16,291.62,292.0,289.7,289.71,287.6475,173600
2026-01-20,286.33,290.02,284.84,289.36,287.3,253100
2026-01-21,289.12,294.77,289.12,294.37,292.2744,257300
2026-01-22,293.92,296.59,293.32,294.94,292.8403,218800
2026-01-23,294.47,295.0,291.55,292.73,290.646,272900
2026-01-26,292.46,294.24,291.33,293.87,291.7779,261700
2026-01-27,290.09,292.27,288.9,289.51,287.449,344700
2026-01-28,288.01,288.93,285.81,286.84,284.798,224200
2026-01-29,286.61,287.57,285.44,286.08,284.0434,181500
2026-01-30,286.67,287.78,284.77,287.28,285.2348,171800
2026-02-02,286.23,289.43,286.23,289.01,286.9525,213200
2026-02-03,287.66,291.66,285.66,286.34,284.3015,321200
2026-02-04,287.83,290.05,286.31,288.85,286.7937,396300
2026-02-05,287.65,290.55,285.71,285.92,283.8846,189300
2026-02-06,288.36,291.45,288.36,291.2,289.127,124500
2026-02-09,290.98,291.89,288.31,288.95,286.893,224500
2026-02-10,289.49,290.33,287.34,287.56,285.5128,177800
2026-02-11,287.31,289.04,285.59,288.78,286.7242,231600
2026-02-12,288.86,290.33,287.14,287.81,285.761,189600
2026-02-13,288.75,292.77,288.34,290.39,288.3227,176600
2026-02-17,290.6,292.95,290.0,290.6,288.5312,197800
2026-02-18,290.42,291.6,289.25,291.42,289.3454,186700
2026-02-19,290.53,291.11,288.81,290.87,288.7993,423800
2026-02-20,290.23,290.49,288.23,289.9,287.8362,208800
2026-02-23,290.6,293.19,290.3,292.72,290.6361,295400
2026-02-24,292.0,292.84,290.77,291.93,289.8517,233100
2026-02-25,292.12,294.5,291.55,291.88,289.8021,345500
2026-02-26,292.02,292.06,288.55,291.42,289.3454,237200
2026-02-27,289.82,295.64,289.81,295.51,293.4062,154400
2026-03-02,293.39,294.47,291.62,292.69,290.6063,273700
2026-03-03,289.05,290.57,285.85,289.44,287.3795,247100
2026-03-04,289.53,291.13,287.55,290.24,288.1737,224700
2026-03-05,287.17,287.47,282.33,284.57,282.5441,218900
2026-03-06,282.34,282.63,279.19,282.15,280.1414,271000
2026-03-09,280.45,285.83,279.39,285.32,283.2888,158300
2026-03-10,285.58,286.05,282.94,283.48,281.4619,146900
2026-03-11,283.07,283.44,281.23,282.75,280.7371,154100
2026-03-12,281.13,281.6,277.0,277.21,275.2365,287900
2026-03-13,278.7,281.0,276.31,276.67,274.7004,174500
2026-03-16,278.08,280.34,278.0,278.96,276.9741,211000
2026-03-17,279.81,280.73,276.98,277.13,275.1571,179600
2026-03-18,275.81,275.81,272.39,272.57,270.6296,276900
2026-03-19,272.12,274.0,271.08,271.9,269.9643,168400
2026-03-20,271.5,272.25,267.94,269.03,267.1147,232100
2026-03-23,272.35,272.71,269.21,269.45,267.5318,226200
2026-03-24,267.05,269.17,265.73,268.25,267.3265,240200
2026-03-25,270.31,272.09,269.79,271.52,270.5852,138200
2026-03-26,270.01,272.66,269.78,270.42,269.489,266200
2026-03-27,270.08,270.42,264.97,265.36,264.4464,180100
2026-03-30,267.12,267.8,265.62,266.36,265.443,124800
2026-03-31,268.28,272.68,268.28,272.33,271.3924,120300
2026-04-01,274.1,276.37,273.36,274.5,273.555,353000
2026-04-02,272.22,275.71,271.65,273.07,272.1299,109200
2026-04-06,272.4,273.72,271.29,272.11,271.1732,276700
2026-04-07,273.01,273.26,269.59,272.82,271.8807,173000
2026-04-08,276.59,278.23,275.13,278.2,277.2422,134300
2026-04-09,276.85,279.17,275.9,277.65,276.6941,117400
2026-04-10,278.55,278.55,273.35,273.78,272.8374,89600
2026-04-13,273.32,275.91,272.49,275.89,274.9402,306200
2026-04-14,275.37,279.23,275.08,277.9,276.9432,130100
2026-04-15,278.21,278.91,274.87,276.41,275.4584,109800
2026-04-16,275.61,277.12,273.71,274.29,273.3457,138800
2026-04-17,275.77,279.09,275.77,278.45,277.4914,142900
2026-04-20,277.84,278.26,275.79,276.28,275.3288,129300
2026-04-21,277.69,277.69,273.25,273.33,272.389,186000
2026-04-22,274.5,276.27,273.43,274.07,273.1264,182900
2026-04-23,273.7,274.58,270.9,273.01,272.0701,259200
2026-04-24,271.59,271.92,268.71,269.89,268.9608,283000
2026-04-27,269.06,271.87,268.7,268.78,267.8546,242400
2026-04-28,270.55,271.06,268.04,268.82,267.8945,164800
2026-04-29,266.59,267.63,265.44,266.8,265.8815,157300
2026-04-30,268.35,272.92,268.34,272.46,271.522,174300
2026-05-01,273.39,273.71,271.3,271.31,270.3759,396100
2026-05-04,270.27,272.0,269.82,271.34,270.4058,152200
2026-05-05,272.04,272.81,270.87,272.17,271.233,163900
2026-05-06,272.61,274.08,271.9,273.1,272.1598,160000
2026-05-07,272.37,273.7,270.17,271.09,270.1567,171900
2026-05-08,271.14,271.83,268.39,268.98,268.054,211400
2026-05-11,269.19,271.8,267.33,267.95,267.0275,261000
2026-05-12,268.74,274.02,268.16,272.93,271.9904,342300
2026-05-13,271.99,274.82,271.42,274.41,273.4653,211000
2026-05-14,274.73,275.49,272.99,274.1,273.1563,166400
2026-05-15,274.0,274.75,270.39,270.62,269.6883,133500
2026-05-18,270.01,272.05,269.27,271.42,270.4856,131000
2026-05-19,271.35,275.29,269.75,274.04,273.0966,193000
2026-05-20,274.55,275.85,273.1,274.77,273.824,122900
2026-05-21,274.24,276.95,272.24,276.54,275.588,106100
2026-05-22,278.0,280.3,277.99,279.27,278.3085,239200
2026-05-26,279.51,280.22,276.96,277.31,276.3553,315600
2026-05-27,277.25,280.38,277.0,277.88,276.9233,221700
2026-05-28,278.49,282.31,278.03,281.77,280.7999,224200
2026-05-29,281.68,281.85,279.13,279.61,278.6473,250000
2026-06-01,277.82,278.21,275.28,276.33,275.3787,254900
2026-06-02,274.36,274.81,271.41,272.98,272.0402,265800
2026-06-03,272.44,276.06,272.3,275.27,274.3223,202400
2026-06-04,279.78,284.6,279.78,283.38,282.4044,257700
2026-06-05,285.19,287.34,283.98,284.13,283.1518,408500
2026-06-08,284.31,286.5,282.95,283.32,282.3446,399700
2026-06-09,285.09,288.05,284.77,287.39,286.4006,350000
2026-06-10,287.78,288.33,284.08,284.14,283.1618,251000
2026-06-11,285.0,288.7,284.17,286.8,285.8126,211800
2026-06-12,288.3,288.45,285.75,286.46,285.4738,164900
2026-06-15,286.95,286.95,283.4,285.62,284.6367,227000
2026-06-16,286.05,286.72,283.33,285.22,284.2381,163000
2026-06-17,284.26,285.59,280.73,281.99,281.0192,321200
2026-06-18,283.19,283.21,279.08,280.41,279.4446,253100
2026-06-22,281.59,283.86,281.01,283.02,282.0456,225400
2026-06-23,285.13,287.07,284.61,286.69,285.703,207500
2026-06-24,287.22,290.6,287.22,288.73,288.73,323400
2026-06-25,290.0,296.15,289.55,293.03,293.03,494000
2026-06-26,294.05,301.77,294.0,301.43,301.43,782900
2026-06-29,302.02,302.73,300.64,302.43,302.43,247900
2026-06-30,302.84,302.98,297.78,299.01,299.01,220600
2026-07-01,300.62,301.56,298.93,300.84,300.84,347800
2026-07-02,302.4,308.5,302.24,308.41,308.41,509500
2026-07-06,307.38,307.92,302.45,305.8,305.8,242300
2026-07-07,310.29,311.67,309.33,310.29,310.29,248700
2026-07-08,308.44,308.8,306.09,306.41,306.41,211700
2026-07-09,306.0,308.84,305.15,306.54,306.54,256800
2026-07-10,307.22,307.4,302.26,303.46,303.46,425000
2026-07-13,303.51,305.14,302.0,303.59,303.59,164400
2026-07-14,301.56,301.56,297.45,298.59,298.59,249800
2026-07-15,297.12,300.48,296.91,299.01,299.01,282900
2026-07-16,301.97,306.1,301.55,304.15,304.15,317300
2026-07-17,303.19,307.6,302.76,303.25,303.25,208200
2026-07-20,303.12,303.84,299.41,299.49,299.49,186000
2026-07-21,297.08,301.92,296.39,301.92,301.92,230800
2026-07-22,302.71,302.96,299.15,299.8,299.8,283200
2026-07-23,300.21,303.68,299.71,303.31,303.31,130200
2026-07-24,305.07,306.5,303.83,305.07,305.07,183400
2026-07-27,306.3,308.82,304.82,306.67,306.67,184700
2026-07-28,310.33,314.9,310.33,313.23,313.23,203300
2026-07-29,312.67,314.42,310.56,311.32,311.32,204400
2026-07-30,306.44,307.43,303.91,307.15,307.15,338300
2026-07-31,305.38,306.08,301.51,304.81,304.81,234800
2026-08-03,305.91,308.04,303.06,304.52,304.52,294600
2026-08-04,304.57,305.3,302.5,304.99,304.99,228400
2026-08-05,307.38,310.41,305.86,308.54,308.54,222300
2026-08-06,311.66,313.49,306.59,309.02,309.02,124700
2026-08-07,309.28,312.22,307.09,312.12,312.12,116900
2026-08-10,312.0,316.85,311.45,316.72,316.72,206500
2026-08-11,316.1,318.85,315.27,315.71,315.71,171800
2026-08-12,313.81,317.43,312.0,316.68,316.68,128900
2026-08-13,318.64,319.0,315.42,316.22,316.22,203600
2026-08-14,315.04,315.23,312.66,314.7,314.7,146300
2026-08-17,312.98,315.6,312.0,314.34,314.34,151000
2026-08-18,316.48,319.97,316.34,318.84,318.84,214600
2026-08-19,323.52,330.75,323.52,329.48,329.48,275900
2026-08-20,326.81,328.51,323.52,323.69,323.69,265700
2026-08-21,323.08,329.18,322.69,327.7,327.7,297300
2026-08-24,327.67,327.86,325.1,327.49,327.49,232800
2026-08-25,327.4,329.85,326.64,329.01,329.01,187000
2026-08-26,327.22,328.09,325.83,326.27,326.27,279700
2026-08-27,323.89,325.47,322.74,322.93,322.93,177000
2026-08-28,322.84,322.84,320.29,320.96,320.96,180600
2026-08-31,319.3,320.67,317.21,319.96,319.96,205700
2026-09-01,323.08,324.79,320.54,321.59,321.59,178400
2026-09-02,322.96,327.03,322.86,324.47,324.47,234200
2026-09-03,326.02,326.52,321.44,324.8,324.8,197500
2026-09-04,321.98,323.47,321.2,321.66,321.66,186300
2026-09-08,316.63,317.02,313.99,314.61,314.61,205000
2026-09-09,314.92,314.92,312.93,313.3,313.3,194300
2026-09-10,312.91,313.91,311.05,311.27,311.27,173200
2026-09-11,313.23,314.07,310.3,310.74,310.74,160600
2026-09-14,314.78,316.52,313.5,315.02,315.02,169100
2026-09-15,314.94,315.2,312.03,314.56,314.56,216100
2026-09-16,314.89,316.74,313.85,314.66,314.66,171300
2026-09-17,316.53,317.58,315.55,317.03,317.03,199500
2026-09-18,316.13,317.3,315.01,315.85,315.85,234200
2026-09-21,315.61,318.93,314.67,317.99,317.99,272100
2026-09-22,318.23,321.4181,316.3806,320.2,320.2,143936
2026-09-23,319.43,320.99,315.255,316.18,316.18,182043
